0 228-7725-000 Pneumatic Pump sub 1
0 Name: s/228-7725-000s1.dat
0 Author: 
0 !LDRAW_ORG Subpart
0 !LICENSE Redistributable under CCAL version 2.0 : see CAreadme.txt

0 BFC CERTIFY CCW

0 // Created with stl2dat conversion tool

3 16 73.65824 35.45701 -36.56007 66.12382 35.45701 -44.09449 73.03452 35.45701 -35.53471
2 24 66.12382 35.45701 -44.09449 73.65824 35.45701 -36.56007
2 24 73.65824 35.45701 -36.56007 73.03452 35.45701 -35.53471
4 16 73.03452 35.45701 -35.53471 66.12382 35.45701 -44.09449 61.87617 35.45701 -44.09449 72.57524 35.45701 -34.42591
2 24 61.87617 35.45701 -44.09449 66.12382 35.45701 -44.09449
2 24 73.03452 35.45701 -35.53471 72.57524 35.45701 -34.42591
4 16 72.57524 35.45701 -34.42591 61.87617 35.45701 -44.09449 54.34176 35.45701 -36.56007 54.96548 35.45701 -35.53471
2 24 54.34176 35.45701 -36.56007 61.87617 35.45701 -44.09449
2 24 54.96548 35.45701 -35.53471 54.34176 35.45701 -36.56007
3 16 55.70875 35.45701 -33.25984 72.29125 35.45701 -33.25984 55.42476 35.45701 -34.42591
2 24 72.29125 35.45701 -33.25984 55.70875 35.45701 -33.25984
2 24 55.70875 35.45701 -33.25984 55.42476 35.45701 -34.42591
4 16 55.42476 35.45701 -34.42591 72.29125 35.45701 -33.25984 72.57524 35.45701 -34.42591 54.96548 35.45701 -35.53471
2 24 72.57524 35.45701 -34.42591 72.29125 35.45701 -33.25984
2 24 55.42476 35.45701 -34.42591 54.96548 35.45701 -35.53471

4 16 41.65825 35.45701 -36.56007 34.12382 35.45701 -44.09449 29.87617 35.45701 -44.09449 41.03452 35.45701 -35.53471
2 24 34.12382 35.45701 -44.09449 41.65825 35.45701 -36.56007
2 24 29.87617 35.45701 -44.09449 34.12382 35.45701 -44.09449
2 24 41.65825 35.45701 -36.56007 41.03452 35.45701 -35.53471
4 16 23.42476 35.45701 -34.42591 23.70875 35.45701 -33.25984 40.29125 35.45701 -33.25984 40.57524 35.45701 -34.42591
2 24 23.70875 35.45701 -33.25984 23.42476 35.45701 -34.42591
2 24 40.29125 35.45701 -33.25984 23.70875 35.45701 -33.25984
2 24 40.57524 35.45701 -34.42591 40.29125 35.45701 -33.25984
4 16 23.42476 35.45701 -34.42591 40.57524 35.45701 -34.42591 41.03452 35.45701 -35.53471 22.96548 35.45701 -35.53471
2 24 41.03452 35.45701 -35.53471 40.57524 35.45701 -34.42591
2 24 23.42476 35.45701 -34.42591 22.96548 35.45701 -35.53471
4 16 22.96548 35.45701 -35.53471 41.03452 35.45701 -35.53471 29.87617 35.45701 -44.09449 22.34175 35.45701 -36.56007
2 24 22.34175 35.45701 -36.56007 29.87617 35.45701 -44.09449
2 24 22.96548 35.45701 -35.53471 22.34175 35.45701 -36.56007

4 16 -8.291246 35.45701 -33.25984 8.291246 35.45701 -33.25984 8.575242 35.45701 -34.42591 -8.575242 35.45701 -34.42591
2 24 8.291246 35.45701 -33.25984 -8.291246 35.45701 -33.25984
2 24 8.575242 35.45701 -34.42591 8.291246 35.45701 -33.25984
2 24 -8.291246 35.45701 -33.25984 -8.575242 35.45701 -34.42591
3 16 -2.123825 35.45701 -44.09449 -9.658244 35.45701 -36.56007 2.123825 35.45701 -44.09449
2 24 -9.658244 35.45701 -36.56007 -2.123825 35.45701 -44.09449
2 24 -2.123825 35.45701 -44.09449 2.123825 35.45701 -44.09449
4 16 2.123825 35.45701 -44.09449 -9.658244 35.45701 -36.56007 -9.034523 35.45701 -35.53471 9.658244 35.45701 -36.56007
2 24 -9.034523 35.45701 -35.53471 -9.658244 35.45701 -36.56007
2 24 2.123825 35.45701 -44.09449 9.658244 35.45701 -36.56007
4 16 9.658244 35.45701 -36.56007 -9.034523 35.45701 -35.53471 -8.575242 35.45701 -34.42591 9.034523 35.45701 -35.53471
2 24 -8.575242 35.45701 -34.42591 -9.034523 35.45701 -35.53471
2 24 9.658244 35.45701 -36.56007 9.034523 35.45701 -35.53471
3 16 9.034523 35.45701 -35.53471 -8.575242 35.45701 -34.42591 8.575242 35.45701 -34.42591
2 24 9.034523 35.45701 -35.53471 8.575242 35.45701 -34.42591

4 16 -40.29125 35.45701 -33.25984 -23.70875 35.45701 -33.25984 -23.42476 35.45701 -34.42591 -40.57524 35.45701 -34.42591
2 24 -23.70875 35.45701 -33.25984 -40.29125 35.45701 -33.25984
2 24 -23.42476 35.45701 -34.42591 -23.70875 35.45701 -33.25984
2 24 -40.29125 35.45701 -33.25984 -40.57524 35.45701 -34.42591
3 16 -34.12382 35.45701 -44.09449 -41.65825 35.45701 -36.56007 -29.87617 35.45701 -44.09449
2 24 -41.65825 35.45701 -36.56007 -34.12382 35.45701 -44.09449
2 24 -34.12382 35.45701 -44.09449 -29.87617 35.45701 -44.09449
4 16 -29.87617 35.45701 -44.09449 -41.65825 35.45701 -36.56007 -41.03452 35.45701 -35.53471 -22.34175 35.45701 -36.56007
2 24 -41.03452 35.45701 -35.53471 -41.65825 35.45701 -36.56007
2 24 -29.87617 35.45701 -44.09449 -22.34175 35.45701 -36.56007
4 16 -22.34175 35.45701 -36.56007 -41.03452 35.45701 -35.53471 -40.57524 35.45701 -34.42591 -22.96548 35.45701 -35.53471
2 24 -40.57524 35.45701 -34.42591 -41.03452 35.45701 -35.53471
2 24 -22.34175 35.45701 -36.56007 -22.96548 35.45701 -35.53471
3 16 -22.96548 35.45701 -35.53471 -40.57524 35.45701 -34.42591 -23.42476 35.45701 -34.42591
2 24 -22.96548 35.45701 -35.53471 -23.42476 35.45701 -34.42591

4 16 -72.29125 35.45701 -33.25984 -55.70875 35.45701 -33.25984 -55.42476 35.45701 -34.42591 -72.57524 35.45701 -34.42591
2 24 -55.70875 35.45701 -33.25984 -72.29125 35.45701 -33.25984
2 24 -55.42476 35.45701 -34.42591 -55.70875 35.45701 -33.25984
2 24 -72.29125 35.45701 -33.25984 -72.57524 35.45701 -34.42591
3 16 -66.12382 35.45701 -44.09449 -73.65824 35.45701 -36.56007 -61.87617 35.45701 -44.09449
2 24 -73.65824 35.45701 -36.56007 -66.12382 35.45701 -44.09449
2 24 -66.12382 35.45701 -44.09449 -61.87617 35.45701 -44.09449
4 16 -61.87617 35.45701 -44.09449 -73.65824 35.45701 -36.56007 -73.03452 35.45701 -35.53471 -54.34176 35.45701 -36.56007
2 24 -73.03452 35.45701 -35.53471 -73.65824 35.45701 -36.56007
2 24 -61.87617 35.45701 -44.09449 -54.34176 35.45701 -36.56007
4 16 -54.34176 35.45701 -36.56007 -73.03452 35.45701 -35.53471 -72.57524 35.45701 -34.42591 -54.96548 35.45701 -35.53471
2 24 -72.57524 35.45701 -34.42591 -73.03452 35.45701 -35.53471
2 24 -54.34176 35.45701 -36.56007 -54.96548 35.45701 -35.53471
3 16 -54.96548 35.45701 -35.53471 -72.57524 35.45701 -34.42591 -55.42476 35.45701 -34.42591
2 24 -54.96548 35.45701 -35.53471 -55.42476 35.45701 -34.42591

3 16 -61.87617 35.45701 -19.90551 -54.34176 35.45701 -27.43993 -66.12382 35.45701 -19.90551
2 24 -54.34176 35.45701 -27.43993 -61.87617 35.45701 -19.90551
2 24 -61.87617 35.45701 -19.90551 -66.12382 35.45701 -19.90551
4 16 -66.12382 35.45701 -19.90551 -54.34176 35.45701 -27.43993 -54.96548 35.45701 -28.46528 -73.65824 35.45701 -27.43993
2 24 -54.96548 35.45701 -28.46528 -54.34176 35.45701 -27.43993
2 24 -66.12382 35.45701 -19.90551 -73.65824 35.45701 -27.43993
4 16 -73.65824 35.45701 -27.43993 -54.96548 35.45701 -28.46528 -55.42476 35.45701 -29.57409 -73.03452 35.45701 -28.46528
2 24 -55.42476 35.45701 -29.57409 -54.96548 35.45701 -28.46528
2 24 -73.65824 35.45701 -27.43993 -73.03452 35.45701 -28.46528
4 16 -55.70875 35.45701 -30.74016 -72.29125 35.45701 -30.74016 -72.57524 35.45701 -29.57409 -55.42476 35.45701 -29.57409
2 24 -72.29125 35.45701 -30.74016 -55.70875 35.45701 -30.74016
2 24 -72.57524 35.45701 -29.57409 -72.29125 35.45701 -30.74016
2 24 -55.70875 35.45701 -30.74016 -55.42476 35.45701 -29.57409
3 16 -55.42476 35.45701 -29.57409 -72.57524 35.45701 -29.57409 -73.03452 35.45701 -28.46528
2 24 -73.03452 35.45701 -28.46528 -72.57524 35.45701 -29.57409

3 16 -29.87617 35.45701 -19.90551 -22.34175 35.45701 -27.43993 -34.12382 35.45701 -19.90551
2 24 -22.34175 35.45701 -27.43993 -29.87617 35.45701 -19.90551
2 24 -29.87617 35.45701 -19.90551 -34.12382 35.45701 -19.90551
4 16 -34.12382 35.45701 -19.90551 -22.34175 35.45701 -27.43993 -22.96548 35.45701 -28.46528 -41.65825 35.45701 -27.43993
2 24 -22.96548 35.45701 -28.46528 -22.34175 35.45701 -27.43993
2 24 -34.12382 35.45701 -19.90551 -41.65825 35.45701 -27.43993
4 16 -41.65825 35.45701 -27.43993 -22.96548 35.45701 -28.46528 -23.42476 35.45701 -29.57409 -41.03452 35.45701 -28.46528
2 24 -23.42476 35.45701 -29.57409 -22.96548 35.45701 -28.46528
2 24 -41.65825 35.45701 -27.43993 -41.03452 35.45701 -28.46528
4 16 -23.70875 35.45701 -30.74016 -40.29125 35.45701 -30.74016 -40.57524 35.45701 -29.57409 -23.42476 35.45701 -29.57409
2 24 -40.29125 35.45701 -30.74016 -23.70875 35.45701 -30.74016
2 24 -40.57524 35.45701 -29.57409 -40.29125 35.45701 -30.74016
2 24 -23.70875 35.45701 -30.74016 -23.42476 35.45701 -29.57409
3 16 -23.42476 35.45701 -29.57409 -40.57524 35.45701 -29.57409 -41.03452 35.45701 -28.46528
2 24 -41.03452 35.45701 -28.46528 -40.57524 35.45701 -29.57409

4 16 8.291246 35.45701 -30.74016 -8.291246 35.45701 -30.74016 -8.575242 35.45701 -29.57409 8.575242 35.45701 -29.57409
2 24 -8.291246 35.45701 -30.74016 8.291246 35.45701 -30.74016
2 24 -8.575242 35.45701 -29.57409 -8.291246 35.45701 -30.74016
2 24 8.291246 35.45701 -30.74016 8.575242 35.45701 -29.57409
3 16 2.123825 35.45701 -19.90551 9.658244 35.45701 -27.43993 -2.123825 35.45701 -19.90551
2 24 9.658244 35.45701 -27.43993 2.123825 35.45701 -19.90551
2 24 2.123825 35.45701 -19.90551 -2.123825 35.45701 -19.90551
4 16 -2.123825 35.45701 -19.90551 9.658244 35.45701 -27.43993 9.034523 35.45701 -28.46528 -9.658244 35.45701 -27.43993
2 24 9.034523 35.45701 -28.46528 9.658244 35.45701 -27.43993
2 24 -2.123825 35.45701 -19.90551 -9.658244 35.45701 -27.43993
4 16 -9.658244 35.45701 -27.43993 9.034523 35.45701 -28.46528 8.575242 35.45701 -29.57409 -9.034523 35.45701 -28.46528
2 24 8.575242 35.45701 -29.57409 9.034523 35.45701 -28.46528
2 24 -9.658244 35.45701 -27.43993 -9.034523 35.45701 -28.46528
3 16 -9.034523 35.45701 -28.46528 8.575242 35.45701 -29.57409 -8.575242 35.45701 -29.57409
2 24 -9.034523 35.45701 -28.46528 -8.575242 35.45701 -29.57409

4 16 40.29125 35.45701 -30.74016 23.70875 35.45701 -30.74016 23.42476 35.45701 -29.57409 40.57524 35.45701 -29.57409
2 24 23.70875 35.45701 -30.74016 40.29125 35.45701 -30.74016
2 24 23.42476 35.45701 -29.57409 23.70875 35.45701 -30.74016
2 24 40.29125 35.45701 -30.74016 40.57524 35.45701 -29.57409
3 16 34.12382 35.45701 -19.90551 41.65825 35.45701 -27.43993 29.87617 35.45701 -19.90551
2 24 41.65825 35.45701 -27.43993 34.12382 35.45701 -19.90551
2 24 34.12382 35.45701 -19.90551 29.87617 35.45701 -19.90551
4 16 29.87617 35.45701 -19.90551 41.65825 35.45701 -27.43993 41.03452 35.45701 -28.46528 22.34175 35.45701 -27.43993
2 24 41.03452 35.45701 -28.46528 41.65825 35.45701 -27.43993
2 24 29.87617 35.45701 -19.90551 22.34175 35.45701 -27.43993
4 16 22.34175 35.45701 -27.43993 41.03452 35.45701 -28.46528 40.57524 35.45701 -29.57409 22.96548 35.45701 -28.46528
2 24 40.57524 35.45701 -29.57409 41.03452 35.45701 -28.46528
2 24 22.34175 35.45701 -27.43993 22.96548 35.45701 -28.46528
3 16 22.96548 35.45701 -28.46528 40.57524 35.45701 -29.57409 23.42476 35.45701 -29.57409
2 24 22.96548 35.45701 -28.46528 23.42476 35.45701 -29.57409

3 16 66.12382 35.45701 -19.90551 73.65824 35.45701 -27.43993 61.87617 35.45701 -19.90551
2 24 73.65824 35.45701 -27.43993 66.12382 35.45701 -19.90551
2 24 66.12382 35.45701 -19.90551 61.87617 35.45701 -19.90551
4 16 61.87617 35.45701 -19.90551 73.65824 35.45701 -27.43993 73.03452 35.45701 -28.46528 54.34176 35.45701 -27.43993
2 24 73.03452 35.45701 -28.46528 73.65824 35.45701 -27.43993
2 24 61.87617 35.45701 -19.90551 54.34176 35.45701 -27.43993
4 16 54.34176 35.45701 -27.43993 73.03452 35.45701 -28.46528 72.57524 35.45701 -29.57409 54.96548 35.45701 -28.46528
2 24 72.57524 35.45701 -29.57409 73.03452 35.45701 -28.46528
2 24 54.34176 35.45701 -27.43993 54.96548 35.45701 -28.46528
4 16 72.29125 35.45701 -30.74016 55.70875 35.45701 -30.74016 55.42476 35.45701 -29.57409 72.57524 35.45701 -29.57409
2 24 55.70875 35.45701 -30.74016 72.29125 35.45701 -30.74016
2 24 55.42476 35.45701 -29.57409 55.70875 35.45701 -30.74016
2 24 72.29125 35.45701 -30.74016 72.57524 35.45701 -29.57409
3 16 72.57524 35.45701 -29.57409 55.42476 35.45701 -29.57409 54.96548 35.45701 -28.46528
2 24 54.96548 35.45701 -28.46528 55.42476 35.45701 -29.57409

3 16 17.80974 23.59433 -36.97223 16.91883 23.59433 -37.21095 13.35433 23.59433 -27.41757
2 24 16.91883 23.59433 -37.21095 17.80974 23.59433 -36.97223
4 16 17.80974 23.59433 -36.97223 13.35433 23.59433 -27.41757 14.19026 23.59433 -27.02777 18.64567 23.59433 -36.58243
2 24 14.19026 23.59433 -27.02777 13.35433 23.59433 -27.41757
2 24 17.80974 23.59433 -36.97223 18.64567 23.59433 -36.58243
4 16 18.64567 23.59433 -36.58243 14.19026 23.59433 -27.02777 15.08117 23.59433 -26.78905 16 23.59433 -26.70866
2 24 15.08117 23.59433 -26.78905 14.19026 23.59433 -27.02777
2 24 16 23.59433 -26.70866 15.08117 23.59433 -26.78905
4 16 16.91883 23.59433 -37.21095 16 23.59433 -37.29134 15.08117 23.59433 -37.21095 13.35433 23.59433 -27.41757
2 24 16 23.59433 -37.29134 16.91883 23.59433 -37.21095
2 24 15.08117 23.59433 -37.21095 16 23.59433 -37.29134
4 16 13.35433 23.59433 -27.41757 15.08117 23.59433 -37.21095 14.19026 23.59433 -36.97223 13.35433 23.59433 -36.58243
2 24 14.19026 23.59433 -36.97223 15.08117 23.59433 -37.21095
2 24 13.35433 23.59433 -36.58243 14.19026 23.59433 -36.97223
4 16 13.35433 23.59433 -27.41757 13.35433 23.59433 -36.58243 12.59879 23.59433 -36.0534 11.9466 23.59433 -35.40121
2 24 12.59879 23.59433 -36.0534 13.35433 23.59433 -36.58243
2 24 11.9466 23.59433 -35.40121 12.59879 23.59433 -36.0534
4 16 18.64567 23.59433 -36.58243 16 23.59433 -26.70866 16.91883 23.59433 -26.78905 17.80974 23.59433 -27.02777
2 24 16.91883 23.59433 -26.78905 16 23.59433 -26.70866
2 24 17.80974 23.59433 -27.02777 16.91883 23.59433 -26.78905
4 16 17.80974 23.59433 -27.02777 18.64567 23.59433 -27.41757 19.40121 23.59433 -27.9466 18.64567 23.59433 -36.58243
2 24 18.64567 23.59433 -27.41757 17.80974 23.59433 -27.02777
2 24 19.40121 23.59433 -27.9466 18.64567 23.59433 -27.41757
4 16 18.64567 23.59433 -36.58243 19.40121 23.59433 -27.9466 20.0534 23.59433 -28.59879 20.58243 23.59433 -29.35433
2 24 20.0534 23.59433 -28.59879 19.40121 23.59433 -27.9466
2 24 20.58243 23.59433 -29.35433 20.0534 23.59433 -28.59879
4 16 18.64567 23.59433 -36.58243 20.58243 23.59433 -29.35433 20.97223 23.59433 -30.19026 21.21095 23.59433 -31.08117
2 24 20.97223 23.59433 -30.19026 20.58243 23.59433 -29.35433
2 24 21.21095 23.59433 -31.08117 20.97223 23.59433 -30.19026
3 16 11.02777 23.59433 -33.80974 11.41757 23.59433 -29.35433 11.9466 23.59433 -28.59879
2 24 11.9466 23.59433 -28.59879 11.41757 23.59433 -29.35433
4 16 21.29134 23.59433 -32 21.21095 23.59433 -32.91883 20.97223 23.59433 -33.80974 21.21095 23.59433 -31.08117
2 24 21.21095 23.59433 -32.91883 21.29134 23.59433 -32
2 24 20.97223 23.59433 -33.80974 21.21095 23.59433 -32.91883
2 24 21.29134 23.59433 -32 21.21095 23.59433 -31.08117
4 16 21.21095 23.59433 -31.08117 20.97223 23.59433 -33.80974 20.58243 23.59433 -34.64567 20.0534 23.59433 -35.40121
2 24 20.58243 23.59433 -34.64567 20.97223 23.59433 -33.80974
2 24 20.0534 23.59433 -35.40121 20.58243 23.59433 -34.64567
4 16 11.02777 23.59433 -33.80974 10.78905 23.59433 -32.91883 10.70866 23.59433 -32 11.41757 23.59433 -29.35433
2 24 10.78905 23.59433 -32.91883 11.02777 23.59433 -33.80974
2 24 10.70866 23.59433 -32 10.78905 23.59433 -32.91883
4 16 11.41757 23.59433 -29.35433 10.70866 23.59433 -32 10.78905 23.59433 -31.08117 11.02777 23.59433 -30.19026
2 24 10.78905 23.59433 -31.08117 10.70866 23.59433 -32
2 24 11.02777 23.59433 -30.19026 10.78905 23.59433 -31.08117
2 24 11.41757 23.59433 -29.35433 11.02777 23.59433 -30.19026
4 16 11.9466 23.59433 -35.40121 11.41757 23.59433 -34.64567 11.02777 23.59433 -33.80974 13.35433 23.59433 -27.41757
2 24 11.41757 23.59433 -34.64567 11.9466 23.59433 -35.40121
2 24 11.02777 23.59433 -33.80974 11.41757 23.59433 -34.64567
4 16 13.35433 23.59433 -27.41757 11.02777 23.59433 -33.80974 11.9466 23.59433 -28.59879 12.59879 23.59433 -27.9466
2 24 12.59879 23.59433 -27.9466 11.9466 23.59433 -28.59879
2 24 13.35433 23.59433 -27.41757 12.59879 23.59433 -27.9466
4 16 21.21095 23.59433 -31.08117 20.0534 23.59433 -35.40121 19.40121 23.59433 -36.0534 18.64567 23.59433 -36.58243
2 24 19.40121 23.59433 -36.0534 20.0534 23.59433 -35.40121
2 24 18.64567 23.59433 -36.58243 19.40121 23.59433 -36.0534

3 16 53.29134 23.59433 -32 53.21095 23.59433 -32.91883 48.91883 23.59433 -37.21095
2 24 53.21095 23.59433 -32.91883 53.29134 23.59433 -32
3 16 44.59879 23.59433 -36.0534 43.9466 23.59433 -35.40121 53.21095 23.59433 -31.08117
2 24 43.9466 23.59433 -35.40121 44.59879 23.59433 -36.0534
4 16 48 23.59433 -26.70866 48.91883 23.59433 -26.78905 49.80974 23.59433 -27.02777 47.08117 23.59433 -26.78905
2 24 48.91883 23.59433 -26.78905 48 23.59433 -26.70866
2 24 49.80974 23.59433 -27.02777 48.91883 23.59433 -26.78905
2 24 48 23.59433 -26.70866 47.08117 23.59433 -26.78905
4 16 47.08117 23.59433 -26.78905 51.40121 23.59433 -27.9466 52.0534 23.59433 -28.59879 52.58243 23.59433 -29.35433
2 24 52.0534 23.59433 -28.59879 51.40121 23.59433 -27.9466
2 24 52.58243 23.59433 -29.35433 52.0534 23.59433 -28.59879
4 16 43.02777 23.59433 -30.19026 43.41757 23.59433 -29.35433 43.9466 23.59433 -28.59879 53.21095 23.59433 -31.08117
2 24 43.41757 23.59433 -29.35433 43.02777 23.59433 -30.19026
2 24 43.9466 23.59433 -28.59879 43.41757 23.59433 -29.35433
4 16 53.21095 23.59433 -31.08117 43.9466 23.59433 -28.59879 44.59879 23.59433 -27.9466 45.35433 23.59433 -27.41757
2 24 44.59879 23.59433 -27.9466 43.9466 23.59433 -28.59879
2 24 45.35433 23.59433 -27.41757 44.59879 23.59433 -27.9466
4 16 53.21095 23.59433 -31.08117 45.35433 23.59433 -27.41757 46.19025 23.59433 -27.02777 47.08117 23.59433 -26.78905
2 24 46.19025 23.59433 -27.02777 45.35433 23.59433 -27.41757
2 24 47.08117 23.59433 -26.78905 46.19025 23.59433 -27.02777
4 16 47.08117 23.59433 -26.78905 49.80974 23.59433 -27.02777 50.64567 23.59433 -27.41757 51.40121 23.59433 -27.9466
2 24 50.64567 23.59433 -27.41757 49.80974 23.59433 -27.02777
2 24 51.40121 23.59433 -27.9466 50.64567 23.59433 -27.41757
4 16 43.9466 23.59433 -35.40121 43.41757 23.59433 -34.64567 43.02777 23.59433 -33.80974 53.21095 23.59433 -31.08117
2 24 43.41757 23.59433 -34.64567 43.9466 23.59433 -35.40121
2 24 43.02777 23.59433 -33.80974 43.41757 23.59433 -34.64567
4 16 53.21095 23.59433 -31.08117 43.02777 23.59433 -33.80974 42.78905 23.59433 -32.91883 42.70866 23.59433 -32
2 24 42.78905 23.59433 -32.91883 43.02777 23.59433 -33.80974
2 24 42.70866 23.59433 -32 42.78905 23.59433 -32.91883
4 16 47.08117 23.59433 -26.78905 52.58243 23.59433 -29.35433 52.97223 23.59433 -30.19026 53.21095 23.59433 -31.08117
2 24 52.97223 23.59433 -30.19026 52.58243 23.59433 -29.35433
2 24 53.21095 23.59433 -31.08117 52.97223 23.59433 -30.19026
4 16 53.21095 23.59433 -32.91883 52.97223 23.59433 -33.80974 52.58243 23.59433 -34.64567 48.91883 23.59433 -37.21095
2 24 52.97223 23.59433 -33.80974 53.21095 23.59433 -32.91883
2 24 52.58243 23.59433 -34.64567 52.97223 23.59433 -33.80974
4 16 48.91883 23.59433 -37.21095 52.58243 23.59433 -34.64567 52.0534 23.59433 -35.40121 51.40121 23.59433 -36.0534
2 24 52.0534 23.59433 -35.40121 52.58243 23.59433 -34.64567
2 24 51.40121 23.59433 -36.0534 52.0534 23.59433 -35.40121
4 16 48.91883 23.59433 -37.21095 51.40121 23.59433 -36.0534 50.64567 23.59433 -36.58243 49.80974 23.59433 -36.97223
2 24 50.64567 23.59433 -36.58243 51.40121 23.59433 -36.0534
2 24 49.80974 23.59433 -36.97223 50.64567 23.59433 -36.58243
2 24 48.91883 23.59433 -37.21095 49.80974 23.59433 -36.97223
4 16 53.29134 23.59433 -32 48.91883 23.59433 -37.21095 48 23.59433 -37.29134 53.21095 23.59433 -31.08117
2 24 48 23.59433 -37.29134 48.91883 23.59433 -37.21095
2 24 53.29134 23.59433 -32 53.21095 23.59433 -31.08117
4 16 53.21095 23.59433 -31.08117 48 23.59433 -37.29134 47.08117 23.59433 -37.21095 46.19025 23.59433 -36.97223
2 24 47.08117 23.59433 -37.21095 48 23.59433 -37.29134
2 24 46.19025 23.59433 -36.97223 47.08117 23.59433 -37.21095
4 16 53.21095 23.59433 -31.08117 46.19025 23.59433 -36.97223 45.35433 23.59433 -36.58243 44.59879 23.59433 -36.0534
2 24 45.35433 23.59433 -36.58243 46.19025 23.59433 -36.97223
2 24 44.59879 23.59433 -36.0534 45.35433 23.59433 -36.58243
4 16 53.21095 23.59433 -31.08117 42.70866 23.59433 -32 42.78905 23.59433 -31.08117 43.02777 23.59433 -30.19026
2 24 42.78905 23.59433 -31.08117 42.70866 23.59433 -32
2 24 43.02777 23.59433 -30.19026 42.78905 23.59433 -31.08117

3 16 75.41756 23.59433 -34.64567 75.02776 23.59433 -33.80974 84.97223 23.59433 -30.19026
2 24 75.02776 23.59433 -33.80974 75.41756 23.59433 -34.64567
3 16 77.35433 23.59433 -36.58243 76.59879 23.59433 -36.0534 84.97223 23.59433 -30.19026
2 24 76.59879 23.59433 -36.0534 77.35433 23.59433 -36.58243
4 16 84.97223 23.59433 -30.19026 76.59879 23.59433 -36.0534 75.9466 23.59433 -35.40121 75.41756 23.59433 -34.64567
2 24 75.9466 23.59433 -35.40121 76.59879 23.59433 -36.0534
2 24 75.41756 23.59433 -34.64567 75.9466 23.59433 -35.40121
4 16 83.4012 23.59433 -27.9466 84.0534 23.59433 -28.59879 75.02776 23.59433 -33.80974 82.64567 23.59433 -27.41757
2 24 84.0534 23.59433 -28.59879 83.4012 23.59433 -27.9466
2 24 83.4012 23.59433 -27.9466 82.64567 23.59433 -27.41757
3 16 82.64567 23.59433 -27.41757 75.02776 23.59433 -33.80974 81.80974 23.59433 -27.02777
2 24 82.64567 23.59433 -27.41757 81.80974 23.59433 -27.02777
4 16 80.91883 23.59433 -37.21095 80 23.59433 -37.29134 79.08117 23.59433 -37.21095 84.97223 23.59433 -30.19026
2 24 80 23.59433 -37.29134 80.91883 23.59433 -37.21095
2 24 79.08117 23.59433 -37.21095 80 23.59433 -37.29134
4 16 75.02776 23.59433 -33.80974 74.78905 23.59433 -32.91883 74.70866 23.59433 -32 81.80974 23.59433 -27.02777
2 24 74.78905 23.59433 -32.91883 75.02776 23.59433 -33.80974
2 24 74.70866 23.59433 -32 74.78905 23.59433 -32.91883
4 16 81.80974 23.59433 -27.02777 74.70866 23.59433 -32 74.78905 23.59433 -31.08117 75.02776 23.59433 -30.19026
2 24 74.78905 23.59433 -31.08117 74.70866 23.59433 -32
2 24 75.02776 23.59433 -30.19026 74.78905 23.59433 -31.08117
4 16 75.02776 23.59433 -33.80974 84.0534 23.59433 -28.59879 84.58243 23.59433 -29.35433 84.97223 23.59433 -30.19026
2 24 84.58243 23.59433 -29.35433 84.0534 23.59433 -28.59879
2 24 84.97223 23.59433 -30.19026 84.58243 23.59433 -29.35433
3 16 80.91883 23.59433 -37.21095 84.97223 23.59433 -30.19026 81.80974 23.59433 -36.97223
2 24 80.91883 23.59433 -37.21095 81.80974 23.59433 -36.97223
4 16 84.97223 23.59433 -30.19026 79.08117 23.59433 -37.21095 78.19025 23.59433 -36.97223 77.35433 23.59433 -36.58243
2 24 78.19025 23.59433 -36.97223 79.08117 23.59433 -37.21095
2 24 77.35433 23.59433 -36.58243 78.19025 23.59433 -36.97223
4 16 81.80974 23.59433 -27.02777 75.02776 23.59433 -30.19026 75.41756 23.59433 -29.35433 75.9466 23.59433 -28.59879
2 24 75.41756 23.59433 -29.35433 75.02776 23.59433 -30.19026
2 24 75.9466 23.59433 -28.59879 75.41756 23.59433 -29.35433
4 16 80 23.59433 -26.70866 77.35433 23.59433 -27.41757 78.19025 23.59433 -27.02777 79.08117 23.59433 -26.78905
2 24 78.19025 23.59433 -27.02777 77.35433 23.59433 -27.41757
2 24 79.08117 23.59433 -26.78905 78.19025 23.59433 -27.02777
2 24 80 23.59433 -26.70866 79.08117 23.59433 -26.78905
4 16 75.9466 23.59433 -28.59879 76.59879 23.59433 -27.9466 77.35433 23.59433 -27.41757 81.80974 23.59433 -27.02777
2 24 76.59879 23.59433 -27.9466 75.9466 23.59433 -28.59879
2 24 77.35433 23.59433 -27.41757 76.59879 23.59433 -27.9466
4 16 81.80974 23.59433 -27.02777 77.35433 23.59433 -27.41757 80 23.59433 -26.70866 80.91883 23.59433 -26.78905
2 24 80.91883 23.59433 -26.78905 80 23.59433 -26.70866
2 24 81.80974 23.59433 -27.02777 80.91883 23.59433 -26.78905
4 16 85.29134 23.59433 -32 85.21095 23.59433 -32.91883 84.97223 23.59433 -33.80974 85.21095 23.59433 -31.08117
2 24 85.21095 23.59433 -32.91883 85.29134 23.59433 -32
2 24 84.97223 23.59433 -33.80974 85.21095 23.59433 -32.91883
2 24 85.29134 23.59433 -32 85.21095 23.59433 -31.08117
4 16 85.21095 23.59433 -31.08117 84.97223 23.59433 -33.80974 84.58243 23.59433 -34.64567 84.0534 23.59433 -35.40121
2 24 84.58243 23.59433 -34.64567 84.97223 23.59433 -33.80974
2 24 84.0534 23.59433 -35.40121 84.58243 23.59433 -34.64567
4 16 85.21095 23.59433 -31.08117 84.0534 23.59433 -35.40121 83.4012 23.59433 -36.0534 84.97223 23.59433 -30.19026
2 24 83.4012 23.59433 -36.0534 84.0534 23.59433 -35.40121
2 24 85.21095 23.59433 -31.08117 84.97223 23.59433 -30.19026
4 16 84.97223 23.59433 -30.19026 83.4012 23.59433 -36.0534 82.64567 23.59433 -36.58243 81.80974 23.59433 -36.97223
2 24 82.64567 23.59433 -36.58243 83.4012 23.59433 -36.0534
2 24 81.80974 23.59433 -36.97223 82.64567 23.59433 -36.58243

4 16 -19.40121 23.59433 -27.9466 -18.64567 23.59433 -27.41757 -17.80974 23.59433 -27.02777 -13.35433 23.59433 -36.58243
2 24 -18.64567 23.59433 -27.41757 -19.40121 23.59433 -27.9466
2 24 -17.80974 23.59433 -27.02777 -18.64567 23.59433 -27.41757
4 16 -15.08117 23.59433 -37.21095 -16 23.59433 -37.29134 -16.91883 23.59433 -37.21095 -20.58243 23.59433 -29.35433
2 24 -16 23.59433 -37.29134 -15.08117 23.59433 -37.21095
2 24 -16.91883 23.59433 -37.21095 -16 23.59433 -37.29134
4 16 -19.40121 23.59433 -27.9466 -13.35433 23.59433 -36.58243 -20.58243 23.59433 -29.35433 -20.0534 23.59433 -28.59879
2 24 -20.0534 23.59433 -28.59879 -20.58243 23.59433 -29.35433
2 24 -19.40121 23.59433 -27.9466 -20.0534 23.59433 -28.59879
4 16 -13.35433 23.59433 -36.58243 -17.80974 23.59433 -27.02777 -16.91883 23.59433 -26.78905 -16 23.59433 -26.70866
2 24 -16.91883 23.59433 -26.78905 -17.80974 23.59433 -27.02777
2 24 -16 23.59433 -26.70866 -16.91883 23.59433 -26.78905
4 16 -20.58243 23.59433 -29.35433 -13.35433 23.59433 -36.58243 -14.19026 23.59433 -36.97223 -15.08117 23.59433 -37.21095
2 24 -14.19026 23.59433 -36.97223 -13.35433 23.59433 -36.58243
2 24 -15.08117 23.59433 -37.21095 -14.19026 23.59433 -36.97223
4 16 -16 23.59433 -26.70866 -15.08117 23.59433 -26.78905 -14.19026 23.59433 -27.02777 -13.35433 23.59433 -36.58243
2 24 -15.08117 23.59433 -26.78905 -16 23.59433 -26.70866
2 24 -14.19026 23.59433 -27.02777 -15.08117 23.59433 -26.78905
4 16 -13.35433 23.59433 -36.58243 -14.19026 23.59433 -27.02777 -13.35433 23.59433 -27.41757 -12.59879 23.59433 -27.9466
2 24 -13.35433 23.59433 -27.41757 -14.19026 23.59433 -27.02777
2 24 -12.59879 23.59433 -27.9466 -13.35433 23.59433 -27.41757
4 16 -20.0534 23.59433 -35.40121 -20.58243 23.59433 -29.35433 -18.64567 23.59433 -36.58243 -19.40121 23.59433 -36.0534
2 24 -19.40121 23.59433 -36.0534 -18.64567 23.59433 -36.58243
2 24 -20.0534 23.59433 -35.40121 -19.40121 23.59433 -36.0534
4 16 -13.35433 23.59433 -36.58243 -12.59879 23.59433 -27.9466 -11.9466 23.59433 -28.59879 -11.41757 23.59433 -29.35433
2 24 -11.9466 23.59433 -28.59879 -12.59879 23.59433 -27.9466
2 24 -11.41757 23.59433 -29.35433 -11.9466 23.59433 -28.59879
4 16 -10.70866 23.59433 -32 -10.78905 23.59433 -32.91883 -11.02777 23.59433 -33.80974 -10.78905 23.59433 -31.08117
2 24 -10.78905 23.59433 -32.91883 -10.70866 23.59433 -32
2 24 -11.02777 23.59433 -33.80974 -10.78905 23.59433 -32.91883
2 24 -10.70866 23.59433 -32 -10.78905 23.59433 -31.08117
4 16 -20.58243 23.59433 -29.35433 -16.91883 23.59433 -37.21095 -17.80974 23.59433 -36.97223 -18.64567 23.59433 -36.58243
2 24 -17.80974 23.59433 -36.97223 -16.91883 23.59433 -37.21095
2 24 -18.64567 23.59433 -36.58243 -17.80974 23.59433 -36.97223
4 16 -20.0534 23.59433 -35.40121 -20.58243 23.59433 -34.64567 -20.97223 23.59433 -33.80974 -20.58243 23.59433 -29.35433
2 24 -20.58243 23.59433 -34.64567 -20.0534 23.59433 -35.40121
2 24 -20.97223 23.59433 -33.80974 -20.58243 23.59433 -34.64567
4 16 -20.58243 23.59433 -29.35433 -20.97223 23.59433 -33.80974 -21.21095 23.59433 -32.91883 -21.29134 23.59433 -32
2 24 -21.21095 23.59433 -32.91883 -20.97223 23.59433 -33.80974
2 24 -21.29134 23.59433 -32 -21.21095 23.59433 -32.91883
4 16 -20.58243 23.59433 -29.35433 -21.29134 23.59433 -32 -21.21095 23.59433 -31.08117 -20.97223 23.59433 -30.19026
2 24 -21.21095 23.59433 -31.08117 -21.29134 23.59433 -32
2 24 -20.97223 23.59433 -30.19026 -21.21095 23.59433 -31.08117
2 24 -20.58243 23.59433 -29.35433 -20.97223 23.59433 -30.19026
4 16 -11.9466 23.59433 -35.40121 -12.59879 23.59433 -36.0534 -13.35433 23.59433 -36.58243 -10.78905 23.59433 -31.08117
2 24 -12.59879 23.59433 -36.0534 -11.9466 23.59433 -35.40121
2 24 -13.35433 23.59433 -36.58243 -12.59879 23.59433 -36.0534
4 16 -10.78905 23.59433 -31.08117 -13.35433 23.59433 -36.58243 -11.41757 23.59433 -29.35433 -11.02777 23.59433 -30.19026
2 24 -11.02777 23.59433 -30.19026 -11.41757 23.59433 -29.35433
2 24 -10.78905 23.59433 -31.08117 -11.02777 23.59433 -30.19026
4 16 -10.78905 23.59433 -31.08117 -11.02777 23.59433 -33.80974 -11.41757 23.59433 -34.64567 -11.9466 23.59433 -35.40121
2 24 -11.41757 23.59433 -34.64567 -11.02777 23.59433 -33.80974
2 24 -11.9466 23.59433 -35.40121 -11.41757 23.59433 -34.64567

4 16 -43.9466 23.59433 -35.40121 -44.59879 23.59433 -36.0534 -45.35433 23.59433 -36.58243 -52.97223 23.59433 -30.19026
2 24 -44.59879 23.59433 -36.0534 -43.9466 23.59433 -35.40121
2 24 -45.35433 23.59433 -36.58243 -44.59879 23.59433 -36.0534
4 16 -52.58243 23.59433 -29.35433 -52.0534 23.59433 -28.59879 -43.02777 23.59433 -33.80974 -52.97223 23.59433 -30.19026
2 24 -52.0534 23.59433 -28.59879 -52.58243 23.59433 -29.35433
2 24 -52.58243 23.59433 -29.35433 -52.97223 23.59433 -30.19026
4 16 -43.02777 23.59433 -33.80974 -52.0534 23.59433 -28.59879 -51.40121 23.59433 -27.9466 -50.64567 23.59433 -27.41757
2 24 -51.40121 23.59433 -27.9466 -52.0534 23.59433 -28.59879
2 24 -50.64567 23.59433 -27.41757 -51.40121 23.59433 -27.9466
4 16 -52.97223 23.59433 -30.19026 -43.02777 23.59433 -33.80974 -43.41757 23.59433 -34.64567 -43.9466 23.59433 -35.40121
2 24 -43.41757 23.59433 -34.64567 -43.02777 23.59433 -33.80974
2 24 -43.9466 23.59433 -35.40121 -43.41757 23.59433 -34.64567
4 16 -53.29134 23.59433 -32 -53.21095 23.59433 -31.08117 -47.08117 23.59433 -37.21095 -48 23.59433 -37.29134
2 24 -53.21095 23.59433 -31.08117 -53.29134 23.59433 -32
2 24 -48 23.59433 -37.29134 -47.08117 23.59433 -37.21095
3 16 -47.08117 23.59433 -37.21095 -53.21095 23.59433 -31.08117 -52.97223 23.59433 -30.19026
2 24 -52.97223 23.59433 -30.19026 -53.21095 23.59433 -31.08117
4 16 -47.08117 23.59433 -37.21095 -52.97223 23.59433 -30.19026 -45.35433 23.59433 -36.58243 -46.19025 23.59433 -36.97223
2 24 -46.19025 23.59433 -36.97223 -45.35433 23.59433 -36.58243
2 24 -47.08117 23.59433 -37.21095 -46.19025 23.59433 -36.97223
4 16 -50.64567 23.59433 -27.41757 -49.80974 23.59433 -27.02777 -48.91883 23.59433 -26.78905 -43.02777 23.59433 -33.80974
2 24 -49.80974 23.59433 -27.02777 -50.64567 23.59433 -27.41757
2 24 -48.91883 23.59433 -26.78905 -49.80974 23.59433 -27.02777
4 16 -43.02777 23.59433 -33.80974 -48.91883 23.59433 -26.78905 -42.70866 23.59433 -32 -42.78905 23.59433 -32.91883
2 24 -42.78905 23.59433 -32.91883 -42.70866 23.59433 -32
2 24 -43.02777 23.59433 -33.80974 -42.78905 23.59433 -32.91883
4 16 -53.29134 23.59433 -32 -48 23.59433 -37.29134 -48.91883 23.59433 -37.21095 -49.80974 23.59433 -36.97223
2 24 -48.91883 23.59433 -37.21095 -48 23.59433 -37.29134
2 24 -49.80974 23.59433 -36.97223 -48.91883 23.59433 -37.21095
4 16 -49.80974 23.59433 -36.97223 -50.64567 23.59433 -36.58243 -51.40121 23.59433 -36.0534 -53.29134 23.59433 -32
2 24 -50.64567 23.59433 -36.58243 -49.80974 23.59433 -36.97223
2 24 -51.40121 23.59433 -36.0534 -50.64567 23.59433 -36.58243
4 16 -53.29134 23.59433 -32 -51.40121 23.59433 -36.0534 -52.0534 23.59433 -35.40121 -52.58243 23.59433 -34.64567
2 24 -52.0534 23.59433 -35.40121 -51.40121 23.59433 -36.0534
2 24 -52.58243 23.59433 -34.64567 -52.0534 23.59433 -35.40121
3 16 -43.41757 23.59433 -29.35433 -43.02777 23.59433 -30.19026 -48.91883 23.59433 -26.78905
2 24 -43.02777 23.59433 -30.19026 -43.41757 23.59433 -29.35433
4 16 -48.91883 23.59433 -26.78905 -43.02777 23.59433 -30.19026 -42.78905 23.59433 -31.08117 -42.70866 23.59433 -32
2 24 -42.78905 23.59433 -31.08117 -43.02777 23.59433 -30.19026
2 24 -42.70866 23.59433 -32 -42.78905 23.59433 -31.08117
4 16 -53.29134 23.59433 -32 -52.58243 23.59433 -34.64567 -52.97223 23.59433 -33.80974 -53.21095 23.59433 -32.91883
2 24 -52.97223 23.59433 -33.80974 -52.58243 23.59433 -34.64567
2 24 -53.21095 23.59433 -32.91883 -52.97223 23.59433 -33.80974
2 24 -53.29134 23.59433 -32 -53.21095 23.59433 -32.91883
4 16 -48 23.59433 -26.70866 -47.08117 23.59433 -26.78905 -46.19025 23.59433 -27.02777 -45.35433 23.59433 -27.41757
2 24 -47.08117 23.59433 -26.78905 -48 23.59433 -26.70866
2 24 -46.19025 23.59433 -27.02777 -47.08117 23.59433 -26.78905
2 24 -45.35433 23.59433 -27.41757 -46.19025 23.59433 -27.02777
4 16 -48 23.59433 -26.70866 -45.35433 23.59433 -27.41757 -44.59879 23.59433 -27.9466 -48.91883 23.59433 -26.78905
2 24 -44.59879 23.59433 -27.9466 -45.35433 23.59433 -27.41757
2 24 -48 23.59433 -26.70866 -48.91883 23.59433 -26.78905
4 16 -48.91883 23.59433 -26.78905 -44.59879 23.59433 -27.9466 -43.9466 23.59433 -28.59879 -43.41757 23.59433 -29.35433
2 24 -43.9466 23.59433 -28.59879 -44.59879 23.59433 -27.9466
2 24 -43.41757 23.59433 -29.35433 -43.9466 23.59433 -28.59879

4 16 -77.35433 23.59433 -27.41757 -76.59879 23.59433 -27.9466 -75.9466 23.59433 -28.59879 -79.08117 23.59433 -37.21095
2 24 -76.59879 23.59433 -27.9466 -77.35433 23.59433 -27.41757
2 24 -75.9466 23.59433 -28.59879 -76.59879 23.59433 -27.9466
4 16 -75.9466 23.59433 -28.59879 -75.41756 23.59433 -29.35433 -75.02776 23.59433 -30.19026 -79.08117 23.59433 -37.21095
2 24 -75.41756 23.59433 -29.35433 -75.9466 23.59433 -28.59879
2 24 -75.02776 23.59433 -30.19026 -75.41756 23.59433 -29.35433
4 16 -79.08117 23.59433 -37.21095 -75.02776 23.59433 -30.19026 -77.35433 23.59433 -36.58243 -78.19025 23.59433 -36.97223
2 24 -78.19025 23.59433 -36.97223 -77.35433 23.59433 -36.58243
2 24 -79.08117 23.59433 -37.21095 -78.19025 23.59433 -36.97223
3 16 -80.91883 23.59433 -37.21095 -81.80974 23.59433 -36.97223 -84.0534 23.59433 -35.40121
2 24 -81.80974 23.59433 -36.97223 -80.91883 23.59433 -37.21095
4 16 -84.0534 23.59433 -35.40121 -81.80974 23.59433 -36.97223 -82.64567 23.59433 -36.58243 -83.4012 23.59433 -36.0534
2 24 -82.64567 23.59433 -36.58243 -81.80974 23.59433 -36.97223
2 24 -83.4012 23.59433 -36.0534 -82.64567 23.59433 -36.58243
2 24 -84.0534 23.59433 -35.40121 -83.4012 23.59433 -36.0534
4 16 -79.08117 23.59433 -37.21095 -84.0534 23.59433 -35.40121 -84.58243 23.59433 -34.64567 -84.97223 23.59433 -33.80974
2 24 -84.58243 23.59433 -34.64567 -84.0534 23.59433 -35.40121
2 24 -84.97223 23.59433 -33.80974 -84.58243 23.59433 -34.64567
4 16 -82.64567 23.59433 -27.41757 -79.08117 23.59433 -37.21095 -84.0534 23.59433 -28.59879 -83.4012 23.59433 -27.9466
2 24 -83.4012 23.59433 -27.9466 -84.0534 23.59433 -28.59879
2 24 -82.64567 23.59433 -27.41757 -83.4012 23.59433 -27.9466
4 16 -82.64567 23.59433 -27.41757 -81.80974 23.59433 -27.02777 -80.91883 23.59433 -26.78905 -79.08117 23.59433 -37.21095
2 24 -81.80974 23.59433 -27.02777 -82.64567 23.59433 -27.41757
2 24 -80.91883 23.59433 -26.78905 -81.80974 23.59433 -27.02777
4 16 -79.08117 23.59433 -37.21095 -80.91883 23.59433 -26.78905 -80 23.59433 -26.70866 -79.08117 23.59433 -26.78905
2 24 -80 23.59433 -26.70866 -80.91883 23.59433 -26.78905
2 24 -79.08117 23.59433 -26.78905 -80 23.59433 -26.70866
4 16 -79.08117 23.59433 -37.21095 -79.08117 23.59433 -26.78905 -78.19025 23.59433 -27.02777 -77.35433 23.59433 -27.41757
2 24 -78.19025 23.59433 -27.02777 -79.08117 23.59433 -26.78905
2 24 -77.35433 23.59433 -27.41757 -78.19025 23.59433 -27.02777
3 16 -74.78905 23.59433 -32.91883 -75.02776 23.59433 -33.80974 -74.70866 23.59433 -32
2 24 -75.02776 23.59433 -33.80974 -74.78905 23.59433 -32.91883
2 24 -74.78905 23.59433 -32.91883 -74.70866 23.59433 -32
4 16 -74.70866 23.59433 -32 -75.02776 23.59433 -33.80974 -75.41756 23.59433 -34.64567 -74.78905 23.59433 -31.08117
2 24 -75.41756 23.59433 -34.64567 -75.02776 23.59433 -33.80974
2 24 -74.70866 23.59433 -32 -74.78905 23.59433 -31.08117
4 16 -74.78905 23.59433 -31.08117 -75.41756 23.59433 -34.64567 -75.9466 23.59433 -35.40121 -75.02776 23.59433 -30.19026
2 24 -75.9466 23.59433 -35.40121 -75.41756 23.59433 -34.64567
2 24 -74.78905 23.59433 -31.08117 -75.02776 23.59433 -30.19026
4 16 -75.02776 23.59433 -30.19026 -75.9466 23.59433 -35.40121 -76.59879 23.59433 -36.0534 -77.35433 23.59433 -36.58243
2 24 -76.59879 23.59433 -36.0534 -75.9466 23.59433 -35.40121
2 24 -77.35433 23.59433 -36.58243 -76.59879 23.59433 -36.0534
4 16 -84.0534 23.59433 -35.40121 -79.08117 23.59433 -37.21095 -80 23.59433 -37.29134 -80.91883 23.59433 -37.21095
2 24 -80 23.59433 -37.29134 -79.08117 23.59433 -37.21095
2 24 -80.91883 23.59433 -37.21095 -80 23.59433 -37.29134
4 16 -84.97223 23.59433 -33.80974 -85.21095 23.59433 -32.91883 -85.29134 23.59433 -32 -79.08117 23.59433 -37.21095
2 24 -85.21095 23.59433 -32.91883 -84.97223 23.59433 -33.80974
2 24 -85.29134 23.59433 -32 -85.21095 23.59433 -32.91883
4 16 -79.08117 23.59433 -37.21095 -85.29134 23.59433 -32 -85.21095 23.59433 -31.08117 -84.97223 23.59433 -30.19026
2 24 -85.21095 23.59433 -31.08117 -85.29134 23.59433 -32
2 24 -84.97223 23.59433 -30.19026 -85.21095 23.59433 -31.08117
4 16 -79.08117 23.59433 -37.21095 -84.97223 23.59433 -30.19026 -84.58243 23.59433 -29.35433 -84.0534 23.59433 -28.59879
2 24 -84.58243 23.59433 -29.35433 -84.97223 23.59433 -30.19026
2 24 -84.0534 23.59433 -28.59879 -84.58243 23.59433 -29.35433

3 16 73.65824 35.45701 27.43993 66.12382 35.45701 19.90551 73.03452 35.45701 28.46528
2 24 66.12382 35.45701 19.90551 73.65824 35.45701 27.43993
2 24 73.65824 35.45701 27.43993 73.03452 35.45701 28.46528
4 16 73.03452 35.45701 28.46528 66.12382 35.45701 19.90551 61.87617 35.45701 19.90551 72.57524 35.45701 29.57409
2 24 61.87617 35.45701 19.90551 66.12382 35.45701 19.90551
2 24 73.03452 35.45701 28.46528 72.57524 35.45701 29.57409
4 16 72.57524 35.45701 29.57409 61.87617 35.45701 19.90551 54.34176 35.45701 27.43993 54.96548 35.45701 28.46528
2 24 54.34176 35.45701 27.43993 61.87617 35.45701 19.90551
2 24 54.96548 35.45701 28.46528 54.34176 35.45701 27.43993
3 16 55.70875 35.45701 30.74016 72.29125 35.45701 30.74016 55.42476 35.45701 29.57409
2 24 72.29125 35.45701 30.74016 55.70875 35.45701 30.74016
2 24 55.70875 35.45701 30.74016 55.42476 35.45701 29.57409
4 16 55.42476 35.45701 29.57409 72.29125 35.45701 30.74016 72.57524 35.45701 29.57409 54.96548 35.45701 28.46528
2 24 72.57524 35.45701 29.57409 72.29125 35.45701 30.74016
2 24 55.42476 35.45701 29.57409 54.96548 35.45701 28.46528

3 16 41.65825 35.45701 27.43993 34.12382 35.45701 19.90551 41.03452 35.45701 28.46528
2 24 34.12382 35.45701 19.90551 41.65825 35.45701 27.43993
2 24 41.65825 35.45701 27.43993 41.03452 35.45701 28.46528
4 16 41.03452 35.45701 28.46528 34.12382 35.45701 19.90551 29.87617 35.45701 19.90551 40.57524 35.45701 29.57409
2 24 29.87617 35.45701 19.90551 34.12382 35.45701 19.90551
2 24 41.03452 35.45701 28.46528 40.57524 35.45701 29.57409
4 16 40.57524 35.45701 29.57409 29.87617 35.45701 19.90551 22.34175 35.45701 27.43993 22.96548 35.45701 28.46528
2 24 22.34175 35.45701 27.43993 29.87617 35.45701 19.90551
2 24 22.96548 35.45701 28.46528 22.34175 35.45701 27.43993
3 16 23.70875 35.45701 30.74016 40.29125 35.45701 30.74016 23.42476 35.45701 29.57409
2 24 40.29125 35.45701 30.74016 23.70875 35.45701 30.74016
2 24 23.70875 35.45701 30.74016 23.42476 35.45701 29.57409
4 16 23.42476 35.45701 29.57409 40.29125 35.45701 30.74016 40.57524 35.45701 29.57409 22.96548 35.45701 28.46528
2 24 40.57524 35.45701 29.57409 40.29125 35.45701 30.74016
2 24 23.42476 35.45701 29.57409 22.96548 35.45701 28.46528

3 16 -8.291246 35.45701 30.74016 8.291246 35.45701 30.74016 -8.575242 35.45701 29.57409
2 24 8.291246 35.45701 30.74016 -8.291246 35.45701 30.74016
2 24 -8.291246 35.45701 30.74016 -8.575242 35.45701 29.57409
4 16 -8.575242 35.45701 29.57409 8.291246 35.45701 30.74016 8.575242 35.45701 29.57409 -9.034523 35.45701 28.46528
2 24 8.575242 35.45701 29.57409 8.291246 35.45701 30.74016
2 24 -8.575242 35.45701 29.57409 -9.034523 35.45701 28.46528
3 16 9.658244 35.45701 27.43993 2.123825 35.45701 19.90551 9.034523 35.45701 28.46528
2 24 2.123825 35.45701 19.90551 9.658244 35.45701 27.43993
2 24 9.658244 35.45701 27.43993 9.034523 35.45701 28.46528
4 16 9.034523 35.45701 28.46528 2.123825 35.45701 19.90551 -2.123825 35.45701 19.90551 8.575242 35.45701 29.57409
2 24 -2.123825 35.45701 19.90551 2.123825 35.45701 19.90551
2 24 9.034523 35.45701 28.46528 8.575242 35.45701 29.57409
4 16 8.575242 35.45701 29.57409 -2.123825 35.45701 19.90551 -9.658244 35.45701 27.43993 -9.034523 35.45701 28.46528
2 24 -9.658244 35.45701 27.43993 -2.123825 35.45701 19.90551
2 24 -9.034523 35.45701 28.46528 -9.658244 35.45701 27.43993

3 16 -22.34175 35.45701 27.43993 -29.87617 35.45701 19.90551 -22.96548 35.45701 28.46528
2 24 -29.87617 35.45701 19.90551 -22.34175 35.45701 27.43993
2 24 -22.34175 35.45701 27.43993 -22.96548 35.45701 28.46528
4 16 -22.96548 35.45701 28.46528 -29.87617 35.45701 19.90551 -34.12382 35.45701 19.90551 -23.42476 35.45701 29.57409
2 24 -34.12382 35.45701 19.90551 -29.87617 35.45701 19.90551
2 24 -22.96548 35.45701 28.46528 -23.42476 35.45701 29.57409
4 16 -23.42476 35.45701 29.57409 -34.12382 35.45701 19.90551 -41.65825 35.45701 27.43993 -41.03452 35.45701 28.46528
2 24 -41.65825 35.45701 27.43993 -34.12382 35.45701 19.90551
2 24 -41.03452 35.45701 28.46528 -41.65825 35.45701 27.43993
3 16 -40.29125 35.45701 30.74016 -23.70875 35.45701 30.74016 -40.57524 35.45701 29.57409
2 24 -23.70875 35.45701 30.74016 -40.29125 35.45701 30.74016
2 24 -40.29125 35.45701 30.74016 -40.57524 35.45701 29.57409
4 16 -40.57524 35.45701 29.57409 -23.70875 35.45701 30.74016 -23.42476 35.45701 29.57409 -41.03452 35.45701 28.46528
2 24 -23.42476 35.45701 29.57409 -23.70875 35.45701 30.74016
2 24 -40.57524 35.45701 29.57409 -41.03452 35.45701 28.46528

3 16 -54.34176 35.45701 27.43993 -61.87617 35.45701 19.90551 -54.96548 35.45701 28.46528
2 24 -61.87617 35.45701 19.90551 -54.34176 35.45701 27.43993
2 24 -54.34176 35.45701 27.43993 -54.96548 35.45701 28.46528
4 16 -54.96548 35.45701 28.46528 -61.87617 35.45701 19.90551 -66.12382 35.45701 19.90551 -55.42476 35.45701 29.57409
2 24 -66.12382 35.45701 19.90551 -61.87617 35.45701 19.90551
2 24 -54.96548 35.45701 28.46528 -55.42476 35.45701 29.57409
4 16 -55.42476 35.45701 29.57409 -66.12382 35.45701 19.90551 -73.65824 35.45701 27.43993 -73.03452 35.45701 28.46528
2 24 -73.65824 35.45701 27.43993 -66.12382 35.45701 19.90551
2 24 -73.03452 35.45701 28.46528 -73.65824 35.45701 27.43993
3 16 -72.29125 35.45701 30.74016 -55.70875 35.45701 30.74016 -72.57524 35.45701 29.57409
2 24 -55.70875 35.45701 30.74016 -72.29125 35.45701 30.74016
2 24 -72.29125 35.45701 30.74016 -72.57524 35.45701 29.57409
4 16 -72.57524 35.45701 29.57409 -55.70875 35.45701 30.74016 -55.42476 35.45701 29.57409 -73.03452 35.45701 28.46528
2 24 -55.42476 35.45701 29.57409 -55.70875 35.45701 30.74016
2 24 -72.57524 35.45701 29.57409 -73.03452 35.45701 28.46528

4 16 -55.70875 35.45701 33.25984 -72.29125 35.45701 33.25984 -72.57524 35.45701 34.42591 -55.42476 35.45701 34.42591
2 24 -72.29125 35.45701 33.25984 -55.70875 35.45701 33.25984
2 24 -72.57524 35.45701 34.42591 -72.29125 35.45701 33.25984
2 24 -55.70875 35.45701 33.25984 -55.42476 35.45701 34.42591
3 16 -61.87617 35.45701 44.09449 -54.34176 35.45701 36.56007 -66.12382 35.45701 44.09449
2 24 -54.34176 35.45701 36.56007 -61.87617 35.45701 44.09449
2 24 -61.87617 35.45701 44.09449 -66.12382 35.45701 44.09449
4 16 -66.12382 35.45701 44.09449 -54.34176 35.45701 36.56007 -54.96548 35.45701 35.53471 -73.65824 35.45701 36.56007
2 24 -54.96548 35.45701 35.53471 -54.34176 35.45701 36.56007
2 24 -66.12382 35.45701 44.09449 -73.65824 35.45701 36.56007
4 16 -73.65824 35.45701 36.56007 -54.96548 35.45701 35.53471 -55.42476 35.45701 34.42591 -73.03452 35.45701 35.53471
2 24 -55.42476 35.45701 34.42591 -54.96548 35.45701 35.53471
2 24 -73.65824 35.45701 36.56007 -73.03452 35.45701 35.53471
3 16 -73.03452 35.45701 35.53471 -55.42476 35.45701 34.42591 -72.57524 35.45701 34.42591
2 24 -73.03452 35.45701 35.53471 -72.57524 35.45701 34.42591

4 16 -29.87617 35.45701 44.09449 -22.34175 35.45701 36.56007 -22.96548 35.45701 35.53471 -34.12382 35.45701 44.09449
2 24 -22.34175 35.45701 36.56007 -29.87617 35.45701 44.09449
2 24 -22.96548 35.45701 35.53471 -22.34175 35.45701 36.56007
2 24 -29.87617 35.45701 44.09449 -34.12382 35.45701 44.09449
3 16 -23.70875 35.45701 33.25984 -40.29125 35.45701 33.25984 -23.42476 35.45701 34.42591
2 24 -40.29125 35.45701 33.25984 -23.70875 35.45701 33.25984
2 24 -23.70875 35.45701 33.25984 -23.42476 35.45701 34.42591
4 16 -23.42476 35.45701 34.42591 -40.29125 35.45701 33.25984 -40.57524 35.45701 34.42591 -22.96548 35.45701 35.53471
2 24 -40.57524 35.45701 34.42591 -40.29125 35.45701 33.25984
2 24 -23.42476 35.45701 34.42591 -22.96548 35.45701 35.53471
4 16 -22.96548 35.45701 35.53471 -40.57524 35.45701 34.42591 -41.03452 35.45701 35.53471 -34.12382 35.45701 44.09449
2 24 -41.03452 35.45701 35.53471 -40.57524 35.45701 34.42591
3 16 -34.12382 35.45701 44.09449 -41.03452 35.45701 35.53471 -41.65825 35.45701 36.56007
2 24 -41.65825 35.45701 36.56007 -41.03452 35.45701 35.53471
2 24 -34.12382 35.45701 44.09449 -41.65825 35.45701 36.56007

4 16 -9.658244 35.45701 36.56007 -2.123825 35.45701 44.09449 2.123825 35.45701 44.09449 -9.034523 35.45701 35.53471
2 24 -2.123825 35.45701 44.09449 -9.658244 35.45701 36.56007
2 24 2.123825 35.45701 44.09449 -2.123825 35.45701 44.09449
2 24 -9.658244 35.45701 36.56007 -9.034523 35.45701 35.53471
4 16 8.575242 35.45701 34.42591 8.291246 35.45701 33.25984 -8.291246 35.45701 33.25984 -8.575242 35.45701 34.42591
2 24 8.291246 35.45701 33.25984 8.575242 35.45701 34.42591
2 24 -8.291246 35.45701 33.25984 8.291246 35.45701 33.25984
2 24 -8.575242 35.45701 34.42591 -8.291246 35.45701 33.25984
4 16 8.575242 35.45701 34.42591 -8.575242 35.45701 34.42591 -9.034523 35.45701 35.53471 9.034523 35.45701 35.53471
2 24 -9.034523 35.45701 35.53471 -8.575242 35.45701 34.42591
2 24 8.575242 35.45701 34.42591 9.034523 35.45701 35.53471
4 16 9.034523 35.45701 35.53471 -9.034523 35.45701 35.53471 2.123825 35.45701 44.09449 9.658244 35.45701 36.56007
2 24 9.658244 35.45701 36.56007 2.123825 35.45701 44.09449
2 24 9.034523 35.45701 35.53471 9.658244 35.45701 36.56007

3 16 40.29125 35.45701 33.25984 23.70875 35.45701 33.25984 40.57524 35.45701 34.42591
2 24 23.70875 35.45701 33.25984 40.29125 35.45701 33.25984
2 24 40.29125 35.45701 33.25984 40.57524 35.45701 34.42591
4 16 40.57524 35.45701 34.42591 23.70875 35.45701 33.25984 23.42476 35.45701 34.42591 41.03452 35.45701 35.53471
2 24 23.42476 35.45701 34.42591 23.70875 35.45701 33.25984
2 24 40.57524 35.45701 34.42591 41.03452 35.45701 35.53471
3 16 22.34175 35.45701 36.56007 29.87617 35.45701 44.09449 22.96548 35.45701 35.53471
2 24 29.87617 35.45701 44.09449 22.34175 35.45701 36.56007
2 24 22.34175 35.45701 36.56007 22.96548 35.45701 35.53471
4 16 22.96548 35.45701 35.53471 29.87617 35.45701 44.09449 34.12382 35.45701 44.09449 23.42476 35.45701 34.42591
2 24 34.12382 35.45701 44.09449 29.87617 35.45701 44.09449
2 24 22.96548 35.45701 35.53471 23.42476 35.45701 34.42591
4 16 23.42476 35.45701 34.42591 34.12382 35.45701 44.09449 41.65825 35.45701 36.56007 41.03452 35.45701 35.53471
2 24 41.65825 35.45701 36.56007 34.12382 35.45701 44.09449
2 24 41.03452 35.45701 35.53471 41.65825 35.45701 36.56007

4 16 72.29125 35.45701 33.25984 55.70875 35.45701 33.25984 55.42476 35.45701 34.42591 72.57524 35.45701 34.42591
2 24 55.70875 35.45701 33.25984 72.29125 35.45701 33.25984
2 24 55.42476 35.45701 34.42591 55.70875 35.45701 33.25984
2 24 72.29125 35.45701 33.25984 72.57524 35.45701 34.42591
3 16 66.12382 35.45701 44.09449 73.65824 35.45701 36.56007 61.87617 35.45701 44.09449
2 24 73.65824 35.45701 36.56007 66.12382 35.45701 44.09449
2 24 66.12382 35.45701 44.09449 61.87617 35.45701 44.09449
4 16 61.87617 35.45701 44.09449 73.65824 35.45701 36.56007 73.03452 35.45701 35.53471 54.34176 35.45701 36.56007
2 24 73.03452 35.45701 35.53471 73.65824 35.45701 36.56007
2 24 61.87617 35.45701 44.09449 54.34176 35.45701 36.56007
4 16 54.34176 35.45701 36.56007 73.03452 35.45701 35.53471 72.57524 35.45701 34.42591 54.96548 35.45701 35.53471
2 24 72.57524 35.45701 34.42591 73.03452 35.45701 35.53471
2 24 54.34176 35.45701 36.56007 54.96548 35.45701 35.53471
3 16 54.96548 35.45701 35.53471 72.57524 35.45701 34.42591 55.42476 35.45701 34.42591
2 24 54.96548 35.45701 35.53471 55.42476 35.45701 34.42591

3 16 75.02776 23.59433 30.19026 81.80974 23.59433 36.97223 82.64567 23.59433 36.58243
2 24 82.64567 23.59433 36.58243 81.80974 23.59433 36.97223
3 16 84.0534 23.59433 35.40121 84.58243 23.59433 34.64567 75.9466 23.59433 28.59879
2 24 84.58243 23.59433 34.64567 84.0534 23.59433 35.40121
4 16 75.9466 23.59433 28.59879 84.58243 23.59433 34.64567 84.97223 23.59433 33.80974 85.21095 23.59433 32.91883
2 24 84.97223 23.59433 33.80974 84.58243 23.59433 34.64567
2 24 85.21095 23.59433 32.91883 84.97223 23.59433 33.80974
4 16 75.9466 23.59433 28.59879 85.21095 23.59433 32.91883 85.29134 23.59433 32 85.21095 23.59433 31.08117
2 24 85.29134 23.59433 32 85.21095 23.59433 32.91883
2 24 85.21095 23.59433 31.08117 85.29134 23.59433 32
4 16 85.21095 23.59433 31.08117 84.97223 23.59433 30.19026 84.58243 23.59433 29.35433 75.9466 23.59433 28.59879
2 24 84.97223 23.59433 30.19026 85.21095 23.59433 31.08117
2 24 84.58243 23.59433 29.35433 84.97223 23.59433 30.19026
4 16 75.9466 23.59433 28.59879 84.58243 23.59433 29.35433 84.0534 23.59433 28.59879 83.4012 23.59433 27.9466
2 24 84.0534 23.59433 28.59879 84.58243 23.59433 29.35433
2 24 83.4012 23.59433 27.9466 84.0534 23.59433 28.59879
4 16 75.9466 23.59433 28.59879 83.4012 23.59433 27.9466 82.64567 23.59433 27.41757 76.59879 23.59433 27.9466
2 24 82.64567 23.59433 27.41757 83.4012 23.59433 27.9466
2 24 75.9466 23.59433 28.59879 76.59879 23.59433 27.9466
4 16 75.9466 23.59433 28.59879 75.41756 23.59433 29.35433 75.02776 23.59433 30.19026 84.0534 23.59433 35.40121
2 24 75.41756 23.59433 29.35433 75.9466 23.59433 28.59879
2 24 75.02776 23.59433 30.19026 75.41756 23.59433 29.35433
4 16 84.0534 23.59433 35.40121 75.02776 23.59433 30.19026 82.64567 23.59433 36.58243 83.4012 23.59433 36.0534
2 24 83.4012 23.59433 36.0534 82.64567 23.59433 36.58243
2 24 84.0534 23.59433 35.40121 83.4012 23.59433 36.0534
4 16 81.80974 23.59433 27.02777 80.91883 23.59433 26.78905 78.19025 23.59433 27.02777 82.64567 23.59433 27.41757
2 24 80.91883 23.59433 26.78905 81.80974 23.59433 27.02777
2 24 81.80974 23.59433 27.02777 82.64567 23.59433 27.41757
4 16 78.19025 23.59433 27.02777 80.91883 23.59433 26.78905 80 23.59433 26.70866 79.08117 23.59433 26.78905
2 24 80 23.59433 26.70866 80.91883 23.59433 26.78905
2 24 79.08117 23.59433 26.78905 80 23.59433 26.70866
2 24 78.19025 23.59433 27.02777 79.08117 23.59433 26.78905
4 16 82.64567 23.59433 27.41757 78.19025 23.59433 27.02777 77.35433 23.59433 27.41757 76.59879 23.59433 27.9466
2 24 77.35433 23.59433 27.41757 78.19025 23.59433 27.02777
2 24 76.59879 23.59433 27.9466 77.35433 23.59433 27.41757
4 16 74.78905 23.59433 31.08117 74.70866 23.59433 32 80 23.59433 37.29134 75.02776 23.59433 30.19026
2 24 74.70866 23.59433 32 74.78905 23.59433 31.08117
2 24 74.78905 23.59433 31.08117 75.02776 23.59433 30.19026
4 16 75.02776 23.59433 30.19026 80 23.59433 37.29134 80.91883 23.59433 37.21095 81.80974 23.59433 36.97223
2 24 80.91883 23.59433 37.21095 80 23.59433 37.29134
2 24 81.80974 23.59433 36.97223 80.91883 23.59433 37.21095
4 16 80 23.59433 37.29134 74.70866 23.59433 32 74.78905 23.59433 32.91883 75.02776 23.59433 33.80974
2 24 74.78905 23.59433 32.91883 74.70866 23.59433 32
2 24 75.02776 23.59433 33.80974 74.78905 23.59433 32.91883
4 16 75.02776 23.59433 33.80974 75.41756 23.59433 34.64567 75.9466 23.59433 35.40121 80 23.59433 37.29134
2 24 75.41756 23.59433 34.64567 75.02776 23.59433 33.80974
2 24 75.9466 23.59433 35.40121 75.41756 23.59433 34.64567
4 16 80 23.59433 37.29134 75.9466 23.59433 35.40121 76.59879 23.59433 36.0534 77.35433 23.59433 36.58243
2 24 76.59879 23.59433 36.0534 75.9466 23.59433 35.40121
2 24 77.35433 23.59433 36.58243 76.59879 23.59433 36.0534
4 16 80 23.59433 37.29134 77.35433 23.59433 36.58243 78.19025 23.59433 36.97223 79.08117 23.59433 37.21095
2 24 78.19025 23.59433 36.97223 77.35433 23.59433 36.58243
2 24 79.08117 23.59433 37.21095 78.19025 23.59433 36.97223
2 24 80 23.59433 37.29134 79.08117 23.59433 37.21095

3 16 53.29134 23.59433 32 53.21095 23.59433 31.08117 42.78905 23.59433 31.08117
2 24 53.21095 23.59433 31.08117 53.29134 23.59433 32
3 16 49.80974 23.59433 27.02777 48.91883 23.59433 26.78905 42.78905 23.59433 31.08117
2 24 48.91883 23.59433 26.78905 49.80974 23.59433 27.02777
3 16 43.41757 23.59433 34.64567 43.9466 23.59433 35.40121 43.02777 23.59433 33.80974
2 24 43.9466 23.59433 35.40121 43.41757 23.59433 34.64567
2 24 43.41757 23.59433 34.64567 43.02777 23.59433 33.80974
4 16 43.02777 23.59433 33.80974 43.9466 23.59433 35.40121 44.59879 23.59433 36.0534 42.78905 23.59433 32.91883
2 24 44.59879 23.59433 36.0534 43.9466 23.59433 35.40121
2 24 43.02777 23.59433 33.80974 42.78905 23.59433 32.91883
4 16 45.35433 23.59433 36.58243 46.19025 23.59433 36.97223 42.78905 23.59433 31.08117 44.59879 23.59433 36.0534
2 24 46.19025 23.59433 36.97223 45.35433 23.59433 36.58243
2 24 45.35433 23.59433 36.58243 44.59879 23.59433 36.0534
3 16 42.78905 23.59433 31.08117 46.19025 23.59433 36.97223 47.08117 23.59433 37.21095
2 24 47.08117 23.59433 37.21095 46.19025 23.59433 36.97223
4 16 42.78905 23.59433 31.08117 47.08117 23.59433 37.21095 48 23.59433 37.29134 48.91883 23.59433 37.21095
2 24 48 23.59433 37.29134 47.08117 23.59433 37.21095
2 24 48.91883 23.59433 37.21095 48 23.59433 37.29134
4 16 42.78905 23.59433 31.08117 48.91883 23.59433 37.21095 49.80974 23.59433 36.97223 50.64567 23.59433 36.58243
2 24 49.80974 23.59433 36.97223 48.91883 23.59433 37.21095
2 24 50.64567 23.59433 36.58243 49.80974 23.59433 36.97223
4 16 53.21095 23.59433 31.08117 52.97223 23.59433 30.19026 52.58243 23.59433 29.35433 42.78905 23.59433 31.08117
2 24 52.97223 23.59433 30.19026 53.21095 23.59433 31.08117
2 24 52.58243 23.59433 29.35433 52.97223 23.59433 30.19026
4 16 42.78905 23.59433 31.08117 52.58243 23.59433 29.35433 52.0534 23.59433 28.59879 51.40121 23.59433 27.9466
2 24 52.0534 23.59433 28.59879 52.58243 23.59433 29.35433
2 24 51.40121 23.59433 27.9466 52.0534 23.59433 28.59879
4 16 44.59879 23.59433 36.0534 42.78905 23.59433 31.08117 42.70866 23.59433 32 42.78905 23.59433 32.91883
2 24 42.70866 23.59433 32 42.78905 23.59433 31.08117
2 24 42.78905 23.59433 32.91883 42.70866 23.59433 32
4 16 42.78905 23.59433 31.08117 51.40121 23.59433 27.9466 50.64567 23.59433 27.41757 49.80974 23.59433 27.02777
2 24 50.64567 23.59433 27.41757 51.40121 23.59433 27.9466
2 24 49.80974 23.59433 27.02777 50.64567 23.59433 27.41757
4 16 48.91883 23.59433 26.78905 48 23.59433 26.70866 47.08117 23.59433 26.78905 42.78905 23.59433 31.08117
2 24 48 23.59433 26.70866 48.91883 23.59433 26.78905
2 24 47.08117 23.59433 26.78905 48 23.59433 26.70866
4 16 42.78905 23.59433 31.08117 47.08117 23.59433 26.78905 46.19025 23.59433 27.02777 45.35433 23.59433 27.41757
2 24 46.19025 23.59433 27.02777 47.08117 23.59433 26.78905
2 24 45.35433 23.59433 27.41757 46.19025 23.59433 27.02777
4 16 42.78905 23.59433 31.08117 43.9466 23.59433 28.59879 43.41757 23.59433 29.35433 43.02777 23.59433 30.19026
2 24 43.41757 23.59433 29.35433 43.9466 23.59433 28.59879
2 24 43.02777 23.59433 30.19026 43.41757 23.59433 29.35433
2 24 42.78905 23.59433 31.08117 43.02777 23.59433 30.19026
4 16 50.64567 23.59433 36.58243 51.40121 23.59433 36.0534 52.0534 23.59433 35.40121 42.78905 23.59433 31.08117
2 24 51.40121 23.59433 36.0534 50.64567 23.59433 36.58243
2 24 52.0534 23.59433 35.40121 51.40121 23.59433 36.0534
4 16 42.78905 23.59433 31.08117 52.0534 23.59433 35.40121 52.58243 23.59433 34.64567 52.97223 23.59433 33.80974
2 24 52.58243 23.59433 34.64567 52.0534 23.59433 35.40121
2 24 52.97223 23.59433 33.80974 52.58243 23.59433 34.64567
4 16 42.78905 23.59433 31.08117 52.97223 23.59433 33.80974 53.21095 23.59433 32.91883 53.29134 23.59433 32
2 24 53.21095 23.59433 32.91883 52.97223 23.59433 33.80974
2 24 53.29134 23.59433 32 53.21095 23.59433 32.91883
4 16 42.78905 23.59433 31.08117 45.35433 23.59433 27.41757 44.59879 23.59433 27.9466 43.9466 23.59433 28.59879
2 24 44.59879 23.59433 27.9466 45.35433 23.59433 27.41757
2 24 43.9466 23.59433 28.59879 44.59879 23.59433 27.9466

4 16 14.19026 23.59433 36.97223 15.08117 23.59433 37.21095 12.59879 23.59433 27.9466 13.35433 23.59433 36.58243
2 24 15.08117 23.59433 37.21095 14.19026 23.59433 36.97223
2 24 14.19026 23.59433 36.97223 13.35433 23.59433 36.58243
3 16 12.59879 23.59433 27.9466 15.08117 23.59433 37.21095 13.35433 23.59433 27.41757
2 24 12.59879 23.59433 27.9466 13.35433 23.59433 27.41757
4 16 12.59879 23.59433 36.0534 13.35433 23.59433 36.58243 11.41757 23.59433 29.35433 11.02777 23.59433 30.19026
2 24 13.35433 23.59433 36.58243 12.59879 23.59433 36.0534
2 24 11.02777 23.59433 30.19026 11.41757 23.59433 29.35433
4 16 16 23.59433 26.70866 15.08117 23.59433 26.78905 15.08117 23.59433 37.21095 16.91883 23.59433 26.78905
2 24 15.08117 23.59433 26.78905 16 23.59433 26.70866
2 24 16 23.59433 26.70866 16.91883 23.59433 26.78905
4 16 15.08117 23.59433 37.21095 15.08117 23.59433 26.78905 14.19026 23.59433 27.02777 13.35433 23.59433 27.41757
2 24 14.19026 23.59433 27.02777 15.08117 23.59433 26.78905
2 24 13.35433 23.59433 27.41757 14.19026 23.59433 27.02777
3 16 16.91883 23.59433 37.21095 17.80974 23.59433 36.97223 16.91883 23.59433 26.78905
2 24 17.80974 23.59433 36.97223 16.91883 23.59433 37.21095
4 16 16.91883 23.59433 26.78905 17.80974 23.59433 36.97223 18.64567 23.59433 36.58243 19.40121 23.59433 36.0534
2 24 18.64567 23.59433 36.58243 17.80974 23.59433 36.97223
2 24 19.40121 23.59433 36.0534 18.64567 23.59433 36.58243
3 16 20.58243 23.59433 34.64567 20.97223 23.59433 33.80974 16.91883 23.59433 26.78905
2 24 20.97223 23.59433 33.80974 20.58243 23.59433 34.64567
4 16 16.91883 23.59433 26.78905 20.97223 23.59433 33.80974 21.21095 23.59433 32.91883 21.29134 23.59433 32
2 24 21.21095 23.59433 32.91883 20.97223 23.59433 33.80974
2 24 21.29134 23.59433 32 21.21095 23.59433 32.91883
4 16 18.64567 23.59433 27.41757 17.80974 23.59433 27.02777 20.58243 23.59433 29.35433 19.40121 23.59433 27.9466
2 24 17.80974 23.59433 27.02777 18.64567 23.59433 27.41757
2 24 18.64567 23.59433 27.41757 19.40121 23.59433 27.9466
3 16 19.40121 23.59433 27.9466 20.58243 23.59433 29.35433 20.0534 23.59433 28.59879
2 24 20.0534 23.59433 28.59879 20.58243 23.59433 29.35433
2 24 19.40121 23.59433 27.9466 20.0534 23.59433 28.59879
4 16 20.58243 23.59433 29.35433 17.80974 23.59433 27.02777 16.91883 23.59433 26.78905 20.97223 23.59433 30.19026
2 24 16.91883 23.59433 26.78905 17.80974 23.59433 27.02777
2 24 20.58243 23.59433 29.35433 20.97223 23.59433 30.19026
4 16 13.35433 23.59433 36.58243 12.59879 23.59433 27.9466 11.9466 23.59433 28.59879 11.41757 23.59433 29.35433
2 24 11.9466 23.59433 28.59879 12.59879 23.59433 27.9466
2 24 11.41757 23.59433 29.35433 11.9466 23.59433 28.59879
4 16 16.91883 23.59433 26.78905 15.08117 23.59433 37.21095 16 23.59433 37.29134 16.91883 23.59433 37.21095
2 24 16 23.59433 37.29134 15.08117 23.59433 37.21095
2 24 16.91883 23.59433 37.21095 16 23.59433 37.29134
4 16 16.91883 23.59433 26.78905 19.40121 23.59433 36.0534 20.0534 23.59433 35.40121 20.58243 23.59433 34.64567
2 24 20.0534 23.59433 35.40121 19.40121 23.59433 36.0534
2 24 20.58243 23.59433 34.64567 20.0534 23.59433 35.40121
4 16 16.91883 23.59433 26.78905 21.29134 23.59433 32 21.21095 23.59433 31.08117 20.97223 23.59433 30.19026
2 24 21.21095 23.59433 31.08117 21.29134 23.59433 32
2 24 20.97223 23.59433 30.19026 21.21095 23.59433 31.08117
4 16 10.78905 23.59433 31.08117 10.70866 23.59433 32 11.41757 23.59433 34.64567 11.02777 23.59433 30.19026
2 24 10.70866 23.59433 32 10.78905 23.59433 31.08117
2 24 10.78905 23.59433 31.08117 11.02777 23.59433 30.19026
4 16 11.41757 23.59433 34.64567 10.70866 23.59433 32 10.78905 23.59433 32.91883 11.02777 23.59433 33.80974
2 24 10.78905 23.59433 32.91883 10.70866 23.59433 32
2 24 11.02777 23.59433 33.80974 10.78905 23.59433 32.91883
2 24 11.41757 23.59433 34.64567 11.02777 23.59433 33.80974
4 16 11.02777 23.59433 30.19026 11.41757 23.59433 34.64567 11.9466 23.59433 35.40121 12.59879 23.59433 36.0534
2 24 11.9466 23.59433 35.40121 11.41757 23.59433 34.64567
2 24 12.59879 23.59433 36.0534 11.9466 23.59433 35.40121

3 16 -19.40121 23.59433 27.9466 -20.0534 23.59433 28.59879 -20.58243 23.59433 34.64567
2 24 -20.0534 23.59433 28.59879 -19.40121 23.59433 27.9466
4 16 -13.35433 23.59433 27.41757 -14.19026 23.59433 27.02777 -15.08117 23.59433 26.78905 -14.19026 23.59433 36.97223
2 24 -14.19026 23.59433 27.02777 -13.35433 23.59433 27.41757
2 24 -15.08117 23.59433 26.78905 -14.19026 23.59433 27.02777
4 16 -14.19026 23.59433 36.97223 -15.08117 23.59433 26.78905 -16 23.59433 26.70866 -16.91883 23.59433 26.78905
2 24 -16 23.59433 26.70866 -15.08117 23.59433 26.78905
2 24 -16.91883 23.59433 26.78905 -16 23.59433 26.70866
3 16 -20.0534 23.59433 35.40121 -17.80974 23.59433 27.02777 -20.58243 23.59433 34.64567
2 24 -20.0534 23.59433 35.40121 -20.58243 23.59433 34.64567
4 16 -20.58243 23.59433 34.64567 -17.80974 23.59433 27.02777 -18.64567 23.59433 27.41757 -19.40121 23.59433 27.9466
2 24 -18.64567 23.59433 27.41757 -17.80974 23.59433 27.02777
2 24 -19.40121 23.59433 27.9466 -18.64567 23.59433 27.41757
4 16 -14.19026 23.59433 36.97223 -16.91883 23.59433 26.78905 -17.80974 23.59433 27.02777 -15.08117 23.59433 37.21095
2 24 -17.80974 23.59433 27.02777 -16.91883 23.59433 26.78905
2 24 -14.19026 23.59433 36.97223 -15.08117 23.59433 37.21095
4 16 -20.0534 23.59433 28.59879 -20.58243 23.59433 29.35433 -20.97223 23.59433 30.19026 -20.58243 23.59433 34.64567
2 24 -20.58243 23.59433 29.35433 -20.0534 23.59433 28.59879
2 24 -20.97223 23.59433 30.19026 -20.58243 23.59433 29.35433
4 16 -20.58243 23.59433 34.64567 -20.97223 23.59433 30.19026 -21.21095 23.59433 31.08117 -21.29134 23.59433 32
2 24 -21.21095 23.59433 31.08117 -20.97223 23.59433 30.19026
2 24 -21.29134 23.59433 32 -21.21095 23.59433 31.08117
4 16 -20.58243 23.59433 34.64567 -21.29134 23.59433 32 -21.21095 23.59433 32.91883 -20.97223 23.59433 33.80974
2 24 -21.21095 23.59433 32.91883 -21.29134 23.59433 32
2 24 -20.97223 23.59433 33.80974 -21.21095 23.59433 32.91883
2 24 -20.58243 23.59433 34.64567 -20.97223 23.59433 33.80974
4 16 -20.0534 23.59433 35.40121 -19.40121 23.59433 36.0534 -18.64567 23.59433 36.58243 -17.80974 23.59433 27.02777
2 24 -19.40121 23.59433 36.0534 -20.0534 23.59433 35.40121
2 24 -18.64567 23.59433 36.58243 -19.40121 23.59433 36.0534
4 16 -17.80974 23.59433 27.02777 -18.64567 23.59433 36.58243 -17.80974 23.59433 36.97223 -16.91883 23.59433 37.21095
2 24 -17.80974 23.59433 36.97223 -18.64567 23.59433 36.58243
2 24 -16.91883 23.59433 37.21095 -17.80974 23.59433 36.97223
4 16 -17.80974 23.59433 27.02777 -16.91883 23.59433 37.21095 -16 23.59433 37.29134 -15.08117 23.59433 37.21095
2 24 -16 23.59433 37.29134 -16.91883 23.59433 37.21095
2 24 -15.08117 23.59433 37.21095 -16 23.59433 37.29134
4 16 -11.9466 23.59433 35.40121 -11.41757 23.59433 34.64567 -11.02777 23.59433 30.19026 -12.59879 23.59433 36.0534
2 24 -11.41757 23.59433 34.64567 -11.9466 23.59433 35.40121
2 24 -11.9466 23.59433 35.40121 -12.59879 23.59433 36.0534
4 16 -11.02777 23.59433 30.19026 -11.41757 23.59433 34.64567 -11.02777 23.59433 33.80974 -10.78905 23.59433 32.91883
2 24 -11.02777 23.59433 33.80974 -11.41757 23.59433 34.64567
2 24 -10.78905 23.59433 32.91883 -11.02777 23.59433 33.80974
4 16 -12.59879 23.59433 36.0534 -11.02777 23.59433 30.19026 -11.41757 23.59433 29.35433 -11.9466 23.59433 28.59879
2 24 -11.41757 23.59433 29.35433 -11.02777 23.59433 30.19026
2 24 -11.9466 23.59433 28.59879 -11.41757 23.59433 29.35433
4 16 -14.19026 23.59433 36.97223 -13.35433 23.59433 36.58243 -12.59879 23.59433 36.0534 -13.35433 23.59433 27.41757
2 24 -13.35433 23.59433 36.58243 -14.19026 23.59433 36.97223
2 24 -12.59879 23.59433 36.0534 -13.35433 23.59433 36.58243
4 16 -13.35433 23.59433 27.41757 -12.59879 23.59433 36.0534 -11.9466 23.59433 28.59879 -12.59879 23.59433 27.9466
2 24 -12.59879 23.59433 27.9466 -11.9466 23.59433 28.59879
2 24 -13.35433 23.59433 27.41757 -12.59879 23.59433 27.9466
4 16 -11.02777 23.59433 30.19026 -10.78905 23.59433 32.91883 -10.70866 23.59433 32 -10.78905 23.59433 31.08117
2 24 -10.70866 23.59433 32 -10.78905 23.59433 32.91883
2 24 -10.78905 23.59433 31.08117 -10.70866 23.59433 32
2 24 -11.02777 23.59433 30.19026 -10.78905 23.59433 31.08117

4 16 -46.19025 23.59433 27.02777 -47.08117 23.59433 26.78905 -48 23.59433 26.70866 -48.91883 23.59433 37.21095
2 24 -47.08117 23.59433 26.78905 -46.19025 23.59433 27.02777
2 24 -48 23.59433 26.70866 -47.08117 23.59433 26.78905
4 16 -53.21095 23.59433 32.91883 -52.97223 23.59433 33.80974 -49.80974 23.59433 27.02777 -53.29134 23.59433 32
2 24 -52.97223 23.59433 33.80974 -53.21095 23.59433 32.91883
2 24 -53.21095 23.59433 32.91883 -53.29134 23.59433 32
4 16 -48 23.59433 37.29134 -47.08117 23.59433 37.21095 -46.19025 23.59433 36.97223 -43.02777 23.59433 30.19026
2 24 -47.08117 23.59433 37.21095 -48 23.59433 37.29134
2 24 -46.19025 23.59433 36.97223 -47.08117 23.59433 37.21095
4 16 -48.91883 23.59433 37.21095 -48 23.59433 26.70866 -48.91883 23.59433 26.78905 -49.80974 23.59433 27.02777
2 24 -48.91883 23.59433 26.78905 -48 23.59433 26.70866
2 24 -49.80974 23.59433 27.02777 -48.91883 23.59433 26.78905
4 16 -43.02777 23.59433 30.19026 -46.19025 23.59433 36.97223 -45.35433 23.59433 36.58243 -42.78905 23.59433 31.08117
2 24 -45.35433 23.59433 36.58243 -46.19025 23.59433 36.97223
2 24 -43.02777 23.59433 30.19026 -42.78905 23.59433 31.08117
4 16 -48 23.59433 37.29134 -43.02777 23.59433 30.19026 -43.41757 23.59433 29.35433 -48.91883 23.59433 37.21095
2 24 -43.41757 23.59433 29.35433 -43.02777 23.59433 30.19026
2 24 -48 23.59433 37.29134 -48.91883 23.59433 37.21095
4 16 -48.91883 23.59433 37.21095 -43.41757 23.59433 29.35433 -43.9466 23.59433 28.59879 -44.59879 23.59433 27.9466
2 24 -43.9466 23.59433 28.59879 -43.41757 23.59433 29.35433
2 24 -44.59879 23.59433 27.9466 -43.9466 23.59433 28.59879
4 16 -48.91883 23.59433 37.21095 -44.59879 23.59433 27.9466 -45.35433 23.59433 27.41757 -46.19025 23.59433 27.02777
2 24 -45.35433 23.59433 27.41757 -44.59879 23.59433 27.9466
2 24 -46.19025 23.59433 27.02777 -45.35433 23.59433 27.41757
4 16 -53.29134 23.59433 32 -49.80974 23.59433 27.02777 -50.64567 23.59433 27.41757 -51.40121 23.59433 27.9466
2 24 -50.64567 23.59433 27.41757 -49.80974 23.59433 27.02777
2 24 -51.40121 23.59433 27.9466 -50.64567 23.59433 27.41757
4 16 -52.97223 23.59433 33.80974 -52.58243 23.59433 34.64567 -52.0534 23.59433 35.40121 -49.80974 23.59433 27.02777
2 24 -52.58243 23.59433 34.64567 -52.97223 23.59433 33.80974
2 24 -52.0534 23.59433 35.40121 -52.58243 23.59433 34.64567
4 16 -49.80974 23.59433 27.02777 -52.0534 23.59433 35.40121 -51.40121 23.59433 36.0534 -50.64567 23.59433 36.58243
2 24 -51.40121 23.59433 36.0534 -52.0534 23.59433 35.40121
2 24 -50.64567 23.59433 36.58243 -51.40121 23.59433 36.0534
4 16 -49.80974 23.59433 27.02777 -50.64567 23.59433 36.58243 -49.80974 23.59433 36.97223 -48.91883 23.59433 37.21095
2 24 -49.80974 23.59433 36.97223 -50.64567 23.59433 36.58243
2 24 -48.91883 23.59433 37.21095 -49.80974 23.59433 36.97223
4 16 -51.40121 23.59433 27.9466 -52.0534 23.59433 28.59879 -52.58243 23.59433 29.35433 -53.29134 23.59433 32
2 24 -52.0534 23.59433 28.59879 -51.40121 23.59433 27.9466
2 24 -52.58243 23.59433 29.35433 -52.0534 23.59433 28.59879
4 16 -53.29134 23.59433 32 -52.58243 23.59433 29.35433 -52.97223 23.59433 30.19026 -53.21095 23.59433 31.08117
2 24 -52.97223 23.59433 30.19026 -52.58243 23.59433 29.35433
2 24 -53.21095 23.59433 31.08117 -52.97223 23.59433 30.19026
2 24 -53.29134 23.59433 32 -53.21095 23.59433 31.08117
4 16 -44.59879 23.59433 36.0534 -43.9466 23.59433 35.40121 -43.41757 23.59433 34.64567 -43.02777 23.59433 33.80974
2 24 -43.9466 23.59433 35.40121 -44.59879 23.59433 36.0534
2 24 -43.41757 23.59433 34.64567 -43.9466 23.59433 35.40121
2 24 -43.02777 23.59433 33.80974 -43.41757 23.59433 34.64567
4 16 -44.59879 23.59433 36.0534 -43.02777 23.59433 33.80974 -42.78905 23.59433 32.91883 -45.35433 23.59433 36.58243
2 24 -42.78905 23.59433 32.91883 -43.02777 23.59433 33.80974
2 24 -44.59879 23.59433 36.0534 -45.35433 23.59433 36.58243
4 16 -45.35433 23.59433 36.58243 -42.78905 23.59433 32.91883 -42.70866 23.59433 32 -42.78905 23.59433 31.08117
2 24 -42.70866 23.59433 32 -42.78905 23.59433 32.91883
2 24 -42.78905 23.59433 31.08117 -42.70866 23.59433 32

3 16 -84.97223 23.59433 30.19026 -85.21095 23.59433 31.08117 -75.9466 23.59433 28.59879
2 24 -85.21095 23.59433 31.08117 -84.97223 23.59433 30.19026
3 16 -77.35433 23.59433 27.41757 -78.19025 23.59433 27.02777 -79.08117 23.59433 26.78905
2 24 -78.19025 23.59433 27.02777 -77.35433 23.59433 27.41757
2 24 -79.08117 23.59433 26.78905 -78.19025 23.59433 27.02777
4 16 -85.21095 23.59433 31.08117 -85.29134 23.59433 32 -85.21095 23.59433 32.91883 -75.9466 23.59433 28.59879
2 24 -85.29134 23.59433 32 -85.21095 23.59433 31.08117
2 24 -85.21095 23.59433 32.91883 -85.29134 23.59433 32
4 16 -75.9466 23.59433 28.59879 -85.21095 23.59433 32.91883 -84.97223 23.59433 33.80974 -84.58243 23.59433 34.64567
2 24 -84.97223 23.59433 33.80974 -85.21095 23.59433 32.91883
2 24 -84.58243 23.59433 34.64567 -84.97223 23.59433 33.80974
3 16 -83.4012 23.59433 36.0534 -82.64567 23.59433 36.58243 -75.9466 23.59433 28.59879
2 24 -82.64567 23.59433 36.58243 -83.4012 23.59433 36.0534
4 16 -75.9466 23.59433 28.59879 -82.64567 23.59433 36.58243 -81.80974 23.59433 36.97223 -80.91883 23.59433 37.21095
2 24 -81.80974 23.59433 36.97223 -82.64567 23.59433 36.58243
2 24 -80.91883 23.59433 37.21095 -81.80974 23.59433 36.97223
4 16 -77.35433 23.59433 27.41757 -79.08117 23.59433 26.78905 -75.9466 23.59433 28.59879 -76.59879 23.59433 27.9466
2 24 -76.59879 23.59433 27.9466 -75.9466 23.59433 28.59879
2 24 -77.35433 23.59433 27.41757 -76.59879 23.59433 27.9466
4 16 -75.9466 23.59433 28.59879 -84.58243 23.59433 34.64567 -84.0534 23.59433 35.40121 -83.4012 23.59433 36.0534
2 24 -84.0534 23.59433 35.40121 -84.58243 23.59433 34.64567
2 24 -83.4012 23.59433 36.0534 -84.0534 23.59433 35.40121
4 16 -80.91883 23.59433 37.21095 -77.35433 23.59433 36.58243 -76.59879 23.59433 36.0534 -75.9466 23.59433 35.40121
2 24 -76.59879 23.59433 36.0534 -77.35433 23.59433 36.58243
2 24 -75.9466 23.59433 35.40121 -76.59879 23.59433 36.0534
4 16 -75.9466 23.59433 28.59879 -79.08117 23.59433 26.78905 -80 23.59433 26.70866 -80.91883 23.59433 26.78905
2 24 -80 23.59433 26.70866 -79.08117 23.59433 26.78905
2 24 -80.91883 23.59433 26.78905 -80 23.59433 26.70866
4 16 -80.91883 23.59433 26.78905 -81.80974 23.59433 27.02777 -82.64567 23.59433 27.41757 -75.9466 23.59433 28.59879
2 24 -81.80974 23.59433 27.02777 -80.91883 23.59433 26.78905
2 24 -82.64567 23.59433 27.41757 -81.80974 23.59433 27.02777
4 16 -75.9466 23.59433 28.59879 -82.64567 23.59433 27.41757 -83.4012 23.59433 27.9466 -84.0534 23.59433 28.59879
2 24 -83.4012 23.59433 27.9466 -82.64567 23.59433 27.41757
2 24 -84.0534 23.59433 28.59879 -83.4012 23.59433 27.9466
4 16 -75.9466 23.59433 28.59879 -84.0534 23.59433 28.59879 -84.58243 23.59433 29.35433 -84.97223 23.59433 30.19026
2 24 -84.58243 23.59433 29.35433 -84.0534 23.59433 28.59879
2 24 -84.97223 23.59433 30.19026 -84.58243 23.59433 29.35433
3 16 -80.91883 23.59433 37.21095 -80 23.59433 37.29134 -77.35433 23.59433 36.58243
2 24 -80 23.59433 37.29134 -80.91883 23.59433 37.21095
4 16 -77.35433 23.59433 36.58243 -80 23.59433 37.29134 -79.08117 23.59433 37.21095 -78.19025 23.59433 36.97223
2 24 -79.08117 23.59433 37.21095 -80 23.59433 37.29134
2 24 -78.19025 23.59433 36.97223 -79.08117 23.59433 37.21095
2 24 -77.35433 23.59433 36.58243 -78.19025 23.59433 36.97223
4 16 -80.91883 23.59433 37.21095 -75.9466 23.59433 35.40121 -75.41756 23.59433 34.64567 -75.02776 23.59433 33.80974
2 24 -75.41756 23.59433 34.64567 -75.9466 23.59433 35.40121
2 24 -75.02776 23.59433 33.80974 -75.41756 23.59433 34.64567
4 16 -75.02776 23.59433 33.80974 -74.78905 23.59433 32.91883 -74.70866 23.59433 32 -80.91883 23.59433 37.21095
2 24 -74.78905 23.59433 32.91883 -75.02776 23.59433 33.80974
2 24 -74.70866 23.59433 32 -74.78905 23.59433 32.91883
4 16 -80.91883 23.59433 37.21095 -74.70866 23.59433 32 -74.78905 23.59433 31.08117 -75.02776 23.59433 30.19026
2 24 -74.78905 23.59433 31.08117 -74.70866 23.59433 32
2 24 -75.02776 23.59433 30.19026 -74.78905 23.59433 31.08117
4 16 -80.91883 23.59433 37.21095 -75.02776 23.59433 30.19026 -75.41756 23.59433 29.35433 -75.9466 23.59433 28.59879
2 24 -75.41756 23.59433 29.35433 -75.02776 23.59433 30.19026
2 24 -75.9466 23.59433 28.59879 -75.41756 23.59433 29.35433

3 16 -72.29125 37.76 -30.74016 -72.29125 35.45701 -30.74016 -64 37.76 -30.74016
2 24 -72.29125 37.76 -30.74016 -72.29125 35.45701 -30.74016
2 24 -72.29125 37.76 -30.74016 -64 37.76 -30.74016
4 16 -64 37.76 -30.74016 -72.29125 35.45701 -30.74016 -55.70875 35.45701 -30.74016 -55.70875 37.76 -30.74016
2 24 -55.70875 37.76 -30.74016 -55.70875 35.45701 -30.74016
2 24 -64 37.76 -30.74016 -55.70875 37.76 -30.74016

3 16 -40.29125 37.76 -30.74016 -40.29125 35.45701 -30.74016 -32 37.76 -30.74016
2 24 -40.29125 37.76 -30.74016 -40.29125 35.45701 -30.74016
2 24 -40.29125 37.76 -30.74016 -32 37.76 -30.74016
4 16 -32 37.76 -30.74016 -40.29125 35.45701 -30.74016 -23.70875 35.45701 -30.74016 -23.70875 37.76 -30.74016
2 24 -23.70875 37.76 -30.74016 -23.70875 35.45701 -30.74016
2 24 -32 37.76 -30.74016 -23.70875 37.76 -30.74016

3 16 -8.291246 37.76 -30.74016 -8.291246 35.45701 -30.74016 0 37.76 -30.74016
2 24 -8.291246 37.76 -30.74016 -8.291246 35.45701 -30.74016
2 24 -8.291246 37.76 -30.74016 0 37.76 -30.74016
4 16 0 37.76 -30.74016 -8.291246 35.45701 -30.74016 8.291246 35.45701 -30.74016 8.291246 37.76 -30.74016
2 24 8.291246 37.76 -30.74016 8.291246 35.45701 -30.74016
2 24 0 37.76 -30.74016 8.291246 37.76 -30.74016

3 16 23.70875 37.76 -30.74016 23.70875 35.45701 -30.74016 32 37.76 -30.74016
2 24 23.70875 37.76 -30.74016 23.70875 35.45701 -30.74016
2 24 23.70875 37.76 -30.74016 32 37.76 -30.74016
4 16 32 37.76 -30.74016 23.70875 35.45701 -30.74016 40.29125 35.45701 -30.74016 40.29125 37.76 -30.74016
2 24 40.29125 37.76 -30.74016 40.29125 35.45701 -30.74016
2 24 32 37.76 -30.74016 40.29125 37.76 -30.74016

3 16 55.70875 37.76 -30.74016 55.70875 35.45701 -30.74016 64 37.76 -30.74016
2 24 55.70875 37.76 -30.74016 55.70875 35.45701 -30.74016
2 24 55.70875 37.76 -30.74016 64 37.76 -30.74016
4 16 64 37.76 -30.74016 55.70875 35.45701 -30.74016 72.29125 35.45701 -30.74016 72.29125 37.76 -30.74016
2 24 72.29125 37.76 -30.74016 72.29125 35.45701 -30.74016
2 24 64 37.76 -30.74016 72.29125 37.76 -30.74016

3 16 72.29125 37.76 30.74016 72.29125 35.45701 30.74016 64 37.76 30.74016
2 24 72.29125 37.76 30.74016 72.29125 35.45701 30.74016
2 24 72.29125 37.76 30.74016 64 37.76 30.74016
4 16 64 37.76 30.74016 72.29125 35.45701 30.74016 55.70875 35.45701 30.74016 55.70875 37.76 30.74016
2 24 55.70875 37.76 30.74016 55.70875 35.45701 30.74016
2 24 64 37.76 30.74016 55.70875 37.76 30.74016

3 16 40.29125 37.76 30.74016 40.29125 35.45701 30.74016 32 37.76 30.74016
2 24 40.29125 37.76 30.74016 40.29125 35.45701 30.74016
2 24 40.29125 37.76 30.74016 32 37.76 30.74016
4 16 32 37.76 30.74016 40.29125 35.45701 30.74016 23.70875 35.45701 30.74016 23.70875 37.76 30.74016
2 24 23.70875 37.76 30.74016 23.70875 35.45701 30.74016
2 24 32 37.76 30.74016 23.70875 37.76 30.74016

3 16 8.291246 37.76 30.74016 8.291246 35.45701 30.74016 0 37.76 30.74016
2 24 8.291246 37.76 30.74016 8.291246 35.45701 30.74016
2 24 8.291246 37.76 30.74016 0 37.76 30.74016
4 16 0 37.76 30.74016 8.291246 35.45701 30.74016 -8.291246 35.45701 30.74016 -8.291246 37.76 30.74016
2 24 -8.291246 37.76 30.74016 -8.291246 35.45701 30.74016
2 24 0 37.76 30.74016 -8.291246 37.76 30.74016

3 16 -23.70875 37.76 30.74016 -23.70875 35.45701 30.74016 -32 37.76 30.74016
2 24 -23.70875 37.76 30.74016 -23.70875 35.45701 30.74016
2 24 -23.70875 37.76 30.74016 -32 37.76 30.74016
4 16 -32 37.76 30.74016 -23.70875 35.45701 30.74016 -40.29125 35.45701 30.74016 -40.29125 37.76 30.74016
2 24 -40.29125 37.76 30.74016 -40.29125 35.45701 30.74016
2 24 -32 37.76 30.74016 -40.29125 37.76 30.74016

3 16 -55.70875 37.76 30.74016 -55.70875 35.45701 30.74016 -64 37.76 30.74016
2 24 -55.70875 37.76 30.74016 -55.70875 35.45701 30.74016
2 24 -55.70875 37.76 30.74016 -64 37.76 30.74016
4 16 -64 37.76 30.74016 -55.70875 35.45701 30.74016 -72.29125 35.45701 30.74016 -72.29125 37.76 30.74016
2 24 -72.29125 37.76 30.74016 -72.29125 35.45701 30.74016
2 24 -64 37.76 30.74016 -72.29125 37.76 30.74016

4 16 -41.65825 37.76 -27.43993 -43.43993 37.76 -25.65824 -37.6872 37.76 -19.90551 -34.12382 37.76 -19.90551
2 24 -37.6872 37.76 -19.90551 -43.43993 37.76 -25.65824
2 24 -34.12382 37.76 -19.90551 -37.6872 37.76 -19.90551
2 24 -34.12382 37.76 -19.90551 -41.65825 37.76 -27.43993
4 16 -9.658244 37.76 -27.43993 -11.43993 37.76 -25.65824 -5.687198 37.76 -19.90551 -2.123825 37.76 -19.90551
2 24 -5.687198 37.76 -19.90551 -11.43993 37.76 -25.65824
2 24 -2.123825 37.76 -19.90551 -5.687198 37.76 -19.90551
2 24 -2.123825 37.76 -19.90551 -9.658244 37.76 -27.43993
4 16 69.6872 37.76 -44.09449 66.12382 37.76 -44.09449 73.65824 37.76 -36.56007 75.43993 37.76 -38.34175
2 24 66.12382 37.76 -44.09449 69.6872 37.76 -44.09449
2 24 66.12382 37.76 -44.09449 73.65824 37.76 -36.56007
2 24 69.6872 37.76 -44.09449 75.43993 37.76 -38.34175
3 16 76.59879 37.76 -36.0534 77.35433 37.76 -36.58243 73.65824 37.76 -36.56007
2 24 76.59879 37.76 -36.0534 77.35433 37.76 -36.58243
4 16 76.59879 37.76 -36.0534 73.65824 37.76 -36.56007 73.03452 37.76 -35.53471 75.9466 37.76 -35.40121
2 24 73.65824 37.76 -36.56007 73.03452 37.76 -35.53471
2 24 75.9466 37.76 -35.40121 76.59879 37.76 -36.0534
3 16 77.35433 37.76 -27.41757 73.65824 37.76 -27.43993 78.19025 37.76 -27.02777
2 24 78.19025 37.76 -27.02777 77.35433 37.76 -27.41757
4 16 78.19025 37.76 -27.02777 73.65824 37.76 -27.43993 75.43993 37.76 -25.65824 79.08117 37.76 -26.78905
2 24 79.08117 37.76 -26.78905 78.19025 37.76 -27.02777
4 16 76.57004 37.76 -24.98234 77.79764 37.76 -24.50589 79.08117 37.76 -26.78905 75.43993 37.76 -25.65824
2 24 77.79764 37.76 -24.50589 76.57004 37.76 -24.98234
2 24 76.57004 37.76 -24.98234 75.43993 37.76 -25.65824
4 16 75.43993 37.76 -25.65824 73.65824 37.76 -27.43993 66.12382 37.76 -19.90551 69.6872 37.76 -19.90551
2 24 73.65824 37.76 -27.43993 66.12382 37.76 -19.90551
2 24 69.6872 37.76 -19.90551 66.12382 37.76 -19.90551
2 24 75.43993 37.76 -25.65824 69.6872 37.76 -19.90551
3 16 77.35433 37.76 -36.58243 78.19025 37.76 -36.97223 73.65824 37.76 -36.56007
2 24 77.35433 37.76 -36.58243 78.19025 37.76 -36.97223
3 16 73.65824 37.76 -36.56007 78.19025 37.76 -36.97223 79.08117 37.76 -37.21095
2 24 78.19025 37.76 -36.97223 79.08117 37.76 -37.21095
4 16 73.65824 37.76 -36.56007 79.08117 37.76 -37.21095 76.57004 37.76 -39.01765 75.43993 37.76 -38.34175
2 24 75.43993 37.76 -38.34175 76.57004 37.76 -39.01765
3 16 74.70866 37.76 -32 74.78905 37.76 -32.91883 72.29125 37.76 -30.74016
2 24 74.70866 37.76 -32 74.78905 37.76 -32.91883
3 16 72.29125 37.76 -30.74016 74.78905 37.76 -32.91883 75.02776 37.76 -33.80974
2 24 74.78905 37.76 -32.91883 75.02776 37.76 -33.80974
3 16 72.29125 37.76 -30.74016 75.02776 37.76 -33.80974 75.41756 37.76 -34.64567
2 24 75.02776 37.76 -33.80974 75.41756 37.76 -34.64567
3 16 77.35433 37.76 -27.41757 76.59879 37.76 -27.9466 73.65824 37.76 -27.43993
2 24 77.35433 37.76 -27.41757 76.59879 37.76 -27.9466
3 16 73.65824 37.76 -27.43993 76.59879 37.76 -27.9466 75.9466 37.76 -28.59879
2 24 76.59879 37.76 -27.9466 75.9466 37.76 -28.59879
4 16 73.65824 37.76 -27.43993 75.9466 37.76 -28.59879 75.41756 37.76 -29.35433 73.03452 37.76 -28.46528
2 24 75.9466 37.76 -28.59879 75.41756 37.76 -29.35433
2 24 73.03452 37.76 -28.46528 73.65824 37.76 -27.43993
4 16 73.03452 37.76 -28.46528 75.41756 37.76 -29.35433 75.02776 37.76 -30.19026 72.57524 37.76 -29.57409
2 24 75.41756 37.76 -29.35433 75.02776 37.76 -30.19026
2 24 72.57524 37.76 -29.57409 73.03452 37.76 -28.46528
4 16 72.57524 37.76 -29.57409 75.02776 37.76 -30.19026 74.78905 37.76 -31.08117 72.29125 37.76 -30.74016
2 24 75.02776 37.76 -30.19026 74.78905 37.76 -31.08117
2 24 72.29125 37.76 -30.74016 72.57524 37.76 -29.57409
3 16 72.29125 37.76 -30.74016 74.78905 37.76 -31.08117 74.70866 37.76 -32
2 24 74.78905 37.76 -31.08117 74.70866 37.76 -32
3 16 80 37.76 -37.29134 79.08782 37.76 -39.75758 79.08117 37.76 -37.21095
2 24 79.08117 37.76 -37.21095 80 37.76 -37.29134
4 16 79.08117 37.76 -37.21095 79.08782 37.76 -39.75758 77.79764 37.76 -39.49411 76.57004 37.76 -39.01765
2 24 77.79764 37.76 -39.49411 79.08782 37.76 -39.75758
2 24 76.57004 37.76 -39.01765 77.79764 37.76 -39.49411
4 16 79.08117 37.76 -26.78905 77.79764 37.76 -24.50589 79.08782 37.76 -24.24242 80 37.76 -26.70866
2 24 79.08782 37.76 -24.24242 77.79764 37.76 -24.50589
2 24 80 37.76 -26.70866 79.08117 37.76 -26.78905
4 16 80 37.76 -26.70866 79.08782 37.76 -24.24242 80.40394 37.76 -24.19943 80.91883 37.76 -26.78905
2 24 80.40394 37.76 -24.19943 79.08782 37.76 -24.24242
2 24 80.91883 37.76 -26.78905 80 37.76 -26.70866
4 16 80.91883 37.76 -26.78905 80.40394 37.76 -24.19943 81.70857 37.76 -24.37813 81.80974 37.76 -27.02777
2 24 81.70857 37.76 -24.37813 80.40394 37.76 -24.19943
2 24 81.80974 37.76 -27.02777 80.91883 37.76 -26.78905
4 16 81.80974 37.76 -27.02777 81.70857 37.76 -24.37813 82.96464 37.76 -24.77345 82.64567 37.76 -27.41757
2 24 82.96464 37.76 -24.77345 81.70857 37.76 -24.37813
2 24 82.64567 37.76 -27.41757 81.80974 37.76 -27.02777
4 16 82.64567 37.76 -27.41757 82.96464 37.76 -24.77345 84.13646 37.76 -25.37416 83.4012 37.76 -27.9466
2 24 84.13646 37.76 -25.37416 82.96464 37.76 -24.77345
2 24 83.4012 37.76 -27.9466 82.64567 37.76 -27.41757
4 16 83.4012 37.76 -27.9466 84.13646 37.76 -25.37416 85.19071 37.76 -26.16317 84.0534 37.76 -28.59879
2 24 85.19071 37.76 -26.16317 84.13646 37.76 -25.37416
2 24 84.0534 37.76 -28.59879 83.4012 37.76 -27.9466
4 16 84.0534 37.76 -28.59879 85.19071 37.76 -26.16317 86.09745 37.76 -27.11807 84.58243 37.76 -29.35433
2 24 86.09745 37.76 -27.11807 85.19071 37.76 -26.16317
2 24 84.58243 37.76 -29.35433 84.0534 37.76 -28.59879
4 16 84.58243 37.76 -29.35433 86.09745 37.76 -27.11807 86.83088 37.76 -28.21172 84.97223 37.76 -30.19026
2 24 86.83088 37.76 -28.21172 86.09745 37.76 -27.11807
2 24 84.97223 37.76 -30.19026 84.58243 37.76 -29.35433
4 16 84.97223 37.76 -30.19026 86.83088 37.76 -28.21172 87.37019 37.76 -29.41304 85.21095 37.76 -31.08117
2 24 87.37019 37.76 -29.41304 86.83088 37.76 -28.21172
2 24 85.21095 37.76 -31.08117 84.97223 37.76 -30.19026
4 16 85.21095 37.76 -31.08117 87.37019 37.76 -29.41304 87.70002 37.76 -30.68787 85.29134 37.76 -32
2 24 87.70002 37.76 -30.68787 87.37019 37.76 -29.41304
2 24 85.29134 37.76 -32 85.21095 37.76 -31.08117
4 16 85.29134 37.76 -32 87.70002 37.76 -30.68787 87.81102 37.76 -32 85.21095 37.76 -32.91883
2 24 87.81102 37.76 -32 87.70002 37.76 -30.68787
2 24 85.21095 37.76 -32.91883 85.29134 37.76 -32
4 16 85.21095 37.76 -32.91883 87.81102 37.76 -32 87.70002 37.76 -33.31213 84.97223 37.76 -33.80974
2 24 87.70002 37.76 -33.31213 87.81102 37.76 -32
2 24 84.97223 37.76 -33.80974 85.21095 37.76 -32.91883
4 16 84.97223 37.76 -33.80974 87.70002 37.76 -33.31213 87.37019 37.76 -34.58696 84.58243 37.76 -34.64567
2 24 87.37019 37.76 -34.58696 87.70002 37.76 -33.31213
2 24 84.58243 37.76 -34.64567 84.97223 37.76 -33.80974
4 16 84.58243 37.76 -34.64567 87.37019 37.76 -34.58696 86.83088 37.76 -35.78828 84.0534 37.76 -35.40121
2 24 86.83088 37.76 -35.78828 87.37019 37.76 -34.58696
2 24 84.0534 37.76 -35.40121 84.58243 37.76 -34.64567
4 16 84.0534 37.76 -35.40121 86.83088 37.76 -35.78828 86.09745 37.76 -36.88192 83.4012 37.76 -36.0534
2 24 86.09745 37.76 -36.88192 86.83088 37.76 -35.78828
2 24 83.4012 37.76 -36.0534 84.0534 37.76 -35.40121
4 16 83.4012 37.76 -36.0534 86.09745 37.76 -36.88192 85.19071 37.76 -37.83683 82.64567 37.76 -36.58243
2 24 85.19071 37.76 -37.83683 86.09745 37.76 -36.88192
2 24 82.64567 37.76 -36.58243 83.4012 37.76 -36.0534
4 16 82.64567 37.76 -36.58243 85.19071 37.76 -37.83683 84.13646 37.76 -38.62584 81.80974 37.76 -36.97223
2 24 84.13646 37.76 -38.62584 85.19071 37.76 -37.83683
2 24 81.80974 37.76 -36.97223 82.64567 37.76 -36.58243
4 16 81.80974 37.76 -36.97223 84.13646 37.76 -38.62584 82.96464 37.76 -39.22655 80.91883 37.76 -37.21095
2 24 82.96464 37.76 -39.22655 84.13646 37.76 -38.62584
2 24 80.91883 37.76 -37.21095 81.80974 37.76 -36.97223
4 16 80.91883 37.76 -37.21095 82.96464 37.76 -39.22655 81.70857 37.76 -39.62187 80 37.76 -37.29134
2 24 81.70857 37.76 -39.62187 82.96464 37.76 -39.22655
2 24 80 37.76 -37.29134 80.91883 37.76 -37.21095
4 16 80 37.76 -37.29134 81.70857 37.76 -39.62187 80.40394 37.76 -39.80057 79.08782 37.76 -39.75758
2 24 80.40394 37.76 -39.80057 81.70857 37.76 -39.62187
2 24 79.08782 37.76 -39.75758 80.40394 37.76 -39.80057
3 16 75.9466 37.76 -35.40121 73.03452 37.76 -35.53471 72.57524 37.76 -34.42591
2 24 73.03452 37.76 -35.53471 72.57524 37.76 -34.42591
4 16 75.9466 37.76 -35.40121 72.57524 37.76 -34.42591 72.29125 37.76 -33.25984 72.29125 37.76 -30.74016
2 24 72.57524 37.76 -34.42591 72.29125 37.76 -33.25984
4 16 54.34176 37.76 -27.43993 52.56007 37.76 -25.65824 58.3128 37.76 -19.90551 61.87617 37.76 -19.90551
2 24 58.3128 37.76 -19.90551 52.56007 37.76 -25.65824
2 24 58.3128 37.76 -19.90551 61.87617 37.76 -19.90551
2 24 61.87617 37.76 -19.90551 54.34176 37.76 -27.43993
3 16 50.39546 37.76 -24.56536 51.52043 37.76 -25.02729 48.91883 37.76 -26.78905
2 24 51.52043 37.76 -25.02729 50.39546 37.76 -24.56536
3 16 51.40121 37.76 -27.9466 50.64567 37.76 -27.41757 54.34176 37.76 -27.43993
2 24 51.40121 37.76 -27.9466 50.64567 37.76 -27.41757
3 16 50.64567 37.76 -27.41757 49.80974 37.76 -27.02777 54.34176 37.76 -27.43993
2 24 50.64567 37.76 -27.41757 49.80974 37.76 -27.02777
3 16 54.34176 37.76 -27.43993 49.80974 37.76 -27.02777 48.91883 37.76 -26.78905
2 24 49.80974 37.76 -27.02777 48.91883 37.76 -26.78905
4 16 54.34176 37.76 -27.43993 48.91883 37.76 -26.78905 51.52043 37.76 -25.02729 52.56007 37.76 -25.65824
2 24 52.56007 37.76 -25.65824 51.52043 37.76 -25.02729
3 16 52.0534 37.76 -35.40121 52.58243 37.76 -34.64567 55.70875 37.76 -30.74016
2 24 52.0534 37.76 -35.40121 52.58243 37.76 -34.64567
3 16 55.70875 37.76 -30.74016 52.58243 37.76 -34.64567 52.97223 37.76 -33.80974
2 24 52.58243 37.76 -34.64567 52.97223 37.76 -33.80974
3 16 55.70875 37.76 -30.74016 52.97223 37.76 -33.80974 53.21095 37.76 -32.91883
2 24 52.97223 37.76 -33.80974 53.21095 37.76 -32.91883
4 16 43.9466 37.76 -35.40121 44.59879 37.76 -36.0534 41.65825 37.76 -36.56007 41.03452 37.76 -35.53471
2 24 43.9466 37.76 -35.40121 44.59879 37.76 -36.0534
2 24 41.65825 37.76 -36.56007 41.03452 37.76 -35.53471
3 16 41.65825 37.76 -36.56007 44.59879 37.76 -36.0534 45.35433 37.76 -36.58243
2 24 44.59879 37.76 -36.0534 45.35433 37.76 -36.58243
3 16 42.70866 37.76 -32 42.78905 37.76 -32.91883 40.29125 37.76 -30.74016
2 24 42.70866 37.76 -32 42.78905 37.76 -32.91883
3 16 40.29125 37.76 -30.74016 42.78905 37.76 -32.91883 43.02777 37.76 -33.80974
2 24 42.78905 37.76 -32.91883 43.02777 37.76 -33.80974
3 16 40.29125 37.76 -30.74016 43.02777 37.76 -33.80974 43.41757 37.76 -34.64567
2 24 43.02777 37.76 -33.80974 43.41757 37.76 -34.64567
3 16 53.21095 37.76 -32.91883 53.29134 37.76 -32 55.70875 37.76 -30.74016
2 24 53.21095 37.76 -32.91883 53.29134 37.76 -32
3 16 55.70875 37.76 -30.74016 53.29134 37.76 -32 53.21095 37.76 -31.08117
2 24 53.29134 37.76 -32 53.21095 37.76 -31.08117
4 16 55.70875 37.76 -30.74016 53.21095 37.76 -31.08117 52.97223 37.76 -30.19026 55.42476 37.76 -29.57409
2 24 53.21095 37.76 -31.08117 52.97223 37.76 -30.19026
2 24 55.42476 37.76 -29.57409 55.70875 37.76 -30.74016
4 16 55.42476 37.76 -29.57409 52.97223 37.76 -30.19026 52.58243 37.76 -29.35433 54.96548 37.76 -28.46528
2 24 52.97223 37.76 -30.19026 52.58243 37.76 -29.35433
2 24 54.96548 37.76 -28.46528 55.42476 37.76 -29.57409
4 16 54.96548 37.76 -28.46528 52.58243 37.76 -29.35433 52.0534 37.76 -28.59879 54.34176 37.76 -27.43993
2 24 52.58243 37.76 -29.35433 52.0534 37.76 -28.59879
2 24 54.34176 37.76 -27.43993 54.96548 37.76 -28.46528
3 16 54.34176 37.76 -27.43993 52.0534 37.76 -28.59879 51.40121 37.76 -27.9466
2 24 52.0534 37.76 -28.59879 51.40121 37.76 -27.9466
4 16 54.96548 37.76 -35.53471 54.34176 37.76 -36.56007 51.40121 37.76 -36.0534 52.0534 37.76 -35.40121
2 24 54.96548 37.76 -35.53471 54.34176 37.76 -36.56007
2 24 51.40121 37.76 -36.0534 52.0534 37.76 -35.40121
4 16 37.6872 37.76 -44.09449 34.12382 37.76 -44.09449 41.65825 37.76 -36.56007 43.43993 37.76 -38.34175
2 24 34.12382 37.76 -44.09449 37.6872 37.76 -44.09449
2 24 34.12382 37.76 -44.09449 41.65825 37.76 -36.56007
2 24 37.6872 37.76 -44.09449 43.43993 37.76 -38.34175
3 16 47.08117 37.76 -26.78905 46.19025 37.76 -27.02777 41.65825 37.76 -27.43993
2 24 47.08117 37.76 -26.78905 46.19025 37.76 -27.02777
3 16 41.65825 37.76 -27.43993 46.19025 37.76 -27.02777 45.35433 37.76 -27.41757
2 24 46.19025 37.76 -27.02777 45.35433 37.76 -27.41757
4 16 44.47956 37.76 -25.02729 47.08117 37.76 -26.78905 41.65825 37.76 -27.43993 43.43993 37.76 -25.65824
2 24 44.47956 37.76 -25.02729 43.43993 37.76 -25.65824
4 16 43.43993 37.76 -25.65824 41.65825 37.76 -27.43993 34.12382 37.76 -19.90551 37.6872 37.76 -19.90551
2 24 41.65825 37.76 -27.43993 34.12382 37.76 -19.90551
2 24 37.6872 37.76 -19.90551 34.12382 37.76 -19.90551
2 24 43.43993 37.76 -25.65824 37.6872 37.76 -19.90551
3 16 44.47956 37.76 -25.02729 45.60453 37.76 -24.56536 47.08117 37.76 -26.78905
2 24 45.60453 37.76 -24.56536 44.47956 37.76 -25.02729
3 16 47.08117 37.76 -26.78905 45.60453 37.76 -24.56536 46.78757 37.76 -24.28365
2 24 46.78757 37.76 -24.28365 45.60453 37.76 -24.56536
4 16 47.08117 37.76 -26.78905 46.78757 37.76 -24.28365 48 37.76 -24.18898 48 37.76 -26.70866
2 24 48 37.76 -24.18898 46.78757 37.76 -24.28365
2 24 48 37.76 -26.70866 47.08117 37.76 -26.78905
4 16 48 37.76 -26.70866 48 37.76 -24.18898 49.21243 37.76 -24.28365 48.91883 37.76 -26.78905
2 24 49.21243 37.76 -24.28365 48 37.76 -24.18898
2 24 48.91883 37.76 -26.78905 48 37.76 -26.70866
3 16 48.91883 37.76 -26.78905 49.21243 37.76 -24.28365 50.39546 37.76 -24.56536
2 24 50.39546 37.76 -24.56536 49.21243 37.76 -24.28365
3 16 48.91883 37.76 -37.21095 49.80974 37.76 -36.97223 54.34176 37.76 -36.56007
2 24 48.91883 37.76 -37.21095 49.80974 37.76 -36.97223
3 16 54.34176 37.76 -36.56007 49.80974 37.76 -36.97223 50.64567 37.76 -36.58243
2 24 49.80974 37.76 -36.97223 50.64567 37.76 -36.58243
3 16 54.34176 37.76 -36.56007 50.64567 37.76 -36.58243 51.40121 37.76 -36.0534
2 24 50.64567 37.76 -36.58243 51.40121 37.76 -36.0534
3 16 43.9466 37.76 -35.40121 41.03452 37.76 -35.53471 40.57524 37.76 -34.42591
2 24 41.03452 37.76 -35.53471 40.57524 37.76 -34.42591
4 16 43.9466 37.76 -35.40121 40.57524 37.76 -34.42591 40.29125 37.76 -33.25984 40.29125 37.76 -30.74016
2 24 40.57524 37.76 -34.42591 40.29125 37.76 -33.25984
3 16 75.41756 37.76 -34.64567 75.9466 37.76 -35.40121 72.29125 37.76 -30.74016
2 24 75.41756 37.76 -34.64567 75.9466 37.76 -35.40121
3 16 72.29125 37.76 -30.74016 72.29125 37.76 -33.25984 64 37.76 -30.74016
4 16 64 37.76 -30.74016 72.29125 37.76 -33.25984 55.70875 37.76 -33.25984 55.70875 37.76 -30.74016
2 24 72.29125 37.76 -33.25984 55.70875 37.76 -33.25984
4 16 55.70875 37.76 -30.74016 55.70875 37.76 -33.25984 55.42476 37.76 -34.42591 52.0534 37.76 -35.40121
2 24 55.70875 37.76 -33.25984 55.42476 37.76 -34.42591
3 16 52.0534 37.76 -35.40121 55.42476 37.76 -34.42591 54.96548 37.76 -35.53471
2 24 55.42476 37.76 -34.42591 54.96548 37.76 -35.53471
3 16 45.60453 37.76 -39.43464 44.47956 37.76 -38.97271 47.08117 37.76 -37.21095
2 24 44.47956 37.76 -38.97271 45.60453 37.76 -39.43464
3 16 45.35433 37.76 -27.41757 44.59879 37.76 -27.9466 41.65825 37.76 -27.43993
2 24 45.35433 37.76 -27.41757 44.59879 37.76 -27.9466
3 16 41.65825 37.76 -27.43993 44.59879 37.76 -27.9466 43.9466 37.76 -28.59879
2 24 44.59879 37.76 -27.9466 43.9466 37.76 -28.59879
4 16 41.65825 37.76 -27.43993 43.9466 37.76 -28.59879 43.41757 37.76 -29.35433 41.03452 37.76 -28.46528
2 24 43.9466 37.76 -28.59879 43.41757 37.76 -29.35433
2 24 41.03452 37.76 -28.46528 41.65825 37.76 -27.43993
4 16 41.03452 37.76 -28.46528 43.41757 37.76 -29.35433 43.02777 37.76 -30.19026 40.57524 37.76 -29.57409
2 24 43.41757 37.76 -29.35433 43.02777 37.76 -30.19026
2 24 40.57524 37.76 -29.57409 41.03452 37.76 -28.46528
4 16 40.57524 37.76 -29.57409 43.02777 37.76 -30.19026 42.78905 37.76 -31.08117 40.29125 37.76 -30.74016
2 24 43.02777 37.76 -30.19026 42.78905 37.76 -31.08117
2 24 40.29125 37.76 -30.74016 40.57524 37.76 -29.57409
3 16 40.29125 37.76 -30.74016 42.78905 37.76 -31.08117 42.70866 37.76 -32
2 24 42.78905 37.76 -31.08117 42.70866 37.76 -32
3 16 45.35433 37.76 -36.58243 46.19025 37.76 -36.97223 41.65825 37.76 -36.56007
2 24 45.35433 37.76 -36.58243 46.19025 37.76 -36.97223
3 16 41.65825 37.76 -36.56007 46.19025 37.76 -36.97223 47.08117 37.76 -37.21095
2 24 46.19025 37.76 -36.97223 47.08117 37.76 -37.21095
4 16 41.65825 37.76 -36.56007 47.08117 37.76 -37.21095 44.47956 37.76 -38.97271 43.43993 37.76 -38.34175
2 24 43.43993 37.76 -38.34175 44.47956 37.76 -38.97271
4 16 51.52043 37.76 -38.97271 48.91883 37.76 -37.21095 54.34176 37.76 -36.56007 52.56007 37.76 -38.34175
2 24 51.52043 37.76 -38.97271 52.56007 37.76 -38.34175
4 16 52.56007 37.76 -38.34175 54.34176 37.76 -36.56007 61.87617 37.76 -44.09449 58.3128 37.76 -44.09449
2 24 54.34176 37.76 -36.56007 61.87617 37.76 -44.09449
2 24 58.3128 37.76 -44.09449 61.87617 37.76 -44.09449
2 24 52.56007 37.76 -38.34175 58.3128 37.76 -44.09449
3 16 51.52043 37.76 -38.97271 50.39546 37.76 -39.43464 48.91883 37.76 -37.21095
2 24 50.39546 37.76 -39.43464 51.52043 37.76 -38.97271
3 16 48.91883 37.76 -37.21095 50.39546 37.76 -39.43464 49.21243 37.76 -39.71635
2 24 49.21243 37.76 -39.71635 50.39546 37.76 -39.43464
4 16 48.91883 37.76 -37.21095 49.21243 37.76 -39.71635 48 37.76 -39.81102 48 37.76 -37.29134
2 24 48 37.76 -39.81102 49.21243 37.76 -39.71635
2 24 48 37.76 -37.29134 48.91883 37.76 -37.21095
4 16 48 37.76 -37.29134 48 37.76 -39.81102 46.78757 37.76 -39.71635 47.08117 37.76 -37.21095
2 24 46.78757 37.76 -39.71635 48 37.76 -39.81102
2 24 47.08117 37.76 -37.21095 48 37.76 -37.29134
3 16 47.08117 37.76 -37.21095 46.78757 37.76 -39.71635 45.60453 37.76 -39.43464
2 24 45.60453 37.76 -39.43464 46.78757 37.76 -39.71635
4 16 22.34175 37.76 -27.43993 20.56007 37.76 -25.65824 26.3128 37.76 -19.90551 29.87617 37.76 -19.90551
2 24 26.3128 37.76 -19.90551 20.56007 37.76 -25.65824
2 24 26.3128 37.76 -19.90551 29.87617 37.76 -19.90551
2 24 29.87617 37.76 -19.90551 22.34175 37.76 -27.43993
3 16 16.91883 37.76 -26.78905 18.39546 37.76 -24.56536 19.52043 37.76 -25.02729
2 24 19.52043 37.76 -25.02729 18.39546 37.76 -24.56536
3 16 20.0534 37.76 -35.40121 20.58243 37.76 -34.64567 23.70875 37.76 -30.74016
2 24 20.0534 37.76 -35.40121 20.58243 37.76 -34.64567
3 16 23.70875 37.76 -30.74016 20.58243 37.76 -34.64567 20.97223 37.76 -33.80974
2 24 20.58243 37.76 -34.64567 20.97223 37.76 -33.80974
3 16 23.70875 37.76 -30.74016 20.97223 37.76 -33.80974 21.21095 37.76 -32.91883
2 24 20.97223 37.76 -33.80974 21.21095 37.76 -32.91883
3 16 19.40121 37.76 -27.9466 18.64567 37.76 -27.41757 22.34175 37.76 -27.43993
2 24 19.40121 37.76 -27.9466 18.64567 37.76 -27.41757
3 16 18.39546 37.76 -39.43464 17.21243 37.76 -39.71635 16.91883 37.76 -37.21095
2 24 17.21243 37.76 -39.71635 18.39546 37.76 -39.43464
3 16 18.64567 37.76 -27.41757 17.80974 37.76 -27.02777 22.34175 37.76 -27.43993
2 24 18.64567 37.76 -27.41757 17.80974 37.76 -27.02777
3 16 22.34175 37.76 -27.43993 17.80974 37.76 -27.02777 16.91883 37.76 -26.78905
2 24 17.80974 37.76 -27.02777 16.91883 37.76 -26.78905
4 16 22.34175 37.76 -27.43993 16.91883 37.76 -26.78905 19.52043 37.76 -25.02729 20.56007 37.76 -25.65824
2 24 20.56007 37.76 -25.65824 19.52043 37.76 -25.02729
3 16 16.91883 37.76 -37.21095 17.80974 37.76 -36.97223 22.34175 37.76 -36.56007
2 24 16.91883 37.76 -37.21095 17.80974 37.76 -36.97223
3 16 22.34175 37.76 -36.56007 17.80974 37.76 -36.97223 18.64567 37.76 -36.58243
2 24 17.80974 37.76 -36.97223 18.64567 37.76 -36.58243
4 16 5.687198 37.76 -44.09449 2.123825 37.76 -44.09449 9.658244 37.76 -36.56007 11.43993 37.76 -38.34175
2 24 2.123825 37.76 -44.09449 5.687198 37.76 -44.09449
2 24 2.123825 37.76 -44.09449 9.658244 37.76 -36.56007
2 24 5.687198 37.76 -44.09449 11.43993 37.76 -38.34175
4 16 11.9466 37.76 -35.40121 12.59879 37.76 -36.0534 9.658244 37.76 -36.56007 9.034523 37.76 -35.53471
2 24 11.9466 37.76 -35.40121 12.59879 37.76 -36.0534
2 24 9.658244 37.76 -36.56007 9.034523 37.76 -35.53471
3 16 9.658244 37.76 -36.56007 12.59879 37.76 -36.0534 13.35433 37.76 -36.58243
2 24 12.59879 37.76 -36.0534 13.35433 37.76 -36.58243
3 16 15.08117 37.76 -26.78905 14.19026 37.76 -27.02777 9.658244 37.76 -27.43993
2 24 15.08117 37.76 -26.78905 14.19026 37.76 -27.02777
3 16 9.658244 37.76 -27.43993 14.19026 37.76 -27.02777 13.35433 37.76 -27.41757
2 24 14.19026 37.76 -27.02777 13.35433 37.76 -27.41757
3 16 10.70866 37.76 -32 10.78905 37.76 -32.91883 8.291246 37.76 -30.74016
2 24 10.70866 37.76 -32 10.78905 37.76 -32.91883
3 16 8.291246 37.76 -30.74016 10.78905 37.76 -32.91883 11.02777 37.76 -33.80974
2 24 10.78905 37.76 -32.91883 11.02777 37.76 -33.80974
3 16 8.291246 37.76 -30.74016 11.02777 37.76 -33.80974 11.41757 37.76 -34.64567
2 24 11.02777 37.76 -33.80974 11.41757 37.76 -34.64567
4 16 12.47957 37.76 -25.02729 15.08117 37.76 -26.78905 9.658244 37.76 -27.43993 11.43993 37.76 -25.65824
2 24 12.47957 37.76 -25.02729 11.43993 37.76 -25.65824
4 16 11.43993 37.76 -25.65824 9.658244 37.76 -27.43993 2.123825 37.76 -19.90551 5.687198 37.76 -19.90551
2 24 9.658244 37.76 -27.43993 2.123825 37.76 -19.90551
2 24 5.687198 37.76 -19.90551 2.123825 37.76 -19.90551
2 24 11.43993 37.76 -25.65824 5.687198 37.76 -19.90551
3 16 12.47957 37.76 -25.02729 13.60454 37.76 -24.56536 15.08117 37.76 -26.78905
2 24 13.60454 37.76 -24.56536 12.47957 37.76 -25.02729
3 16 15.08117 37.76 -26.78905 13.60454 37.76 -24.56536 14.78757 37.76 -24.28365
2 24 14.78757 37.76 -24.28365 13.60454 37.76 -24.56536
4 16 15.08117 37.76 -26.78905 14.78757 37.76 -24.28365 16 37.76 -24.18898 16 37.76 -26.70866
2 24 16 37.76 -24.18898 14.78757 37.76 -24.28365
2 24 16 37.76 -26.70866 15.08117 37.76 -26.78905
4 16 16 37.76 -26.70866 16 37.76 -24.18898 17.21243 37.76 -24.28365 16.91883 37.76 -26.78905
2 24 17.21243 37.76 -24.28365 16 37.76 -24.18898
2 24 16.91883 37.76 -26.78905 16 37.76 -26.70866
3 16 16.91883 37.76 -26.78905 17.21243 37.76 -24.28365 18.39546 37.76 -24.56536
2 24 18.39546 37.76 -24.56536 17.21243 37.76 -24.28365
3 16 21.21095 37.76 -32.91883 21.29134 37.76 -32 23.70875 37.76 -30.74016
2 24 21.21095 37.76 -32.91883 21.29134 37.76 -32
3 16 23.70875 37.76 -30.74016 21.29134 37.76 -32 21.21095 37.76 -31.08117
2 24 21.29134 37.76 -32 21.21095 37.76 -31.08117
4 16 23.70875 37.76 -30.74016 21.21095 37.76 -31.08117 20.97223 37.76 -30.19026 23.42476 37.76 -29.57409
2 24 21.21095 37.76 -31.08117 20.97223 37.76 -30.19026
2 24 23.42476 37.76 -29.57409 23.70875 37.76 -30.74016
4 16 23.42476 37.76 -29.57409 20.97223 37.76 -30.19026 20.58243 37.76 -29.35433 22.96548 37.76 -28.46528
2 24 20.97223 37.76 -30.19026 20.58243 37.76 -29.35433
2 24 22.96548 37.76 -28.46528 23.42476 37.76 -29.57409
4 16 22.96548 37.76 -28.46528 20.58243 37.76 -29.35433 20.0534 37.76 -28.59879 22.34175 37.76 -27.43993
2 24 20.58243 37.76 -29.35433 20.0534 37.76 -28.59879
2 24 22.34175 37.76 -27.43993 22.96548 37.76 -28.46528
3 16 22.34175 37.76 -27.43993 20.0534 37.76 -28.59879 19.40121 37.76 -27.9466
2 24 20.0534 37.76 -28.59879 19.40121 37.76 -27.9466
3 16 18.64567 37.76 -36.58243 19.40121 37.76 -36.0534 22.34175 37.76 -36.56007
2 24 18.64567 37.76 -36.58243 19.40121 37.76 -36.0534
4 16 22.34175 37.76 -36.56007 19.40121 37.76 -36.0534 20.0534 37.76 -35.40121 22.96548 37.76 -35.53471
2 24 19.40121 37.76 -36.0534 20.0534 37.76 -35.40121
2 24 22.96548 37.76 -35.53471 22.34175 37.76 -36.56007
3 16 13.60454 37.76 -39.43464 12.47957 37.76 -38.97271 15.08117 37.76 -37.21095
2 24 12.47957 37.76 -38.97271 13.60454 37.76 -39.43464
3 16 13.35433 37.76 -27.41757 12.59879 37.76 -27.9466 9.658244 37.76 -27.43993
2 24 13.35433 37.76 -27.41757 12.59879 37.76 -27.9466
3 16 9.658244 37.76 -27.43993 12.59879 37.76 -27.9466 11.9466 37.76 -28.59879
2 24 12.59879 37.76 -27.9466 11.9466 37.76 -28.59879
4 16 9.658244 37.76 -27.43993 11.9466 37.76 -28.59879 11.41757 37.76 -29.35433 9.034523 37.76 -28.46528
2 24 11.9466 37.76 -28.59879 11.41757 37.76 -29.35433
2 24 9.034523 37.76 -28.46528 9.658244 37.76 -27.43993
4 16 9.034523 37.76 -28.46528 11.41757 37.76 -29.35433 11.02777 37.76 -30.19026 8.575242 37.76 -29.57409
2 24 11.41757 37.76 -29.35433 11.02777 37.76 -30.19026
2 24 8.575242 37.76 -29.57409 9.034523 37.76 -28.46528
4 16 8.575242 37.76 -29.57409 11.02777 37.76 -30.19026 10.78905 37.76 -31.08117 8.291246 37.76 -30.74016
2 24 11.02777 37.76 -30.19026 10.78905 37.76 -31.08117
2 24 8.291246 37.76 -30.74016 8.575242 37.76 -29.57409
3 16 8.291246 37.76 -30.74016 10.78905 37.76 -31.08117 10.70866 37.76 -32
2 24 10.78905 37.76 -31.08117 10.70866 37.76 -32
4 16 16.91883 37.76 -37.21095 17.21243 37.76 -39.71635 16 37.76 -39.81102 16 37.76 -37.29134
2 24 16 37.76 -39.81102 17.21243 37.76 -39.71635
2 24 16 37.76 -37.29134 16.91883 37.76 -37.21095
4 16 16 37.76 -37.29134 16 37.76 -39.81102 14.78757 37.76 -39.71635 15.08117 37.76 -37.21095
2 24 14.78757 37.76 -39.71635 16 37.76 -39.81102
2 24 15.08117 37.76 -37.21095 16 37.76 -37.29134
3 16 15.08117 37.76 -37.21095 14.78757 37.76 -39.71635 13.60454 37.76 -39.43464
2 24 13.60454 37.76 -39.43464 14.78757 37.76 -39.71635
3 16 13.35433 37.76 -36.58243 14.19026 37.76 -36.97223 9.658244 37.76 -36.56007
2 24 13.35433 37.76 -36.58243 14.19026 37.76 -36.97223
3 16 9.658244 37.76 -36.56007 14.19026 37.76 -36.97223 15.08117 37.76 -37.21095
2 24 14.19026 37.76 -36.97223 15.08117 37.76 -37.21095
4 16 9.658244 37.76 -36.56007 15.08117 37.76 -37.21095 12.47957 37.76 -38.97271 11.43993 37.76 -38.34175
2 24 11.43993 37.76 -38.34175 12.47957 37.76 -38.97271
3 16 11.9466 37.76 -35.40121 9.034523 37.76 -35.53471 8.575242 37.76 -34.42591
2 24 9.034523 37.76 -35.53471 8.575242 37.76 -34.42591
4 16 11.9466 37.76 -35.40121 8.575242 37.76 -34.42591 8.291246 37.76 -33.25984 8.291246 37.76 -30.74016
2 24 8.575242 37.76 -34.42591 8.291246 37.76 -33.25984
4 16 29.87617 37.76 -44.09449 26.3128 37.76 -44.09449 20.56007 37.76 -38.34175 22.34175 37.76 -36.56007
2 24 26.3128 37.76 -44.09449 29.87617 37.76 -44.09449
2 24 20.56007 37.76 -38.34175 26.3128 37.76 -44.09449
2 24 22.34175 37.76 -36.56007 29.87617 37.76 -44.09449
4 16 22.34175 37.76 -36.56007 20.56007 37.76 -38.34175 19.52043 37.76 -38.97271 16.91883 37.76 -37.21095
2 24 19.52043 37.76 -38.97271 20.56007 37.76 -38.34175
3 16 16.91883 37.76 -37.21095 19.52043 37.76 -38.97271 18.39546 37.76 -39.43464
2 24 18.39546 37.76 -39.43464 19.52043 37.76 -38.97271
3 16 43.41757 37.76 -34.64567 43.9466 37.76 -35.40121 40.29125 37.76 -30.74016
2 24 43.41757 37.76 -34.64567 43.9466 37.76 -35.40121
3 16 40.29125 37.76 -30.74016 40.29125 37.76 -33.25984 32 37.76 -30.74016
4 16 32 37.76 -30.74016 40.29125 37.76 -33.25984 23.70875 37.76 -33.25984 23.70875 37.76 -30.74016
2 24 40.29125 37.76 -33.25984 23.70875 37.76 -33.25984
4 16 23.70875 37.76 -30.74016 23.70875 37.76 -33.25984 23.42476 37.76 -34.42591 20.0534 37.76 -35.40121
2 24 23.70875 37.76 -33.25984 23.42476 37.76 -34.42591
3 16 20.0534 37.76 -35.40121 23.42476 37.76 -34.42591 22.96548 37.76 -35.53471
2 24 23.42476 37.76 -34.42591 22.96548 37.76 -35.53471
3 16 -16.91883 37.76 -26.78905 -17.80974 37.76 -27.02777 -22.34175 37.76 -27.43993
2 24 -16.91883 37.76 -26.78905 -17.80974 37.76 -27.02777
3 16 -22.34175 37.76 -27.43993 -17.80974 37.76 -27.02777 -18.64567 37.76 -27.41757
2 24 -17.80974 37.76 -27.02777 -18.64567 37.76 -27.41757
3 16 -21.29134 37.76 -32 -21.21095 37.76 -32.91883 -23.70875 37.76 -30.74016
2 24 -21.29134 37.76 -32 -21.21095 37.76 -32.91883
3 16 -23.70875 37.76 -30.74016 -21.21095 37.76 -32.91883 -20.97223 37.76 -33.80974
2 24 -21.21095 37.76 -32.91883 -20.97223 37.76 -33.80974
3 16 -23.70875 37.76 -30.74016 -20.97223 37.76 -33.80974 -20.58243 37.76 -34.64567
2 24 -20.97223 37.76 -33.80974 -20.58243 37.76 -34.64567
4 16 -19.52043 37.76 -25.02729 -16.91883 37.76 -26.78905 -22.34175 37.76 -27.43993 -20.56007 37.76 -25.65824
2 24 -19.52043 37.76 -25.02729 -20.56007 37.76 -25.65824
4 16 -20.56007 37.76 -25.65824 -22.34175 37.76 -27.43993 -29.87617 37.76 -19.90551 -26.3128 37.76 -19.90551
2 24 -22.34175 37.76 -27.43993 -29.87617 37.76 -19.90551
2 24 -26.3128 37.76 -19.90551 -29.87617 37.76 -19.90551
2 24 -20.56007 37.76 -25.65824 -26.3128 37.76 -19.90551
3 16 -19.52043 37.76 -25.02729 -18.39546 37.76 -24.56536 -16.91883 37.76 -26.78905
2 24 -18.39546 37.76 -24.56536 -19.52043 37.76 -25.02729
3 16 -16.91883 37.76 -26.78905 -18.39546 37.76 -24.56536 -17.21243 37.76 -24.28365
2 24 -17.21243 37.76 -24.28365 -18.39546 37.76 -24.56536
4 16 -16.91883 37.76 -26.78905 -17.21243 37.76 -24.28365 -16 37.76 -24.18898 -16 37.76 -26.70866
2 24 -16 37.76 -24.18898 -17.21243 37.76 -24.28365
2 24 -16 37.76 -26.70866 -16.91883 37.76 -26.78905
4 16 -16 37.76 -26.70866 -16 37.76 -24.18898 -14.78757 37.76 -24.28365 -15.08117 37.76 -26.78905
2 24 -14.78757 37.76 -24.28365 -16 37.76 -24.18898
2 24 -15.08117 37.76 -26.78905 -16 37.76 -26.70866
3 16 -15.08117 37.76 -26.78905 -14.78757 37.76 -24.28365 -13.60454 37.76 -24.56536
2 24 -13.60454 37.76 -24.56536 -14.78757 37.76 -24.28365
3 16 -13.60454 37.76 -24.56536 -12.47957 37.76 -25.02729 -15.08117 37.76 -26.78905
2 24 -12.47957 37.76 -25.02729 -13.60454 37.76 -24.56536
3 16 -15.08117 37.76 -26.78905 -12.47957 37.76 -25.02729 -11.43993 37.76 -25.65824
2 24 -11.43993 37.76 -25.65824 -12.47957 37.76 -25.02729
4 16 -15.08117 37.76 -26.78905 -11.43993 37.76 -25.65824 -9.658244 37.76 -27.43993 -14.19026 37.76 -27.02777
2 24 -14.19026 37.76 -27.02777 -15.08117 37.76 -26.78905
3 16 -12.59879 37.76 -27.9466 -13.35433 37.76 -27.41757 -9.658244 37.76 -27.43993
2 24 -12.59879 37.76 -27.9466 -13.35433 37.76 -27.41757
3 16 -9.658244 37.76 -27.43993 -13.35433 37.76 -27.41757 -14.19026 37.76 -27.02777
2 24 -13.35433 37.76 -27.41757 -14.19026 37.76 -27.02777
3 16 -15.08117 37.76 -37.21095 -14.19026 37.76 -36.97223 -9.658244 37.76 -36.56007
2 24 -15.08117 37.76 -37.21095 -14.19026 37.76 -36.97223
3 16 -9.658244 37.76 -36.56007 -14.19026 37.76 -36.97223 -13.35433 37.76 -36.58243
2 24 -14.19026 37.76 -36.97223 -13.35433 37.76 -36.58243
4 16 -26.3128 37.76 -44.09449 -29.87617 37.76 -44.09449 -22.34175 37.76 -36.56007 -20.56007 37.76 -38.34175
2 24 -29.87617 37.76 -44.09449 -26.3128 37.76 -44.09449
2 24 -29.87617 37.76 -44.09449 -22.34175 37.76 -36.56007
2 24 -26.3128 37.76 -44.09449 -20.56007 37.76 -38.34175
4 16 -20.0534 37.76 -35.40121 -19.40121 37.76 -36.0534 -22.34175 37.76 -36.56007 -22.96548 37.76 -35.53471
2 24 -20.0534 37.76 -35.40121 -19.40121 37.76 -36.0534
2 24 -22.34175 37.76 -36.56007 -22.96548 37.76 -35.53471
3 16 -22.34175 37.76 -36.56007 -19.40121 37.76 -36.0534 -18.64567 37.76 -36.58243
2 24 -19.40121 37.76 -36.0534 -18.64567 37.76 -36.58243
3 16 -11.9466 37.76 -35.40121 -11.41757 37.76 -34.64567 -8.291246 37.76 -30.74016
2 24 -11.9466 37.76 -35.40121 -11.41757 37.76 -34.64567
3 16 -8.291246 37.76 -30.74016 -11.41757 37.76 -34.64567 -11.02777 37.76 -33.80974
2 24 -11.41757 37.76 -34.64567 -11.02777 37.76 -33.80974
3 16 -8.291246 37.76 -30.74016 -11.02777 37.76 -33.80974 -10.78905 37.76 -32.91883
2 24 -11.02777 37.76 -33.80974 -10.78905 37.76 -32.91883
3 16 -10.78905 37.76 -32.91883 -10.70866 37.76 -32 -8.291246 37.76 -30.74016
2 24 -10.78905 37.76 -32.91883 -10.70866 37.76 -32
3 16 -8.291246 37.76 -30.74016 -10.70866 37.76 -32 -10.78905 37.76 -31.08117
2 24 -10.70866 37.76 -32 -10.78905 37.76 -31.08117
4 16 -8.291246 37.76 -30.74016 -10.78905 37.76 -31.08117 -11.02777 37.76 -30.19026 -8.575242 37.76 -29.57409
2 24 -10.78905 37.76 -31.08117 -11.02777 37.76 -30.19026
2 24 -8.575242 37.76 -29.57409 -8.291246 37.76 -30.74016
4 16 -8.575242 37.76 -29.57409 -11.02777 37.76 -30.19026 -11.41757 37.76 -29.35433 -9.034523 37.76 -28.46528
2 24 -11.02777 37.76 -30.19026 -11.41757 37.76 -29.35433
2 24 -9.034523 37.76 -28.46528 -8.575242 37.76 -29.57409
4 16 -9.034523 37.76 -28.46528 -11.41757 37.76 -29.35433 -11.9466 37.76 -28.59879 -9.658244 37.76 -27.43993
2 24 -11.41757 37.76 -29.35433 -11.9466 37.76 -28.59879
2 24 -9.658244 37.76 -27.43993 -9.034523 37.76 -28.46528
3 16 -9.658244 37.76 -27.43993 -11.9466 37.76 -28.59879 -12.59879 37.76 -27.9466
2 24 -11.9466 37.76 -28.59879 -12.59879 37.76 -27.9466
3 16 -13.35433 37.76 -36.58243 -12.59879 37.76 -36.0534 -9.658244 37.76 -36.56007
2 24 -13.35433 37.76 -36.58243 -12.59879 37.76 -36.0534
4 16 -9.658244 37.76 -36.56007 -12.59879 37.76 -36.0534 -11.9466 37.76 -35.40121 -9.034523 37.76 -35.53471
2 24 -12.59879 37.76 -36.0534 -11.9466 37.76 -35.40121
2 24 -9.034523 37.76 -35.53471 -9.658244 37.76 -36.56007
3 16 -18.39546 37.76 -39.43464 -19.52043 37.76 -38.97271 -16.91883 37.76 -37.21095
2 24 -19.52043 37.76 -38.97271 -18.39546 37.76 -39.43464
3 16 -20.0534 37.76 -35.40121 -22.96548 37.76 -35.53471 -23.42476 37.76 -34.42591
2 24 -22.96548 37.76 -35.53471 -23.42476 37.76 -34.42591
4 16 -20.0534 37.76 -35.40121 -23.42476 37.76 -34.42591 -23.70875 37.76 -33.25984 -23.70875 37.76 -30.74016
2 24 -23.42476 37.76 -34.42591 -23.70875 37.76 -33.25984
3 16 -18.64567 37.76 -36.58243 -17.80974 37.76 -36.97223 -22.34175 37.76 -36.56007
2 24 -18.64567 37.76 -36.58243 -17.80974 37.76 -36.97223
3 16 -22.34175 37.76 -36.56007 -17.80974 37.76 -36.97223 -16.91883 37.76 -37.21095
2 24 -17.80974 37.76 -36.97223 -16.91883 37.76 -37.21095
4 16 -22.34175 37.76 -36.56007 -16.91883 37.76 -37.21095 -19.52043 37.76 -38.97271 -20.56007 37.76 -38.34175
2 24 -20.56007 37.76 -38.34175 -19.52043 37.76 -38.97271
4 16 -12.47957 37.76 -38.97271 -15.08117 37.76 -37.21095 -9.658244 37.76 -36.56007 -11.43993 37.76 -38.34175
2 24 -12.47957 37.76 -38.97271 -11.43993 37.76 -38.34175
4 16 -11.43993 37.76 -38.34175 -9.658244 37.76 -36.56007 -2.123825 37.76 -44.09449 -5.687198 37.76 -44.09449
2 24 -9.658244 37.76 -36.56007 -2.123825 37.76 -44.09449
2 24 -5.687198 37.76 -44.09449 -2.123825 37.76 -44.09449
2 24 -11.43993 37.76 -38.34175 -5.687198 37.76 -44.09449
3 16 -12.47957 37.76 -38.97271 -13.60454 37.76 -39.43464 -15.08117 37.76 -37.21095
2 24 -13.60454 37.76 -39.43464 -12.47957 37.76 -38.97271
3 16 -15.08117 37.76 -37.21095 -13.60454 37.76 -39.43464 -14.78757 37.76 -39.71635
2 24 -14.78757 37.76 -39.71635 -13.60454 37.76 -39.43464
4 16 -15.08117 37.76 -37.21095 -14.78757 37.76 -39.71635 -16 37.76 -39.81102 -16 37.76 -37.29134
2 24 -16 37.76 -39.81102 -14.78757 37.76 -39.71635
2 24 -16 37.76 -37.29134 -15.08117 37.76 -37.21095
4 16 -16 37.76 -37.29134 -16 37.76 -39.81102 -17.21243 37.76 -39.71635 -16.91883 37.76 -37.21095
2 24 -17.21243 37.76 -39.71635 -16 37.76 -39.81102
2 24 -16.91883 37.76 -37.21095 -16 37.76 -37.29134
3 16 -16.91883 37.76 -37.21095 -17.21243 37.76 -39.71635 -18.39546 37.76 -39.43464
2 24 -18.39546 37.76 -39.43464 -17.21243 37.76 -39.71635
3 16 -18.64567 37.76 -27.41757 -19.40121 37.76 -27.9466 -22.34175 37.76 -27.43993
2 24 -18.64567 37.76 -27.41757 -19.40121 37.76 -27.9466
3 16 -22.34175 37.76 -27.43993 -19.40121 37.76 -27.9466 -20.0534 37.76 -28.59879
2 24 -19.40121 37.76 -27.9466 -20.0534 37.76 -28.59879
4 16 -22.34175 37.76 -27.43993 -20.0534 37.76 -28.59879 -20.58243 37.76 -29.35433 -22.96548 37.76 -28.46528
2 24 -20.0534 37.76 -28.59879 -20.58243 37.76 -29.35433
2 24 -22.96548 37.76 -28.46528 -22.34175 37.76 -27.43993
4 16 -22.96548 37.76 -28.46528 -20.58243 37.76 -29.35433 -20.97223 37.76 -30.19026 -23.42476 37.76 -29.57409
2 24 -20.58243 37.76 -29.35433 -20.97223 37.76 -30.19026
2 24 -23.42476 37.76 -29.57409 -22.96548 37.76 -28.46528
4 16 -23.42476 37.76 -29.57409 -20.97223 37.76 -30.19026 -21.21095 37.76 -31.08117 -23.70875 37.76 -30.74016
2 24 -20.97223 37.76 -30.19026 -21.21095 37.76 -31.08117
2 24 -23.70875 37.76 -30.74016 -23.42476 37.76 -29.57409
3 16 -23.70875 37.76 -30.74016 -21.21095 37.76 -31.08117 -21.29134 37.76 -32
2 24 -21.21095 37.76 -31.08117 -21.29134 37.76 -32
3 16 11.41757 37.76 -34.64567 11.9466 37.76 -35.40121 8.291246 37.76 -30.74016
2 24 11.41757 37.76 -34.64567 11.9466 37.76 -35.40121
3 16 8.291246 37.76 -30.74016 8.291246 37.76 -33.25984 0 37.76 -30.74016
4 16 0 37.76 -30.74016 8.291246 37.76 -33.25984 -8.291246 37.76 -33.25984 -8.291246 37.76 -30.74016
2 24 8.291246 37.76 -33.25984 -8.291246 37.76 -33.25984
4 16 -8.291246 37.76 -30.74016 -8.291246 37.76 -33.25984 -8.575242 37.76 -34.42591 -11.9466 37.76 -35.40121
2 24 -8.291246 37.76 -33.25984 -8.575242 37.76 -34.42591
3 16 -11.9466 37.76 -35.40121 -8.575242 37.76 -34.42591 -9.034523 37.76 -35.53471
2 24 -8.575242 37.76 -34.42591 -9.034523 37.76 -35.53471
3 16 -50.64567 37.76 -27.41757 -54.34176 37.76 -27.43993 -49.80974 37.76 -27.02777
2 24 -49.80974 37.76 -27.02777 -50.64567 37.76 -27.41757
3 16 -49.80974 37.76 -27.02777 -54.34176 37.76 -27.43993 -48.91883 37.76 -26.78905
2 24 -48.91883 37.76 -26.78905 -49.80974 37.76 -27.02777
3 16 -53.29134 37.76 -32 -53.21095 37.76 -32.91883 -55.70875 37.76 -30.74016
2 24 -53.29134 37.76 -32 -53.21095 37.76 -32.91883
3 16 -55.70875 37.76 -30.74016 -53.21095 37.76 -32.91883 -52.97223 37.76 -33.80974
2 24 -53.21095 37.76 -32.91883 -52.97223 37.76 -33.80974
3 16 -55.70875 37.76 -30.74016 -52.97223 37.76 -33.80974 -52.58243 37.76 -34.64567
2 24 -52.97223 37.76 -33.80974 -52.58243 37.76 -34.64567
4 16 -51.52043 37.76 -25.02729 -48.91883 37.76 -26.78905 -54.34176 37.76 -27.43993 -52.56007 37.76 -25.65824
2 24 -51.52043 37.76 -25.02729 -52.56007 37.76 -25.65824
4 16 -52.56007 37.76 -25.65824 -54.34176 37.76 -27.43993 -61.87617 37.76 -19.90551 -58.3128 37.76 -19.90551
2 24 -54.34176 37.76 -27.43993 -61.87617 37.76 -19.90551
2 24 -58.3128 37.76 -19.90551 -61.87617 37.76 -19.90551
2 24 -52.56007 37.76 -25.65824 -58.3128 37.76 -19.90551
3 16 -51.52043 37.76 -25.02729 -50.39546 37.76 -24.56536 -48.91883 37.76 -26.78905
2 24 -50.39546 37.76 -24.56536 -51.52043 37.76 -25.02729
3 16 -48.91883 37.76 -26.78905 -50.39546 37.76 -24.56536 -49.21243 37.76 -24.28365
2 24 -49.21243 37.76 -24.28365 -50.39546 37.76 -24.56536
4 16 -48.91883 37.76 -26.78905 -49.21243 37.76 -24.28365 -48 37.76 -24.18898 -48 37.76 -26.70866
2 24 -48 37.76 -24.18898 -49.21243 37.76 -24.28365
2 24 -48 37.76 -26.70866 -48.91883 37.76 -26.78905
4 16 -48 37.76 -26.70866 -48 37.76 -24.18898 -46.78757 37.76 -24.28365 -47.08117 37.76 -26.78905
2 24 -46.78757 37.76 -24.28365 -48 37.76 -24.18898
2 24 -47.08117 37.76 -26.78905 -48 37.76 -26.70866
3 16 -47.08117 37.76 -26.78905 -46.78757 37.76 -24.28365 -45.60453 37.76 -24.56536
2 24 -45.60453 37.76 -24.56536 -46.78757 37.76 -24.28365
3 16 -45.60453 37.76 -24.56536 -44.47956 37.76 -25.02729 -47.08117 37.76 -26.78905
2 24 -44.47956 37.76 -25.02729 -45.60453 37.76 -24.56536
3 16 -47.08117 37.76 -26.78905 -44.47956 37.76 -25.02729 -43.43993 37.76 -25.65824
2 24 -43.43993 37.76 -25.65824 -44.47956 37.76 -25.02729
4 16 -47.08117 37.76 -26.78905 -43.43993 37.76 -25.65824 -41.65825 37.76 -27.43993 -46.19025 37.76 -27.02777
2 24 -46.19025 37.76 -27.02777 -47.08117 37.76 -26.78905
3 16 -43.9466 37.76 -35.40121 -43.41757 37.76 -34.64567 -40.29125 37.76 -30.74016
2 24 -43.9466 37.76 -35.40121 -43.41757 37.76 -34.64567
3 16 -40.29125 37.76 -30.74016 -43.41757 37.76 -34.64567 -43.02777 37.76 -33.80974
2 24 -43.41757 37.76 -34.64567 -43.02777 37.76 -33.80974
3 16 -40.29125 37.76 -30.74016 -43.02777 37.76 -33.80974 -42.78905 37.76 -32.91883
2 24 -43.02777 37.76 -33.80974 -42.78905 37.76 -32.91883
3 16 -44.59879 37.76 -27.9466 -45.35433 37.76 -27.41757 -41.65825 37.76 -27.43993
2 24 -44.59879 37.76 -27.9466 -45.35433 37.76 -27.41757
3 16 -41.65825 37.76 -27.43993 -45.35433 37.76 -27.41757 -46.19025 37.76 -27.02777
2 24 -45.35433 37.76 -27.41757 -46.19025 37.76 -27.02777
3 16 -47.08117 37.76 -37.21095 -46.19025 37.76 -36.97223 -41.65825 37.76 -36.56007
2 24 -47.08117 37.76 -37.21095 -46.19025 37.76 -36.97223
3 16 -41.65825 37.76 -36.56007 -46.19025 37.76 -36.97223 -45.35433 37.76 -36.58243
2 24 -46.19025 37.76 -36.97223 -45.35433 37.76 -36.58243
4 16 -58.3128 37.76 -44.09449 -61.87617 37.76 -44.09449 -54.34176 37.76 -36.56007 -52.56007 37.76 -38.34175
2 24 -61.87617 37.76 -44.09449 -58.3128 37.76 -44.09449
2 24 -61.87617 37.76 -44.09449 -54.34176 37.76 -36.56007
2 24 -58.3128 37.76 -44.09449 -52.56007 37.76 -38.34175
4 16 -52.0534 37.76 -35.40121 -51.40121 37.76 -36.0534 -54.34176 37.76 -36.56007 -54.96548 37.76 -35.53471
2 24 -52.0534 37.76 -35.40121 -51.40121 37.76 -36.0534
2 24 -54.34176 37.76 -36.56007 -54.96548 37.76 -35.53471
3 16 -54.34176 37.76 -36.56007 -51.40121 37.76 -36.0534 -50.64567 37.76 -36.58243
2 24 -51.40121 37.76 -36.0534 -50.64567 37.76 -36.58243
3 16 -50.64567 37.76 -27.41757 -51.40121 37.76 -27.9466 -54.34176 37.76 -27.43993
2 24 -50.64567 37.76 -27.41757 -51.40121 37.76 -27.9466
3 16 -54.34176 37.76 -27.43993 -51.40121 37.76 -27.9466 -52.0534 37.76 -28.59879
2 24 -51.40121 37.76 -27.9466 -52.0534 37.76 -28.59879
4 16 -54.34176 37.76 -27.43993 -52.0534 37.76 -28.59879 -52.58243 37.76 -29.35433 -54.96548 37.76 -28.46528
2 24 -52.0534 37.76 -28.59879 -52.58243 37.76 -29.35433
2 24 -54.96548 37.76 -28.46528 -54.34176 37.76 -27.43993
4 16 -54.96548 37.76 -28.46528 -52.58243 37.76 -29.35433 -52.97223 37.76 -30.19026 -55.42476 37.76 -29.57409
2 24 -52.58243 37.76 -29.35433 -52.97223 37.76 -30.19026
2 24 -55.42476 37.76 -29.57409 -54.96548 37.76 -28.46528
4 16 -55.42476 37.76 -29.57409 -52.97223 37.76 -30.19026 -53.21095 37.76 -31.08117 -55.70875 37.76 -30.74016
2 24 -52.97223 37.76 -30.19026 -53.21095 37.76 -31.08117
2 24 -55.70875 37.76 -30.74016 -55.42476 37.76 -29.57409
3 16 -55.70875 37.76 -30.74016 -53.21095 37.76 -31.08117 -53.29134 37.76 -32
2 24 -53.21095 37.76 -31.08117 -53.29134 37.76 -32
3 16 -42.78905 37.76 -32.91883 -42.70866 37.76 -32 -40.29125 37.76 -30.74016
2 24 -42.78905 37.76 -32.91883 -42.70866 37.76 -32
3 16 -40.29125 37.76 -30.74016 -42.70866 37.76 -32 -42.78905 37.76 -31.08117
2 24 -42.70866 37.76 -32 -42.78905 37.76 -31.08117
4 16 -40.29125 37.76 -30.74016 -42.78905 37.76 -31.08117 -43.02777 37.76 -30.19026 -40.57524 37.76 -29.57409
2 24 -42.78905 37.76 -31.08117 -43.02777 37.76 -30.19026
2 24 -40.57524 37.76 -29.57409 -40.29125 37.76 -30.74016
4 16 -40.57524 37.76 -29.57409 -43.02777 37.76 -30.19026 -43.41757 37.76 -29.35433 -41.03452 37.76 -28.46528
2 24 -43.02777 37.76 -30.19026 -43.41757 37.76 -29.35433
2 24 -41.03452 37.76 -28.46528 -40.57524 37.76 -29.57409
4 16 -41.03452 37.76 -28.46528 -43.41757 37.76 -29.35433 -43.9466 37.76 -28.59879 -41.65825 37.76 -27.43993
2 24 -43.41757 37.76 -29.35433 -43.9466 37.76 -28.59879
2 24 -41.65825 37.76 -27.43993 -41.03452 37.76 -28.46528
3 16 -41.65825 37.76 -27.43993 -43.9466 37.76 -28.59879 -44.59879 37.76 -27.9466
2 24 -43.9466 37.76 -28.59879 -44.59879 37.76 -27.9466
3 16 -45.35433 37.76 -36.58243 -44.59879 37.76 -36.0534 -41.65825 37.76 -36.56007
2 24 -45.35433 37.76 -36.58243 -44.59879 37.76 -36.0534
4 16 -41.65825 37.76 -36.56007 -44.59879 37.76 -36.0534 -43.9466 37.76 -35.40121 -41.03452 37.76 -35.53471
2 24 -44.59879 37.76 -36.0534 -43.9466 37.76 -35.40121
2 24 -41.03452 37.76 -35.53471 -41.65825 37.76 -36.56007
3 16 -50.39546 37.76 -39.43464 -51.52043 37.76 -38.97271 -48.91883 37.76 -37.21095
2 24 -51.52043 37.76 -38.97271 -50.39546 37.76 -39.43464
3 16 -52.0534 37.76 -35.40121 -54.96548 37.76 -35.53471 -55.42476 37.76 -34.42591
2 24 -54.96548 37.76 -35.53471 -55.42476 37.76 -34.42591
4 16 -52.0534 37.76 -35.40121 -55.42476 37.76 -34.42591 -55.70875 37.76 -33.25984 -55.70875 37.76 -30.74016
2 24 -55.42476 37.76 -34.42591 -55.70875 37.76 -33.25984
3 16 -50.64567 37.76 -36.58243 -49.80974 37.76 -36.97223 -54.34176 37.76 -36.56007
2 24 -50.64567 37.76 -36.58243 -49.80974 37.76 -36.97223
3 16 -54.34176 37.76 -36.56007 -49.80974 37.76 -36.97223 -48.91883 37.76 -37.21095
2 24 -49.80974 37.76 -36.97223 -48.91883 37.76 -37.21095
4 16 -54.34176 37.76 -36.56007 -48.91883 37.76 -37.21095 -51.52043 37.76 -38.97271 -52.56007 37.76 -38.34175
2 24 -52.56007 37.76 -38.34175 -51.52043 37.76 -38.97271
4 16 -44.47956 37.76 -38.97271 -47.08117 37.76 -37.21095 -41.65825 37.76 -36.56007 -43.43993 37.76 -38.34175
2 24 -44.47956 37.76 -38.97271 -43.43993 37.76 -38.34175
4 16 -43.43993 37.76 -38.34175 -41.65825 37.76 -36.56007 -34.12382 37.76 -44.09449 -37.6872 37.76 -44.09449
2 24 -41.65825 37.76 -36.56007 -34.12382 37.76 -44.09449
2 24 -37.6872 37.76 -44.09449 -34.12382 37.76 -44.09449
2 24 -43.43993 37.76 -38.34175 -37.6872 37.76 -44.09449
3 16 -44.47956 37.76 -38.97271 -45.60453 37.76 -39.43464 -47.08117 37.76 -37.21095
2 24 -45.60453 37.76 -39.43464 -44.47956 37.76 -38.97271
3 16 -47.08117 37.76 -37.21095 -45.60453 37.76 -39.43464 -46.78757 37.76 -39.71635
2 24 -46.78757 37.76 -39.71635 -45.60453 37.76 -39.43464
4 16 -47.08117 37.76 -37.21095 -46.78757 37.76 -39.71635 -48 37.76 -39.81102 -48 37.76 -37.29134
2 24 -48 37.76 -39.81102 -46.78757 37.76 -39.71635
2 24 -48 37.76 -37.29134 -47.08117 37.76 -37.21095
4 16 -48 37.76 -37.29134 -48 37.76 -39.81102 -49.21243 37.76 -39.71635 -48.91883 37.76 -37.21095
2 24 -49.21243 37.76 -39.71635 -48 37.76 -39.81102
2 24 -48.91883 37.76 -37.21095 -48 37.76 -37.29134
3 16 -48.91883 37.76 -37.21095 -49.21243 37.76 -39.71635 -50.39546 37.76 -39.43464
2 24 -50.39546 37.76 -39.43464 -49.21243 37.76 -39.71635
3 16 -20.58243 37.76 -34.64567 -20.0534 37.76 -35.40121 -23.70875 37.76 -30.74016
2 24 -20.58243 37.76 -34.64567 -20.0534 37.76 -35.40121
3 16 -23.70875 37.76 -30.74016 -23.70875 37.76 -33.25984 -32 37.76 -30.74016
4 16 -32 37.76 -30.74016 -23.70875 37.76 -33.25984 -40.29125 37.76 -33.25984 -40.29125 37.76 -30.74016
2 24 -23.70875 37.76 -33.25984 -40.29125 37.76 -33.25984
4 16 -40.29125 37.76 -30.74016 -40.29125 37.76 -33.25984 -40.57524 37.76 -34.42591 -43.9466 37.76 -35.40121
2 24 -40.29125 37.76 -33.25984 -40.57524 37.76 -34.42591
3 16 -43.9466 37.76 -35.40121 -40.57524 37.76 -34.42591 -41.03452 37.76 -35.53471
2 24 -40.57524 37.76 -34.42591 -41.03452 37.76 -35.53471
3 16 -52.58243 37.76 -34.64567 -52.0534 37.76 -35.40121 -55.70875 37.76 -30.74016
2 24 -52.58243 37.76 -34.64567 -52.0534 37.76 -35.40121
3 16 -55.70875 37.76 -30.74016 -55.70875 37.76 -33.25984 -64 37.76 -30.74016
4 16 -64 37.76 -30.74016 -55.70875 37.76 -33.25984 -72.29125 37.76 -33.25984 -72.29125 37.76 -30.74016
2 24 -55.70875 37.76 -33.25984 -72.29125 37.76 -33.25984
4 16 -73.65824 37.76 -27.43993 -75.43993 37.76 -25.65824 -69.6872 37.76 -19.90551 -66.12382 37.76 -19.90551
2 24 -69.6872 37.76 -19.90551 -75.43993 37.76 -25.65824
2 24 -69.6872 37.76 -19.90551 -66.12382 37.76 -19.90551
2 24 -66.12382 37.76 -19.90551 -73.65824 37.76 -27.43993
4 16 -77.79764 37.76 -24.50589 -76.57004 37.76 -24.98234 -75.43993 37.76 -25.65824 -79.08117 37.76 -26.78905
2 24 -76.57004 37.76 -24.98234 -77.79764 37.76 -24.50589
2 24 -75.43993 37.76 -25.65824 -76.57004 37.76 -24.98234
4 16 -79.08117 37.76 -26.78905 -75.43993 37.76 -25.65824 -73.65824 37.76 -27.43993 -78.19025 37.76 -27.02777
2 24 -78.19025 37.76 -27.02777 -79.08117 37.76 -26.78905
3 16 -78.19025 37.76 -27.02777 -73.65824 37.76 -27.43993 -77.35433 37.76 -27.41757
2 24 -77.35433 37.76 -27.41757 -78.19025 37.76 -27.02777
4 16 -66.12382 37.76 -44.09449 -69.6872 37.76 -44.09449 -75.43993 37.76 -38.34175 -73.65824 37.76 -36.56007
2 24 -69.6872 37.76 -44.09449 -66.12382 37.76 -44.09449
2 24 -75.43993 37.76 -38.34175 -69.6872 37.76 -44.09449
2 24 -73.65824 37.76 -36.56007 -66.12382 37.76 -44.09449
3 16 -75.43993 37.76 -38.34175 -80 37.76 -37.29134 -79.08117 37.76 -37.21095
2 24 -80 37.76 -37.29134 -79.08117 37.76 -37.21095
4 16 -73.03452 37.76 -28.46528 -75.9466 37.76 -28.59879 -76.59879 37.76 -27.9466 -73.65824 37.76 -27.43993
2 24 -75.9466 37.76 -28.59879 -76.59879 37.76 -27.9466
2 24 -73.65824 37.76 -27.43993 -73.03452 37.76 -28.46528
3 16 -73.65824 37.76 -27.43993 -76.59879 37.76 -27.9466 -77.35433 37.76 -27.41757
2 24 -76.59879 37.76 -27.9466 -77.35433 37.76 -27.41757
3 16 -73.03452 37.76 -28.46528 -72.57524 37.76 -29.57409 -75.9466 37.76 -28.59879
2 24 -73.03452 37.76 -28.46528 -72.57524 37.76 -29.57409
4 16 -75.9466 37.76 -28.59879 -72.57524 37.76 -29.57409 -72.29125 37.76 -30.74016 -72.29125 37.76 -33.25984
2 24 -72.57524 37.76 -29.57409 -72.29125 37.76 -30.74016
3 16 -72.29125 37.76 -33.25984 -74.70866 37.76 -32 -74.78905 37.76 -31.08117
2 24 -74.70866 37.76 -32 -74.78905 37.76 -31.08117
4 16 -75.43993 37.76 -38.34175 -79.08117 37.76 -37.21095 -78.19025 37.76 -36.97223 -73.65824 37.76 -36.56007
2 24 -79.08117 37.76 -37.21095 -78.19025 37.76 -36.97223
3 16 -73.65824 37.76 -36.56007 -78.19025 37.76 -36.97223 -77.35433 37.76 -36.58243
2 24 -78.19025 37.76 -36.97223 -77.35433 37.76 -36.58243
3 16 -74.78905 37.76 -31.08117 -75.02776 37.76 -30.19026 -72.29125 37.76 -33.25984
2 24 -74.78905 37.76 -31.08117 -75.02776 37.76 -30.19026
3 16 -72.29125 37.76 -33.25984 -75.02776 37.76 -30.19026 -75.41756 37.76 -29.35433
2 24 -75.02776 37.76 -30.19026 -75.41756 37.76 -29.35433
3 16 -72.29125 37.76 -33.25984 -75.41756 37.76 -29.35433 -75.9466 37.76 -28.59879
2 24 -75.41756 37.76 -29.35433 -75.9466 37.76 -28.59879
3 16 -77.35433 37.76 -36.58243 -76.59879 37.76 -36.0534 -73.65824 37.76 -36.56007
2 24 -77.35433 37.76 -36.58243 -76.59879 37.76 -36.0534
3 16 -73.65824 37.76 -36.56007 -76.59879 37.76 -36.0534 -75.9466 37.76 -35.40121
2 24 -76.59879 37.76 -36.0534 -75.9466 37.76 -35.40121
4 16 -73.65824 37.76 -36.56007 -75.9466 37.76 -35.40121 -75.41756 37.76 -34.64567 -73.03452 37.76 -35.53471
2 24 -75.9466 37.76 -35.40121 -75.41756 37.76 -34.64567
2 24 -73.03452 37.76 -35.53471 -73.65824 37.76 -36.56007
4 16 -73.03452 37.76 -35.53471 -75.41756 37.76 -34.64567 -75.02776 37.76 -33.80974 -72.57524 37.76 -34.42591
2 24 -75.41756 37.76 -34.64567 -75.02776 37.76 -33.80974
2 24 -72.57524 37.76 -34.42591 -73.03452 37.76 -35.53471
4 16 -72.57524 37.76 -34.42591 -75.02776 37.76 -33.80974 -74.78905 37.76 -32.91883 -72.29125 37.76 -33.25984
2 24 -75.02776 37.76 -33.80974 -74.78905 37.76 -32.91883
2 24 -72.29125 37.76 -33.25984 -72.57524 37.76 -34.42591
3 16 -72.29125 37.76 -33.25984 -74.78905 37.76 -32.91883 -74.70866 37.76 -32
2 24 -74.78905 37.76 -32.91883 -74.70866 37.76 -32
3 16 -84.58243 37.76 -29.35433 -86.57297 37.76 -27.78003 -84.0534 37.76 -28.59879
2 24 -84.0534 37.76 -28.59879 -84.58243 37.76 -29.35433
4 16 -84.0534 37.76 -28.59879 -86.57297 37.76 -27.78003 -86.09745 37.76 -27.11807 -83.4012 37.76 -27.9466
2 24 -86.09745 37.76 -27.11807 -86.57297 37.76 -27.78003
2 24 -83.4012 37.76 -27.9466 -84.0534 37.76 -28.59879
4 16 -83.4012 37.76 -27.9466 -86.09745 37.76 -27.11807 -85.19071 37.76 -26.16317 -82.64567 37.76 -27.41757
2 24 -85.19071 37.76 -26.16317 -86.09745 37.76 -27.11807
2 24 -82.64567 37.76 -27.41757 -83.4012 37.76 -27.9466
4 16 -82.64567 37.76 -27.41757 -85.19071 37.76 -26.16317 -84.13646 37.76 -25.37416 -81.80974 37.76 -27.02777
2 24 -84.13646 37.76 -25.37416 -85.19071 37.76 -26.16317
2 24 -81.80974 37.76 -27.02777 -82.64567 37.76 -27.41757
4 16 -81.80974 37.76 -27.02777 -84.13646 37.76 -25.37416 -82.96464 37.76 -24.77345 -80.91883 37.76 -26.78905
2 24 -82.96464 37.76 -24.77345 -84.13646 37.76 -25.37416
2 24 -80.91883 37.76 -26.78905 -81.80974 37.76 -27.02777
4 16 -80.91883 37.76 -26.78905 -82.96464 37.76 -24.77345 -81.70857 37.76 -24.37813 -80 37.76 -26.70866
2 24 -81.70857 37.76 -24.37813 -82.96464 37.76 -24.77345
2 24 -80 37.76 -26.70866 -80.91883 37.76 -26.78905
4 16 -80 37.76 -26.70866 -81.70857 37.76 -24.37813 -80.40394 37.76 -24.19943 -79.08117 37.76 -26.78905
2 24 -80.40394 37.76 -24.19943 -81.70857 37.76 -24.37813
2 24 -79.08117 37.76 -26.78905 -80 37.76 -26.70866
4 16 -79.08117 37.76 -26.78905 -80.40394 37.76 -24.19943 -79.08782 37.76 -24.24242 -77.79764 37.76 -24.50589
2 24 -79.08782 37.76 -24.24242 -80.40394 37.76 -24.19943
2 24 -77.79764 37.76 -24.50589 -79.08782 37.76 -24.24242
3 16 -84.58243 37.76 -29.35433 -84.97223 37.76 -30.19026 -86.57297 37.76 -27.78003
2 24 -84.58243 37.76 -29.35433 -84.97223 37.76 -30.19026
3 16 -86.57297 37.76 -27.78003 -84.97223 37.76 -30.19026 -85.21095 37.76 -31.08117
2 24 -84.97223 37.76 -30.19026 -85.21095 37.76 -31.08117
3 16 -86.57297 37.76 -27.78003 -85.21095 37.76 -31.08117 -85.29134 37.76 -32
2 24 -85.21095 37.76 -31.08117 -85.29134 37.76 -32
3 16 -77.79764 37.76 -39.49411 -79.08782 37.76 -39.75758 -80.91883 37.76 -37.21095
2 24 -79.08782 37.76 -39.75758 -77.79764 37.76 -39.49411
3 16 -85.21095 37.76 -32.91883 -84.97223 37.76 -33.80974 -86.57297 37.76 -36.21997
2 24 -85.21095 37.76 -32.91883 -84.97223 37.76 -33.80974
3 16 -86.57297 37.76 -36.21997 -84.97223 37.76 -33.80974 -84.58243 37.76 -34.64567
2 24 -84.97223 37.76 -33.80974 -84.58243 37.76 -34.64567
4 16 -86.57297 37.76 -36.21997 -84.58243 37.76 -34.64567 -84.0534 37.76 -35.40121 -86.09745 37.76 -36.88192
2 24 -84.58243 37.76 -34.64567 -84.0534 37.76 -35.40121
2 24 -86.57297 37.76 -36.21997 -86.09745 37.76 -36.88192
4 16 -86.09745 37.76 -36.88192 -84.0534 37.76 -35.40121 -83.4012 37.76 -36.0534 -85.19071 37.76 -37.83683
2 24 -84.0534 37.76 -35.40121 -83.4012 37.76 -36.0534
2 24 -86.09745 37.76 -36.88192 -85.19071 37.76 -37.83683
4 16 -85.19071 37.76 -37.83683 -83.4012 37.76 -36.0534 -82.64567 37.76 -36.58243 -84.13646 37.76 -38.62584
2 24 -83.4012 37.76 -36.0534 -82.64567 37.76 -36.58243
2 24 -85.19071 37.76 -37.83683 -84.13646 37.76 -38.62584
4 16 -84.13646 37.76 -38.62584 -82.64567 37.76 -36.58243 -81.80974 37.76 -36.97223 -82.96464 37.76 -39.22655
2 24 -82.64567 37.76 -36.58243 -81.80974 37.76 -36.97223
2 24 -84.13646 37.76 -38.62584 -82.96464 37.76 -39.22655
4 16 -82.96464 37.76 -39.22655 -81.80974 37.76 -36.97223 -80.91883 37.76 -37.21095 -81.70857 37.76 -39.62187
2 24 -81.80974 37.76 -36.97223 -80.91883 37.76 -37.21095
2 24 -82.96464 37.76 -39.22655 -81.70857 37.76 -39.62187
4 16 -81.70857 37.76 -39.62187 -80.91883 37.76 -37.21095 -79.08782 37.76 -39.75758 -80.40394 37.76 -39.80057
2 24 -80.40394 37.76 -39.80057 -79.08782 37.76 -39.75758
2 24 -81.70857 37.76 -39.62187 -80.40394 37.76 -39.80057
3 16 -80 37.76 -37.29134 -75.43993 37.76 -38.34175 -80.91883 37.76 -37.21095
2 24 -80.91883 37.76 -37.21095 -80 37.76 -37.29134
4 16 -80.91883 37.76 -37.21095 -75.43993 37.76 -38.34175 -76.57004 37.76 -39.01765 -77.79764 37.76 -39.49411
2 24 -76.57004 37.76 -39.01765 -75.43993 37.76 -38.34175
2 24 -77.79764 37.76 -39.49411 -76.57004 37.76 -39.01765
4 16 -86.83088 37.76 -35.78828 -86.83088 37.76 -28.21172 -86.57297 37.76 -27.78003 -86.57297 37.76 -36.21997
2 24 -86.57297 37.76 -27.78003 -86.83088 37.76 -28.21172
2 24 -86.83088 37.76 -35.78828 -86.57297 37.76 -36.21997
4 16 -86.57297 37.76 -36.21997 -86.57297 37.76 -27.78003 -85.29134 37.76 -32 -85.21095 37.76 -32.91883
2 24 -85.29134 37.76 -32 -85.21095 37.76 -32.91883
4 16 -87.37019 37.76 -34.58696 -87.70002 37.76 -33.31213 -87.37019 37.76 -29.41304 -86.83088 37.76 -35.78828
2 24 -87.70002 37.76 -33.31213 -87.37019 37.76 -34.58696
2 24 -87.37019 37.76 -34.58696 -86.83088 37.76 -35.78828
3 16 -86.83088 37.76 -35.78828 -87.37019 37.76 -29.41304 -86.83088 37.76 -28.21172
2 24 -86.83088 37.76 -28.21172 -87.37019 37.76 -29.41304
4 16 -87.37019 37.76 -29.41304 -87.70002 37.76 -33.31213 -87.81102 37.76 -32 -87.70002 37.76 -30.68787
2 24 -87.81102 37.76 -32 -87.70002 37.76 -33.31213
2 24 -87.70002 37.76 -30.68787 -87.81102 37.76 -32
2 24 -87.37019 37.76 -29.41304 -87.70002 37.76 -30.68787

4 16 -73.65824 37.76 36.56007 -75.43993 37.76 38.34175 -69.6872 37.76 44.09449 -66.12382 37.76 44.09449
2 24 -69.6872 37.76 44.09449 -75.43993 37.76 38.34175
2 24 -66.12382 37.76 44.09449 -69.6872 37.76 44.09449
2 24 -66.12382 37.76 44.09449 -73.65824 37.76 36.56007
4 16 -41.65825 37.76 36.56007 -43.43993 37.76 38.34175 -37.6872 37.76 44.09449 -34.12382 37.76 44.09449
2 24 -37.6872 37.76 44.09449 -43.43993 37.76 38.34175
2 24 -34.12382 37.76 44.09449 -37.6872 37.76 44.09449
2 24 -34.12382 37.76 44.09449 -41.65825 37.76 36.56007
4 16 69.6872 37.76 19.90551 66.12382 37.76 19.90551 73.65824 37.76 27.43993 75.43993 37.76 25.65824
2 24 66.12382 37.76 19.90551 69.6872 37.76 19.90551
2 24 66.12382 37.76 19.90551 73.65824 37.76 27.43993
2 24 69.6872 37.76 19.90551 75.43993 37.76 25.65824
3 16 75.9466 37.76 35.40121 75.41756 37.76 34.64567 72.29125 37.76 30.74016
2 24 75.9466 37.76 35.40121 75.41756 37.76 34.64567
3 16 72.29125 37.76 30.74016 75.41756 37.76 34.64567 75.02776 37.76 33.80974
2 24 75.41756 37.76 34.64567 75.02776 37.76 33.80974
3 16 72.29125 37.76 30.74016 75.02776 37.76 33.80974 74.78905 37.76 32.91883
2 24 75.02776 37.76 33.80974 74.78905 37.76 32.91883
4 16 73.03452 37.76 35.53471 73.65824 37.76 36.56007 76.59879 37.76 36.0534 75.9466 37.76 35.40121
2 24 73.03452 37.76 35.53471 73.65824 37.76 36.56007
2 24 76.59879 37.76 36.0534 75.9466 37.76 35.40121
3 16 76.59879 37.76 27.9466 77.35433 37.76 27.41757 73.65824 37.76 27.43993
2 24 76.59879 37.76 27.9466 77.35433 37.76 27.41757
3 16 79.08117 37.76 37.21095 78.19025 37.76 36.97223 73.65824 37.76 36.56007
2 24 79.08117 37.76 37.21095 78.19025 37.76 36.97223
3 16 73.65824 37.76 36.56007 78.19025 37.76 36.97223 77.35433 37.76 36.58243
2 24 78.19025 37.76 36.97223 77.35433 37.76 36.58243
3 16 73.65824 37.76 36.56007 77.35433 37.76 36.58243 76.59879 37.76 36.0534
2 24 77.35433 37.76 36.58243 76.59879 37.76 36.0534
4 16 76.57004 37.76 39.01765 79.08117 37.76 37.21095 73.65824 37.76 36.56007 75.43993 37.76 38.34175
2 24 76.57004 37.76 39.01765 75.43993 37.76 38.34175
4 16 75.43993 37.76 38.34175 73.65824 37.76 36.56007 66.12382 37.76 44.09449 69.6872 37.76 44.09449
2 24 73.65824 37.76 36.56007 66.12382 37.76 44.09449
2 24 69.6872 37.76 44.09449 66.12382 37.76 44.09449
2 24 75.43993 37.76 38.34175 69.6872 37.76 44.09449
3 16 77.35433 37.76 27.41757 78.19025 37.76 27.02777 73.65824 37.76 27.43993
2 24 77.35433 37.76 27.41757 78.19025 37.76 27.02777
3 16 73.65824 37.76 27.43993 78.19025 37.76 27.02777 79.08117 37.76 26.78905
2 24 78.19025 37.76 27.02777 79.08117 37.76 26.78905
4 16 73.65824 37.76 27.43993 79.08117 37.76 26.78905 76.57004 37.76 24.98234 75.43993 37.76 25.65824
2 24 75.43993 37.76 25.65824 76.57004 37.76 24.98234
3 16 74.78905 37.76 32.91883 74.70866 37.76 32 72.29125 37.76 30.74016
2 24 74.78905 37.76 32.91883 74.70866 37.76 32
3 16 72.29125 37.76 30.74016 74.70866 37.76 32 74.78905 37.76 31.08117
2 24 74.70866 37.76 32 74.78905 37.76 31.08117
4 16 72.29125 37.76 30.74016 74.78905 37.76 31.08117 75.02776 37.76 30.19026 72.57524 37.76 29.57409
2 24 74.78905 37.76 31.08117 75.02776 37.76 30.19026
2 24 72.57524 37.76 29.57409 72.29125 37.76 30.74016
4 16 72.57524 37.76 29.57409 75.02776 37.76 30.19026 75.41756 37.76 29.35433 73.03452 37.76 28.46528
2 24 75.02776 37.76 30.19026 75.41756 37.76 29.35433
2 24 73.03452 37.76 28.46528 72.57524 37.76 29.57409
4 16 73.03452 37.76 28.46528 75.41756 37.76 29.35433 75.9466 37.76 28.59879 73.65824 37.76 27.43993
2 24 75.41756 37.76 29.35433 75.9466 37.76 28.59879
2 24 73.65824 37.76 27.43993 73.03452 37.76 28.46528
3 16 73.65824 37.76 27.43993 75.9466 37.76 28.59879 76.59879 37.76 27.9466
2 24 75.9466 37.76 28.59879 76.59879 37.76 27.9466
4 16 76.57004 37.76 39.01765 77.79764 37.76 39.49411 79.08782 37.76 39.75758 79.08117 37.76 37.21095
2 24 77.79764 37.76 39.49411 76.57004 37.76 39.01765
2 24 79.08782 37.76 39.75758 77.79764 37.76 39.49411
4 16 79.08117 37.76 37.21095 79.08782 37.76 39.75758 80.40394 37.76 39.80057 80 37.76 37.29134
2 24 80.40394 37.76 39.80057 79.08782 37.76 39.75758
2 24 80 37.76 37.29134 79.08117 37.76 37.21095
4 16 80 37.76 37.29134 80.40394 37.76 39.80057 81.70857 37.76 39.62187 80.91883 37.76 37.21095
2 24 81.70857 37.76 39.62187 80.40394 37.76 39.80057
2 24 80.91883 37.76 37.21095 80 37.76 37.29134
4 16 80.91883 37.76 37.21095 81.70857 37.76 39.62187 82.96464 37.76 39.22655 81.80974 37.76 36.97223
2 24 82.96464 37.76 39.22655 81.70857 37.76 39.62187
2 24 81.80974 37.76 36.97223 80.91883 37.76 37.21095
4 16 81.80974 37.76 36.97223 82.96464 37.76 39.22655 84.13646 37.76 38.62584 82.64567 37.76 36.58243
2 24 84.13646 37.76 38.62584 82.96464 37.76 39.22655
2 24 82.64567 37.76 36.58243 81.80974 37.76 36.97223
4 16 82.64567 37.76 36.58243 84.13646 37.76 38.62584 85.19071 37.76 37.83683 83.4012 37.76 36.0534
2 24 85.19071 37.76 37.83683 84.13646 37.76 38.62584
2 24 83.4012 37.76 36.0534 82.64567 37.76 36.58243
4 16 83.4012 37.76 36.0534 85.19071 37.76 37.83683 86.09745 37.76 36.88192 84.0534 37.76 35.40121
2 24 86.09745 37.76 36.88192 85.19071 37.76 37.83683
2 24 84.0534 37.76 35.40121 83.4012 37.76 36.0534
4 16 84.0534 37.76 35.40121 86.09745 37.76 36.88192 86.83088 37.76 35.78828 84.58243 37.76 34.64567
2 24 86.83088 37.76 35.78828 86.09745 37.76 36.88192
2 24 84.58243 37.76 34.64567 84.0534 37.76 35.40121
4 16 84.58243 37.76 34.64567 86.83088 37.76 35.78828 87.37019 37.76 34.58696 84.97223 37.76 33.80974
2 24 87.37019 37.76 34.58696 86.83088 37.76 35.78828
2 24 84.97223 37.76 33.80974 84.58243 37.76 34.64567
4 16 84.97223 37.76 33.80974 87.37019 37.76 34.58696 87.70002 37.76 33.31213 85.21095 37.76 32.91883
2 24 87.70002 37.76 33.31213 87.37019 37.76 34.58696
2 24 85.21095 37.76 32.91883 84.97223 37.76 33.80974
4 16 85.21095 37.76 32.91883 87.70002 37.76 33.31213 87.81102 37.76 32 85.29134 37.76 32
2 24 87.81102 37.76 32 87.70002 37.76 33.31213
2 24 85.29134 37.76 32 85.21095 37.76 32.91883
4 16 85.29134 37.76 32 87.81102 37.76 32 87.70002 37.76 30.68787 85.21095 37.76 31.08117
2 24 87.70002 37.76 30.68787 87.81102 37.76 32
2 24 85.21095 37.76 31.08117 85.29134 37.76 32
4 16 85.21095 37.76 31.08117 87.70002 37.76 30.68787 87.37019 37.76 29.41304 84.97223 37.76 30.19026
2 24 87.37019 37.76 29.41304 87.70002 37.76 30.68787
2 24 84.97223 37.76 30.19026 85.21095 37.76 31.08117
4 16 84.97223 37.76 30.19026 87.37019 37.76 29.41304 86.83088 37.76 28.21172 84.58243 37.76 29.35433
2 24 86.83088 37.76 28.21172 87.37019 37.76 29.41304
2 24 84.58243 37.76 29.35433 84.97223 37.76 30.19026
4 16 84.58243 37.76 29.35433 86.83088 37.76 28.21172 86.09745 37.76 27.11807 84.0534 37.76 28.59879
2 24 86.09745 37.76 27.11807 86.83088 37.76 28.21172
2 24 84.0534 37.76 28.59879 84.58243 37.76 29.35433
4 16 84.0534 37.76 28.59879 86.09745 37.76 27.11807 85.19071 37.76 26.16317 83.4012 37.76 27.9466
2 24 85.19071 37.76 26.16317 86.09745 37.76 27.11807
2 24 83.4012 37.76 27.9466 84.0534 37.76 28.59879
4 16 83.4012 37.76 27.9466 85.19071 37.76 26.16317 84.13646 37.76 25.37416 82.64567 37.76 27.41757
2 24 84.13646 37.76 25.37416 85.19071 37.76 26.16317
2 24 82.64567 37.76 27.41757 83.4012 37.76 27.9466
4 16 82.64567 37.76 27.41757 84.13646 37.76 25.37416 82.96464 37.76 24.77345 81.80974 37.76 27.02777
2 24 82.96464 37.76 24.77345 84.13646 37.76 25.37416
2 24 81.80974 37.76 27.02777 82.64567 37.76 27.41757
4 16 81.80974 37.76 27.02777 82.96464 37.76 24.77345 81.70857 37.76 24.37813 80.91883 37.76 26.78905
2 24 81.70857 37.76 24.37813 82.96464 37.76 24.77345
2 24 80.91883 37.76 26.78905 81.80974 37.76 27.02777
4 16 80.91883 37.76 26.78905 81.70857 37.76 24.37813 80.40394 37.76 24.19943 80 37.76 26.70866
2 24 80.40394 37.76 24.19943 81.70857 37.76 24.37813
2 24 80 37.76 26.70866 80.91883 37.76 26.78905
4 16 80 37.76 26.70866 80.40394 37.76 24.19943 79.08782 37.76 24.24242 79.08117 37.76 26.78905
2 24 79.08782 37.76 24.24242 80.40394 37.76 24.19943
2 24 79.08117 37.76 26.78905 80 37.76 26.70866
4 16 79.08117 37.76 26.78905 79.08782 37.76 24.24242 77.79764 37.76 24.50589 76.57004 37.76 24.98234
2 24 77.79764 37.76 24.50589 79.08782 37.76 24.24242
2 24 76.57004 37.76 24.98234 77.79764 37.76 24.50589
4 16 54.34176 37.76 36.56007 52.56007 37.76 38.34175 58.3128 37.76 44.09449 61.87617 37.76 44.09449
2 24 58.3128 37.76 44.09449 52.56007 37.76 38.34175
2 24 58.3128 37.76 44.09449 61.87617 37.76 44.09449
2 24 61.87617 37.76 44.09449 54.34176 37.76 36.56007
3 16 55.70875 37.76 30.74016 55.70875 37.76 33.25984 64 37.76 30.74016
4 16 64 37.76 30.74016 55.70875 37.76 33.25984 72.29125 37.76 33.25984 72.29125 37.76 30.74016
2 24 55.70875 37.76 33.25984 72.29125 37.76 33.25984
4 16 72.29125 37.76 30.74016 72.29125 37.76 33.25984 72.57524 37.76 34.42591 75.9466 37.76 35.40121
2 24 72.29125 37.76 33.25984 72.57524 37.76 34.42591
3 16 75.9466 37.76 35.40121 72.57524 37.76 34.42591 73.03452 37.76 35.53471
2 24 72.57524 37.76 34.42591 73.03452 37.76 35.53471
3 16 50.39546 37.76 39.43464 51.52043 37.76 38.97271 48.91883 37.76 37.21095
2 24 51.52043 37.76 38.97271 50.39546 37.76 39.43464
3 16 51.40121 37.76 36.0534 50.64567 37.76 36.58243 54.34176 37.76 36.56007
2 24 51.40121 37.76 36.0534 50.64567 37.76 36.58243
3 16 44.59879 37.76 27.9466 45.35433 37.76 27.41757 41.65825 37.76 27.43993
2 24 44.59879 37.76 27.9466 45.35433 37.76 27.41757
3 16 50.64567 37.76 36.58243 49.80974 37.76 36.97223 54.34176 37.76 36.56007
2 24 50.64567 37.76 36.58243 49.80974 37.76 36.97223
3 16 54.34176 37.76 36.56007 49.80974 37.76 36.97223 48.91883 37.76 37.21095
2 24 49.80974 37.76 36.97223 48.91883 37.76 37.21095
4 16 54.34176 37.76 36.56007 48.91883 37.76 37.21095 51.52043 37.76 38.97271 52.56007 37.76 38.34175
2 24 52.56007 37.76 38.34175 51.52043 37.76 38.97271
3 16 50.64567 37.76 27.41757 54.34176 37.76 27.43993 49.80974 37.76 27.02777
2 24 49.80974 37.76 27.02777 50.64567 37.76 27.41757
3 16 49.80974 37.76 27.02777 54.34176 37.76 27.43993 48.91883 37.76 26.78905
2 24 48.91883 37.76 26.78905 49.80974 37.76 27.02777
3 16 45.35433 37.76 36.58243 41.65825 37.76 36.56007 46.19025 37.76 36.97223
2 24 46.19025 37.76 36.97223 45.35433 37.76 36.58243
3 16 46.19025 37.76 36.97223 41.65825 37.76 36.56007 47.08117 37.76 37.21095
2 24 47.08117 37.76 37.21095 46.19025 37.76 36.97223
4 16 37.6872 37.76 19.90551 34.12382 37.76 19.90551 41.65825 37.76 27.43993 43.43993 37.76 25.65824
2 24 34.12382 37.76 19.90551 37.6872 37.76 19.90551
2 24 34.12382 37.76 19.90551 41.65825 37.76 27.43993
2 24 37.6872 37.76 19.90551 43.43993 37.76 25.65824
3 16 45.35433 37.76 36.58243 44.59879 37.76 36.0534 41.65825 37.76 36.56007
2 24 45.35433 37.76 36.58243 44.59879 37.76 36.0534
4 16 41.65825 37.76 36.56007 44.59879 37.76 36.0534 43.9466 37.76 35.40121 41.03452 37.76 35.53471
2 24 44.59879 37.76 36.0534 43.9466 37.76 35.40121
2 24 41.03452 37.76 35.53471 41.65825 37.76 36.56007
4 16 44.47956 37.76 38.97271 47.08117 37.76 37.21095 41.65825 37.76 36.56007 43.43993 37.76 38.34175
2 24 44.47956 37.76 38.97271 43.43993 37.76 38.34175
4 16 43.43993 37.76 38.34175 41.65825 37.76 36.56007 34.12382 37.76 44.09449 37.6872 37.76 44.09449
2 24 41.65825 37.76 36.56007 34.12382 37.76 44.09449
2 24 37.6872 37.76 44.09449 34.12382 37.76 44.09449
2 24 43.43993 37.76 38.34175 37.6872 37.76 44.09449
3 16 44.47956 37.76 38.97271 45.60453 37.76 39.43464 47.08117 37.76 37.21095
2 24 45.60453 37.76 39.43464 44.47956 37.76 38.97271
3 16 47.08117 37.76 37.21095 45.60453 37.76 39.43464 46.78757 37.76 39.71635
2 24 46.78757 37.76 39.71635 45.60453 37.76 39.43464
4 16 47.08117 37.76 37.21095 46.78757 37.76 39.71635 48 37.76 39.81102 48 37.76 37.29134
2 24 48 37.76 39.81102 46.78757 37.76 39.71635
2 24 48 37.76 37.29134 47.08117 37.76 37.21095
4 16 48 37.76 37.29134 48 37.76 39.81102 49.21243 37.76 39.71635 48.91883 37.76 37.21095
2 24 49.21243 37.76 39.71635 48 37.76 39.81102
2 24 48.91883 37.76 37.21095 48 37.76 37.29134
3 16 48.91883 37.76 37.21095 49.21243 37.76 39.71635 50.39546 37.76 39.43464
2 24 50.39546 37.76 39.43464 49.21243 37.76 39.71635
3 16 52.97223 37.76 33.80974 55.70875 37.76 30.74016 53.21095 37.76 32.91883
2 24 53.21095 37.76 32.91883 52.97223 37.76 33.80974
3 16 53.21095 37.76 32.91883 55.70875 37.76 30.74016 53.29134 37.76 32
2 24 53.29134 37.76 32 53.21095 37.76 32.91883
4 16 51.40121 37.76 36.0534 54.34176 37.76 36.56007 54.96548 37.76 35.53471 52.0534 37.76 35.40121
2 24 54.34176 37.76 36.56007 54.96548 37.76 35.53471
2 24 52.0534 37.76 35.40121 51.40121 37.76 36.0534
3 16 52.0534 37.76 35.40121 54.96548 37.76 35.53471 55.42476 37.76 34.42591
2 24 54.96548 37.76 35.53471 55.42476 37.76 34.42591
3 16 43.9466 37.76 35.40121 43.41757 37.76 34.64567 40.29125 37.76 30.74016
2 24 43.9466 37.76 35.40121 43.41757 37.76 34.64567
3 16 40.29125 37.76 30.74016 43.41757 37.76 34.64567 43.02777 37.76 33.80974
2 24 43.41757 37.76 34.64567 43.02777 37.76 33.80974
3 16 40.29125 37.76 30.74016 43.02777 37.76 33.80974 42.78905 37.76 32.91883
2 24 43.02777 37.76 33.80974 42.78905 37.76 32.91883
3 16 52.97223 37.76 33.80974 52.58243 37.76 34.64567 55.70875 37.76 30.74016
2 24 52.97223 37.76 33.80974 52.58243 37.76 34.64567
3 16 55.70875 37.76 30.74016 52.58243 37.76 34.64567 52.0534 37.76 35.40121
2 24 52.58243 37.76 34.64567 52.0534 37.76 35.40121
4 16 55.70875 37.76 30.74016 52.0534 37.76 35.40121 55.42476 37.76 34.42591 55.70875 37.76 33.25984
2 24 55.42476 37.76 34.42591 55.70875 37.76 33.25984
3 16 47.08117 37.76 26.78905 45.60453 37.76 24.56536 44.47956 37.76 25.02729
2 24 44.47956 37.76 25.02729 45.60453 37.76 24.56536
4 16 51.52043 37.76 25.02729 48.91883 37.76 26.78905 54.34176 37.76 27.43993 52.56007 37.76 25.65824
2 24 51.52043 37.76 25.02729 52.56007 37.76 25.65824
4 16 52.56007 37.76 25.65824 54.34176 37.76 27.43993 61.87617 37.76 19.90551 58.3128 37.76 19.90551
2 24 54.34176 37.76 27.43993 61.87617 37.76 19.90551
2 24 58.3128 37.76 19.90551 61.87617 37.76 19.90551
2 24 52.56007 37.76 25.65824 58.3128 37.76 19.90551
3 16 51.52043 37.76 25.02729 50.39546 37.76 24.56536 48.91883 37.76 26.78905
2 24 50.39546 37.76 24.56536 51.52043 37.76 25.02729
3 16 48.91883 37.76 26.78905 50.39546 37.76 24.56536 49.21243 37.76 24.28365
2 24 49.21243 37.76 24.28365 50.39546 37.76 24.56536
4 16 48.91883 37.76 26.78905 49.21243 37.76 24.28365 48 37.76 24.18898 48 37.76 26.70866
2 24 48 37.76 24.18898 49.21243 37.76 24.28365
2 24 48 37.76 26.70866 48.91883 37.76 26.78905
4 16 48 37.76 26.70866 48 37.76 24.18898 46.78757 37.76 24.28365 47.08117 37.76 26.78905
2 24 46.78757 37.76 24.28365 48 37.76 24.18898
2 24 47.08117 37.76 26.78905 48 37.76 26.70866
3 16 47.08117 37.76 26.78905 46.78757 37.76 24.28365 45.60453 37.76 24.56536
2 24 45.60453 37.76 24.56536 46.78757 37.76 24.28365
3 16 42.78905 37.76 32.91883 42.70866 37.76 32 40.29125 37.76 30.74016
2 24 42.78905 37.76 32.91883 42.70866 37.76 32
3 16 40.29125 37.76 30.74016 42.70866 37.76 32 42.78905 37.76 31.08117
2 24 42.70866 37.76 32 42.78905 37.76 31.08117
4 16 40.29125 37.76 30.74016 42.78905 37.76 31.08117 43.02777 37.76 30.19026 40.57524 37.76 29.57409
2 24 42.78905 37.76 31.08117 43.02777 37.76 30.19026
2 24 40.57524 37.76 29.57409 40.29125 37.76 30.74016
4 16 40.57524 37.76 29.57409 43.02777 37.76 30.19026 43.41757 37.76 29.35433 41.03452 37.76 28.46528
2 24 43.02777 37.76 30.19026 43.41757 37.76 29.35433
2 24 41.03452 37.76 28.46528 40.57524 37.76 29.57409
4 16 41.03452 37.76 28.46528 43.41757 37.76 29.35433 43.9466 37.76 28.59879 41.65825 37.76 27.43993
2 24 43.41757 37.76 29.35433 43.9466 37.76 28.59879
2 24 41.65825 37.76 27.43993 41.03452 37.76 28.46528
3 16 41.65825 37.76 27.43993 43.9466 37.76 28.59879 44.59879 37.76 27.9466
2 24 43.9466 37.76 28.59879 44.59879 37.76 27.9466
3 16 50.64567 37.76 27.41757 51.40121 37.76 27.9466 54.34176 37.76 27.43993
2 24 50.64567 37.76 27.41757 51.40121 37.76 27.9466
3 16 54.34176 37.76 27.43993 51.40121 37.76 27.9466 52.0534 37.76 28.59879
2 24 51.40121 37.76 27.9466 52.0534 37.76 28.59879
4 16 54.34176 37.76 27.43993 52.0534 37.76 28.59879 52.58243 37.76 29.35433 54.96548 37.76 28.46528
2 24 52.0534 37.76 28.59879 52.58243 37.76 29.35433
2 24 54.96548 37.76 28.46528 54.34176 37.76 27.43993
4 16 54.96548 37.76 28.46528 52.58243 37.76 29.35433 52.97223 37.76 30.19026 55.42476 37.76 29.57409
2 24 52.58243 37.76 29.35433 52.97223 37.76 30.19026
2 24 55.42476 37.76 29.57409 54.96548 37.76 28.46528
4 16 55.42476 37.76 29.57409 52.97223 37.76 30.19026 53.21095 37.76 31.08117 55.70875 37.76 30.74016
2 24 52.97223 37.76 30.19026 53.21095 37.76 31.08117
2 24 55.70875 37.76 30.74016 55.42476 37.76 29.57409
3 16 55.70875 37.76 30.74016 53.21095 37.76 31.08117 53.29134 37.76 32
2 24 53.21095 37.76 31.08117 53.29134 37.76 32
3 16 45.35433 37.76 27.41757 46.19025 37.76 27.02777 41.65825 37.76 27.43993
2 24 45.35433 37.76 27.41757 46.19025 37.76 27.02777
3 16 41.65825 37.76 27.43993 46.19025 37.76 27.02777 47.08117 37.76 26.78905
2 24 46.19025 37.76 27.02777 47.08117 37.76 26.78905
4 16 41.65825 37.76 27.43993 47.08117 37.76 26.78905 44.47956 37.76 25.02729 43.43993 37.76 25.65824
2 24 43.43993 37.76 25.65824 44.47956 37.76 25.02729
4 16 22.34175 37.76 36.56007 20.56007 37.76 38.34175 26.3128 37.76 44.09449 29.87617 37.76 44.09449
2 24 26.3128 37.76 44.09449 20.56007 37.76 38.34175
2 24 26.3128 37.76 44.09449 29.87617 37.76 44.09449
2 24 29.87617 37.76 44.09449 22.34175 37.76 36.56007
3 16 23.70875 37.76 30.74016 23.70875 37.76 33.25984 32 37.76 30.74016
4 16 32 37.76 30.74016 23.70875 37.76 33.25984 40.29125 37.76 33.25984 40.29125 37.76 30.74016
2 24 23.70875 37.76 33.25984 40.29125 37.76 33.25984
4 16 40.29125 37.76 30.74016 40.29125 37.76 33.25984 40.57524 37.76 34.42591 43.9466 37.76 35.40121
2 24 40.29125 37.76 33.25984 40.57524 37.76 34.42591
3 16 43.9466 37.76 35.40121 40.57524 37.76 34.42591 41.03452 37.76 35.53471
2 24 40.57524 37.76 34.42591 41.03452 37.76 35.53471
3 16 18.39546 37.76 39.43464 19.52043 37.76 38.97271 16.91883 37.76 37.21095
2 24 19.52043 37.76 38.97271 18.39546 37.76 39.43464
3 16 19.40121 37.76 36.0534 18.64567 37.76 36.58243 22.34175 37.76 36.56007
2 24 19.40121 37.76 36.0534 18.64567 37.76 36.58243
3 16 18.64567 37.76 36.58243 17.80974 37.76 36.97223 22.34175 37.76 36.56007
2 24 18.64567 37.76 36.58243 17.80974 37.76 36.97223
3 16 22.34175 37.76 36.56007 17.80974 37.76 36.97223 16.91883 37.76 37.21095
2 24 17.80974 37.76 36.97223 16.91883 37.76 37.21095
4 16 22.34175 37.76 36.56007 16.91883 37.76 37.21095 19.52043 37.76 38.97271 20.56007 37.76 38.34175
2 24 20.56007 37.76 38.34175 19.52043 37.76 38.97271
3 16 12.59879 37.76 27.9466 13.35433 37.76 27.41757 9.658244 37.76 27.43993
2 24 12.59879 37.76 27.9466 13.35433 37.76 27.41757
3 16 18.64567 37.76 27.41757 22.34175 37.76 27.43993 17.80974 37.76 27.02777
2 24 17.80974 37.76 27.02777 18.64567 37.76 27.41757
3 16 17.80974 37.76 27.02777 22.34175 37.76 27.43993 16.91883 37.76 26.78905
2 24 16.91883 37.76 26.78905 17.80974 37.76 27.02777
4 16 5.687198 37.76 19.90551 2.123825 37.76 19.90551 9.658244 37.76 27.43993 11.43993 37.76 25.65824
2 24 2.123825 37.76 19.90551 5.687198 37.76 19.90551
2 24 2.123825 37.76 19.90551 9.658244 37.76 27.43993
2 24 5.687198 37.76 19.90551 11.43993 37.76 25.65824
3 16 11.9466 37.76 35.40121 11.41757 37.76 34.64567 8.291246 37.76 30.74016
2 24 11.9466 37.76 35.40121 11.41757 37.76 34.64567
3 16 8.291246 37.76 30.74016 11.41757 37.76 34.64567 11.02777 37.76 33.80974
2 24 11.41757 37.76 34.64567 11.02777 37.76 33.80974
3 16 8.291246 37.76 30.74016 11.02777 37.76 33.80974 10.78905 37.76 32.91883
2 24 11.02777 37.76 33.80974 10.78905 37.76 32.91883
3 16 15.08117 37.76 37.21095 14.19026 37.76 36.97223 9.658244 37.76 36.56007
2 24 15.08117 37.76 37.21095 14.19026 37.76 36.97223
3 16 9.658244 37.76 36.56007 14.19026 37.76 36.97223 13.35433 37.76 36.58243
2 24 14.19026 37.76 36.97223 13.35433 37.76 36.58243
3 16 13.35433 37.76 36.58243 12.59879 37.76 36.0534 9.658244 37.76 36.56007
2 24 13.35433 37.76 36.58243 12.59879 37.76 36.0534
4 16 9.658244 37.76 36.56007 12.59879 37.76 36.0534 11.9466 37.76 35.40121 9.034523 37.76 35.53471
2 24 12.59879 37.76 36.0534 11.9466 37.76 35.40121
2 24 9.034523 37.76 35.53471 9.658244 37.76 36.56007
4 16 12.47957 37.76 38.97271 15.08117 37.76 37.21095 9.658244 37.76 36.56007 11.43993 37.76 38.34175
2 24 12.47957 37.76 38.97271 11.43993 37.76 38.34175
4 16 11.43993 37.76 38.34175 9.658244 37.76 36.56007 2.123825 37.76 44.09449 5.687198 37.76 44.09449
2 24 9.658244 37.76 36.56007 2.123825 37.76 44.09449
2 24 5.687198 37.76 44.09449 2.123825 37.76 44.09449
2 24 11.43993 37.76 38.34175 5.687198 37.76 44.09449
3 16 12.47957 37.76 38.97271 13.60454 37.76 39.43464 15.08117 37.76 37.21095
2 24 13.60454 37.76 39.43464 12.47957 37.76 38.97271
3 16 15.08117 37.76 37.21095 13.60454 37.76 39.43464 14.78757 37.76 39.71635
2 24 14.78757 37.76 39.71635 13.60454 37.76 39.43464
4 16 15.08117 37.76 37.21095 14.78757 37.76 39.71635 16 37.76 39.81102 16 37.76 37.29134
2 24 16 37.76 39.81102 14.78757 37.76 39.71635
2 24 16 37.76 37.29134 15.08117 37.76 37.21095
4 16 16 37.76 37.29134 16 37.76 39.81102 17.21243 37.76 39.71635 16.91883 37.76 37.21095
2 24 17.21243 37.76 39.71635 16 37.76 39.81102
2 24 16.91883 37.76 37.21095 16 37.76 37.29134
3 16 16.91883 37.76 37.21095 17.21243 37.76 39.71635 18.39546 37.76 39.43464
2 24 18.39546 37.76 39.43464 17.21243 37.76 39.71635
3 16 20.97223 37.76 33.80974 23.70875 37.76 30.74016 21.21095 37.76 32.91883
2 24 21.21095 37.76 32.91883 20.97223 37.76 33.80974
3 16 21.21095 37.76 32.91883 23.70875 37.76 30.74016 21.29134 37.76 32
2 24 21.29134 37.76 32 21.21095 37.76 32.91883
3 16 10.78905 37.76 32.91883 10.70866 37.76 32 8.291246 37.76 30.74016
2 24 10.78905 37.76 32.91883 10.70866 37.76 32
3 16 8.291246 37.76 30.74016 10.70866 37.76 32 10.78905 37.76 31.08117
2 24 10.70866 37.76 32 10.78905 37.76 31.08117
4 16 8.291246 37.76 30.74016 10.78905 37.76 31.08117 11.02777 37.76 30.19026 8.575242 37.76 29.57409
2 24 10.78905 37.76 31.08117 11.02777 37.76 30.19026
2 24 8.575242 37.76 29.57409 8.291246 37.76 30.74016
4 16 8.575242 37.76 29.57409 11.02777 37.76 30.19026 11.41757 37.76 29.35433 9.034523 37.76 28.46528
2 24 11.02777 37.76 30.19026 11.41757 37.76 29.35433
2 24 9.034523 37.76 28.46528 8.575242 37.76 29.57409
4 16 9.034523 37.76 28.46528 11.41757 37.76 29.35433 11.9466 37.76 28.59879 9.658244 37.76 27.43993
2 24 11.41757 37.76 29.35433 11.9466 37.76 28.59879
2 24 9.658244 37.76 27.43993 9.034523 37.76 28.46528
3 16 9.658244 37.76 27.43993 11.9466 37.76 28.59879 12.59879 37.76 27.9466
2 24 11.9466 37.76 28.59879 12.59879 37.76 27.9466
4 16 19.40121 37.76 36.0534 22.34175 37.76 36.56007 22.96548 37.76 35.53471 20.0534 37.76 35.40121
2 24 22.34175 37.76 36.56007 22.96548 37.76 35.53471
2 24 20.0534 37.76 35.40121 19.40121 37.76 36.0534
3 16 20.0534 37.76 35.40121 22.96548 37.76 35.53471 23.42476 37.76 34.42591
2 24 22.96548 37.76 35.53471 23.42476 37.76 34.42591
3 16 13.60454 37.76 24.56536 12.47957 37.76 25.02729 15.08117 37.76 26.78905
2 24 12.47957 37.76 25.02729 13.60454 37.76 24.56536
3 16 20.97223 37.76 33.80974 20.58243 37.76 34.64567 23.70875 37.76 30.74016
2 24 20.97223 37.76 33.80974 20.58243 37.76 34.64567
3 16 23.70875 37.76 30.74016 20.58243 37.76 34.64567 20.0534 37.76 35.40121
2 24 20.58243 37.76 34.64567 20.0534 37.76 35.40121
4 16 23.70875 37.76 30.74016 20.0534 37.76 35.40121 23.42476 37.76 34.42591 23.70875 37.76 33.25984
2 24 23.42476 37.76 34.42591 23.70875 37.76 33.25984
3 16 18.64567 37.76 27.41757 19.40121 37.76 27.9466 22.34175 37.76 27.43993
2 24 18.64567 37.76 27.41757 19.40121 37.76 27.9466
3 16 22.34175 37.76 27.43993 19.40121 37.76 27.9466 20.0534 37.76 28.59879
2 24 19.40121 37.76 27.9466 20.0534 37.76 28.59879
4 16 22.34175 37.76 27.43993 20.0534 37.76 28.59879 20.58243 37.76 29.35433 22.96548 37.76 28.46528
2 24 20.0534 37.76 28.59879 20.58243 37.76 29.35433
2 24 22.96548 37.76 28.46528 22.34175 37.76 27.43993
4 16 22.96548 37.76 28.46528 20.58243 37.76 29.35433 20.97223 37.76 30.19026 23.42476 37.76 29.57409
2 24 20.58243 37.76 29.35433 20.97223 37.76 30.19026
2 24 23.42476 37.76 29.57409 22.96548 37.76 28.46528
4 16 23.42476 37.76 29.57409 20.97223 37.76 30.19026 21.21095 37.76 31.08117 23.70875 37.76 30.74016
2 24 20.97223 37.76 30.19026 21.21095 37.76 31.08117
2 24 23.70875 37.76 30.74016 23.42476 37.76 29.57409
3 16 23.70875 37.76 30.74016 21.21095 37.76 31.08117 21.29134 37.76 32
2 24 21.21095 37.76 31.08117 21.29134 37.76 32
3 16 13.35433 37.76 27.41757 14.19026 37.76 27.02777 9.658244 37.76 27.43993
2 24 13.35433 37.76 27.41757 14.19026 37.76 27.02777
3 16 9.658244 37.76 27.43993 14.19026 37.76 27.02777 15.08117 37.76 26.78905
2 24 14.19026 37.76 27.02777 15.08117 37.76 26.78905
4 16 9.658244 37.76 27.43993 15.08117 37.76 26.78905 12.47957 37.76 25.02729 11.43993 37.76 25.65824
2 24 11.43993 37.76 25.65824 12.47957 37.76 25.02729
4 16 19.52043 37.76 25.02729 16.91883 37.76 26.78905 22.34175 37.76 27.43993 20.56007 37.76 25.65824
2 24 19.52043 37.76 25.02729 20.56007 37.76 25.65824
4 16 20.56007 37.76 25.65824 22.34175 37.76 27.43993 29.87617 37.76 19.90551 26.3128 37.76 19.90551
2 24 22.34175 37.76 27.43993 29.87617 37.76 19.90551
2 24 26.3128 37.76 19.90551 29.87617 37.76 19.90551
2 24 20.56007 37.76 25.65824 26.3128 37.76 19.90551
3 16 19.52043 37.76 25.02729 18.39546 37.76 24.56536 16.91883 37.76 26.78905
2 24 18.39546 37.76 24.56536 19.52043 37.76 25.02729
3 16 16.91883 37.76 26.78905 18.39546 37.76 24.56536 17.21243 37.76 24.28365
2 24 17.21243 37.76 24.28365 18.39546 37.76 24.56536
4 16 16.91883 37.76 26.78905 17.21243 37.76 24.28365 16 37.76 24.18898 16 37.76 26.70866
2 24 16 37.76 24.18898 17.21243 37.76 24.28365
2 24 16 37.76 26.70866 16.91883 37.76 26.78905
4 16 16 37.76 26.70866 16 37.76 24.18898 14.78757 37.76 24.28365 15.08117 37.76 26.78905
2 24 14.78757 37.76 24.28365 16 37.76 24.18898
2 24 15.08117 37.76 26.78905 16 37.76 26.70866
3 16 15.08117 37.76 26.78905 14.78757 37.76 24.28365 13.60454 37.76 24.56536
2 24 13.60454 37.76 24.56536 14.78757 37.76 24.28365
4 16 -9.658244 37.76 36.56007 -11.43993 37.76 38.34175 -5.687198 37.76 44.09449 -2.123825 37.76 44.09449
2 24 -5.687198 37.76 44.09449 -11.43993 37.76 38.34175
2 24 -5.687198 37.76 44.09449 -2.123825 37.76 44.09449
2 24 -2.123825 37.76 44.09449 -9.658244 37.76 36.56007
3 16 -12.59879 37.76 36.0534 -13.35433 37.76 36.58243 -9.658244 37.76 36.56007
2 24 -12.59879 37.76 36.0534 -13.35433 37.76 36.58243
3 16 -8.291246 37.76 30.74016 -8.291246 37.76 33.25984 0 37.76 30.74016
4 16 0 37.76 30.74016 -8.291246 37.76 33.25984 8.291246 37.76 33.25984 8.291246 37.76 30.74016
2 24 -8.291246 37.76 33.25984 8.291246 37.76 33.25984
4 16 8.291246 37.76 30.74016 8.291246 37.76 33.25984 8.575242 37.76 34.42591 11.9466 37.76 35.40121
2 24 8.291246 37.76 33.25984 8.575242 37.76 34.42591
3 16 11.9466 37.76 35.40121 8.575242 37.76 34.42591 9.034523 37.76 35.53471
2 24 8.575242 37.76 34.42591 9.034523 37.76 35.53471
3 16 -13.60454 37.76 39.43464 -12.47957 37.76 38.97271 -15.08117 37.76 37.21095
2 24 -12.47957 37.76 38.97271 -13.60454 37.76 39.43464
3 16 -19.40121 37.76 27.9466 -18.64567 37.76 27.41757 -22.34175 37.76 27.43993
2 24 -19.40121 37.76 27.9466 -18.64567 37.76 27.41757
3 16 -13.35433 37.76 36.58243 -14.19026 37.76 36.97223 -9.658244 37.76 36.56007
2 24 -13.35433 37.76 36.58243 -14.19026 37.76 36.97223
3 16 -9.658244 37.76 36.56007 -14.19026 37.76 36.97223 -15.08117 37.76 37.21095
2 24 -14.19026 37.76 36.97223 -15.08117 37.76 37.21095
4 16 -9.658244 37.76 36.56007 -15.08117 37.76 37.21095 -12.47957 37.76 38.97271 -11.43993 37.76 38.34175
2 24 -11.43993 37.76 38.34175 -12.47957 37.76 38.97271
3 16 -13.60454 37.76 24.56536 -14.78757 37.76 24.28365 -15.08117 37.76 26.78905
2 24 -14.78757 37.76 24.28365 -13.60454 37.76 24.56536
3 16 -13.35433 37.76 27.41757 -9.658244 37.76 27.43993 -14.19026 37.76 27.02777
2 24 -14.19026 37.76 27.02777 -13.35433 37.76 27.41757
3 16 -14.19026 37.76 27.02777 -9.658244 37.76 27.43993 -15.08117 37.76 26.78905
2 24 -15.08117 37.76 26.78905 -14.19026 37.76 27.02777
3 16 -10.70866 37.76 32 -10.78905 37.76 32.91883 -8.291246 37.76 30.74016
2 24 -10.70866 37.76 32 -10.78905 37.76 32.91883
3 16 -8.291246 37.76 30.74016 -10.78905 37.76 32.91883 -11.02777 37.76 33.80974
2 24 -10.78905 37.76 32.91883 -11.02777 37.76 33.80974
4 16 -26.3128 37.76 19.90551 -29.87617 37.76 19.90551 -22.34175 37.76 27.43993 -20.56007 37.76 25.65824
2 24 -29.87617 37.76 19.90551 -26.3128 37.76 19.90551
2 24 -29.87617 37.76 19.90551 -22.34175 37.76 27.43993
2 24 -26.3128 37.76 19.90551 -20.56007 37.76 25.65824
3 16 -16.91883 37.76 37.21095 -17.80974 37.76 36.97223 -22.34175 37.76 36.56007
2 24 -16.91883 37.76 37.21095 -17.80974 37.76 36.97223
3 16 -22.34175 37.76 36.56007 -17.80974 37.76 36.97223 -18.64567 37.76 36.58243
2 24 -17.80974 37.76 36.97223 -18.64567 37.76 36.58243
3 16 -18.64567 37.76 36.58243 -19.40121 37.76 36.0534 -22.34175 37.76 36.56007
2 24 -18.64567 37.76 36.58243 -19.40121 37.76 36.0534
4 16 -22.34175 37.76 36.56007 -19.40121 37.76 36.0534 -20.0534 37.76 35.40121 -22.96548 37.76 35.53471
2 24 -19.40121 37.76 36.0534 -20.0534 37.76 35.40121
2 24 -22.96548 37.76 35.53471 -22.34175 37.76 36.56007
4 16 -19.52043 37.76 38.97271 -16.91883 37.76 37.21095 -22.34175 37.76 36.56007 -20.56007 37.76 38.34175
2 24 -19.52043 37.76 38.97271 -20.56007 37.76 38.34175
4 16 -20.56007 37.76 38.34175 -22.34175 37.76 36.56007 -29.87617 37.76 44.09449 -26.3128 37.76 44.09449
2 24 -22.34175 37.76 36.56007 -29.87617 37.76 44.09449
2 24 -26.3128 37.76 44.09449 -29.87617 37.76 44.09449
2 24 -20.56007 37.76 38.34175 -26.3128 37.76 44.09449
3 16 -19.52043 37.76 38.97271 -18.39546 37.76 39.43464 -16.91883 37.76 37.21095
2 24 -18.39546 37.76 39.43464 -19.52043 37.76 38.97271
3 16 -16.91883 37.76 37.21095 -18.39546 37.76 39.43464 -17.21243 37.76 39.71635
2 24 -17.21243 37.76 39.71635 -18.39546 37.76 39.43464
4 16 -16.91883 37.76 37.21095 -17.21243 37.76 39.71635 -16 37.76 39.81102 -16 37.76 37.29134
2 24 -16 37.76 39.81102 -17.21243 37.76 39.71635
2 24 -16 37.76 37.29134 -16.91883 37.76 37.21095
4 16 -16 37.76 37.29134 -16 37.76 39.81102 -14.78757 37.76 39.71635 -15.08117 37.76 37.21095
2 24 -14.78757 37.76 39.71635 -16 37.76 39.81102
2 24 -15.08117 37.76 37.21095 -16 37.76 37.29134
3 16 -15.08117 37.76 37.21095 -14.78757 37.76 39.71635 -13.60454 37.76 39.43464
2 24 -13.60454 37.76 39.43464 -14.78757 37.76 39.71635
4 16 -12.59879 37.76 36.0534 -9.658244 37.76 36.56007 -9.034523 37.76 35.53471 -11.9466 37.76 35.40121
2 24 -9.658244 37.76 36.56007 -9.034523 37.76 35.53471
2 24 -11.9466 37.76 35.40121 -12.59879 37.76 36.0534
3 16 -11.9466 37.76 35.40121 -9.034523 37.76 35.53471 -8.575242 37.76 34.42591
2 24 -9.034523 37.76 35.53471 -8.575242 37.76 34.42591
4 16 -8.575242 37.76 34.42591 -8.291246 37.76 33.25984 -8.291246 37.76 30.74016 -11.9466 37.76 35.40121
2 24 -8.575242 37.76 34.42591 -8.291246 37.76 33.25984
3 16 -11.9466 37.76 35.40121 -8.291246 37.76 30.74016 -11.41757 37.76 34.64567
2 24 -11.41757 37.76 34.64567 -11.9466 37.76 35.40121
3 16 -11.41757 37.76 34.64567 -8.291246 37.76 30.74016 -11.02777 37.76 33.80974
2 24 -11.02777 37.76 33.80974 -11.41757 37.76 34.64567
3 16 -20.0534 37.76 35.40121 -20.58243 37.76 34.64567 -23.70875 37.76 30.74016
2 24 -20.0534 37.76 35.40121 -20.58243 37.76 34.64567
3 16 -23.70875 37.76 30.74016 -20.58243 37.76 34.64567 -20.97223 37.76 33.80974
2 24 -20.58243 37.76 34.64567 -20.97223 37.76 33.80974
3 16 -23.70875 37.76 30.74016 -20.97223 37.76 33.80974 -21.21095 37.76 32.91883
2 24 -20.97223 37.76 33.80974 -21.21095 37.76 32.91883
3 16 -21.21095 37.76 32.91883 -21.29134 37.76 32 -23.70875 37.76 30.74016
2 24 -21.21095 37.76 32.91883 -21.29134 37.76 32
3 16 -23.70875 37.76 30.74016 -21.29134 37.76 32 -21.21095 37.76 31.08117
2 24 -21.29134 37.76 32 -21.21095 37.76 31.08117
4 16 -23.70875 37.76 30.74016 -21.21095 37.76 31.08117 -20.97223 37.76 30.19026 -23.42476 37.76 29.57409
2 24 -21.21095 37.76 31.08117 -20.97223 37.76 30.19026
2 24 -23.42476 37.76 29.57409 -23.70875 37.76 30.74016
4 16 -23.42476 37.76 29.57409 -20.97223 37.76 30.19026 -20.58243 37.76 29.35433 -22.96548 37.76 28.46528
2 24 -20.97223 37.76 30.19026 -20.58243 37.76 29.35433
2 24 -22.96548 37.76 28.46528 -23.42476 37.76 29.57409
4 16 -22.96548 37.76 28.46528 -20.58243 37.76 29.35433 -20.0534 37.76 28.59879 -22.34175 37.76 27.43993
2 24 -20.58243 37.76 29.35433 -20.0534 37.76 28.59879
2 24 -22.34175 37.76 27.43993 -22.96548 37.76 28.46528
3 16 -22.34175 37.76 27.43993 -20.0534 37.76 28.59879 -19.40121 37.76 27.9466
2 24 -20.0534 37.76 28.59879 -19.40121 37.76 27.9466
3 16 -18.39546 37.76 24.56536 -19.52043 37.76 25.02729 -16.91883 37.76 26.78905
2 24 -19.52043 37.76 25.02729 -18.39546 37.76 24.56536
3 16 -13.35433 37.76 27.41757 -12.59879 37.76 27.9466 -9.658244 37.76 27.43993
2 24 -13.35433 37.76 27.41757 -12.59879 37.76 27.9466
3 16 -9.658244 37.76 27.43993 -12.59879 37.76 27.9466 -11.9466 37.76 28.59879
2 24 -12.59879 37.76 27.9466 -11.9466 37.76 28.59879
4 16 -9.658244 37.76 27.43993 -11.9466 37.76 28.59879 -11.41757 37.76 29.35433 -9.034523 37.76 28.46528
2 24 -11.9466 37.76 28.59879 -11.41757 37.76 29.35433
2 24 -9.034523 37.76 28.46528 -9.658244 37.76 27.43993
4 16 -9.034523 37.76 28.46528 -11.41757 37.76 29.35433 -11.02777 37.76 30.19026 -8.575242 37.76 29.57409
2 24 -11.41757 37.76 29.35433 -11.02777 37.76 30.19026
2 24 -8.575242 37.76 29.57409 -9.034523 37.76 28.46528
4 16 -8.575242 37.76 29.57409 -11.02777 37.76 30.19026 -10.78905 37.76 31.08117 -8.291246 37.76 30.74016
2 24 -11.02777 37.76 30.19026 -10.78905 37.76 31.08117
2 24 -8.291246 37.76 30.74016 -8.575242 37.76 29.57409
3 16 -8.291246 37.76 30.74016 -10.78905 37.76 31.08117 -10.70866 37.76 32
2 24 -10.78905 37.76 31.08117 -10.70866 37.76 32
4 16 -15.08117 37.76 26.78905 -14.78757 37.76 24.28365 -16 37.76 24.18898 -16 37.76 26.70866
2 24 -16 37.76 24.18898 -14.78757 37.76 24.28365
2 24 -16 37.76 26.70866 -15.08117 37.76 26.78905
4 16 -16 37.76 26.70866 -16 37.76 24.18898 -17.21243 37.76 24.28365 -16.91883 37.76 26.78905
2 24 -17.21243 37.76 24.28365 -16 37.76 24.18898
2 24 -16.91883 37.76 26.78905 -16 37.76 26.70866
3 16 -16.91883 37.76 26.78905 -17.21243 37.76 24.28365 -18.39546 37.76 24.56536
2 24 -18.39546 37.76 24.56536 -17.21243 37.76 24.28365
3 16 -18.64567 37.76 27.41757 -17.80974 37.76 27.02777 -22.34175 37.76 27.43993
2 24 -18.64567 37.76 27.41757 -17.80974 37.76 27.02777
3 16 -22.34175 37.76 27.43993 -17.80974 37.76 27.02777 -16.91883 37.76 26.78905
2 24 -17.80974 37.76 27.02777 -16.91883 37.76 26.78905
4 16 -22.34175 37.76 27.43993 -16.91883 37.76 26.78905 -19.52043 37.76 25.02729 -20.56007 37.76 25.65824
2 24 -20.56007 37.76 25.65824 -19.52043 37.76 25.02729
4 16 -2.123825 37.76 19.90551 -5.687198 37.76 19.90551 -11.43993 37.76 25.65824 -9.658244 37.76 27.43993
2 24 -5.687198 37.76 19.90551 -2.123825 37.76 19.90551
2 24 -11.43993 37.76 25.65824 -5.687198 37.76 19.90551
2 24 -9.658244 37.76 27.43993 -2.123825 37.76 19.90551
4 16 -9.658244 37.76 27.43993 -11.43993 37.76 25.65824 -12.47957 37.76 25.02729 -15.08117 37.76 26.78905
2 24 -12.47957 37.76 25.02729 -11.43993 37.76 25.65824
3 16 -15.08117 37.76 26.78905 -12.47957 37.76 25.02729 -13.60454 37.76 24.56536
2 24 -13.60454 37.76 24.56536 -12.47957 37.76 25.02729
3 16 -40.29125 37.76 30.74016 -40.29125 37.76 33.25984 -32 37.76 30.74016
4 16 -32 37.76 30.74016 -40.29125 37.76 33.25984 -23.70875 37.76 33.25984 -23.70875 37.76 30.74016
2 24 -40.29125 37.76 33.25984 -23.70875 37.76 33.25984
4 16 -23.70875 37.76 30.74016 -23.70875 37.76 33.25984 -23.42476 37.76 34.42591 -20.0534 37.76 35.40121
2 24 -23.70875 37.76 33.25984 -23.42476 37.76 34.42591
3 16 -20.0534 37.76 35.40121 -23.42476 37.76 34.42591 -22.96548 37.76 35.53471
2 24 -23.42476 37.76 34.42591 -22.96548 37.76 35.53471
3 16 -45.60453 37.76 24.56536 -46.78757 37.76 24.28365 -47.08117 37.76 26.78905
2 24 -46.78757 37.76 24.28365 -45.60453 37.76 24.56536
3 16 -51.40121 37.76 27.9466 -50.64567 37.76 27.41757 -54.34176 37.76 27.43993
2 24 -51.40121 37.76 27.9466 -50.64567 37.76 27.41757
3 16 -43.02777 37.76 33.80974 -40.29125 37.76 30.74016 -42.78905 37.76 32.91883
2 24 -42.78905 37.76 32.91883 -43.02777 37.76 33.80974
3 16 -42.78905 37.76 32.91883 -40.29125 37.76 30.74016 -42.70866 37.76 32
2 24 -42.70866 37.76 32 -42.78905 37.76 32.91883
4 16 -58.3128 37.76 19.90551 -61.87617 37.76 19.90551 -54.34176 37.76 27.43993 -52.56007 37.76 25.65824
2 24 -61.87617 37.76 19.90551 -58.3128 37.76 19.90551
2 24 -61.87617 37.76 19.90551 -54.34176 37.76 27.43993
2 24 -58.3128 37.76 19.90551 -52.56007 37.76 25.65824
3 16 -52.0534 37.76 35.40121 -52.58243 37.76 34.64567 -55.70875 37.76 30.74016
2 24 -52.0534 37.76 35.40121 -52.58243 37.76 34.64567
3 16 -55.70875 37.76 30.74016 -52.58243 37.76 34.64567 -52.97223 37.76 33.80974
2 24 -52.58243 37.76 34.64567 -52.97223 37.76 33.80974
3 16 -55.70875 37.76 30.74016 -52.97223 37.76 33.80974 -53.21095 37.76 32.91883
2 24 -52.97223 37.76 33.80974 -53.21095 37.76 32.91883
3 16 -50.64567 37.76 36.58243 -54.34176 37.76 36.56007 -49.80974 37.76 36.97223
2 24 -49.80974 37.76 36.97223 -50.64567 37.76 36.58243
3 16 -49.80974 37.76 36.97223 -54.34176 37.76 36.56007 -48.91883 37.76 37.21095
2 24 -48.91883 37.76 37.21095 -49.80974 37.76 36.97223
3 16 -45.60453 37.76 39.43464 -44.47956 37.76 38.97271 -47.08117 37.76 37.21095
2 24 -44.47956 37.76 38.97271 -45.60453 37.76 39.43464
3 16 -47.08117 37.76 37.21095 -44.47956 37.76 38.97271 -43.43993 37.76 38.34175
2 24 -43.43993 37.76 38.34175 -44.47956 37.76 38.97271
4 16 -47.08117 37.76 37.21095 -43.43993 37.76 38.34175 -41.65825 37.76 36.56007 -46.19025 37.76 36.97223
2 24 -46.19025 37.76 36.97223 -47.08117 37.76 37.21095
3 16 -44.59879 37.76 36.0534 -45.35433 37.76 36.58243 -41.65825 37.76 36.56007
2 24 -44.59879 37.76 36.0534 -45.35433 37.76 36.58243
3 16 -41.65825 37.76 36.56007 -45.35433 37.76 36.58243 -46.19025 37.76 36.97223
2 24 -45.35433 37.76 36.58243 -46.19025 37.76 36.97223
3 16 -53.21095 37.76 32.91883 -53.29134 37.76 32 -55.70875 37.76 30.74016
2 24 -53.21095 37.76 32.91883 -53.29134 37.76 32
3 16 -55.70875 37.76 30.74016 -53.29134 37.76 32 -53.21095 37.76 31.08117
2 24 -53.29134 37.76 32 -53.21095 37.76 31.08117
4 16 -55.70875 37.76 30.74016 -53.21095 37.76 31.08117 -52.97223 37.76 30.19026 -55.42476 37.76 29.57409
2 24 -53.21095 37.76 31.08117 -52.97223 37.76 30.19026
2 24 -55.42476 37.76 29.57409 -55.70875 37.76 30.74016
4 16 -55.42476 37.76 29.57409 -52.97223 37.76 30.19026 -52.58243 37.76 29.35433 -54.96548 37.76 28.46528
2 24 -52.97223 37.76 30.19026 -52.58243 37.76 29.35433
2 24 -54.96548 37.76 28.46528 -55.42476 37.76 29.57409
4 16 -54.96548 37.76 28.46528 -52.58243 37.76 29.35433 -52.0534 37.76 28.59879 -54.34176 37.76 27.43993
2 24 -52.58243 37.76 29.35433 -52.0534 37.76 28.59879
2 24 -54.34176 37.76 27.43993 -54.96548 37.76 28.46528
3 16 -54.34176 37.76 27.43993 -52.0534 37.76 28.59879 -51.40121 37.76 27.9466
2 24 -52.0534 37.76 28.59879 -51.40121 37.76 27.9466
3 16 -50.64567 37.76 36.58243 -51.40121 37.76 36.0534 -54.34176 37.76 36.56007
2 24 -50.64567 37.76 36.58243 -51.40121 37.76 36.0534
4 16 -54.34176 37.76 36.56007 -51.40121 37.76 36.0534 -52.0534 37.76 35.40121 -54.96548 37.76 35.53471
2 24 -51.40121 37.76 36.0534 -52.0534 37.76 35.40121
2 24 -54.96548 37.76 35.53471 -54.34176 37.76 36.56007
3 16 -51.52043 37.76 38.97271 -50.39546 37.76 39.43464 -48.91883 37.76 37.21095
2 24 -50.39546 37.76 39.43464 -51.52043 37.76 38.97271
3 16 -48.91883 37.76 37.21095 -50.39546 37.76 39.43464 -49.21243 37.76 39.71635
2 24 -49.21243 37.76 39.71635 -50.39546 37.76 39.43464
4 16 -48.91883 37.76 37.21095 -49.21243 37.76 39.71635 -48 37.76 39.81102 -48 37.76 37.29134
2 24 -48 37.76 39.81102 -49.21243 37.76 39.71635
2 24 -48 37.76 37.29134 -48.91883 37.76 37.21095
4 16 -48 37.76 37.29134 -48 37.76 39.81102 -46.78757 37.76 39.71635 -47.08117 37.76 37.21095
2 24 -46.78757 37.76 39.71635 -48 37.76 39.81102
2 24 -47.08117 37.76 37.21095 -48 37.76 37.29134
3 16 -47.08117 37.76 37.21095 -46.78757 37.76 39.71635 -45.60453 37.76 39.43464
2 24 -45.60453 37.76 39.43464 -46.78757 37.76 39.71635
3 16 -47.08117 37.76 26.78905 -46.19025 37.76 27.02777 -41.65825 37.76 27.43993
2 24 -47.08117 37.76 26.78905 -46.19025 37.76 27.02777
3 16 -41.65825 37.76 27.43993 -46.19025 37.76 27.02777 -45.35433 37.76 27.41757
2 24 -46.19025 37.76 27.02777 -45.35433 37.76 27.41757
3 16 -50.39546 37.76 24.56536 -51.52043 37.76 25.02729 -48.91883 37.76 26.78905
2 24 -51.52043 37.76 25.02729 -50.39546 37.76 24.56536
4 16 -44.59879 37.76 36.0534 -41.65825 37.76 36.56007 -41.03452 37.76 35.53471 -43.9466 37.76 35.40121
2 24 -41.65825 37.76 36.56007 -41.03452 37.76 35.53471
2 24 -43.9466 37.76 35.40121 -44.59879 37.76 36.0534
3 16 -43.9466 37.76 35.40121 -41.03452 37.76 35.53471 -40.57524 37.76 34.42591
2 24 -41.03452 37.76 35.53471 -40.57524 37.76 34.42591
3 16 -45.35433 37.76 27.41757 -44.59879 37.76 27.9466 -41.65825 37.76 27.43993
2 24 -45.35433 37.76 27.41757 -44.59879 37.76 27.9466
3 16 -41.65825 37.76 27.43993 -44.59879 37.76 27.9466 -43.9466 37.76 28.59879
2 24 -44.59879 37.76 27.9466 -43.9466 37.76 28.59879
4 16 -41.65825 37.76 27.43993 -43.9466 37.76 28.59879 -43.41757 37.76 29.35433 -41.03452 37.76 28.46528
2 24 -43.9466 37.76 28.59879 -43.41757 37.76 29.35433
2 24 -41.03452 37.76 28.46528 -41.65825 37.76 27.43993
4 16 -41.03452 37.76 28.46528 -43.41757 37.76 29.35433 -43.02777 37.76 30.19026 -40.57524 37.76 29.57409
2 24 -43.41757 37.76 29.35433 -43.02777 37.76 30.19026
2 24 -40.57524 37.76 29.57409 -41.03452 37.76 28.46528
4 16 -40.57524 37.76 29.57409 -43.02777 37.76 30.19026 -42.78905 37.76 31.08117 -40.29125 37.76 30.74016
2 24 -43.02777 37.76 30.19026 -42.78905 37.76 31.08117
2 24 -40.29125 37.76 30.74016 -40.57524 37.76 29.57409
3 16 -40.29125 37.76 30.74016 -42.78905 37.76 31.08117 -42.70866 37.76 32
2 24 -42.78905 37.76 31.08117 -42.70866 37.76 32
4 16 -47.08117 37.76 26.78905 -46.78757 37.76 24.28365 -48 37.76 24.18898 -48 37.76 26.70866
2 24 -48 37.76 24.18898 -46.78757 37.76 24.28365
2 24 -48 37.76 26.70866 -47.08117 37.76 26.78905
4 16 -48 37.76 26.70866 -48 37.76 24.18898 -49.21243 37.76 24.28365 -48.91883 37.76 26.78905
2 24 -49.21243 37.76 24.28365 -48 37.76 24.18898
2 24 -48.91883 37.76 26.78905 -48 37.76 26.70866
3 16 -48.91883 37.76 26.78905 -49.21243 37.76 24.28365 -50.39546 37.76 24.56536
2 24 -50.39546 37.76 24.56536 -49.21243 37.76 24.28365
3 16 -50.64567 37.76 27.41757 -49.80974 37.76 27.02777 -54.34176 37.76 27.43993
2 24 -50.64567 37.76 27.41757 -49.80974 37.76 27.02777
3 16 -54.34176 37.76 27.43993 -49.80974 37.76 27.02777 -48.91883 37.76 26.78905
2 24 -49.80974 37.76 27.02777 -48.91883 37.76 26.78905
4 16 -54.34176 37.76 27.43993 -48.91883 37.76 26.78905 -51.52043 37.76 25.02729 -52.56007 37.76 25.65824
2 24 -52.56007 37.76 25.65824 -51.52043 37.76 25.02729
4 16 -51.52043 37.76 38.97271 -48.91883 37.76 37.21095 -54.34176 37.76 36.56007 -52.56007 37.76 38.34175
2 24 -51.52043 37.76 38.97271 -52.56007 37.76 38.34175
4 16 -52.56007 37.76 38.34175 -54.34176 37.76 36.56007 -61.87617 37.76 44.09449 -58.3128 37.76 44.09449
2 24 -54.34176 37.76 36.56007 -61.87617 37.76 44.09449
2 24 -58.3128 37.76 44.09449 -61.87617 37.76 44.09449
2 24 -52.56007 37.76 38.34175 -58.3128 37.76 44.09449
3 16 -43.02777 37.76 33.80974 -43.41757 37.76 34.64567 -40.29125 37.76 30.74016
2 24 -43.02777 37.76 33.80974 -43.41757 37.76 34.64567
3 16 -40.29125 37.76 30.74016 -43.41757 37.76 34.64567 -43.9466 37.76 35.40121
2 24 -43.41757 37.76 34.64567 -43.9466 37.76 35.40121
4 16 -40.29125 37.76 30.74016 -43.9466 37.76 35.40121 -40.57524 37.76 34.42591 -40.29125 37.76 33.25984
2 24 -40.57524 37.76 34.42591 -40.29125 37.76 33.25984
4 16 -34.12382 37.76 19.90551 -37.6872 37.76 19.90551 -43.43993 37.76 25.65824 -41.65825 37.76 27.43993
2 24 -37.6872 37.76 19.90551 -34.12382 37.76 19.90551
2 24 -43.43993 37.76 25.65824 -37.6872 37.76 19.90551
2 24 -41.65825 37.76 27.43993 -34.12382 37.76 19.90551
4 16 -41.65825 37.76 27.43993 -43.43993 37.76 25.65824 -44.47956 37.76 25.02729 -47.08117 37.76 26.78905
2 24 -44.47956 37.76 25.02729 -43.43993 37.76 25.65824
3 16 -47.08117 37.76 26.78905 -44.47956 37.76 25.02729 -45.60453 37.76 24.56536
2 24 -45.60453 37.76 24.56536 -44.47956 37.76 25.02729
4 16 -66.12382 37.76 19.90551 -69.6872 37.76 19.90551 -75.43993 37.76 25.65824 -73.65824 37.76 27.43993
2 24 -69.6872 37.76 19.90551 -66.12382 37.76 19.90551
2 24 -75.43993 37.76 25.65824 -69.6872 37.76 19.90551
2 24 -73.65824 37.76 27.43993 -66.12382 37.76 19.90551
3 16 -75.43993 37.76 25.65824 -80 37.76 26.70866 -79.08117 37.76 26.78905
2 24 -80 37.76 26.70866 -79.08117 37.76 26.78905
4 16 -75.43993 37.76 25.65824 -79.08117 37.76 26.78905 -78.19025 37.76 27.02777 -73.65824 37.76 27.43993
2 24 -79.08117 37.76 26.78905 -78.19025 37.76 27.02777
3 16 -73.65824 37.76 27.43993 -78.19025 37.76 27.02777 -77.35433 37.76 27.41757
2 24 -78.19025 37.76 27.02777 -77.35433 37.76 27.41757
3 16 -79.08117 37.76 37.21095 -79.08782 37.76 39.75758 -77.79764 37.76 39.49411
2 24 -77.79764 37.76 39.49411 -79.08782 37.76 39.75758
4 16 -77.79764 37.76 39.49411 -76.57004 37.76 39.01765 -75.43993 37.76 38.34175 -79.08117 37.76 37.21095
2 24 -76.57004 37.76 39.01765 -77.79764 37.76 39.49411
2 24 -75.43993 37.76 38.34175 -76.57004 37.76 39.01765
4 16 -79.08117 37.76 37.21095 -75.43993 37.76 38.34175 -73.65824 37.76 36.56007 -78.19025 37.76 36.97223
2 24 -78.19025 37.76 36.97223 -79.08117 37.76 37.21095
3 16 -77.35433 37.76 27.41757 -76.59879 37.76 27.9466 -73.65824 37.76 27.43993
2 24 -77.35433 37.76 27.41757 -76.59879 37.76 27.9466
4 16 -73.65824 37.76 27.43993 -76.59879 37.76 27.9466 -75.9466 37.76 28.59879 -73.03452 37.76 28.46528
2 24 -76.59879 37.76 27.9466 -75.9466 37.76 28.59879
2 24 -73.03452 37.76 28.46528 -73.65824 37.76 27.43993
3 16 -73.03452 37.76 28.46528 -75.9466 37.76 28.59879 -72.57524 37.76 29.57409
2 24 -72.57524 37.76 29.57409 -73.03452 37.76 28.46528
4 16 -79.08782 37.76 39.75758 -79.08117 37.76 37.21095 -80 37.76 37.29134 -80.40394 37.76 39.80057
2 24 -79.08117 37.76 37.21095 -80 37.76 37.29134
2 24 -79.08782 37.76 39.75758 -80.40394 37.76 39.80057
4 16 -80.40394 37.76 39.80057 -80 37.76 37.29134 -80.91883 37.76 37.21095 -81.70857 37.76 39.62187
2 24 -80 37.76 37.29134 -80.91883 37.76 37.21095
2 24 -80.40394 37.76 39.80057 -81.70857 37.76 39.62187
4 16 -81.70857 37.76 39.62187 -80.91883 37.76 37.21095 -81.80974 37.76 36.97223 -82.96464 37.76 39.22655
2 24 -80.91883 37.76 37.21095 -81.80974 37.76 36.97223
2 24 -81.70857 37.76 39.62187 -82.96464 37.76 39.22655
4 16 -82.96464 37.76 39.22655 -81.80974 37.76 36.97223 -82.64567 37.76 36.58243 -84.13646 37.76 38.62584
2 24 -81.80974 37.76 36.97223 -82.64567 37.76 36.58243
2 24 -82.96464 37.76 39.22655 -84.13646 37.76 38.62584
4 16 -84.13646 37.76 38.62584 -82.64567 37.76 36.58243 -83.4012 37.76 36.0534 -85.19071 37.76 37.83683
2 24 -82.64567 37.76 36.58243 -83.4012 37.76 36.0534
2 24 -84.13646 37.76 38.62584 -85.19071 37.76 37.83683
4 16 -85.19071 37.76 37.83683 -83.4012 37.76 36.0534 -84.0534 37.76 35.40121 -86.09745 37.76 36.88192
2 24 -83.4012 37.76 36.0534 -84.0534 37.76 35.40121
2 24 -85.19071 37.76 37.83683 -86.09745 37.76 36.88192
4 16 -86.09745 37.76 36.88192 -84.0534 37.76 35.40121 -84.58243 37.76 34.64567 -86.57297 37.76 36.21997
2 24 -84.0534 37.76 35.40121 -84.58243 37.76 34.64567
2 24 -86.09745 37.76 36.88192 -86.57297 37.76 36.21997
3 16 -86.57297 37.76 27.78003 -85.29134 37.76 32 -85.21095 37.76 31.08117
2 24 -85.29134 37.76 32 -85.21095 37.76 31.08117
3 16 -77.79764 37.76 24.50589 -79.08782 37.76 24.24242 -80.91883 37.76 26.78905
2 24 -79.08782 37.76 24.24242 -77.79764 37.76 24.50589
3 16 -75.9466 37.76 28.59879 -75.41756 37.76 29.35433 -72.29125 37.76 33.25984
2 24 -75.9466 37.76 28.59879 -75.41756 37.76 29.35433
3 16 -72.29125 37.76 33.25984 -75.41756 37.76 29.35433 -75.02776 37.76 30.19026
2 24 -75.41756 37.76 29.35433 -75.02776 37.76 30.19026
3 16 -72.29125 37.76 33.25984 -75.02776 37.76 30.19026 -74.78905 37.76 31.08117
2 24 -75.02776 37.76 30.19026 -74.78905 37.76 31.08117
3 16 -76.59879 37.76 36.0534 -77.35433 37.76 36.58243 -73.65824 37.76 36.56007
2 24 -76.59879 37.76 36.0534 -77.35433 37.76 36.58243
3 16 -73.65824 37.76 36.56007 -77.35433 37.76 36.58243 -78.19025 37.76 36.97223
2 24 -77.35433 37.76 36.58243 -78.19025 37.76 36.97223
3 16 -86.57297 37.76 36.21997 -84.58243 37.76 34.64567 -84.97223 37.76 33.80974
2 24 -84.58243 37.76 34.64567 -84.97223 37.76 33.80974
3 16 -86.57297 37.76 36.21997 -84.97223 37.76 33.80974 -85.21095 37.76 32.91883
2 24 -84.97223 37.76 33.80974 -85.21095 37.76 32.91883
3 16 -85.21095 37.76 31.08117 -84.97223 37.76 30.19026 -86.57297 37.76 27.78003
2 24 -85.21095 37.76 31.08117 -84.97223 37.76 30.19026
3 16 -86.57297 37.76 27.78003 -84.97223 37.76 30.19026 -84.58243 37.76 29.35433
2 24 -84.97223 37.76 30.19026 -84.58243 37.76 29.35433
4 16 -86.57297 37.76 27.78003 -84.58243 37.76 29.35433 -84.0534 37.76 28.59879 -86.09745 37.76 27.11807
2 24 -84.58243 37.76 29.35433 -84.0534 37.76 28.59879
2 24 -86.57297 37.76 27.78003 -86.09745 37.76 27.11807
4 16 -86.09745 37.76 27.11807 -84.0534 37.76 28.59879 -83.4012 37.76 27.9466 -85.19071 37.76 26.16317
2 24 -84.0534 37.76 28.59879 -83.4012 37.76 27.9466
2 24 -86.09745 37.76 27.11807 -85.19071 37.76 26.16317
4 16 -85.19071 37.76 26.16317 -83.4012 37.76 27.9466 -82.64567 37.76 27.41757 -84.13646 37.76 25.37416
2 24 -83.4012 37.76 27.9466 -82.64567 37.76 27.41757
2 24 -85.19071 37.76 26.16317 -84.13646 37.76 25.37416
4 16 -84.13646 37.76 25.37416 -82.64567 37.76 27.41757 -81.80974 37.76 27.02777 -82.96464 37.76 24.77345
2 24 -82.64567 37.76 27.41757 -81.80974 37.76 27.02777
2 24 -84.13646 37.76 25.37416 -82.96464 37.76 24.77345
4 16 -82.96464 37.76 24.77345 -81.80974 37.76 27.02777 -80.91883 37.76 26.78905 -81.70857 37.76 24.37813
2 24 -81.80974 37.76 27.02777 -80.91883 37.76 26.78905
2 24 -82.96464 37.76 24.77345 -81.70857 37.76 24.37813
4 16 -81.70857 37.76 24.37813 -80.91883 37.76 26.78905 -79.08782 37.76 24.24242 -80.40394 37.76 24.19943
2 24 -80.40394 37.76 24.19943 -79.08782 37.76 24.24242
2 24 -81.70857 37.76 24.37813 -80.40394 37.76 24.19943
4 16 -72.57524 37.76 29.57409 -75.9466 37.76 28.59879 -72.29125 37.76 33.25984 -72.29125 37.76 30.74016
2 24 -72.29125 37.76 30.74016 -72.57524 37.76 29.57409
3 16 -72.29125 37.76 30.74016 -72.29125 37.76 33.25984 -64 37.76 30.74016
4 16 -64 37.76 30.74016 -72.29125 37.76 33.25984 -55.70875 37.76 33.25984 -55.70875 37.76 30.74016
2 24 -72.29125 37.76 33.25984 -55.70875 37.76 33.25984
4 16 -55.70875 37.76 30.74016 -55.70875 37.76 33.25984 -55.42476 37.76 34.42591 -52.0534 37.76 35.40121
2 24 -55.70875 37.76 33.25984 -55.42476 37.76 34.42591
3 16 -52.0534 37.76 35.40121 -55.42476 37.76 34.42591 -54.96548 37.76 35.53471
2 24 -55.42476 37.76 34.42591 -54.96548 37.76 35.53471
3 16 -80 37.76 26.70866 -75.43993 37.76 25.65824 -80.91883 37.76 26.78905
2 24 -80.91883 37.76 26.78905 -80 37.76 26.70866
4 16 -80.91883 37.76 26.78905 -75.43993 37.76 25.65824 -76.57004 37.76 24.98234 -77.79764 37.76 24.50589
2 24 -76.57004 37.76 24.98234 -75.43993 37.76 25.65824
2 24 -77.79764 37.76 24.50589 -76.57004 37.76 24.98234
3 16 -74.78905 37.76 31.08117 -74.70866 37.76 32 -72.29125 37.76 33.25984
2 24 -74.78905 37.76 31.08117 -74.70866 37.76 32
3 16 -72.29125 37.76 33.25984 -74.70866 37.76 32 -74.78905 37.76 32.91883
2 24 -74.70866 37.76 32 -74.78905 37.76 32.91883
4 16 -72.29125 37.76 33.25984 -74.78905 37.76 32.91883 -75.02776 37.76 33.80974 -72.57524 37.76 34.42591
2 24 -74.78905 37.76 32.91883 -75.02776 37.76 33.80974
2 24 -72.57524 37.76 34.42591 -72.29125 37.76 33.25984
4 16 -72.57524 37.76 34.42591 -75.02776 37.76 33.80974 -75.41756 37.76 34.64567 -73.03452 37.76 35.53471
2 24 -75.02776 37.76 33.80974 -75.41756 37.76 34.64567
2 24 -73.03452 37.76 35.53471 -72.57524 37.76 34.42591
4 16 -73.03452 37.76 35.53471 -75.41756 37.76 34.64567 -75.9466 37.76 35.40121 -73.65824 37.76 36.56007
2 24 -75.41756 37.76 34.64567 -75.9466 37.76 35.40121
2 24 -73.65824 37.76 36.56007 -73.03452 37.76 35.53471
3 16 -73.65824 37.76 36.56007 -75.9466 37.76 35.40121 -76.59879 37.76 36.0534
2 24 -75.9466 37.76 35.40121 -76.59879 37.76 36.0534
4 16 -87.37019 37.76 29.41304 -87.70002 37.76 30.68787 -86.83088 37.76 35.78828 -86.83088 37.76 28.21172
2 24 -87.70002 37.76 30.68787 -87.37019 37.76 29.41304
2 24 -87.37019 37.76 29.41304 -86.83088 37.76 28.21172
4 16 -85.21095 37.76 32.91883 -85.29134 37.76 32 -86.57297 37.76 27.78003 -86.57297 37.76 36.21997
2 24 -85.21095 37.76 32.91883 -85.29134 37.76 32
4 16 -86.57297 37.76 36.21997 -86.57297 37.76 27.78003 -86.83088 37.76 28.21172 -86.83088 37.76 35.78828
2 24 -86.83088 37.76 28.21172 -86.57297 37.76 27.78003
2 24 -86.57297 37.76 36.21997 -86.83088 37.76 35.78828
3 16 -87.81102 37.76 32 -87.70002 37.76 33.31213 -87.70002 37.76 30.68787
2 24 -87.70002 37.76 33.31213 -87.81102 37.76 32
2 24 -87.81102 37.76 32 -87.70002 37.76 30.68787
4 16 -87.70002 37.76 30.68787 -87.70002 37.76 33.31213 -87.37019 37.76 34.58696 -86.83088 37.76 35.78828
2 24 -87.37019 37.76 34.58696 -87.70002 37.76 33.31213
2 24 -86.83088 37.76 35.78828 -87.37019 37.76 34.58696

3 16 -58.3128 35.45701 -44.09449 -52.56007 35.45701 -38.34175 -51.52043 35.45701 -38.97271
2 24 -58.3128 35.45701 -44.09449 -52.56007 35.45701 -38.34175
2 24 -52.56007 35.45701 -38.34175 -51.52043 35.45701 -38.97271
3 16 -46.78757 35.45701 -39.71635 -45.60453 35.45701 -39.43464 -37.6872 35.45701 -44.09449
2 24 -46.78757 35.45701 -39.71635 -45.60453 35.45701 -39.43464
3 16 -37.6872 35.45701 -44.09449 -45.60453 35.45701 -39.43464 -44.47956 35.45701 -38.97271
2 24 -45.60453 35.45701 -39.43464 -44.47956 35.45701 -38.97271
3 16 -37.6872 35.45701 -44.09449 -44.47956 35.45701 -38.97271 -43.43993 35.45701 -38.34175
2 24 -44.47956 35.45701 -38.97271 -43.43993 35.45701 -38.34175
2 24 -43.43993 35.45701 -38.34175 -37.6872 35.45701 -44.09449
3 16 -51.52043 35.45701 -38.97271 -50.39546 35.45701 -39.43464 -58.3128 35.45701 -44.09449
2 24 -51.52043 35.45701 -38.97271 -50.39546 35.45701 -39.43464
3 16 -58.3128 35.45701 -44.09449 -50.39546 35.45701 -39.43464 -49.21243 35.45701 -39.71635
2 24 -50.39546 35.45701 -39.43464 -49.21243 35.45701 -39.71635
4 16 -58.3128 35.45701 -44.09449 -49.21243 35.45701 -39.71635 -48 35.45701 -39.81102 -37.6872 35.45701 -44.09449
2 24 -49.21243 35.45701 -39.71635 -48 35.45701 -39.81102
2 24 -58.3128 35.45701 -44.09449 -37.6872 35.45701 -44.09449
3 16 -37.6872 35.45701 -44.09449 -48 35.45701 -39.81102 -46.78757 35.45701 -39.71635
2 24 -48 35.45701 -39.81102 -46.78757 35.45701 -39.71635

3 16 -14.78757 35.45701 -39.71635 -13.60454 35.45701 -39.43464 -5.687198 35.45701 -44.09449
2 24 -14.78757 35.45701 -39.71635 -13.60454 35.45701 -39.43464
3 16 -5.687198 35.45701 -44.09449 -13.60454 35.45701 -39.43464 -12.47957 35.45701 -38.97271
2 24 -13.60454 35.45701 -39.43464 -12.47957 35.45701 -38.97271
3 16 -5.687198 35.45701 -44.09449 -12.47957 35.45701 -38.97271 -11.43993 35.45701 -38.34175
2 24 -12.47957 35.45701 -38.97271 -11.43993 35.45701 -38.34175
2 24 -11.43993 35.45701 -38.34175 -5.687198 35.45701 -44.09449
3 16 -26.3128 35.45701 -44.09449 -20.56007 35.45701 -38.34175 -19.52043 35.45701 -38.97271
2 24 -26.3128 35.45701 -44.09449 -20.56007 35.45701 -38.34175
2 24 -20.56007 35.45701 -38.34175 -19.52043 35.45701 -38.97271
3 16 -19.52043 35.45701 -38.97271 -18.39546 35.45701 -39.43464 -26.3128 35.45701 -44.09449
2 24 -19.52043 35.45701 -38.97271 -18.39546 35.45701 -39.43464
3 16 -26.3128 35.45701 -44.09449 -18.39546 35.45701 -39.43464 -17.21243 35.45701 -39.71635
2 24 -18.39546 35.45701 -39.43464 -17.21243 35.45701 -39.71635
4 16 -26.3128 35.45701 -44.09449 -17.21243 35.45701 -39.71635 -16 35.45701 -39.81102 -5.687198 35.45701 -44.09449
2 24 -17.21243 35.45701 -39.71635 -16 35.45701 -39.81102
2 24 -26.3128 35.45701 -44.09449 -5.687198 35.45701 -44.09449
3 16 -5.687198 35.45701 -44.09449 -16 35.45701 -39.81102 -14.78757 35.45701 -39.71635
2 24 -16 35.45701 -39.81102 -14.78757 35.45701 -39.71635

3 16 5.687198 35.45701 -44.09449 11.43993 35.45701 -38.34175 12.47957 35.45701 -38.97271
2 24 5.687198 35.45701 -44.09449 11.43993 35.45701 -38.34175
2 24 11.43993 35.45701 -38.34175 12.47957 35.45701 -38.97271
3 16 17.21243 35.45701 -39.71635 18.39546 35.45701 -39.43464 26.3128 35.45701 -44.09449
2 24 17.21243 35.45701 -39.71635 18.39546 35.45701 -39.43464
3 16 26.3128 35.45701 -44.09449 18.39546 35.45701 -39.43464 19.52043 35.45701 -38.97271
2 24 18.39546 35.45701 -39.43464 19.52043 35.45701 -38.97271
3 16 26.3128 35.45701 -44.09449 19.52043 35.45701 -38.97271 20.56007 35.45701 -38.34175
2 24 19.52043 35.45701 -38.97271 20.56007 35.45701 -38.34175
2 24 20.56007 35.45701 -38.34175 26.3128 35.45701 -44.09449
3 16 12.47957 35.45701 -38.97271 13.60454 35.45701 -39.43464 5.687198 35.45701 -44.09449
2 24 12.47957 35.45701 -38.97271 13.60454 35.45701 -39.43464
3 16 5.687198 35.45701 -44.09449 13.60454 35.45701 -39.43464 14.78757 35.45701 -39.71635
2 24 13.60454 35.45701 -39.43464 14.78757 35.45701 -39.71635
4 16 5.687198 35.45701 -44.09449 14.78757 35.45701 -39.71635 16 35.45701 -39.81102 26.3128 35.45701 -44.09449
2 24 14.78757 35.45701 -39.71635 16 35.45701 -39.81102
2 24 5.687198 35.45701 -44.09449 26.3128 35.45701 -44.09449
3 16 26.3128 35.45701 -44.09449 16 35.45701 -39.81102 17.21243 35.45701 -39.71635
2 24 16 35.45701 -39.81102 17.21243 35.45701 -39.71635

3 16 49.21243 35.45701 -39.71635 50.39546 35.45701 -39.43464 58.3128 35.45701 -44.09449
2 24 49.21243 35.45701 -39.71635 50.39546 35.45701 -39.43464
3 16 58.3128 35.45701 -44.09449 50.39546 35.45701 -39.43464 51.52043 35.45701 -38.97271
2 24 50.39546 35.45701 -39.43464 51.52043 35.45701 -38.97271
3 16 58.3128 35.45701 -44.09449 51.52043 35.45701 -38.97271 52.56007 35.45701 -38.34175
2 24 51.52043 35.45701 -38.97271 52.56007 35.45701 -38.34175
2 24 52.56007 35.45701 -38.34175 58.3128 35.45701 -44.09449
3 16 37.6872 35.45701 -44.09449 43.43993 35.45701 -38.34175 44.47956 35.45701 -38.97271
2 24 37.6872 35.45701 -44.09449 43.43993 35.45701 -38.34175
2 24 43.43993 35.45701 -38.34175 44.47956 35.45701 -38.97271
3 16 44.47956 35.45701 -38.97271 45.60453 35.45701 -39.43464 37.6872 35.45701 -44.09449
2 24 44.47956 35.45701 -38.97271 45.60453 35.45701 -39.43464
3 16 37.6872 35.45701 -44.09449 45.60453 35.45701 -39.43464 46.78757 35.45701 -39.71635
2 24 45.60453 35.45701 -39.43464 46.78757 35.45701 -39.71635
4 16 37.6872 35.45701 -44.09449 46.78757 35.45701 -39.71635 48 35.45701 -39.81102 58.3128 35.45701 -44.09449
2 24 46.78757 35.45701 -39.71635 48 35.45701 -39.81102
2 24 37.6872 35.45701 -44.09449 58.3128 35.45701 -44.09449
3 16 58.3128 35.45701 -44.09449 48 35.45701 -39.81102 49.21243 35.45701 -39.71635
2 24 48 35.45701 -39.81102 49.21243 35.45701 -39.71635

3 16 -76.57004 35.45701 -39.01765 -75.43993 35.45701 -38.34175 -69.6872 35.45701 -44.09449
2 24 -76.57004 35.45701 -39.01765 -75.43993 35.45701 -38.34175
2 24 -75.43993 35.45701 -38.34175 -69.6872 35.45701 -44.09449
3 16 -76.57004 35.45701 -39.01765 -69.6872 35.45701 -44.09449 -77.79764 35.45701 -39.49411
2 24 -77.79764 35.45701 -39.49411 -76.57004 35.45701 -39.01765
4 16 -77.79764 35.45701 -39.49411 -69.6872 35.45701 -44.09449 -80 35.45701 -44.09449 -79.08782 35.45701 -39.75758
2 24 -80 35.45701 -44.09449 -69.6872 35.45701 -44.09449
2 24 -79.08782 35.45701 -39.75758 -77.79764 35.45701 -39.49411
3 16 -77.79764 35.45701 -24.50589 -80 35.45701 -19.90551 -76.57004 35.45701 -24.98234
2 24 -76.57004 35.45701 -24.98234 -77.79764 35.45701 -24.50589
4 16 -76.57004 35.45701 -24.98234 -80 35.45701 -19.90551 -69.6872 35.45701 -19.90551 -75.43993 35.45701 -25.65824
2 24 -69.6872 35.45701 -19.90551 -80 35.45701 -19.90551
2 24 -69.6872 35.45701 -19.90551 -75.43993 35.45701 -25.65824
2 24 -75.43993 35.45701 -25.65824 -76.57004 35.45701 -24.98234
3 16 -77.79764 35.45701 -24.50589 -79.08782 35.45701 -24.24242 -80 35.45701 -19.90551
2 24 -77.79764 35.45701 -24.50589 -79.08782 35.45701 -24.24242
3 16 -80 35.45701 -19.90551 -79.08782 35.45701 -24.24242 -80.40394 35.45701 -24.19943
2 24 -79.08782 35.45701 -24.24242 -80.40394 35.45701 -24.19943
4 16 -80 35.45701 -19.90551 -80.40394 35.45701 -24.19943 -81.70857 35.45701 -24.37813 -82.10018 35.45701 -20.08925
2 24 -80.40394 35.45701 -24.19943 -81.70857 35.45701 -24.37813
2 24 -80 35.45701 -19.90551 -82.10018 35.45701 -20.08925
4 16 -82.10018 35.45701 -20.08925 -81.70857 35.45701 -24.37813 -82.96464 35.45701 -24.77345 -84.13656 35.45701 -20.6349
2 24 -81.70857 35.45701 -24.37813 -82.96464 35.45701 -24.77345
2 24 -82.10018 35.45701 -20.08925 -84.13656 35.45701 -20.6349
4 16 -84.13656 35.45701 -20.6349 -82.96464 35.45701 -24.77345 -84.13646 35.45701 -25.37416 -86.04724 35.45701 -21.52587
2 24 -82.96464 35.45701 -24.77345 -84.13646 35.45701 -25.37416
2 24 -84.13656 35.45701 -20.6349 -86.04724 35.45701 -21.52587
4 16 -86.04724 35.45701 -21.52587 -84.13646 35.45701 -25.37416 -85.19071 35.45701 -26.16317 -87.77419 35.45701 -22.73508
2 24 -84.13646 35.45701 -25.37416 -85.19071 35.45701 -26.16317
2 24 -86.04724 35.45701 -21.52587 -87.77419 35.45701 -22.73508
4 16 -87.77419 35.45701 -22.73508 -85.19071 35.45701 -26.16317 -86.09745 35.45701 -27.11807 -89.26491 35.45701 -24.22581
2 24 -85.19071 35.45701 -26.16317 -86.09745 35.45701 -27.11807
2 24 -87.77419 35.45701 -22.73508 -89.26491 35.45701 -24.22581
4 16 -89.26491 35.45701 -24.22581 -86.09745 35.45701 -27.11807 -86.83088 35.45701 -28.21172 -90.47414 35.45701 -25.95276
2 24 -86.09745 35.45701 -27.11807 -86.83088 35.45701 -28.21172
2 24 -89.26491 35.45701 -24.22581 -90.47414 35.45701 -25.95276
4 16 -90.47414 35.45701 -25.95276 -86.83088 35.45701 -28.21172 -87.37019 35.45701 -29.41304 -91.3651 35.45701 -27.86344
2 24 -86.83088 35.45701 -28.21172 -87.37019 35.45701 -29.41304
2 24 -90.47414 35.45701 -25.95276 -91.3651 35.45701 -27.86344
4 16 -91.3651 35.45701 -27.86344 -87.37019 35.45701 -29.41304 -87.70002 35.45701 -30.68787 -91.91074 35.45701 -29.89981
2 24 -87.37019 35.45701 -29.41304 -87.70002 35.45701 -30.68787
2 24 -91.3651 35.45701 -27.86344 -91.91074 35.45701 -29.89981
4 16 -91.91074 35.45701 -29.89981 -87.70002 35.45701 -30.68787 -87.81102 35.45701 -32 -92.09449 35.45701 -32
2 24 -87.70002 35.45701 -30.68787 -87.81102 35.45701 -32
2 24 -91.91074 35.45701 -29.89981 -92.09449 35.45701 -32
4 16 -92.09449 35.45701 -32 -87.81102 35.45701 -32 -87.70002 35.45701 -33.31213 -91.91074 35.45701 -34.10019
2 24 -87.81102 35.45701 -32 -87.70002 35.45701 -33.31213
2 24 -92.09449 35.45701 -32 -91.91074 35.45701 -34.10019
4 16 -91.91074 35.45701 -34.10019 -87.70002 35.45701 -33.31213 -87.37019 35.45701 -34.58696 -91.3651 35.45701 -36.13656
2 24 -87.70002 35.45701 -33.31213 -87.37019 35.45701 -34.58696
2 24 -91.91074 35.45701 -34.10019 -91.3651 35.45701 -36.13656
4 16 -91.3651 35.45701 -36.13656 -87.37019 35.45701 -34.58696 -86.83088 35.45701 -35.78828 -90.47414 35.45701 -38.04724
2 24 -87.37019 35.45701 -34.58696 -86.83088 35.45701 -35.78828
2 24 -91.3651 35.45701 -36.13656 -90.47414 35.45701 -38.04724
4 16 -90.47414 35.45701 -38.04724 -86.83088 35.45701 -35.78828 -86.09745 35.45701 -36.88192 -89.26491 35.45701 -39.77419
2 24 -86.83088 35.45701 -35.78828 -86.09745 35.45701 -36.88192
2 24 -90.47414 35.45701 -38.04724 -89.26491 35.45701 -39.77419
4 16 -89.26491 35.45701 -39.77419 -86.09745 35.45701 -36.88192 -85.19071 35.45701 -37.83683 -87.77419 35.45701 -41.26491
2 24 -86.09745 35.45701 -36.88192 -85.19071 35.45701 -37.83683
2 24 -89.26491 35.45701 -39.77419 -87.77419 35.45701 -41.26491
4 16 -87.77419 35.45701 -41.26491 -85.19071 35.45701 -37.83683 -84.13646 35.45701 -38.62584 -86.04724 35.45701 -42.47413
2 24 -85.19071 35.45701 -37.83683 -84.13646 35.45701 -38.62584
2 24 -87.77419 35.45701 -41.26491 -86.04724 35.45701 -42.47413
4 16 -86.04724 35.45701 -42.47413 -84.13646 35.45701 -38.62584 -82.96464 35.45701 -39.22655 -84.13656 35.45701 -43.3651
2 24 -84.13646 35.45701 -38.62584 -82.96464 35.45701 -39.22655
2 24 -86.04724 35.45701 -42.47413 -84.13656 35.45701 -43.3651
4 16 -84.13656 35.45701 -43.3651 -82.96464 35.45701 -39.22655 -81.70857 35.45701 -39.62187 -82.10018 35.45701 -43.91075
2 24 -82.96464 35.45701 -39.22655 -81.70857 35.45701 -39.62187
2 24 -84.13656 35.45701 -43.3651 -82.10018 35.45701 -43.91075
4 16 -82.10018 35.45701 -43.91075 -81.70857 35.45701 -39.62187 -80.40394 35.45701 -39.80057 -80 35.45701 -44.09449
2 24 -81.70857 35.45701 -39.62187 -80.40394 35.45701 -39.80057
2 24 -82.10018 35.45701 -43.91075 -80 35.45701 -44.09449
3 16 -80 35.45701 -44.09449 -80.40394 35.45701 -39.80057 -79.08782 35.45701 -39.75758
2 24 -80.40394 35.45701 -39.80057 -79.08782 35.45701 -39.75758

3 16 -45.60453 35.45701 -24.56536 -37.6872 35.45701 -19.90551 -44.47956 35.45701 -25.02729
2 24 -44.47956 35.45701 -25.02729 -45.60453 35.45701 -24.56536
3 16 -44.47956 35.45701 -25.02729 -37.6872 35.45701 -19.90551 -43.43993 35.45701 -25.65824
2 24 -37.6872 35.45701 -19.90551 -43.43993 35.45701 -25.65824
2 24 -43.43993 35.45701 -25.65824 -44.47956 35.45701 -25.02729
3 16 -52.56007 35.45701 -25.65824 -58.3128 35.45701 -19.90551 -51.52043 35.45701 -25.02729
2 24 -52.56007 35.45701 -25.65824 -58.3128 35.45701 -19.90551
2 24 -51.52043 35.45701 -25.02729 -52.56007 35.45701 -25.65824
3 16 -51.52043 35.45701 -25.02729 -58.3128 35.45701 -19.90551 -50.39546 35.45701 -24.56536
2 24 -50.39546 35.45701 -24.56536 -51.52043 35.45701 -25.02729
3 16 -45.60453 35.45701 -24.56536 -46.78757 35.45701 -24.28365 -37.6872 35.45701 -19.90551
2 24 -45.60453 35.45701 -24.56536 -46.78757 35.45701 -24.28365
3 16 -37.6872 35.45701 -19.90551 -46.78757 35.45701 -24.28365 -48 35.45701 -24.18898
2 24 -46.78757 35.45701 -24.28365 -48 35.45701 -24.18898
4 16 -37.6872 35.45701 -19.90551 -48 35.45701 -24.18898 -49.21243 35.45701 -24.28365 -58.3128 35.45701 -19.90551
2 24 -48 35.45701 -24.18898 -49.21243 35.45701 -24.28365
2 24 -37.6872 35.45701 -19.90551 -58.3128 35.45701 -19.90551
3 16 -58.3128 35.45701 -19.90551 -49.21243 35.45701 -24.28365 -50.39546 35.45701 -24.56536
2 24 -49.21243 35.45701 -24.28365 -50.39546 35.45701 -24.56536

3 16 -19.52043 35.45701 -25.02729 -20.56007 35.45701 -25.65824 -26.3128 35.45701 -19.90551
2 24 -19.52043 35.45701 -25.02729 -20.56007 35.45701 -25.65824
2 24 -20.56007 35.45701 -25.65824 -26.3128 35.45701 -19.90551
3 16 -13.60454 35.45701 -24.56536 -5.687198 35.45701 -19.90551 -12.47957 35.45701 -25.02729
2 24 -12.47957 35.45701 -25.02729 -13.60454 35.45701 -24.56536
3 16 -12.47957 35.45701 -25.02729 -5.687198 35.45701 -19.90551 -11.43993 35.45701 -25.65824
2 24 -5.687198 35.45701 -19.90551 -11.43993 35.45701 -25.65824
2 24 -11.43993 35.45701 -25.65824 -12.47957 35.45701 -25.02729
3 16 -19.52043 35.45701 -25.02729 -26.3128 35.45701 -19.90551 -18.39546 35.45701 -24.56536
2 24 -18.39546 35.45701 -24.56536 -19.52043 35.45701 -25.02729
3 16 -13.60454 35.45701 -24.56536 -14.78757 35.45701 -24.28365 -5.687198 35.45701 -19.90551
2 24 -13.60454 35.45701 -24.56536 -14.78757 35.45701 -24.28365
3 16 -5.687198 35.45701 -19.90551 -14.78757 35.45701 -24.28365 -16 35.45701 -24.18898
2 24 -14.78757 35.45701 -24.28365 -16 35.45701 -24.18898
4 16 -5.687198 35.45701 -19.90551 -16 35.45701 -24.18898 -17.21243 35.45701 -24.28365 -26.3128 35.45701 -19.90551
2 24 -16 35.45701 -24.18898 -17.21243 35.45701 -24.28365
2 24 -5.687198 35.45701 -19.90551 -26.3128 35.45701 -19.90551
3 16 -26.3128 35.45701 -19.90551 -17.21243 35.45701 -24.28365 -18.39546 35.45701 -24.56536
2 24 -17.21243 35.45701 -24.28365 -18.39546 35.45701 -24.56536

3 16 11.43993 35.45701 -25.65824 5.687198 35.45701 -19.90551 12.47957 35.45701 -25.02729
2 24 11.43993 35.45701 -25.65824 5.687198 35.45701 -19.90551
2 24 12.47957 35.45701 -25.02729 11.43993 35.45701 -25.65824
3 16 12.47957 35.45701 -25.02729 5.687198 35.45701 -19.90551 13.60454 35.45701 -24.56536
2 24 13.60454 35.45701 -24.56536 12.47957 35.45701 -25.02729
3 16 20.56007 35.45701 -25.65824 19.52043 35.45701 -25.02729 26.3128 35.45701 -19.90551
2 24 20.56007 35.45701 -25.65824 19.52043 35.45701 -25.02729
2 24 26.3128 35.45701 -19.90551 20.56007 35.45701 -25.65824
3 16 26.3128 35.45701 -19.90551 19.52043 35.45701 -25.02729 18.39546 35.45701 -24.56536
2 24 19.52043 35.45701 -25.02729 18.39546 35.45701 -24.56536
3 16 18.39546 35.45701 -24.56536 17.21243 35.45701 -24.28365 26.3128 35.45701 -19.90551
2 24 18.39546 35.45701 -24.56536 17.21243 35.45701 -24.28365
3 16 26.3128 35.45701 -19.90551 17.21243 35.45701 -24.28365 16 35.45701 -24.18898
2 24 17.21243 35.45701 -24.28365 16 35.45701 -24.18898
4 16 26.3128 35.45701 -19.90551 16 35.45701 -24.18898 14.78757 35.45701 -24.28365 5.687198 35.45701 -19.90551
2 24 16 35.45701 -24.18898 14.78757 35.45701 -24.28365
2 24 26.3128 35.45701 -19.90551 5.687198 35.45701 -19.90551
3 16 5.687198 35.45701 -19.90551 14.78757 35.45701 -24.28365 13.60454 35.45701 -24.56536
2 24 14.78757 35.45701 -24.28365 13.60454 35.45701 -24.56536

3 16 44.47956 35.45701 -25.02729 43.43993 35.45701 -25.65824 37.6872 35.45701 -19.90551
2 24 44.47956 35.45701 -25.02729 43.43993 35.45701 -25.65824
2 24 43.43993 35.45701 -25.65824 37.6872 35.45701 -19.90551
3 16 50.39546 35.45701 -24.56536 58.3128 35.45701 -19.90551 51.52043 35.45701 -25.02729
2 24 51.52043 35.45701 -25.02729 50.39546 35.45701 -24.56536
3 16 51.52043 35.45701 -25.02729 58.3128 35.45701 -19.90551 52.56007 35.45701 -25.65824
2 24 58.3128 35.45701 -19.90551 52.56007 35.45701 -25.65824
2 24 52.56007 35.45701 -25.65824 51.52043 35.45701 -25.02729
3 16 44.47956 35.45701 -25.02729 37.6872 35.45701 -19.90551 45.60453 35.45701 -24.56536
2 24 45.60453 35.45701 -24.56536 44.47956 35.45701 -25.02729
3 16 50.39546 35.45701 -24.56536 49.21243 35.45701 -24.28365 58.3128 35.45701 -19.90551
2 24 50.39546 35.45701 -24.56536 49.21243 35.45701 -24.28365
3 16 58.3128 35.45701 -19.90551 49.21243 35.45701 -24.28365 48 35.45701 -24.18898
2 24 49.21243 35.45701 -24.28365 48 35.45701 -24.18898
4 16 58.3128 35.45701 -19.90551 48 35.45701 -24.18898 46.78757 35.45701 -24.28365 37.6872 35.45701 -19.90551
2 24 48 35.45701 -24.18898 46.78757 35.45701 -24.28365
2 24 58.3128 35.45701 -19.90551 37.6872 35.45701 -19.90551
3 16 37.6872 35.45701 -19.90551 46.78757 35.45701 -24.28365 45.60453 35.45701 -24.56536
2 24 46.78757 35.45701 -24.28365 45.60453 35.45701 -24.56536

3 16 77.79764 35.45701 -39.49411 80 35.45701 -44.09449 76.57004 35.45701 -39.01765
2 24 76.57004 35.45701 -39.01765 77.79764 35.45701 -39.49411
4 16 76.57004 35.45701 -39.01765 80 35.45701 -44.09449 69.6872 35.45701 -44.09449 75.43993 35.45701 -38.34175
2 24 69.6872 35.45701 -44.09449 80 35.45701 -44.09449
2 24 69.6872 35.45701 -44.09449 75.43993 35.45701 -38.34175
2 24 75.43993 35.45701 -38.34175 76.57004 35.45701 -39.01765
3 16 80 35.45701 -19.90551 79.08782 35.45701 -24.24242 77.79764 35.45701 -24.50589
2 24 79.08782 35.45701 -24.24242 77.79764 35.45701 -24.50589
4 16 80 35.45701 -19.90551 77.79764 35.45701 -24.50589 76.57004 35.45701 -24.98234 69.6872 35.45701 -19.90551
2 24 77.79764 35.45701 -24.50589 76.57004 35.45701 -24.98234
2 24 80 35.45701 -19.90551 69.6872 35.45701 -19.90551
3 16 69.6872 35.45701 -19.90551 76.57004 35.45701 -24.98234 75.43993 35.45701 -25.65824
2 24 76.57004 35.45701 -24.98234 75.43993 35.45701 -25.65824
2 24 75.43993 35.45701 -25.65824 69.6872 35.45701 -19.90551
3 16 77.79764 35.45701 -39.49411 79.08782 35.45701 -39.75758 80 35.45701 -44.09449
2 24 77.79764 35.45701 -39.49411 79.08782 35.45701 -39.75758
3 16 80 35.45701 -44.09449 79.08782 35.45701 -39.75758 80.40394 35.45701 -39.80057
2 24 79.08782 35.45701 -39.75758 80.40394 35.45701 -39.80057
4 16 80 35.45701 -44.09449 80.40394 35.45701 -39.80057 81.70857 35.45701 -39.62187 82.10018 35.45701 -43.91075
2 24 80.40394 35.45701 -39.80057 81.70857 35.45701 -39.62187
2 24 80 35.45701 -44.09449 82.10018 35.45701 -43.91075
4 16 82.10018 35.45701 -43.91075 81.70857 35.45701 -39.62187 82.96464 35.45701 -39.22655 84.13656 35.45701 -43.3651
2 24 81.70857 35.45701 -39.62187 82.96464 35.45701 -39.22655
2 24 82.10018 35.45701 -43.91075 84.13656 35.45701 -43.3651
4 16 84.13656 35.45701 -43.3651 82.96464 35.45701 -39.22655 84.13646 35.45701 -38.62584 86.04724 35.45701 -42.47413
2 24 82.96464 35.45701 -39.22655 84.13646 35.45701 -38.62584
2 24 84.13656 35.45701 -43.3651 86.04724 35.45701 -42.47413
4 16 86.04724 35.45701 -42.47413 84.13646 35.45701 -38.62584 85.19071 35.45701 -37.83683 87.77419 35.45701 -41.26491
2 24 84.13646 35.45701 -38.62584 85.19071 35.45701 -37.83683
2 24 86.04724 35.45701 -42.47413 87.77419 35.45701 -41.26491
4 16 87.77419 35.45701 -41.26491 85.19071 35.45701 -37.83683 86.09745 35.45701 -36.88192 89.26491 35.45701 -39.77419
2 24 85.19071 35.45701 -37.83683 86.09745 35.45701 -36.88192
2 24 87.77419 35.45701 -41.26491 89.26491 35.45701 -39.77419
4 16 89.26491 35.45701 -39.77419 86.09745 35.45701 -36.88192 86.83088 35.45701 -35.78828 90.47414 35.45701 -38.04724
2 24 86.09745 35.45701 -36.88192 86.83088 35.45701 -35.78828
2 24 89.26491 35.45701 -39.77419 90.47414 35.45701 -38.04724
4 16 90.47414 35.45701 -38.04724 86.83088 35.45701 -35.78828 87.37019 35.45701 -34.58696 91.3651 35.45701 -36.13656
2 24 86.83088 35.45701 -35.78828 87.37019 35.45701 -34.58696
2 24 90.47414 35.45701 -38.04724 91.3651 35.45701 -36.13656
4 16 91.3651 35.45701 -36.13656 87.37019 35.45701 -34.58696 87.70002 35.45701 -33.31213 91.91074 35.45701 -34.10019
2 24 87.37019 35.45701 -34.58696 87.70002 35.45701 -33.31213
2 24 91.3651 35.45701 -36.13656 91.91074 35.45701 -34.10019
4 16 91.91074 35.45701 -34.10019 87.70002 35.45701 -33.31213 87.81102 35.45701 -32 92.09449 35.45701 -32
2 24 87.70002 35.45701 -33.31213 87.81102 35.45701 -32
2 24 91.91074 35.45701 -34.10019 92.09449 35.45701 -32
4 16 92.09449 35.45701 -32 87.81102 35.45701 -32 87.70002 35.45701 -30.68787 91.91074 35.45701 -29.89981
2 24 87.81102 35.45701 -32 87.70002 35.45701 -30.68787
2 24 92.09449 35.45701 -32 91.91074 35.45701 -29.89981
4 16 91.91074 35.45701 -29.89981 87.70002 35.45701 -30.68787 87.37019 35.45701 -29.41304 91.3651 35.45701 -27.86344
2 24 87.70002 35.45701 -30.68787 87.37019 35.45701 -29.41304
2 24 91.91074 35.45701 -29.89981 91.3651 35.45701 -27.86344
4 16 91.3651 35.45701 -27.86344 87.37019 35.45701 -29.41304 86.83088 35.45701 -28.21172 90.47414 35.45701 -25.95276
2 24 87.37019 35.45701 -29.41304 86.83088 35.45701 -28.21172
2 24 91.3651 35.45701 -27.86344 90.47414 35.45701 -25.95276
4 16 90.47414 35.45701 -25.95276 86.83088 35.45701 -28.21172 86.09745 35.45701 -27.11807 89.26491 35.45701 -24.22581
2 24 86.83088 35.45701 -28.21172 86.09745 35.45701 -27.11807
2 24 90.47414 35.45701 -25.95276 89.26491 35.45701 -24.22581
4 16 89.26491 35.45701 -24.22581 86.09745 35.45701 -27.11807 85.19071 35.45701 -26.16317 87.77419 35.45701 -22.73508
2 24 86.09745 35.45701 -27.11807 85.19071 35.45701 -26.16317
2 24 89.26491 35.45701 -24.22581 87.77419 35.45701 -22.73508
4 16 87.77419 35.45701 -22.73508 85.19071 35.45701 -26.16317 84.13646 35.45701 -25.37416 86.04724 35.45701 -21.52587
2 24 85.19071 35.45701 -26.16317 84.13646 35.45701 -25.37416
2 24 87.77419 35.45701 -22.73508 86.04724 35.45701 -21.52587
4 16 86.04724 35.45701 -21.52587 84.13646 35.45701 -25.37416 82.96464 35.45701 -24.77345 84.13656 35.45701 -20.6349
2 24 84.13646 35.45701 -25.37416 82.96464 35.45701 -24.77345
2 24 86.04724 35.45701 -21.52587 84.13656 35.45701 -20.6349
4 16 84.13656 35.45701 -20.6349 82.96464 35.45701 -24.77345 81.70857 35.45701 -24.37813 82.10018 35.45701 -20.08925
2 24 82.96464 35.45701 -24.77345 81.70857 35.45701 -24.37813
2 24 84.13656 35.45701 -20.6349 82.10018 35.45701 -20.08925
4 16 82.10018 35.45701 -20.08925 81.70857 35.45701 -24.37813 80.40394 35.45701 -24.19943 80 35.45701 -19.90551
2 24 81.70857 35.45701 -24.37813 80.40394 35.45701 -24.19943
2 24 82.10018 35.45701 -20.08925 80 35.45701 -19.90551
3 16 80 35.45701 -19.90551 80.40394 35.45701 -24.19943 79.08782 35.45701 -24.24242
2 24 80.40394 35.45701 -24.19943 79.08782 35.45701 -24.24242

3 16 -58.3128 35.45701 19.90551 -52.56007 35.45701 25.65824 -51.52043 35.45701 25.02729
2 24 -58.3128 35.45701 19.90551 -52.56007 35.45701 25.65824
2 24 -52.56007 35.45701 25.65824 -51.52043 35.45701 25.02729
3 16 -46.78757 35.45701 24.28365 -45.60453 35.45701 24.56536 -37.6872 35.45701 19.90551
2 24 -46.78757 35.45701 24.28365 -45.60453 35.45701 24.56536
3 16 -37.6872 35.45701 19.90551 -45.60453 35.45701 24.56536 -44.47956 35.45701 25.02729
2 24 -45.60453 35.45701 24.56536 -44.47956 35.45701 25.02729
3 16 -37.6872 35.45701 19.90551 -44.47956 35.45701 25.02729 -43.43993 35.45701 25.65824
2 24 -44.47956 35.45701 25.02729 -43.43993 35.45701 25.65824
2 24 -43.43993 35.45701 25.65824 -37.6872 35.45701 19.90551
3 16 -51.52043 35.45701 25.02729 -50.39546 35.45701 24.56536 -58.3128 35.45701 19.90551
2 24 -51.52043 35.45701 25.02729 -50.39546 35.45701 24.56536
3 16 -58.3128 35.45701 19.90551 -50.39546 35.45701 24.56536 -49.21243 35.45701 24.28365
2 24 -50.39546 35.45701 24.56536 -49.21243 35.45701 24.28365
4 16 -58.3128 35.45701 19.90551 -49.21243 35.45701 24.28365 -48 35.45701 24.18898 -37.6872 35.45701 19.90551
2 24 -49.21243 35.45701 24.28365 -48 35.45701 24.18898
2 24 -58.3128 35.45701 19.90551 -37.6872 35.45701 19.90551
3 16 -37.6872 35.45701 19.90551 -48 35.45701 24.18898 -46.78757 35.45701 24.28365
2 24 -48 35.45701 24.18898 -46.78757 35.45701 24.28365

3 16 -26.3128 35.45701 19.90551 -20.56007 35.45701 25.65824 -19.52043 35.45701 25.02729
2 24 -26.3128 35.45701 19.90551 -20.56007 35.45701 25.65824
2 24 -20.56007 35.45701 25.65824 -19.52043 35.45701 25.02729
3 16 -14.78757 35.45701 24.28365 -13.60454 35.45701 24.56536 -5.687198 35.45701 19.90551
2 24 -14.78757 35.45701 24.28365 -13.60454 35.45701 24.56536
3 16 -5.687198 35.45701 19.90551 -13.60454 35.45701 24.56536 -12.47957 35.45701 25.02729
2 24 -13.60454 35.45701 24.56536 -12.47957 35.45701 25.02729
3 16 -5.687198 35.45701 19.90551 -12.47957 35.45701 25.02729 -11.43993 35.45701 25.65824
2 24 -12.47957 35.45701 25.02729 -11.43993 35.45701 25.65824
2 24 -11.43993 35.45701 25.65824 -5.687198 35.45701 19.90551
3 16 -19.52043 35.45701 25.02729 -18.39546 35.45701 24.56536 -26.3128 35.45701 19.90551
2 24 -19.52043 35.45701 25.02729 -18.39546 35.45701 24.56536
3 16 -26.3128 35.45701 19.90551 -18.39546 35.45701 24.56536 -17.21243 35.45701 24.28365
2 24 -18.39546 35.45701 24.56536 -17.21243 35.45701 24.28365
4 16 -26.3128 35.45701 19.90551 -17.21243 35.45701 24.28365 -16 35.45701 24.18898 -5.687198 35.45701 19.90551
2 24 -17.21243 35.45701 24.28365 -16 35.45701 24.18898
2 24 -26.3128 35.45701 19.90551 -5.687198 35.45701 19.90551
3 16 -5.687198 35.45701 19.90551 -16 35.45701 24.18898 -14.78757 35.45701 24.28365
2 24 -16 35.45701 24.18898 -14.78757 35.45701 24.28365

3 16 5.687198 35.45701 19.90551 11.43993 35.45701 25.65824 12.47957 35.45701 25.02729
2 24 5.687198 35.45701 19.90551 11.43993 35.45701 25.65824
2 24 11.43993 35.45701 25.65824 12.47957 35.45701 25.02729
3 16 12.47957 35.45701 25.02729 13.60454 35.45701 24.56536 5.687198 35.45701 19.90551
2 24 12.47957 35.45701 25.02729 13.60454 35.45701 24.56536
3 16 5.687198 35.45701 19.90551 13.60454 35.45701 24.56536 14.78757 35.45701 24.28365
2 24 13.60454 35.45701 24.56536 14.78757 35.45701 24.28365
4 16 5.687198 35.45701 19.90551 14.78757 35.45701 24.28365 16 35.45701 24.18898 26.3128 35.45701 19.90551
2 24 14.78757 35.45701 24.28365 16 35.45701 24.18898
2 24 5.687198 35.45701 19.90551 26.3128 35.45701 19.90551
3 16 26.3128 35.45701 19.90551 16 35.45701 24.18898 17.21243 35.45701 24.28365
2 24 16 35.45701 24.18898 17.21243 35.45701 24.28365
3 16 17.21243 35.45701 24.28365 18.39546 35.45701 24.56536 26.3128 35.45701 19.90551
2 24 17.21243 35.45701 24.28365 18.39546 35.45701 24.56536
3 16 26.3128 35.45701 19.90551 18.39546 35.45701 24.56536 19.52043 35.45701 25.02729
2 24 18.39546 35.45701 24.56536 19.52043 35.45701 25.02729
3 16 26.3128 35.45701 19.90551 19.52043 35.45701 25.02729 20.56007 35.45701 25.65824
2 24 19.52043 35.45701 25.02729 20.56007 35.45701 25.65824
2 24 20.56007 35.45701 25.65824 26.3128 35.45701 19.90551

3 16 37.6872 35.45701 19.90551 43.43993 35.45701 25.65824 44.47956 35.45701 25.02729
2 24 37.6872 35.45701 19.90551 43.43993 35.45701 25.65824
2 24 43.43993 35.45701 25.65824 44.47956 35.45701 25.02729
3 16 49.21243 35.45701 24.28365 50.39546 35.45701 24.56536 58.3128 35.45701 19.90551
2 24 49.21243 35.45701 24.28365 50.39546 35.45701 24.56536
3 16 58.3128 35.45701 19.90551 50.39546 35.45701 24.56536 51.52043 35.45701 25.02729
2 24 50.39546 35.45701 24.56536 51.52043 35.45701 25.02729
3 16 58.3128 35.45701 19.90551 51.52043 35.45701 25.02729 52.56007 35.45701 25.65824
2 24 51.52043 35.45701 25.02729 52.56007 35.45701 25.65824
2 24 52.56007 35.45701 25.65824 58.3128 35.45701 19.90551
3 16 44.47956 35.45701 25.02729 45.60453 35.45701 24.56536 37.6872 35.45701 19.90551
2 24 44.47956 35.45701 25.02729 45.60453 35.45701 24.56536
3 16 37.6872 35.45701 19.90551 45.60453 35.45701 24.56536 46.78757 35.45701 24.28365
2 24 45.60453 35.45701 24.56536 46.78757 35.45701 24.28365
4 16 37.6872 35.45701 19.90551 46.78757 35.45701 24.28365 48 35.45701 24.18898 58.3128 35.45701 19.90551
2 24 46.78757 35.45701 24.28365 48 35.45701 24.18898
2 24 37.6872 35.45701 19.90551 58.3128 35.45701 19.90551
3 16 58.3128 35.45701 19.90551 48 35.45701 24.18898 49.21243 35.45701 24.28365
2 24 48 35.45701 24.18898 49.21243 35.45701 24.28365

3 16 -45.60453 35.45701 39.43464 -37.6872 35.45701 44.09449 -44.47956 35.45701 38.97271
2 24 -44.47956 35.45701 38.97271 -45.60453 35.45701 39.43464
3 16 -44.47956 35.45701 38.97271 -37.6872 35.45701 44.09449 -43.43993 35.45701 38.34175
2 24 -37.6872 35.45701 44.09449 -43.43993 35.45701 38.34175
2 24 -43.43993 35.45701 38.34175 -44.47956 35.45701 38.97271
3 16 -52.56007 35.45701 38.34175 -58.3128 35.45701 44.09449 -51.52043 35.45701 38.97271
2 24 -52.56007 35.45701 38.34175 -58.3128 35.45701 44.09449
2 24 -51.52043 35.45701 38.97271 -52.56007 35.45701 38.34175
3 16 -51.52043 35.45701 38.97271 -58.3128 35.45701 44.09449 -50.39546 35.45701 39.43464
2 24 -50.39546 35.45701 39.43464 -51.52043 35.45701 38.97271
3 16 -45.60453 35.45701 39.43464 -46.78757 35.45701 39.71635 -37.6872 35.45701 44.09449
2 24 -45.60453 35.45701 39.43464 -46.78757 35.45701 39.71635
3 16 -37.6872 35.45701 44.09449 -46.78757 35.45701 39.71635 -48 35.45701 39.81102
2 24 -46.78757 35.45701 39.71635 -48 35.45701 39.81102
4 16 -37.6872 35.45701 44.09449 -48 35.45701 39.81102 -49.21243 35.45701 39.71635 -58.3128 35.45701 44.09449
2 24 -48 35.45701 39.81102 -49.21243 35.45701 39.71635
2 24 -37.6872 35.45701 44.09449 -58.3128 35.45701 44.09449
3 16 -58.3128 35.45701 44.09449 -49.21243 35.45701 39.71635 -50.39546 35.45701 39.43464
2 24 -49.21243 35.45701 39.71635 -50.39546 35.45701 39.43464

3 16 -19.52043 35.45701 38.97271 -20.56007 35.45701 38.34175 -26.3128 35.45701 44.09449
2 24 -19.52043 35.45701 38.97271 -20.56007 35.45701 38.34175
2 24 -20.56007 35.45701 38.34175 -26.3128 35.45701 44.09449
3 16 -19.52043 35.45701 38.97271 -26.3128 35.45701 44.09449 -18.39546 35.45701 39.43464
2 24 -18.39546 35.45701 39.43464 -19.52043 35.45701 38.97271
3 16 -13.60454 35.45701 39.43464 -5.687198 35.45701 44.09449 -12.47957 35.45701 38.97271
2 24 -12.47957 35.45701 38.97271 -13.60454 35.45701 39.43464
3 16 -12.47957 35.45701 38.97271 -5.687198 35.45701 44.09449 -11.43993 35.45701 38.34175
2 24 -5.687198 35.45701 44.09449 -11.43993 35.45701 38.34175
2 24 -11.43993 35.45701 38.34175 -12.47957 35.45701 38.97271
3 16 -13.60454 35.45701 39.43464 -14.78757 35.45701 39.71635 -5.687198 35.45701 44.09449
2 24 -13.60454 35.45701 39.43464 -14.78757 35.45701 39.71635
3 16 -5.687198 35.45701 44.09449 -14.78757 35.45701 39.71635 -16 35.45701 39.81102
2 24 -14.78757 35.45701 39.71635 -16 35.45701 39.81102
4 16 -5.687198 35.45701 44.09449 -16 35.45701 39.81102 -17.21243 35.45701 39.71635 -26.3128 35.45701 44.09449
2 24 -16 35.45701 39.81102 -17.21243 35.45701 39.71635
2 24 -5.687198 35.45701 44.09449 -26.3128 35.45701 44.09449
3 16 -26.3128 35.45701 44.09449 -17.21243 35.45701 39.71635 -18.39546 35.45701 39.43464
2 24 -17.21243 35.45701 39.71635 -18.39546 35.45701 39.43464

3 16 18.39546 35.45701 39.43464 26.3128 35.45701 44.09449 19.52043 35.45701 38.97271
2 24 19.52043 35.45701 38.97271 18.39546 35.45701 39.43464
3 16 19.52043 35.45701 38.97271 26.3128 35.45701 44.09449 20.56007 35.45701 38.34175
2 24 26.3128 35.45701 44.09449 20.56007 35.45701 38.34175
2 24 20.56007 35.45701 38.34175 19.52043 35.45701 38.97271
3 16 11.43993 35.45701 38.34175 5.687198 35.45701 44.09449 12.47957 35.45701 38.97271
2 24 11.43993 35.45701 38.34175 5.687198 35.45701 44.09449
2 24 12.47957 35.45701 38.97271 11.43993 35.45701 38.34175
3 16 12.47957 35.45701 38.97271 5.687198 35.45701 44.09449 13.60454 35.45701 39.43464
2 24 13.60454 35.45701 39.43464 12.47957 35.45701 38.97271
3 16 18.39546 35.45701 39.43464 17.21243 35.45701 39.71635 26.3128 35.45701 44.09449
2 24 18.39546 35.45701 39.43464 17.21243 35.45701 39.71635
3 16 26.3128 35.45701 44.09449 17.21243 35.45701 39.71635 16 35.45701 39.81102
2 24 17.21243 35.45701 39.71635 16 35.45701 39.81102
4 16 26.3128 35.45701 44.09449 16 35.45701 39.81102 14.78757 35.45701 39.71635 5.687198 35.45701 44.09449
2 24 16 35.45701 39.81102 14.78757 35.45701 39.71635
2 24 26.3128 35.45701 44.09449 5.687198 35.45701 44.09449
3 16 5.687198 35.45701 44.09449 14.78757 35.45701 39.71635 13.60454 35.45701 39.43464
2 24 14.78757 35.45701 39.71635 13.60454 35.45701 39.43464

3 16 52.56007 35.45701 38.34175 51.52043 35.45701 38.97271 58.3128 35.45701 44.09449
2 24 52.56007 35.45701 38.34175 51.52043 35.45701 38.97271
2 24 58.3128 35.45701 44.09449 52.56007 35.45701 38.34175
3 16 58.3128 35.45701 44.09449 51.52043 35.45701 38.97271 50.39546 35.45701 39.43464
2 24 51.52043 35.45701 38.97271 50.39546 35.45701 39.43464
3 16 43.43993 35.45701 38.34175 37.6872 35.45701 44.09449 44.47956 35.45701 38.97271
2 24 43.43993 35.45701 38.34175 37.6872 35.45701 44.09449
2 24 44.47956 35.45701 38.97271 43.43993 35.45701 38.34175
3 16 44.47956 35.45701 38.97271 37.6872 35.45701 44.09449 45.60453 35.45701 39.43464
2 24 45.60453 35.45701 39.43464 44.47956 35.45701 38.97271
3 16 50.39546 35.45701 39.43464 49.21243 35.45701 39.71635 58.3128 35.45701 44.09449
2 24 50.39546 35.45701 39.43464 49.21243 35.45701 39.71635
3 16 58.3128 35.45701 44.09449 49.21243 35.45701 39.71635 48 35.45701 39.81102
2 24 49.21243 35.45701 39.71635 48 35.45701 39.81102
4 16 58.3128 35.45701 44.09449 48 35.45701 39.81102 46.78757 35.45701 39.71635 37.6872 35.45701 44.09449
2 24 48 35.45701 39.81102 46.78757 35.45701 39.71635
2 24 58.3128 35.45701 44.09449 37.6872 35.45701 44.09449
3 16 37.6872 35.45701 44.09449 46.78757 35.45701 39.71635 45.60453 35.45701 39.43464
2 24 46.78757 35.45701 39.71635 45.60453 35.45701 39.43464

3 16 80 35.45701 44.09449 79.08782 35.45701 39.75758 77.79764 35.45701 39.49411
2 24 79.08782 35.45701 39.75758 77.79764 35.45701 39.49411
4 16 80 35.45701 44.09449 77.79764 35.45701 39.49411 76.57004 35.45701 39.01765 69.6872 35.45701 44.09449
2 24 77.79764 35.45701 39.49411 76.57004 35.45701 39.01765
2 24 80 35.45701 44.09449 69.6872 35.45701 44.09449
3 16 69.6872 35.45701 44.09449 76.57004 35.45701 39.01765 75.43993 35.45701 38.34175
2 24 76.57004 35.45701 39.01765 75.43993 35.45701 38.34175
2 24 75.43993 35.45701 38.34175 69.6872 35.45701 44.09449
3 16 77.79764 35.45701 24.50589 80 35.45701 19.90551 76.57004 35.45701 24.98234
2 24 76.57004 35.45701 24.98234 77.79764 35.45701 24.50589
4 16 76.57004 35.45701 24.98234 80 35.45701 19.90551 69.6872 35.45701 19.90551 75.43993 35.45701 25.65824
2 24 69.6872 35.45701 19.90551 80 35.45701 19.90551
2 24 69.6872 35.45701 19.90551 75.43993 35.45701 25.65824
2 24 75.43993 35.45701 25.65824 76.57004 35.45701 24.98234
3 16 77.79764 35.45701 24.50589 79.08782 35.45701 24.24242 80 35.45701 19.90551
2 24 77.79764 35.45701 24.50589 79.08782 35.45701 24.24242
3 16 80 35.45701 19.90551 79.08782 35.45701 24.24242 80.40394 35.45701 24.19943
2 24 79.08782 35.45701 24.24242 80.40394 35.45701 24.19943
4 16 80 35.45701 19.90551 80.40394 35.45701 24.19943 81.70857 35.45701 24.37813 82.10018 35.45701 20.08925
2 24 80.40394 35.45701 24.19943 81.70857 35.45701 24.37813
2 24 80 35.45701 19.90551 82.10018 35.45701 20.08925
4 16 82.10018 35.45701 20.08925 81.70857 35.45701 24.37813 82.96464 35.45701 24.77345 84.13656 35.45701 20.6349
2 24 81.70857 35.45701 24.37813 82.96464 35.45701 24.77345
2 24 82.10018 35.45701 20.08925 84.13656 35.45701 20.6349
4 16 84.13656 35.45701 20.6349 82.96464 35.45701 24.77345 84.13646 35.45701 25.37416 86.04724 35.45701 21.52587
2 24 82.96464 35.45701 24.77345 84.13646 35.45701 25.37416
2 24 84.13656 35.45701 20.6349 86.04724 35.45701 21.52587
4 16 86.04724 35.45701 21.52587 84.13646 35.45701 25.37416 85.19071 35.45701 26.16317 87.77419 35.45701 22.73508
2 24 84.13646 35.45701 25.37416 85.19071 35.45701 26.16317
2 24 86.04724 35.45701 21.52587 87.77419 35.45701 22.73508
4 16 87.77419 35.45701 22.73508 85.19071 35.45701 26.16317 86.09745 35.45701 27.11807 89.26491 35.45701 24.22581
2 24 85.19071 35.45701 26.16317 86.09745 35.45701 27.11807
2 24 87.77419 35.45701 22.73508 89.26491 35.45701 24.22581
4 16 89.26491 35.45701 24.22581 86.09745 35.45701 27.11807 86.83088 35.45701 28.21172 90.47414 35.45701 25.95276
2 24 86.09745 35.45701 27.11807 86.83088 35.45701 28.21172
2 24 89.26491 35.45701 24.22581 90.47414 35.45701 25.95276
4 16 90.47414 35.45701 25.95276 86.83088 35.45701 28.21172 87.37019 35.45701 29.41304 91.3651 35.45701 27.86344
2 24 86.83088 35.45701 28.21172 87.37019 35.45701 29.41304
2 24 90.47414 35.45701 25.95276 91.3651 35.45701 27.86344
4 16 91.3651 35.45701 27.86344 87.37019 35.45701 29.41304 87.70002 35.45701 30.68787 91.91074 35.45701 29.89981
2 24 87.37019 35.45701 29.41304 87.70002 35.45701 30.68787
2 24 91.3651 35.45701 27.86344 91.91074 35.45701 29.89981
4 16 91.91074 35.45701 29.89981 87.70002 35.45701 30.68787 87.81102 35.45701 32 92.09449 35.45701 32
2 24 87.70002 35.45701 30.68787 87.81102 35.45701 32
2 24 91.91074 35.45701 29.89981 92.09449 35.45701 32
4 16 92.09449 35.45701 32 87.81102 35.45701 32 87.70002 35.45701 33.31213 91.91074 35.45701 34.10019
2 24 87.81102 35.45701 32 87.70002 35.45701 33.31213
2 24 92.09449 35.45701 32 91.91074 35.45701 34.10019
4 16 91.91074 35.45701 34.10019 87.70002 35.45701 33.31213 87.37019 35.45701 34.58696 91.3651 35.45701 36.13656
2 24 87.70002 35.45701 33.31213 87.37019 35.45701 34.58696
2 24 91.91074 35.45701 34.10019 91.3651 35.45701 36.13656
4 16 91.3651 35.45701 36.13656 87.37019 35.45701 34.58696 86.83088 35.45701 35.78828 90.47414 35.45701 38.04724
2 24 87.37019 35.45701 34.58696 86.83088 35.45701 35.78828
2 24 91.3651 35.45701 36.13656 90.47414 35.45701 38.04724
4 16 90.47414 35.45701 38.04724 86.83088 35.45701 35.78828 86.09745 35.45701 36.88192 89.26491 35.45701 39.77419
2 24 86.83088 35.45701 35.78828 86.09745 35.45701 36.88192
2 24 90.47414 35.45701 38.04724 89.26491 35.45701 39.77419
4 16 89.26491 35.45701 39.77419 86.09745 35.45701 36.88192 85.19071 35.45701 37.83683 87.77419 35.45701 41.26491
2 24 86.09745 35.45701 36.88192 85.19071 35.45701 37.83683
2 24 89.26491 35.45701 39.77419 87.77419 35.45701 41.26491
4 16 87.77419 35.45701 41.26491 85.19071 35.45701 37.83683 84.13646 35.45701 38.62584 86.04724 35.45701 42.47413
2 24 85.19071 35.45701 37.83683 84.13646 35.45701 38.62584
2 24 87.77419 35.45701 41.26491 86.04724 35.45701 42.47413
4 16 86.04724 35.45701 42.47413 84.13646 35.45701 38.62584 82.96464 35.45701 39.22655 84.13656 35.45701 43.3651
2 24 84.13646 35.45701 38.62584 82.96464 35.45701 39.22655
2 24 86.04724 35.45701 42.47413 84.13656 35.45701 43.3651
4 16 84.13656 35.45701 43.3651 82.96464 35.45701 39.22655 81.70857 35.45701 39.62187 82.10018 35.45701 43.91075
2 24 82.96464 35.45701 39.22655 81.70857 35.45701 39.62187
2 24 84.13656 35.45701 43.3651 82.10018 35.45701 43.91075
4 16 82.10018 35.45701 43.91075 81.70857 35.45701 39.62187 80.40394 35.45701 39.80057 80 35.45701 44.09449
2 24 81.70857 35.45701 39.62187 80.40394 35.45701 39.80057
2 24 82.10018 35.45701 43.91075 80 35.45701 44.09449
3 16 80 35.45701 44.09449 80.40394 35.45701 39.80057 79.08782 35.45701 39.75758
2 24 80.40394 35.45701 39.80057 79.08782 35.45701 39.75758

3 16 -76.57004 35.45701 24.98234 -75.43993 35.45701 25.65824 -69.6872 35.45701 19.90551
2 24 -76.57004 35.45701 24.98234 -75.43993 35.45701 25.65824
2 24 -75.43993 35.45701 25.65824 -69.6872 35.45701 19.90551
3 16 -77.79764 35.45701 39.49411 -80 35.45701 44.09449 -76.57004 35.45701 39.01765
2 24 -76.57004 35.45701 39.01765 -77.79764 35.45701 39.49411
4 16 -76.57004 35.45701 39.01765 -80 35.45701 44.09449 -69.6872 35.45701 44.09449 -75.43993 35.45701 38.34175
2 24 -69.6872 35.45701 44.09449 -80 35.45701 44.09449
2 24 -69.6872 35.45701 44.09449 -75.43993 35.45701 38.34175
2 24 -75.43993 35.45701 38.34175 -76.57004 35.45701 39.01765
3 16 -76.57004 35.45701 24.98234 -69.6872 35.45701 19.90551 -77.79764 35.45701 24.50589
2 24 -77.79764 35.45701 24.50589 -76.57004 35.45701 24.98234
4 16 -77.79764 35.45701 24.50589 -69.6872 35.45701 19.90551 -80 35.45701 19.90551 -79.08782 35.45701 24.24242
2 24 -80 35.45701 19.90551 -69.6872 35.45701 19.90551
2 24 -79.08782 35.45701 24.24242 -77.79764 35.45701 24.50589
3 16 -77.79764 35.45701 39.49411 -79.08782 35.45701 39.75758 -80 35.45701 44.09449
2 24 -77.79764 35.45701 39.49411 -79.08782 35.45701 39.75758
3 16 -80 35.45701 44.09449 -79.08782 35.45701 39.75758 -80.40394 35.45701 39.80057
2 24 -79.08782 35.45701 39.75758 -80.40394 35.45701 39.80057
4 16 -80 35.45701 44.09449 -80.40394 35.45701 39.80057 -81.70857 35.45701 39.62187 -82.10018 35.45701 43.91075
2 24 -80.40394 35.45701 39.80057 -81.70857 35.45701 39.62187
2 24 -80 35.45701 44.09449 -82.10018 35.45701 43.91075
4 16 -82.10018 35.45701 43.91075 -81.70857 35.45701 39.62187 -82.96464 35.45701 39.22655 -84.13656 35.45701 43.3651
2 24 -81.70857 35.45701 39.62187 -82.96464 35.45701 39.22655
2 24 -82.10018 35.45701 43.91075 -84.13656 35.45701 43.3651
4 16 -84.13656 35.45701 43.3651 -82.96464 35.45701 39.22655 -84.13646 35.45701 38.62584 -86.04724 35.45701 42.47413
2 24 -82.96464 35.45701 39.22655 -84.13646 35.45701 38.62584
2 24 -84.13656 35.45701 43.3651 -86.04724 35.45701 42.47413
4 16 -86.04724 35.45701 42.47413 -84.13646 35.45701 38.62584 -85.19071 35.45701 37.83683 -87.77419 35.45701 41.26491
2 24 -84.13646 35.45701 38.62584 -85.19071 35.45701 37.83683
2 24 -86.04724 35.45701 42.47413 -87.77419 35.45701 41.26491
4 16 -87.77419 35.45701 41.26491 -85.19071 35.45701 37.83683 -86.09745 35.45701 36.88192 -89.26491 35.45701 39.77419
2 24 -85.19071 35.45701 37.83683 -86.09745 35.45701 36.88192
2 24 -87.77419 35.45701 41.26491 -89.26491 35.45701 39.77419
4 16 -89.26491 35.45701 39.77419 -86.09745 35.45701 36.88192 -86.83088 35.45701 35.78828 -90.47414 35.45701 38.04724
2 24 -86.09745 35.45701 36.88192 -86.83088 35.45701 35.78828
2 24 -89.26491 35.45701 39.77419 -90.47414 35.45701 38.04724
4 16 -90.47414 35.45701 38.04724 -86.83088 35.45701 35.78828 -87.37019 35.45701 34.58696 -91.3651 35.45701 36.13656
2 24 -86.83088 35.45701 35.78828 -87.37019 35.45701 34.58696
2 24 -90.47414 35.45701 38.04724 -91.3651 35.45701 36.13656
4 16 -91.3651 35.45701 36.13656 -87.37019 35.45701 34.58696 -87.70002 35.45701 33.31213 -91.91074 35.45701 34.10019
2 24 -87.37019 35.45701 34.58696 -87.70002 35.45701 33.31213
2 24 -91.3651 35.45701 36.13656 -91.91074 35.45701 34.10019
4 16 -91.91074 35.45701 34.10019 -87.70002 35.45701 33.31213 -87.81102 35.45701 32 -92.09449 35.45701 32
2 24 -87.70002 35.45701 33.31213 -87.81102 35.45701 32
2 24 -91.91074 35.45701 34.10019 -92.09449 35.45701 32
4 16 -92.09449 35.45701 32 -87.81102 35.45701 32 -87.70002 35.45701 30.68787 -91.91074 35.45701 29.89981
2 24 -87.81102 35.45701 32 -87.70002 35.45701 30.68787
2 24 -92.09449 35.45701 32 -91.91074 35.45701 29.89981
4 16 -91.91074 35.45701 29.89981 -87.70002 35.45701 30.68787 -87.37019 35.45701 29.41304 -91.3651 35.45701 27.86344
2 24 -87.70002 35.45701 30.68787 -87.37019 35.45701 29.41304
2 24 -91.91074 35.45701 29.89981 -91.3651 35.45701 27.86344
4 16 -91.3651 35.45701 27.86344 -87.37019 35.45701 29.41304 -86.83088 35.45701 28.21172 -90.47414 35.45701 25.95276
2 24 -87.37019 35.45701 29.41304 -86.83088 35.45701 28.21172
2 24 -91.3651 35.45701 27.86344 -90.47414 35.45701 25.95276
4 16 -90.47414 35.45701 25.95276 -86.83088 35.45701 28.21172 -86.09745 35.45701 27.11807 -89.26491 35.45701 24.22581
2 24 -86.83088 35.45701 28.21172 -86.09745 35.45701 27.11807
2 24 -90.47414 35.45701 25.95276 -89.26491 35.45701 24.22581
4 16 -89.26491 35.45701 24.22581 -86.09745 35.45701 27.11807 -85.19071 35.45701 26.16317 -87.77419 35.45701 22.73508
2 24 -86.09745 35.45701 27.11807 -85.19071 35.45701 26.16317
2 24 -89.26491 35.45701 24.22581 -87.77419 35.45701 22.73508
4 16 -87.77419 35.45701 22.73508 -85.19071 35.45701 26.16317 -84.13646 35.45701 25.37416 -86.04724 35.45701 21.52587
2 24 -85.19071 35.45701 26.16317 -84.13646 35.45701 25.37416
2 24 -87.77419 35.45701 22.73508 -86.04724 35.45701 21.52587
4 16 -86.04724 35.45701 21.52587 -84.13646 35.45701 25.37416 -82.96464 35.45701 24.77345 -84.13656 35.45701 20.6349
2 24 -84.13646 35.45701 25.37416 -82.96464 35.45701 24.77345
2 24 -86.04724 35.45701 21.52587 -84.13656 35.45701 20.6349
4 16 -84.13656 35.45701 20.6349 -82.96464 35.45701 24.77345 -81.70857 35.45701 24.37813 -82.10018 35.45701 20.08925
2 24 -82.96464 35.45701 24.77345 -81.70857 35.45701 24.37813
2 24 -84.13656 35.45701 20.6349 -82.10018 35.45701 20.08925
4 16 -82.10018 35.45701 20.08925 -81.70857 35.45701 24.37813 -80.40394 35.45701 24.19943 -80 35.45701 19.90551
2 24 -81.70857 35.45701 24.37813 -80.40394 35.45701 24.19943
2 24 -82.10018 35.45701 20.08925 -80 35.45701 19.90551
3 16 -80 35.45701 19.90551 -80.40394 35.45701 24.19943 -79.08782 35.45701 24.24242
2 24 -80.40394 35.45701 24.19943 -79.08782 35.45701 24.24242

4 16 -34.12382 37.76 -44.09449 -34.12382 35.45701 -44.09449 -29.87617 35.45701 -44.09449 -29.87617 37.76 -44.09449
2 24 -34.12382 37.76 -44.09449 -34.12382 35.45701 -44.09449
2 24 -29.87617 35.45701 -44.09449 -29.87617 37.76 -44.09449
4 16 29.87617 37.76 -44.09449 29.87617 35.45701 -44.09449 34.12382 35.45701 -44.09449 34.12382 37.76 -44.09449
2 24 29.87617 37.76 -44.09449 29.87617 35.45701 -44.09449
2 24 34.12382 35.45701 -44.09449 34.12382 37.76 -44.09449
3 16 -80 39.93701 -44.09449 34.12382 37.76 -44.09449 37.6872 37.76 -44.09449
4 16 61.87617 35.45701 -44.09449 66.12382 35.45701 -44.09449 66.12382 37.76 -44.09449 61.87617 37.76 -44.09449
2 24 66.12382 35.45701 -44.09449 66.12382 37.76 -44.09449
2 24 61.87617 37.76 -44.09449 61.87617 35.45701 -44.09449
4 16 37.6872 35.45701 -44.09449 58.3128 35.45701 -44.09449 58.3128 37.76 -44.09449 37.6872 37.76 -44.09449
2 24 58.3128 35.45701 -44.09449 58.3128 37.76 -44.09449
2 24 37.6872 37.76 -44.09449 37.6872 35.45701 -44.09449
3 16 37.6872 37.76 -44.09449 58.3128 37.76 -44.09449 -80 39.93701 -44.09449
4 16 -80 35.45701 -44.09449 -69.6872 35.45701 -44.09449 -69.6872 37.76 -44.09449 -80 39.93701 -44.09449
2 24 -69.6872 35.45701 -44.09449 -69.6872 37.76 -44.09449
3 16 -80 39.93701 -44.09449 -69.6872 37.76 -44.09449 -66.12382 37.76 -44.09449
4 16 -66.12382 35.45701 -44.09449 -61.87617 35.45701 -44.09449 -61.87617 37.76 -44.09449 -66.12382 37.76 -44.09449
2 24 -61.87617 35.45701 -44.09449 -61.87617 37.76 -44.09449
2 24 -66.12382 37.76 -44.09449 -66.12382 35.45701 -44.09449
3 16 -66.12382 37.76 -44.09449 -61.87617 37.76 -44.09449 -80 39.93701 -44.09449
3 16 -80 39.93701 -44.09449 -61.87617 37.76 -44.09449 -58.3128 37.76 -44.09449
4 16 69.6872 35.45701 -44.09449 80 35.45701 -44.09449 80 39.93701 -44.09449 69.6872 37.76 -44.09449
2 24 69.6872 37.76 -44.09449 69.6872 35.45701 -44.09449
3 16 69.6872 37.76 -44.09449 80 39.93701 -44.09449 66.12382 37.76 -44.09449
3 16 66.12382 37.76 -44.09449 80 39.93701 -44.09449 -80 39.93701 -44.09449
2 24 -80 39.93701 -44.09449 80 39.93701 -44.09449
3 16 66.12382 37.76 -44.09449 -80 39.93701 -44.09449 61.87617 37.76 -44.09449
3 16 61.87617 37.76 -44.09449 -80 39.93701 -44.09449 58.3128 37.76 -44.09449
3 16 -80 39.93701 -44.09449 -29.87617 37.76 -44.09449 -26.3128 37.76 -44.09449
4 16 -26.3128 35.45701 -44.09449 -5.687198 35.45701 -44.09449 -5.687198 37.76 -44.09449 -26.3128 37.76 -44.09449
2 24 -5.687198 35.45701 -44.09449 -5.687198 37.76 -44.09449
2 24 -26.3128 37.76 -44.09449 -26.3128 35.45701 -44.09449
3 16 -26.3128 37.76 -44.09449 -5.687198 37.76 -44.09449 -80 39.93701 -44.09449
3 16 -80 39.93701 -44.09449 -5.687198 37.76 -44.09449 -2.123825 37.76 -44.09449
4 16 -2.123825 35.45701 -44.09449 2.123825 35.45701 -44.09449 2.123825 37.76 -44.09449 -2.123825 37.76 -44.09449
2 24 2.123825 35.45701 -44.09449 2.123825 37.76 -44.09449
2 24 -2.123825 37.76 -44.09449 -2.123825 35.45701 -44.09449
3 16 -2.123825 37.76 -44.09449 2.123825 37.76 -44.09449 -80 39.93701 -44.09449
3 16 -80 39.93701 -44.09449 2.123825 37.76 -44.09449 5.687198 37.76 -44.09449
4 16 5.687198 35.45701 -44.09449 26.3128 35.45701 -44.09449 26.3128 37.76 -44.09449 5.687198 37.76 -44.09449
2 24 26.3128 35.45701 -44.09449 26.3128 37.76 -44.09449
2 24 5.687198 37.76 -44.09449 5.687198 35.45701 -44.09449
3 16 5.687198 37.76 -44.09449 26.3128 37.76 -44.09449 -80 39.93701 -44.09449
3 16 -80 39.93701 -44.09449 26.3128 37.76 -44.09449 29.87617 37.76 -44.09449
3 16 -80 39.93701 -44.09449 29.87617 37.76 -44.09449 34.12382 37.76 -44.09449
4 16 -58.3128 35.45701 -44.09449 -37.6872 35.45701 -44.09449 -37.6872 37.76 -44.09449 -58.3128 37.76 -44.09449
2 24 -37.6872 35.45701 -44.09449 -37.6872 37.76 -44.09449
2 24 -58.3128 37.76 -44.09449 -58.3128 35.45701 -44.09449
3 16 -58.3128 37.76 -44.09449 -37.6872 37.76 -44.09449 -80 39.93701 -44.09449
3 16 -80 39.93701 -44.09449 -37.6872 37.76 -44.09449 -34.12382 37.76 -44.09449
3 16 -80 39.93701 -44.09449 -34.12382 37.76 -44.09449 -29.87617 37.76 -44.09449

4 16 34.12382 37.76 -19.90551 34.12382 35.45701 -19.90551 29.87617 35.45701 -19.90551 29.87617 37.76 -19.90551
2 24 34.12382 35.45701 -19.90551 34.12382 37.76 -19.90551
2 24 29.87617 35.45701 -19.90551 29.87617 37.76 -19.90551
4 16 -37.6872 37.76 -19.90551 -37.6872 35.45701 -19.90551 -58.3128 35.45701 -19.90551 -58.3128 37.76 -19.90551
2 24 -37.6872 37.76 -19.90551 -37.6872 35.45701 -19.90551
2 24 -58.3128 35.45701 -19.90551 -58.3128 37.76 -19.90551
4 16 80 39.93701 -19.90551 80 35.45701 -19.90551 69.6872 35.45701 -19.90551 69.6872 37.76 -19.90551
2 24 69.6872 35.45701 -19.90551 69.6872 37.76 -19.90551
4 16 -5.687198 37.76 -19.90551 -5.687198 35.45701 -19.90551 -26.3128 35.45701 -19.90551 -26.3128 37.76 -19.90551
2 24 -5.687198 37.76 -19.90551 -5.687198 35.45701 -19.90551
2 24 -26.3128 35.45701 -19.90551 -26.3128 37.76 -19.90551
3 16 -58.3128 37.76 -19.90551 -61.87617 37.76 -19.90551 -80 39.93701 -19.90551
4 16 66.12382 35.45701 -19.90551 61.87617 35.45701 -19.90551 61.87617 37.76 -19.90551 66.12382 37.76 -19.90551
2 24 61.87617 35.45701 -19.90551 61.87617 37.76 -19.90551
2 24 66.12382 35.45701 -19.90551 66.12382 37.76 -19.90551
3 16 80 39.93701 -19.90551 69.6872 37.76 -19.90551 66.12382 37.76 -19.90551
3 16 80 39.93701 -19.90551 66.12382 37.76 -19.90551 -80 39.93701 -19.90551
2 24 80 39.93701 -19.90551 -80 39.93701 -19.90551
3 16 -80 39.93701 -19.90551 66.12382 37.76 -19.90551 61.87617 37.76 -19.90551
3 16 -80 39.93701 -19.90551 61.87617 37.76 -19.90551 58.3128 37.76 -19.90551
3 16 -26.3128 37.76 -19.90551 -29.87617 37.76 -19.90551 -80 39.93701 -19.90551
3 16 29.87617 37.76 -19.90551 26.3128 37.76 -19.90551 -80 39.93701 -19.90551
3 16 2.123825 37.76 -19.90551 -80 39.93701 -19.90551 5.687198 37.76 -19.90551
3 16 5.687198 37.76 -19.90551 -80 39.93701 -19.90551 26.3128 37.76 -19.90551
4 16 5.687198 37.76 -19.90551 26.3128 37.76 -19.90551 26.3128 35.45701 -19.90551 5.687198 35.45701 -19.90551
2 24 26.3128 37.76 -19.90551 26.3128 35.45701 -19.90551
2 24 5.687198 35.45701 -19.90551 5.687198 37.76 -19.90551
4 16 -69.6872 35.45701 -19.90551 -80 35.45701 -19.90551 -80 39.93701 -19.90551 -69.6872 37.76 -19.90551
2 24 -69.6872 37.76 -19.90551 -69.6872 35.45701 -19.90551
3 16 -69.6872 37.76 -19.90551 -80 39.93701 -19.90551 -66.12382 37.76 -19.90551
3 16 -66.12382 37.76 -19.90551 -80 39.93701 -19.90551 -61.87617 37.76 -19.90551
4 16 -66.12382 37.76 -19.90551 -61.87617 37.76 -19.90551 -61.87617 35.45701 -19.90551 -66.12382 35.45701 -19.90551
2 24 -61.87617 35.45701 -19.90551 -61.87617 37.76 -19.90551
2 24 -66.12382 35.45701 -19.90551 -66.12382 37.76 -19.90551
3 16 -5.687198 37.76 -19.90551 -26.3128 37.76 -19.90551 -80 39.93701 -19.90551
3 16 -5.687198 37.76 -19.90551 -80 39.93701 -19.90551 -2.123825 37.76 -19.90551
3 16 -2.123825 37.76 -19.90551 -80 39.93701 -19.90551 2.123825 37.76 -19.90551
4 16 -2.123825 37.76 -19.90551 2.123825 37.76 -19.90551 2.123825 35.45701 -19.90551 -2.123825 35.45701 -19.90551
2 24 2.123825 35.45701 -19.90551 2.123825 37.76 -19.90551
2 24 -2.123825 35.45701 -19.90551 -2.123825 37.76 -19.90551
3 16 -37.6872 37.76 -19.90551 -58.3128 37.76 -19.90551 -80 39.93701 -19.90551
3 16 -37.6872 37.76 -19.90551 -80 39.93701 -19.90551 -34.12382 37.76 -19.90551
3 16 -34.12382 37.76 -19.90551 -80 39.93701 -19.90551 -29.87617 37.76 -19.90551
4 16 -34.12382 37.76 -19.90551 -29.87617 37.76 -19.90551 -29.87617 35.45701 -19.90551 -34.12382 35.45701 -19.90551
2 24 -29.87617 35.45701 -19.90551 -29.87617 37.76 -19.90551
2 24 -34.12382 35.45701 -19.90551 -34.12382 37.76 -19.90551
4 16 58.3128 35.45701 -19.90551 37.6872 35.45701 -19.90551 37.6872 37.76 -19.90551 58.3128 37.76 -19.90551
2 24 37.6872 35.45701 -19.90551 37.6872 37.76 -19.90551
2 24 58.3128 37.76 -19.90551 58.3128 35.45701 -19.90551
3 16 58.3128 37.76 -19.90551 37.6872 37.76 -19.90551 -80 39.93701 -19.90551
3 16 -80 39.93701 -19.90551 37.6872 37.76 -19.90551 34.12382 37.76 -19.90551
3 16 -80 39.93701 -19.90551 34.12382 37.76 -19.90551 29.87617 37.76 -19.90551

4 16 5.687198 37.76 19.90551 5.687198 35.45701 19.90551 26.3128 35.45701 19.90551 26.3128 37.76 19.90551
2 24 5.687198 37.76 19.90551 5.687198 35.45701 19.90551
2 24 26.3128 35.45701 19.90551 26.3128 37.76 19.90551
4 16 69.6872 35.45701 19.90551 80 35.45701 19.90551 80 39.93701 19.90551 69.6872 37.76 19.90551
2 24 69.6872 37.76 19.90551 69.6872 35.45701 19.90551
3 16 69.6872 37.76 19.90551 80 39.93701 19.90551 66.12382 37.76 19.90551
4 16 61.87617 37.76 19.90551 61.87617 35.45701 19.90551 66.12382 35.45701 19.90551 66.12382 37.76 19.90551
2 24 61.87617 37.76 19.90551 61.87617 35.45701 19.90551
2 24 66.12382 35.45701 19.90551 66.12382 37.76 19.90551
4 16 37.6872 35.45701 19.90551 58.3128 35.45701 19.90551 58.3128 37.76 19.90551 37.6872 37.76 19.90551
2 24 58.3128 35.45701 19.90551 58.3128 37.76 19.90551
2 24 37.6872 37.76 19.90551 37.6872 35.45701 19.90551
4 16 -80 35.45701 19.90551 -69.6872 35.45701 19.90551 -69.6872 37.76 19.90551 -80 39.93701 19.90551
2 24 -69.6872 35.45701 19.90551 -69.6872 37.76 19.90551
3 16 -80 39.93701 19.90551 -69.6872 37.76 19.90551 -66.12382 37.76 19.90551
4 16 -66.12382 35.45701 19.90551 -61.87617 35.45701 19.90551 -61.87617 37.76 19.90551 -66.12382 37.76 19.90551
2 24 -61.87617 35.45701 19.90551 -61.87617 37.76 19.90551
2 24 -66.12382 37.76 19.90551 -66.12382 35.45701 19.90551
3 16 -66.12382 37.76 19.90551 -61.87617 37.76 19.90551 -80 39.93701 19.90551
3 16 -80 39.93701 19.90551 -61.87617 37.76 19.90551 -58.3128 37.76 19.90551
4 16 -58.3128 35.45701 19.90551 -37.6872 35.45701 19.90551 -37.6872 37.76 19.90551 -58.3128 37.76 19.90551
2 24 -37.6872 35.45701 19.90551 -37.6872 37.76 19.90551
2 24 -58.3128 37.76 19.90551 -58.3128 35.45701 19.90551
3 16 -58.3128 37.76 19.90551 -37.6872 37.76 19.90551 -80 39.93701 19.90551
3 16 -80 39.93701 19.90551 -37.6872 37.76 19.90551 -34.12382 37.76 19.90551
4 16 -34.12382 35.45701 19.90551 -29.87617 35.45701 19.90551 -29.87617 37.76 19.90551 -34.12382 37.76 19.90551
2 24 -29.87617 35.45701 19.90551 -29.87617 37.76 19.90551
2 24 -34.12382 37.76 19.90551 -34.12382 35.45701 19.90551
3 16 -34.12382 37.76 19.90551 -29.87617 37.76 19.90551 -80 39.93701 19.90551
3 16 -80 39.93701 19.90551 -29.87617 37.76 19.90551 -26.3128 37.76 19.90551
4 16 -26.3128 35.45701 19.90551 -5.687198 35.45701 19.90551 -5.687198 37.76 19.90551 -26.3128 37.76 19.90551
2 24 -5.687198 35.45701 19.90551 -5.687198 37.76 19.90551
2 24 -26.3128 37.76 19.90551 -26.3128 35.45701 19.90551
3 16 -26.3128 37.76 19.90551 -5.687198 37.76 19.90551 -80 39.93701 19.90551
3 16 -80 39.93701 19.90551 -5.687198 37.76 19.90551 -2.123825 37.76 19.90551
3 16 -80 39.93701 19.90551 26.3128 37.76 19.90551 29.87617 37.76 19.90551
4 16 29.87617 35.45701 19.90551 34.12382 35.45701 19.90551 34.12382 37.76 19.90551 29.87617 37.76 19.90551
2 24 34.12382 35.45701 19.90551 34.12382 37.76 19.90551
2 24 29.87617 37.76 19.90551 29.87617 35.45701 19.90551
3 16 29.87617 37.76 19.90551 34.12382 37.76 19.90551 -80 39.93701 19.90551
4 16 -2.123825 35.45701 19.90551 2.123825 35.45701 19.90551 2.123825 37.76 19.90551 -2.123825 37.76 19.90551
2 24 2.123825 35.45701 19.90551 2.123825 37.76 19.90551
2 24 -2.123825 37.76 19.90551 -2.123825 35.45701 19.90551
3 16 -2.123825 37.76 19.90551 2.123825 37.76 19.90551 -80 39.93701 19.90551
3 16 -80 39.93701 19.90551 2.123825 37.76 19.90551 5.687198 37.76 19.90551
3 16 -80 39.93701 19.90551 5.687198 37.76 19.90551 26.3128 37.76 19.90551
3 16 61.87617 37.76 19.90551 66.12382 37.76 19.90551 80 39.93701 19.90551
3 16 61.87617 37.76 19.90551 80 39.93701 19.90551 58.3128 37.76 19.90551
3 16 58.3128 37.76 19.90551 80 39.93701 19.90551 -80 39.93701 19.90551
2 24 -80 39.93701 19.90551 80 39.93701 19.90551
3 16 58.3128 37.76 19.90551 -80 39.93701 19.90551 37.6872 37.76 19.90551
3 16 37.6872 37.76 19.90551 -80 39.93701 19.90551 34.12382 37.76 19.90551

4 16 -29.87617 37.76 44.09449 -29.87617 35.45701 44.09449 -34.12382 35.45701 44.09449 -34.12382 37.76 44.09449
2 24 -29.87617 35.45701 44.09449 -29.87617 37.76 44.09449
2 24 -34.12382 35.45701 44.09449 -34.12382 37.76 44.09449
4 16 80 35.45701 44.09449 69.6872 35.45701 44.09449 69.6872 37.76 44.09449 80 39.93701 44.09449
2 24 69.6872 35.45701 44.09449 69.6872 37.76 44.09449
3 16 80 39.93701 44.09449 69.6872 37.76 44.09449 66.12382 37.76 44.09449
4 16 66.12382 35.45701 44.09449 61.87617 35.45701 44.09449 61.87617 37.76 44.09449 66.12382 37.76 44.09449
2 24 61.87617 35.45701 44.09449 61.87617 37.76 44.09449
2 24 66.12382 35.45701 44.09449 66.12382 37.76 44.09449
3 16 66.12382 37.76 44.09449 61.87617 37.76 44.09449 80 39.93701 44.09449
3 16 80 39.93701 44.09449 61.87617 37.76 44.09449 58.3128 37.76 44.09449
3 16 80 39.93701 44.09449 -34.12382 37.76 44.09449 -37.6872 37.76 44.09449
4 16 -61.87617 35.45701 44.09449 -66.12382 35.45701 44.09449 -66.12382 37.76 44.09449 -61.87617 37.76 44.09449
2 24 -66.12382 35.45701 44.09449 -66.12382 37.76 44.09449
2 24 -61.87617 35.45701 44.09449 -61.87617 37.76 44.09449
4 16 -37.6872 35.45701 44.09449 -58.3128 35.45701 44.09449 -58.3128 37.76 44.09449 -37.6872 37.76 44.09449
2 24 -58.3128 35.45701 44.09449 -58.3128 37.76 44.09449
2 24 -37.6872 37.76 44.09449 -37.6872 35.45701 44.09449
3 16 -37.6872 37.76 44.09449 -58.3128 37.76 44.09449 80 39.93701 44.09449
4 16 58.3128 35.45701 44.09449 37.6872 35.45701 44.09449 37.6872 37.76 44.09449 58.3128 37.76 44.09449
2 24 37.6872 35.45701 44.09449 37.6872 37.76 44.09449
2 24 58.3128 37.76 44.09449 58.3128 35.45701 44.09449
3 16 58.3128 37.76 44.09449 37.6872 37.76 44.09449 80 39.93701 44.09449
3 16 80 39.93701 44.09449 37.6872 37.76 44.09449 34.12382 37.76 44.09449
4 16 34.12382 35.45701 44.09449 29.87617 35.45701 44.09449 29.87617 37.76 44.09449 34.12382 37.76 44.09449
2 24 29.87617 35.45701 44.09449 29.87617 37.76 44.09449
2 24 34.12382 35.45701 44.09449 34.12382 37.76 44.09449
3 16 34.12382 37.76 44.09449 29.87617 37.76 44.09449 80 39.93701 44.09449
3 16 80 39.93701 44.09449 29.87617 37.76 44.09449 26.3128 37.76 44.09449
4 16 26.3128 35.45701 44.09449 5.687198 35.45701 44.09449 5.687198 37.76 44.09449 26.3128 37.76 44.09449
2 24 5.687198 35.45701 44.09449 5.687198 37.76 44.09449
2 24 26.3128 37.76 44.09449 26.3128 35.45701 44.09449
3 16 26.3128 37.76 44.09449 5.687198 37.76 44.09449 80 39.93701 44.09449
3 16 80 39.93701 44.09449 5.687198 37.76 44.09449 2.123825 37.76 44.09449
4 16 2.123825 35.45701 44.09449 -2.123825 35.45701 44.09449 -2.123825 37.76 44.09449 2.123825 37.76 44.09449
2 24 -2.123825 35.45701 44.09449 -2.123825 37.76 44.09449
2 24 2.123825 35.45701 44.09449 2.123825 37.76 44.09449
3 16 2.123825 37.76 44.09449 -2.123825 37.76 44.09449 80 39.93701 44.09449
3 16 80 39.93701 44.09449 -2.123825 37.76 44.09449 -5.687198 37.76 44.09449
4 16 -5.687198 35.45701 44.09449 -26.3128 35.45701 44.09449 -26.3128 37.76 44.09449 -5.687198 37.76 44.09449
2 24 -26.3128 35.45701 44.09449 -26.3128 37.76 44.09449
2 24 -5.687198 37.76 44.09449 -5.687198 35.45701 44.09449
3 16 -5.687198 37.76 44.09449 -26.3128 37.76 44.09449 80 39.93701 44.09449
3 16 80 39.93701 44.09449 -26.3128 37.76 44.09449 -29.87617 37.76 44.09449
3 16 80 39.93701 44.09449 -29.87617 37.76 44.09449 -34.12382 37.76 44.09449
4 16 -69.6872 35.45701 44.09449 -80 35.45701 44.09449 -80 39.93701 44.09449 -69.6872 37.76 44.09449
2 24 -69.6872 37.76 44.09449 -69.6872 35.45701 44.09449
3 16 -69.6872 37.76 44.09449 -80 39.93701 44.09449 -66.12382 37.76 44.09449
3 16 -66.12382 37.76 44.09449 -80 39.93701 44.09449 80 39.93701 44.09449
2 24 80 39.93701 44.09449 -80 39.93701 44.09449
3 16 -66.12382 37.76 44.09449 80 39.93701 44.09449 -61.87617 37.76 44.09449
3 16 -61.87617 37.76 44.09449 80 39.93701 44.09449 -58.3128 37.76 44.09449

4 16 -80 39.93701 -44.09449 -80 39.93701 -47.87401 -82.75649 39.93701 -47.63285 -82.10018 39.93701 -43.91075
2 24 -82.75649 39.93701 -47.63285 -80 39.93701 -47.87401
2 24 -82.10018 39.93701 -43.91075 -80 39.93701 -44.09449
4 16 -82.10018 39.93701 -43.91075 -82.75649 39.93701 -47.63285 -85.42923 39.93701 -46.91669 -84.13656 39.93701 -43.3651
2 24 -85.42923 39.93701 -46.91669 -82.75649 39.93701 -47.63285
2 24 -84.13656 39.93701 -43.3651 -82.10018 39.93701 -43.91075
4 16 -84.13656 39.93701 -43.3651 -85.42923 39.93701 -46.91669 -87.937 39.93701 -45.7473 -86.04724 39.93701 -42.47413
2 24 -87.937 39.93701 -45.7473 -85.42923 39.93701 -46.91669
2 24 -86.04724 39.93701 -42.47413 -84.13656 39.93701 -43.3651
4 16 -86.04724 39.93701 -42.47413 -87.937 39.93701 -45.7473 -90.20362 39.93701 -44.1602 -87.77419 39.93701 -41.26491
2 24 -90.20362 39.93701 -44.1602 -87.937 39.93701 -45.7473
2 24 -87.77419 39.93701 -41.26491 -86.04724 39.93701 -42.47413
4 16 -87.77419 39.93701 -41.26491 -90.20362 39.93701 -44.1602 -92.1602 39.93701 -42.20362 -89.26491 39.93701 -39.77419
2 24 -92.1602 39.93701 -42.20362 -90.20362 39.93701 -44.1602
2 24 -89.26491 39.93701 -39.77419 -87.77419 39.93701 -41.26491
4 16 -89.26491 39.93701 -39.77419 -92.1602 39.93701 -42.20362 -93.7473 39.93701 -39.93701 -90.47414 39.93701 -38.04724
2 24 -93.7473 39.93701 -39.93701 -92.1602 39.93701 -42.20362
2 24 -90.47414 39.93701 -38.04724 -89.26491 39.93701 -39.77419
4 16 -90.47414 39.93701 -38.04724 -93.7473 39.93701 -39.93701 -94.91669 39.93701 -37.42923 -91.3651 39.93701 -36.13656
2 24 -94.91669 39.93701 -37.42923 -93.7473 39.93701 -39.93701
2 24 -91.3651 39.93701 -36.13656 -90.47414 39.93701 -38.04724
4 16 -91.3651 39.93701 -36.13656 -94.91669 39.93701 -37.42923 -95.63285 39.93701 -34.75649 -91.91074 39.93701 -34.10019
2 24 -95.63285 39.93701 -34.75649 -94.91669 39.93701 -37.42923
2 24 -91.91074 39.93701 -34.10019 -91.3651 39.93701 -36.13656
4 16 -91.91074 39.93701 -34.10019 -95.63285 39.93701 -34.75649 -95.87401 39.93701 -32 -92.09449 39.93701 -32
2 24 -95.87401 39.93701 -32 -95.63285 39.93701 -34.75649
2 24 -92.09449 39.93701 -32 -91.91074 39.93701 -34.10019
4 16 -92.09449 39.93701 -32 -95.87401 39.93701 -32 -95.63285 39.93701 -29.24351 -91.91074 39.93701 -29.89981
2 24 -95.87401 39.93701 -32 -95.63285 39.93701 -29.24351
2 24 -91.91074 39.93701 -29.89981 -92.09449 39.93701 -32
4 16 -91.91074 39.93701 -29.89981 -95.63285 39.93701 -29.24351 -94.91669 39.93701 -26.57077 -91.3651 39.93701 -27.86344
2 24 -95.63285 39.93701 -29.24351 -94.91669 39.93701 -26.57077
2 24 -91.3651 39.93701 -27.86344 -91.91074 39.93701 -29.89981
4 16 -91.3651 39.93701 -27.86344 -94.91669 39.93701 -26.57077 -93.7473 39.93701 -24.06299 -90.47414 39.93701 -25.95276
2 24 -94.91669 39.93701 -26.57077 -93.7473 39.93701 -24.06299
2 24 -90.47414 39.93701 -25.95276 -91.3651 39.93701 -27.86344
4 16 -90.47414 39.93701 -25.95276 -93.7473 39.93701 -24.06299 -92.1602 39.93701 -21.79638 -89.26491 39.93701 -24.22581
2 24 -93.7473 39.93701 -24.06299 -92.1602 39.93701 -21.79638
2 24 -89.26491 39.93701 -24.22581 -90.47414 39.93701 -25.95276
4 16 -89.26491 39.93701 -24.22581 -92.1602 39.93701 -21.79638 -90.20362 39.93701 -19.8398 -87.77419 39.93701 -22.73508
2 24 -92.1602 39.93701 -21.79638 -90.20362 39.93701 -19.8398
2 24 -87.77419 39.93701 -22.73508 -89.26491 39.93701 -24.22581
4 16 -87.77419 39.93701 -22.73508 -90.20362 39.93701 -19.8398 -87.937 39.93701 -18.2527 -86.04724 39.93701 -21.52587
2 24 -90.20362 39.93701 -19.8398 -87.937 39.93701 -18.2527
2 24 -86.04724 39.93701 -21.52587 -87.77419 39.93701 -22.73508
4 16 -86.04724 39.93701 -21.52587 -87.937 39.93701 -18.2527 -85.42923 39.93701 -17.0833 -84.13656 39.93701 -20.6349
2 24 -87.937 39.93701 -18.2527 -85.42923 39.93701 -17.0833
2 24 -84.13656 39.93701 -20.6349 -86.04724 39.93701 -21.52587
4 16 -84.13656 39.93701 -20.6349 -85.42923 39.93701 -17.0833 -82.75649 39.93701 -16.36715 -82.10018 39.93701 -20.08925
2 24 -85.42923 39.93701 -17.0833 -82.75649 39.93701 -16.36715
2 24 -82.10018 39.93701 -20.08925 -84.13656 39.93701 -20.6349
4 16 -82.10018 39.93701 -20.08925 -82.75649 39.93701 -16.36715 -80 39.93701 -16.12598 -80 39.93701 -19.90551
2 24 -82.75649 39.93701 -16.36715 -80 39.93701 -16.12598
2 24 -80 39.93701 -19.90551 -82.10018 39.93701 -20.08925
4 16 -80 39.93701 -19.90551 -80 39.93701 -16.12598 80 39.93701 -16.12598 80 39.93701 -19.90551
2 24 -80 39.93701 -16.12598 80 39.93701 -16.12598
4 16 80 39.93701 -19.90551 80 39.93701 -16.12598 82.75649 39.93701 -16.36715 82.10018 39.93701 -20.08925
2 24 82.75649 39.93701 -16.36715 80 39.93701 -16.12598
2 24 82.10018 39.93701 -20.08925 80 39.93701 -19.90551
4 16 82.10018 39.93701 -20.08925 82.75649 39.93701 -16.36715 85.42923 39.93701 -17.0833 84.13656 39.93701 -20.6349
2 24 85.42923 39.93701 -17.0833 82.75649 39.93701 -16.36715
2 24 84.13656 39.93701 -20.6349 82.10018 39.93701 -20.08925
4 16 84.13656 39.93701 -20.6349 85.42923 39.93701 -17.0833 87.937 39.93701 -18.2527 86.04724 39.93701 -21.52587
2 24 87.937 39.93701 -18.2527 85.42923 39.93701 -17.0833
2 24 86.04724 39.93701 -21.52587 84.13656 39.93701 -20.6349
4 16 86.04724 39.93701 -21.52587 87.937 39.93701 -18.2527 90.20362 39.93701 -19.8398 87.77419 39.93701 -22.73508
2 24 90.20362 39.93701 -19.8398 87.937 39.93701 -18.2527
2 24 87.77419 39.93701 -22.73508 86.04724 39.93701 -21.52587
4 16 87.77419 39.93701 -22.73508 90.20362 39.93701 -19.8398 92.1602 39.93701 -21.79638 89.26491 39.93701 -24.22581
2 24 92.1602 39.93701 -21.79638 90.20362 39.93701 -19.8398
2 24 89.26491 39.93701 -24.22581 87.77419 39.93701 -22.73508
4 16 89.26491 39.93701 -24.22581 92.1602 39.93701 -21.79638 93.7473 39.93701 -24.06299 90.47414 39.93701 -25.95276
2 24 93.7473 39.93701 -24.06299 92.1602 39.93701 -21.79638
2 24 90.47414 39.93701 -25.95276 89.26491 39.93701 -24.22581
4 16 90.47414 39.93701 -25.95276 93.7473 39.93701 -24.06299 94.91669 39.93701 -26.57077 91.3651 39.93701 -27.86344
2 24 94.91669 39.93701 -26.57077 93.7473 39.93701 -24.06299
2 24 91.3651 39.93701 -27.86344 90.47414 39.93701 -25.95276
4 16 91.3651 39.93701 -27.86344 94.91669 39.93701 -26.57077 95.63285 39.93701 -29.24351 91.91074 39.93701 -29.89981
2 24 95.63285 39.93701 -29.24351 94.91669 39.93701 -26.57077
2 24 91.91074 39.93701 -29.89981 91.3651 39.93701 -27.86344
4 16 91.91074 39.93701 -29.89981 95.63285 39.93701 -29.24351 95.87401 39.93701 -32 92.09449 39.93701 -32
2 24 95.87401 39.93701 -32 95.63285 39.93701 -29.24351
2 24 92.09449 39.93701 -32 91.91074 39.93701 -29.89981
4 16 92.09449 39.93701 -32 95.87401 39.93701 -32 95.63285 39.93701 -34.75649 91.91074 39.93701 -34.10019
2 24 95.63285 39.93701 -34.75649 95.87401 39.93701 -32
2 24 91.91074 39.93701 -34.10019 92.09449 39.93701 -32
4 16 91.91074 39.93701 -34.10019 95.63285 39.93701 -34.75649 94.91669 39.93701 -37.42923 91.3651 39.93701 -36.13656
2 24 94.91669 39.93701 -37.42923 95.63285 39.93701 -34.75649
2 24 91.3651 39.93701 -36.13656 91.91074 39.93701 -34.10019
4 16 91.3651 39.93701 -36.13656 94.91669 39.93701 -37.42923 93.7473 39.93701 -39.93701 90.47414 39.93701 -38.04724
2 24 93.7473 39.93701 -39.93701 94.91669 39.93701 -37.42923
2 24 90.47414 39.93701 -38.04724 91.3651 39.93701 -36.13656
4 16 90.47414 39.93701 -38.04724 93.7473 39.93701 -39.93701 92.1602 39.93701 -42.20362 89.26491 39.93701 -39.77419
2 24 92.1602 39.93701 -42.20362 93.7473 39.93701 -39.93701
2 24 89.26491 39.93701 -39.77419 90.47414 39.93701 -38.04724
4 16 89.26491 39.93701 -39.77419 92.1602 39.93701 -42.20362 90.20362 39.93701 -44.1602 87.77419 39.93701 -41.26491
2 24 90.20362 39.93701 -44.1602 92.1602 39.93701 -42.20362
2 24 87.77419 39.93701 -41.26491 89.26491 39.93701 -39.77419
4 16 87.77419 39.93701 -41.26491 90.20362 39.93701 -44.1602 87.937 39.93701 -45.7473 86.04724 39.93701 -42.47413
2 24 87.937 39.93701 -45.7473 90.20362 39.93701 -44.1602
2 24 86.04724 39.93701 -42.47413 87.77419 39.93701 -41.26491
4 16 86.04724 39.93701 -42.47413 87.937 39.93701 -45.7473 85.42923 39.93701 -46.91669 84.13656 39.93701 -43.3651
2 24 85.42923 39.93701 -46.91669 87.937 39.93701 -45.7473
2 24 84.13656 39.93701 -43.3651 86.04724 39.93701 -42.47413
4 16 84.13656 39.93701 -43.3651 85.42923 39.93701 -46.91669 82.75649 39.93701 -47.63285 82.10018 39.93701 -43.91075
2 24 82.75649 39.93701 -47.63285 85.42923 39.93701 -46.91669
2 24 82.10018 39.93701 -43.91075 84.13656 39.93701 -43.3651
4 16 82.10018 39.93701 -43.91075 82.75649 39.93701 -47.63285 80 39.93701 -47.87401 80 39.93701 -44.09449
2 24 80 39.93701 -47.87401 82.75649 39.93701 -47.63285
2 24 80 39.93701 -44.09449 82.10018 39.93701 -43.91075
4 16 80 39.93701 -44.09449 80 39.93701 -47.87401 -80 39.93701 -47.87401 -80 39.93701 -44.09449
2 24 -80 39.93701 -47.87401 80 39.93701 -47.87401

3 16 -53.41732 24.06299 -47.87401 -80 24.06299 -47.87401 -80 39.93701 -47.87401
3 16 80 39.93701 -47.87401 80 24.06299 -47.87401 53.41732 24.06299 -47.87401
4 16 51.6846 14.23622 -47.87401 -51.6846 14.23622 -47.87401 -53.41732 24.06299 -47.87401 53.41732 24.06299 -47.87401
4 16 53.41732 24.06299 -47.87401 -53.41732 24.06299 -47.87401 -80 39.93701 -47.87401 80 39.93701 -47.87401

4 16 80 39.93701 19.90551 80 39.93701 16.12598 -80 39.93701 16.12598 -80 39.93701 19.90551
2 24 80 39.93701 16.12598 -80 39.93701 16.12598
4 16 -80 39.93701 19.90551 -80 39.93701 16.12598 -82.75649 39.93701 16.36715 -82.10018 39.93701 20.08925
2 24 -80 39.93701 16.12598 -82.75649 39.93701 16.36715
2 24 -82.10018 39.93701 20.08925 -80 39.93701 19.90551
4 16 -82.10018 39.93701 20.08925 -82.75649 39.93701 16.36715 -85.42923 39.93701 17.0833 -84.13656 39.93701 20.6349
2 24 -82.75649 39.93701 16.36715 -85.42923 39.93701 17.0833
2 24 -84.13656 39.93701 20.6349 -82.10018 39.93701 20.08925
4 16 -84.13656 39.93701 20.6349 -85.42923 39.93701 17.0833 -87.937 39.93701 18.2527 -86.04724 39.93701 21.52587
2 24 -85.42923 39.93701 17.0833 -87.937 39.93701 18.2527
2 24 -86.04724 39.93701 21.52587 -84.13656 39.93701 20.6349
4 16 -86.04724 39.93701 21.52587 -87.937 39.93701 18.2527 -90.20362 39.93701 19.8398 -87.77419 39.93701 22.73508
2 24 -87.937 39.93701 18.2527 -90.20362 39.93701 19.8398
2 24 -87.77419 39.93701 22.73508 -86.04724 39.93701 21.52587
4 16 -87.77419 39.93701 22.73508 -90.20362 39.93701 19.8398 -92.1602 39.93701 21.79638 -89.26491 39.93701 24.22581
2 24 -90.20362 39.93701 19.8398 -92.1602 39.93701 21.79638
2 24 -89.26491 39.93701 24.22581 -87.77419 39.93701 22.73508
4 16 -89.26491 39.93701 24.22581 -92.1602 39.93701 21.79638 -93.7473 39.93701 24.06299 -90.47414 39.93701 25.95276
2 24 -92.1602 39.93701 21.79638 -93.7473 39.93701 24.06299
2 24 -90.47414 39.93701 25.95276 -89.26491 39.93701 24.22581
4 16 -90.47414 39.93701 25.95276 -93.7473 39.93701 24.06299 -94.91669 39.93701 26.57077 -91.3651 39.93701 27.86344
2 24 -93.7473 39.93701 24.06299 -94.91669 39.93701 26.57077
2 24 -91.3651 39.93701 27.86344 -90.47414 39.93701 25.95276
4 16 -91.3651 39.93701 27.86344 -94.91669 39.93701 26.57077 -95.63285 39.93701 29.24351 -91.91074 39.93701 29.89981
2 24 -94.91669 39.93701 26.57077 -95.63285 39.93701 29.24351
2 24 -91.91074 39.93701 29.89981 -91.3651 39.93701 27.86344
4 16 -91.91074 39.93701 29.89981 -95.63285 39.93701 29.24351 -95.87401 39.93701 32 -92.09449 39.93701 32
2 24 -95.63285 39.93701 29.24351 -95.87401 39.93701 32
2 24 -92.09449 39.93701 32 -91.91074 39.93701 29.89981
4 16 -92.09449 39.93701 32 -95.87401 39.93701 32 -95.63285 39.93701 34.75649 -91.91074 39.93701 34.10019
2 24 -95.63285 39.93701 34.75649 -95.87401 39.93701 32
2 24 -91.91074 39.93701 34.10019 -92.09449 39.93701 32
4 16 -91.91074 39.93701 34.10019 -95.63285 39.93701 34.75649 -94.91669 39.93701 37.42923 -91.3651 39.93701 36.13656
2 24 -94.91669 39.93701 37.42923 -95.63285 39.93701 34.75649
2 24 -91.3651 39.93701 36.13656 -91.91074 39.93701 34.10019
4 16 -91.3651 39.93701 36.13656 -94.91669 39.93701 37.42923 -93.7473 39.93701 39.93701 -90.47414 39.93701 38.04724
2 24 -93.7473 39.93701 39.93701 -94.91669 39.93701 37.42923
2 24 -90.47414 39.93701 38.04724 -91.3651 39.93701 36.13656
4 16 -90.47414 39.93701 38.04724 -93.7473 39.93701 39.93701 -92.1602 39.93701 42.20362 -89.26491 39.93701 39.77419
2 24 -92.1602 39.93701 42.20362 -93.7473 39.93701 39.93701
2 24 -89.26491 39.93701 39.77419 -90.47414 39.93701 38.04724
4 16 -89.26491 39.93701 39.77419 -92.1602 39.93701 42.20362 -90.20362 39.93701 44.1602 -87.77419 39.93701 41.26491
2 24 -90.20362 39.93701 44.1602 -92.1602 39.93701 42.20362
2 24 -87.77419 39.93701 41.26491 -89.26491 39.93701 39.77419
4 16 -87.77419 39.93701 41.26491 -90.20362 39.93701 44.1602 -87.937 39.93701 45.7473 -86.04724 39.93701 42.47413
2 24 -87.937 39.93701 45.7473 -90.20362 39.93701 44.1602
2 24 -86.04724 39.93701 42.47413 -87.77419 39.93701 41.26491
4 16 -86.04724 39.93701 42.47413 -87.937 39.93701 45.7473 -85.42923 39.93701 46.91669 -84.13656 39.93701 43.3651
2 24 -85.42923 39.93701 46.91669 -87.937 39.93701 45.7473
2 24 -84.13656 39.93701 43.3651 -86.04724 39.93701 42.47413
4 16 -84.13656 39.93701 43.3651 -85.42923 39.93701 46.91669 -82.75649 39.93701 47.63285 -82.10018 39.93701 43.91075
2 24 -82.75649 39.93701 47.63285 -85.42923 39.93701 46.91669
2 24 -82.10018 39.93701 43.91075 -84.13656 39.93701 43.3651
4 16 -82.10018 39.93701 43.91075 -82.75649 39.93701 47.63285 -80 39.93701 47.87401 -80 39.93701 44.09449
2 24 -80 39.93701 47.87401 -82.75649 39.93701 47.63285
2 24 -80 39.93701 44.09449 -82.10018 39.93701 43.91075
4 16 -80 39.93701 44.09449 -80 39.93701 47.87401 80 39.93701 47.87401 80 39.93701 44.09449
2 24 80 39.93701 47.87401 -80 39.93701 47.87401
4 16 80 39.93701 44.09449 80 39.93701 47.87401 82.75649 39.93701 47.63285 82.10018 39.93701 43.91075
2 24 82.75649 39.93701 47.63285 80 39.93701 47.87401
2 24 82.10018 39.93701 43.91075 80 39.93701 44.09449
4 16 82.10018 39.93701 43.91075 82.75649 39.93701 47.63285 85.42923 39.93701 46.91669 84.13656 39.93701 43.3651
2 24 85.42923 39.93701 46.91669 82.75649 39.93701 47.63285
2 24 84.13656 39.93701 43.3651 82.10018 39.93701 43.91075
4 16 84.13656 39.93701 43.3651 85.42923 39.93701 46.91669 87.937 39.93701 45.7473 86.04724 39.93701 42.47413
2 24 87.937 39.93701 45.7473 85.42923 39.93701 46.91669
2 24 86.04724 39.93701 42.47413 84.13656 39.93701 43.3651
4 16 86.04724 39.93701 42.47413 87.937 39.93701 45.7473 90.20362 39.93701 44.1602 87.77419 39.93701 41.26491
2 24 90.20362 39.93701 44.1602 87.937 39.93701 45.7473
2 24 87.77419 39.93701 41.26491 86.04724 39.93701 42.47413
4 16 87.77419 39.93701 41.26491 90.20362 39.93701 44.1602 92.1602 39.93701 42.20362 89.26491 39.93701 39.77419
2 24 92.1602 39.93701 42.20362 90.20362 39.93701 44.1602
2 24 89.26491 39.93701 39.77419 87.77419 39.93701 41.26491
4 16 89.26491 39.93701 39.77419 92.1602 39.93701 42.20362 93.7473 39.93701 39.93701 90.47414 39.93701 38.04724
2 24 93.7473 39.93701 39.93701 92.1602 39.93701 42.20362
2 24 90.47414 39.93701 38.04724 89.26491 39.93701 39.77419
4 16 90.47414 39.93701 38.04724 93.7473 39.93701 39.93701 94.91669 39.93701 37.42923 91.3651 39.93701 36.13656
2 24 94.91669 39.93701 37.42923 93.7473 39.93701 39.93701
2 24 91.3651 39.93701 36.13656 90.47414 39.93701 38.04724
4 16 91.3651 39.93701 36.13656 94.91669 39.93701 37.42923 95.63285 39.93701 34.75649 91.91074 39.93701 34.10019
2 24 95.63285 39.93701 34.75649 94.91669 39.93701 37.42923
2 24 91.91074 39.93701 34.10019 91.3651 39.93701 36.13656
4 16 91.91074 39.93701 34.10019 95.63285 39.93701 34.75649 95.87401 39.93701 32 92.09449 39.93701 32
2 24 95.87401 39.93701 32 95.63285 39.93701 34.75649
2 24 92.09449 39.93701 32 91.91074 39.93701 34.10019
4 16 92.09449 39.93701 32 95.87401 39.93701 32 95.63285 39.93701 29.24351 91.91074 39.93701 29.89981
2 24 95.63285 39.93701 29.24351 95.87401 39.93701 32
2 24 91.91074 39.93701 29.89981 92.09449 39.93701 32
4 16 91.91074 39.93701 29.89981 95.63285 39.93701 29.24351 94.91669 39.93701 26.57077 91.3651 39.93701 27.86344
2 24 94.91669 39.93701 26.57077 95.63285 39.93701 29.24351
2 24 91.3651 39.93701 27.86344 91.91074 39.93701 29.89981
4 16 91.3651 39.93701 27.86344 94.91669 39.93701 26.57077 93.7473 39.93701 24.06299 90.47414 39.93701 25.95276
2 24 93.7473 39.93701 24.06299 94.91669 39.93701 26.57077
2 24 90.47414 39.93701 25.95276 91.3651 39.93701 27.86344
4 16 90.47414 39.93701 25.95276 93.7473 39.93701 24.06299 92.1602 39.93701 21.79638 89.26491 39.93701 24.22581
2 24 92.1602 39.93701 21.79638 93.7473 39.93701 24.06299
2 24 89.26491 39.93701 24.22581 90.47414 39.93701 25.95276
4 16 89.26491 39.93701 24.22581 92.1602 39.93701 21.79638 90.20362 39.93701 19.8398 87.77419 39.93701 22.73508
2 24 90.20362 39.93701 19.8398 92.1602 39.93701 21.79638
2 24 87.77419 39.93701 22.73508 89.26491 39.93701 24.22581
4 16 87.77419 39.93701 22.73508 90.20362 39.93701 19.8398 87.937 39.93701 18.2527 86.04724 39.93701 21.52587
2 24 87.937 39.93701 18.2527 90.20362 39.93701 19.8398
2 24 86.04724 39.93701 21.52587 87.77419 39.93701 22.73508
4 16 86.04724 39.93701 21.52587 87.937 39.93701 18.2527 85.42923 39.93701 17.0833 84.13656 39.93701 20.6349
2 24 85.42923 39.93701 17.0833 87.937 39.93701 18.2527
2 24 84.13656 39.93701 20.6349 86.04724 39.93701 21.52587
4 16 84.13656 39.93701 20.6349 85.42923 39.93701 17.0833 82.75649 39.93701 16.36715 82.10018 39.93701 20.08925
2 24 82.75649 39.93701 16.36715 85.42923 39.93701 17.0833
2 24 82.10018 39.93701 20.08925 84.13656 39.93701 20.6349
4 16 82.10018 39.93701 20.08925 82.75649 39.93701 16.36715 80 39.93701 16.12598 80 39.93701 19.90551
2 24 80 39.93701 16.12598 82.75649 39.93701 16.36715
2 24 80 39.93701 19.90551 82.10018 39.93701 20.08925

4 16 80 39.93701 47.87401 -80 39.93701 47.87401 -53.41732 24.06299 47.87401 53.41732 24.06299 47.87401
3 16 -53.41732 24.06299 47.87401 -80 39.93701 47.87401 -80 24.06299 47.87401
3 16 80 24.06299 47.87401 80 39.93701 47.87401 53.41732 24.06299 47.87401
4 16 53.41732 24.06299 47.87401 -53.41732 24.06299 47.87401 -51.6846 14.23622 47.87401 51.6846 14.23622 47.87401

3 16 -95.87401 37.41732 32 -95.87401 24.06299 32 -95.63285 24.06299 34.75649
4 16 -95.63285 39.93701 34.75649 -95.87401 39.93701 32 -95.87401 37.41732 32 -95.63285 24.06299 34.75649

3 16 82.75649 37.41732 -16.36715 80 37.41732 -16.12598 85.79528 37.41732 -12.59843
2 24 80 37.41732 -16.12598 82.75649 37.41732 -16.36715
3 16 -95.63285 37.41732 -29.24351 -95.87401 37.41732 -32 -95.87401 37.41732 32
2 24 -95.63285 37.41732 -29.24351 -95.87401 37.41732 -32
2 24 -95.87401 37.41732 32 -95.87401 37.41732 -32
3 16 -95.63285 37.41732 -29.24351 -95.87401 37.41732 32 -94.91669 37.41732 -26.57077
2 24 -94.91669 37.41732 -26.57077 -95.63285 37.41732 -29.24351
3 16 95.87401 37.41732 32 95.87401 37.41732 15.29902 95.63285 37.41732 29.24351
2 24 95.87401 37.41732 15.29902 95.87401 37.41732 32
2 24 95.87401 37.41732 32 95.63285 37.41732 29.24351
3 16 95.63285 37.41732 29.24351 95.87401 37.41732 15.29902 94.91669 37.41732 26.57077
2 24 95.63285 37.41732 29.24351 94.91669 37.41732 26.57077
3 16 95.87401 37.41732 -15.29902 95.87401 37.41732 -32 95.63285 37.41732 -29.24351
2 24 95.87401 37.41732 -32 95.87401 37.41732 -15.29902
2 24 95.63285 37.41732 -29.24351 95.87401 37.41732 -32
3 16 95.63285 37.41732 -29.24351 94.91669 37.41732 -26.57077 95.87401 37.41732 -15.29902
2 24 94.91669 37.41732 -26.57077 95.63285 37.41732 -29.24351
3 16 95.87401 37.41732 -15.29902 94.91669 37.41732 -26.57077 93.7473 37.41732 -24.06299
2 24 93.7473 37.41732 -24.06299 94.91669 37.41732 -26.57077
3 16 95.87401 37.41732 -15.29902 93.7473 37.41732 -24.06299 92.1602 37.41732 -21.79638
2 24 92.1602 37.41732 -21.79638 93.7473 37.41732 -24.06299
3 16 90.20362 37.41732 19.8398 92.1602 37.41732 21.79638 95.87401 37.41732 15.29902
2 24 92.1602 37.41732 21.79638 90.20362 37.41732 19.8398
3 16 95.87401 37.41732 15.29902 92.1602 37.41732 21.79638 93.7473 37.41732 24.06299
2 24 93.7473 37.41732 24.06299 92.1602 37.41732 21.79638
3 16 95.87401 37.41732 15.29902 93.7473 37.41732 24.06299 94.91669 37.41732 26.57077
2 24 94.91669 37.41732 26.57077 93.7473 37.41732 24.06299
3 16 80 37.41732 16.12598 82.75649 37.41732 16.36715 85.79528 37.41732 12.59843
2 24 82.75649 37.41732 16.36715 80 37.41732 16.12598
3 16 85.79528 37.41732 12.59843 82.75649 37.41732 16.36715 85.42923 37.41732 17.0833
2 24 85.42923 37.41732 17.0833 82.75649 37.41732 16.36715
4 16 85.79528 37.41732 12.59843 85.42923 37.41732 17.0833 87.937 37.41732 18.2527 95.87401 37.41732 15.29902
2 24 87.937 37.41732 18.2527 85.42923 37.41732 17.0833
2 24 85.79528 37.41732 12.59843 95.87401 37.41732 15.29902
3 16 95.87401 37.41732 15.29902 87.937 37.41732 18.2527 90.20362 37.41732 19.8398
2 24 90.20362 37.41732 19.8398 87.937 37.41732 18.2527
3 16 -87.937 37.41732 -18.2527 -95.63285 37.41732 29.24351 -85.42923 37.41732 -17.0833
2 24 -85.42923 37.41732 -17.0833 -87.937 37.41732 -18.2527
3 16 -85.42923 37.41732 -17.0833 -95.63285 37.41732 29.24351 -94.91669 37.41732 26.57077
2 24 -95.63285 37.41732 29.24351 -94.91669 37.41732 26.57077
3 16 -94.91669 37.41732 26.57077 -93.7473 37.41732 24.06299 -85.42923 37.41732 -17.0833
2 24 -94.91669 37.41732 26.57077 -93.7473 37.41732 24.06299
3 16 -85.42923 37.41732 -17.0833 -93.7473 37.41732 24.06299 -92.1602 37.41732 21.79638
2 24 -93.7473 37.41732 24.06299 -92.1602 37.41732 21.79638
3 16 -85.42923 37.41732 -17.0833 -92.1602 37.41732 21.79638 -90.20362 37.41732 19.8398
2 24 -92.1602 37.41732 21.79638 -90.20362 37.41732 19.8398
3 16 92.1602 37.41732 -21.79638 90.20362 37.41732 -19.8398 95.87401 37.41732 -15.29902
2 24 90.20362 37.41732 -19.8398 92.1602 37.41732 -21.79638
3 16 95.87401 37.41732 -15.29902 90.20362 37.41732 -19.8398 87.937 37.41732 -18.2527
2 24 87.937 37.41732 -18.2527 90.20362 37.41732 -19.8398
4 16 95.87401 37.41732 -15.29902 87.937 37.41732 -18.2527 85.42923 37.41732 -17.0833 85.79528 37.41732 -12.59843
2 24 85.42923 37.41732 -17.0833 87.937 37.41732 -18.2527
2 24 95.87401 37.41732 -15.29902 85.79528 37.41732 -12.59843
3 16 85.79528 37.41732 -12.59843 85.42923 37.41732 -17.0833 82.75649 37.41732 -16.36715
2 24 82.75649 37.41732 -16.36715 85.42923 37.41732 -17.0833
3 16 -90.20362 37.41732 19.8398 -87.937 37.41732 18.2527 -85.42923 37.41732 -17.0833
2 24 -90.20362 37.41732 19.8398 -87.937 37.41732 18.2527
3 16 -85.42923 37.41732 -17.0833 -87.937 37.41732 18.2527 -85.42923 37.41732 17.0833
2 24 -87.937 37.41732 18.2527 -85.42923 37.41732 17.0833
4 16 -85.42923 37.41732 -17.0833 -85.42923 37.41732 17.0833 -82.75649 37.41732 16.36715 -82.75649 37.41732 -16.36715
2 24 -85.42923 37.41732 17.0833 -82.75649 37.41732 16.36715
2 24 -82.75649 37.41732 -16.36715 -85.42923 37.41732 -17.0833
3 16 -87.937 37.41732 -18.2527 -90.20362 37.41732 -19.8398 -95.63285 37.41732 29.24351
2 24 -87.937 37.41732 -18.2527 -90.20362 37.41732 -19.8398
3 16 -95.63285 37.41732 29.24351 -90.20362 37.41732 -19.8398 -92.1602 37.41732 -21.79638
2 24 -90.20362 37.41732 -19.8398 -92.1602 37.41732 -21.79638
3 16 -95.63285 37.41732 29.24351 -92.1602 37.41732 -21.79638 -95.87401 37.41732 32
2 24 -95.87401 37.41732 32 -95.63285 37.41732 29.24351
3 16 -95.87401 37.41732 32 -92.1602 37.41732 -21.79638 -93.7473 37.41732 -24.06299
2 24 -92.1602 37.41732 -21.79638 -93.7473 37.41732 -24.06299
3 16 -95.87401 37.41732 32 -93.7473 37.41732 -24.06299 -94.91669 37.41732 -26.57077
2 24 -93.7473 37.41732 -24.06299 -94.91669 37.41732 -26.57077
4 16 85.79528 37.41732 12.59843 85.79528 37.41732 -12.59843 80 37.41732 -16.12598 80 37.41732 16.12598
2 24 85.79528 37.41732 -12.59843 85.79528 37.41732 12.59843
4 16 80 37.41732 16.12598 80 37.41732 -16.12598 -80 37.41732 -16.12598 -80 37.41732 16.12598
2 24 80 37.41732 -16.12598 -80 37.41732 -16.12598
2 24 -80 37.41732 16.12598 80 37.41732 16.12598
4 16 -80 37.41732 16.12598 -80 37.41732 -16.12598 -82.75649 37.41732 -16.36715 -82.75649 37.41732 16.36715
2 24 -80 37.41732 -16.12598 -82.75649 37.41732 -16.36715
2 24 -82.75649 37.41732 16.36715 -80 37.41732 16.12598

3 16 95.87401 37.41732 -32 95.87401 24.06299 -32 95.63285 24.06299 -34.75649
4 16 95.63285 39.93701 -34.75649 95.87401 39.93701 -32 95.87401 37.41732 -32 95.63285 24.06299 -34.75649

4 16 95.63285 24.06299 34.75649 95.87401 24.06299 32 95.87401 37.41732 32 95.63285 39.93701 34.75649
3 16 95.63285 39.93701 34.75649 95.87401 37.41732 32 95.87401 39.93701 32

3 16 -95.63285 24.06299 -34.75649 -95.87401 24.06299 32 -95.87401 37.41732 -32
3 16 -95.87401 37.41732 -32 -95.87401 24.06299 32 -95.87401 37.41732 32
4 16 80 39.93701 47.87401 80 24.06299 47.87401 82.75649 24.06299 47.63285 82.75649 39.93701 47.63285
4 16 82.75649 39.93701 47.63285 82.75649 24.06299 47.63285 85.42923 24.06299 46.91669 85.42923 39.93701 46.91669
4 16 85.42923 39.93701 46.91669 85.42923 24.06299 46.91669 87.937 24.06299 45.7473 87.937 39.93701 45.7473
4 16 87.937 39.93701 45.7473 87.937 24.06299 45.7473 90.20362 24.06299 44.1602 90.20362 39.93701 44.1602
4 16 90.20362 39.93701 44.1602 90.20362 24.06299 44.1602 92.1602 24.06299 42.20362 92.1602 39.93701 42.20362
4 16 92.1602 39.93701 42.20362 92.1602 24.06299 42.20362 93.7473 24.06299 39.93701 93.7473 39.93701 39.93701
4 16 93.7473 39.93701 39.93701 93.7473 24.06299 39.93701 94.91669 24.06299 37.42923 94.91669 39.93701 37.42923
4 16 94.91669 39.93701 37.42923 94.91669 24.06299 37.42923 95.63285 24.06299 34.75649 95.63285 39.93701 34.75649
4 16 95.87401 39.93701 32 95.87401 37.41732 32 95.63285 37.41732 29.24351 95.63285 39.93701 29.24351
4 16 95.63285 39.93701 29.24351 95.63285 37.41732 29.24351 94.91669 37.41732 26.57077 94.91669 39.93701 26.57077
4 16 94.91669 39.93701 26.57077 94.91669 37.41732 26.57077 93.7473 37.41732 24.06299 93.7473 39.93701 24.06299
4 16 93.7473 39.93701 24.06299 93.7473 37.41732 24.06299 92.1602 37.41732 21.79638 92.1602 39.93701 21.79638
4 16 92.1602 39.93701 21.79638 92.1602 37.41732 21.79638 90.20362 37.41732 19.8398 90.20362 39.93701 19.8398
4 16 90.20362 39.93701 19.8398 90.20362 37.41732 19.8398 87.937 37.41732 18.2527 87.937 39.93701 18.2527
4 16 87.937 39.93701 18.2527 87.937 37.41732 18.2527 85.42923 37.41732 17.0833 85.42923 39.93701 17.0833
4 16 85.42923 39.93701 17.0833 85.42923 37.41732 17.0833 82.75649 37.41732 16.36715 82.75649 39.93701 16.36715
4 16 82.75649 39.93701 16.36715 82.75649 37.41732 16.36715 80 37.41732 16.12598 80 39.93701 16.12598
4 16 95.87401 37.41732 15.29902 95.87401 37.41732 32 95.87401 24.06299 32 95.87401 24.06299 15.29902
2 24 95.87401 24.06299 15.29902 95.87401 37.41732 15.29902
4 16 95.87401 24.06299 15.29902 85.79528 24.06299 12.59843 85.79528 37.41732 12.59843 95.87401 37.41732 15.29902
2 24 85.79528 24.06299 12.59843 85.79528 37.41732 12.59843
4 16 85.79528 24.06299 12.59843 85.79528 24.06299 -12.59843 85.79528 37.41732 -12.59843 85.79528 37.41732 12.59843
2 24 85.79528 24.06299 -12.59843 85.79528 37.41732 -12.59843
4 16 95.87401 37.41732 -15.29902 85.79528 37.41732 -12.59843 85.79528 24.06299 -12.59843 95.87401 24.06299 -15.29902
2 24 95.87401 24.06299 -15.29902 95.87401 37.41732 -15.29902
4 16 95.87401 37.41732 -32 95.87401 37.41732 -15.29902 95.87401 24.06299 -15.29902 95.87401 24.06299 -32
4 16 95.87401 37.41732 -32 95.87401 39.93701 -32 95.63285 39.93701 -29.24351 95.63285 37.41732 -29.24351
4 16 95.63285 37.41732 -29.24351 95.63285 39.93701 -29.24351 94.91669 39.93701 -26.57077 94.91669 37.41732 -26.57077
4 16 94.91669 37.41732 -26.57077 94.91669 39.93701 -26.57077 93.7473 39.93701 -24.06299 93.7473 37.41732 -24.06299
4 16 93.7473 37.41732 -24.06299 93.7473 39.93701 -24.06299 92.1602 39.93701 -21.79638 92.1602 37.41732 -21.79638
4 16 92.1602 37.41732 -21.79638 92.1602 39.93701 -21.79638 90.20362 39.93701 -19.8398 90.20362 37.41732 -19.8398
4 16 90.20362 37.41732 -19.8398 90.20362 39.93701 -19.8398 87.937 39.93701 -18.2527 87.937 37.41732 -18.2527
4 16 87.937 37.41732 -18.2527 87.937 39.93701 -18.2527 85.42923 39.93701 -17.0833 85.42923 37.41732 -17.0833
4 16 85.42923 37.41732 -17.0833 85.42923 39.93701 -17.0833 82.75649 39.93701 -16.36715 82.75649 37.41732 -16.36715
4 16 82.75649 37.41732 -16.36715 82.75649 39.93701 -16.36715 80 39.93701 -16.12598 80 37.41732 -16.12598
4 16 95.63285 39.93701 -34.75649 95.63285 24.06299 -34.75649 94.91669 24.06299 -37.42923 94.91669 39.93701 -37.42923
4 16 94.91669 39.93701 -37.42923 94.91669 24.06299 -37.42923 93.7473 24.06299 -39.93701 93.7473 39.93701 -39.93701
4 16 93.7473 39.93701 -39.93701 93.7473 24.06299 -39.93701 92.1602 24.06299 -42.20362 92.1602 39.93701 -42.20362
4 16 92.1602 39.93701 -42.20362 92.1602 24.06299 -42.20362 90.20362 24.06299 -44.1602 90.20362 39.93701 -44.1602
4 16 90.20362 39.93701 -44.1602 90.20362 24.06299 -44.1602 87.937 24.06299 -45.7473 87.937 39.93701 -45.7473
4 16 87.937 39.93701 -45.7473 87.937 24.06299 -45.7473 85.42923 24.06299 -46.91669 85.42923 39.93701 -46.91669
4 16 85.42923 39.93701 -46.91669 85.42923 24.06299 -46.91669 82.75649 24.06299 -47.63285 82.75649 39.93701 -47.63285
4 16 82.75649 39.93701 -47.63285 82.75649 24.06299 -47.63285 80 24.06299 -47.87401 80 39.93701 -47.87401
4 16 -95.87401 37.41732 -32 -95.87401 39.93701 -32 -95.63285 39.93701 -34.75649 -95.63285 24.06299 -34.75649
4 16 -80 39.93701 -47.87401 -80 24.06299 -47.87401 -82.75649 24.06299 -47.63285 -82.75649 39.93701 -47.63285
4 16 -82.75649 39.93701 -47.63285 -82.75649 24.06299 -47.63285 -85.42923 24.06299 -46.91669 -85.42923 39.93701 -46.91669
4 16 -85.42923 39.93701 -46.91669 -85.42923 24.06299 -46.91669 -87.937 24.06299 -45.7473 -87.937 39.93701 -45.7473
4 16 -87.937 39.93701 -45.7473 -87.937 24.06299 -45.7473 -90.20362 24.06299 -44.1602 -90.20362 39.93701 -44.1602
4 16 -90.20362 39.93701 -44.1602 -90.20362 24.06299 -44.1602 -92.1602 24.06299 -42.20362 -92.1602 39.93701 -42.20362
4 16 -92.1602 39.93701 -42.20362 -92.1602 24.06299 -42.20362 -93.7473 24.06299 -39.93701 -93.7473 39.93701 -39.93701
4 16 -93.7473 39.93701 -39.93701 -93.7473 24.06299 -39.93701 -94.91669 24.06299 -37.42923 -94.91669 39.93701 -37.42923
4 16 -94.91669 39.93701 -37.42923 -94.91669 24.06299 -37.42923 -95.63285 24.06299 -34.75649 -95.63285 39.93701 -34.75649
4 16 -95.63285 39.93701 34.75649 -95.63285 24.06299 34.75649 -94.91669 24.06299 37.42923 -94.91669 39.93701 37.42923
4 16 -94.91669 39.93701 37.42923 -94.91669 24.06299 37.42923 -93.7473 24.06299 39.93701 -93.7473 39.93701 39.93701
4 16 -93.7473 39.93701 39.93701 -93.7473 24.06299 39.93701 -92.1602 24.06299 42.20362 -92.1602 39.93701 42.20362
4 16 -92.1602 39.93701 42.20362 -92.1602 24.06299 42.20362 -90.20362 24.06299 44.1602 -90.20362 39.93701 44.1602
4 16 -90.20362 39.93701 44.1602 -90.20362 24.06299 44.1602 -87.937 24.06299 45.7473 -87.937 39.93701 45.7473
4 16 -87.937 39.93701 45.7473 -87.937 24.06299 45.7473 -85.42923 24.06299 46.91669 -85.42923 39.93701 46.91669
4 16 -85.42923 39.93701 46.91669 -85.42923 24.06299 46.91669 -82.75649 24.06299 47.63285 -82.75649 39.93701 47.63285
4 16 -82.75649 39.93701 47.63285 -82.75649 24.06299 47.63285 -80 24.06299 47.87401 -80 39.93701 47.87401
4 16 80 39.93701 16.12598 80 37.41732 16.12598 -80 37.41732 16.12598 -80 39.93701 16.12598
4 16 -80 39.93701 16.12598 -80 37.41732 16.12598 -82.75649 37.41732 16.36715 -82.75649 39.93701 16.36715
4 16 -82.75649 39.93701 16.36715 -82.75649 37.41732 16.36715 -85.42923 37.41732 17.0833 -85.42923 39.93701 17.0833
4 16 -85.42923 39.93701 17.0833 -85.42923 37.41732 17.0833 -87.937 37.41732 18.2527 -87.937 39.93701 18.2527
4 16 -87.937 39.93701 18.2527 -87.937 37.41732 18.2527 -90.20362 37.41732 19.8398 -90.20362 39.93701 19.8398
4 16 -90.20362 39.93701 19.8398 -90.20362 37.41732 19.8398 -92.1602 37.41732 21.79638 -92.1602 39.93701 21.79638
4 16 -92.1602 39.93701 21.79638 -92.1602 37.41732 21.79638 -93.7473 37.41732 24.06299 -93.7473 39.93701 24.06299
4 16 -93.7473 39.93701 24.06299 -93.7473 37.41732 24.06299 -94.91669 37.41732 26.57077 -94.91669 39.93701 26.57077
4 16 -94.91669 39.93701 26.57077 -94.91669 37.41732 26.57077 -95.63285 37.41732 29.24351 -95.63285 39.93701 29.24351
4 16 -95.63285 39.93701 29.24351 -95.63285 37.41732 29.24351 -95.87401 37.41732 32 -95.87401 39.93701 32
4 16 -95.87401 39.93701 -32 -95.87401 37.41732 -32 -95.63285 37.41732 -29.24351 -95.63285 39.93701 -29.24351
4 16 -95.63285 39.93701 -29.24351 -95.63285 37.41732 -29.24351 -94.91669 37.41732 -26.57077 -94.91669 39.93701 -26.57077
4 16 -94.91669 39.93701 -26.57077 -94.91669 37.41732 -26.57077 -93.7473 37.41732 -24.06299 -93.7473 39.93701 -24.06299
4 16 -93.7473 39.93701 -24.06299 -93.7473 37.41732 -24.06299 -92.1602 37.41732 -21.79638 -92.1602 39.93701 -21.79638
4 16 -92.1602 39.93701 -21.79638 -92.1602 37.41732 -21.79638 -90.20362 37.41732 -19.8398 -90.20362 39.93701 -19.8398
4 16 -90.20362 39.93701 -19.8398 -90.20362 37.41732 -19.8398 -87.937 37.41732 -18.2527 -87.937 39.93701 -18.2527
4 16 -87.937 39.93701 -18.2527 -87.937 37.41732 -18.2527 -85.42923 37.41732 -17.0833 -85.42923 39.93701 -17.0833
4 16 -85.42923 39.93701 -17.0833 -85.42923 37.41732 -17.0833 -82.75649 37.41732 -16.36715 -82.75649 39.93701 -16.36715
4 16 -82.75649 39.93701 -16.36715 -82.75649 37.41732 -16.36715 -80 37.41732 -16.12598 -80 39.93701 -16.12598
4 16 -80 39.93701 -16.12598 -80 37.41732 -16.12598 80 37.41732 -16.12598 80 39.93701 -16.12598
4 16 -80 35.45701 19.90551 -80 39.93701 19.90551 -82.10018 39.93701 20.08925 -82.10018 35.45701 20.08925
4 16 -82.10018 35.45701 20.08925 -82.10018 39.93701 20.08925 -84.13656 39.93701 20.6349 -84.13656 35.45701 20.6349
4 16 -84.13656 35.45701 20.6349 -84.13656 39.93701 20.6349 -86.04724 39.93701 21.52587 -86.04724 35.45701 21.52587
4 16 -86.04724 35.45701 21.52587 -86.04724 39.93701 21.52587 -87.77419 39.93701 22.73508 -87.77419 35.45701 22.73508
4 16 -87.77419 35.45701 22.73508 -87.77419 39.93701 22.73508 -89.26491 39.93701 24.22581 -89.26491 35.45701 24.22581
4 16 -89.26491 35.45701 24.22581 -89.26491 39.93701 24.22581 -90.47414 39.93701 25.95276 -90.47414 35.45701 25.95276
4 16 -90.47414 35.45701 25.95276 -90.47414 39.93701 25.95276 -91.3651 39.93701 27.86344 -91.3651 35.45701 27.86344
4 16 -91.3651 35.45701 27.86344 -91.3651 39.93701 27.86344 -91.91074 39.93701 29.89981 -91.91074 35.45701 29.89981
4 16 -91.91074 35.45701 29.89981 -91.91074 39.93701 29.89981 -92.09449 39.93701 32 -92.09449 35.45701 32
4 16 -92.09449 35.45701 32 -92.09449 39.93701 32 -91.91074 39.93701 34.10019 -91.91074 35.45701 34.10019
4 16 -91.91074 35.45701 34.10019 -91.91074 39.93701 34.10019 -91.3651 39.93701 36.13656 -91.3651 35.45701 36.13656
4 16 -91.3651 35.45701 36.13656 -91.3651 39.93701 36.13656 -90.47414 39.93701 38.04724 -90.47414 35.45701 38.04724
4 16 -90.47414 35.45701 38.04724 -90.47414 39.93701 38.04724 -89.26491 39.93701 39.77419 -89.26491 35.45701 39.77419
4 16 -89.26491 35.45701 39.77419 -89.26491 39.93701 39.77419 -87.77419 39.93701 41.26491 -87.77419 35.45701 41.26491
4 16 -87.77419 35.45701 41.26491 -87.77419 39.93701 41.26491 -86.04724 39.93701 42.47413 -86.04724 35.45701 42.47413
4 16 -86.04724 35.45701 42.47413 -86.04724 39.93701 42.47413 -84.13656 39.93701 43.3651 -84.13656 35.45701 43.3651
4 16 -84.13656 35.45701 43.3651 -84.13656 39.93701 43.3651 -82.10018 39.93701 43.91075 -82.10018 35.45701 43.91075
4 16 -82.10018 35.45701 43.91075 -82.10018 39.93701 43.91075 -80 39.93701 44.09449 -80 35.45701 44.09449
4 16 80 35.45701 44.09449 80 39.93701 44.09449 82.10018 39.93701 43.91075 82.10018 35.45701 43.91075
4 16 82.10018 35.45701 43.91075 82.10018 39.93701 43.91075 84.13656 39.93701 43.3651 84.13656 35.45701 43.3651
4 16 84.13656 35.45701 43.3651 84.13656 39.93701 43.3651 86.04724 39.93701 42.47413 86.04724 35.45701 42.47413
4 16 86.04724 35.45701 42.47413 86.04724 39.93701 42.47413 87.77419 39.93701 41.26491 87.77419 35.45701 41.26491
4 16 87.77419 35.45701 41.26491 87.77419 39.93701 41.26491 89.26491 39.93701 39.77419 89.26491 35.45701 39.77419
4 16 89.26491 35.45701 39.77419 89.26491 39.93701 39.77419 90.47414 39.93701 38.04724 90.47414 35.45701 38.04724
4 16 90.47414 35.45701 38.04724 90.47414 39.93701 38.04724 91.3651 39.93701 36.13656 91.3651 35.45701 36.13656
4 16 91.3651 35.45701 36.13656 91.3651 39.93701 36.13656 91.91074 39.93701 34.10019 91.91074 35.45701 34.10019
4 16 91.91074 35.45701 34.10019 91.91074 39.93701 34.10019 92.09449 39.93701 32 92.09449 35.45701 32
4 16 92.09449 35.45701 32 92.09449 39.93701 32 91.91074 39.93701 29.89981 91.91074 35.45701 29.89981
4 16 91.91074 35.45701 29.89981 91.91074 39.93701 29.89981 91.3651 39.93701 27.86344 91.3651 35.45701 27.86344
4 16 91.3651 35.45701 27.86344 91.3651 39.93701 27.86344 90.47414 39.93701 25.95276 90.47414 35.45701 25.95276
4 16 90.47414 35.45701 25.95276 90.47414 39.93701 25.95276 89.26491 39.93701 24.22581 89.26491 35.45701 24.22581
4 16 89.26491 35.45701 24.22581 89.26491 39.93701 24.22581 87.77419 39.93701 22.73508 87.77419 35.45701 22.73508
4 16 87.77419 35.45701 22.73508 87.77419 39.93701 22.73508 86.04724 39.93701 21.52587 86.04724 35.45701 21.52587
4 16 86.04724 35.45701 21.52587 86.04724 39.93701 21.52587 84.13656 39.93701 20.6349 84.13656 35.45701 20.6349
4 16 84.13656 35.45701 20.6349 84.13656 39.93701 20.6349 82.10018 39.93701 20.08925 82.10018 35.45701 20.08925
4 16 82.10018 35.45701 20.08925 82.10018 39.93701 20.08925 80 39.93701 19.90551 80 35.45701 19.90551
4 16 80 35.45701 -19.90551 80 39.93701 -19.90551 82.10018 39.93701 -20.08925 82.10018 35.45701 -20.08925
4 16 82.10018 35.45701 -20.08925 82.10018 39.93701 -20.08925 84.13656 39.93701 -20.6349 84.13656 35.45701 -20.6349
4 16 84.13656 35.45701 -20.6349 84.13656 39.93701 -20.6349 86.04724 39.93701 -21.52587 86.04724 35.45701 -21.52587
4 16 86.04724 35.45701 -21.52587 86.04724 39.93701 -21.52587 87.77419 39.93701 -22.73508 87.77419 35.45701 -22.73508
4 16 87.77419 35.45701 -22.73508 87.77419 39.93701 -22.73508 89.26491 39.93701 -24.22581 89.26491 35.45701 -24.22581
4 16 89.26491 35.45701 -24.22581 89.26491 39.93701 -24.22581 90.47414 39.93701 -25.95276 90.47414 35.45701 -25.95276
4 16 90.47414 35.45701 -25.95276 90.47414 39.93701 -25.95276 91.3651 39.93701 -27.86344 91.3651 35.45701 -27.86344
4 16 91.3651 35.45701 -27.86344 91.3651 39.93701 -27.86344 91.91074 39.93701 -29.89981 91.91074 35.45701 -29.89981
4 16 91.91074 35.45701 -29.89981 91.91074 39.93701 -29.89981 92.09449 39.93701 -32 92.09449 35.45701 -32
4 16 92.09449 35.45701 -32 92.09449 39.93701 -32 91.91074 39.93701 -34.10019 91.91074 35.45701 -34.10019
4 16 91.91074 35.45701 -34.10019 91.91074 39.93701 -34.10019 91.3651 39.93701 -36.13656 91.3651 35.45701 -36.13656
4 16 91.3651 35.45701 -36.13656 91.3651 39.93701 -36.13656 90.47414 39.93701 -38.04724 90.47414 35.45701 -38.04724
4 16 90.47414 35.45701 -38.04724 90.47414 39.93701 -38.04724 89.26491 39.93701 -39.77419 89.26491 35.45701 -39.77419
4 16 89.26491 35.45701 -39.77419 89.26491 39.93701 -39.77419 87.77419 39.93701 -41.26491 87.77419 35.45701 -41.26491
4 16 87.77419 35.45701 -41.26491 87.77419 39.93701 -41.26491 86.04724 39.93701 -42.47413 86.04724 35.45701 -42.47413
4 16 86.04724 35.45701 -42.47413 86.04724 39.93701 -42.47413 84.13656 39.93701 -43.3651 84.13656 35.45701 -43.3651
4 16 84.13656 35.45701 -43.3651 84.13656 39.93701 -43.3651 82.10018 39.93701 -43.91075 82.10018 35.45701 -43.91075
4 16 82.10018 35.45701 -43.91075 82.10018 39.93701 -43.91075 80 39.93701 -44.09449 80 35.45701 -44.09449
4 16 -80 35.45701 -44.09449 -80 39.93701 -44.09449 -82.10018 39.93701 -43.91075 -82.10018 35.45701 -43.91075
4 16 -82.10018 35.45701 -43.91075 -82.10018 39.93701 -43.91075 -84.13656 39.93701 -43.3651 -84.13656 35.45701 -43.3651
4 16 -84.13656 35.45701 -43.3651 -84.13656 39.93701 -43.3651 -86.04724 39.93701 -42.47413 -86.04724 35.45701 -42.47413
4 16 -86.04724 35.45701 -42.47413 -86.04724 39.93701 -42.47413 -87.77419 39.93701 -41.26491 -87.77419 35.45701 -41.26491
4 16 -87.77419 35.45701 -41.26491 -87.77419 39.93701 -41.26491 -89.26491 39.93701 -39.77419 -89.26491 35.45701 -39.77419
4 16 -89.26491 35.45701 -39.77419 -89.26491 39.93701 -39.77419 -90.47414 39.93701 -38.04724 -90.47414 35.45701 -38.04724
4 16 -90.47414 35.45701 -38.04724 -90.47414 39.93701 -38.04724 -91.3651 39.93701 -36.13656 -91.3651 35.45701 -36.13656
4 16 -91.3651 35.45701 -36.13656 -91.3651 39.93701 -36.13656 -91.91074 39.93701 -34.10019 -91.91074 35.45701 -34.10019
4 16 -91.91074 35.45701 -34.10019 -91.91074 39.93701 -34.10019 -92.09449 39.93701 -32 -92.09449 35.45701 -32
4 16 -92.09449 35.45701 -32 -92.09449 39.93701 -32 -91.91074 39.93701 -29.89981 -91.91074 35.45701 -29.89981
4 16 -91.91074 35.45701 -29.89981 -91.91074 39.93701 -29.89981 -91.3651 39.93701 -27.86344 -91.3651 35.45701 -27.86344
4 16 -91.3651 35.45701 -27.86344 -91.3651 39.93701 -27.86344 -90.47414 39.93701 -25.95276 -90.47414 35.45701 -25.95276
4 16 -90.47414 35.45701 -25.95276 -90.47414 39.93701 -25.95276 -89.26491 39.93701 -24.22581 -89.26491 35.45701 -24.22581
4 16 -89.26491 35.45701 -24.22581 -89.26491 39.93701 -24.22581 -87.77419 39.93701 -22.73508 -87.77419 35.45701 -22.73508
4 16 -87.77419 35.45701 -22.73508 -87.77419 39.93701 -22.73508 -86.04724 39.93701 -21.52587 -86.04724 35.45701 -21.52587
4 16 -86.04724 35.45701 -21.52587 -86.04724 39.93701 -21.52587 -84.13656 39.93701 -20.6349 -84.13656 35.45701 -20.6349
4 16 -84.13656 35.45701 -20.6349 -84.13656 39.93701 -20.6349 -82.10018 39.93701 -20.08925 -82.10018 35.45701 -20.08925
4 16 -82.10018 35.45701 -20.08925 -82.10018 39.93701 -20.08925 -80 39.93701 -19.90551 -80 35.45701 -19.90551
4 16 -75.43993 35.45701 25.65824 -75.43993 37.76 25.65824 -69.6872 37.76 19.90551 -69.6872 35.45701 19.90551
2 24 -75.43993 35.45701 25.65824 -75.43993 37.76 25.65824
4 16 -75.43993 35.45701 38.34175 -75.43993 37.76 38.34175 -76.57004 37.76 39.01765 -76.57004 35.45701 39.01765
2 24 -75.43993 35.45701 38.34175 -75.43993 37.76 38.34175
4 16 -76.57004 35.45701 39.01765 -76.57004 37.76 39.01765 -77.79764 37.76 39.49411 -77.79764 35.45701 39.49411
4 16 -77.79764 35.45701 39.49411 -77.79764 37.76 39.49411 -79.08782 37.76 39.75758 -79.08782 35.45701 39.75758
4 16 -79.08782 35.45701 39.75758 -79.08782 37.76 39.75758 -80.40394 37.76 39.80057 -80.40394 35.45701 39.80057
4 16 -80.40394 35.45701 39.80057 -80.40394 37.76 39.80057 -81.70857 37.76 39.62187 -81.70857 35.45701 39.62187
4 16 -81.70857 35.45701 39.62187 -81.70857 37.76 39.62187 -82.96464 37.76 39.22655 -82.96464 35.45701 39.22655
4 16 -82.96464 35.45701 39.22655 -82.96464 37.76 39.22655 -84.13646 37.76 38.62584 -84.13646 35.45701 38.62584
4 16 -84.13646 35.45701 38.62584 -84.13646 37.76 38.62584 -85.19071 37.76 37.83683 -85.19071 35.45701 37.83683
4 16 -85.19071 35.45701 37.83683 -85.19071 37.76 37.83683 -86.09745 37.76 36.88192 -86.09745 35.45701 36.88192
3 16 -86.09745 35.45701 36.88192 -86.09745 37.76 36.88192 -86.57297 37.76 36.21997
3 16 -86.09745 35.45701 36.88192 -86.57297 37.76 36.21997 -86.83088 35.45701 35.78828
3 16 -86.57297 37.76 36.21997 -86.83088 37.76 35.78828 -86.83088 35.45701 35.78828
4 16 -86.83088 35.45701 35.78828 -86.83088 37.76 35.78828 -87.37019 37.76 34.58696 -87.37019 35.45701 34.58696
4 16 -87.37019 35.45701 34.58696 -87.37019 37.76 34.58696 -87.70002 37.76 33.31213 -87.70002 35.45701 33.31213
4 16 -87.70002 35.45701 33.31213 -87.70002 37.76 33.31213 -87.81102 37.76 32 -87.81102 35.45701 32
4 16 -87.81102 35.45701 32 -87.81102 37.76 32 -87.70002 37.76 30.68787 -87.70002 35.45701 30.68787
4 16 -87.70002 35.45701 30.68787 -87.70002 37.76 30.68787 -87.37019 37.76 29.41304 -87.37019 35.45701 29.41304
4 16 -87.37019 35.45701 29.41304 -87.37019 37.76 29.41304 -86.83088 37.76 28.21172 -86.83088 35.45701 28.21172
3 16 -86.83088 35.45701 28.21172 -86.83088 37.76 28.21172 -86.57297 37.76 27.78003
3 16 -86.83088 35.45701 28.21172 -86.57297 37.76 27.78003 -86.09745 35.45701 27.11807
3 16 -86.57297 37.76 27.78003 -86.09745 37.76 27.11807 -86.09745 35.45701 27.11807
4 16 -86.09745 35.45701 27.11807 -86.09745 37.76 27.11807 -85.19071 37.76 26.16317 -85.19071 35.45701 26.16317
4 16 -85.19071 35.45701 26.16317 -85.19071 37.76 26.16317 -84.13646 37.76 25.37416 -84.13646 35.45701 25.37416
4 16 -84.13646 35.45701 25.37416 -84.13646 37.76 25.37416 -82.96464 37.76 24.77345 -82.96464 35.45701 24.77345
4 16 -82.96464 35.45701 24.77345 -82.96464 37.76 24.77345 -81.70857 37.76 24.37813 -81.70857 35.45701 24.37813
4 16 -81.70857 35.45701 24.37813 -81.70857 37.76 24.37813 -80.40394 37.76 24.19943 -80.40394 35.45701 24.19943
4 16 -80.40394 35.45701 24.19943 -80.40394 37.76 24.19943 -79.08782 37.76 24.24242 -79.08782 35.45701 24.24242
4 16 -79.08782 35.45701 24.24242 -79.08782 37.76 24.24242 -77.79764 37.76 24.50589 -77.79764 35.45701 24.50589
4 16 -77.79764 35.45701 24.50589 -77.79764 37.76 24.50589 -76.57004 37.76 24.98234 -76.57004 35.45701 24.98234
4 16 -76.57004 35.45701 24.98234 -76.57004 37.76 24.98234 -75.43993 37.76 25.65824 -75.43993 35.45701 25.65824
4 16 -69.6872 35.45701 44.09449 -69.6872 37.76 44.09449 -75.43993 37.76 38.34175 -75.43993 35.45701 38.34175
4 16 75.43993 35.45701 38.34175 75.43993 37.76 38.34175 69.6872 37.76 44.09449 69.6872 35.45701 44.09449
2 24 75.43993 35.45701 38.34175 75.43993 37.76 38.34175
4 16 87.81102 35.45701 32 87.81102 37.76 32 87.70002 37.76 33.31213 87.70002 35.45701 33.31213
4 16 87.70002 35.45701 33.31213 87.70002 37.76 33.31213 87.37019 37.76 34.58696 87.37019 35.45701 34.58696
4 16 87.37019 35.45701 34.58696 87.37019 37.76 34.58696 86.83088 37.76 35.78828 86.83088 35.45701 35.78828
4 16 86.83088 35.45701 35.78828 86.83088 37.76 35.78828 86.09745 37.76 36.88192 86.09745 35.45701 36.88192
4 16 86.09745 35.45701 36.88192 86.09745 37.76 36.88192 85.19071 37.76 37.83683 85.19071 35.45701 37.83683
4 16 85.19071 35.45701 37.83683 85.19071 37.76 37.83683 84.13646 37.76 38.62584 84.13646 35.45701 38.62584
4 16 84.13646 35.45701 38.62584 84.13646 37.76 38.62584 82.96464 37.76 39.22655 82.96464 35.45701 39.22655
4 16 82.96464 35.45701 39.22655 82.96464 37.76 39.22655 81.70857 37.76 39.62187 81.70857 35.45701 39.62187
4 16 81.70857 35.45701 39.62187 81.70857 37.76 39.62187 80.40394 37.76 39.80057 80.40394 35.45701 39.80057
4 16 80.40394 35.45701 39.80057 80.40394 37.76 39.80057 79.08782 37.76 39.75758 79.08782 35.45701 39.75758
4 16 79.08782 35.45701 39.75758 79.08782 37.76 39.75758 77.79764 37.76 39.49411 77.79764 35.45701 39.49411
4 16 77.79764 35.45701 39.49411 77.79764 37.76 39.49411 76.57004 37.76 39.01765 76.57004 35.45701 39.01765
4 16 76.57004 35.45701 39.01765 76.57004 37.76 39.01765 75.43993 37.76 38.34175 75.43993 35.45701 38.34175
4 16 75.43993 35.45701 25.65824 75.43993 37.76 25.65824 76.57004 37.76 24.98234 76.57004 35.45701 24.98234
2 24 75.43993 35.45701 25.65824 75.43993 37.76 25.65824
4 16 76.57004 35.45701 24.98234 76.57004 37.76 24.98234 77.79764 37.76 24.50589 77.79764 35.45701 24.50589
4 16 77.79764 35.45701 24.50589 77.79764 37.76 24.50589 79.08782 37.76 24.24242 79.08782 35.45701 24.24242
4 16 79.08782 35.45701 24.24242 79.08782 37.76 24.24242 80.40394 37.76 24.19943 80.40394 35.45701 24.19943
4 16 80.40394 35.45701 24.19943 80.40394 37.76 24.19943 81.70857 37.76 24.37813 81.70857 35.45701 24.37813
4 16 81.70857 35.45701 24.37813 81.70857 37.76 24.37813 82.96464 37.76 24.77345 82.96464 35.45701 24.77345
4 16 82.96464 35.45701 24.77345 82.96464 37.76 24.77345 84.13646 37.76 25.37416 84.13646 35.45701 25.37416
4 16 84.13646 35.45701 25.37416 84.13646 37.76 25.37416 85.19071 37.76 26.16317 85.19071 35.45701 26.16317
4 16 85.19071 35.45701 26.16317 85.19071 37.76 26.16317 86.09745 37.76 27.11807 86.09745 35.45701 27.11807
4 16 86.09745 35.45701 27.11807 86.09745 37.76 27.11807 86.83088 37.76 28.21172 86.83088 35.45701 28.21172
4 16 86.83088 35.45701 28.21172 86.83088 37.76 28.21172 87.37019 37.76 29.41304 87.37019 35.45701 29.41304
4 16 87.37019 35.45701 29.41304 87.37019 37.76 29.41304 87.70002 37.76 30.68787 87.70002 35.45701 30.68787
4 16 87.70002 35.45701 30.68787 87.70002 37.76 30.68787 87.81102 37.76 32 87.81102 35.45701 32
4 16 69.6872 35.45701 19.90551 69.6872 37.76 19.90551 75.43993 37.76 25.65824 75.43993 35.45701 25.65824
4 16 58.3128 35.45701 44.09449 58.3128 37.76 44.09449 52.56007 37.76 38.34175 52.56007 35.45701 38.34175
2 24 52.56007 37.76 38.34175 52.56007 35.45701 38.34175
4 16 43.43993 35.45701 38.34175 43.43993 37.76 38.34175 37.6872 37.76 44.09449 37.6872 35.45701 44.09449
2 24 43.43993 35.45701 38.34175 43.43993 37.76 38.34175
4 16 52.56007 35.45701 38.34175 52.56007 37.76 38.34175 51.52043 37.76 38.97271 51.52043 35.45701 38.97271
4 16 51.52043 35.45701 38.97271 51.52043 37.76 38.97271 50.39546 37.76 39.43464 50.39546 35.45701 39.43464
4 16 50.39546 35.45701 39.43464 50.39546 37.76 39.43464 49.21243 37.76 39.71635 49.21243 35.45701 39.71635
4 16 49.21243 35.45701 39.71635 49.21243 37.76 39.71635 48 37.76 39.81102 48 35.45701 39.81102
4 16 48 35.45701 39.81102 48 37.76 39.81102 46.78757 37.76 39.71635 46.78757 35.45701 39.71635
4 16 46.78757 35.45701 39.71635 46.78757 37.76 39.71635 45.60453 37.76 39.43464 45.60453 35.45701 39.43464
4 16 45.60453 35.45701 39.43464 45.60453 37.76 39.43464 44.47956 37.76 38.97271 44.47956 35.45701 38.97271
4 16 44.47956 35.45701 38.97271 44.47956 37.76 38.97271 43.43993 37.76 38.34175 43.43993 35.45701 38.34175
4 16 26.3128 35.45701 44.09449 26.3128 37.76 44.09449 20.56007 37.76 38.34175 20.56007 35.45701 38.34175
2 24 20.56007 37.76 38.34175 20.56007 35.45701 38.34175
4 16 11.43993 35.45701 38.34175 11.43993 37.76 38.34175 5.687198 37.76 44.09449 5.687198 35.45701 44.09449
2 24 11.43993 35.45701 38.34175 11.43993 37.76 38.34175
4 16 20.56007 35.45701 38.34175 20.56007 37.76 38.34175 19.52043 37.76 38.97271 19.52043 35.45701 38.97271
4 16 19.52043 35.45701 38.97271 19.52043 37.76 38.97271 18.39546 37.76 39.43464 18.39546 35.45701 39.43464
4 16 18.39546 35.45701 39.43464 18.39546 37.76 39.43464 17.21243 37.76 39.71635 17.21243 35.45701 39.71635
4 16 17.21243 35.45701 39.71635 17.21243 37.76 39.71635 16 37.76 39.81102 16 35.45701 39.81102
4 16 16 35.45701 39.81102 16 37.76 39.81102 14.78757 37.76 39.71635 14.78757 35.45701 39.71635
4 16 14.78757 35.45701 39.71635 14.78757 37.76 39.71635 13.60454 37.76 39.43464 13.60454 35.45701 39.43464
4 16 13.60454 35.45701 39.43464 13.60454 37.76 39.43464 12.47957 37.76 38.97271 12.47957 35.45701 38.97271
4 16 12.47957 35.45701 38.97271 12.47957 37.76 38.97271 11.43993 37.76 38.34175 11.43993 35.45701 38.34175
4 16 -5.687198 35.45701 44.09449 -5.687198 37.76 44.09449 -11.43993 37.76 38.34175 -11.43993 35.45701 38.34175
2 24 -11.43993 37.76 38.34175 -11.43993 35.45701 38.34175
4 16 -20.56007 35.45701 38.34175 -20.56007 37.76 38.34175 -26.3128 37.76 44.09449 -26.3128 35.45701 44.09449
2 24 -20.56007 35.45701 38.34175 -20.56007 37.76 38.34175
4 16 -11.43993 35.45701 38.34175 -11.43993 37.76 38.34175 -12.47957 37.76 38.97271 -12.47957 35.45701 38.97271
4 16 -12.47957 35.45701 38.97271 -12.47957 37.76 38.97271 -13.60454 37.76 39.43464 -13.60454 35.45701 39.43464
4 16 -13.60454 35.45701 39.43464 -13.60454 37.76 39.43464 -14.78757 37.76 39.71635 -14.78757 35.45701 39.71635
4 16 -14.78757 35.45701 39.71635 -14.78757 37.76 39.71635 -16 37.76 39.81102 -16 35.45701 39.81102
4 16 -16 35.45701 39.81102 -16 37.76 39.81102 -17.21243 37.76 39.71635 -17.21243 35.45701 39.71635
4 16 -17.21243 35.45701 39.71635 -17.21243 37.76 39.71635 -18.39546 37.76 39.43464 -18.39546 35.45701 39.43464
4 16 -18.39546 35.45701 39.43464 -18.39546 37.76 39.43464 -19.52043 37.76 38.97271 -19.52043 35.45701 38.97271
4 16 -19.52043 35.45701 38.97271 -19.52043 37.76 38.97271 -20.56007 37.76 38.34175 -20.56007 35.45701 38.34175
4 16 -37.6872 35.45701 44.09449 -37.6872 37.76 44.09449 -43.43993 37.76 38.34175 -43.43993 35.45701 38.34175
2 24 -43.43993 37.76 38.34175 -43.43993 35.45701 38.34175
4 16 -52.56007 35.45701 38.34175 -52.56007 37.76 38.34175 -58.3128 37.76 44.09449 -58.3128 35.45701 44.09449
2 24 -52.56007 35.45701 38.34175 -52.56007 37.76 38.34175
4 16 -43.43993 35.45701 38.34175 -43.43993 37.76 38.34175 -44.47956 37.76 38.97271 -44.47956 35.45701 38.97271
4 16 -44.47956 35.45701 38.97271 -44.47956 37.76 38.97271 -45.60453 37.76 39.43464 -45.60453 35.45701 39.43464
4 16 -45.60453 35.45701 39.43464 -45.60453 37.76 39.43464 -46.78757 37.76 39.71635 -46.78757 35.45701 39.71635
4 16 -46.78757 35.45701 39.71635 -46.78757 37.76 39.71635 -48 37.76 39.81102 -48 35.45701 39.81102
4 16 -48 35.45701 39.81102 -48 37.76 39.81102 -49.21243 37.76 39.71635 -49.21243 35.45701 39.71635
4 16 -49.21243 35.45701 39.71635 -49.21243 37.76 39.71635 -50.39546 37.76 39.43464 -50.39546 35.45701 39.43464
4 16 -50.39546 35.45701 39.43464 -50.39546 37.76 39.43464 -51.52043 37.76 38.97271 -51.52043 35.45701 38.97271
4 16 -51.52043 35.45701 38.97271 -51.52043 37.76 38.97271 -52.56007 37.76 38.34175 -52.56007 35.45701 38.34175
4 16 37.6872 35.45701 19.90551 37.6872 37.76 19.90551 43.43993 37.76 25.65824 43.43993 35.45701 25.65824
2 24 43.43993 37.76 25.65824 43.43993 35.45701 25.65824
4 16 52.56007 35.45701 25.65824 52.56007 37.76 25.65824 58.3128 37.76 19.90551 58.3128 35.45701 19.90551
2 24 52.56007 35.45701 25.65824 52.56007 37.76 25.65824
4 16 43.43993 35.45701 25.65824 43.43993 37.76 25.65824 44.47956 37.76 25.02729 44.47956 35.45701 25.02729
4 16 44.47956 35.45701 25.02729 44.47956 37.76 25.02729 45.60453 37.76 24.56536 45.60453 35.45701 24.56536
4 16 45.60453 35.45701 24.56536 45.60453 37.76 24.56536 46.78757 37.76 24.28365 46.78757 35.45701 24.28365
4 16 46.78757 35.45701 24.28365 46.78757 37.76 24.28365 48 37.76 24.18898 48 35.45701 24.18898
4 16 48 35.45701 24.18898 48 37.76 24.18898 49.21243 37.76 24.28365 49.21243 35.45701 24.28365
4 16 49.21243 35.45701 24.28365 49.21243 37.76 24.28365 50.39546 37.76 24.56536 50.39546 35.45701 24.56536
4 16 50.39546 35.45701 24.56536 50.39546 37.76 24.56536 51.52043 37.76 25.02729 51.52043 35.45701 25.02729
4 16 51.52043 35.45701 25.02729 51.52043 37.76 25.02729 52.56007 37.76 25.65824 52.56007 35.45701 25.65824
4 16 5.687198 35.45701 19.90551 5.687198 37.76 19.90551 11.43993 37.76 25.65824 11.43993 35.45701 25.65824
2 24 11.43993 37.76 25.65824 11.43993 35.45701 25.65824
4 16 20.56007 35.45701 25.65824 20.56007 37.76 25.65824 26.3128 37.76 19.90551 26.3128 35.45701 19.90551
2 24 20.56007 35.45701 25.65824 20.56007 37.76 25.65824
4 16 11.43993 35.45701 25.65824 11.43993 37.76 25.65824 12.47957 37.76 25.02729 12.47957 35.45701 25.02729
4 16 12.47957 35.45701 25.02729 12.47957 37.76 25.02729 13.60454 37.76 24.56536 13.60454 35.45701 24.56536
4 16 13.60454 35.45701 24.56536 13.60454 37.76 24.56536 14.78757 37.76 24.28365 14.78757 35.45701 24.28365
4 16 14.78757 35.45701 24.28365 14.78757 37.76 24.28365 16 37.76 24.18898 16 35.45701 24.18898
4 16 16 35.45701 24.18898 16 37.76 24.18898 17.21243 37.76 24.28365 17.21243 35.45701 24.28365
4 16 17.21243 35.45701 24.28365 17.21243 37.76 24.28365 18.39546 37.76 24.56536 18.39546 35.45701 24.56536
4 16 18.39546 35.45701 24.56536 18.39546 37.76 24.56536 19.52043 37.76 25.02729 19.52043 35.45701 25.02729
4 16 19.52043 35.45701 25.02729 19.52043 37.76 25.02729 20.56007 37.76 25.65824 20.56007 35.45701 25.65824
4 16 -26.3128 35.45701 19.90551 -26.3128 37.76 19.90551 -20.56007 37.76 25.65824 -20.56007 35.45701 25.65824
2 24 -20.56007 37.76 25.65824 -20.56007 35.45701 25.65824
4 16 -11.43993 35.45701 25.65824 -11.43993 37.76 25.65824 -5.687198 37.76 19.90551 -5.687198 35.45701 19.90551
2 24 -11.43993 35.45701 25.65824 -11.43993 37.76 25.65824
4 16 -20.56007 35.45701 25.65824 -20.56007 37.76 25.65824 -19.52043 37.76 25.02729 -19.52043 35.45701 25.02729
4 16 -19.52043 35.45701 25.02729 -19.52043 37.76 25.02729 -18.39546 37.76 24.56536 -18.39546 35.45701 24.56536
4 16 -18.39546 35.45701 24.56536 -18.39546 37.76 24.56536 -17.21243 37.76 24.28365 -17.21243 35.45701 24.28365
4 16 -17.21243 35.45701 24.28365 -17.21243 37.76 24.28365 -16 37.76 24.18898 -16 35.45701 24.18898
4 16 -16 35.45701 24.18898 -16 37.76 24.18898 -14.78757 37.76 24.28365 -14.78757 35.45701 24.28365
4 16 -14.78757 35.45701 24.28365 -14.78757 37.76 24.28365 -13.60454 37.76 24.56536 -13.60454 35.45701 24.56536
4 16 -13.60454 35.45701 24.56536 -13.60454 37.76 24.56536 -12.47957 37.76 25.02729 -12.47957 35.45701 25.02729
4 16 -12.47957 35.45701 25.02729 -12.47957 37.76 25.02729 -11.43993 37.76 25.65824 -11.43993 35.45701 25.65824
4 16 -58.3128 35.45701 19.90551 -58.3128 37.76 19.90551 -52.56007 37.76 25.65824 -52.56007 35.45701 25.65824
2 24 -52.56007 37.76 25.65824 -52.56007 35.45701 25.65824
4 16 -43.43993 35.45701 25.65824 -43.43993 37.76 25.65824 -37.6872 37.76 19.90551 -37.6872 35.45701 19.90551
2 24 -43.43993 35.45701 25.65824 -43.43993 37.76 25.65824
4 16 -52.56007 35.45701 25.65824 -52.56007 37.76 25.65824 -51.52043 37.76 25.02729 -51.52043 35.45701 25.02729
4 16 -51.52043 35.45701 25.02729 -51.52043 37.76 25.02729 -50.39546 37.76 24.56536 -50.39546 35.45701 24.56536
4 16 -50.39546 35.45701 24.56536 -50.39546 37.76 24.56536 -49.21243 37.76 24.28365 -49.21243 35.45701 24.28365
4 16 -49.21243 35.45701 24.28365 -49.21243 37.76 24.28365 -48 37.76 24.18898 -48 35.45701 24.18898
4 16 -48 35.45701 24.18898 -48 37.76 24.18898 -46.78757 37.76 24.28365 -46.78757 35.45701 24.28365
4 16 -46.78757 35.45701 24.28365 -46.78757 37.76 24.28365 -45.60453 37.76 24.56536 -45.60453 35.45701 24.56536
4 16 -45.60453 35.45701 24.56536 -45.60453 37.76 24.56536 -44.47956 37.76 25.02729 -44.47956 35.45701 25.02729
4 16 -44.47956 35.45701 25.02729 -44.47956 37.76 25.02729 -43.43993 37.76 25.65824 -43.43993 35.45701 25.65824
4 16 75.43993 35.45701 -25.65824 75.43993 37.76 -25.65824 69.6872 37.76 -19.90551 69.6872 35.45701 -19.90551
2 24 75.43993 35.45701 -25.65824 75.43993 37.76 -25.65824
4 16 87.81102 35.45701 -32 87.81102 37.76 -32 87.70002 37.76 -30.68787 87.70002 35.45701 -30.68787
4 16 87.70002 35.45701 -30.68787 87.70002 37.76 -30.68787 87.37019 37.76 -29.41304 87.37019 35.45701 -29.41304
4 16 87.37019 35.45701 -29.41304 87.37019 37.76 -29.41304 86.83088 37.76 -28.21172 86.83088 35.45701 -28.21172
4 16 86.83088 35.45701 -28.21172 86.83088 37.76 -28.21172 86.09745 37.76 -27.11807 86.09745 35.45701 -27.11807
4 16 86.09745 35.45701 -27.11807 86.09745 37.76 -27.11807 85.19071 37.76 -26.16317 85.19071 35.45701 -26.16317
4 16 85.19071 35.45701 -26.16317 85.19071 37.76 -26.16317 84.13646 37.76 -25.37416 84.13646 35.45701 -25.37416
4 16 84.13646 35.45701 -25.37416 84.13646 37.76 -25.37416 82.96464 37.76 -24.77345 82.96464 35.45701 -24.77345
4 16 82.96464 35.45701 -24.77345 82.96464 37.76 -24.77345 81.70857 37.76 -24.37813 81.70857 35.45701 -24.37813
4 16 81.70857 35.45701 -24.37813 81.70857 37.76 -24.37813 80.40394 37.76 -24.19943 80.40394 35.45701 -24.19943
4 16 80.40394 35.45701 -24.19943 80.40394 37.76 -24.19943 79.08782 37.76 -24.24242 79.08782 35.45701 -24.24242
4 16 79.08782 35.45701 -24.24242 79.08782 37.76 -24.24242 77.79764 37.76 -24.50589 77.79764 35.45701 -24.50589
4 16 77.79764 35.45701 -24.50589 77.79764 37.76 -24.50589 76.57004 37.76 -24.98234 76.57004 35.45701 -24.98234
4 16 76.57004 35.45701 -24.98234 76.57004 37.76 -24.98234 75.43993 37.76 -25.65824 75.43993 35.45701 -25.65824
4 16 75.43993 35.45701 -38.34175 75.43993 37.76 -38.34175 76.57004 37.76 -39.01765 76.57004 35.45701 -39.01765
2 24 75.43993 35.45701 -38.34175 75.43993 37.76 -38.34175
4 16 76.57004 35.45701 -39.01765 76.57004 37.76 -39.01765 77.79764 37.76 -39.49411 77.79764 35.45701 -39.49411
4 16 77.79764 35.45701 -39.49411 77.79764 37.76 -39.49411 79.08782 37.76 -39.75758 79.08782 35.45701 -39.75758
4 16 79.08782 35.45701 -39.75758 79.08782 37.76 -39.75758 80.40394 37.76 -39.80057 80.40394 35.45701 -39.80057
4 16 80.40394 35.45701 -39.80057 80.40394 37.76 -39.80057 81.70857 37.76 -39.62187 81.70857 35.45701 -39.62187
4 16 81.70857 35.45701 -39.62187 81.70857 37.76 -39.62187 82.96464 37.76 -39.22655 82.96464 35.45701 -39.22655
4 16 82.96464 35.45701 -39.22655 82.96464 37.76 -39.22655 84.13646 37.76 -38.62584 84.13646 35.45701 -38.62584
4 16 84.13646 35.45701 -38.62584 84.13646 37.76 -38.62584 85.19071 37.76 -37.83683 85.19071 35.45701 -37.83683
4 16 85.19071 35.45701 -37.83683 85.19071 37.76 -37.83683 86.09745 37.76 -36.88192 86.09745 35.45701 -36.88192
4 16 86.09745 35.45701 -36.88192 86.09745 37.76 -36.88192 86.83088 37.76 -35.78828 86.83088 35.45701 -35.78828
4 16 86.83088 35.45701 -35.78828 86.83088 37.76 -35.78828 87.37019 37.76 -34.58696 87.37019 35.45701 -34.58696
4 16 87.37019 35.45701 -34.58696 87.37019 37.76 -34.58696 87.70002 37.76 -33.31213 87.70002 35.45701 -33.31213
4 16 87.70002 35.45701 -33.31213 87.70002 37.76 -33.31213 87.81102 37.76 -32 87.81102 35.45701 -32
4 16 69.6872 35.45701 -44.09449 69.6872 37.76 -44.09449 75.43993 37.76 -38.34175 75.43993 35.45701 -38.34175
4 16 58.3128 35.45701 -19.90551 58.3128 37.76 -19.90551 52.56007 37.76 -25.65824 52.56007 35.45701 -25.65824
2 24 52.56007 37.76 -25.65824 52.56007 35.45701 -25.65824
4 16 43.43993 35.45701 -25.65824 43.43993 37.76 -25.65824 37.6872 37.76 -19.90551 37.6872 35.45701 -19.90551
2 24 43.43993 35.45701 -25.65824 43.43993 37.76 -25.65824
4 16 52.56007 35.45701 -25.65824 52.56007 37.76 -25.65824 51.52043 37.76 -25.02729 51.52043 35.45701 -25.02729
4 16 51.52043 35.45701 -25.02729 51.52043 37.76 -25.02729 50.39546 37.76 -24.56536 50.39546 35.45701 -24.56536
4 16 50.39546 35.45701 -24.56536 50.39546 37.76 -24.56536 49.21243 37.76 -24.28365 49.21243 35.45701 -24.28365
4 16 49.21243 35.45701 -24.28365 49.21243 37.76 -24.28365 48 37.76 -24.18898 48 35.45701 -24.18898
4 16 48 35.45701 -24.18898 48 37.76 -24.18898 46.78757 37.76 -24.28365 46.78757 35.45701 -24.28365
4 16 46.78757 35.45701 -24.28365 46.78757 37.76 -24.28365 45.60453 37.76 -24.56536 45.60453 35.45701 -24.56536
4 16 45.60453 35.45701 -24.56536 45.60453 37.76 -24.56536 44.47956 37.76 -25.02729 44.47956 35.45701 -25.02729
4 16 44.47956 35.45701 -25.02729 44.47956 37.76 -25.02729 43.43993 37.76 -25.65824 43.43993 35.45701 -25.65824
4 16 26.3128 35.45701 -19.90551 26.3128 37.76 -19.90551 20.56007 37.76 -25.65824 20.56007 35.45701 -25.65824
2 24 20.56007 37.76 -25.65824 20.56007 35.45701 -25.65824
4 16 11.43993 35.45701 -25.65824 11.43993 37.76 -25.65824 5.687198 37.76 -19.90551 5.687198 35.45701 -19.90551
2 24 11.43993 35.45701 -25.65824 11.43993 37.76 -25.65824
4 16 20.56007 35.45701 -25.65824 20.56007 37.76 -25.65824 19.52043 37.76 -25.02729 19.52043 35.45701 -25.02729
4 16 19.52043 35.45701 -25.02729 19.52043 37.76 -25.02729 18.39546 37.76 -24.56536 18.39546 35.45701 -24.56536
4 16 18.39546 35.45701 -24.56536 18.39546 37.76 -24.56536 17.21243 37.76 -24.28365 17.21243 35.45701 -24.28365
4 16 17.21243 35.45701 -24.28365 17.21243 37.76 -24.28365 16 37.76 -24.18898 16 35.45701 -24.18898
4 16 16 35.45701 -24.18898 16 37.76 -24.18898 14.78757 37.76 -24.28365 14.78757 35.45701 -24.28365
4 16 14.78757 35.45701 -24.28365 14.78757 37.76 -24.28365 13.60454 37.76 -24.56536 13.60454 35.45701 -24.56536
4 16 13.60454 35.45701 -24.56536 13.60454 37.76 -24.56536 12.47957 37.76 -25.02729 12.47957 35.45701 -25.02729
4 16 12.47957 35.45701 -25.02729 12.47957 37.76 -25.02729 11.43993 37.76 -25.65824 11.43993 35.45701 -25.65824
4 16 -5.687198 35.45701 -19.90551 -5.687198 37.76 -19.90551 -11.43993 37.76 -25.65824 -11.43993 35.45701 -25.65824
2 24 -11.43993 37.76 -25.65824 -11.43993 35.45701 -25.65824
4 16 -20.56007 35.45701 -25.65824 -20.56007 37.76 -25.65824 -26.3128 37.76 -19.90551 -26.3128 35.45701 -19.90551
2 24 -20.56007 35.45701 -25.65824 -20.56007 37.76 -25.65824
4 16 -11.43993 35.45701 -25.65824 -11.43993 37.76 -25.65824 -12.47957 37.76 -25.02729 -12.47957 35.45701 -25.02729
4 16 -12.47957 35.45701 -25.02729 -12.47957 37.76 -25.02729 -13.60454 37.76 -24.56536 -13.60454 35.45701 -24.56536
4 16 -13.60454 35.45701 -24.56536 -13.60454 37.76 -24.56536 -14.78757 37.76 -24.28365 -14.78757 35.45701 -24.28365
4 16 -14.78757 35.45701 -24.28365 -14.78757 37.76 -24.28365 -16 37.76 -24.18898 -16 35.45701 -24.18898
4 16 -16 35.45701 -24.18898 -16 37.76 -24.18898 -17.21243 37.76 -24.28365 -17.21243 35.45701 -24.28365
4 16 -17.21243 35.45701 -24.28365 -17.21243 37.76 -24.28365 -18.39546 37.76 -24.56536 -18.39546 35.45701 -24.56536
4 16 -18.39546 35.45701 -24.56536 -18.39546 37.76 -24.56536 -19.52043 37.76 -25.02729 -19.52043 35.45701 -25.02729
4 16 -19.52043 35.45701 -25.02729 -19.52043 37.76 -25.02729 -20.56007 37.76 -25.65824 -20.56007 35.45701 -25.65824
4 16 -37.6872 35.45701 -19.90551 -37.6872 37.76 -19.90551 -43.43993 37.76 -25.65824 -43.43993 35.45701 -25.65824
2 24 -43.43993 37.76 -25.65824 -43.43993 35.45701 -25.65824
4 16 -52.56007 35.45701 -25.65824 -52.56007 37.76 -25.65824 -58.3128 37.76 -19.90551 -58.3128 35.45701 -19.90551
2 24 -52.56007 35.45701 -25.65824 -52.56007 37.76 -25.65824
4 16 -43.43993 35.45701 -25.65824 -43.43993 37.76 -25.65824 -44.47956 37.76 -25.02729 -44.47956 35.45701 -25.02729
4 16 -44.47956 35.45701 -25.02729 -44.47956 37.76 -25.02729 -45.60453 37.76 -24.56536 -45.60453 35.45701 -24.56536
4 16 -45.60453 35.45701 -24.56536 -45.60453 37.76 -24.56536 -46.78757 37.76 -24.28365 -46.78757 35.45701 -24.28365
4 16 -46.78757 35.45701 -24.28365 -46.78757 37.76 -24.28365 -48 37.76 -24.18898 -48 35.45701 -24.18898
4 16 -48 35.45701 -24.18898 -48 37.76 -24.18898 -49.21243 37.76 -24.28365 -49.21243 35.45701 -24.28365
4 16 -49.21243 35.45701 -24.28365 -49.21243 37.76 -24.28365 -50.39546 37.76 -24.56536 -50.39546 35.45701 -24.56536
4 16 -50.39546 35.45701 -24.56536 -50.39546 37.76 -24.56536 -51.52043 37.76 -25.02729 -51.52043 35.45701 -25.02729
4 16 -51.52043 35.45701 -25.02729 -51.52043 37.76 -25.02729 -52.56007 37.76 -25.65824 -52.56007 35.45701 -25.65824
4 16 -75.43993 35.45701 -38.34175 -75.43993 37.76 -38.34175 -69.6872 37.76 -44.09449 -69.6872 35.45701 -44.09449
2 24 -75.43993 35.45701 -38.34175 -75.43993 37.76 -38.34175
4 16 -75.43993 35.45701 -25.65824 -75.43993 37.76 -25.65824 -76.57004 37.76 -24.98234 -76.57004 35.45701 -24.98234
2 24 -75.43993 35.45701 -25.65824 -75.43993 37.76 -25.65824
4 16 -76.57004 35.45701 -24.98234 -76.57004 37.76 -24.98234 -77.79764 37.76 -24.50589 -77.79764 35.45701 -24.50589
4 16 -77.79764 35.45701 -24.50589 -77.79764 37.76 -24.50589 -79.08782 37.76 -24.24242 -79.08782 35.45701 -24.24242
4 16 -79.08782 35.45701 -24.24242 -79.08782 37.76 -24.24242 -80.40394 37.76 -24.19943 -80.40394 35.45701 -24.19943
4 16 -80.40394 35.45701 -24.19943 -80.40394 37.76 -24.19943 -81.70857 37.76 -24.37813 -81.70857 35.45701 -24.37813
4 16 -81.70857 35.45701 -24.37813 -81.70857 37.76 -24.37813 -82.96464 37.76 -24.77345 -82.96464 35.45701 -24.77345
4 16 -82.96464 35.45701 -24.77345 -82.96464 37.76 -24.77345 -84.13646 37.76 -25.37416 -84.13646 35.45701 -25.37416
4 16 -84.13646 35.45701 -25.37416 -84.13646 37.76 -25.37416 -85.19071 37.76 -26.16317 -85.19071 35.45701 -26.16317
4 16 -85.19071 35.45701 -26.16317 -85.19071 37.76 -26.16317 -86.09745 37.76 -27.11807 -86.09745 35.45701 -27.11807
3 16 -86.09745 35.45701 -27.11807 -86.09745 37.76 -27.11807 -86.57297 37.76 -27.78003
3 16 -86.09745 35.45701 -27.11807 -86.57297 37.76 -27.78003 -86.83088 35.45701 -28.21172
3 16 -86.57297 37.76 -27.78003 -86.83088 37.76 -28.21172 -86.83088 35.45701 -28.21172
4 16 -86.83088 35.45701 -28.21172 -86.83088 37.76 -28.21172 -87.37019 37.76 -29.41304 -87.37019 35.45701 -29.41304
4 16 -87.37019 35.45701 -29.41304 -87.37019 37.76 -29.41304 -87.70002 37.76 -30.68787 -87.70002 35.45701 -30.68787
4 16 -87.70002 35.45701 -30.68787 -87.70002 37.76 -30.68787 -87.81102 37.76 -32 -87.81102 35.45701 -32
4 16 -87.81102 35.45701 -32 -87.81102 37.76 -32 -87.70002 37.76 -33.31213 -87.70002 35.45701 -33.31213
4 16 -87.70002 35.45701 -33.31213 -87.70002 37.76 -33.31213 -87.37019 37.76 -34.58696 -87.37019 35.45701 -34.58696
4 16 -87.37019 35.45701 -34.58696 -87.37019 37.76 -34.58696 -86.83088 37.76 -35.78828 -86.83088 35.45701 -35.78828
3 16 -86.83088 35.45701 -35.78828 -86.83088 37.76 -35.78828 -86.57297 37.76 -36.21997
3 16 -86.83088 35.45701 -35.78828 -86.57297 37.76 -36.21997 -86.09745 35.45701 -36.88192
3 16 -86.57297 37.76 -36.21997 -86.09745 37.76 -36.88192 -86.09745 35.45701 -36.88192
4 16 -86.09745 35.45701 -36.88192 -86.09745 37.76 -36.88192 -85.19071 37.76 -37.83683 -85.19071 35.45701 -37.83683
4 16 -85.19071 35.45701 -37.83683 -85.19071 37.76 -37.83683 -84.13646 37.76 -38.62584 -84.13646 35.45701 -38.62584
4 16 -84.13646 35.45701 -38.62584 -84.13646 37.76 -38.62584 -82.96464 37.76 -39.22655 -82.96464 35.45701 -39.22655
4 16 -82.96464 35.45701 -39.22655 -82.96464 37.76 -39.22655 -81.70857 37.76 -39.62187 -81.70857 35.45701 -39.62187
4 16 -81.70857 35.45701 -39.62187 -81.70857 37.76 -39.62187 -80.40394 37.76 -39.80057 -80.40394 35.45701 -39.80057
4 16 -80.40394 35.45701 -39.80057 -80.40394 37.76 -39.80057 -79.08782 37.76 -39.75758 -79.08782 35.45701 -39.75758
4 16 -79.08782 35.45701 -39.75758 -79.08782 37.76 -39.75758 -77.79764 37.76 -39.49411 -77.79764 35.45701 -39.49411
4 16 -77.79764 35.45701 -39.49411 -77.79764 37.76 -39.49411 -76.57004 37.76 -39.01765 -76.57004 35.45701 -39.01765
4 16 -76.57004 35.45701 -39.01765 -76.57004 37.76 -39.01765 -75.43993 37.76 -38.34175 -75.43993 35.45701 -38.34175
4 16 -69.6872 35.45701 -19.90551 -69.6872 37.76 -19.90551 -75.43993 37.76 -25.65824 -75.43993 35.45701 -25.65824
4 16 37.6872 35.45701 -44.09449 37.6872 37.76 -44.09449 43.43993 37.76 -38.34175 43.43993 35.45701 -38.34175
2 24 43.43993 37.76 -38.34175 43.43993 35.45701 -38.34175
4 16 52.56007 35.45701 -38.34175 52.56007 37.76 -38.34175 58.3128 37.76 -44.09449 58.3128 35.45701 -44.09449
2 24 52.56007 35.45701 -38.34175 52.56007 37.76 -38.34175
4 16 43.43993 35.45701 -38.34175 43.43993 37.76 -38.34175 44.47956 37.76 -38.97271 44.47956 35.45701 -38.97271
4 16 44.47956 35.45701 -38.97271 44.47956 37.76 -38.97271 45.60453 37.76 -39.43464 45.60453 35.45701 -39.43464
4 16 45.60453 35.45701 -39.43464 45.60453 37.76 -39.43464 46.78757 37.76 -39.71635 46.78757 35.45701 -39.71635
4 16 46.78757 35.45701 -39.71635 46.78757 37.76 -39.71635 48 37.76 -39.81102 48 35.45701 -39.81102
4 16 48 35.45701 -39.81102 48 37.76 -39.81102 49.21243 37.76 -39.71635 49.21243 35.45701 -39.71635
4 16 49.21243 35.45701 -39.71635 49.21243 37.76 -39.71635 50.39546 37.76 -39.43464 50.39546 35.45701 -39.43464
4 16 50.39546 35.45701 -39.43464 50.39546 37.76 -39.43464 51.52043 37.76 -38.97271 51.52043 35.45701 -38.97271
4 16 51.52043 35.45701 -38.97271 51.52043 37.76 -38.97271 52.56007 37.76 -38.34175 52.56007 35.45701 -38.34175
4 16 5.687198 35.45701 -44.09449 5.687198 37.76 -44.09449 11.43993 37.76 -38.34175 11.43993 35.45701 -38.34175
2 24 11.43993 37.76 -38.34175 11.43993 35.45701 -38.34175
4 16 20.56007 35.45701 -38.34175 20.56007 37.76 -38.34175 26.3128 37.76 -44.09449 26.3128 35.45701 -44.09449
2 24 20.56007 35.45701 -38.34175 20.56007 37.76 -38.34175
4 16 11.43993 35.45701 -38.34175 11.43993 37.76 -38.34175 12.47957 37.76 -38.97271 12.47957 35.45701 -38.97271
4 16 12.47957 35.45701 -38.97271 12.47957 37.76 -38.97271 13.60454 37.76 -39.43464 13.60454 35.45701 -39.43464
4 16 13.60454 35.45701 -39.43464 13.60454 37.76 -39.43464 14.78757 37.76 -39.71635 14.78757 35.45701 -39.71635
4 16 14.78757 35.45701 -39.71635 14.78757 37.76 -39.71635 16 37.76 -39.81102 16 35.45701 -39.81102
4 16 16 35.45701 -39.81102 16 37.76 -39.81102 17.21243 37.76 -39.71635 17.21243 35.45701 -39.71635
4 16 17.21243 35.45701 -39.71635 17.21243 37.76 -39.71635 18.39546 37.76 -39.43464 18.39546 35.45701 -39.43464
4 16 18.39546 35.45701 -39.43464 18.39546 37.76 -39.43464 19.52043 37.76 -38.97271 19.52043 35.45701 -38.97271
4 16 19.52043 35.45701 -38.97271 19.52043 37.76 -38.97271 20.56007 37.76 -38.34175 20.56007 35.45701 -38.34175
4 16 -26.3128 35.45701 -44.09449 -26.3128 37.76 -44.09449 -20.56007 37.76 -38.34175 -20.56007 35.45701 -38.34175
2 24 -20.56007 37.76 -38.34175 -20.56007 35.45701 -38.34175
4 16 -11.43993 35.45701 -38.34175 -11.43993 37.76 -38.34175 -5.687198 37.76 -44.09449 -5.687198 35.45701 -44.09449
2 24 -11.43993 35.45701 -38.34175 -11.43993 37.76 -38.34175
4 16 -20.56007 35.45701 -38.34175 -20.56007 37.76 -38.34175 -19.52043 37.76 -38.97271 -19.52043 35.45701 -38.97271
4 16 -19.52043 35.45701 -38.97271 -19.52043 37.76 -38.97271 -18.39546 37.76 -39.43464 -18.39546 35.45701 -39.43464
4 16 -18.39546 35.45701 -39.43464 -18.39546 37.76 -39.43464 -17.21243 37.76 -39.71635 -17.21243 35.45701 -39.71635
4 16 -17.21243 35.45701 -39.71635 -17.21243 37.76 -39.71635 -16 37.76 -39.81102 -16 35.45701 -39.81102
4 16 -16 35.45701 -39.81102 -16 37.76 -39.81102 -14.78757 37.76 -39.71635 -14.78757 35.45701 -39.71635
4 16 -14.78757 35.45701 -39.71635 -14.78757 37.76 -39.71635 -13.60454 37.76 -39.43464 -13.60454 35.45701 -39.43464
4 16 -13.60454 35.45701 -39.43464 -13.60454 37.76 -39.43464 -12.47957 37.76 -38.97271 -12.47957 35.45701 -38.97271
4 16 -12.47957 35.45701 -38.97271 -12.47957 37.76 -38.97271 -11.43993 37.76 -38.34175 -11.43993 35.45701 -38.34175
4 16 -58.3128 35.45701 -44.09449 -58.3128 37.76 -44.09449 -52.56007 37.76 -38.34175 -52.56007 35.45701 -38.34175
2 24 -52.56007 37.76 -38.34175 -52.56007 35.45701 -38.34175
4 16 -43.43993 35.45701 -38.34175 -43.43993 37.76 -38.34175 -37.6872 37.76 -44.09449 -37.6872 35.45701 -44.09449
2 24 -43.43993 35.45701 -38.34175 -43.43993 37.76 -38.34175
4 16 -52.56007 35.45701 -38.34175 -52.56007 37.76 -38.34175 -51.52043 37.76 -38.97271 -51.52043 35.45701 -38.97271
4 16 -51.52043 35.45701 -38.97271 -51.52043 37.76 -38.97271 -50.39546 37.76 -39.43464 -50.39546 35.45701 -39.43464
4 16 -50.39546 35.45701 -39.43464 -50.39546 37.76 -39.43464 -49.21243 37.76 -39.71635 -49.21243 35.45701 -39.71635
4 16 -49.21243 35.45701 -39.71635 -49.21243 37.76 -39.71635 -48 37.76 -39.81102 -48 35.45701 -39.81102
4 16 -48 35.45701 -39.81102 -48 37.76 -39.81102 -46.78757 37.76 -39.71635 -46.78757 35.45701 -39.71635
4 16 -46.78757 35.45701 -39.71635 -46.78757 37.76 -39.71635 -45.60453 37.76 -39.43464 -45.60453 35.45701 -39.43464
4 16 -45.60453 35.45701 -39.43464 -45.60453 37.76 -39.43464 -44.47956 37.76 -38.97271 -44.47956 35.45701 -38.97271
4 16 -44.47956 35.45701 -38.97271 -44.47956 37.76 -38.97271 -43.43993 37.76 -38.34175 -43.43993 35.45701 -38.34175
4 16 -74.70866 23.59433 32 -74.70866 37.76 32 -74.78905 37.76 31.08117 -74.78905 23.59433 31.08117
4 16 -74.78905 23.59433 31.08117 -74.78905 37.76 31.08117 -75.02776 37.76 30.19026 -75.02776 23.59433 30.19026
4 16 -75.02776 23.59433 30.19026 -75.02776 37.76 30.19026 -75.41756 37.76 29.35433 -75.41756 23.59433 29.35433
4 16 -75.41756 23.59433 29.35433 -75.41756 37.76 29.35433 -75.9466 37.76 28.59879 -75.9466 23.59433 28.59879
4 16 -75.9466 23.59433 28.59879 -75.9466 37.76 28.59879 -76.59879 37.76 27.9466 -76.59879 23.59433 27.9466
4 16 -76.59879 23.59433 27.9466 -76.59879 37.76 27.9466 -77.35433 37.76 27.41757 -77.35433 23.59433 27.41757
4 16 -77.35433 23.59433 27.41757 -77.35433 37.76 27.41757 -78.19025 37.76 27.02777 -78.19025 23.59433 27.02777
4 16 -78.19025 23.59433 27.02777 -78.19025 37.76 27.02777 -79.08117 37.76 26.78905 -79.08117 23.59433 26.78905
4 16 -79.08117 23.59433 26.78905 -79.08117 37.76 26.78905 -80 37.76 26.70866 -80 23.59433 26.70866
4 16 -80 23.59433 26.70866 -80 37.76 26.70866 -80.91883 37.76 26.78905 -80.91883 23.59433 26.78905
4 16 -80.91883 23.59433 26.78905 -80.91883 37.76 26.78905 -81.80974 37.76 27.02777 -81.80974 23.59433 27.02777
4 16 -81.80974 23.59433 27.02777 -81.80974 37.76 27.02777 -82.64567 37.76 27.41757 -82.64567 23.59433 27.41757
4 16 -82.64567 23.59433 27.41757 -82.64567 37.76 27.41757 -83.4012 37.76 27.9466 -83.4012 23.59433 27.9466
4 16 -83.4012 23.59433 27.9466 -83.4012 37.76 27.9466 -84.0534 37.76 28.59879 -84.0534 23.59433 28.59879
4 16 -84.0534 23.59433 28.59879 -84.0534 37.76 28.59879 -84.58243 37.76 29.35433 -84.58243 23.59433 29.35433
4 16 -84.58243 23.59433 29.35433 -84.58243 37.76 29.35433 -84.97223 37.76 30.19026 -84.97223 23.59433 30.19026
4 16 -84.97223 23.59433 30.19026 -84.97223 37.76 30.19026 -85.21095 37.76 31.08117 -85.21095 23.59433 31.08117
4 16 -85.21095 23.59433 31.08117 -85.21095 37.76 31.08117 -85.29134 37.76 32 -85.29134 23.59433 32
4 16 -85.29134 23.59433 32 -85.29134 37.76 32 -85.21095 37.76 32.91883 -85.21095 23.59433 32.91883
4 16 -85.21095 23.59433 32.91883 -85.21095 37.76 32.91883 -84.97223 37.76 33.80974 -84.97223 23.59433 33.80974
4 16 -84.97223 23.59433 33.80974 -84.97223 37.76 33.80974 -84.58243 37.76 34.64567 -84.58243 23.59433 34.64567
4 16 -84.58243 23.59433 34.64567 -84.58243 37.76 34.64567 -84.0534 37.76 35.40121 -84.0534 23.59433 35.40121
4 16 -84.0534 23.59433 35.40121 -84.0534 37.76 35.40121 -83.4012 37.76 36.0534 -83.4012 23.59433 36.0534
4 16 -83.4012 23.59433 36.0534 -83.4012 37.76 36.0534 -82.64567 37.76 36.58243 -82.64567 23.59433 36.58243
4 16 -82.64567 23.59433 36.58243 -82.64567 37.76 36.58243 -81.80974 37.76 36.97223 -81.80974 23.59433 36.97223
4 16 -81.80974 23.59433 36.97223 -81.80974 37.76 36.97223 -80.91883 37.76 37.21095 -80.91883 23.59433 37.21095
4 16 -80.91883 23.59433 37.21095 -80.91883 37.76 37.21095 -80 37.76 37.29134 -80 23.59433 37.29134
4 16 -80 23.59433 37.29134 -80 37.76 37.29134 -79.08117 37.76 37.21095 -79.08117 23.59433 37.21095
4 16 -79.08117 23.59433 37.21095 -79.08117 37.76 37.21095 -78.19025 37.76 36.97223 -78.19025 23.59433 36.97223
4 16 -78.19025 23.59433 36.97223 -78.19025 37.76 36.97223 -77.35433 37.76 36.58243 -77.35433 23.59433 36.58243
4 16 -77.35433 23.59433 36.58243 -77.35433 37.76 36.58243 -76.59879 37.76 36.0534 -76.59879 23.59433 36.0534
4 16 -76.59879 23.59433 36.0534 -76.59879 37.76 36.0534 -75.9466 37.76 35.40121 -75.9466 23.59433 35.40121
4 16 -75.9466 23.59433 35.40121 -75.9466 37.76 35.40121 -75.41756 37.76 34.64567 -75.41756 23.59433 34.64567
4 16 -75.41756 23.59433 34.64567 -75.41756 37.76 34.64567 -75.02776 37.76 33.80974 -75.02776 23.59433 33.80974
4 16 -75.02776 23.59433 33.80974 -75.02776 37.76 33.80974 -74.78905 37.76 32.91883 -74.78905 23.59433 32.91883
4 16 -74.78905 23.59433 32.91883 -74.78905 37.76 32.91883 -74.70866 37.76 32 -74.70866 23.59433 32
4 16 -42.70866 23.59433 32 -42.70866 37.76 32 -42.78905 37.76 31.08117 -42.78905 23.59433 31.08117
4 16 -42.78905 23.59433 31.08117 -42.78905 37.76 31.08117 -43.02777 37.76 30.19026 -43.02777 23.59433 30.19026
4 16 -43.02777 23.59433 30.19026 -43.02777 37.76 30.19026 -43.41757 37.76 29.35433 -43.41757 23.59433 29.35433
4 16 -43.41757 23.59433 29.35433 -43.41757 37.76 29.35433 -43.9466 37.76 28.59879 -43.9466 23.59433 28.59879
4 16 -43.9466 23.59433 28.59879 -43.9466 37.76 28.59879 -44.59879 37.76 27.9466 -44.59879 23.59433 27.9466
4 16 -44.59879 23.59433 27.9466 -44.59879 37.76 27.9466 -45.35433 37.76 27.41757 -45.35433 23.59433 27.41757
4 16 -45.35433 23.59433 27.41757 -45.35433 37.76 27.41757 -46.19025 37.76 27.02777 -46.19025 23.59433 27.02777
4 16 -46.19025 23.59433 27.02777 -46.19025 37.76 27.02777 -47.08117 37.76 26.78905 -47.08117 23.59433 26.78905
4 16 -47.08117 23.59433 26.78905 -47.08117 37.76 26.78905 -48 37.76 26.70866 -48 23.59433 26.70866
4 16 -48 23.59433 26.70866 -48 37.76 26.70866 -48.91883 37.76 26.78905 -48.91883 23.59433 26.78905
4 16 -48.91883 23.59433 26.78905 -48.91883 37.76 26.78905 -49.80974 37.76 27.02777 -49.80974 23.59433 27.02777
4 16 -49.80974 23.59433 27.02777 -49.80974 37.76 27.02777 -50.64567 37.76 27.41757 -50.64567 23.59433 27.41757
4 16 -50.64567 23.59433 27.41757 -50.64567 37.76 27.41757 -51.40121 37.76 27.9466 -51.40121 23.59433 27.9466
4 16 -51.40121 23.59433 27.9466 -51.40121 37.76 27.9466 -52.0534 37.76 28.59879 -52.0534 23.59433 28.59879
4 16 -52.0534 23.59433 28.59879 -52.0534 37.76 28.59879 -52.58243 37.76 29.35433 -52.58243 23.59433 29.35433
4 16 -52.58243 23.59433 29.35433 -52.58243 37.76 29.35433 -52.97223 37.76 30.19026 -52.97223 23.59433 30.19026
4 16 -52.97223 23.59433 30.19026 -52.97223 37.76 30.19026 -53.21095 37.76 31.08117 -53.21095 23.59433 31.08117
4 16 -53.21095 23.59433 31.08117 -53.21095 37.76 31.08117 -53.29134 37.76 32 -53.29134 23.59433 32
4 16 -53.29134 23.59433 32 -53.29134 37.76 32 -53.21095 37.76 32.91883 -53.21095 23.59433 32.91883
4 16 -53.21095 23.59433 32.91883 -53.21095 37.76 32.91883 -52.97223 37.76 33.80974 -52.97223 23.59433 33.80974
4 16 -52.97223 23.59433 33.80974 -52.97223 37.76 33.80974 -52.58243 37.76 34.64567 -52.58243 23.59433 34.64567
4 16 -52.58243 23.59433 34.64567 -52.58243 37.76 34.64567 -52.0534 37.76 35.40121 -52.0534 23.59433 35.40121
4 16 -52.0534 23.59433 35.40121 -52.0534 37.76 35.40121 -51.40121 37.76 36.0534 -51.40121 23.59433 36.0534
4 16 -51.40121 23.59433 36.0534 -51.40121 37.76 36.0534 -50.64567 37.76 36.58243 -50.64567 23.59433 36.58243
4 16 -50.64567 23.59433 36.58243 -50.64567 37.76 36.58243 -49.80974 37.76 36.97223 -49.80974 23.59433 36.97223
4 16 -49.80974 23.59433 36.97223 -49.80974 37.76 36.97223 -48.91883 37.76 37.21095 -48.91883 23.59433 37.21095
4 16 -48.91883 23.59433 37.21095 -48.91883 37.76 37.21095 -48 37.76 37.29134 -48 23.59433 37.29134
4 16 -48 23.59433 37.29134 -48 37.76 37.29134 -47.08117 37.76 37.21095 -47.08117 23.59433 37.21095
4 16 -47.08117 23.59433 37.21095 -47.08117 37.76 37.21095 -46.19025 37.76 36.97223 -46.19025 23.59433 36.97223
4 16 -46.19025 23.59433 36.97223 -46.19025 37.76 36.97223 -45.35433 37.76 36.58243 -45.35433 23.59433 36.58243
4 16 -45.35433 23.59433 36.58243 -45.35433 37.76 36.58243 -44.59879 37.76 36.0534 -44.59879 23.59433 36.0534
4 16 -44.59879 23.59433 36.0534 -44.59879 37.76 36.0534 -43.9466 37.76 35.40121 -43.9466 23.59433 35.40121
4 16 -43.9466 23.59433 35.40121 -43.9466 37.76 35.40121 -43.41757 37.76 34.64567 -43.41757 23.59433 34.64567
4 16 -43.41757 23.59433 34.64567 -43.41757 37.76 34.64567 -43.02777 37.76 33.80974 -43.02777 23.59433 33.80974
4 16 -43.02777 23.59433 33.80974 -43.02777 37.76 33.80974 -42.78905 37.76 32.91883 -42.78905 23.59433 32.91883
4 16 -42.78905 23.59433 32.91883 -42.78905 37.76 32.91883 -42.70866 37.76 32 -42.70866 23.59433 32
4 16 -10.70866 23.59433 32 -10.70866 37.76 32 -10.78905 37.76 31.08117 -10.78905 23.59433 31.08117
4 16 -10.78905 23.59433 31.08117 -10.78905 37.76 31.08117 -11.02777 37.76 30.19026 -11.02777 23.59433 30.19026
4 16 -11.02777 23.59433 30.19026 -11.02777 37.76 30.19026 -11.41757 37.76 29.35433 -11.41757 23.59433 29.35433
4 16 -11.41757 23.59433 29.35433 -11.41757 37.76 29.35433 -11.9466 37.76 28.59879 -11.9466 23.59433 28.59879
4 16 -11.9466 23.59433 28.59879 -11.9466 37.76 28.59879 -12.59879 37.76 27.9466 -12.59879 23.59433 27.9466
4 16 -12.59879 23.59433 27.9466 -12.59879 37.76 27.9466 -13.35433 37.76 27.41757 -13.35433 23.59433 27.41757
4 16 -13.35433 23.59433 27.41757 -13.35433 37.76 27.41757 -14.19026 37.76 27.02777 -14.19026 23.59433 27.02777
4 16 -14.19026 23.59433 27.02777 -14.19026 37.76 27.02777 -15.08117 37.76 26.78905 -15.08117 23.59433 26.78905
4 16 -15.08117 23.59433 26.78905 -15.08117 37.76 26.78905 -16 37.76 26.70866 -16 23.59433 26.70866
4 16 -16 23.59433 26.70866 -16 37.76 26.70866 -16.91883 37.76 26.78905 -16.91883 23.59433 26.78905
4 16 -16.91883 23.59433 26.78905 -16.91883 37.76 26.78905 -17.80974 37.76 27.02777 -17.80974 23.59433 27.02777
4 16 -17.80974 23.59433 27.02777 -17.80974 37.76 27.02777 -18.64567 37.76 27.41757 -18.64567 23.59433 27.41757
4 16 -18.64567 23.59433 27.41757 -18.64567 37.76 27.41757 -19.40121 37.76 27.9466 -19.40121 23.59433 27.9466
4 16 -19.40121 23.59433 27.9466 -19.40121 37.76 27.9466 -20.0534 37.76 28.59879 -20.0534 23.59433 28.59879
4 16 -20.0534 23.59433 28.59879 -20.0534 37.76 28.59879 -20.58243 37.76 29.35433 -20.58243 23.59433 29.35433
4 16 -20.58243 23.59433 29.35433 -20.58243 37.76 29.35433 -20.97223 37.76 30.19026 -20.97223 23.59433 30.19026
4 16 -20.97223 23.59433 30.19026 -20.97223 37.76 30.19026 -21.21095 37.76 31.08117 -21.21095 23.59433 31.08117
4 16 -21.21095 23.59433 31.08117 -21.21095 37.76 31.08117 -21.29134 37.76 32 -21.29134 23.59433 32
4 16 -21.29134 23.59433 32 -21.29134 37.76 32 -21.21095 37.76 32.91883 -21.21095 23.59433 32.91883
4 16 -21.21095 23.59433 32.91883 -21.21095 37.76 32.91883 -20.97223 37.76 33.80974 -20.97223 23.59433 33.80974
4 16 -20.97223 23.59433 33.80974 -20.97223 37.76 33.80974 -20.58243 37.76 34.64567 -20.58243 23.59433 34.64567
4 16 -20.58243 23.59433 34.64567 -20.58243 37.76 34.64567 -20.0534 37.76 35.40121 -20.0534 23.59433 35.40121
4 16 -20.0534 23.59433 35.40121 -20.0534 37.76 35.40121 -19.40121 37.76 36.0534 -19.40121 23.59433 36.0534
4 16 -19.40121 23.59433 36.0534 -19.40121 37.76 36.0534 -18.64567 37.76 36.58243 -18.64567 23.59433 36.58243
4 16 -18.64567 23.59433 36.58243 -18.64567 37.76 36.58243 -17.80974 37.76 36.97223 -17.80974 23.59433 36.97223
4 16 -17.80974 23.59433 36.97223 -17.80974 37.76 36.97223 -16.91883 37.76 37.21095 -16.91883 23.59433 37.21095
4 16 -16.91883 23.59433 37.21095 -16.91883 37.76 37.21095 -16 37.76 37.29134 -16 23.59433 37.29134
4 16 -16 23.59433 37.29134 -16 37.76 37.29134 -15.08117 37.76 37.21095 -15.08117 23.59433 37.21095
4 16 -15.08117 23.59433 37.21095 -15.08117 37.76 37.21095 -14.19026 37.76 36.97223 -14.19026 23.59433 36.97223
4 16 -14.19026 23.59433 36.97223 -14.19026 37.76 36.97223 -13.35433 37.76 36.58243 -13.35433 23.59433 36.58243
4 16 -13.35433 23.59433 36.58243 -13.35433 37.76 36.58243 -12.59879 37.76 36.0534 -12.59879 23.59433 36.0534
4 16 -12.59879 23.59433 36.0534 -12.59879 37.76 36.0534 -11.9466 37.76 35.40121 -11.9466 23.59433 35.40121
4 16 -11.9466 23.59433 35.40121 -11.9466 37.76 35.40121 -11.41757 37.76 34.64567 -11.41757 23.59433 34.64567
4 16 -11.41757 23.59433 34.64567 -11.41757 37.76 34.64567 -11.02777 37.76 33.80974 -11.02777 23.59433 33.80974
4 16 -11.02777 23.59433 33.80974 -11.02777 37.76 33.80974 -10.78905 37.76 32.91883 -10.78905 23.59433 32.91883
4 16 -10.78905 23.59433 32.91883 -10.78905 37.76 32.91883 -10.70866 37.76 32 -10.70866 23.59433 32
4 16 21.29134 23.59433 32 21.29134 37.76 32 21.21095 37.76 31.08117 21.21095 23.59433 31.08117
4 16 21.21095 23.59433 31.08117 21.21095 37.76 31.08117 20.97223 37.76 30.19026 20.97223 23.59433 30.19026
4 16 20.97223 23.59433 30.19026 20.97223 37.76 30.19026 20.58243 37.76 29.35433 20.58243 23.59433 29.35433
4 16 20.58243 23.59433 29.35433 20.58243 37.76 29.35433 20.0534 37.76 28.59879 20.0534 23.59433 28.59879
4 16 20.0534 23.59433 28.59879 20.0534 37.76 28.59879 19.40121 37.76 27.9466 19.40121 23.59433 27.9466
4 16 19.40121 23.59433 27.9466 19.40121 37.76 27.9466 18.64567 37.76 27.41757 18.64567 23.59433 27.41757
4 16 18.64567 23.59433 27.41757 18.64567 37.76 27.41757 17.80974 37.76 27.02777 17.80974 23.59433 27.02777
4 16 17.80974 23.59433 27.02777 17.80974 37.76 27.02777 16.91883 37.76 26.78905 16.91883 23.59433 26.78905
4 16 16.91883 23.59433 26.78905 16.91883 37.76 26.78905 16 37.76 26.70866 16 23.59433 26.70866
4 16 16 23.59433 26.70866 16 37.76 26.70866 15.08117 37.76 26.78905 15.08117 23.59433 26.78905
4 16 15.08117 23.59433 26.78905 15.08117 37.76 26.78905 14.19026 37.76 27.02777 14.19026 23.59433 27.02777
4 16 14.19026 23.59433 27.02777 14.19026 37.76 27.02777 13.35433 37.76 27.41757 13.35433 23.59433 27.41757
4 16 13.35433 23.59433 27.41757 13.35433 37.76 27.41757 12.59879 37.76 27.9466 12.59879 23.59433 27.9466
4 16 12.59879 23.59433 27.9466 12.59879 37.76 27.9466 11.9466 37.76 28.59879 11.9466 23.59433 28.59879
4 16 11.9466 23.59433 28.59879 11.9466 37.76 28.59879 11.41757 37.76 29.35433 11.41757 23.59433 29.35433
4 16 11.41757 23.59433 29.35433 11.41757 37.76 29.35433 11.02777 37.76 30.19026 11.02777 23.59433 30.19026
4 16 11.02777 23.59433 30.19026 11.02777 37.76 30.19026 10.78905 37.76 31.08117 10.78905 23.59433 31.08117
4 16 10.78905 23.59433 31.08117 10.78905 37.76 31.08117 10.70866 37.76 32 10.70866 23.59433 32
4 16 10.70866 23.59433 32 10.70866 37.76 32 10.78905 37.76 32.91883 10.78905 23.59433 32.91883
4 16 10.78905 23.59433 32.91883 10.78905 37.76 32.91883 11.02777 37.76 33.80974 11.02777 23.59433 33.80974
4 16 11.02777 23.59433 33.80974 11.02777 37.76 33.80974 11.41757 37.76 34.64567 11.41757 23.59433 34.64567
4 16 11.41757 23.59433 34.64567 11.41757 37.76 34.64567 11.9466 37.76 35.40121 11.9466 23.59433 35.40121
4 16 11.9466 23.59433 35.40121 11.9466 37.76 35.40121 12.59879 37.76 36.0534 12.59879 23.59433 36.0534
4 16 12.59879 23.59433 36.0534 12.59879 37.76 36.0534 13.35433 37.76 36.58243 13.35433 23.59433 36.58243
4 16 13.35433 23.59433 36.58243 13.35433 37.76 36.58243 14.19026 37.76 36.97223 14.19026 23.59433 36.97223
4 16 14.19026 23.59433 36.97223 14.19026 37.76 36.97223 15.08117 37.76 37.21095 15.08117 23.59433 37.21095
4 16 15.08117 23.59433 37.21095 15.08117 37.76 37.21095 16 37.76 37.29134 16 23.59433 37.29134
4 16 16 23.59433 37.29134 16 37.76 37.29134 16.91883 37.76 37.21095 16.91883 23.59433 37.21095
4 16 16.91883 23.59433 37.21095 16.91883 37.76 37.21095 17.80974 37.76 36.97223 17.80974 23.59433 36.97223
4 16 17.80974 23.59433 36.97223 17.80974 37.76 36.97223 18.64567 37.76 36.58243 18.64567 23.59433 36.58243
4 16 18.64567 23.59433 36.58243 18.64567 37.76 36.58243 19.40121 37.76 36.0534 19.40121 23.59433 36.0534
4 16 19.40121 23.59433 36.0534 19.40121 37.76 36.0534 20.0534 37.76 35.40121 20.0534 23.59433 35.40121
4 16 20.0534 23.59433 35.40121 20.0534 37.76 35.40121 20.58243 37.76 34.64567 20.58243 23.59433 34.64567
4 16 20.58243 23.59433 34.64567 20.58243 37.76 34.64567 20.97223 37.76 33.80974 20.97223 23.59433 33.80974
4 16 20.97223 23.59433 33.80974 20.97223 37.76 33.80974 21.21095 37.76 32.91883 21.21095 23.59433 32.91883
4 16 21.21095 23.59433 32.91883 21.21095 37.76 32.91883 21.29134 37.76 32 21.29134 23.59433 32
4 16 53.29134 23.59433 32 53.29134 37.76 32 53.21095 37.76 31.08117 53.21095 23.59433 31.08117
4 16 53.21095 23.59433 31.08117 53.21095 37.76 31.08117 52.97223 37.76 30.19026 52.97223 23.59433 30.19026
4 16 52.97223 23.59433 30.19026 52.97223 37.76 30.19026 52.58243 37.76 29.35433 52.58243 23.59433 29.35433
4 16 52.58243 23.59433 29.35433 52.58243 37.76 29.35433 52.0534 37.76 28.59879 52.0534 23.59433 28.59879
4 16 52.0534 23.59433 28.59879 52.0534 37.76 28.59879 51.40121 37.76 27.9466 51.40121 23.59433 27.9466
4 16 51.40121 23.59433 27.9466 51.40121 37.76 27.9466 50.64567 37.76 27.41757 50.64567 23.59433 27.41757
4 16 50.64567 23.59433 27.41757 50.64567 37.76 27.41757 49.80974 37.76 27.02777 49.80974 23.59433 27.02777
4 16 49.80974 23.59433 27.02777 49.80974 37.76 27.02777 48.91883 37.76 26.78905 48.91883 23.59433 26.78905
4 16 48.91883 23.59433 26.78905 48.91883 37.76 26.78905 48 37.76 26.70866 48 23.59433 26.70866
4 16 48 23.59433 26.70866 48 37.76 26.70866 47.08117 37.76 26.78905 47.08117 23.59433 26.78905
4 16 47.08117 23.59433 26.78905 47.08117 37.76 26.78905 46.19025 37.76 27.02777 46.19025 23.59433 27.02777
4 16 46.19025 23.59433 27.02777 46.19025 37.76 27.02777 45.35433 37.76 27.41757 45.35433 23.59433 27.41757
4 16 45.35433 23.59433 27.41757 45.35433 37.76 27.41757 44.59879 37.76 27.9466 44.59879 23.59433 27.9466
4 16 44.59879 23.59433 27.9466 44.59879 37.76 27.9466 43.9466 37.76 28.59879 43.9466 23.59433 28.59879
4 16 43.9466 23.59433 28.59879 43.9466 37.76 28.59879 43.41757 37.76 29.35433 43.41757 23.59433 29.35433
4 16 43.41757 23.59433 29.35433 43.41757 37.76 29.35433 43.02777 37.76 30.19026 43.02777 23.59433 30.19026
4 16 43.02777 23.59433 30.19026 43.02777 37.76 30.19026 42.78905 37.76 31.08117 42.78905 23.59433 31.08117
4 16 42.78905 23.59433 31.08117 42.78905 37.76 31.08117 42.70866 37.76 32 42.70866 23.59433 32
4 16 42.70866 23.59433 32 42.70866 37.76 32 42.78905 37.76 32.91883 42.78905 23.59433 32.91883
4 16 42.78905 23.59433 32.91883 42.78905 37.76 32.91883 43.02777 37.76 33.80974 43.02777 23.59433 33.80974
4 16 43.02777 23.59433 33.80974 43.02777 37.76 33.80974 43.41757 37.76 34.64567 43.41757 23.59433 34.64567
4 16 43.41757 23.59433 34.64567 43.41757 37.76 34.64567 43.9466 37.76 35.40121 43.9466 23.59433 35.40121
4 16 43.9466 23.59433 35.40121 43.9466 37.76 35.40121 44.59879 37.76 36.0534 44.59879 23.59433 36.0534
4 16 44.59879 23.59433 36.0534 44.59879 37.76 36.0534 45.35433 37.76 36.58243 45.35433 23.59433 36.58243
4 16 45.35433 23.59433 36.58243 45.35433 37.76 36.58243 46.19025 37.76 36.97223 46.19025 23.59433 36.97223
4 16 46.19025 23.59433 36.97223 46.19025 37.76 36.97223 47.08117 37.76 37.21095 47.08117 23.59433 37.21095
4 16 47.08117 23.59433 37.21095 47.08117 37.76 37.21095 48 37.76 37.29134 48 23.59433 37.29134
4 16 48 23.59433 37.29134 48 37.76 37.29134 48.91883 37.76 37.21095 48.91883 23.59433 37.21095
4 16 48.91883 23.59433 37.21095 48.91883 37.76 37.21095 49.80974 37.76 36.97223 49.80974 23.59433 36.97223
4 16 49.80974 23.59433 36.97223 49.80974 37.76 36.97223 50.64567 37.76 36.58243 50.64567 23.59433 36.58243
4 16 50.64567 23.59433 36.58243 50.64567 37.76 36.58243 51.40121 37.76 36.0534 51.40121 23.59433 36.0534
4 16 51.40121 23.59433 36.0534 51.40121 37.76 36.0534 52.0534 37.76 35.40121 52.0534 23.59433 35.40121
4 16 52.0534 23.59433 35.40121 52.0534 37.76 35.40121 52.58243 37.76 34.64567 52.58243 23.59433 34.64567
4 16 52.58243 23.59433 34.64567 52.58243 37.76 34.64567 52.97223 37.76 33.80974 52.97223 23.59433 33.80974
4 16 52.97223 23.59433 33.80974 52.97223 37.76 33.80974 53.21095 37.76 32.91883 53.21095 23.59433 32.91883
4 16 53.21095 23.59433 32.91883 53.21095 37.76 32.91883 53.29134 37.76 32 53.29134 23.59433 32
4 16 85.29134 23.59433 32 85.29134 37.76 32 85.21095 37.76 31.08117 85.21095 23.59433 31.08117
4 16 85.21095 23.59433 31.08117 85.21095 37.76 31.08117 84.97223 37.76 30.19026 84.97223 23.59433 30.19026
4 16 84.97223 23.59433 30.19026 84.97223 37.76 30.19026 84.58243 37.76 29.35433 84.58243 23.59433 29.35433
4 16 84.58243 23.59433 29.35433 84.58243 37.76 29.35433 84.0534 37.76 28.59879 84.0534 23.59433 28.59879
4 16 84.0534 23.59433 28.59879 84.0534 37.76 28.59879 83.4012 37.76 27.9466 83.4012 23.59433 27.9466
4 16 83.4012 23.59433 27.9466 83.4012 37.76 27.9466 82.64567 37.76 27.41757 82.64567 23.59433 27.41757
4 16 82.64567 23.59433 27.41757 82.64567 37.76 27.41757 81.80974 37.76 27.02777 81.80974 23.59433 27.02777
4 16 81.80974 23.59433 27.02777 81.80974 37.76 27.02777 80.91883 37.76 26.78905 80.91883 23.59433 26.78905
4 16 80.91883 23.59433 26.78905 80.91883 37.76 26.78905 80 37.76 26.70866 80 23.59433 26.70866
4 16 80 23.59433 26.70866 80 37.76 26.70866 79.08117 37.76 26.78905 79.08117 23.59433 26.78905
4 16 79.08117 23.59433 26.78905 79.08117 37.76 26.78905 78.19025 37.76 27.02777 78.19025 23.59433 27.02777
4 16 78.19025 23.59433 27.02777 78.19025 37.76 27.02777 77.35433 37.76 27.41757 77.35433 23.59433 27.41757
4 16 77.35433 23.59433 27.41757 77.35433 37.76 27.41757 76.59879 37.76 27.9466 76.59879 23.59433 27.9466
4 16 76.59879 23.59433 27.9466 76.59879 37.76 27.9466 75.9466 37.76 28.59879 75.9466 23.59433 28.59879
4 16 75.9466 23.59433 28.59879 75.9466 37.76 28.59879 75.41756 37.76 29.35433 75.41756 23.59433 29.35433
4 16 75.41756 23.59433 29.35433 75.41756 37.76 29.35433 75.02776 37.76 30.19026 75.02776 23.59433 30.19026
4 16 75.02776 23.59433 30.19026 75.02776 37.76 30.19026 74.78905 37.76 31.08117 74.78905 23.59433 31.08117
4 16 74.78905 23.59433 31.08117 74.78905 37.76 31.08117 74.70866 37.76 32 74.70866 23.59433 32
4 16 74.70866 23.59433 32 74.70866 37.76 32 74.78905 37.76 32.91883 74.78905 23.59433 32.91883
4 16 74.78905 23.59433 32.91883 74.78905 37.76 32.91883 75.02776 37.76 33.80974 75.02776 23.59433 33.80974
4 16 75.02776 23.59433 33.80974 75.02776 37.76 33.80974 75.41756 37.76 34.64567 75.41756 23.59433 34.64567
4 16 75.41756 23.59433 34.64567 75.41756 37.76 34.64567 75.9466 37.76 35.40121 75.9466 23.59433 35.40121
4 16 75.9466 23.59433 35.40121 75.9466 37.76 35.40121 76.59879 37.76 36.0534 76.59879 23.59433 36.0534
4 16 76.59879 23.59433 36.0534 76.59879 37.76 36.0534 77.35433 37.76 36.58243 77.35433 23.59433 36.58243
4 16 77.35433 23.59433 36.58243 77.35433 37.76 36.58243 78.19025 37.76 36.97223 78.19025 23.59433 36.97223
4 16 78.19025 23.59433 36.97223 78.19025 37.76 36.97223 79.08117 37.76 37.21095 79.08117 23.59433 37.21095
4 16 79.08117 23.59433 37.21095 79.08117 37.76 37.21095 80 37.76 37.29134 80 23.59433 37.29134
4 16 80 23.59433 37.29134 80 37.76 37.29134 80.91883 37.76 37.21095 80.91883 23.59433 37.21095
4 16 80.91883 23.59433 37.21095 80.91883 37.76 37.21095 81.80974 37.76 36.97223 81.80974 23.59433 36.97223
4 16 81.80974 23.59433 36.97223 81.80974 37.76 36.97223 82.64567 37.76 36.58243 82.64567 23.59433 36.58243
4 16 82.64567 23.59433 36.58243 82.64567 37.76 36.58243 83.4012 37.76 36.0534 83.4012 23.59433 36.0534
4 16 83.4012 23.59433 36.0534 83.4012 37.76 36.0534 84.0534 37.76 35.40121 84.0534 23.59433 35.40121
4 16 84.0534 23.59433 35.40121 84.0534 37.76 35.40121 84.58243 37.76 34.64567 84.58243 23.59433 34.64567
4 16 84.58243 23.59433 34.64567 84.58243 37.76 34.64567 84.97223 37.76 33.80974 84.97223 23.59433 33.80974
4 16 84.97223 23.59433 33.80974 84.97223 37.76 33.80974 85.21095 37.76 32.91883 85.21095 23.59433 32.91883
4 16 85.21095 23.59433 32.91883 85.21095 37.76 32.91883 85.29134 37.76 32 85.29134 23.59433 32
4 16 73.65824 37.76 36.56007 73.65824 35.45701 36.56007 66.12382 35.45701 44.09449 66.12382 37.76 44.09449
2 24 73.65824 37.76 36.56007 73.65824 35.45701 36.56007
4 16 73.65824 35.45701 36.56007 73.65824 37.76 36.56007 73.03452 37.76 35.53471 73.03452 35.45701 35.53471
4 16 73.03452 35.45701 35.53471 73.03452 37.76 35.53471 72.57524 37.76 34.42591 72.57524 35.45701 34.42591
4 16 72.57524 35.45701 34.42591 72.57524 37.76 34.42591 72.29125 37.76 33.25984 72.29125 35.45701 33.25984
2 24 72.29125 35.45701 33.25984 72.29125 37.76 33.25984
4 16 55.70875 37.76 33.25984 55.70875 35.45701 33.25984 72.29125 35.45701 33.25984 72.29125 37.76 33.25984
2 24 55.70875 37.76 33.25984 55.70875 35.45701 33.25984
4 16 55.70875 35.45701 33.25984 55.70875 37.76 33.25984 55.42476 37.76 34.42591 55.42476 35.45701 34.42591
4 16 55.42476 35.45701 34.42591 55.42476 37.76 34.42591 54.96548 37.76 35.53471 54.96548 35.45701 35.53471
4 16 54.96548 35.45701 35.53471 54.96548 37.76 35.53471 54.34176 37.76 36.56007 54.34176 35.45701 36.56007
2 24 54.34176 37.76 36.56007 54.34176 35.45701 36.56007
4 16 54.34176 35.45701 36.56007 54.34176 37.76 36.56007 61.87617 37.76 44.09449 61.87617 35.45701 44.09449
4 16 41.65825 37.76 36.56007 41.65825 35.45701 36.56007 34.12382 35.45701 44.09449 34.12382 37.76 44.09449
2 24 41.65825 37.76 36.56007 41.65825 35.45701 36.56007
4 16 41.65825 35.45701 36.56007 41.65825 37.76 36.56007 41.03452 37.76 35.53471 41.03452 35.45701 35.53471
4 16 41.03452 35.45701 35.53471 41.03452 37.76 35.53471 40.57524 37.76 34.42591 40.57524 35.45701 34.42591
4 16 40.57524 35.45701 34.42591 40.57524 37.76 34.42591 40.29125 37.76 33.25984 40.29125 35.45701 33.25984
2 24 40.29125 35.45701 33.25984 40.29125 37.76 33.25984
4 16 23.70875 37.76 33.25984 23.70875 35.45701 33.25984 40.29125 35.45701 33.25984 40.29125 37.76 33.25984
2 24 23.70875 37.76 33.25984 23.70875 35.45701 33.25984
4 16 23.70875 35.45701 33.25984 23.70875 37.76 33.25984 23.42476 37.76 34.42591 23.42476 35.45701 34.42591
4 16 23.42476 35.45701 34.42591 23.42476 37.76 34.42591 22.96548 37.76 35.53471 22.96548 35.45701 35.53471
4 16 22.96548 35.45701 35.53471 22.96548 37.76 35.53471 22.34175 37.76 36.56007 22.34175 35.45701 36.56007
2 24 22.34175 37.76 36.56007 22.34175 35.45701 36.56007
4 16 22.34175 35.45701 36.56007 22.34175 37.76 36.56007 29.87617 37.76 44.09449 29.87617 35.45701 44.09449
4 16 9.658244 37.76 36.56007 9.658244 35.45701 36.56007 2.123825 35.45701 44.09449 2.123825 37.76 44.09449
2 24 9.658244 37.76 36.56007 9.658244 35.45701 36.56007
4 16 9.658244 35.45701 36.56007 9.658244 37.76 36.56007 9.034523 37.76 35.53471 9.034523 35.45701 35.53471
4 16 9.034523 35.45701 35.53471 9.034523 37.76 35.53471 8.575242 37.76 34.42591 8.575242 35.45701 34.42591
4 16 8.575242 35.45701 34.42591 8.575242 37.76 34.42591 8.291246 37.76 33.25984 8.291246 35.45701 33.25984
2 24 8.291246 35.45701 33.25984 8.291246 37.76 33.25984
4 16 -8.291246 37.76 33.25984 -8.291246 35.45701 33.25984 8.291246 35.45701 33.25984 8.291246 37.76 33.25984
2 24 -8.291246 37.76 33.25984 -8.291246 35.45701 33.25984
4 16 -8.291246 35.45701 33.25984 -8.291246 37.76 33.25984 -8.575242 37.76 34.42591 -8.575242 35.45701 34.42591
4 16 -8.575242 35.45701 34.42591 -8.575242 37.76 34.42591 -9.034523 37.76 35.53471 -9.034523 35.45701 35.53471
4 16 -9.034523 35.45701 35.53471 -9.034523 37.76 35.53471 -9.658244 37.76 36.56007 -9.658244 35.45701 36.56007
2 24 -9.658244 37.76 36.56007 -9.658244 35.45701 36.56007
4 16 -9.658244 35.45701 36.56007 -9.658244 37.76 36.56007 -2.123825 37.76 44.09449 -2.123825 35.45701 44.09449
4 16 -22.34175 37.76 36.56007 -22.34175 35.45701 36.56007 -29.87617 35.45701 44.09449 -29.87617 37.76 44.09449
2 24 -22.34175 37.76 36.56007 -22.34175 35.45701 36.56007
4 16 -22.34175 35.45701 36.56007 -22.34175 37.76 36.56007 -22.96548 37.76 35.53471 -22.96548 35.45701 35.53471
4 16 -22.96548 35.45701 35.53471 -22.96548 37.76 35.53471 -23.42476 37.76 34.42591 -23.42476 35.45701 34.42591
4 16 -23.42476 35.45701 34.42591 -23.42476 37.76 34.42591 -23.70875 37.76 33.25984 -23.70875 35.45701 33.25984
2 24 -23.70875 35.45701 33.25984 -23.70875 37.76 33.25984
4 16 -40.29125 37.76 33.25984 -40.29125 35.45701 33.25984 -23.70875 35.45701 33.25984 -23.70875 37.76 33.25984
2 24 -40.29125 37.76 33.25984 -40.29125 35.45701 33.25984
4 16 -40.29125 35.45701 33.25984 -40.29125 37.76 33.25984 -40.57524 37.76 34.42591 -40.57524 35.45701 34.42591
4 16 -40.57524 35.45701 34.42591 -40.57524 37.76 34.42591 -41.03452 37.76 35.53471 -41.03452 35.45701 35.53471
4 16 -41.03452 35.45701 35.53471 -41.03452 37.76 35.53471 -41.65825 37.76 36.56007 -41.65825 35.45701 36.56007
2 24 -41.65825 37.76 36.56007 -41.65825 35.45701 36.56007
4 16 -41.65825 35.45701 36.56007 -41.65825 37.76 36.56007 -34.12382 37.76 44.09449 -34.12382 35.45701 44.09449
4 16 -54.34176 37.76 36.56007 -54.34176 35.45701 36.56007 -61.87617 35.45701 44.09449 -61.87617 37.76 44.09449
2 24 -54.34176 37.76 36.56007 -54.34176 35.45701 36.56007
4 16 -54.34176 35.45701 36.56007 -54.34176 37.76 36.56007 -54.96548 37.76 35.53471 -54.96548 35.45701 35.53471
4 16 -54.96548 35.45701 35.53471 -54.96548 37.76 35.53471 -55.42476 37.76 34.42591 -55.42476 35.45701 34.42591
4 16 -55.42476 35.45701 34.42591 -55.42476 37.76 34.42591 -55.70875 37.76 33.25984 -55.70875 35.45701 33.25984
2 24 -55.70875 35.45701 33.25984 -55.70875 37.76 33.25984
4 16 -72.29125 37.76 33.25984 -72.29125 35.45701 33.25984 -55.70875 35.45701 33.25984 -55.70875 37.76 33.25984
2 24 -72.29125 37.76 33.25984 -72.29125 35.45701 33.25984
4 16 -72.29125 35.45701 33.25984 -72.29125 37.76 33.25984 -72.57524 37.76 34.42591 -72.57524 35.45701 34.42591
4 16 -72.57524 35.45701 34.42591 -72.57524 37.76 34.42591 -73.03452 37.76 35.53471 -73.03452 35.45701 35.53471
4 16 -73.03452 35.45701 35.53471 -73.03452 37.76 35.53471 -73.65824 37.76 36.56007 -73.65824 35.45701 36.56007
2 24 -73.65824 37.76 36.56007 -73.65824 35.45701 36.56007
4 16 -73.65824 35.45701 36.56007 -73.65824 37.76 36.56007 -66.12382 37.76 44.09449 -66.12382 35.45701 44.09449
4 16 -66.12382 35.45701 19.90551 -66.12382 37.76 19.90551 -73.65824 37.76 27.43993 -73.65824 35.45701 27.43993
2 24 -73.65824 37.76 27.43993 -73.65824 35.45701 27.43993
4 16 -73.65824 35.45701 27.43993 -73.65824 37.76 27.43993 -73.03452 37.76 28.46528 -73.03452 35.45701 28.46528
4 16 -73.03452 35.45701 28.46528 -73.03452 37.76 28.46528 -72.57524 37.76 29.57409 -72.57524 35.45701 29.57409
4 16 -72.57524 35.45701 29.57409 -72.57524 37.76 29.57409 -72.29125 37.76 30.74016 -72.29125 35.45701 30.74016
4 16 -55.70875 35.45701 30.74016 -55.70875 37.76 30.74016 -55.42476 37.76 29.57409 -55.42476 35.45701 29.57409
4 16 -55.42476 35.45701 29.57409 -55.42476 37.76 29.57409 -54.96548 37.76 28.46528 -54.96548 35.45701 28.46528
4 16 -54.96548 35.45701 28.46528 -54.96548 37.76 28.46528 -54.34176 37.76 27.43993 -54.34176 35.45701 27.43993
2 24 -54.34176 37.76 27.43993 -54.34176 35.45701 27.43993
4 16 -54.34176 35.45701 27.43993 -54.34176 37.76 27.43993 -61.87617 37.76 19.90551 -61.87617 35.45701 19.90551
4 16 -34.12382 35.45701 19.90551 -34.12382 37.76 19.90551 -41.65825 37.76 27.43993 -41.65825 35.45701 27.43993
2 24 -41.65825 37.76 27.43993 -41.65825 35.45701 27.43993
4 16 -41.65825 35.45701 27.43993 -41.65825 37.76 27.43993 -41.03452 37.76 28.46528 -41.03452 35.45701 28.46528
4 16 -41.03452 35.45701 28.46528 -41.03452 37.76 28.46528 -40.57524 37.76 29.57409 -40.57524 35.45701 29.57409
4 16 -40.57524 35.45701 29.57409 -40.57524 37.76 29.57409 -40.29125 37.76 30.74016 -40.29125 35.45701 30.74016
4 16 -23.70875 35.45701 30.74016 -23.70875 37.76 30.74016 -23.42476 37.76 29.57409 -23.42476 35.45701 29.57409
4 16 -23.42476 35.45701 29.57409 -23.42476 37.76 29.57409 -22.96548 37.76 28.46528 -22.96548 35.45701 28.46528
4 16 -22.96548 35.45701 28.46528 -22.96548 37.76 28.46528 -22.34175 37.76 27.43993 -22.34175 35.45701 27.43993
2 24 -22.34175 37.76 27.43993 -22.34175 35.45701 27.43993
4 16 -22.34175 35.45701 27.43993 -22.34175 37.76 27.43993 -29.87617 37.76 19.90551 -29.87617 35.45701 19.90551
4 16 -2.123825 35.45701 19.90551 -2.123825 37.76 19.90551 -9.658244 37.76 27.43993 -9.658244 35.45701 27.43993
2 24 -9.658244 37.76 27.43993 -9.658244 35.45701 27.43993
4 16 -9.658244 35.45701 27.43993 -9.658244 37.76 27.43993 -9.034523 37.76 28.46528 -9.034523 35.45701 28.46528
4 16 -9.034523 35.45701 28.46528 -9.034523 37.76 28.46528 -8.575242 37.76 29.57409 -8.575242 35.45701 29.57409
4 16 -8.575242 35.45701 29.57409 -8.575242 37.76 29.57409 -8.291246 37.76 30.74016 -8.291246 35.45701 30.74016
4 16 8.291246 35.45701 30.74016 8.291246 37.76 30.74016 8.575242 37.76 29.57409 8.575242 35.45701 29.57409
4 16 8.575242 35.45701 29.57409 8.575242 37.76 29.57409 9.034523 37.76 28.46528 9.034523 35.45701 28.46528
4 16 9.034523 35.45701 28.46528 9.034523 37.76 28.46528 9.658244 37.76 27.43993 9.658244 35.45701 27.43993
2 24 9.658244 37.76 27.43993 9.658244 35.45701 27.43993
4 16 9.658244 35.45701 27.43993 9.658244 37.76 27.43993 2.123825 37.76 19.90551 2.123825 35.45701 19.90551
4 16 29.87617 35.45701 19.90551 29.87617 37.76 19.90551 22.34175 37.76 27.43993 22.34175 35.45701 27.43993
2 24 22.34175 37.76 27.43993 22.34175 35.45701 27.43993
4 16 22.34175 35.45701 27.43993 22.34175 37.76 27.43993 22.96548 37.76 28.46528 22.96548 35.45701 28.46528
4 16 22.96548 35.45701 28.46528 22.96548 37.76 28.46528 23.42476 37.76 29.57409 23.42476 35.45701 29.57409
4 16 23.42476 35.45701 29.57409 23.42476 37.76 29.57409 23.70875 37.76 30.74016 23.70875 35.45701 30.74016
4 16 40.29125 35.45701 30.74016 40.29125 37.76 30.74016 40.57524 37.76 29.57409 40.57524 35.45701 29.57409
4 16 40.57524 35.45701 29.57409 40.57524 37.76 29.57409 41.03452 37.76 28.46528 41.03452 35.45701 28.46528
4 16 41.03452 35.45701 28.46528 41.03452 37.76 28.46528 41.65825 37.76 27.43993 41.65825 35.45701 27.43993
2 24 41.65825 37.76 27.43993 41.65825 35.45701 27.43993
4 16 41.65825 35.45701 27.43993 41.65825 37.76 27.43993 34.12382 37.76 19.90551 34.12382 35.45701 19.90551
4 16 61.87617 35.45701 19.90551 61.87617 37.76 19.90551 54.34176 37.76 27.43993 54.34176 35.45701 27.43993
2 24 54.34176 37.76 27.43993 54.34176 35.45701 27.43993
4 16 54.34176 35.45701 27.43993 54.34176 37.76 27.43993 54.96548 37.76 28.46528 54.96548 35.45701 28.46528
4 16 54.96548 35.45701 28.46528 54.96548 37.76 28.46528 55.42476 37.76 29.57409 55.42476 35.45701 29.57409
4 16 55.42476 35.45701 29.57409 55.42476 37.76 29.57409 55.70875 37.76 30.74016 55.70875 35.45701 30.74016
4 16 72.29125 35.45701 30.74016 72.29125 37.76 30.74016 72.57524 37.76 29.57409 72.57524 35.45701 29.57409
4 16 72.57524 35.45701 29.57409 72.57524 37.76 29.57409 73.03452 37.76 28.46528 73.03452 35.45701 28.46528
4 16 73.03452 35.45701 28.46528 73.03452 37.76 28.46528 73.65824 37.76 27.43993 73.65824 35.45701 27.43993
2 24 73.65824 37.76 27.43993 73.65824 35.45701 27.43993
4 16 73.65824 35.45701 27.43993 73.65824 37.76 27.43993 66.12382 37.76 19.90551 66.12382 35.45701 19.90551
4 16 -74.70866 23.59433 -32 -74.70866 37.76 -32 -74.78905 37.76 -32.91883 -74.78905 23.59433 -32.91883
4 16 -74.78905 23.59433 -32.91883 -74.78905 37.76 -32.91883 -75.02776 37.76 -33.80974 -75.02776 23.59433 -33.80974
4 16 -75.02776 23.59433 -33.80974 -75.02776 37.76 -33.80974 -75.41756 37.76 -34.64567 -75.41756 23.59433 -34.64567
4 16 -75.41756 23.59433 -34.64567 -75.41756 37.76 -34.64567 -75.9466 37.76 -35.40121 -75.9466 23.59433 -35.40121
4 16 -75.9466 23.59433 -35.40121 -75.9466 37.76 -35.40121 -76.59879 37.76 -36.0534 -76.59879 23.59433 -36.0534
4 16 -76.59879 23.59433 -36.0534 -76.59879 37.76 -36.0534 -77.35433 37.76 -36.58243 -77.35433 23.59433 -36.58243
4 16 -77.35433 23.59433 -36.58243 -77.35433 37.76 -36.58243 -78.19025 37.76 -36.97223 -78.19025 23.59433 -36.97223
4 16 -78.19025 23.59433 -36.97223 -78.19025 37.76 -36.97223 -79.08117 37.76 -37.21095 -79.08117 23.59433 -37.21095
4 16 -79.08117 23.59433 -37.21095 -79.08117 37.76 -37.21095 -80 37.76 -37.29134 -80 23.59433 -37.29134
4 16 -80 23.59433 -37.29134 -80 37.76 -37.29134 -80.91883 37.76 -37.21095 -80.91883 23.59433 -37.21095
4 16 -80.91883 23.59433 -37.21095 -80.91883 37.76 -37.21095 -81.80974 37.76 -36.97223 -81.80974 23.59433 -36.97223
4 16 -81.80974 23.59433 -36.97223 -81.80974 37.76 -36.97223 -82.64567 37.76 -36.58243 -82.64567 23.59433 -36.58243
4 16 -82.64567 23.59433 -36.58243 -82.64567 37.76 -36.58243 -83.4012 37.76 -36.0534 -83.4012 23.59433 -36.0534
4 16 -83.4012 23.59433 -36.0534 -83.4012 37.76 -36.0534 -84.0534 37.76 -35.40121 -84.0534 23.59433 -35.40121
4 16 -84.0534 23.59433 -35.40121 -84.0534 37.76 -35.40121 -84.58243 37.76 -34.64567 -84.58243 23.59433 -34.64567
4 16 -84.58243 23.59433 -34.64567 -84.58243 37.76 -34.64567 -84.97223 37.76 -33.80974 -84.97223 23.59433 -33.80974
4 16 -84.97223 23.59433 -33.80974 -84.97223 37.76 -33.80974 -85.21095 37.76 -32.91883 -85.21095 23.59433 -32.91883
4 16 -85.21095 23.59433 -32.91883 -85.21095 37.76 -32.91883 -85.29134 37.76 -32 -85.29134 23.59433 -32
4 16 -85.29134 23.59433 -32 -85.29134 37.76 -32 -85.21095 37.76 -31.08117 -85.21095 23.59433 -31.08117
4 16 -85.21095 23.59433 -31.08117 -85.21095 37.76 -31.08117 -84.97223 37.76 -30.19026 -84.97223 23.59433 -30.19026
4 16 -84.97223 23.59433 -30.19026 -84.97223 37.76 -30.19026 -84.58243 37.76 -29.35433 -84.58243 23.59433 -29.35433
4 16 -84.58243 23.59433 -29.35433 -84.58243 37.76 -29.35433 -84.0534 37.76 -28.59879 -84.0534 23.59433 -28.59879
4 16 -84.0534 23.59433 -28.59879 -84.0534 37.76 -28.59879 -83.4012 37.76 -27.9466 -83.4012 23.59433 -27.9466
4 16 -83.4012 23.59433 -27.9466 -83.4012 37.76 -27.9466 -82.64567 37.76 -27.41757 -82.64567 23.59433 -27.41757
4 16 -82.64567 23.59433 -27.41757 -82.64567 37.76 -27.41757 -81.80974 37.76 -27.02777 -81.80974 23.59433 -27.02777
4 16 -81.80974 23.59433 -27.02777 -81.80974 37.76 -27.02777 -80.91883 37.76 -26.78905 -80.91883 23.59433 -26.78905
4 16 -80.91883 23.59433 -26.78905 -80.91883 37.76 -26.78905 -80 37.76 -26.70866 -80 23.59433 -26.70866
4 16 -80 23.59433 -26.70866 -80 37.76 -26.70866 -79.08117 37.76 -26.78905 -79.08117 23.59433 -26.78905
4 16 -79.08117 23.59433 -26.78905 -79.08117 37.76 -26.78905 -78.19025 37.76 -27.02777 -78.19025 23.59433 -27.02777
4 16 -78.19025 23.59433 -27.02777 -78.19025 37.76 -27.02777 -77.35433 37.76 -27.41757 -77.35433 23.59433 -27.41757
4 16 -77.35433 23.59433 -27.41757 -77.35433 37.76 -27.41757 -76.59879 37.76 -27.9466 -76.59879 23.59433 -27.9466
4 16 -76.59879 23.59433 -27.9466 -76.59879 37.76 -27.9466 -75.9466 37.76 -28.59879 -75.9466 23.59433 -28.59879
4 16 -75.9466 23.59433 -28.59879 -75.9466 37.76 -28.59879 -75.41756 37.76 -29.35433 -75.41756 23.59433 -29.35433
4 16 -75.41756 23.59433 -29.35433 -75.41756 37.76 -29.35433 -75.02776 37.76 -30.19026 -75.02776 23.59433 -30.19026
4 16 -75.02776 23.59433 -30.19026 -75.02776 37.76 -30.19026 -74.78905 37.76 -31.08117 -74.78905 23.59433 -31.08117
4 16 -74.78905 23.59433 -31.08117 -74.78905 37.76 -31.08117 -74.70866 37.76 -32 -74.70866 23.59433 -32
4 16 -42.70866 23.59433 -32 -42.70866 37.76 -32 -42.78905 37.76 -32.91883 -42.78905 23.59433 -32.91883
4 16 -42.78905 23.59433 -32.91883 -42.78905 37.76 -32.91883 -43.02777 37.76 -33.80974 -43.02777 23.59433 -33.80974
4 16 -43.02777 23.59433 -33.80974 -43.02777 37.76 -33.80974 -43.41757 37.76 -34.64567 -43.41757 23.59433 -34.64567
4 16 -43.41757 23.59433 -34.64567 -43.41757 37.76 -34.64567 -43.9466 37.76 -35.40121 -43.9466 23.59433 -35.40121
4 16 -43.9466 23.59433 -35.40121 -43.9466 37.76 -35.40121 -44.59879 37.76 -36.0534 -44.59879 23.59433 -36.0534
4 16 -44.59879 23.59433 -36.0534 -44.59879 37.76 -36.0534 -45.35433 37.76 -36.58243 -45.35433 23.59433 -36.58243
4 16 -45.35433 23.59433 -36.58243 -45.35433 37.76 -36.58243 -46.19025 37.76 -36.97223 -46.19025 23.59433 -36.97223
4 16 -46.19025 23.59433 -36.97223 -46.19025 37.76 -36.97223 -47.08117 37.76 -37.21095 -47.08117 23.59433 -37.21095
4 16 -47.08117 23.59433 -37.21095 -47.08117 37.76 -37.21095 -48 37.76 -37.29134 -48 23.59433 -37.29134
4 16 -48 23.59433 -37.29134 -48 37.76 -37.29134 -48.91883 37.76 -37.21095 -48.91883 23.59433 -37.21095
4 16 -48.91883 23.59433 -37.21095 -48.91883 37.76 -37.21095 -49.80974 37.76 -36.97223 -49.80974 23.59433 -36.97223
4 16 -49.80974 23.59433 -36.97223 -49.80974 37.76 -36.97223 -50.64567 37.76 -36.58243 -50.64567 23.59433 -36.58243
4 16 -50.64567 23.59433 -36.58243 -50.64567 37.76 -36.58243 -51.40121 37.76 -36.0534 -51.40121 23.59433 -36.0534
4 16 -51.40121 23.59433 -36.0534 -51.40121 37.76 -36.0534 -52.0534 37.76 -35.40121 -52.0534 23.59433 -35.40121
4 16 -52.0534 23.59433 -35.40121 -52.0534 37.76 -35.40121 -52.58243 37.76 -34.64567 -52.58243 23.59433 -34.64567
4 16 -52.58243 23.59433 -34.64567 -52.58243 37.76 -34.64567 -52.97223 37.76 -33.80974 -52.97223 23.59433 -33.80974
4 16 -52.97223 23.59433 -33.80974 -52.97223 37.76 -33.80974 -53.21095 37.76 -32.91883 -53.21095 23.59433 -32.91883
4 16 -53.21095 23.59433 -32.91883 -53.21095 37.76 -32.91883 -53.29134 37.76 -32 -53.29134 23.59433 -32
4 16 -53.29134 23.59433 -32 -53.29134 37.76 -32 -53.21095 37.76 -31.08117 -53.21095 23.59433 -31.08117
4 16 -53.21095 23.59433 -31.08117 -53.21095 37.76 -31.08117 -52.97223 37.76 -30.19026 -52.97223 23.59433 -30.19026
4 16 -52.97223 23.59433 -30.19026 -52.97223 37.76 -30.19026 -52.58243 37.76 -29.35433 -52.58243 23.59433 -29.35433
4 16 -52.58243 23.59433 -29.35433 -52.58243 37.76 -29.35433 -52.0534 37.76 -28.59879 -52.0534 23.59433 -28.59879
4 16 -52.0534 23.59433 -28.59879 -52.0534 37.76 -28.59879 -51.40121 37.76 -27.9466 -51.40121 23.59433 -27.9466
4 16 -51.40121 23.59433 -27.9466 -51.40121 37.76 -27.9466 -50.64567 37.76 -27.41757 -50.64567 23.59433 -27.41757
4 16 -50.64567 23.59433 -27.41757 -50.64567 37.76 -27.41757 -49.80974 37.76 -27.02777 -49.80974 23.59433 -27.02777
4 16 -49.80974 23.59433 -27.02777 -49.80974 37.76 -27.02777 -48.91883 37.76 -26.78905 -48.91883 23.59433 -26.78905
4 16 -48.91883 23.59433 -26.78905 -48.91883 37.76 -26.78905 -48 37.76 -26.70866 -48 23.59433 -26.70866
4 16 -48 23.59433 -26.70866 -48 37.76 -26.70866 -47.08117 37.76 -26.78905 -47.08117 23.59433 -26.78905
4 16 -47.08117 23.59433 -26.78905 -47.08117 37.76 -26.78905 -46.19025 37.76 -27.02777 -46.19025 23.59433 -27.02777
4 16 -46.19025 23.59433 -27.02777 -46.19025 37.76 -27.02777 -45.35433 37.76 -27.41757 -45.35433 23.59433 -27.41757
4 16 -45.35433 23.59433 -27.41757 -45.35433 37.76 -27.41757 -44.59879 37.76 -27.9466 -44.59879 23.59433 -27.9466
4 16 -44.59879 23.59433 -27.9466 -44.59879 37.76 -27.9466 -43.9466 37.76 -28.59879 -43.9466 23.59433 -28.59879
4 16 -43.9466 23.59433 -28.59879 -43.9466 37.76 -28.59879 -43.41757 37.76 -29.35433 -43.41757 23.59433 -29.35433
4 16 -43.41757 23.59433 -29.35433 -43.41757 37.76 -29.35433 -43.02777 37.76 -30.19026 -43.02777 23.59433 -30.19026
4 16 -43.02777 23.59433 -30.19026 -43.02777 37.76 -30.19026 -42.78905 37.76 -31.08117 -42.78905 23.59433 -31.08117
4 16 -42.78905 23.59433 -31.08117 -42.78905 37.76 -31.08117 -42.70866 37.76 -32 -42.70866 23.59433 -32
4 16 -10.70866 23.59433 -32 -10.70866 37.76 -32 -10.78905 37.76 -32.91883 -10.78905 23.59433 -32.91883
4 16 -10.78905 23.59433 -32.91883 -10.78905 37.76 -32.91883 -11.02777 37.76 -33.80974 -11.02777 23.59433 -33.80974
4 16 -11.02777 23.59433 -33.80974 -11.02777 37.76 -33.80974 -11.41757 37.76 -34.64567 -11.41757 23.59433 -34.64567
4 16 -11.41757 23.59433 -34.64567 -11.41757 37.76 -34.64567 -11.9466 37.76 -35.40121 -11.9466 23.59433 -35.40121
4 16 -11.9466 23.59433 -35.40121 -11.9466 37.76 -35.40121 -12.59879 37.76 -36.0534 -12.59879 23.59433 -36.0534
4 16 -12.59879 23.59433 -36.0534 -12.59879 37.76 -36.0534 -13.35433 37.76 -36.58243 -13.35433 23.59433 -36.58243
4 16 -13.35433 23.59433 -36.58243 -13.35433 37.76 -36.58243 -14.19026 37.76 -36.97223 -14.19026 23.59433 -36.97223
4 16 -14.19026 23.59433 -36.97223 -14.19026 37.76 -36.97223 -15.08117 37.76 -37.21095 -15.08117 23.59433 -37.21095
4 16 -15.08117 23.59433 -37.21095 -15.08117 37.76 -37.21095 -16 37.76 -37.29134 -16 23.59433 -37.29134
4 16 -16 23.59433 -37.29134 -16 37.76 -37.29134 -16.91883 37.76 -37.21095 -16.91883 23.59433 -37.21095
4 16 -16.91883 23.59433 -37.21095 -16.91883 37.76 -37.21095 -17.80974 37.76 -36.97223 -17.80974 23.59433 -36.97223
4 16 -17.80974 23.59433 -36.97223 -17.80974 37.76 -36.97223 -18.64567 37.76 -36.58243 -18.64567 23.59433 -36.58243
4 16 -18.64567 23.59433 -36.58243 -18.64567 37.76 -36.58243 -19.40121 37.76 -36.0534 -19.40121 23.59433 -36.0534
4 16 -19.40121 23.59433 -36.0534 -19.40121 37.76 -36.0534 -20.0534 37.76 -35.40121 -20.0534 23.59433 -35.40121
4 16 -20.0534 23.59433 -35.40121 -20.0534 37.76 -35.40121 -20.58243 37.76 -34.64567 -20.58243 23.59433 -34.64567
4 16 -20.58243 23.59433 -34.64567 -20.58243 37.76 -34.64567 -20.97223 37.76 -33.80974 -20.97223 23.59433 -33.80974
4 16 -20.97223 23.59433 -33.80974 -20.97223 37.76 -33.80974 -21.21095 37.76 -32.91883 -21.21095 23.59433 -32.91883
4 16 -21.21095 23.59433 -32.91883 -21.21095 37.76 -32.91883 -21.29134 37.76 -32 -21.29134 23.59433 -32
4 16 -21.29134 23.59433 -32 -21.29134 37.76 -32 -21.21095 37.76 -31.08117 -21.21095 23.59433 -31.08117
4 16 -21.21095 23.59433 -31.08117 -21.21095 37.76 -31.08117 -20.97223 37.76 -30.19026 -20.97223 23.59433 -30.19026
4 16 -20.97223 23.59433 -30.19026 -20.97223 37.76 -30.19026 -20.58243 37.76 -29.35433 -20.58243 23.59433 -29.35433
4 16 -20.58243 23.59433 -29.35433 -20.58243 37.76 -29.35433 -20.0534 37.76 -28.59879 -20.0534 23.59433 -28.59879
4 16 -20.0534 23.59433 -28.59879 -20.0534 37.76 -28.59879 -19.40121 37.76 -27.9466 -19.40121 23.59433 -27.9466
4 16 -19.40121 23.59433 -27.9466 -19.40121 37.76 -27.9466 -18.64567 37.76 -27.41757 -18.64567 23.59433 -27.41757
4 16 -18.64567 23.59433 -27.41757 -18.64567 37.76 -27.41757 -17.80974 37.76 -27.02777 -17.80974 23.59433 -27.02777
4 16 -17.80974 23.59433 -27.02777 -17.80974 37.76 -27.02777 -16.91883 37.76 -26.78905 -16.91883 23.59433 -26.78905
4 16 -16.91883 23.59433 -26.78905 -16.91883 37.76 -26.78905 -16 37.76 -26.70866 -16 23.59433 -26.70866
4 16 -16 23.59433 -26.70866 -16 37.76 -26.70866 -15.08117 37.76 -26.78905 -15.08117 23.59433 -26.78905
4 16 -15.08117 23.59433 -26.78905 -15.08117 37.76 -26.78905 -14.19026 37.76 -27.02777 -14.19026 23.59433 -27.02777
4 16 -14.19026 23.59433 -27.02777 -14.19026 37.76 -27.02777 -13.35433 37.76 -27.41757 -13.35433 23.59433 -27.41757
4 16 -13.35433 23.59433 -27.41757 -13.35433 37.76 -27.41757 -12.59879 37.76 -27.9466 -12.59879 23.59433 -27.9466
4 16 -12.59879 23.59433 -27.9466 -12.59879 37.76 -27.9466 -11.9466 37.76 -28.59879 -11.9466 23.59433 -28.59879
4 16 -11.9466 23.59433 -28.59879 -11.9466 37.76 -28.59879 -11.41757 37.76 -29.35433 -11.41757 23.59433 -29.35433
4 16 -11.41757 23.59433 -29.35433 -11.41757 37.76 -29.35433 -11.02777 37.76 -30.19026 -11.02777 23.59433 -30.19026
4 16 -11.02777 23.59433 -30.19026 -11.02777 37.76 -30.19026 -10.78905 37.76 -31.08117 -10.78905 23.59433 -31.08117
4 16 -10.78905 23.59433 -31.08117 -10.78905 37.76 -31.08117 -10.70866 37.76 -32 -10.70866 23.59433 -32
4 16 85.29134 23.59433 -32 85.29134 37.76 -32 85.21095 37.76 -32.91883 85.21095 23.59433 -32.91883
4 16 85.21095 23.59433 -32.91883 85.21095 37.76 -32.91883 84.97223 37.76 -33.80974 84.97223 23.59433 -33.80974
4 16 84.97223 23.59433 -33.80974 84.97223 37.76 -33.80974 84.58243 37.76 -34.64567 84.58243 23.59433 -34.64567
4 16 84.58243 23.59433 -34.64567 84.58243 37.76 -34.64567 84.0534 37.76 -35.40121 84.0534 23.59433 -35.40121
4 16 84.0534 23.59433 -35.40121 84.0534 37.76 -35.40121 83.4012 37.76 -36.0534 83.4012 23.59433 -36.0534
4 16 83.4012 23.59433 -36.0534 83.4012 37.76 -36.0534 82.64567 37.76 -36.58243 82.64567 23.59433 -36.58243
4 16 82.64567 23.59433 -36.58243 82.64567 37.76 -36.58243 81.80974 37.76 -36.97223 81.80974 23.59433 -36.97223
4 16 81.80974 23.59433 -36.97223 81.80974 37.76 -36.97223 80.91883 37.76 -37.21095 80.91883 23.59433 -37.21095
4 16 80.91883 23.59433 -37.21095 80.91883 37.76 -37.21095 80 37.76 -37.29134 80 23.59433 -37.29134
4 16 80 23.59433 -37.29134 80 37.76 -37.29134 79.08117 37.76 -37.21095 79.08117 23.59433 -37.21095
4 16 79.08117 23.59433 -37.21095 79.08117 37.76 -37.21095 78.19025 37.76 -36.97223 78.19025 23.59433 -36.97223
4 16 78.19025 23.59433 -36.97223 78.19025 37.76 -36.97223 77.35433 37.76 -36.58243 77.35433 23.59433 -36.58243
4 16 77.35433 23.59433 -36.58243 77.35433 37.76 -36.58243 76.59879 37.76 -36.0534 76.59879 23.59433 -36.0534
4 16 76.59879 23.59433 -36.0534 76.59879 37.76 -36.0534 75.9466 37.76 -35.40121 75.9466 23.59433 -35.40121
4 16 75.9466 23.59433 -35.40121 75.9466 37.76 -35.40121 75.41756 37.76 -34.64567 75.41756 23.59433 -34.64567
4 16 75.41756 23.59433 -34.64567 75.41756 37.76 -34.64567 75.02776 37.76 -33.80974 75.02776 23.59433 -33.80974
4 16 75.02776 23.59433 -33.80974 75.02776 37.76 -33.80974 74.78905 37.76 -32.91883 74.78905 23.59433 -32.91883
4 16 74.78905 23.59433 -32.91883 74.78905 37.76 -32.91883 74.70866 37.76 -32 74.70866 23.59433 -32
4 16 74.70866 23.59433 -32 74.70866 37.76 -32 74.78905 37.76 -31.08117 74.78905 23.59433 -31.08117
4 16 74.78905 23.59433 -31.08117 74.78905 37.76 -31.08117 75.02776 37.76 -30.19026 75.02776 23.59433 -30.19026
4 16 75.02776 23.59433 -30.19026 75.02776 37.76 -30.19026 75.41756 37.76 -29.35433 75.41756 23.59433 -29.35433
4 16 75.41756 23.59433 -29.35433 75.41756 37.76 -29.35433 75.9466 37.76 -28.59879 75.9466 23.59433 -28.59879
4 16 75.9466 23.59433 -28.59879 75.9466 37.76 -28.59879 76.59879 37.76 -27.9466 76.59879 23.59433 -27.9466
4 16 76.59879 23.59433 -27.9466 76.59879 37.76 -27.9466 77.35433 37.76 -27.41757 77.35433 23.59433 -27.41757
4 16 77.35433 23.59433 -27.41757 77.35433 37.76 -27.41757 78.19025 37.76 -27.02777 78.19025 23.59433 -27.02777
4 16 78.19025 23.59433 -27.02777 78.19025 37.76 -27.02777 79.08117 37.76 -26.78905 79.08117 23.59433 -26.78905
4 16 79.08117 23.59433 -26.78905 79.08117 37.76 -26.78905 80 37.76 -26.70866 80 23.59433 -26.70866
4 16 80 23.59433 -26.70866 80 37.76 -26.70866 80.91883 37.76 -26.78905 80.91883 23.59433 -26.78905
4 16 80.91883 23.59433 -26.78905 80.91883 37.76 -26.78905 81.80974 37.76 -27.02777 81.80974 23.59433 -27.02777
4 16 81.80974 23.59433 -27.02777 81.80974 37.76 -27.02777 82.64567 37.76 -27.41757 82.64567 23.59433 -27.41757
4 16 82.64567 23.59433 -27.41757 82.64567 37.76 -27.41757 83.4012 37.76 -27.9466 83.4012 23.59433 -27.9466
4 16 83.4012 23.59433 -27.9466 83.4012 37.76 -27.9466 84.0534 37.76 -28.59879 84.0534 23.59433 -28.59879
4 16 84.0534 23.59433 -28.59879 84.0534 37.76 -28.59879 84.58243 37.76 -29.35433 84.58243 23.59433 -29.35433
4 16 84.58243 23.59433 -29.35433 84.58243 37.76 -29.35433 84.97223 37.76 -30.19026 84.97223 23.59433 -30.19026
4 16 84.97223 23.59433 -30.19026 84.97223 37.76 -30.19026 85.21095 37.76 -31.08117 85.21095 23.59433 -31.08117
4 16 85.21095 23.59433 -31.08117 85.21095 37.76 -31.08117 85.29134 37.76 -32 85.29134 23.59433 -32
4 16 53.29134 23.59433 -32 53.29134 37.76 -32 53.21095 37.76 -32.91883 53.21095 23.59433 -32.91883
4 16 53.21095 23.59433 -32.91883 53.21095 37.76 -32.91883 52.97223 37.76 -33.80974 52.97223 23.59433 -33.80974
4 16 52.97223 23.59433 -33.80974 52.97223 37.76 -33.80974 52.58243 37.76 -34.64567 52.58243 23.59433 -34.64567
4 16 52.58243 23.59433 -34.64567 52.58243 37.76 -34.64567 52.0534 37.76 -35.40121 52.0534 23.59433 -35.40121
4 16 52.0534 23.59433 -35.40121 52.0534 37.76 -35.40121 51.40121 37.76 -36.0534 51.40121 23.59433 -36.0534
4 16 51.40121 23.59433 -36.0534 51.40121 37.76 -36.0534 50.64567 37.76 -36.58243 50.64567 23.59433 -36.58243
4 16 50.64567 23.59433 -36.58243 50.64567 37.76 -36.58243 49.80974 37.76 -36.97223 49.80974 23.59433 -36.97223
4 16 49.80974 23.59433 -36.97223 49.80974 37.76 -36.97223 48.91883 37.76 -37.21095 48.91883 23.59433 -37.21095
4 16 48.91883 23.59433 -37.21095 48.91883 37.76 -37.21095 48 37.76 -37.29134 48 23.59433 -37.29134
4 16 48 23.59433 -37.29134 48 37.76 -37.29134 47.08117 37.76 -37.21095 47.08117 23.59433 -37.21095
4 16 47.08117 23.59433 -37.21095 47.08117 37.76 -37.21095 46.19025 37.76 -36.97223 46.19025 23.59433 -36.97223
4 16 46.19025 23.59433 -36.97223 46.19025 37.76 -36.97223 45.35433 37.76 -36.58243 45.35433 23.59433 -36.58243
4 16 45.35433 23.59433 -36.58243 45.35433 37.76 -36.58243 44.59879 37.76 -36.0534 44.59879 23.59433 -36.0534
4 16 44.59879 23.59433 -36.0534 44.59879 37.76 -36.0534 43.9466 37.76 -35.40121 43.9466 23.59433 -35.40121
4 16 43.9466 23.59433 -35.40121 43.9466 37.76 -35.40121 43.41757 37.76 -34.64567 43.41757 23.59433 -34.64567
4 16 43.41757 23.59433 -34.64567 43.41757 37.76 -34.64567 43.02777 37.76 -33.80974 43.02777 23.59433 -33.80974
4 16 43.02777 23.59433 -33.80974 43.02777 37.76 -33.80974 42.78905 37.76 -32.91883 42.78905 23.59433 -32.91883
4 16 42.78905 23.59433 -32.91883 42.78905 37.76 -32.91883 42.70866 37.76 -32 42.70866 23.59433 -32
4 16 42.70866 23.59433 -32 42.70866 37.76 -32 42.78905 37.76 -31.08117 42.78905 23.59433 -31.08117
4 16 42.78905 23.59433 -31.08117 42.78905 37.76 -31.08117 43.02777 37.76 -30.19026 43.02777 23.59433 -30.19026
4 16 43.02777 23.59433 -30.19026 43.02777 37.76 -30.19026 43.41757 37.76 -29.35433 43.41757 23.59433 -29.35433
4 16 43.41757 23.59433 -29.35433 43.41757 37.76 -29.35433 43.9466 37.76 -28.59879 43.9466 23.59433 -28.59879
4 16 43.9466 23.59433 -28.59879 43.9466 37.76 -28.59879 44.59879 37.76 -27.9466 44.59879 23.59433 -27.9466
4 16 44.59879 23.59433 -27.9466 44.59879 37.76 -27.9466 45.35433 37.76 -27.41757 45.35433 23.59433 -27.41757
4 16 45.35433 23.59433 -27.41757 45.35433 37.76 -27.41757 46.19025 37.76 -27.02777 46.19025 23.59433 -27.02777
4 16 46.19025 23.59433 -27.02777 46.19025 37.76 -27.02777 47.08117 37.76 -26.78905 47.08117 23.59433 -26.78905
4 16 47.08117 23.59433 -26.78905 47.08117 37.76 -26.78905 48 37.76 -26.70866 48 23.59433 -26.70866
4 16 48 23.59433 -26.70866 48 37.76 -26.70866 48.91883 37.76 -26.78905 48.91883 23.59433 -26.78905
4 16 48.91883 23.59433 -26.78905 48.91883 37.76 -26.78905 49.80974 37.76 -27.02777 49.80974 23.59433 -27.02777
4 16 49.80974 23.59433 -27.02777 49.80974 37.76 -27.02777 50.64567 37.76 -27.41757 50.64567 23.59433 -27.41757
4 16 50.64567 23.59433 -27.41757 50.64567 37.76 -27.41757 51.40121 37.76 -27.9466 51.40121 23.59433 -27.9466
4 16 51.40121 23.59433 -27.9466 51.40121 37.76 -27.9466 52.0534 37.76 -28.59879 52.0534 23.59433 -28.59879
4 16 52.0534 23.59433 -28.59879 52.0534 37.76 -28.59879 52.58243 37.76 -29.35433 52.58243 23.59433 -29.35433
4 16 52.58243 23.59433 -29.35433 52.58243 37.76 -29.35433 52.97223 37.76 -30.19026 52.97223 23.59433 -30.19026
4 16 52.97223 23.59433 -30.19026 52.97223 37.76 -30.19026 53.21095 37.76 -31.08117 53.21095 23.59433 -31.08117
4 16 53.21095 23.59433 -31.08117 53.21095 37.76 -31.08117 53.29134 37.76 -32 53.29134 23.59433 -32
4 16 21.29134 23.59433 -32 21.29134 37.76 -32 21.21095 37.76 -32.91883 21.21095 23.59433 -32.91883
4 16 21.21095 23.59433 -32.91883 21.21095 37.76 -32.91883 20.97223 37.76 -33.80974 20.97223 23.59433 -33.80974
4 16 20.97223 23.59433 -33.80974 20.97223 37.76 -33.80974 20.58243 37.76 -34.64567 20.58243 23.59433 -34.64567
4 16 20.58243 23.59433 -34.64567 20.58243 37.76 -34.64567 20.0534 37.76 -35.40121 20.0534 23.59433 -35.40121
4 16 20.0534 23.59433 -35.40121 20.0534 37.76 -35.40121 19.40121 37.76 -36.0534 19.40121 23.59433 -36.0534
4 16 19.40121 23.59433 -36.0534 19.40121 37.76 -36.0534 18.64567 37.76 -36.58243 18.64567 23.59433 -36.58243
4 16 18.64567 23.59433 -36.58243 18.64567 37.76 -36.58243 17.80974 37.76 -36.97223 17.80974 23.59433 -36.97223
4 16 17.80974 23.59433 -36.97223 17.80974 37.76 -36.97223 16.91883 37.76 -37.21095 16.91883 23.59433 -37.21095
4 16 16.91883 23.59433 -37.21095 16.91883 37.76 -37.21095 16 37.76 -37.29134 16 23.59433 -37.29134
4 16 16 23.59433 -37.29134 16 37.76 -37.29134 15.08117 37.76 -37.21095 15.08117 23.59433 -37.21095
4 16 15.08117 23.59433 -37.21095 15.08117 37.76 -37.21095 14.19026 37.76 -36.97223 14.19026 23.59433 -36.97223
4 16 14.19026 23.59433 -36.97223 14.19026 37.76 -36.97223 13.35433 37.76 -36.58243 13.35433 23.59433 -36.58243
4 16 13.35433 23.59433 -36.58243 13.35433 37.76 -36.58243 12.59879 37.76 -36.0534 12.59879 23.59433 -36.0534
4 16 12.59879 23.59433 -36.0534 12.59879 37.76 -36.0534 11.9466 37.76 -35.40121 11.9466 23.59433 -35.40121
4 16 11.9466 23.59433 -35.40121 11.9466 37.76 -35.40121 11.41757 37.76 -34.64567 11.41757 23.59433 -34.64567
4 16 11.41757 23.59433 -34.64567 11.41757 37.76 -34.64567 11.02777 37.76 -33.80974 11.02777 23.59433 -33.80974
4 16 11.02777 23.59433 -33.80974 11.02777 37.76 -33.80974 10.78905 37.76 -32.91883 10.78905 23.59433 -32.91883
4 16 10.78905 23.59433 -32.91883 10.78905 37.76 -32.91883 10.70866 37.76 -32 10.70866 23.59433 -32
4 16 10.70866 23.59433 -32 10.70866 37.76 -32 10.78905 37.76 -31.08117 10.78905 23.59433 -31.08117
4 16 10.78905 23.59433 -31.08117 10.78905 37.76 -31.08117 11.02777 37.76 -30.19026 11.02777 23.59433 -30.19026
4 16 11.02777 23.59433 -30.19026 11.02777 37.76 -30.19026 11.41757 37.76 -29.35433 11.41757 23.59433 -29.35433
4 16 11.41757 23.59433 -29.35433 11.41757 37.76 -29.35433 11.9466 37.76 -28.59879 11.9466 23.59433 -28.59879
4 16 11.9466 23.59433 -28.59879 11.9466 37.76 -28.59879 12.59879 37.76 -27.9466 12.59879 23.59433 -27.9466
4 16 12.59879 23.59433 -27.9466 12.59879 37.76 -27.9466 13.35433 37.76 -27.41757 13.35433 23.59433 -27.41757
4 16 13.35433 23.59433 -27.41757 13.35433 37.76 -27.41757 14.19026 37.76 -27.02777 14.19026 23.59433 -27.02777
4 16 14.19026 23.59433 -27.02777 14.19026 37.76 -27.02777 15.08117 37.76 -26.78905 15.08117 23.59433 -26.78905
4 16 15.08117 23.59433 -26.78905 15.08117 37.76 -26.78905 16 37.76 -26.70866 16 23.59433 -26.70866
4 16 16 23.59433 -26.70866 16 37.76 -26.70866 16.91883 37.76 -26.78905 16.91883 23.59433 -26.78905
4 16 16.91883 23.59433 -26.78905 16.91883 37.76 -26.78905 17.80974 37.76 -27.02777 17.80974 23.59433 -27.02777
4 16 17.80974 23.59433 -27.02777 17.80974 37.76 -27.02777 18.64567 37.76 -27.41757 18.64567 23.59433 -27.41757
4 16 18.64567 23.59433 -27.41757 18.64567 37.76 -27.41757 19.40121 37.76 -27.9466 19.40121 23.59433 -27.9466
4 16 19.40121 23.59433 -27.9466 19.40121 37.76 -27.9466 20.0534 37.76 -28.59879 20.0534 23.59433 -28.59879
4 16 20.0534 23.59433 -28.59879 20.0534 37.76 -28.59879 20.58243 37.76 -29.35433 20.58243 23.59433 -29.35433
4 16 20.58243 23.59433 -29.35433 20.58243 37.76 -29.35433 20.97223 37.76 -30.19026 20.97223 23.59433 -30.19026
4 16 20.97223 23.59433 -30.19026 20.97223 37.76 -30.19026 21.21095 37.76 -31.08117 21.21095 23.59433 -31.08117
4 16 21.21095 23.59433 -31.08117 21.21095 37.76 -31.08117 21.29134 37.76 -32 21.29134 23.59433 -32
4 16 73.65824 37.76 -27.43993 73.65824 35.45701 -27.43993 66.12382 35.45701 -19.90551 66.12382 37.76 -19.90551
2 24 73.65824 37.76 -27.43993 73.65824 35.45701 -27.43993
4 16 73.65824 35.45701 -27.43993 73.65824 37.76 -27.43993 73.03452 37.76 -28.46528 73.03452 35.45701 -28.46528
4 16 73.03452 35.45701 -28.46528 73.03452 37.76 -28.46528 72.57524 37.76 -29.57409 72.57524 35.45701 -29.57409
4 16 72.57524 35.45701 -29.57409 72.57524 37.76 -29.57409 72.29125 37.76 -30.74016 72.29125 35.45701 -30.74016
4 16 55.70875 35.45701 -30.74016 55.70875 37.76 -30.74016 55.42476 37.76 -29.57409 55.42476 35.45701 -29.57409
4 16 55.42476 35.45701 -29.57409 55.42476 37.76 -29.57409 54.96548 37.76 -28.46528 54.96548 35.45701 -28.46528
4 16 54.96548 35.45701 -28.46528 54.96548 37.76 -28.46528 54.34176 37.76 -27.43993 54.34176 35.45701 -27.43993
2 24 54.34176 37.76 -27.43993 54.34176 35.45701 -27.43993
4 16 54.34176 35.45701 -27.43993 54.34176 37.76 -27.43993 61.87617 37.76 -19.90551 61.87617 35.45701 -19.90551
4 16 41.65825 37.76 -27.43993 41.65825 35.45701 -27.43993 34.12382 35.45701 -19.90551 34.12382 37.76 -19.90551
2 24 41.65825 37.76 -27.43993 41.65825 35.45701 -27.43993
4 16 41.65825 35.45701 -27.43993 41.65825 37.76 -27.43993 41.03452 37.76 -28.46528 41.03452 35.45701 -28.46528
4 16 41.03452 35.45701 -28.46528 41.03452 37.76 -28.46528 40.57524 37.76 -29.57409 40.57524 35.45701 -29.57409
4 16 40.57524 35.45701 -29.57409 40.57524 37.76 -29.57409 40.29125 37.76 -30.74016 40.29125 35.45701 -30.74016
4 16 23.70875 35.45701 -30.74016 23.70875 37.76 -30.74016 23.42476 37.76 -29.57409 23.42476 35.45701 -29.57409
4 16 23.42476 35.45701 -29.57409 23.42476 37.76 -29.57409 22.96548 37.76 -28.46528 22.96548 35.45701 -28.46528
4 16 22.96548 35.45701 -28.46528 22.96548 37.76 -28.46528 22.34175 37.76 -27.43993 22.34175 35.45701 -27.43993
2 24 22.34175 37.76 -27.43993 22.34175 35.45701 -27.43993
4 16 22.34175 35.45701 -27.43993 22.34175 37.76 -27.43993 29.87617 37.76 -19.90551 29.87617 35.45701 -19.90551
4 16 9.658244 37.76 -27.43993 9.658244 35.45701 -27.43993 2.123825 35.45701 -19.90551 2.123825 37.76 -19.90551
2 24 9.658244 37.76 -27.43993 9.658244 35.45701 -27.43993
4 16 9.658244 35.45701 -27.43993 9.658244 37.76 -27.43993 9.034523 37.76 -28.46528 9.034523 35.45701 -28.46528
4 16 9.034523 35.45701 -28.46528 9.034523 37.76 -28.46528 8.575242 37.76 -29.57409 8.575242 35.45701 -29.57409
4 16 8.575242 35.45701 -29.57409 8.575242 37.76 -29.57409 8.291246 37.76 -30.74016 8.291246 35.45701 -30.74016
4 16 -8.291246 35.45701 -30.74016 -8.291246 37.76 -30.74016 -8.575242 37.76 -29.57409 -8.575242 35.45701 -29.57409
4 16 -8.575242 35.45701 -29.57409 -8.575242 37.76 -29.57409 -9.034523 37.76 -28.46528 -9.034523 35.45701 -28.46528
4 16 -9.034523 35.45701 -28.46528 -9.034523 37.76 -28.46528 -9.658244 37.76 -27.43993 -9.658244 35.45701 -27.43993
2 24 -9.658244 37.76 -27.43993 -9.658244 35.45701 -27.43993
4 16 -9.658244 35.45701 -27.43993 -9.658244 37.76 -27.43993 -2.123825 37.76 -19.90551 -2.123825 35.45701 -19.90551
4 16 -22.34175 37.76 -27.43993 -22.34175 35.45701 -27.43993 -29.87617 35.45701 -19.90551 -29.87617 37.76 -19.90551
2 24 -22.34175 37.76 -27.43993 -22.34175 35.45701 -27.43993
4 16 -22.34175 35.45701 -27.43993 -22.34175 37.76 -27.43993 -22.96548 37.76 -28.46528 -22.96548 35.45701 -28.46528
4 16 -22.96548 35.45701 -28.46528 -22.96548 37.76 -28.46528 -23.42476 37.76 -29.57409 -23.42476 35.45701 -29.57409
4 16 -23.42476 35.45701 -29.57409 -23.42476 37.76 -29.57409 -23.70875 37.76 -30.74016 -23.70875 35.45701 -30.74016
4 16 -40.29125 35.45701 -30.74016 -40.29125 37.76 -30.74016 -40.57524 37.76 -29.57409 -40.57524 35.45701 -29.57409
4 16 -40.57524 35.45701 -29.57409 -40.57524 37.76 -29.57409 -41.03452 37.76 -28.46528 -41.03452 35.45701 -28.46528
4 16 -41.03452 35.45701 -28.46528 -41.03452 37.76 -28.46528 -41.65825 37.76 -27.43993 -41.65825 35.45701 -27.43993
2 24 -41.65825 37.76 -27.43993 -41.65825 35.45701 -27.43993
4 16 -41.65825 35.45701 -27.43993 -41.65825 37.76 -27.43993 -34.12382 37.76 -19.90551 -34.12382 35.45701 -19.90551
4 16 -54.34176 37.76 -27.43993 -54.34176 35.45701 -27.43993 -61.87617 35.45701 -19.90551 -61.87617 37.76 -19.90551
2 24 -54.34176 37.76 -27.43993 -54.34176 35.45701 -27.43993
4 16 -54.34176 35.45701 -27.43993 -54.34176 37.76 -27.43993 -54.96548 37.76 -28.46528 -54.96548 35.45701 -28.46528
4 16 -54.96548 35.45701 -28.46528 -54.96548 37.76 -28.46528 -55.42476 37.76 -29.57409 -55.42476 35.45701 -29.57409
4 16 -55.42476 35.45701 -29.57409 -55.42476 37.76 -29.57409 -55.70875 37.76 -30.74016 -55.70875 35.45701 -30.74016
4 16 -72.29125 35.45701 -30.74016 -72.29125 37.76 -30.74016 -72.57524 37.76 -29.57409 -72.57524 35.45701 -29.57409
4 16 -72.57524 35.45701 -29.57409 -72.57524 37.76 -29.57409 -73.03452 37.76 -28.46528 -73.03452 35.45701 -28.46528
4 16 -73.03452 35.45701 -28.46528 -73.03452 37.76 -28.46528 -73.65824 37.76 -27.43993 -73.65824 35.45701 -27.43993
2 24 -73.65824 37.76 -27.43993 -73.65824 35.45701 -27.43993
4 16 -73.65824 35.45701 -27.43993 -73.65824 37.76 -27.43993 -66.12382 37.76 -19.90551 -66.12382 35.45701 -19.90551
4 16 -66.12382 35.45701 -44.09449 -66.12382 37.76 -44.09449 -73.65824 37.76 -36.56007 -73.65824 35.45701 -36.56007
2 24 -73.65824 37.76 -36.56007 -73.65824 35.45701 -36.56007
4 16 -73.65824 35.45701 -36.56007 -73.65824 37.76 -36.56007 -73.03452 37.76 -35.53471 -73.03452 35.45701 -35.53471
4 16 -73.03452 35.45701 -35.53471 -73.03452 37.76 -35.53471 -72.57524 37.76 -34.42591 -72.57524 35.45701 -34.42591
4 16 -72.57524 35.45701 -34.42591 -72.57524 37.76 -34.42591 -72.29125 37.76 -33.25984 -72.29125 35.45701 -33.25984
2 24 -72.29125 35.45701 -33.25984 -72.29125 37.76 -33.25984
4 16 -55.70875 37.76 -33.25984 -55.70875 35.45701 -33.25984 -72.29125 35.45701 -33.25984 -72.29125 37.76 -33.25984
2 24 -55.70875 37.76 -33.25984 -55.70875 35.45701 -33.25984
4 16 -55.70875 35.45701 -33.25984 -55.70875 37.76 -33.25984 -55.42476 37.76 -34.42591 -55.42476 35.45701 -34.42591
4 16 -55.42476 35.45701 -34.42591 -55.42476 37.76 -34.42591 -54.96548 37.76 -35.53471 -54.96548 35.45701 -35.53471
4 16 -54.96548 35.45701 -35.53471 -54.96548 37.76 -35.53471 -54.34176 37.76 -36.56007 -54.34176 35.45701 -36.56007
2 24 -54.34176 37.76 -36.56007 -54.34176 35.45701 -36.56007
4 16 -54.34176 35.45701 -36.56007 -54.34176 37.76 -36.56007 -61.87617 37.76 -44.09449 -61.87617 35.45701 -44.09449
4 16 -34.12382 35.45701 -44.09449 -34.12382 37.76 -44.09449 -41.65825 37.76 -36.56007 -41.65825 35.45701 -36.56007
2 24 -41.65825 37.76 -36.56007 -41.65825 35.45701 -36.56007
4 16 -41.65825 35.45701 -36.56007 -41.65825 37.76 -36.56007 -41.03452 37.76 -35.53471 -41.03452 35.45701 -35.53471
4 16 -41.03452 35.45701 -35.53471 -41.03452 37.76 -35.53471 -40.57524 37.76 -34.42591 -40.57524 35.45701 -34.42591
4 16 -40.57524 35.45701 -34.42591 -40.57524 37.76 -34.42591 -40.29125 37.76 -33.25984 -40.29125 35.45701 -33.25984
2 24 -40.29125 35.45701 -33.25984 -40.29125 37.76 -33.25984
4 16 -23.70875 37.76 -33.25984 -23.70875 35.45701 -33.25984 -40.29125 35.45701 -33.25984 -40.29125 37.76 -33.25984
2 24 -23.70875 37.76 -33.25984 -23.70875 35.45701 -33.25984
4 16 -23.70875 35.45701 -33.25984 -23.70875 37.76 -33.25984 -23.42476 37.76 -34.42591 -23.42476 35.45701 -34.42591
4 16 -23.42476 35.45701 -34.42591 -23.42476 37.76 -34.42591 -22.96548 37.76 -35.53471 -22.96548 35.45701 -35.53471
4 16 -22.96548 35.45701 -35.53471 -22.96548 37.76 -35.53471 -22.34175 37.76 -36.56007 -22.34175 35.45701 -36.56007
2 24 -22.34175 37.76 -36.56007 -22.34175 35.45701 -36.56007
4 16 -22.34175 35.45701 -36.56007 -22.34175 37.76 -36.56007 -29.87617 37.76 -44.09449 -29.87617 35.45701 -44.09449
4 16 -2.123825 35.45701 -44.09449 -2.123825 37.76 -44.09449 -9.658244 37.76 -36.56007 -9.658244 35.45701 -36.56007
2 24 -9.658244 37.76 -36.56007 -9.658244 35.45701 -36.56007
4 16 -9.658244 35.45701 -36.56007 -9.658244 37.76 -36.56007 -9.034523 37.76 -35.53471 -9.034523 35.45701 -35.53471
4 16 -9.034523 35.45701 -35.53471 -9.034523 37.76 -35.53471 -8.575242 37.76 -34.42591 -8.575242 35.45701 -34.42591
4 16 -8.575242 35.45701 -34.42591 -8.575242 37.76 -34.42591 -8.291246 37.76 -33.25984 -8.291246 35.45701 -33.25984
2 24 -8.291246 35.45701 -33.25984 -8.291246 37.76 -33.25984
4 16 8.291246 37.76 -33.25984 8.291246 35.45701 -33.25984 -8.291246 35.45701 -33.25984 -8.291246 37.76 -33.25984
2 24 8.291246 37.76 -33.25984 8.291246 35.45701 -33.25984
4 16 8.291246 35.45701 -33.25984 8.291246 37.76 -33.25984 8.575242 37.76 -34.42591 8.575242 35.45701 -34.42591
4 16 8.575242 35.45701 -34.42591 8.575242 37.76 -34.42591 9.034523 37.76 -35.53471 9.034523 35.45701 -35.53471
4 16 9.034523 35.45701 -35.53471 9.034523 37.76 -35.53471 9.658244 37.76 -36.56007 9.658244 35.45701 -36.56007
2 24 9.658244 37.76 -36.56007 9.658244 35.45701 -36.56007
4 16 9.658244 35.45701 -36.56007 9.658244 37.76 -36.56007 2.123825 37.76 -44.09449 2.123825 35.45701 -44.09449
4 16 29.87617 35.45701 -44.09449 29.87617 37.76 -44.09449 22.34175 37.76 -36.56007 22.34175 35.45701 -36.56007
2 24 22.34175 37.76 -36.56007 22.34175 35.45701 -36.56007
4 16 22.34175 35.45701 -36.56007 22.34175 37.76 -36.56007 22.96548 37.76 -35.53471 22.96548 35.45701 -35.53471
4 16 22.96548 35.45701 -35.53471 22.96548 37.76 -35.53471 23.42476 37.76 -34.42591 23.42476 35.45701 -34.42591
4 16 23.42476 35.45701 -34.42591 23.42476 37.76 -34.42591 23.70875 37.76 -33.25984 23.70875 35.45701 -33.25984
2 24 23.70875 35.45701 -33.25984 23.70875 37.76 -33.25984
4 16 40.29125 37.76 -33.25984 40.29125 35.45701 -33.25984 23.70875 35.45701 -33.25984 23.70875 37.76 -33.25984
2 24 40.29125 37.76 -33.25984 40.29125 35.45701 -33.25984
4 16 40.29125 35.45701 -33.25984 40.29125 37.76 -33.25984 40.57524 37.76 -34.42591 40.57524 35.45701 -34.42591
4 16 40.57524 35.45701 -34.42591 40.57524 37.76 -34.42591 41.03452 37.76 -35.53471 41.03452 35.45701 -35.53471
4 16 41.03452 35.45701 -35.53471 41.03452 37.76 -35.53471 41.65825 37.76 -36.56007 41.65825 35.45701 -36.56007
2 24 41.65825 37.76 -36.56007 41.65825 35.45701 -36.56007
4 16 41.65825 35.45701 -36.56007 41.65825 37.76 -36.56007 34.12382 37.76 -44.09449 34.12382 35.45701 -44.09449
4 16 61.87617 35.45701 -44.09449 61.87617 37.76 -44.09449 54.34176 37.76 -36.56007 54.34176 35.45701 -36.56007
2 24 54.34176 37.76 -36.56007 54.34176 35.45701 -36.56007
4 16 54.34176 35.45701 -36.56007 54.34176 37.76 -36.56007 54.96548 37.76 -35.53471 54.96548 35.45701 -35.53471
4 16 54.96548 35.45701 -35.53471 54.96548 37.76 -35.53471 55.42476 37.76 -34.42591 55.42476 35.45701 -34.42591
4 16 55.42476 35.45701 -34.42591 55.42476 37.76 -34.42591 55.70875 37.76 -33.25984 55.70875 35.45701 -33.25984
2 24 55.70875 35.45701 -33.25984 55.70875 37.76 -33.25984
4 16 72.29125 37.76 -33.25984 72.29125 35.45701 -33.25984 55.70875 35.45701 -33.25984 55.70875 37.76 -33.25984
2 24 72.29125 37.76 -33.25984 72.29125 35.45701 -33.25984
4 16 72.29125 35.45701 -33.25984 72.29125 37.76 -33.25984 72.57524 37.76 -34.42591 72.57524 35.45701 -34.42591
4 16 72.57524 35.45701 -34.42591 72.57524 37.76 -34.42591 73.03452 37.76 -35.53471 73.03452 35.45701 -35.53471
4 16 73.03452 35.45701 -35.53471 73.03452 37.76 -35.53471 73.65824 37.76 -36.56007 73.65824 35.45701 -36.56007
2 24 73.65824 37.76 -36.56007 73.65824 35.45701 -36.56007
4 16 73.65824 35.45701 -36.56007 73.65824 37.76 -36.56007 66.12382 37.76 -44.09449 66.12382 35.45701 -44.09449
2 24 55.70875 37.76 -33.25984 55.70875 35.45701 -33.25984
2 24 23.70875 37.76 -33.25984 23.70875 35.45701 -33.25984
2 24 -8.291246 37.76 -33.25984 -8.291246 35.45701 -33.25984
2 24 -40.29125 37.76 -33.25984 -40.29125 35.45701 -33.25984
2 24 -72.29125 37.76 -33.25984 -72.29125 35.45701 -33.25984
2 24 -55.70875 37.76 33.25984 -55.70875 35.45701 33.25984
2 24 -23.70875 37.76 33.25984 -23.70875 35.45701 33.25984
2 24 8.291246 37.76 33.25984 8.291246 35.45701 33.25984
2 24 40.29125 37.76 33.25984 40.29125 35.45701 33.25984
2 24 72.29125 37.76 33.25984 72.29125 35.45701 33.25984
2 24 -40.29125 37.76 -33.25984 -40.29125 37.76 -33.25984
2 24 -61.87617 37.76 -19.90551 -61.87617 37.76 -19.90551
2 24 -8.291246 37.76 -33.25984 -8.291246 37.76 -33.25984
2 24 -29.87617 37.76 -19.90551 -29.87617 37.76 -19.90551
2 24 23.70875 37.76 -33.25984 23.70875 37.76 -33.25984
2 24 2.123825 37.76 -19.90551 2.123825 37.76 -19.90551
2 24 55.70875 37.76 -33.25984 55.70875 37.76 -33.25984
2 24 34.12382 37.76 -19.90551 34.12382 37.76 -19.90551
2 24 66.12382 37.76 -19.90551 66.12382 37.76 -19.90551
2 24 -55.70875 37.76 33.25984 -55.70875 37.76 33.25984
2 24 -61.87617 37.76 44.09449 -61.87617 37.76 44.09449
2 24 -23.70875 37.76 33.25984 -23.70875 37.76 33.25984
2 24 -29.87617 37.76 44.09449 -29.87617 37.76 44.09449
2 24 8.291246 37.76 33.25984 8.291246 37.76 33.25984
2 24 2.123825 37.76 44.09449 2.123825 37.76 44.09449
2 24 40.29125 37.76 33.25984 40.29125 37.76 33.25984
2 24 34.12382 37.76 44.09449 34.12382 37.76 44.09449
2 24 72.29125 37.76 33.25984 72.29125 37.76 33.25984
2 24 66.12382 37.76 44.09449 66.12382 37.76 44.09449
2 24 -29.87617 37.76 -19.90551 -29.87617 35.45701 -19.90551
2 24 2.123825 37.76 -19.90551 2.123825 35.45701 -19.90551
2 24 -61.87617 37.76 -19.90551 -61.87617 35.45701 -19.90551
2 24 -66.12382 37.76 -19.90551 -69.6872 37.76 -19.90551
2 24 29.87617 37.76 -19.90551 26.3128 37.76 -19.90551
2 24 61.87617 37.76 -19.90551 58.3128 37.76 -19.90551
2 24 61.87617 37.76 -19.90551 66.12382 37.76 -19.90551
2 24 34.12382 37.76 -19.90551 34.12382 35.45701 -19.90551
2 24 -2.123825 37.76 44.09449 -5.687198 37.76 44.09449
2 24 -2.123825 37.76 44.09449 2.123825 37.76 44.09449
2 24 29.87617 37.76 44.09449 26.3128 37.76 44.09449
2 24 29.87617 37.76 44.09449 34.12382 37.76 44.09449
2 24 -66.12382 37.76 44.09449 -61.87617 37.76 44.09449
2 24 61.87617 37.76 44.09449 58.3128 37.76 44.09449
2 24 61.87617 37.76 44.09449 66.12382 37.76 44.09449
2 24 -29.87617 37.76 44.09449 -29.87617 35.45701 44.09449
