0 228-7726-001 Pneumatic Straight Fitting sub 1
0 Name: s/228-7726-001s1.dat
0 Author: 
0 !LDRAW_ORG Subpart
0 !LICENSE Redistributable under CCAL version 2.0 : see CAreadme.txt

0 BFC CERTIFY CCW

0 // Created with stl2dat conversion tool

3 16 -0.35 5.04 -7.87 0 5.04 -7.87 -2.84 5.04 -7.87
2 24 -0.35 5.04 -7.87 0 5.04 -7.87
2 24 -2.84 5.04 -7.87 0 5.04 -7.87
3 16 -3.49 5.04 -7.11 -3.18 5.04 -7.21 -3.2 5.04 -7.43
2 24 -3.49 5.04 -7.11 -3.2 5.04 -7.43
4 16 -3.2 5.04 -7.43 -3.18 5.04 -7.21 -2.26 5.04 -7.54 -3.1 5.04 -7.54
2 24 -3.18 5.04 -7.21 -2.26 5.04 -7.54
2 24 -3.2 5.04 -7.43 -3.1 5.04 -7.54
4 16 -3.1 5.04 -7.54 -2.26 5.04 -7.54 -1.32 5.04 -7.76 -2.84 5.04 -7.87
2 24 -2.26 5.04 -7.54 -1.32 5.04 -7.76
2 24 -3.1 5.04 -7.54 -2.84 5.04 -7.87
3 16 -2.84 5.04 -7.87 -1.32 5.04 -7.76 -0.35 5.04 -7.87
2 24 -1.32 5.04 -7.76 -0.35 5.04 -7.87

3 16 -4.24 6.11 6.62 -3.98 6.1 6.79 -4.23 6.18 6.63
3 16 -4.65 6.18 6.35 -4.24 6.11 6.62 -4.23 6.18 6.63

3 16 -2.84 5.04 7.87 0 5.04 7.87 -0.35 5.04 7.87
2 24 0 5.04 7.87 -2.84 5.04 7.87
2 24 0 5.04 7.87 -0.35 5.04 7.87
3 16 -0.35 5.04 7.87 -1.32 5.04 7.76 -2.84 5.04 7.87
2 24 -0.35 5.04 7.87 -1.32 5.04 7.76
4 16 -2.84 5.04 7.87 -1.32 5.04 7.76 -2.26 5.04 7.54 -3.12 5.04 7.52
2 24 -1.32 5.04 7.76 -2.26 5.04 7.54
2 24 -3.12 5.04 7.52 -2.84 5.04 7.87

3 16 -4.54 4.25 -6.96 -4.6 4.2 -7.05 -4.9 4.14 -6.91
3 16 -4.6 4.2 -7.05 -4.54 4.25 -6.96 -4.2 4.28 -7.23

3 16 -4.25 5.07 -6.44 -4.26 4.98 -6.46 -4.51 4.87 -6.3
3 16 -4.26 4.98 -6.46 -4.25 5.07 -6.44 -4.05 5.06 -6.6

3 16 -1.89 0.01 0.82 -1.91 0.45 1.28 -1.91 0.45 0.01
4 16 -1.89 0.01 -1.22 -1.89 0.01 0.82 -1.91 0.45 0.01 -1.91 0.45 -1.26

3 16 -5.18 4.77 4.94 -5.21 4.79 4.99 -5.22 4.84 4.9
3 16 -5.18 4.77 4.94 -5.22 4.84 4.9 -5.2 4.83 4.87

3 16 -3.69 4.24 -7.87 -3.49 4.33 -7.87 0 4.19 -7.87
2 24 -3.69 4.24 -7.87 -3.49 4.33 -7.87
3 16 -3.49 4.33 -7.87 -3.31 4.44 -7.87 0 4.19 -7.87
2 24 -3.49 4.33 -7.87 -3.31 4.44 -7.87
3 16 0 4.19 -7.87 -3.31 4.44 -7.87 -3.24 4.48 -7.87
2 24 -3.31 4.44 -7.87 -3.24 4.48 -7.87
3 16 0 4.19 -7.87 -3.24 4.48 -7.87 -3.15 4.56 -7.87
2 24 -3.24 4.48 -7.87 -3.15 4.56 -7.87
3 16 -4.06 4.15 -7.87 -4.05 4.15 -7.87 0 4.19 -7.87
2 24 -4.06 4.15 -7.87 -4.05 4.15 -7.87
3 16 0 4.19 -7.87 -4.05 4.15 -7.87 -3.8 4.21 -7.87
2 24 -4.05 4.15 -7.87 -3.8 4.21 -7.87
3 16 0 4.19 -7.87 -3.8 4.21 -7.87 -3.69 4.24 -7.87
2 24 -3.8 4.21 -7.87 -3.69 4.24 -7.87
3 16 -3.15 4.56 -7.87 -3.03 4.7 -7.87 0 4.19 -7.87
2 24 -3.15 4.56 -7.87 -3.03 4.7 -7.87
3 16 0 4.19 -7.87 -3.03 4.7 -7.87 -3 4.73 -7.87
2 24 -3.03 4.7 -7.87 -3 4.73 -7.87
3 16 0 4.19 -7.87 -3 4.73 -7.87 -2.94 4.82 -7.87
2 24 -3 4.73 -7.87 -2.94 4.82 -7.87
3 16 -2.84 5.04 -7.87 0 5.04 -7.87 -2.88 4.94 -7.87
2 24 -2.88 4.94 -7.87 -2.84 5.04 -7.87
4 16 -2.88 4.94 -7.87 0 5.04 -7.87 0 4.19 -7.87 -2.91 4.88 -7.87
2 24 -2.91 4.88 -7.87 -2.88 4.94 -7.87
3 16 -2.91 4.88 -7.87 0 4.19 -7.87 -2.94 4.82 -7.87
2 24 -2.94 4.82 -7.87 -2.91 4.88 -7.87
3 16 -4.32 4.12 -7.87 -4.27 4.13 -7.87 0 4.19 -7.87
2 24 -4.32 4.12 -7.87 -4.27 4.13 -7.87
3 16 0 4.19 -7.87 -4.27 4.13 -7.87 -4.24 4.13 -7.87
2 24 -4.27 4.13 -7.87 -4.24 4.13 -7.87
3 16 0 4.19 -7.87 -4.24 4.13 -7.87 -4.06 4.15 -7.87
2 24 -4.24 4.13 -7.87 -4.06 4.15 -7.87

3 16 -3.13 4.59 7.87 -3.27 4.46 7.87 0 4.19 7.87
2 24 -3.13 4.59 7.87 -3.27 4.46 7.87
4 16 0 5.04 7.87 -2.84 5.04 7.87 -2.91 4.88 7.87 0 4.19 7.87
2 24 -2.84 5.04 7.87 -2.91 4.88 7.87
3 16 -2.91 4.88 7.87 -2.94 4.82 7.87 0 4.19 7.87
2 24 -2.91 4.88 7.87 -2.94 4.82 7.87
3 16 0 4.19 7.87 -2.94 4.82 7.87 -3 4.73 7.87
2 24 -2.94 4.82 7.87 -3 4.73 7.87
3 16 0 4.19 7.87 -3 4.73 7.87 -3.13 4.59 7.87
2 24 -3 4.73 7.87 -3.13 4.59 7.87
3 16 -3.27 4.46 7.87 -3.44 4.35 7.87 0 4.19 7.87
2 24 -3.27 4.46 7.87 -3.44 4.35 7.87
3 16 0 4.19 7.87 -3.44 4.35 7.87 -3.62 4.27 7.87
2 24 -3.44 4.35 7.87 -3.62 4.27 7.87
3 16 0 4.19 7.87 -3.62 4.27 7.87 -3.69 4.24 7.87
2 24 -3.62 4.27 7.87 -3.69 4.24 7.87
3 16 -3.69 4.24 7.87 -3.84 4.2 7.87 0 4.19 7.87
2 24 -3.69 4.24 7.87 -3.84 4.2 7.87
3 16 0 4.19 7.87 -3.84 4.2 7.87 -4.09 4.15 7.87
2 24 -3.84 4.2 7.87 -4.09 4.15 7.87
3 16 0 4.19 7.87 -4.09 4.15 7.87 -4.24 4.13 7.87
2 24 -4.09 4.15 7.87 -4.24 4.13 7.87
3 16 -4.24 4.13 7.87 -4.27 4.13 7.87 0 4.19 7.87
2 24 -4.24 4.13 7.87 -4.27 4.13 7.87
3 16 0 4.19 7.87 -4.27 4.13 7.87 -4.36 4.12 7.87
2 24 -4.27 4.13 7.87 -4.36 4.12 7.87

3 16 -4.92 3.47 -5.22 -5.18 3.69 -5.36 -5.19 3.66 -5.36
3 16 -5.18 3.69 -5.36 -5.24 3.69 -5.39 -5.19 3.66 -5.36

3 16 -1.89 -4.2 4.6 -1.89 -3.8 4.16 -1.89 -4.2 -4.6
3 16 -1.89 -4.2 -4.6 -1.89 -3.8 4.16 -1.89 -3.36 3.77
3 16 -1.89 -4.2 -4.6 -1.89 -3.36 3.77 -1.89 -2.89 3.43
3 16 -1.89 -2.89 3.43 -1.89 -2.37 3.15 -1.89 -4.2 -4.6
4 16 -1.89 -4.2 -4.6 -1.89 -2.37 3.15 -1.89 -1.83 2.92 -1.89 -3.82 -4.18
4 16 -1.89 -0.7 2.64 -1.89 -0.74 -2.65 -1.89 -1.31 -2.76 -1.89 -1.27 2.75
3 16 -1.89 -1.27 2.75 -1.89 -1.31 -2.76 -1.89 -1.87 -2.93
3 16 -1.89 -1.87 -2.93 -1.89 -2.4 -3.16 -1.89 -1.27 2.75
3 16 -1.89 -1.27 2.75 -1.89 -2.4 -3.16 -1.89 -2.91 -3.45
4 16 -1.89 -1.27 2.75 -1.89 -2.91 -3.45 -1.89 -3.39 -3.79 -1.89 -1.83 2.92
3 16 -1.89 -1.83 2.92 -1.89 -3.39 -3.79 -1.89 -3.82 -4.18
4 16 -1.89 -0.11 2.6 -1.89 -0.16 -2.6 -1.89 -0.74 -2.65 -1.89 -0.7 2.64
3 16 -1.89 0.05 -2.6 -1.89 0 -2.6 -1.89 0.01 -1.22
3 16 -1.89 0.01 -1.22 -1.89 0 -2.6 -1.89 -0.16 -2.6
3 16 -1.89 0.01 -1.22 -1.89 -0.16 -2.6 -1.89 0.01 0.82
3 16 -1.89 0.01 0.82 -1.89 -0.16 -2.6 -1.89 -0.11 2.6

3 16 0 -4.13 -8.73 0 -4.2 -8 -3.13 -4.14 -8
4 16 -17.13 -3.84 -8.68 0 -4.13 -8.73 -3.13 -4.14 -8 -17.13 -3.9 -8

3 16 -2.25 0 -3.48 -2.25 0.04 -3.48 -2.33 0 -3.55
3 16 -2.33 0 -3.55 -2.25 0.04 -3.48 -2.33 0.04 -3.55

3 16 -2.17 0 -3.4 -2.17 0.04 -3.4 -2.25 0 -3.48
3 16 -2.25 0 -3.48 -2.17 0.04 -3.4 -2.25 0.04 -3.48

3 16 -2.9 0.04 -3.83 -2.91 0 -3.84 -2.7 0.04 -3.78
3 16 -2.91 0.3 -3.85 -2.9 0.04 -3.83 -2.7 0.04 -3.78

3 16 -3.13 -4.14 8 0 -4.2 8 0 -4.13 8.73
4 16 -17.13 -3.9 8 -3.13 -4.14 8 0 -4.13 8.73 -17.13 -3.84 8.68

3 16 -2.19 -4.2 6.14 -2.09 -4.2 5.84 0 -4.2 8
3 16 -2.19 -4.2 6.14 0 -4.2 8 -2.25 -4.2 6.33
3 16 -2.09 -4.2 5.84 -2.03 -4.2 5.64 0 -4.2 8
3 16 0 -4.2 8 -2.03 -4.2 5.64 -1.95 -4.2 5.27
3 16 0 -4.2 8 -1.95 -4.2 5.27 -1.93 -4.2 5.15
3 16 -1.93 -4.2 5.15 -1.91 -4.2 4.93 0 -4.2 8
3 16 0 -4.2 8 -1.91 -4.2 4.93 -1.89 -4.2 4.6
4 16 0 -4.2 8 -1.89 -4.2 4.6 -1.89 -4.2 -4.6 0 -4.2 -8
3 16 0 -4.2 -8 -1.89 -4.2 -4.6 -1.91 -4.2 -4.93
3 16 -1.91 -4.2 -4.93 -1.93 -4.2 -5.15 0 -4.2 -8
3 16 0 -4.2 -8 -1.93 -4.2 -5.15 -1.95 -4.2 -5.24
3 16 0 -4.2 -8 -1.95 -4.2 -5.24 -2.02 -4.2 -5.57
3 16 -2.41 -4.2 6.75 -2.39 -4.2 6.68 0 -4.2 8
3 16 0 -4.2 8 -2.39 -4.2 6.68 -2.29 -4.2 6.42
3 16 0 -4.2 8 -2.29 -4.2 6.42 -2.25 -4.2 6.33
3 16 -2.02 -4.2 -5.57 -2.11 -4.2 -5.91 0 -4.2 -8
3 16 0 -4.2 -8 -2.11 -4.2 -5.91 -2.23 -4.2 -6.26
3 16 0 -4.2 -8 -2.23 -4.2 -6.26 -2.25 -4.2 -6.33
3 16 -2.25 -4.2 -6.33 -2.3 -4.2 -6.45 0 -4.2 -8
3 16 0 -4.2 -8 -2.3 -4.2 -6.45 -2.36 -4.2 -6.61
3 16 0 -4.2 -8 -2.36 -4.2 -6.61 -2.42 -4.2 -6.75
3 16 -2.65 -4.2 7.35 -2.57 -4.2 7.14 0 -4.2 8
3 16 0 -4.2 8 -2.57 -4.2 7.14 -2.48 -4.2 6.92
3 16 0 -4.2 8 -2.48 -4.2 6.92 -2.41 -4.2 6.75
3 16 -2.42 -4.2 -6.75 -2.51 -4.2 -6.98 0 -4.2 -8
3 16 0 -4.2 -8 -2.51 -4.2 -6.98 -2.65 -4.2 -7.37
3 16 0 -4.2 8 -2.78 -4.2 8 -2.78 -4.2 7.93
3 16 -2.65 -4.2 -7.37 -2.71 -4.2 -7.56 0 -4.2 -8
3 16 0 -4.2 -8 -2.71 -4.2 -7.56 -2.77 -4.2 -7.79
3 16 0 -4.2 -8 -2.77 -4.2 -7.79 -2.78 -4.2 -8
3 16 -2.78 -4.2 7.93 -2.76 -4.2 7.74 0 -4.2 8
3 16 0 -4.2 8 -2.76 -4.2 7.74 -2.71 -4.2 7.55
3 16 0 -4.2 8 -2.71 -4.2 7.55 -2.65 -4.2 7.35

3 16 -2.78 -4.2 -8 -2.8 -4.19 -8 0 -4.2 -8
3 16 0 -4.2 -8 -2.8 -4.19 -8 -3.01 -4.15 -8
3 16 0 -4.2 -8 -3.01 -4.15 -8 -3.13 -4.14 -8

3 16 -3.13 -4.14 8 -3.01 -4.15 8 0 -4.2 8
3 16 0 -4.2 8 -3.01 -4.15 8 -2.8 -4.19 8
3 16 0 -4.2 8 -2.8 -4.19 8 -2.78 -4.2 8

3 16 -22.17 0.31 -6.78 -22.17 0.1 -6.74 -22.17 0 -4.89
2 24 -22.17 0.1 -6.74 -22.17 0.31 -6.78
4 16 -22.17 0 -4.89 -22.17 0.1 -6.74 -22.17 -0.1 -6.74 -22.17 -0.54 -4.94
2 24 -22.17 -0.1 -6.74 -22.17 0.1 -6.74
2 24 -22.17 -0.54 -4.94 -22.17 0 -4.89
4 16 -22.17 -0.54 -4.94 -22.17 -0.1 -6.74 -22.17 -0.31 -6.78 -22.17 -1.06 -5.08
2 24 -22.17 -0.31 -6.78 -22.17 -0.1 -6.74
2 24 -22.17 -1.06 -5.08 -22.17 -0.54 -4.94
4 16 -22.17 -1.06 -5.08 -22.17 -0.31 -6.78 -22.17 -0.51 -6.85 -22.17 -1.55 -5.31
2 24 -22.17 -0.51 -6.85 -22.17 -0.31 -6.78
2 24 -22.17 -1.55 -5.31 -22.17 -1.06 -5.08
4 16 -22.17 -1.55 -5.31 -22.17 -0.51 -6.85 -22.17 -0.69 -6.95 -22.17 -2 -5.62
2 24 -22.17 -0.69 -6.95 -22.17 -0.51 -6.85
2 24 -22.17 -2 -5.62 -22.17 -1.55 -5.31
4 16 -22.17 -2 -5.62 -22.17 -0.69 -6.95 -22.17 -0.85 -7.07 -22.17 -2.38 -6
2 24 -22.17 -0.85 -7.07 -22.17 -0.69 -6.95
2 24 -22.17 -2.38 -6 -22.17 -2 -5.62
4 16 -22.17 -2.38 -6 -22.17 -0.85 -7.07 -22.17 -0.99 -7.23 -22.17 -2.69 -6.45
2 24 -22.17 -0.99 -7.23 -22.17 -0.85 -7.07
2 24 -22.17 -2.69 -6.45 -22.17 -2.38 -6
4 16 -22.17 -2.69 -6.45 -22.17 -0.99 -7.23 -22.17 -1.11 -7.4 -22.17 -2.92 -6.94
2 24 -22.17 -1.11 -7.4 -22.17 -0.99 -7.23
2 24 -22.17 -2.92 -6.94 -22.17 -2.69 -6.45
4 16 -22.17 -2.92 -6.94 -22.17 -1.11 -7.4 -22.17 -1.19 -7.59 -22.17 -3.06 -7.46
2 24 -22.17 -1.19 -7.59 -22.17 -1.11 -7.4
2 24 -22.17 -3.06 -7.46 -22.17 -2.92 -6.94
4 16 -22.17 -3.06 -7.46 -22.17 -1.19 -7.59 -22.17 -1.24 -7.79 -22.17 -3.11 -8
2 24 -22.17 -1.24 -7.79 -22.17 -1.19 -7.59
2 24 -22.17 -3.11 -8 -22.17 -3.06 -7.46
4 16 -22.17 -3.11 -8 -22.17 -1.24 -7.79 -22.17 -1.26 -8 -22.17 -3.06 -8.54
2 24 -22.17 -1.26 -8 -22.17 -1.24 -7.79
2 24 -22.17 -3.06 -8.54 -22.17 -3.11 -8
4 16 -22.17 -3.06 -8.54 -22.17 -1.26 -8 -22.17 -1.24 -8.22 -22.17 -2.92 -9.06
2 24 -22.17 -1.24 -8.22 -22.17 -1.26 -8
2 24 -22.17 -2.92 -9.06 -22.17 -3.06 -8.54
4 16 -22.17 -2.92 -9.06 -22.17 -1.24 -8.22 -22.17 -1.18 -8.43 -22.17 -2.69 -9.55
2 24 -22.17 -1.18 -8.43 -22.17 -1.24 -8.22
2 24 -22.17 -2.69 -9.55 -22.17 -2.92 -9.06
4 16 -22.17 -2.69 -9.55 -22.17 -1.18 -8.43 -22.17 -1.09 -8.63 -22.17 -2.38 -10
2 24 -22.17 -1.09 -8.63 -22.17 -1.18 -8.43
2 24 -22.17 -2.38 -10 -22.17 -2.69 -9.55
4 16 -22.17 -2.38 -10 -22.17 -1.09 -8.63 -22.17 -0.97 -8.81 -22.17 -2 -10.38
2 24 -22.17 -0.97 -8.81 -22.17 -1.09 -8.63
2 24 -22.17 -2 -10.38 -22.17 -2.38 -10
4 16 -22.17 -2 -10.38 -22.17 -0.97 -8.81 -22.17 -0.81 -8.97 -22.17 -1.55 -10.69
2 24 -22.17 -0.81 -8.97 -22.17 -0.97 -8.81
2 24 -22.17 -1.55 -10.69 -22.17 -2 -10.38
4 16 -22.17 -1.55 -10.69 -22.17 -0.81 -8.97 -22.17 -0.63 -9.09 -22.17 -1.06 -10.92
2 24 -22.17 -0.63 -9.09 -22.17 -0.81 -8.97
2 24 -22.17 -1.06 -10.92 -22.17 -1.55 -10.69
4 16 -22.17 -1.06 -10.92 -22.17 -0.63 -9.09 -22.17 -0.43 -9.18 -22.17 -0.54 -11.06
2 24 -22.17 -0.43 -9.18 -22.17 -0.63 -9.09
2 24 -22.17 -0.54 -11.06 -22.17 -1.06 -10.92
4 16 -22.17 -0.54 -11.06 -22.17 -0.43 -9.18 -22.17 -0.22 -9.24 -22.17 0 -11.11
2 24 -22.17 -0.22 -9.24 -22.17 -0.43 -9.18
2 24 -22.17 0 -11.11 -22.17 -0.54 -11.06
4 16 -22.17 0 -11.11 -22.17 -0.22 -9.24 -22.17 0 -9.26 -22.17 0.54 -11.06
2 24 -22.17 0 -9.26 -22.17 -0.22 -9.24
2 24 -22.17 0.54 -11.06 -22.17 0 -11.11
4 16 -22.17 0.54 -11.06 -22.17 0 -9.26 -22.17 0.22 -9.24 -22.17 1.06 -10.92
2 24 -22.17 0.22 -9.24 -22.17 0 -9.26
2 24 -22.17 1.06 -10.92 -22.17 0.54 -11.06
4 16 -22.17 1.06 -10.92 -22.17 0.22 -9.24 -22.17 0.43 -9.18 -22.17 1.55 -10.69
2 24 -22.17 0.43 -9.18 -22.17 0.22 -9.24
2 24 -22.17 1.55 -10.69 -22.17 1.06 -10.92
4 16 -22.17 1.55 -10.69 -22.17 0.43 -9.18 -22.17 0.63 -9.09 -22.17 2 -10.38
2 24 -22.17 0.63 -9.09 -22.17 0.43 -9.18
2 24 -22.17 2 -10.38 -22.17 1.55 -10.69
4 16 -22.17 2 -10.38 -22.17 0.63 -9.09 -22.17 0.81 -8.97 -22.17 2.38 -10
2 24 -22.17 0.81 -8.97 -22.17 0.63 -9.09
2 24 -22.17 2.38 -10 -22.17 2 -10.38
4 16 -22.17 2.38 -10 -22.17 0.81 -8.97 -22.17 0.97 -8.81 -22.17 2.69 -9.55
2 24 -22.17 0.97 -8.81 -22.17 0.81 -8.97
2 24 -22.17 2.69 -9.55 -22.17 2.38 -10
4 16 -22.17 2.69 -9.55 -22.17 0.97 -8.81 -22.17 1.09 -8.63 -22.17 2.92 -9.06
2 24 -22.17 1.09 -8.63 -22.17 0.97 -8.81
2 24 -22.17 2.92 -9.06 -22.17 2.69 -9.55
4 16 -22.17 2.92 -9.06 -22.17 1.09 -8.63 -22.17 1.18 -8.43 -22.17 3.06 -8.54
2 24 -22.17 1.18 -8.43 -22.17 1.09 -8.63
2 24 -22.17 3.06 -8.54 -22.17 2.92 -9.06
4 16 -22.17 3.06 -8.54 -22.17 1.18 -8.43 -22.17 1.24 -8.22 -22.17 3.11 -8
2 24 -22.17 1.24 -8.22 -22.17 1.18 -8.43
2 24 -22.17 3.11 -8 -22.17 3.06 -8.54
4 16 -22.17 3.11 -8 -22.17 1.24 -8.22 -22.17 1.26 -8 -22.17 3.06 -7.46
2 24 -22.17 1.26 -8 -22.17 1.24 -8.22
2 24 -22.17 3.06 -7.46 -22.17 3.11 -8
4 16 -22.17 3.06 -7.46 -22.17 1.26 -8 -22.17 1.24 -7.79 -22.17 2.92 -6.94
2 24 -22.17 1.24 -7.79 -22.17 1.26 -8
2 24 -22.17 2.92 -6.94 -22.17 3.06 -7.46
4 16 -22.17 2.92 -6.94 -22.17 1.24 -7.79 -22.17 1.19 -7.59 -22.17 2.69 -6.45
2 24 -22.17 1.19 -7.59 -22.17 1.24 -7.79
2 24 -22.17 2.69 -6.45 -22.17 2.92 -6.94
4 16 -22.17 2.69 -6.45 -22.17 1.19 -7.59 -22.17 1.11 -7.4 -22.17 2.38 -6
2 24 -22.17 1.11 -7.4 -22.17 1.19 -7.59
2 24 -22.17 2.38 -6 -22.17 2.69 -6.45
4 16 -22.17 2.38 -6 -22.17 1.11 -7.4 -22.17 0.99 -7.23 -22.17 2 -5.62
2 24 -22.17 0.99 -7.23 -22.17 1.11 -7.4
2 24 -22.17 2 -5.62 -22.17 2.38 -6
4 16 -22.17 2 -5.62 -22.17 0.99 -7.23 -22.17 0.85 -7.07 -22.17 1.55 -5.31
2 24 -22.17 0.85 -7.07 -22.17 0.99 -7.23
2 24 -22.17 1.55 -5.31 -22.17 2 -5.62
4 16 -22.17 1.55 -5.31 -22.17 0.85 -7.07 -22.17 0.69 -6.95 -22.17 1.06 -5.08
2 24 -22.17 0.69 -6.95 -22.17 0.85 -7.07
2 24 -22.17 1.06 -5.08 -22.17 1.55 -5.31
4 16 -22.17 1.06 -5.08 -22.17 0.69 -6.95 -22.17 0.51 -6.85 -22.17 0.54 -4.94
2 24 -22.17 0.51 -6.85 -22.17 0.69 -6.95
2 24 -22.17 0.54 -4.94 -22.17 1.06 -5.08
4 16 -22.17 0.54 -4.94 -22.17 0.51 -6.85 -22.17 0.31 -6.78 -22.17 0 -4.89
2 24 -22.17 0.31 -6.78 -22.17 0.51 -6.85
2 24 -22.17 0 -4.89 -22.17 0.54 -4.94

4 16 -22.17 -3.11 7.95 -22.17 -3.11 8 -22.17 -1.26 8 -22.17 -1.24 7.78
2 24 -22.17 -3.11 7.95 -22.17 -3.11 8
2 24 -22.17 -1.24 7.78 -22.17 -1.26 8
3 16 -22.17 0.02 9.26 -22.17 0 9.26 -22.17 0 11.11
2 24 -22.17 0 9.26 -22.17 0.02 9.26
4 16 -22.17 0 11.11 -22.17 0 9.26 -22.17 -0.02 9.26 -22.17 -0.53 11.06
2 24 -22.17 -0.02 9.26 -22.17 0 9.26
2 24 -22.17 -0.53 11.06 -22.17 0 11.11
4 16 -22.17 -0.53 11.06 -22.17 -0.02 9.26 -22.17 -0.24 9.24 -22.17 -1.05 10.92
2 24 -22.17 -0.24 9.24 -22.17 -0.02 9.26
2 24 -22.17 -1.05 10.92 -22.17 -0.53 11.06
4 16 -22.17 -1.05 10.92 -22.17 -0.24 9.24 -22.17 -0.45 9.18 -22.17 -1.54 10.7
2 24 -22.17 -0.45 9.18 -22.17 -0.24 9.24
2 24 -22.17 -1.54 10.7 -22.17 -1.05 10.92
4 16 -22.17 -1.54 10.7 -22.17 -0.45 9.18 -22.17 -0.64 9.08 -22.17 -1.98 10.39
2 24 -22.17 -0.64 9.08 -22.17 -0.45 9.18
2 24 -22.17 -1.98 10.39 -22.17 -1.54 10.7
4 16 -22.17 -1.98 10.39 -22.17 -0.64 9.08 -22.17 -0.82 8.96 -22.17 -2.36 10.02
2 24 -22.17 -0.82 8.96 -22.17 -0.64 9.08
2 24 -22.17 -2.36 10.02 -22.17 -1.98 10.39
4 16 -22.17 -2.36 10.02 -22.17 -0.82 8.96 -22.17 -0.97 8.8 -22.17 -2.67 9.58
2 24 -22.17 -0.97 8.8 -22.17 -0.82 8.96
2 24 -22.17 -2.67 9.58 -22.17 -2.36 10.02
4 16 -22.17 -2.67 9.58 -22.17 -0.97 8.8 -22.17 -1.09 8.62 -22.17 -2.91 9.1
2 24 -22.17 -1.09 8.62 -22.17 -0.97 8.8
2 24 -22.17 -2.91 9.1 -22.17 -2.67 9.58
4 16 -22.17 -2.91 9.1 -22.17 -1.09 8.62 -22.17 -1.19 8.43 -22.17 -3.05 8.58
2 24 -22.17 -1.19 8.43 -22.17 -1.09 8.62
2 24 -22.17 -3.05 8.58 -22.17 -2.91 9.1
4 16 -22.17 -3.05 8.58 -22.17 -1.19 8.43 -22.17 -1.24 8.22 -22.17 -3.11 8.05
2 24 -22.17 -1.24 8.22 -22.17 -1.19 8.43
2 24 -22.17 -3.11 8.05 -22.17 -3.05 8.58
4 16 -22.17 -3.11 8.05 -22.17 -1.24 8.22 -22.17 -1.26 8 -22.17 -3.11 8
2 24 -22.17 -1.26 8 -22.17 -1.24 8.22
2 24 -22.17 -3.11 8 -22.17 -3.11 8.05
3 16 -22.17 -0.02 6.74 -22.17 0 4.89 -22.17 -0.24 6.76
2 24 -22.17 -0.02 6.74 -22.17 -0.24 6.76
4 16 -22.17 -0.24 6.76 -22.17 0 4.89 -22.17 -0.53 4.94 -22.17 -0.45 6.82
2 24 -22.17 0 4.89 -22.17 -0.53 4.94
2 24 -22.17 -0.24 6.76 -22.17 -0.45 6.82
4 16 -22.17 -0.45 6.82 -22.17 -0.53 4.94 -22.17 -1.05 5.08 -22.17 -0.64 6.92
2 24 -22.17 -0.53 4.94 -22.17 -1.05 5.08
2 24 -22.17 -0.45 6.82 -22.17 -0.64 6.92
4 16 -22.17 -0.64 6.92 -22.17 -1.05 5.08 -22.17 -1.54 5.3 -22.17 -0.82 7.04
2 24 -22.17 -1.05 5.08 -22.17 -1.54 5.3
2 24 -22.17 -0.64 6.92 -22.17 -0.82 7.04
4 16 -22.17 -0.82 7.04 -22.17 -1.54 5.3 -22.17 -1.98 5.61 -22.17 -0.97 7.2
2 24 -22.17 -1.54 5.3 -22.17 -1.98 5.61
2 24 -22.17 -0.82 7.04 -22.17 -0.97 7.2
4 16 -22.17 -0.97 7.2 -22.17 -1.98 5.61 -22.17 -2.36 5.98 -22.17 -1.09 7.38
2 24 -22.17 -1.98 5.61 -22.17 -2.36 5.98
2 24 -22.17 -0.97 7.2 -22.17 -1.09 7.38
4 16 -22.17 -1.09 7.38 -22.17 -2.36 5.98 -22.17 -2.67 6.42 -22.17 -1.19 7.57
2 24 -22.17 -2.36 5.98 -22.17 -2.67 6.42
2 24 -22.17 -1.09 7.38 -22.17 -1.19 7.57
4 16 -22.17 -1.19 7.57 -22.17 -2.67 6.42 -22.17 -2.91 6.9 -22.17 -1.24 7.78
2 24 -22.17 -2.67 6.42 -22.17 -2.91 6.9
2 24 -22.17 -1.19 7.57 -22.17 -1.24 7.78
4 16 -22.17 -1.24 7.78 -22.17 -2.91 6.9 -22.17 -3.05 7.42 -22.17 -3.11 7.95
2 24 -22.17 -2.91 6.9 -22.17 -3.05 7.42
2 24 -22.17 -3.05 7.42 -22.17 -3.11 7.95
4 16 -22.17 3.11 8.05 -22.17 3.11 8 -22.17 1.26 8 -22.17 1.24 8.22
2 24 -22.17 3.11 8.05 -22.17 3.11 8
2 24 -22.17 1.24 8.22 -22.17 1.26 8
3 16 -22.17 0.02 9.26 -22.17 0 11.11 -22.17 0.24 9.24
2 24 -22.17 0.02 9.26 -22.17 0.24 9.24
4 16 -22.17 0.24 9.24 -22.17 0 11.11 -22.17 0.53 11.06 -22.17 0.45 9.18
2 24 -22.17 0 11.11 -22.17 0.53 11.06
2 24 -22.17 0.24 9.24 -22.17 0.45 9.18
4 16 -22.17 0.45 9.18 -22.17 0.53 11.06 -22.17 1.05 10.92 -22.17 0.64 9.08
2 24 -22.17 0.53 11.06 -22.17 1.05 10.92
2 24 -22.17 0.45 9.18 -22.17 0.64 9.08
4 16 -22.17 0.64 9.08 -22.17 1.05 10.92 -22.17 1.54 10.7 -22.17 0.82 8.96
2 24 -22.17 1.05 10.92 -22.17 1.54 10.7
2 24 -22.17 0.64 9.08 -22.17 0.82 8.96
4 16 -22.17 0.82 8.96 -22.17 1.54 10.7 -22.17 1.98 10.39 -22.17 0.97 8.8
2 24 -22.17 1.54 10.7 -22.17 1.98 10.39
2 24 -22.17 0.82 8.96 -22.17 0.97 8.8
4 16 -22.17 0.97 8.8 -22.17 1.98 10.39 -22.17 2.36 10.02 -22.17 1.09 8.62
2 24 -22.17 1.98 10.39 -22.17 2.36 10.02
2 24 -22.17 0.97 8.8 -22.17 1.09 8.62
4 16 -22.17 1.09 8.62 -22.17 2.36 10.02 -22.17 2.67 9.58 -22.17 1.19 8.43
2 24 -22.17 2.36 10.02 -22.17 2.67 9.58
2 24 -22.17 1.09 8.62 -22.17 1.19 8.43
4 16 -22.17 1.19 8.43 -22.17 2.67 9.58 -22.17 2.91 9.1 -22.17 1.24 8.22
2 24 -22.17 2.67 9.58 -22.17 2.91 9.1
2 24 -22.17 1.19 8.43 -22.17 1.24 8.22
4 16 -22.17 1.24 8.22 -22.17 2.91 9.1 -22.17 3.05 8.58 -22.17 3.11 8.05
2 24 -22.17 2.91 9.1 -22.17 3.05 8.58
2 24 -22.17 3.05 8.58 -22.17 3.11 8.05
4 16 -22.17 1.26 8 -22.17 3.11 8 -22.17 3.11 7.95 -22.17 1.24 7.78
2 24 -22.17 3.11 8 -22.17 3.11 7.95
2 24 -22.17 1.26 8 -22.17 1.24 7.78
4 16 -22.17 1.24 7.78 -22.17 3.11 7.95 -22.17 3.05 7.42 -22.17 1.19 7.57
2 24 -22.17 3.11 7.95 -22.17 3.05 7.42
2 24 -22.17 1.24 7.78 -22.17 1.19 7.57
4 16 -22.17 1.19 7.57 -22.17 3.05 7.42 -22.17 2.91 6.9 -22.17 1.09 7.38
2 24 -22.17 3.05 7.42 -22.17 2.91 6.9
2 24 -22.17 1.19 7.57 -22.17 1.09 7.38
4 16 -22.17 1.09 7.38 -22.17 2.91 6.9 -22.17 2.67 6.42 -22.17 0.97 7.2
2 24 -22.17 2.91 6.9 -22.17 2.67 6.42
2 24 -22.17 1.09 7.38 -22.17 0.97 7.2
4 16 -22.17 0.97 7.2 -22.17 2.67 6.42 -22.17 2.36 5.98 -22.17 0.82 7.04
2 24 -22.17 2.67 6.42 -22.17 2.36 5.98
2 24 -22.17 0.97 7.2 -22.17 0.82 7.04
4 16 -22.17 0.82 7.04 -22.17 2.36 5.98 -22.17 1.98 5.61 -22.17 0.64 6.92
2 24 -22.17 2.36 5.98 -22.17 1.98 5.61
2 24 -22.17 0.82 7.04 -22.17 0.64 6.92
4 16 -22.17 0.64 6.92 -22.17 1.98 5.61 -22.17 1.54 5.3 -22.17 0.45 6.82
2 24 -22.17 1.98 5.61 -22.17 1.54 5.3
2 24 -22.17 0.64 6.92 -22.17 0.45 6.82
4 16 -22.17 0.45 6.82 -22.17 1.54 5.3 -22.17 1.05 5.08 -22.17 0.24 6.76
2 24 -22.17 1.54 5.3 -22.17 1.05 5.08
2 24 -22.17 0.45 6.82 -22.17 0.24 6.76
4 16 -22.17 0.24 6.76 -22.17 1.05 5.08 -22.17 0.53 4.94 -22.17 0.02 6.74
2 24 -22.17 1.05 5.08 -22.17 0.53 4.94
2 24 -22.17 0.24 6.76 -22.17 0.02 6.74
4 16 -22.17 0.02 6.74 -22.17 0.53 4.94 -22.17 0 4.89 -22.17 0 6.74
2 24 -22.17 0.53 4.94 -22.17 0 4.89
2 24 -22.17 0.02 6.74 -22.17 0 6.74
3 16 -22.17 0 6.74 -22.17 0 4.89 -22.17 -0.02 6.74
2 24 -22.17 0 6.74 -22.17 -0.02 6.74

3 16 -0.35 10.08 7.87 0 10.08 7.87 0 10.08 -7.87
2 24 -0.35 10.08 7.87 0 10.08 7.87
4 16 -7.87 10.08 0 -7.87 10.08 0.35 0 10.08 -7.87 -0.35 10.08 -7.87
2 24 -7.87 10.08 0 -7.87 10.08 0.35
2 24 0 10.08 -7.87 -0.35 10.08 -7.87
3 16 -7.54 10.08 -2.26 -7.76 10.08 -1.32 -0.35 10.08 -7.87
2 24 -7.54 10.08 -2.26 -7.76 10.08 -1.32
3 16 -0.35 10.08 -7.87 -7.76 10.08 -1.32 -7.87 10.08 -0.35
2 24 -7.76 10.08 -1.32 -7.87 10.08 -0.35
3 16 -0.35 10.08 -7.87 -7.87 10.08 -0.35 -7.87 10.08 0
2 24 -7.87 10.08 -0.35 -7.87 10.08 0
3 16 -5.57 10.08 -5.57 -6.21 10.08 -4.84 -0.35 10.08 -7.87
2 24 -5.57 10.08 -5.57 -6.21 10.08 -4.84
3 16 -6.21 10.08 -4.84 -6.76 10.08 -4.04 -0.35 10.08 -7.87
2 24 -6.21 10.08 -4.84 -6.76 10.08 -4.04
3 16 -0.35 10.08 -7.87 -6.76 10.08 -4.04 -7.21 10.08 -3.18
2 24 -6.76 10.08 -4.04 -7.21 10.08 -3.18
3 16 -0.35 10.08 -7.87 -7.21 10.08 -3.18 -7.54 10.08 -2.26
2 24 -7.21 10.08 -3.18 -7.54 10.08 -2.26
3 16 0 10.08 -7.87 -6.21 10.08 4.84 -5.57 10.08 5.57
2 24 -6.21 10.08 4.84 -5.57 10.08 5.57
3 16 -3.18 10.08 7.21 -2.26 10.08 7.54 0 10.08 -7.87
2 24 -3.18 10.08 7.21 -2.26 10.08 7.54
3 16 0 10.08 -7.87 -2.26 10.08 7.54 -1.32 10.08 7.76
2 24 -2.26 10.08 7.54 -1.32 10.08 7.76
3 16 0 10.08 -7.87 -1.32 10.08 7.76 -0.35 10.08 7.87
2 24 -1.32 10.08 7.76 -0.35 10.08 7.87
3 16 -2.26 10.08 -7.54 -3.18 10.08 -7.21 -1.32 10.08 -7.76
2 24 -2.26 10.08 -7.54 -3.18 10.08 -7.21
2 24 -1.32 10.08 -7.76 -2.26 10.08 -7.54
3 16 -1.32 10.08 -7.76 -3.18 10.08 -7.21 -4.04 10.08 -6.76
2 24 -3.18 10.08 -7.21 -4.04 10.08 -6.76
4 16 -1.32 10.08 -7.76 -4.04 10.08 -6.76 -4.84 10.08 -6.21 -0.35 10.08 -7.87
2 24 -4.04 10.08 -6.76 -4.84 10.08 -6.21
2 24 -0.35 10.08 -7.87 -1.32 10.08 -7.76
3 16 -0.35 10.08 -7.87 -4.84 10.08 -6.21 -5.57 10.08 -5.57
2 24 -4.84 10.08 -6.21 -5.57 10.08 -5.57
3 16 0 10.08 -7.87 -7.87 10.08 0.35 -7.76 10.08 1.32
2 24 -7.87 10.08 0.35 -7.76 10.08 1.32
3 16 0 10.08 -7.87 -7.76 10.08 1.32 -7.54 10.08 2.26
2 24 -7.76 10.08 1.32 -7.54 10.08 2.26
3 16 -5.57 10.08 5.57 -4.84 10.08 6.21 0 10.08 -7.87
2 24 -5.57 10.08 5.57 -4.84 10.08 6.21
3 16 0 10.08 -7.87 -4.84 10.08 6.21 -4.04 10.08 6.76
2 24 -4.84 10.08 6.21 -4.04 10.08 6.76
3 16 0 10.08 -7.87 -4.04 10.08 6.76 -3.18 10.08 7.21
2 24 -4.04 10.08 6.76 -3.18 10.08 7.21
3 16 -7.54 10.08 2.26 -7.21 10.08 3.18 0 10.08 -7.87
2 24 -7.54 10.08 2.26 -7.21 10.08 3.18
3 16 0 10.08 -7.87 -7.21 10.08 3.18 -6.76 10.08 4.04
2 24 -7.21 10.08 3.18 -6.76 10.08 4.04
3 16 0 10.08 -7.87 -6.76 10.08 4.04 -6.21 10.08 4.84
2 24 -6.76 10.08 4.04 -6.21 10.08 4.84

3 16 0 0.82 7.04 0 0.64 6.92 0 4.19 -7.87
3 16 0 1.19 7.57 0 1.09 7.38 0 4.19 -7.87
3 16 0 4.19 -7.87 0 1.09 7.38 0 0.97 7.2
3 16 0 4.19 -7.87 0 0.97 7.2 0 0.82 7.04
4 16 0 4.13 -8.73 0 1.26 -8 0 1.24 -8.22 0 3.94 -9.43
3 16 0 3.94 -9.43 0 1.24 -8.22 0 1.18 -8.43
4 16 0 3.94 -9.43 0 1.18 -8.43 0 1.09 -8.63 0 3.63 -10.1
4 16 0 3.63 -10.1 0 1.09 -8.63 0 0.97 -8.81 0 3.21 -10.7
4 16 0 3.21 -10.7 0 0.97 -8.81 0 0.81 -8.97 0 2.7 -11.21
4 16 0 2.7 -11.21 0 0.81 -8.97 0 0.63 -9.09 0 2.1 -11.63
4 16 0 2.1 -11.63 0 0.63 -9.09 0 0.43 -9.18 0 1.43 -11.94
4 16 0 1.43 -11.94 0 0.43 -9.18 0 0.22 -9.24 0 0.73 -12.13
4 16 0 0.73 -12.13 0 0.22 -9.24 0 0 -9.26 0 0 -12.2
4 16 0 0 -12.2 0 0 -9.26 0 -0.22 -9.24 0 -0.73 -12.13
4 16 0 -0.73 -12.13 0 -0.22 -9.24 0 -0.43 -9.18 0 -1.43 -11.94
4 16 0 -1.43 -11.94 0 -0.43 -9.18 0 -0.63 -9.09 0 -2.1 -11.63
4 16 0 -2.1 -11.63 0 -0.63 -9.09 0 -0.81 -8.97 0 -2.7 -11.21
4 16 0 -2.7 -11.21 0 -0.81 -8.97 0 -0.97 -8.81 0 -3.21 -10.7
4 16 0 -3.21 -10.7 0 -0.97 -8.81 0 -1.09 -8.63 0 -3.63 -10.1
4 16 0 -3.63 -10.1 0 -1.09 -8.63 0 -1.18 -8.43 0 -3.94 -9.43
4 16 0 -3.94 -9.43 0 -1.18 -8.43 0 -1.24 -8.22 0 -4.13 -8.73
3 16 0 1.24 8.22 0 1.26 8 0 4.19 -7.87
3 16 0 4.19 -7.87 0 1.26 8 0 1.24 7.78
3 16 0 4.19 -7.87 0 1.24 7.78 0 1.19 7.57
3 16 0 0.24 6.76 0 4.13 -8.73 0 4.2 -8
3 16 0 4.2 -8 0 4.2 -7.93 0 0.24 6.76
2 24 0 4.2 -8 0 4.2 -7.93
4 16 0 0.24 6.76 0 4.2 -7.93 0 4.19 -7.87 0 0.45 6.82
2 24 0 4.2 -7.93 0 4.19 -7.87
3 16 0 0.45 6.82 0 4.19 -7.87 0 0.64 6.92
3 16 0 -0.31 -6.78 0 -0.1 -6.74 0 0 6.74
3 16 0 -0.45 6.82 0 -0.64 6.92 0 -4.2 -8
4 16 0 10.08 -7.87 0 10.08 7.87 0 5.04 7.87 0 5.04 -7.87
4 16 0 5.04 -7.87 0 5.04 7.87 0 4.19 7.87 0 4.19 -7.87
3 16 0 4.19 -7.87 0 4.19 7.87 0 1.24 8.22
3 16 0 0.24 6.76 0 0.51 -6.85 0 0.69 -6.95
3 16 0 1.19 -7.59 0 1.24 -7.79 0 4.13 -8.73
3 16 0 4.13 -8.73 0 1.24 -7.79 0 1.26 -8
3 16 0 -0.64 6.92 0 -0.82 7.04 0 -4.2 -8
3 16 0 -4.2 -8 0 -0.82 7.04 0 -0.97 7.2
4 16 0 -4.2 -8 0 -0.97 7.2 0 -1.09 7.38 0 -4.2 8
3 16 0 -4.2 8 0 -1.09 7.38 0 -1.19 7.57
4 16 0 0 6.74 0 -0.1 -6.74 0 0.1 -6.74 0 0.02 6.74
4 16 0 0.02 6.74 0 0.1 -6.74 0 0.31 -6.78 0 0.24 6.76
3 16 0 0.24 6.76 0 0.31 -6.78 0 0.51 -6.85
3 16 0 -1.11 -7.4 0 -0.99 -7.23 0 0 6.74
3 16 0 0 6.74 0 -0.99 -7.23 0 -0.85 -7.07
3 16 0 4.19 7.87 0 4.2 8 0 1.24 8.22
2 24 0 4.19 7.87 0 4.2 8
4 16 0 1.24 8.22 0 4.2 8 0 4.13 8.72 0 1.19 8.43
4 16 0 1.19 8.43 0 4.13 8.72 0 3.95 9.42 0 1.09 8.62
4 16 0 1.09 8.62 0 3.95 9.42 0 3.64 10.08 0 0.97 8.8
4 16 0 0.97 8.8 0 3.64 10.08 0 3.23 10.67 0 0.82 8.96
4 16 0 0.82 8.96 0 3.23 10.67 0 2.72 11.19 0 0.64 9.08
4 16 0 0.64 9.08 0 2.72 11.19 0 2.14 11.61 0 0.45 9.18
4 16 0 0.45 9.18 0 2.14 11.61 0 1.48 11.92 0 0.24 9.24
4 16 0 0.24 9.24 0 1.48 11.92 0 0.79 12.12 0 0.02 9.26
4 16 0 0.02 9.26 0 0.79 12.12 0 0.07 12.2 0 0 9.26
4 16 0 0 9.26 0 0.07 12.2 0 0 12.2 0 -0.02 9.26
3 16 0 -0.85 -7.07 0 -0.69 -6.95 0 0 6.74
3 16 0 0 6.74 0 -0.69 -6.95 0 -0.51 -6.85
3 16 0 0 6.74 0 -0.51 -6.85 0 -0.31 -6.78
3 16 0 0.69 -6.95 0 0.85 -7.07 0 0.24 6.76
3 16 0 0.24 6.76 0 0.85 -7.07 0 0.99 -7.23
4 16 0 0.24 6.76 0 0.99 -7.23 0 1.11 -7.4 0 4.13 -8.73
3 16 0 4.13 -8.73 0 1.11 -7.4 0 1.19 -7.59
3 16 0 -4.13 -8.73 0 -1.24 -8.22 0 -1.26 -8
3 16 0 -4.13 -8.73 0 -1.26 -8 0 -1.24 -7.79
3 16 0 -1.19 7.57 0 -1.24 7.78 0 -4.2 8
3 16 0 -4.2 8 0 -1.24 7.78 0 -1.26 8
4 16 0 -4.2 8 0 -1.26 8 0 -1.24 8.22 0 -4.13 8.73
4 16 0 -4.13 8.73 0 -1.24 8.22 0 -1.19 8.43 0 -3.94 9.43
4 16 0 -3.94 9.43 0 -1.19 8.43 0 -1.09 8.62 0 -3.63 10.1
4 16 0 -3.63 10.1 0 -1.09 8.62 0 -0.97 8.8 0 -3.21 10.7
4 16 0 -3.21 10.7 0 -0.97 8.8 0 -0.82 8.96 0 -2.7 11.21
4 16 0 -2.7 11.21 0 -0.82 8.96 0 -0.64 9.08 0 -2.1 11.63
4 16 0 -2.1 11.63 0 -0.64 9.08 0 -0.45 9.18 0 -1.43 11.94
4 16 0 -1.43 11.94 0 -0.45 9.18 0 -0.24 9.24 0 -0.73 12.13
4 16 0 -0.73 12.13 0 -0.24 9.24 0 -0.02 9.26 0 0 12.2
4 16 0 -0.45 6.82 0 -4.2 -8 0 -4.13 -8.73 0 -0.24 6.76
4 16 0 -0.24 6.76 0 -4.13 -8.73 0 -1.24 -7.79 0 -0.02 6.74
4 16 0 -0.02 6.74 0 -1.24 -7.79 0 -1.19 -7.59 0 0 6.74
3 16 0 0 6.74 0 -1.19 -7.59 0 -1.11 -7.4

4 16 -22.17 0 9.26 0 0 9.26 0 -0.02 9.26 -22.17 -0.02 9.26
4 16 -22.17 -0.02 9.26 0 -0.02 9.26 0 -0.24 9.24 -22.17 -0.24 9.24
4 16 -22.17 -0.24 9.24 0 -0.24 9.24 0 -0.45 9.18 -22.17 -0.45 9.18
4 16 -22.17 -0.45 9.18 0 -0.45 9.18 0 -0.64 9.08 -22.17 -0.64 9.08
4 16 -22.17 -0.64 9.08 0 -0.64 9.08 0 -0.82 8.96 -22.17 -0.82 8.96
4 16 -22.17 -0.82 8.96 0 -0.82 8.96 0 -0.97 8.8 -22.17 -0.97 8.8
4 16 -22.17 -0.97 8.8 0 -0.97 8.8 0 -1.09 8.62 -22.17 -1.09 8.62
4 16 -22.17 -1.09 8.62 0 -1.09 8.62 0 -1.19 8.43 -22.17 -1.19 8.43
4 16 -22.17 -1.19 8.43 0 -1.19 8.43 0 -1.24 8.22 -22.17 -1.24 8.22
4 16 -22.17 -1.24 8.22 0 -1.24 8.22 0 -1.26 8 -22.17 -1.26 8
4 16 -22.17 -1.26 8 0 -1.26 8 0 -1.24 7.78 -22.17 -1.24 7.78
4 16 -22.17 -1.24 7.78 0 -1.24 7.78 0 -1.19 7.57 -22.17 -1.19 7.57
4 16 -22.17 -1.19 7.57 0 -1.19 7.57 0 -1.09 7.38 -22.17 -1.09 7.38
4 16 -22.17 -1.09 7.38 0 -1.09 7.38 0 -0.97 7.2 -22.17 -0.97 7.2
4 16 -22.17 -0.97 7.2 0 -0.97 7.2 0 -0.82 7.04 -22.17 -0.82 7.04
4 16 -22.17 -0.82 7.04 0 -0.82 7.04 0 -0.64 6.92 -22.17 -0.64 6.92
4 16 -22.17 -0.64 6.92 0 -0.64 6.92 0 -0.45 6.82 -22.17 -0.45 6.82
4 16 -22.17 -0.45 6.82 0 -0.45 6.82 0 -0.24 6.76 -22.17 -0.24 6.76
4 16 -22.17 -0.24 6.76 0 -0.24 6.76 0 -0.02 6.74 -22.17 -0.02 6.74
4 16 -22.17 -0.02 6.74 0 -0.02 6.74 0 0 6.74 -22.17 0 6.74
4 16 -22.17 0 6.74 0 0 6.74 0 0.02 6.74 -22.17 0.02 6.74
4 16 -22.17 0.02 6.74 0 0.02 6.74 0 0.24 6.76 -22.17 0.24 6.76
4 16 -22.17 0.24 6.76 0 0.24 6.76 0 0.45 6.82 -22.17 0.45 6.82
4 16 -22.17 0.45 6.82 0 0.45 6.82 0 0.64 6.92 -22.17 0.64 6.92
4 16 -22.17 0.64 6.92 0 0.64 6.92 0 0.82 7.04 -22.17 0.82 7.04
4 16 -22.17 0.82 7.04 0 0.82 7.04 0 0.97 7.2 -22.17 0.97 7.2
4 16 -22.17 0.97 7.2 0 0.97 7.2 0 1.09 7.38 -22.17 1.09 7.38
4 16 -22.17 1.09 7.38 0 1.09 7.38 0 1.19 7.57 -22.17 1.19 7.57
4 16 -22.17 1.19 7.57 0 1.19 7.57 0 1.24 7.78 -22.17 1.24 7.78
4 16 -22.17 1.24 7.78 0 1.24 7.78 0 1.26 8 -22.17 1.26 8
4 16 -22.17 1.26 8 0 1.26 8 0 1.24 8.22 -22.17 1.24 8.22
4 16 -22.17 1.24 8.22 0 1.24 8.22 0 1.19 8.43 -22.17 1.19 8.43
4 16 -22.17 1.19 8.43 0 1.19 8.43 0 1.09 8.62 -22.17 1.09 8.62
4 16 -22.17 1.09 8.62 0 1.09 8.62 0 0.97 8.8 -22.17 0.97 8.8
4 16 -22.17 0.97 8.8 0 0.97 8.8 0 0.82 8.96 -22.17 0.82 8.96
4 16 -22.17 0.82 8.96 0 0.82 8.96 0 0.64 9.08 -22.17 0.64 9.08
4 16 -22.17 0.64 9.08 0 0.64 9.08 0 0.45 9.18 -22.17 0.45 9.18
4 16 -22.17 0.45 9.18 0 0.45 9.18 0 0.24 9.24 -22.17 0.24 9.24
4 16 -22.17 0.24 9.24 0 0.24 9.24 0 0.02 9.26 -22.17 0.02 9.26
4 16 -22.17 0.02 9.26 0 0.02 9.26 0 0 9.26 -22.17 0 9.26
4 16 -22.17 -1.26 -8 0 -1.26 -8 0 -1.24 -8.22 -22.17 -1.24 -8.22
4 16 -22.17 -1.24 -8.22 0 -1.24 -8.22 0 -1.18 -8.43 -22.17 -1.18 -8.43
4 16 -22.17 -1.18 -8.43 0 -1.18 -8.43 0 -1.09 -8.63 -22.17 -1.09 -8.63
4 16 -22.17 -1.09 -8.63 0 -1.09 -8.63 0 -0.97 -8.81 -22.17 -0.97 -8.81
4 16 -22.17 -0.97 -8.81 0 -0.97 -8.81 0 -0.81 -8.97 -22.17 -0.81 -8.97
4 16 -22.17 -0.81 -8.97 0 -0.81 -8.97 0 -0.63 -9.09 -22.17 -0.63 -9.09
4 16 -22.17 -0.63 -9.09 0 -0.63 -9.09 0 -0.43 -9.18 -22.17 -0.43 -9.18
4 16 -22.17 -0.43 -9.18 0 -0.43 -9.18 0 -0.22 -9.24 -22.17 -0.22 -9.24
4 16 -22.17 -0.22 -9.24 0 -0.22 -9.24 0 0 -9.26 -22.17 0 -9.26
4 16 -22.17 0 -9.26 0 0 -9.26 0 0.22 -9.24 -22.17 0.22 -9.24
4 16 -22.17 0.22 -9.24 0 0.22 -9.24 0 0.43 -9.18 -22.17 0.43 -9.18
4 16 -22.17 0.43 -9.18 0 0.43 -9.18 0 0.63 -9.09 -22.17 0.63 -9.09
4 16 -22.17 0.63 -9.09 0 0.63 -9.09 0 0.81 -8.97 -22.17 0.81 -8.97
4 16 -22.17 0.81 -8.97 0 0.81 -8.97 0 0.97 -8.81 -22.17 0.97 -8.81
4 16 -22.17 0.97 -8.81 0 0.97 -8.81 0 1.09 -8.63 -22.17 1.09 -8.63
4 16 -22.17 1.09 -8.63 0 1.09 -8.63 0 1.18 -8.43 -22.17 1.18 -8.43
4 16 -22.17 1.18 -8.43 0 1.18 -8.43 0 1.24 -8.22 -22.17 1.24 -8.22
4 16 -22.17 1.24 -8.22 0 1.24 -8.22 0 1.26 -8 -22.17 1.26 -8
4 16 -22.17 1.26 -8 0 1.26 -8 0 1.24 -7.79 -22.17 1.24 -7.79
4 16 -22.17 1.24 -7.79 0 1.24 -7.79 0 1.19 -7.59 -22.17 1.19 -7.59
4 16 -22.17 1.19 -7.59 0 1.19 -7.59 0 1.11 -7.4 -22.17 1.11 -7.4
4 16 -22.17 1.11 -7.4 0 1.11 -7.4 0 0.99 -7.23 -22.17 0.99 -7.23
4 16 -22.17 0.99 -7.23 0 0.99 -7.23 0 0.85 -7.07 -22.17 0.85 -7.07
4 16 -22.17 0.85 -7.07 0 0.85 -7.07 0 0.69 -6.95 -22.17 0.69 -6.95
4 16 -22.17 0.69 -6.95 0 0.69 -6.95 0 0.51 -6.85 -22.17 0.51 -6.85
4 16 -22.17 0.51 -6.85 0 0.51 -6.85 0 0.31 -6.78 -22.17 0.31 -6.78
4 16 -22.17 0.31 -6.78 0 0.31 -6.78 0 0.1 -6.74 -22.17 0.1 -6.74
4 16 -22.17 0.1 -6.74 0 0.1 -6.74 0 -0.1 -6.74 -22.17 -0.1 -6.74
4 16 -22.17 -0.1 -6.74 0 -0.1 -6.74 0 -0.31 -6.78 -22.17 -0.31 -6.78
4 16 -22.17 -0.31 -6.78 0 -0.31 -6.78 0 -0.51 -6.85 -22.17 -0.51 -6.85
4 16 -22.17 -0.51 -6.85 0 -0.51 -6.85 0 -0.69 -6.95 -22.17 -0.69 -6.95
4 16 -22.17 -0.69 -6.95 0 -0.69 -6.95 0 -0.85 -7.07 -22.17 -0.85 -7.07
4 16 -22.17 -0.85 -7.07 0 -0.85 -7.07 0 -0.99 -7.23 -22.17 -0.99 -7.23
4 16 -22.17 -0.99 -7.23 0 -0.99 -7.23 0 -1.11 -7.4 -22.17 -1.11 -7.4
4 16 -22.17 -1.11 -7.4 0 -1.11 -7.4 0 -1.19 -7.59 -22.17 -1.19 -7.59
4 16 -22.17 -1.19 -7.59 0 -1.19 -7.59 0 -1.24 -7.79 -22.17 -1.24 -7.79
4 16 -22.17 -1.24 -7.79 0 -1.24 -7.79 0 -1.26 -8 -22.17 -1.26 -8
4 16 -22.17 3.11 -8 -19.65 3.15 -8 -19.65 3.1 -8.55 -22.17 3.06 -8.54
4 16 -22.17 3.06 -8.54 -19.65 3.1 -8.55 -19.65 2.96 -9.08 -22.17 2.92 -9.06
4 16 -22.17 2.92 -9.06 -19.65 2.96 -9.08 -19.65 2.73 -9.57 -22.17 2.69 -9.55
4 16 -22.17 2.69 -9.55 -19.65 2.73 -9.57 -19.65 2.41 -10.02 -22.17 2.38 -10
4 16 -22.17 2.38 -10 -19.65 2.41 -10.02 -19.65 2.02 -10.41 -22.17 2 -10.38
4 16 -22.17 2 -10.38 -19.65 2.02 -10.41 -19.65 1.57 -10.73 -22.17 1.55 -10.69
4 16 -22.17 1.55 -10.69 -19.65 1.57 -10.73 -19.65 1.08 -10.96 -22.17 1.06 -10.92
4 16 -22.17 1.06 -10.92 -19.65 1.08 -10.96 -19.65 0.55 -11.1 -22.17 0.54 -11.06
4 16 -22.17 0.54 -11.06 -19.65 0.55 -11.1 -19.65 0 -11.15 -22.17 0 -11.11
4 16 -22.17 0 -11.11 -19.65 0 -11.15 -19.65 -0.55 -11.1 -22.17 -0.54 -11.06
4 16 -22.17 -0.54 -11.06 -19.65 -0.55 -11.1 -19.65 -1.08 -10.96 -22.17 -1.06 -10.92
4 16 -22.17 -1.06 -10.92 -19.65 -1.08 -10.96 -19.65 -1.57 -10.73 -22.17 -1.55 -10.69
4 16 -22.17 -1.55 -10.69 -19.65 -1.57 -10.73 -19.65 -2.02 -10.41 -22.17 -2 -10.38
4 16 -22.17 -2 -10.38 -19.65 -2.02 -10.41 -19.65 -2.41 -10.02 -22.17 -2.38 -10
4 16 -22.17 -2.38 -10 -19.65 -2.41 -10.02 -19.65 -2.73 -9.57 -22.17 -2.69 -9.55
4 16 -22.17 -2.69 -9.55 -19.65 -2.73 -9.57 -19.65 -2.96 -9.08 -22.17 -2.92 -9.06
4 16 -22.17 -2.92 -9.06 -19.65 -2.96 -9.08 -19.65 -3.1 -8.55 -22.17 -3.06 -8.54
4 16 -22.17 -3.06 -8.54 -19.65 -3.1 -8.55 -19.65 -3.15 -8 -22.17 -3.11 -8
4 16 -22.17 -3.11 8 -19.65 -3.15 8 -19.65 -3.15 8.05 -22.17 -3.11 8.05
4 16 -19.65 3.15 8 -22.17 3.11 8 -22.17 3.11 8.05 -19.65 3.15 8.05
4 16 -22.17 -3.11 8.05 -19.65 -3.15 8.05 -19.65 -3.1 8.55 -22.17 -3.05 8.58
3 16 -19.65 -3.1 8.55 -19.65 -3.09 8.59 -22.17 -3.05 8.58
4 16 -22.17 -3.05 8.58 -19.65 -3.09 8.59 -19.65 -2.96 9.08 -22.17 -2.91 9.1
3 16 -19.65 -2.96 9.08 -19.65 -2.95 9.11 -22.17 -2.91 9.1
4 16 -22.17 -2.91 9.1 -19.65 -2.95 9.11 -19.65 -2.73 9.57 -22.17 -2.67 9.58
3 16 -19.65 -2.73 9.57 -19.65 -2.71 9.6 -22.17 -2.67 9.58
4 16 -22.17 -2.67 9.58 -19.65 -2.71 9.6 -19.65 -2.41 10.02 -22.17 -2.36 10.02
3 16 -19.65 -2.41 10.02 -19.65 -2.39 10.05 -22.17 -2.36 10.02
4 16 -22.17 -2.36 10.02 -19.65 -2.39 10.05 -19.65 -2.01 10.43 -22.17 -1.98 10.39
4 16 -22.17 -1.98 10.39 -19.65 -2.01 10.43 -19.65 -1.56 10.74 -22.17 -1.54 10.7
4 16 -22.17 -1.54 10.7 -19.65 -1.56 10.74 -19.65 -1.07 10.96 -22.17 -1.05 10.92
4 16 -22.17 -1.05 10.92 -19.65 -1.07 10.96 -19.65 -0.54 11.1 -22.17 -0.53 11.06
4 16 -22.17 -0.53 11.06 -19.65 -0.54 11.1 -19.65 0 11.15 -22.17 0 11.11
4 16 -22.17 0 11.11 -19.65 0 11.15 -19.65 0.54 11.1 -22.17 0.53 11.06
4 16 -22.17 0.53 11.06 -19.65 0.54 11.1 -19.65 1.07 10.96 -22.17 1.05 10.92
4 16 -22.17 1.05 10.92 -19.65 1.07 10.96 -19.65 1.56 10.74 -22.17 1.54 10.7
4 16 -22.17 1.54 10.7 -19.65 1.56 10.74 -19.65 2.01 10.43 -22.17 1.98 10.39
4 16 -22.17 1.98 10.39 -19.65 2.01 10.43 -19.65 2.39 10.05 -22.17 2.36 10.02
3 16 -22.17 2.36 10.02 -19.65 2.39 10.05 -19.65 2.41 10.02
4 16 -22.17 2.36 10.02 -19.65 2.41 10.02 -19.65 2.71 9.6 -22.17 2.67 9.58
3 16 -22.17 2.67 9.58 -19.65 2.71 9.6 -19.65 2.73 9.57
4 16 -22.17 2.67 9.58 -19.65 2.73 9.57 -19.65 2.95 9.11 -22.17 2.91 9.1
3 16 -22.17 2.91 9.1 -19.65 2.95 9.11 -19.65 2.96 9.08
4 16 -22.17 2.91 9.1 -19.65 2.96 9.08 -19.65 3.09 8.59 -22.17 3.05 8.58
3 16 -22.17 3.05 8.58 -19.65 3.09 8.59 -19.65 3.1 8.55
4 16 -22.17 3.05 8.58 -19.65 3.1 8.55 -19.65 3.15 8.05 -22.17 3.11 8.05
4 16 -22.17 3.11 8 -19.65 3.15 8 -19.65 3.15 7.95 -22.17 3.11 7.95
4 16 -19.65 -3.15 8 -22.17 -3.11 8 -22.17 -3.11 7.95 -19.65 -3.15 7.95
4 16 -22.17 3.11 7.95 -19.65 3.15 7.95 -19.65 3.1 7.45 -22.17 3.05 7.42
3 16 -19.65 3.1 7.45 -19.65 3.09 7.41 -22.17 3.05 7.42
4 16 -22.17 3.05 7.42 -19.65 3.09 7.41 -19.65 2.96 6.92 -22.17 2.91 6.9
3 16 -19.65 2.96 6.92 -19.65 2.95 6.89 -22.17 2.91 6.9
4 16 -22.17 2.91 6.9 -19.65 2.95 6.89 -19.65 2.73 6.43 -22.17 2.67 6.42
3 16 -19.65 2.73 6.43 -19.65 2.71 6.4 -22.17 2.67 6.42
4 16 -22.17 2.67 6.42 -19.65 2.71 6.4 -19.65 2.41 5.98 -22.17 2.36 5.98
3 16 -19.65 2.41 5.98 -19.65 2.39 5.95 -22.17 2.36 5.98
4 16 -22.17 2.36 5.98 -19.65 2.39 5.95 -19.65 2.01 5.57 -22.17 1.98 5.61
4 16 -22.17 1.98 5.61 -19.65 2.01 5.57 -19.65 1.56 5.26 -22.17 1.54 5.3
4 16 -22.17 1.54 5.3 -19.65 1.56 5.26 -19.65 1.07 5.04 -22.17 1.05 5.08
4 16 -22.17 1.05 5.08 -19.65 1.07 5.04 -19.65 0.54 4.9 -22.17 0.53 4.94
4 16 -22.17 0.53 4.94 -19.65 0.54 4.9 -19.65 0 4.85 -22.17 0 4.89
4 16 -22.17 0 4.89 -19.65 0 4.85 -19.65 -0.54 4.9 -22.17 -0.53 4.94
4 16 -22.17 -0.53 4.94 -19.65 -0.54 4.9 -19.65 -1.07 5.04 -22.17 -1.05 5.08
4 16 -22.17 -1.05 5.08 -19.65 -1.07 5.04 -19.65 -1.56 5.26 -22.17 -1.54 5.3
4 16 -22.17 -1.54 5.3 -19.65 -1.56 5.26 -19.65 -2.01 5.57 -22.17 -1.98 5.61
4 16 -22.17 -1.98 5.61 -19.65 -2.01 5.57 -19.65 -2.39 5.95 -22.17 -2.36 5.98
3 16 -22.17 -2.36 5.98 -19.65 -2.39 5.95 -19.65 -2.41 5.98
4 16 -22.17 -2.36 5.98 -19.65 -2.41 5.98 -19.65 -2.71 6.4 -22.17 -2.67 6.42
3 16 -22.17 -2.67 6.42 -19.65 -2.71 6.4 -19.65 -2.73 6.43
4 16 -22.17 -2.67 6.42 -19.65 -2.73 6.43 -19.65 -2.95 6.89 -22.17 -2.91 6.9
3 16 -22.17 -2.91 6.9 -19.65 -2.95 6.89 -19.65 -2.96 6.92
4 16 -22.17 -2.91 6.9 -19.65 -2.96 6.92 -19.65 -3.09 7.41 -22.17 -3.05 7.42
3 16 -22.17 -3.05 7.42 -19.65 -3.09 7.41 -19.65 -3.1 7.45
4 16 -22.17 -3.05 7.42 -19.65 -3.1 7.45 -19.65 -3.15 7.95 -22.17 -3.11 7.95
4 16 -22.17 -3.11 -8 -19.65 -3.15 -8 -19.65 -3.1 -7.45 -22.17 -3.06 -7.46
4 16 -22.17 -3.06 -7.46 -19.65 -3.1 -7.45 -19.65 -2.96 -6.92 -22.17 -2.92 -6.94
4 16 -22.17 -2.92 -6.94 -19.65 -2.96 -6.92 -19.65 -2.73 -6.43 -22.17 -2.69 -6.45
4 16 -22.17 -2.69 -6.45 -19.65 -2.73 -6.43 -19.65 -2.41 -5.98 -22.17 -2.38 -6
4 16 -22.17 -2.38 -6 -19.65 -2.41 -5.98 -19.65 -2.02 -5.59 -22.17 -2 -5.62
4 16 -22.17 -2 -5.62 -19.65 -2.02 -5.59 -19.65 -1.57 -5.27 -22.17 -1.55 -5.31
4 16 -22.17 -1.55 -5.31 -19.65 -1.57 -5.27 -19.65 -1.08 -5.04 -22.17 -1.06 -5.08
4 16 -22.17 -1.06 -5.08 -19.65 -1.08 -5.04 -19.65 -0.55 -4.9 -22.17 -0.54 -4.94
4 16 -22.17 -0.54 -4.94 -19.65 -0.55 -4.9 -19.65 0 -4.85 -22.17 0 -4.89
4 16 -22.17 0 -4.89 -19.65 0 -4.85 -19.65 0.55 -4.9 -22.17 0.54 -4.94
4 16 -22.17 0.54 -4.94 -19.65 0.55 -4.9 -19.65 1.08 -5.04 -22.17 1.06 -5.08
4 16 -22.17 1.06 -5.08 -19.65 1.08 -5.04 -19.65 1.57 -5.27 -22.17 1.55 -5.31
4 16 -22.17 1.55 -5.31 -19.65 1.57 -5.27 -19.65 2.02 -5.59 -22.17 2 -5.62
4 16 -22.17 2 -5.62 -19.65 2.02 -5.59 -19.65 2.41 -5.98 -22.17 2.38 -6
4 16 -22.17 2.38 -6 -19.65 2.41 -5.98 -19.65 2.73 -6.43 -22.17 2.69 -6.45
4 16 -22.17 2.69 -6.45 -19.65 2.73 -6.43 -19.65 2.96 -6.92 -22.17 2.92 -6.94
4 16 -22.17 2.92 -6.94 -19.65 2.96 -6.92 -19.65 3.1 -7.45 -22.17 3.06 -7.46
4 16 -22.17 3.06 -7.46 -19.65 3.1 -7.45 -19.65 3.15 -8 -22.17 3.11 -8
4 16 -19.65 3.15 -8 -17.13 3.9 -8 -17.13 3.84 -8.68 -19.65 3.1 -8.55
4 16 -19.65 3.1 -8.55 -17.13 3.84 -8.68 -17.13 3.66 -9.33 -19.65 2.96 -9.08
4 16 -19.65 2.96 -9.08 -17.13 3.66 -9.33 -17.13 3.37 -9.95 -19.65 2.73 -9.57
4 16 -19.65 2.73 -9.57 -17.13 3.37 -9.95 -17.13 2.98 -10.5 -19.65 2.41 -10.02
4 16 -19.65 2.41 -10.02 -17.13 2.98 -10.5 -17.13 2.5 -10.98 -19.65 2.02 -10.41
4 16 -19.65 2.02 -10.41 -17.13 2.5 -10.98 -17.13 1.95 -11.37 -19.65 1.57 -10.73
4 16 -19.65 1.57 -10.73 -17.13 1.95 -11.37 -17.13 1.33 -11.66 -19.65 1.08 -10.96
4 16 -19.65 1.08 -10.96 -17.13 1.33 -11.66 -17.13 0.68 -11.84 -19.65 0.55 -11.1
4 16 -19.65 0.55 -11.1 -17.13 0.68 -11.84 -17.13 0 -11.9 -19.65 0 -11.15
4 16 -19.65 0 -11.15 -17.13 0 -11.9 -17.13 -0.68 -11.84 -19.65 -0.55 -11.1
4 16 -19.65 -0.55 -11.1 -17.13 -0.68 -11.84 -17.13 -1.33 -11.66 -19.65 -1.08 -10.96
4 16 -19.65 -1.08 -10.96 -17.13 -1.33 -11.66 -17.13 -1.95 -11.37 -19.65 -1.57 -10.73
4 16 -19.65 -1.57 -10.73 -17.13 -1.95 -11.37 -17.13 -2.5 -10.98 -19.65 -2.02 -10.41
4 16 -19.65 -2.02 -10.41 -17.13 -2.5 -10.98 -17.13 -2.98 -10.5 -19.65 -2.41 -10.02
4 16 -19.65 -2.41 -10.02 -17.13 -2.98 -10.5 -17.13 -3.37 -9.95 -19.65 -2.73 -9.57
4 16 -19.65 -2.73 -9.57 -17.13 -3.37 -9.95 -17.13 -3.66 -9.33 -19.65 -2.96 -9.08
4 16 -19.65 -2.96 -9.08 -17.13 -3.66 -9.33 -17.13 -3.84 -8.68 -19.65 -3.1 -8.55
4 16 -19.65 -3.1 -8.55 -17.13 -3.84 -8.68 -17.13 -3.9 -8 -19.65 -3.15 -8
3 16 -19.65 -2.39 10.05 -19.65 -2.41 10.02 -17.13 -2.98 10.5
4 16 -17.13 -3.84 8.68 -17.13 -3.66 9.33 -19.65 -2.96 9.08 -19.65 -3.09 8.59
3 16 -17.13 -3.84 8.68 -19.65 -3.09 8.59 -19.65 -3.1 8.55
4 16 -17.13 -3.84 8.68 -19.65 -3.1 8.55 -19.65 -3.15 8.05 -17.13 -3.9 8
3 16 -17.13 -3.9 8 -19.65 -3.15 8.05 -19.65 -3.15 8
4 16 -17.13 -2.98 10.5 -19.65 -2.41 10.02 -19.65 -2.71 9.6 -17.13 -3.37 9.95
3 16 -17.13 -3.37 9.95 -19.65 -2.71 9.6 -19.65 -2.73 9.57
4 16 -17.13 -3.37 9.95 -19.65 -2.73 9.57 -19.65 -2.95 9.11 -17.13 -3.66 9.33
3 16 -17.13 -3.66 9.33 -19.65 -2.95 9.11 -19.65 -2.96 9.08
4 16 -19.65 -2.39 10.05 -17.13 -2.98 10.5 -17.13 -2.5 10.98 -19.65 -2.01 10.43
4 16 -19.65 -2.01 10.43 -17.13 -2.5 10.98 -17.13 -1.95 11.37 -19.65 -1.56 10.74
4 16 -19.65 -1.56 10.74 -17.13 -1.95 11.37 -17.13 -1.33 11.66 -19.65 -1.07 10.96
4 16 -19.65 -1.07 10.96 -17.13 -1.33 11.66 -17.13 -0.68 11.84 -19.65 -0.54 11.1
4 16 -19.65 -0.54 11.1 -17.13 -0.68 11.84 -17.13 0 11.9 -19.65 0 11.15
4 16 -19.65 0 11.15 -17.13 0 11.9 -17.13 0.68 11.84 -19.65 0.54 11.1
3 16 -19.65 0.54 11.1 -17.13 0.68 11.84 -17.13 0.73 11.83
4 16 -19.65 0.54 11.1 -17.13 0.73 11.83 -17.13 1.33 11.66 -19.65 1.07 10.96
3 16 -19.65 1.07 10.96 -17.13 1.33 11.66 -17.13 1.38 11.65
4 16 -19.65 1.07 10.96 -17.13 1.38 11.65 -17.13 1.95 11.37 -19.65 1.56 10.74
3 16 -19.65 1.56 10.74 -17.13 1.95 11.37 -17.13 1.98 11.35
4 16 -19.65 1.56 10.74 -17.13 1.98 11.35 -17.13 2.5 10.98 -19.65 2.01 10.43
3 16 -19.65 2.01 10.43 -17.13 2.5 10.98 -17.13 2.53 10.96
4 16 -19.65 2.01 10.43 -17.13 2.53 10.96 -17.13 2.98 10.5 -19.65 2.39 10.05
4 16 -19.65 2.39 10.05 -17.13 2.98 10.5 -17.13 3 10.48 -19.65 2.41 10.02
4 16 -19.65 2.41 10.02 -17.13 3 10.48 -17.13 3.37 9.95 -19.65 2.71 9.6
4 16 -19.65 2.71 9.6 -17.13 3.37 9.95 -17.13 3.38 9.93 -19.65 2.73 9.57
4 16 -19.65 2.73 9.57 -17.13 3.38 9.93 -17.13 3.66 9.33 -19.65 2.95 9.11
4 16 -19.65 2.95 9.11 -17.13 3.66 9.33 -17.13 3.67 9.32 -19.65 2.96 9.08
4 16 -19.65 2.96 9.08 -17.13 3.67 9.32 -17.13 3.84 8.68 -19.65 3.09 8.59
3 16 -19.65 3.09 8.59 -17.13 3.84 8.68 -19.65 3.1 8.55
4 16 -19.65 3.1 8.55 -17.13 3.84 8.68 -17.13 3.9 8 -19.65 3.15 8.05
3 16 -19.65 3.15 8.05 -17.13 3.9 8 -19.65 3.15 8
3 16 -19.65 3.15 7.95 -19.65 3.15 8 -17.13 3.9 8
4 16 -19.65 3.15 7.95 -17.13 3.9 8 -17.13 3.84 7.32 -19.65 3.1 7.45
3 16 -19.65 3.1 7.45 -17.13 3.84 7.32 -19.65 3.09 7.41
4 16 -19.65 3.09 7.41 -17.13 3.84 7.32 -17.13 3.67 6.68 -19.65 2.96 6.92
4 16 -19.65 2.96 6.92 -17.13 3.67 6.68 -17.13 3.66 6.67 -19.65 2.95 6.89
4 16 -19.65 2.95 6.89 -17.13 3.66 6.67 -17.13 3.38 6.07 -19.65 2.73 6.43
4 16 -19.65 2.73 6.43 -17.13 3.38 6.07 -17.13 3.37 6.05 -19.65 2.71 6.4
4 16 -19.65 2.71 6.4 -17.13 3.37 6.05 -17.13 3 5.52 -19.65 2.41 5.98
4 16 -19.65 2.41 5.98 -17.13 3 5.52 -17.13 2.98 5.5 -19.65 2.39 5.95
4 16 -19.65 2.39 5.95 -17.13 2.98 5.5 -17.13 2.53 5.04 -19.65 2.01 5.57
3 16 -17.13 2.53 5.04 -17.13 2.5 5.02 -19.65 2.01 5.57
4 16 -19.65 2.01 5.57 -17.13 2.5 5.02 -17.13 1.98 4.65 -19.65 1.56 5.26
3 16 -17.13 1.98 4.65 -17.13 1.95 4.63 -19.65 1.56 5.26
4 16 -19.65 1.56 5.26 -17.13 1.95 4.63 -17.13 1.38 4.35 -19.65 1.07 5.04
3 16 -17.13 1.38 4.35 -17.13 1.33 4.34 -19.65 1.07 5.04
4 16 -19.65 1.07 5.04 -17.13 1.33 4.34 -17.13 0.73 4.17 -19.65 0.54 4.9
3 16 -17.13 0.73 4.17 -17.13 0.68 4.16 -19.65 0.54 4.9
4 16 -19.65 0.54 4.9 -17.13 0.68 4.16 -17.13 0.06 4.1 -19.65 0 4.85
3 16 -19.65 0 4.85 -17.13 0.06 4.1 -17.13 0 4.1
4 16 -19.65 0 4.85 -17.13 0 4.1 -17.13 -0.68 4.16 -19.65 -0.54 4.9
4 16 -19.65 -0.54 4.9 -17.13 -0.68 4.16 -17.13 -1.33 4.34 -19.65 -1.07 5.04
4 16 -19.65 -1.07 5.04 -17.13 -1.33 4.34 -17.13 -1.95 4.63 -19.65 -1.56 5.26
4 16 -19.65 -1.56 5.26 -17.13 -1.95 4.63 -17.13 -2.5 5.02 -19.65 -2.01 5.57
4 16 -19.65 -2.01 5.57 -17.13 -2.5 5.02 -17.13 -2.98 5.5 -19.65 -2.39 5.95
3 16 -19.65 -2.39 5.95 -17.13 -2.98 5.5 -19.65 -2.41 5.98
4 16 -19.65 -2.41 5.98 -17.13 -2.98 5.5 -17.13 -3.37 6.05 -19.65 -2.71 6.4
3 16 -19.65 -2.71 6.4 -17.13 -3.37 6.05 -19.65 -2.73 6.43
4 16 -19.65 -2.73 6.43 -17.13 -3.37 6.05 -17.13 -3.66 6.67 -19.65 -2.95 6.89
3 16 -19.65 -2.95 6.89 -17.13 -3.66 6.67 -19.65 -2.96 6.92
4 16 -19.65 -2.96 6.92 -17.13 -3.66 6.67 -17.13 -3.84 7.32 -19.65 -3.09 7.41
3 16 -19.65 -3.09 7.41 -17.13 -3.84 7.32 -19.65 -3.1 7.45
4 16 -19.65 -3.1 7.45 -17.13 -3.84 7.32 -17.13 -3.9 8 -19.65 -3.15 7.95
3 16 -19.65 -3.15 7.95 -17.13 -3.9 8 -19.65 -3.15 8
4 16 -17.13 -3.9 8 -17.13 -3.84 7.32 -3.13 -4.1 7.43 -3.13 -4.14 7.88
3 16 -3.13 -3.88 6.56 -3.13 -3.89 6.58 -17.13 -3.66 6.67
3 16 -17.13 -3.66 6.67 -3.13 -3.89 6.58 -3.13 -4.02 6.99
3 16 -17.13 -3.66 6.67 -3.13 -4.02 6.99 -17.13 -3.84 7.32
3 16 -17.13 -3.84 7.32 -3.13 -4.02 6.99 -3.13 -4.08 7.28
3 16 -17.13 -3.84 7.32 -3.13 -4.08 7.28 -3.13 -4.1 7.43
3 16 -3.13 -3.88 6.56 -17.13 -3.66 6.67 -3.13 -3.7 6.15
3 16 -3.13 -3.7 6.15 -17.13 -3.66 6.67 -17.13 -3.37 6.05
3 16 -3.13 -3.7 6.15 -17.13 -3.37 6.05 -3.13 -3.59 5.93
3 16 -3.13 -3.59 5.93 -17.13 -3.37 6.05 -3.13 -3.48 5.76
3 16 -3.13 -3.48 5.76 -17.13 -3.37 6.05 -17.13 -2.98 5.5
3 16 -3.13 -3.48 5.76 -17.13 -2.98 5.5 -3.13 -3.22 5.39
3 16 -3.13 -2.58 4.76 -3.13 -2.66 4.83 -17.13 -2.5 5.02
3 16 -17.13 -2.5 5.02 -3.13 -2.66 4.83 -3.13 -2.91 5.06
3 16 -17.13 -2.5 5.02 -3.13 -2.91 5.06 -17.13 -2.98 5.5
3 16 -17.13 -2.98 5.5 -3.13 -2.91 5.06 -3.13 -3.17 5.34
3 16 -17.13 -2.98 5.5 -3.13 -3.17 5.34 -3.13 -3.22 5.39
4 16 -3.13 -2.58 4.76 -17.13 -2.5 5.02 -17.13 -1.95 4.63 -3.13 -2.21 4.5
3 16 -3.13 -2.21 4.5 -17.13 -1.95 4.63 -3.13 -2.07 4.41
3 16 -3.13 -2.07 4.41 -17.13 -1.95 4.63 -3.13 -1.82 4.28
3 16 -3.13 -1.82 4.28 -17.13 -1.95 4.63 -17.13 -1.33 4.34
3 16 -3.13 -1.82 4.28 -17.13 -1.33 4.34 -3.13 -1.42 4.11
3 16 -17.13 -0.68 4.16 -3.13 -0.98 3.98 -17.13 -1.33 4.34
3 16 -17.13 -1.33 4.34 -3.13 -0.98 3.98 -3.13 -1.41 4.1
3 16 -17.13 -1.33 4.34 -3.13 -1.41 4.1 -3.13 -1.42 4.11
3 16 -3.13 0 3.86 -3.13 -0.08 3.86 -17.13 0 4.1
3 16 -17.13 0 4.1 -3.13 -0.08 3.86 -3.13 -0.53 3.89
3 16 -17.13 0 4.1 -3.13 -0.53 3.89 -17.13 -0.68 4.16
3 16 -17.13 -0.68 4.16 -3.13 -0.53 3.89 -3.13 -0.72 3.92
3 16 -17.13 -0.68 4.16 -3.13 -0.72 3.92 -3.13 -0.98 3.98
3 16 -17.13 -3.9 8 -3.13 -4.14 7.88 -3.13 -4.14 8
4 16 -17.13 -3.84 8.68 0 -4.13 8.73 0 -3.94 9.43 -17.13 -3.66 9.33
4 16 -17.13 -3.66 9.33 0 -3.94 9.43 0 -3.63 10.1 -17.13 -3.37 9.95
4 16 -17.13 -3.37 9.95 0 -3.63 10.1 0 -3.21 10.7 -17.13 -2.98 10.5
4 16 -17.13 -2.98 10.5 0 -3.21 10.7 0 -2.7 11.21 -17.13 -2.5 10.98
4 16 -17.13 -2.5 10.98 0 -2.7 11.21 0 -2.1 11.63 -17.13 -1.95 11.37
4 16 -17.13 -1.95 11.37 0 -2.1 11.63 0 -1.43 11.94 -17.13 -1.33 11.66
4 16 -17.13 -1.33 11.66 0 -1.43 11.94 0 -0.73 12.13 -17.13 -0.68 11.84
4 16 -17.13 -0.68 11.84 0 -0.73 12.13 0 0 12.2 -17.13 0 11.9
3 16 -3.13 -3.59 5.93 -3.13 -3.48 5.76 -3.01 -3.49 5.75
4 16 -3.13 -0.08 3.86 -3.01 -0.09 3.85 -3.01 -0.53 3.89 -3.13 -0.53 3.89
3 16 -2.17 0.04 3.39 -2.11 0.04 3.32 -2.11 -0.1 3.32
3 16 -2.03 0.04 3.17 -2.01 0.04 3.13 -2.01 -0.1 3.13
3 16 -1.94 0.05 2.94 -1.93 0.05 2.93 -1.93 -0.1 2.93
3 16 -1.91 0.05 2.83 -1.9 0.05 2.72 -1.9 -0.11 2.72
3 16 -2.25 -4.2 6.33 -2.29 -4.2 6.42 -2.41 -4.1 6.48
3 16 -2.41 -4.2 6.75 -2.48 -4.2 6.92 -2.6 -4.14 6.96
4 16 -3.13 -4.14 8 -3.13 -4.14 7.88 -3.01 -4.15 7.88 -3.01 -4.15 8
3 16 -2.8 -4.19 7.88 -2.76 -4.2 7.74 -2.78 -4.2 7.93
4 16 -3.01 -4.15 8 -3.01 -4.15 7.88 -2.8 -4.19 7.88 -2.8 -4.19 8
3 16 -2.8 -4.19 8 -2.8 -4.19 7.88 -2.78 -4.2 7.93
3 16 -2.8 -4.19 8 -2.78 -4.2 7.93 -2.78 -4.2 8
3 16 -2.8 -4.15 7.42 -2.65 -4.2 7.35 -2.71 -4.2 7.55
3 16 -1.93 -4.2 5.15 -1.95 -4.2 5.27 -2.01 -4.09 5.36
3 16 -2.01 -4.09 5.36 -1.95 -4.2 5.27 -2.03 -4.2 5.64
4 16 -2.01 -4.09 5.36 -2.03 -4.2 5.64 -2.09 -4.2 5.84 -2.11 -3.94 5.46
3 16 -1.9 -4.1 4.67 -1.91 -4.2 4.93 -1.93 -4.2 5.15
3 16 -1.91 -4.2 4.93 -1.9 -4.1 4.67 -1.89 -4.2 4.6
4 16 -1.89 -4.2 4.6 -1.9 -4.1 4.67 -1.9 -3.72 4.25 -1.89 -3.8 4.16
4 16 -1.89 -3.8 4.16 -1.9 -3.72 4.25 -1.9 -3.29 3.87 -1.89 -3.36 3.77
4 16 -1.89 -3.36 3.77 -1.9 -3.29 3.87 -1.9 -2.82 3.53 -1.89 -2.89 3.43
4 16 -1.89 -2.89 3.43 -1.9 -2.82 3.53 -1.9 -2.32 3.25 -1.89 -2.37 3.15
4 16 -1.89 -2.37 3.15 -1.9 -2.32 3.25 -1.9 -1.79 3.03 -1.89 -1.83 2.92
4 16 -1.89 -1.83 2.92 -1.9 -1.79 3.03 -1.9 -1.24 2.87 -1.89 -1.27 2.75
4 16 -1.89 -1.27 2.75 -1.9 -1.24 2.87 -1.9 -0.68 2.76 -1.89 -0.7 2.64
4 16 -1.89 -0.7 2.64 -1.9 -0.68 2.76 -1.9 -0.11 2.72 -1.89 -0.11 2.6
4 16 -1.89 -0.11 2.6 -1.9 -0.11 2.72 -1.9 0.05 2.72 -1.89 0.05 2.6
4 16 -1.94 0.05 2.94 -1.93 -0.1 2.93 -2.01 -0.1 3.13 -2.01 0.04 3.13
3 16 -2.03 0.04 3.17 -2.01 -0.1 3.13 -2.11 0.04 3.32
3 16 -2.17 0.04 3.39 -2.11 -0.1 3.32 -2.25 0.04 3.48
4 16 -2.41 -0.09 3.62 -2.41 0.04 3.62 -2.25 0.04 3.48 -2.25 -0.09 3.48
4 16 -2.6 -0.09 3.73 -2.6 0.04 3.73 -2.41 0.04 3.62 -2.41 -0.09 3.62
3 16 -3.01 0.04 3.85 -2.9 0.04 3.83 -2.8 -0.09 3.81
3 16 -2.8 -0.09 3.81 -2.9 0.04 3.83 -2.8 0.04 3.81
4 16 -2.8 -0.09 3.81 -2.8 0.04 3.81 -2.6 0.04 3.73 -2.6 -0.09 3.73
4 16 -3.01 -0.09 3.85 -3.13 -0.08 3.86 -3.13 0 3.86 -3.01 0.04 3.85
3 16 -3.01 0.04 3.85 -3.13 0 3.86 -3.13 0.04 3.86
3 16 -3.13 -0.98 3.98 -3.13 -0.72 3.92 -3.01 -0.53 3.89
3 16 -3.01 -0.53 3.89 -3.13 -0.72 3.92 -3.13 -0.53 3.89
3 16 -3.01 -0.53 3.89 -3.01 -0.98 3.97 -3.13 -0.98 3.98
4 16 -3.13 -0.98 3.98 -3.01 -0.98 3.97 -3.01 -1.41 4.1 -3.13 -1.41 4.1
3 16 -3.13 -2.66 4.83 -3.13 -2.58 4.76 -3.01 -2.58 4.75
4 16 -3.01 -2.58 4.75 -3.13 -2.58 4.76 -3.13 -2.21 4.5 -3.01 -2.22 4.49
3 16 -3.01 -2.22 4.49 -3.13 -2.21 4.5 -3.13 -2.07 4.41
3 16 -3.01 -2.22 4.49 -3.13 -2.07 4.41 -3.01 -1.82 4.27
3 16 -3.01 -1.82 4.27 -3.13 -2.07 4.41 -3.13 -1.82 4.28
4 16 -3.01 -1.82 4.27 -3.13 -1.82 4.28 -3.13 -1.42 4.11 -3.01 -1.41 4.1
3 16 -3.01 -1.41 4.1 -3.13 -1.42 4.11 -3.13 -1.41 4.1
3 16 -3.13 -2.66 4.83 -3.01 -2.58 4.75 -3.13 -2.91 5.06
3 16 -3.13 -2.91 5.06 -3.01 -2.58 4.75 -3.01 -2.92 5.05
3 16 -3.13 -2.91 5.06 -3.01 -2.92 5.05 -3.13 -3.17 5.34
3 16 -3.13 -3.17 5.34 -3.01 -2.92 5.05 -3.01 -3.22 5.39
3 16 -3.13 -3.17 5.34 -3.01 -3.22 5.39 -3.13 -3.22 5.39
3 16 -3.13 -3.59 5.93 -3.01 -3.49 5.75 -3.13 -3.7 6.15
3 16 -3.13 -4.02 6.99 -3.13 -3.89 6.58 -3.01 -3.89 6.56
3 16 -3.01 0.04 3.85 -2.8 -0.09 3.81 -3.01 -0.09 3.85
4 16 -3.01 -0.09 3.85 -2.8 -0.09 3.81 -2.8 -0.54 3.84 -3.01 -0.53 3.89
4 16 -3.01 -0.53 3.89 -2.8 -0.54 3.84 -2.8 -0.99 3.93 -3.01 -0.98 3.97
4 16 -3.01 -0.98 3.97 -2.8 -0.99 3.93 -2.8 -1.42 4.06 -3.01 -1.41 4.1
4 16 -3.01 -1.41 4.1 -2.8 -1.42 4.06 -2.8 -1.84 4.24 -3.01 -1.82 4.27
4 16 -3.01 -1.82 4.27 -2.8 -1.84 4.24 -2.8 -2.24 4.46 -3.01 -2.22 4.49
4 16 -3.01 -2.22 4.49 -2.8 -2.24 4.46 -2.8 -2.61 4.72 -3.01 -2.58 4.75
4 16 -3.01 -2.58 4.75 -2.8 -2.61 4.72 -2.8 -2.95 5.02 -3.01 -2.92 5.05
4 16 -3.01 -2.92 5.05 -2.8 -2.95 5.02 -2.8 -3.25 5.36 -3.01 -3.22 5.39
3 16 -3.13 -4.1 7.43 -3.13 -4.08 7.28 -3.01 -4.11 7.43
3 16 -3.01 -4.11 7.43 -3.13 -4.08 7.28 -3.01 -4.02 6.99
4 16 -3.01 -4.11 7.43 -3.01 -4.02 6.99 -2.8 -4.06 6.98 -2.8 -4.15 7.42
4 16 -2.8 -4.15 7.42 -2.8 -4.06 6.98 -2.6 -4.14 6.96 -2.65 -4.2 7.35
3 16 -2.65 -4.2 7.35 -2.6 -4.14 6.96 -2.57 -4.2 7.14
3 16 -2.57 -4.2 7.14 -2.6 -4.14 6.96 -2.48 -4.2 6.92
4 16 -3.13 -4.14 7.88 -3.13 -4.1 7.43 -3.01 -4.11 7.43 -3.01 -4.15 7.88
4 16 -3.01 -4.15 7.88 -3.01 -4.11 7.43 -2.8 -4.15 7.42 -2.8 -4.19 7.88
3 16 -2.8 -4.19 7.88 -2.8 -4.15 7.42 -2.76 -4.2 7.74
3 16 -2.76 -4.2 7.74 -2.8 -4.15 7.42 -2.71 -4.2 7.55
4 16 -2.8 -0.09 3.81 -2.6 -0.09 3.73 -2.6 -0.55 3.77 -2.8 -0.54 3.84
4 16 -2.8 -0.54 3.84 -2.6 -0.55 3.77 -2.6 -1.01 3.85 -2.8 -0.99 3.93
4 16 -2.8 -0.99 3.93 -2.6 -1.01 3.85 -2.6 -1.45 3.99 -2.8 -1.42 4.06
4 16 -2.8 -1.42 4.06 -2.6 -1.45 3.99 -2.6 -1.88 4.17 -2.8 -1.84 4.24
4 16 -2.8 -1.84 4.24 -2.6 -1.88 4.17 -2.6 -2.28 4.39 -2.8 -2.24 4.46
4 16 -2.8 -2.24 4.46 -2.6 -2.28 4.39 -2.6 -2.66 4.66 -2.8 -2.61 4.72
4 16 -2.8 -2.61 4.72 -2.6 -2.66 4.66 -2.6 -3 4.97 -2.8 -2.95 5.02
4 16 -2.8 -2.95 5.02 -2.6 -3 4.97 -2.6 -3.31 5.31 -2.8 -3.25 5.36
3 16 -3.13 -4.08 7.28 -3.13 -4.02 6.99 -3.01 -4.02 6.99
3 16 -3.01 -4.02 6.99 -3.13 -4.02 6.99 -3.01 -3.89 6.56
4 16 -3.01 -4.02 6.99 -3.01 -3.89 6.56 -2.8 -3.93 6.54 -2.8 -4.06 6.98
4 16 -2.8 -4.06 6.98 -2.8 -3.93 6.54 -2.6 -4 6.51 -2.6 -4.14 6.96
3 16 -2.6 -4.14 6.96 -2.6 -4 6.51 -2.41 -4.2 6.75
3 16 -2.41 -4.2 6.75 -2.6 -4 6.51 -2.41 -4.1 6.48
3 16 -2.41 -4.2 6.75 -2.41 -4.1 6.48 -2.39 -4.2 6.68
3 16 -2.39 -4.2 6.68 -2.41 -4.1 6.48 -2.29 -4.2 6.42
4 16 -2.6 -0.09 3.73 -2.41 -0.09 3.62 -2.41 -0.56 3.66 -2.6 -0.55 3.77
4 16 -2.6 -0.55 3.77 -2.41 -0.56 3.66 -2.41 -1.03 3.75 -2.6 -1.01 3.85
4 16 -2.6 -1.01 3.85 -2.41 -1.03 3.75 -2.41 -1.49 3.88 -2.6 -1.45 3.99
4 16 -2.6 -1.45 3.99 -2.41 -1.49 3.88 -2.41 -1.92 4.07 -2.6 -1.88 4.17
4 16 -2.6 -1.88 4.17 -2.41 -1.92 4.07 -2.41 -2.34 4.3 -2.6 -2.28 4.39
4 16 -2.6 -2.28 4.39 -2.41 -2.34 4.3 -2.41 -2.73 4.57 -2.6 -2.66 4.66
4 16 -2.6 -2.66 4.66 -2.41 -2.73 4.57 -2.41 -3.08 4.89 -2.6 -3 4.97
4 16 -2.6 -3 4.97 -2.41 -3.08 4.89 -2.41 -3.4 5.24 -2.6 -3.31 5.31
4 16 -3.01 -3.89 6.56 -3.01 -3.71 6.14 -2.8 -3.75 6.12 -2.8 -3.93 6.54
4 16 -2.8 -3.93 6.54 -2.8 -3.75 6.12 -2.6 -3.82 6.09 -2.6 -4 6.51
4 16 -2.6 -4 6.51 -2.6 -3.82 6.09 -2.41 -3.91 6.04 -2.41 -4.1 6.48
3 16 -2.41 -4.1 6.48 -2.41 -3.91 6.04 -2.25 -4.2 6.33
3 16 -2.25 -4.2 6.33 -2.41 -3.91 6.04 -2.25 -4.04 5.98
3 16 -2.25 -4.2 6.33 -2.25 -4.04 5.98 -2.19 -4.2 6.14
3 16 -2.19 -4.2 6.14 -2.25 -4.04 5.98 -2.11 -4.19 5.9
3 16 -2.19 -4.2 6.14 -2.11 -4.19 5.9 -2.09 -4.2 5.84
4 16 -2.41 -0.09 3.62 -2.25 -0.09 3.48 -2.25 -0.58 3.52 -2.41 -0.56 3.66
4 16 -2.41 -0.56 3.66 -2.25 -0.58 3.52 -2.25 -1.06 3.61 -2.41 -1.03 3.75
4 16 -2.41 -1.03 3.75 -2.25 -1.06 3.61 -2.25 -1.53 3.75 -2.41 -1.49 3.88
4 16 -2.41 -1.49 3.88 -2.25 -1.53 3.75 -2.25 -1.99 3.94 -2.41 -1.92 4.07
4 16 -2.41 -1.92 4.07 -2.25 -1.99 3.94 -2.25 -2.41 4.18 -2.41 -2.34 4.3
4 16 -2.41 -2.34 4.3 -2.25 -2.41 4.18 -2.25 -2.81 4.47 -2.41 -2.73 4.57
4 16 -2.41 -2.73 4.57 -2.25 -2.81 4.47 -2.25 -3.18 4.79 -2.41 -3.08 4.89
4 16 -2.41 -3.08 4.89 -2.25 -3.18 4.79 -2.25 -3.51 5.15 -2.41 -3.4 5.24
3 16 -2.25 0.04 3.48 -2.11 -0.1 3.32 -2.25 -0.09 3.48
4 16 -2.25 -0.09 3.48 -2.11 -0.1 3.32 -2.11 -0.6 3.36 -2.25 -0.58 3.52
4 16 -2.25 -0.58 3.52 -2.11 -0.6 3.36 -2.11 -1.1 3.45 -2.25 -1.06 3.61
4 16 -2.25 -1.06 3.61 -2.11 -1.1 3.45 -2.11 -1.59 3.59 -2.25 -1.53 3.75
4 16 -2.25 -1.53 3.75 -2.11 -1.59 3.59 -2.11 -2.06 3.79 -2.25 -1.99 3.94
4 16 -2.25 -1.99 3.94 -2.11 -2.06 3.79 -2.11 -2.5 4.04 -2.25 -2.41 4.18
4 16 -2.25 -2.41 4.18 -2.11 -2.5 4.04 -2.11 -2.92 4.34 -2.25 -2.81 4.47
4 16 -2.25 -2.81 4.47 -2.11 -2.92 4.34 -2.11 -3.3 4.67 -2.25 -3.18 4.79
4 16 -2.25 -3.18 4.79 -2.11 -3.3 4.67 -2.11 -3.64 5.05 -2.25 -3.51 5.15
3 16 -3.13 -3.89 6.58 -3.13 -3.88 6.56 -3.01 -3.89 6.56
4 16 -3.01 -3.89 6.56 -3.13 -3.88 6.56 -3.13 -3.7 6.15 -3.01 -3.71 6.14
3 16 -3.01 -3.71 6.14 -3.13 -3.7 6.15 -3.01 -3.49 5.75
4 16 -3.01 -3.71 6.14 -3.01 -3.49 5.75 -2.8 -3.52 5.73 -2.8 -3.75 6.12
4 16 -2.8 -3.75 6.12 -2.8 -3.52 5.73 -2.6 -3.59 5.69 -2.6 -3.82 6.09
4 16 -2.6 -3.82 6.09 -2.6 -3.59 5.69 -2.41 -3.68 5.63 -2.41 -3.91 6.04
4 16 -2.41 -3.91 6.04 -2.41 -3.68 5.63 -2.25 -3.8 5.55 -2.25 -4.04 5.98
4 16 -2.25 -4.04 5.98 -2.25 -3.8 5.55 -2.11 -3.94 5.46 -2.11 -4.19 5.9
3 16 -2.11 -4.19 5.9 -2.11 -3.94 5.46 -2.09 -4.2 5.84
3 16 -2.11 0.04 3.32 -2.01 -0.1 3.13 -2.11 -0.1 3.32
4 16 -2.11 -0.1 3.32 -2.01 -0.1 3.13 -2.01 -0.63 3.17 -2.11 -0.6 3.36
4 16 -2.11 -0.6 3.36 -2.01 -0.63 3.17 -2.01 -1.15 3.27 -2.11 -1.1 3.45
4 16 -2.11 -1.1 3.45 -2.01 -1.15 3.27 -2.01 -1.65 3.42 -2.11 -1.59 3.59
4 16 -2.11 -1.59 3.59 -2.01 -1.65 3.42 -2.01 -2.14 3.63 -2.11 -2.06 3.79
4 16 -2.11 -2.06 3.79 -2.01 -2.14 3.63 -2.01 -2.6 3.88 -2.11 -2.5 4.04
4 16 -2.11 -2.5 4.04 -2.01 -2.6 3.88 -2.01 -3.03 4.19 -2.11 -2.92 4.34
4 16 -2.11 -2.92 4.34 -2.01 -3.03 4.19 -2.01 -3.43 4.54 -2.11 -3.3 4.67
4 16 -2.11 -3.3 4.67 -2.01 -3.43 4.54 -2.01 -3.78 4.93 -2.11 -3.64 5.05
4 16 -2.01 -0.1 3.13 -1.93 -0.1 2.93 -1.93 -0.65 2.97 -2.01 -0.63 3.17
4 16 -2.01 -0.63 3.17 -1.93 -0.65 2.97 -1.93 -1.19 3.07 -2.01 -1.15 3.27
4 16 -2.01 -1.15 3.27 -1.93 -1.19 3.07 -1.93 -1.72 3.23 -2.01 -1.65 3.42
4 16 -2.01 -1.65 3.42 -1.93 -1.72 3.23 -1.93 -2.23 3.44 -2.01 -2.14 3.63
4 16 -2.01 -2.14 3.63 -1.93 -2.23 3.44 -1.93 -2.71 3.71 -2.01 -2.6 3.88
4 16 -2.01 -2.6 3.88 -1.93 -2.71 3.71 -1.93 -3.16 4.03 -2.01 -3.03 4.19
4 16 -2.01 -3.03 4.19 -1.93 -3.16 4.03 -1.93 -3.57 4.4 -2.01 -3.43 4.54
4 16 -2.01 -3.43 4.54 -1.93 -3.57 4.4 -1.93 -3.94 4.81 -2.01 -3.78 4.93
4 16 -3.13 -3.48 5.76 -3.13 -3.22 5.39 -3.01 -3.22 5.39 -3.01 -3.49 5.75
4 16 -3.01 -3.49 5.75 -3.01 -3.22 5.39 -2.8 -3.25 5.36 -2.8 -3.52 5.73
4 16 -2.8 -3.52 5.73 -2.8 -3.25 5.36 -2.6 -3.31 5.31 -2.6 -3.59 5.69
4 16 -2.6 -3.59 5.69 -2.6 -3.31 5.31 -2.41 -3.4 5.24 -2.41 -3.68 5.63
4 16 -2.41 -3.68 5.63 -2.41 -3.4 5.24 -2.25 -3.51 5.15 -2.25 -3.8 5.55
4 16 -2.25 -3.8 5.55 -2.25 -3.51 5.15 -2.11 -3.64 5.05 -2.11 -3.94 5.46
4 16 -2.11 -3.94 5.46 -2.11 -3.64 5.05 -2.01 -3.78 4.93 -2.01 -4.09 5.36
4 16 -2.01 -4.09 5.36 -2.01 -3.78 4.93 -1.93 -3.94 4.81 -1.93 -4.2 5.15
3 16 -1.93 -4.2 5.15 -1.93 -3.94 4.81 -1.9 -4.1 4.67
4 16 -1.9 -4.1 4.67 -1.93 -3.94 4.81 -1.93 -3.57 4.4 -1.9 -3.72 4.25
4 16 -1.9 -3.72 4.25 -1.93 -3.57 4.4 -1.93 -3.16 4.03 -1.9 -3.29 3.87
4 16 -1.9 -3.29 3.87 -1.93 -3.16 4.03 -1.93 -2.71 3.71 -1.9 -2.82 3.53
4 16 -1.9 -2.82 3.53 -1.93 -2.71 3.71 -1.93 -2.23 3.44 -1.9 -2.32 3.25
4 16 -1.9 -2.32 3.25 -1.93 -2.23 3.44 -1.93 -1.72 3.23 -1.9 -1.79 3.03
4 16 -1.9 -1.79 3.03 -1.93 -1.72 3.23 -1.93 -1.19 3.07 -1.9 -1.24 2.87
4 16 -1.9 -1.24 2.87 -1.93 -1.19 3.07 -1.93 -0.65 2.97 -1.9 -0.68 2.76
4 16 -1.9 -0.68 2.76 -1.93 -0.65 2.97 -1.93 -0.1 2.93 -1.9 -0.11 2.72
3 16 -1.9 -0.11 2.72 -1.93 -0.1 2.93 -1.93 0.05 2.93
3 16 -1.9 -0.11 2.72 -1.93 0.05 2.93 -1.91 0.05 2.83
3 16 -1.91 0 -2.81 -1.89 0 -2.6 -1.89 0.05 -2.6
3 16 -3.13 0.04 -3.86 -3.13 0 -3.86 -3.02 0.04 -3.85
3 16 -3.02 0.04 -3.85 -3.13 0 -3.86 -3.01 0 -3.85
3 16 -3.02 0.04 -3.85 -3.01 0 -3.85 -2.91 0.04 -3.84
3 16 -2.91 0.04 -3.84 -3.01 0 -3.85 -2.91 0 -3.84
3 16 -2.91 0.04 -3.84 -2.91 0 -3.84 -2.9 0.04 -3.83
3 16 -2.91 0 -3.84 -2.8 0 -3.81 -2.7 0.04 -3.78
3 16 -2.7 0.04 -3.78 -2.8 0 -3.81 -2.7 0 -3.78
3 16 -2.7 0.04 -3.78 -2.7 0 -3.78 -2.5 0.04 -3.68
3 16 -2.5 0.04 -3.68 -2.7 0 -3.78 -2.6 0 -3.73
3 16 -1.89 0.05 -2.6 -1.89 0.05 -2.71 -1.91 0 -2.81
3 16 -1.91 0 -2.81 -1.89 0.05 -2.71 -1.91 0.05 -2.81
3 16 -1.91 0 -2.81 -1.91 0.05 -2.81 -1.93 0 -2.93
3 16 -1.93 0 -2.93 -1.91 0.05 -2.81 -1.94 0.05 -2.94
3 16 -1.93 0 -2.93 -1.94 0.05 -2.94 -1.96 0 -3.02
3 16 -1.96 0 -3.02 -1.94 0.05 -2.94 -1.96 0.05 -3.02
3 16 -1.96 0 -3.02 -1.96 0.05 -3.02 -2.01 0 -3.13
3 16 -2.01 0 -3.13 -1.96 0.05 -3.02 -2.03 0.04 -3.17
3 16 -2.01 0 -3.13 -2.03 0.04 -3.17 -2.05 0 -3.22
3 16 -2.05 0 -3.22 -2.03 0.04 -3.17 -2.05 0.04 -3.22
3 16 -2.05 0 -3.22 -2.05 0.04 -3.22 -2.11 0 -3.32
3 16 -2.11 0 -3.32 -2.05 0.04 -3.22 -2.17 0.04 -3.39
3 16 -2.11 0 -3.32 -2.17 0.04 -3.39 -2.17 0 -3.4
3 16 -2.17 0 -3.4 -2.17 0.04 -3.39 -2.17 0.04 -3.4
3 16 -2.33 0 -3.55 -2.33 0.04 -3.55 -2.41 0 -3.62
3 16 -2.41 0 -3.62 -2.33 0.04 -3.55 -2.5 0.04 -3.68
3 16 -2.41 0 -3.62 -2.5 0.04 -3.68 -2.5 0 -3.68
3 16 -2.5 0 -3.68 -2.5 0.04 -3.68 -2.6 0 -3.73
4 16 -2.8 -1.87 -4.25 -3.01 -1.85 -4.29 -3.01 -2.24 -4.51 -2.8 -2.26 -4.47
3 16 -3.13 -1.4 -4.1 -3.13 -1.43 -4.11 -3.01 -1.44 -4.11
3 16 -1.95 -4.2 -5.24 -1.93 -4.2 -5.15 -1.93 -3.95 -4.82
3 16 -1.9 -0.16 -2.72 -1.89 -0.16 -2.6 -1.89 0 -2.6
4 16 -1.9 -2.35 -3.27 -1.89 -2.4 -3.16 -1.89 -1.87 -2.93 -1.9 -1.83 -3.04
4 16 -1.9 -3.31 -3.88 -1.89 -3.39 -3.79 -1.89 -2.91 -3.45 -1.9 -2.85 -3.55
3 16 -1.91 -4.2 -4.93 -1.89 -4.2 -4.6 -1.9 -4.12 -4.69
4 16 -1.9 -4.12 -4.69 -1.89 -4.2 -4.6 -1.89 -3.82 -4.18 -1.9 -3.74 -4.26
3 16 -2.41 -4.11 -6.48 -2.42 -4.2 -6.75 -2.36 -4.2 -6.61
3 16 -2.6 -4.14 -6.96 -2.65 -4.2 -7.37 -2.51 -4.2 -6.98
3 16 -2.8 -4.15 -7.43 -2.8 -4.19 -7.88 -2.77 -4.2 -7.79
4 16 -3.01 -4.15 -7.88 -3.01 -4.15 -8 -2.8 -4.19 -8 -2.8 -4.19 -7.88
4 16 -3.13 -4.14 -7.88 -3.13 -4.14 -8 -3.01 -4.15 -8 -3.01 -4.15 -7.88
4 16 -3.13 -4.14 -7.88 -3.01 -4.15 -7.88 -3.01 -4.11 -7.43 -3.13 -4.1 -7.43
3 16 -3.13 -3.87 -6.54 -3.13 -3.89 -6.57 -3.01 -3.89 -6.56
4 16 -3.01 -3.89 -6.56 -3.13 -3.89 -6.57 -3.13 -4.02 -6.99 -3.01 -4.02 -6.99
3 16 -3.13 -3.15 -5.31 -3.13 -3.23 -5.4 -3.01 -3.23 -5.4
4 16 -3.01 -3.23 -5.4 -3.13 -3.23 -5.4 -3.13 -3.49 -5.77 -3.01 -3.49 -5.76
4 16 -3.01 -2.24 -4.51 -3.13 -2.23 -4.51 -3.13 -2.6 -4.77 -3.01 -2.6 -4.77
3 16 -3.01 -1.85 -4.29 -3.13 -1.84 -4.29 -3.01 -2.24 -4.51
3 16 -3.01 -2.24 -4.51 -3.13 -1.84 -4.29 -3.13 -2.05 -4.4
3 16 -3.01 -2.24 -4.51 -3.13 -2.05 -4.4 -3.13 -2.23 -4.51
3 16 -3.13 -1.4 -4.1 -3.01 -1.44 -4.11 -3.13 -1.01 -3.98
3 16 -3.01 -0.12 -3.85 -2.8 -0.12 -3.81 -2.8 0 -3.81
4 16 -3.13 0 -3.86 -3.13 -0.12 -3.86 -3.01 -0.12 -3.85 -3.01 0 -3.85
3 16 -3.01 0 -3.85 -3.01 -0.12 -3.85 -2.91 0 -3.84
3 16 -2.91 0 -3.84 -3.01 -0.12 -3.85 -2.8 0 -3.81
3 16 -2.41 -0.13 -3.62 -2.5 0 -3.68 -2.6 -0.13 -3.73
3 16 -2.6 -0.13 -3.73 -2.5 0 -3.68 -2.6 0 -3.73
3 16 -2.6 -0.13 -3.73 -2.6 0 -3.73 -2.8 -0.12 -3.81
3 16 -2.8 -0.12 -3.81 -2.6 0 -3.73 -2.7 0 -3.78
3 16 -2.8 -0.12 -3.81 -2.7 0 -3.78 -2.8 0 -3.81
3 16 -2.25 -0.13 -3.48 -2.33 0 -3.55 -2.41 -0.13 -3.62
3 16 -2.41 -0.13 -3.62 -2.33 0 -3.55 -2.41 0 -3.62
3 16 -2.41 -0.13 -3.62 -2.41 0 -3.62 -2.5 0 -3.68
3 16 -2.11 -0.14 -3.32 -2.17 0 -3.4 -2.25 -0.13 -3.48
3 16 -2.25 -0.13 -3.48 -2.17 0 -3.4 -2.25 0 -3.48
3 16 -2.25 -0.13 -3.48 -2.25 0 -3.48 -2.33 0 -3.55
3 16 -2.01 -0.14 -3.13 -2.05 0 -3.22 -2.11 -0.14 -3.32
3 16 -2.11 -0.14 -3.32 -2.05 0 -3.22 -2.11 0 -3.32
3 16 -2.11 -0.14 -3.32 -2.11 0 -3.32 -2.17 0 -3.4
3 16 -1.89 0 -2.6 -1.91 0 -2.81 -1.9 -0.16 -2.72
3 16 -1.9 -0.16 -2.72 -1.91 0 -2.81 -1.93 0 -2.93
3 16 -1.9 -0.16 -2.72 -1.93 0 -2.93 -1.93 -0.15 -2.93
3 16 -1.93 -0.15 -2.93 -1.93 0 -2.93 -1.96 0 -3.02
3 16 -1.93 -0.15 -2.93 -1.96 0 -3.02 -2.01 -0.14 -3.13
3 16 -2.01 -0.14 -3.13 -1.96 0 -3.02 -2.01 0 -3.13
3 16 -2.01 -0.14 -3.13 -2.01 0 -3.13 -2.05 0 -3.22
3 16 -2.78 -4.2 -8 -2.77 -4.2 -7.79 -2.8 -4.19 -8
3 16 -2.8 -4.19 -8 -2.77 -4.2 -7.79 -2.8 -4.19 -7.88
4 16 -3.01 -4.15 -7.88 -2.8 -4.19 -7.88 -2.8 -4.15 -7.43 -3.01 -4.11 -7.43
4 16 -3.01 -4.11 -7.43 -2.8 -4.15 -7.43 -2.8 -4.06 -6.98 -3.01 -4.02 -6.99
4 16 -2.6 -1.9 -4.18 -2.8 -1.87 -4.25 -2.8 -2.26 -4.47 -2.6 -2.3 -4.41
4 16 -2.8 -2.26 -4.47 -3.01 -2.24 -4.51 -3.01 -2.6 -4.77 -2.8 -2.63 -4.73
3 16 -3.01 -2.6 -4.77 -3.13 -2.6 -4.77 -3.13 -2.64 -4.81
3 16 -2.77 -4.2 -7.79 -2.71 -4.2 -7.56 -2.8 -4.15 -7.43
3 16 -2.8 -4.15 -7.43 -2.71 -4.2 -7.56 -2.65 -4.2 -7.37
4 16 -2.8 -4.15 -7.43 -2.65 -4.2 -7.37 -2.6 -4.14 -6.96 -2.8 -4.06 -6.98
4 16 -2.8 -4.06 -6.98 -2.6 -4.14 -6.96 -2.6 -4 -6.52 -2.8 -3.93 -6.55
4 16 -2.41 -1.95 -4.08 -2.6 -1.9 -4.18 -2.6 -2.3 -4.41 -2.41 -2.36 -4.31
4 16 -2.6 -2.3 -4.41 -2.8 -2.26 -4.47 -2.8 -2.63 -4.73 -2.6 -2.67 -4.67
4 16 -2.8 -2.63 -4.73 -3.01 -2.6 -4.77 -3.01 -2.93 -5.07 -2.8 -2.96 -5.04
3 16 -3.01 -2.93 -5.07 -3.01 -2.6 -4.77 -3.13 -2.64 -4.81
3 16 -3.01 -2.93 -5.07 -3.13 -2.64 -4.81 -3.13 -2.93 -5.07
3 16 -2.6 -4.14 -6.96 -2.51 -4.2 -6.98 -2.42 -4.2 -6.75
3 16 -2.6 -4.14 -6.96 -2.42 -4.2 -6.75 -2.6 -4 -6.52
3 16 -2.6 -4 -6.52 -2.42 -4.2 -6.75 -2.41 -4.11 -6.48
4 16 -2.6 -4 -6.52 -2.41 -4.11 -6.48 -2.41 -3.92 -6.05 -2.6 -3.82 -6.1
4 16 -2.25 -2.01 -3.95 -2.41 -1.95 -4.08 -2.41 -2.36 -4.31 -2.25 -2.44 -4.2
4 16 -2.41 -2.36 -4.31 -2.6 -2.3 -4.41 -2.6 -2.67 -4.67 -2.41 -2.74 -4.59
4 16 -2.6 -2.67 -4.67 -2.8 -2.63 -4.73 -2.8 -2.96 -5.04 -2.6 -3.02 -4.98
4 16 -2.8 -2.96 -5.04 -3.01 -2.93 -5.07 -3.01 -3.23 -5.4 -2.8 -3.27 -5.37
3 16 -3.01 -3.23 -5.4 -3.01 -2.93 -5.07 -3.13 -2.93 -5.07
3 16 -3.01 -3.23 -5.4 -3.13 -2.93 -5.07 -3.13 -3.15 -5.31
4 16 -2.11 -2.09 -3.81 -2.25 -2.01 -3.95 -2.25 -2.44 -4.2 -2.11 -2.52 -4.06
4 16 -2.25 -2.44 -4.2 -2.41 -2.36 -4.31 -2.41 -2.74 -4.59 -2.25 -2.83 -4.48
4 16 -2.41 -2.74 -4.59 -2.6 -2.67 -4.67 -2.6 -3.02 -4.98 -2.41 -3.1 -4.9
4 16 -2.6 -3.02 -4.98 -2.8 -2.96 -5.04 -2.8 -3.27 -5.37 -2.6 -3.33 -5.33
4 16 -2.8 -3.27 -5.37 -3.01 -3.23 -5.4 -3.01 -3.49 -5.76 -2.8 -3.53 -5.74
3 16 -3.01 -3.49 -5.76 -3.13 -3.49 -5.77 -3.13 -3.56 -5.89
4 16 -2.25 -4.05 -5.99 -2.11 -4.19 -5.91 -2.11 -3.94 -5.48 -2.25 -3.8 -5.56
4 16 -2.01 -2.17 -3.64 -2.11 -2.09 -3.81 -2.11 -2.52 -4.06 -2.01 -2.63 -3.9
4 16 -2.11 -2.52 -4.06 -2.25 -2.44 -4.2 -2.25 -2.83 -4.48 -2.11 -2.94 -4.35
4 16 -2.25 -2.83 -4.48 -2.41 -2.74 -4.59 -2.41 -3.1 -4.9 -2.25 -3.19 -4.81
4 16 -2.41 -3.1 -4.9 -2.6 -3.02 -4.98 -2.6 -3.33 -5.33 -2.41 -3.41 -5.26
4 16 -2.6 -3.33 -5.33 -2.8 -3.27 -5.37 -2.8 -3.53 -5.74 -2.6 -3.59 -5.7
4 16 -2.8 -3.53 -5.74 -3.01 -3.49 -5.76 -3.01 -3.71 -6.15 -2.8 -3.75 -6.13
3 16 -3.01 -3.71 -6.15 -3.01 -3.49 -5.76 -3.13 -3.56 -5.89
3 16 -3.01 -3.71 -6.15 -3.13 -3.56 -5.89 -3.13 -3.71 -6.16
4 16 -2.11 -3.94 -5.48 -2.01 -4.1 -5.37 -2.01 -3.79 -4.95 -2.11 -3.65 -5.06
4 16 -1.93 -2.26 -3.46 -2.01 -2.17 -3.64 -2.01 -2.63 -3.9 -1.93 -2.73 -3.73
4 16 -2.01 -2.63 -3.9 -2.11 -2.52 -4.06 -2.11 -2.94 -4.35 -2.01 -3.05 -4.21
4 16 -2.11 -2.94 -4.35 -2.25 -2.83 -4.48 -2.25 -3.19 -4.81 -2.11 -3.31 -4.69
4 16 -2.25 -3.19 -4.81 -2.41 -3.1 -4.9 -2.41 -3.41 -5.26 -2.25 -3.52 -5.17
4 16 -2.41 -3.41 -5.26 -2.6 -3.33 -5.33 -2.6 -3.59 -5.7 -2.41 -3.69 -5.64
4 16 -2.6 -3.59 -5.7 -2.8 -3.53 -5.74 -2.8 -3.75 -6.13 -2.6 -3.82 -6.1
4 16 -2.8 -3.75 -6.13 -3.01 -3.71 -6.15 -3.01 -3.89 -6.56 -2.8 -3.93 -6.55
3 16 -3.01 -3.89 -6.56 -3.01 -3.71 -6.15 -3.13 -3.71 -6.16
3 16 -3.01 -3.89 -6.56 -3.13 -3.71 -6.16 -3.13 -3.87 -6.54
4 16 -3.13 -1.43 -4.11 -3.13 -1.84 -4.29 -3.01 -1.85 -4.29 -3.01 -1.44 -4.11
4 16 -3.01 -1.44 -4.11 -3.01 -1.85 -4.29 -2.8 -1.87 -4.25 -2.8 -1.45 -4.07
4 16 -2.8 -1.45 -4.07 -2.8 -1.87 -4.25 -2.6 -1.9 -4.18 -2.6 -1.48 -4
4 16 -2.6 -1.48 -4 -2.6 -1.9 -4.18 -2.41 -1.95 -4.08 -2.41 -1.52 -3.89
4 16 -2.41 -1.52 -3.89 -2.41 -1.95 -4.08 -2.25 -2.01 -3.95 -2.25 -1.56 -3.76
4 16 -2.25 -1.56 -3.76 -2.25 -2.01 -3.95 -2.11 -2.09 -3.81 -2.11 -1.62 -3.61
4 16 -2.11 -1.62 -3.61 -2.11 -2.09 -3.81 -2.01 -2.17 -3.64 -2.01 -1.69 -3.43
4 16 -2.01 -1.69 -3.43 -2.01 -2.17 -3.64 -1.93 -2.26 -3.46 -1.93 -1.76 -3.24
4 16 -1.93 -1.76 -3.24 -1.93 -2.26 -3.46 -1.9 -2.35 -3.27 -1.9 -1.83 -3.04
3 16 -1.93 -4.2 -5.15 -1.91 -4.2 -4.93 -1.93 -3.95 -4.82
3 16 -1.93 -3.95 -4.82 -1.91 -4.2 -4.93 -1.9 -4.12 -4.69
4 16 -1.93 -3.95 -4.82 -1.9 -4.12 -4.69 -1.9 -3.74 -4.26 -1.93 -3.59 -4.41
4 16 -1.9 -3.74 -4.26 -1.89 -3.82 -4.18 -1.89 -3.39 -3.79 -1.9 -3.31 -3.88
4 16 -1.9 -3.74 -4.26 -1.9 -3.31 -3.88 -1.93 -3.18 -4.05 -1.93 -3.59 -4.41
4 16 -1.93 -3.95 -4.82 -1.93 -3.59 -4.41 -2.01 -3.44 -4.56 -2.01 -3.79 -4.95
3 16 -1.93 -3.95 -4.82 -2.01 -3.79 -4.95 -1.95 -4.2 -5.24
3 16 -1.95 -4.2 -5.24 -2.01 -3.79 -4.95 -2.01 -4.1 -5.37
3 16 -1.95 -4.2 -5.24 -2.01 -4.1 -5.37 -2.02 -4.2 -5.57
4 16 -2.02 -4.2 -5.57 -2.01 -4.1 -5.37 -2.11 -3.94 -5.48 -2.11 -4.2 -5.91
3 16 -2.11 -4.2 -5.91 -2.11 -3.94 -5.48 -2.11 -4.19 -5.91
3 16 -2.11 -4.2 -5.91 -2.11 -4.19 -5.91 -2.23 -4.2 -6.26
3 16 -2.23 -4.2 -6.26 -2.11 -4.19 -5.91 -2.25 -4.05 -5.99
3 16 -2.23 -4.2 -6.26 -2.25 -4.05 -5.99 -2.25 -4.2 -6.33
3 16 -2.36 -4.2 -6.61 -2.3 -4.2 -6.45 -2.41 -4.11 -6.48
3 16 -2.41 -4.11 -6.48 -2.3 -4.2 -6.45 -2.25 -4.2 -6.33
3 16 -2.41 -4.11 -6.48 -2.25 -4.2 -6.33 -2.41 -3.92 -6.05
3 16 -2.41 -3.92 -6.05 -2.25 -4.2 -6.33 -2.25 -4.05 -5.99
4 16 -2.41 -3.92 -6.05 -2.25 -4.05 -5.99 -2.25 -3.8 -5.56 -2.41 -3.69 -5.64
4 16 -2.25 -3.8 -5.56 -2.11 -3.94 -5.48 -2.11 -3.65 -5.06 -2.25 -3.52 -5.17
4 16 -2.11 -3.65 -5.06 -2.01 -3.79 -4.95 -2.01 -3.44 -4.56 -2.11 -3.31 -4.69
4 16 -2.01 -3.44 -4.56 -1.93 -3.59 -4.41 -1.93 -3.18 -4.05 -2.01 -3.05 -4.21
4 16 -1.93 -3.18 -4.05 -1.9 -3.31 -3.88 -1.9 -2.85 -3.55 -1.93 -2.73 -3.73
4 16 -1.9 -2.85 -3.55 -1.89 -2.91 -3.45 -1.89 -2.4 -3.16 -1.9 -2.35 -3.27
4 16 -1.9 -2.85 -3.55 -1.9 -2.35 -3.27 -1.93 -2.26 -3.46 -1.93 -2.73 -3.73
4 16 -1.93 -3.18 -4.05 -1.93 -2.73 -3.73 -2.01 -2.63 -3.9 -2.01 -3.05 -4.21
4 16 -2.01 -3.44 -4.56 -2.01 -3.05 -4.21 -2.11 -2.94 -4.35 -2.11 -3.31 -4.69
4 16 -2.11 -3.65 -5.06 -2.11 -3.31 -4.69 -2.25 -3.19 -4.81 -2.25 -3.52 -5.17
4 16 -2.25 -3.8 -5.56 -2.25 -3.52 -5.17 -2.41 -3.41 -5.26 -2.41 -3.69 -5.64
4 16 -2.41 -3.92 -6.05 -2.41 -3.69 -5.64 -2.6 -3.59 -5.7 -2.6 -3.82 -6.1
4 16 -2.6 -4 -6.52 -2.6 -3.82 -6.1 -2.8 -3.75 -6.13 -2.8 -3.93 -6.55
4 16 -2.8 -4.06 -6.98 -2.8 -3.93 -6.55 -3.01 -3.89 -6.56 -3.01 -4.02 -6.99
3 16 -3.01 -4.02 -6.99 -3.13 -4.02 -6.99 -3.01 -4.11 -7.43
3 16 -3.01 -4.11 -7.43 -3.13 -4.02 -6.99 -3.13 -4.07 -7.22
3 16 -3.01 -4.11 -7.43 -3.13 -4.07 -7.22 -3.13 -4.1 -7.43
3 16 -3.13 -0.71 -3.92 -3.13 -1.01 -3.98 -3.01 -1.01 -3.98
3 16 -3.01 -1.01 -3.98 -3.13 -1.01 -3.98 -3.01 -1.44 -4.11
4 16 -3.01 -1.01 -3.98 -3.01 -1.44 -4.11 -2.8 -1.45 -4.07 -2.8 -1.02 -3.94
4 16 -2.8 -1.02 -3.94 -2.8 -1.45 -4.07 -2.6 -1.48 -4 -2.6 -1.04 -3.86
4 16 -2.6 -1.04 -3.86 -2.6 -1.48 -4 -2.41 -1.52 -3.89 -2.41 -1.06 -3.75
4 16 -2.41 -1.06 -3.75 -2.41 -1.52 -3.89 -2.25 -1.56 -3.76 -2.25 -1.1 -3.62
4 16 -2.25 -1.1 -3.62 -2.25 -1.56 -3.76 -2.11 -1.62 -3.61 -2.11 -1.14 -3.46
4 16 -2.11 -1.14 -3.46 -2.11 -1.62 -3.61 -2.01 -1.69 -3.43 -2.01 -1.18 -3.28
4 16 -2.01 -1.18 -3.28 -2.01 -1.69 -3.43 -1.93 -1.76 -3.24 -1.93 -1.23 -3.08
4 16 -1.93 -1.23 -3.08 -1.93 -1.76 -3.24 -1.9 -1.83 -3.04 -1.9 -1.28 -2.87
4 16 -1.9 -1.28 -2.87 -1.9 -1.83 -3.04 -1.89 -1.87 -2.93 -1.89 -1.31 -2.76
3 16 -3.13 -0.57 -3.9 -3.13 -0.71 -3.92 -3.01 -0.57 -3.89
3 16 -3.01 -0.57 -3.89 -3.13 -0.71 -3.92 -3.01 -1.01 -3.98
4 16 -3.01 -0.57 -3.89 -3.01 -1.01 -3.98 -2.8 -1.02 -3.94 -2.8 -0.57 -3.85
4 16 -2.8 -0.57 -3.85 -2.8 -1.02 -3.94 -2.6 -1.04 -3.86 -2.6 -0.58 -3.77
4 16 -2.6 -0.58 -3.77 -2.6 -1.04 -3.86 -2.41 -1.06 -3.75 -2.41 -0.6 -3.66
4 16 -2.41 -0.6 -3.66 -2.41 -1.06 -3.75 -2.25 -1.1 -3.62 -2.25 -0.62 -3.52
4 16 -2.25 -0.62 -3.52 -2.25 -1.1 -3.62 -2.11 -1.14 -3.46 -2.11 -0.64 -3.36
4 16 -2.11 -0.64 -3.36 -2.11 -1.14 -3.46 -2.01 -1.18 -3.28 -2.01 -0.67 -3.18
4 16 -2.01 -0.67 -3.18 -2.01 -1.18 -3.28 -1.93 -1.23 -3.08 -1.93 -0.69 -2.98
4 16 -1.93 -0.69 -2.98 -1.93 -1.23 -3.08 -1.9 -1.28 -2.87 -1.9 -0.72 -2.77
4 16 -1.9 -0.72 -2.77 -1.9 -1.28 -2.87 -1.89 -1.31 -2.76 -1.89 -0.74 -2.65
4 16 -3.13 -0.12 -3.86 -3.13 -0.57 -3.9 -3.01 -0.57 -3.89 -3.01 -0.12 -3.85
4 16 -3.01 -0.12 -3.85 -3.01 -0.57 -3.89 -2.8 -0.57 -3.85 -2.8 -0.12 -3.81
4 16 -2.8 -0.12 -3.81 -2.8 -0.57 -3.85 -2.6 -0.58 -3.77 -2.6 -0.13 -3.73
4 16 -2.6 -0.13 -3.73 -2.6 -0.58 -3.77 -2.41 -0.6 -3.66 -2.41 -0.13 -3.62
4 16 -2.41 -0.13 -3.62 -2.41 -0.6 -3.66 -2.25 -0.62 -3.52 -2.25 -0.13 -3.48
4 16 -2.25 -0.13 -3.48 -2.25 -0.62 -3.52 -2.11 -0.64 -3.36 -2.11 -0.14 -3.32
4 16 -2.11 -0.14 -3.32 -2.11 -0.64 -3.36 -2.01 -0.67 -3.18 -2.01 -0.14 -3.13
4 16 -2.01 -0.14 -3.13 -2.01 -0.67 -3.18 -1.93 -0.69 -2.98 -1.93 -0.15 -2.93
4 16 -1.93 -0.15 -2.93 -1.93 -0.69 -2.98 -1.9 -0.72 -2.77 -1.9 -0.16 -2.72
4 16 -1.9 -0.16 -2.72 -1.9 -0.72 -2.77 -1.89 -0.74 -2.65 -1.89 -0.16 -2.6
3 16 -19.65 -3.15 -8 -17.13 -3.9 -8 -17.13 -3.9 -7.94
4 16 -19.65 -3.15 -8 -17.13 -3.9 -7.94 -17.13 -3.84 -7.32 -19.65 -3.1 -7.45
3 16 -19.65 -3.1 -7.45 -17.13 -3.84 -7.32 -17.13 -3.83 -7.27
4 16 -19.65 -3.1 -7.45 -17.13 -3.83 -7.27 -17.13 -3.66 -6.67 -19.65 -2.96 -6.92
3 16 -19.65 -2.96 -6.92 -17.13 -3.66 -6.67 -17.13 -3.65 -6.62
4 16 -19.65 -2.96 -6.92 -17.13 -3.65 -6.62 -17.13 -3.37 -6.05 -19.65 -2.73 -6.43
3 16 -19.65 -2.73 -6.43 -17.13 -3.37 -6.05 -17.13 -3.35 -6.02
4 16 -19.65 -2.73 -6.43 -17.13 -3.35 -6.02 -17.13 -2.98 -5.5 -19.65 -2.41 -5.98
3 16 -19.65 -2.41 -5.98 -17.13 -2.98 -5.5 -17.13 -2.96 -5.47
4 16 -19.65 -2.41 -5.98 -17.13 -2.96 -5.47 -17.13 -2.5 -5.02 -19.65 -2.02 -5.59
3 16 -19.65 -2.02 -5.59 -17.13 -2.5 -5.02 -17.13 -2.48 -5
4 16 -19.65 -2.02 -5.59 -17.13 -2.48 -5 -17.13 -1.95 -4.63 -19.65 -1.57 -5.27
3 16 -19.65 -1.57 -5.27 -17.13 -1.95 -4.63 -17.13 -1.93 -4.62
4 16 -19.65 -1.57 -5.27 -17.13 -1.93 -4.62 -17.13 -1.33 -4.34 -19.65 -1.08 -5.04
3 16 -19.65 -1.08 -5.04 -17.13 -1.33 -4.34 -17.13 -1.32 -4.33
4 16 -19.65 -1.08 -5.04 -17.13 -1.32 -4.33 -17.13 -0.68 -4.16 -19.65 -0.55 -4.9
4 16 -19.65 -0.55 -4.9 -17.13 -0.68 -4.16 -17.13 0 -4.1 -19.65 0 -4.85
4 16 -19.65 0 -4.85 -17.13 0 -4.1 -17.13 0.68 -4.16 -19.65 0.55 -4.9
4 16 -19.65 0.55 -4.9 -17.13 0.68 -4.16 -17.13 1.32 -4.33 -19.65 1.08 -5.04
3 16 -17.13 1.32 -4.33 -17.13 1.33 -4.34 -19.65 1.08 -5.04
4 16 -19.65 1.08 -5.04 -17.13 1.33 -4.34 -17.13 1.93 -4.62 -19.65 1.57 -5.27
3 16 -17.13 1.93 -4.62 -17.13 1.95 -4.63 -19.65 1.57 -5.27
4 16 -19.65 1.57 -5.27 -17.13 1.95 -4.63 -17.13 2.48 -5 -19.65 2.02 -5.59
3 16 -17.13 2.48 -5 -17.13 2.5 -5.02 -19.65 2.02 -5.59
4 16 -19.65 2.02 -5.59 -17.13 2.5 -5.02 -17.13 2.96 -5.47 -19.65 2.41 -5.98
3 16 -17.13 2.96 -5.47 -17.13 2.98 -5.5 -19.65 2.41 -5.98
4 16 -19.65 2.41 -5.98 -17.13 2.98 -5.5 -17.13 3.35 -6.02 -19.65 2.73 -6.43
3 16 -17.13 3.35 -6.02 -17.13 3.37 -6.05 -19.65 2.73 -6.43
4 16 -19.65 2.73 -6.43 -17.13 3.37 -6.05 -17.13 3.65 -6.62 -19.65 2.96 -6.92
3 16 -17.13 3.65 -6.62 -17.13 3.66 -6.67 -19.65 2.96 -6.92
4 16 -19.65 2.96 -6.92 -17.13 3.66 -6.67 -17.13 3.83 -7.27 -19.65 3.1 -7.45
3 16 -17.13 3.9 -8 -19.65 3.15 -8 -17.13 3.9 -7.94
4 16 -17.13 3.9 -7.94 -19.65 3.15 -8 -19.65 3.1 -7.45 -17.13 3.84 -7.32
3 16 -17.13 3.84 -7.32 -19.65 3.1 -7.45 -17.13 3.83 -7.27
4 16 -17.13 3.9 -8 0 4.2 -8 0 4.13 -8.73 -17.13 3.84 -8.68
4 16 -17.13 3.84 -8.68 0 4.13 -8.73 0 3.94 -9.43 -17.13 3.66 -9.33
4 16 -17.13 3.66 -9.33 0 3.94 -9.43 0 3.63 -10.1 -17.13 3.37 -9.95
4 16 -17.13 3.37 -9.95 0 3.63 -10.1 0 3.21 -10.7 -17.13 2.98 -10.5
4 16 -17.13 2.98 -10.5 0 3.21 -10.7 0 2.7 -11.21 -17.13 2.5 -10.98
4 16 -17.13 2.5 -10.98 0 2.7 -11.21 0 2.1 -11.63 -17.13 1.95 -11.37
4 16 -17.13 1.95 -11.37 0 2.1 -11.63 0 1.43 -11.94 -17.13 1.33 -11.66
4 16 -17.13 1.33 -11.66 0 1.43 -11.94 0 0.73 -12.13 -17.13 0.68 -11.84
4 16 -17.13 0.68 -11.84 0 0.73 -12.13 0 0 -12.2 -17.13 0 -11.9
4 16 -17.13 0 -11.9 0 0 -12.2 0 -0.73 -12.13 -17.13 -0.68 -11.84
4 16 -17.13 -0.68 -11.84 0 -0.73 -12.13 0 -1.43 -11.94 -17.13 -1.33 -11.66
4 16 -17.13 -1.33 -11.66 0 -1.43 -11.94 0 -2.1 -11.63 -17.13 -1.95 -11.37
4 16 -17.13 -1.95 -11.37 0 -2.1 -11.63 0 -2.7 -11.21 -17.13 -2.5 -10.98
4 16 -17.13 -2.5 -10.98 0 -2.7 -11.21 0 -3.21 -10.7 -17.13 -2.98 -10.5
4 16 -17.13 -2.98 -10.5 0 -3.21 -10.7 0 -3.63 -10.1 -17.13 -3.37 -9.95
4 16 -17.13 -3.37 -9.95 0 -3.63 -10.1 0 -3.94 -9.43 -17.13 -3.66 -9.33
4 16 -17.13 -3.66 -9.33 0 -3.94 -9.43 0 -4.13 -8.73 -17.13 -3.84 -8.68
3 16 -1.99 0.43 3.07 -2.01 0.04 3.13 -2.03 0.04 3.17
4 16 -2.82 3 3.06 -2.66 2.76 2.99 -2.66 2.74 3.11 -2.87 3.07 3.22
3 16 -1.95 0.44 2.95 -1.94 0.05 2.94 -2.01 0.04 3.13
3 16 -2.06 1.35 2.68 -1.95 0.85 2.63 -1.96 0.87 2.75
3 16 -1.89 0.25 2.6 -1.89 0.05 2.6 -1.9 0.05 2.72
4 16 -5.06 4.83 4.53 -5.19 4.89 4.6 -5.08 4.86 4.46 -4.9 4.78 4.4
4 16 -4.65 4.66 3.82 -4.57 4.62 3.79 -4.51 4.59 3.92 -4.68 4.69 3.98
3 16 -4.35 4.48 3.71 -4.25 4.42 3.68 -4.2 4.39 3.81
4 16 -3.31 2.66 4.27 -3.13 2.42 4.14 -3.22 2.32 4.21 -3.41 2.55 4.34
3 16 -3.38 1.82 4.21 -3.5 1.74 4.22 -3.66 1.94 4.32
4 16 -3.01 0.04 3.85 -3.13 0.04 3.86 -3.14 0.25 3.87 -3.03 0.29 3.86
4 16 -2.41 0.04 3.62 -2.6 0.04 3.73 -2.57 0.34 3.72 -2.46 0.35 3.66
4 16 -3.01 0.04 3.85 -3.03 0.29 3.86 -2.91 0.3 3.85 -2.9 0.04 3.83
4 16 -2.9 0.04 3.83 -2.91 0.3 3.85 -2.8 0.31 3.82 -2.8 0.04 3.81
3 16 -2.8 0.04 3.81 -2.8 0.31 3.82 -2.6 0.04 3.73
3 16 -2.6 0.04 3.73 -2.8 0.31 3.82 -2.68 0.33 3.78
3 16 -2.6 0.04 3.73 -2.68 0.33 3.78 -2.57 0.34 3.72
3 16 -3.5 1.74 4.22 -3.61 1.67 4.21 -3.77 1.87 4.31
3 16 -3.61 1.46 4.14 -3.71 1.6 4.19 -3.61 1.67 4.21
4 16 -3.04 2.52 4.05 -3.13 2.42 4.14 -3.31 2.66 4.27 -3.23 2.78 4.18
4 16 -3.23 2.78 4.18 -3.31 2.66 4.27 -3.52 2.89 4.4 -3.44 3.02 4.32
4 16 -3.66 3.24 4.46 -3.44 3.02 4.32 -3.52 2.89 4.4 -3.73 3.11 4.55
4 16 -3.52 2.89 4.4 -3.31 2.66 4.27 -3.41 2.55 4.34 -3.61 2.76 4.47
3 16 -3.41 2.55 4.34 -3.22 2.32 4.21 -3.32 2.22 4.26
4 16 -3.9 3.46 4.61 -3.66 3.24 4.46 -3.73 3.11 4.55 -3.97 3.31 4.69
4 16 -3.73 3.11 4.55 -3.52 2.89 4.4 -3.61 2.76 4.47 -3.82 2.97 4.61
4 16 -3.61 2.76 4.47 -3.41 2.55 4.34 -3.32 2.22 4.26 -3.51 2.43 4.39
3 16 -3.51 2.43 4.39 -3.32 2.22 4.26 -3.43 2.12 4.3
4 16 -4.15 3.66 4.76 -3.9 3.46 4.61 -3.97 3.31 4.69 -4.22 3.5 4.84
4 16 -3.97 3.31 4.69 -3.73 3.11 4.55 -3.82 2.97 4.61 -4.05 3.16 4.75
4 16 -3.82 2.97 4.61 -3.61 2.76 4.47 -3.51 2.43 4.39 -3.71 2.64 4.52
4 16 -3.71 2.64 4.52 -3.51 2.43 4.39 -3.43 2.12 4.3 -3.62 2.33 4.42
3 16 -3.62 2.33 4.42 -3.43 2.12 4.3 -3.55 2.03 4.32
4 16 -4.25 2.87 4.81 -4.49 3.03 4.95 -4.65 3.33 5.08 -4.39 3.18 4.94
3 16 -5.14 3.79 5.35 -4.84 3.65 5.2 -5.17 3.7 5.36
3 16 -5.17 3.7 5.36 -4.84 3.65 5.2 -4.92 3.47 5.22
3 16 -5.17 3.7 5.36 -4.92 3.47 5.22 -5.19 3.66 5.36
3 16 -5.14 3.79 5.35 -5.12 3.84 5.34 -4.84 3.65 5.2
3 16 -4.84 3.65 5.2 -5.12 3.84 5.34 -5.1 3.9 5.32
3 16 -4.84 3.65 5.2 -5.1 3.9 5.32 -4.77 3.84 5.15
3 16 -3.5 1.74 4.22 -3.77 1.87 4.31 -3.66 1.94 4.32
3 16 -3.66 1.94 4.32 -3.77 1.87 4.31 -3.84 2.13 4.43
3 16 -3.66 1.94 4.32 -3.84 2.13 4.43 -3.73 2.23 4.43
3 16 -3.73 2.23 4.43 -3.84 2.13 4.43 -3.92 2.41 4.55
3 16 -3.73 2.23 4.43 -3.92 2.41 4.55 -3.81 2.52 4.54
3 16 -3.81 2.52 4.54 -3.92 2.41 4.55 -4.02 2.7 4.67
4 16 -3.81 2.52 4.54 -4.02 2.7 4.67 -4.15 3.01 4.79 -3.92 2.83 4.65
4 16 -3.92 2.83 4.65 -4.15 3.01 4.79 -4.3 3.34 4.9 -4.05 3.16 4.75
4 16 -4.05 3.16 4.75 -4.3 3.34 4.9 -4.22 3.5 4.84 -3.97 3.31 4.69
4 16 -4.22 3.5 4.84 -4.3 3.34 4.9 -4.56 3.5 5.05 -4.48 3.68 4.99
4 16 -4.22 3.5 4.84 -4.48 3.68 4.99 -4.42 3.85 4.91 -4.15 3.66 4.76
3 16 -4.42 3.85 4.91 -4.48 3.68 4.99 -4.74 3.94 5.11
3 16 -4.42 3.85 4.91 -4.74 3.94 5.11 -4.71 4.03 5.06
4 16 -4.59 2.89 4.93 -4.74 3.17 5.08 -4.49 3.03 4.95 -4.36 2.74 4.8
3 16 -4.36 2.74 4.8 -4.49 3.03 4.95 -4.25 2.87 4.81
3 16 -4.36 2.74 4.8 -4.25 2.87 4.81 -4.13 2.58 4.67
3 16 -4.7 2.77 4.9 -4.59 2.89 4.93 -4.47 2.63 4.78
3 16 -4.47 2.63 4.78 -4.59 2.89 4.93 -4.36 2.74 4.8
3 16 -4.47 2.63 4.78 -4.36 2.74 4.8 -4.24 2.47 4.66
3 16 -4.24 2.47 4.66 -4.36 2.74 4.8 -4.13 2.58 4.67
3 16 -4.24 2.47 4.66 -4.13 2.58 4.67 -4.04 2.31 4.54
3 16 -5.31 3.4 5.35 -5.01 3.3 5.22 -5.35 3.32 5.33
4 16 -5.35 3.32 5.33 -5.01 3.3 5.22 -4.84 3.02 5.06 -5.11 3.15 5.19
3 16 -5.35 3.32 5.33 -5.11 3.15 5.19 -5.39 3.25 5.31
3 16 -4.8 2.66 4.85 -4.7 2.77 4.9 -4.57 2.52 4.74
3 16 -4.57 2.52 4.74 -4.7 2.77 4.9 -4.47 2.63 4.78
3 16 -4.57 2.52 4.74 -4.47 2.63 4.78 -4.35 2.38 4.63
3 16 -4.35 2.38 4.63 -4.47 2.63 4.78 -4.24 2.47 4.66
3 16 -4.35 2.38 4.63 -4.24 2.47 4.66 -4.15 2.22 4.52
3 16 -4.15 2.22 4.52 -4.24 2.47 4.66 -4.04 2.31 4.54
3 16 -4.15 2.22 4.52 -4.04 2.31 4.54 -3.95 2.05 4.41
4 16 -4.77 3.84 5.15 -4.48 3.68 4.99 -4.56 3.5 5.05 -4.84 3.65 5.2
4 16 -4.84 3.65 5.2 -4.56 3.5 5.05 -4.65 3.33 5.08 -4.92 3.47 5.22
4 16 -4.92 3.47 5.22 -4.65 3.33 5.08 -4.49 3.03 4.95 -4.74 3.17 5.08
4 16 -4.92 3.47 5.22 -4.74 3.17 5.08 -5.01 3.3 5.22 -5.26 3.51 5.36
4 16 -5.01 3.3 5.22 -4.74 3.17 5.08 -4.59 2.89 4.93 -4.84 3.02 5.06
3 16 -5.11 3.15 5.19 -4.84 3.02 5.06 -4.95 2.89 5.02
3 16 -5.11 3.15 5.19 -4.95 2.89 5.02 -5.21 3.01 5.14
3 16 -5.21 3.01 5.14 -4.95 2.89 5.02 -5.05 2.78 4.96
3 16 -5.21 3.01 5.14 -5.05 2.78 4.96 -5.3 2.89 5.08
3 16 -5.5 3.09 5.24 -5.21 3.01 5.14 -5.57 2.99 5.18
3 16 -5.57 2.99 5.18 -5.21 3.01 5.14 -5.3 2.89 5.08
3 16 -5.57 2.99 5.18 -5.3 2.89 5.08 -5.6 2.95 5.15
3 16 -5.5 3.09 5.24 -5.48 3.11 5.26 -5.21 3.01 5.14
4 16 -5.21 3.01 5.14 -5.48 3.11 5.26 -5.56 3.19 5.32 -5.45 3.16 5.28
4 16 -5.21 3.01 5.14 -5.45 3.16 5.28 -5.39 3.25 5.31 -5.11 3.15 5.19
3 16 -5.11 3.15 5.19 -5.39 3.25 5.31 -5.39 3.25 5.31
3 16 -5.08 2.66 4.87 -4.8 2.66 4.85 -4.67 2.44 4.69
3 16 -4.67 2.44 4.69 -4.8 2.66 4.85 -4.57 2.52 4.74
3 16 -4.67 2.44 4.69 -4.57 2.52 4.74 -4.56 2.37 4.63
3 16 -4.56 2.37 4.63 -4.57 2.52 4.74 -4.35 2.38 4.63
3 16 -4.56 2.37 4.63 -4.35 2.38 4.63 -4.2 2.1 4.45
3 16 -4.2 2.1 4.45 -4.35 2.38 4.63 -4.15 2.22 4.52
3 16 -4.2 2.1 4.45 -4.15 2.22 4.52 -4.07 1.99 4.39
3 16 -4.07 1.99 4.39 -4.15 2.22 4.52 -3.95 2.05 4.41
3 16 -4.07 1.99 4.39 -3.95 2.05 4.41 -4.06 1.98 4.38
3 16 -4.06 1.98 4.38 -3.95 2.05 4.41 -3.88 1.8 4.29
3 16 -5.31 3.4 5.35 -5.3 3.43 5.36 -5.01 3.3 5.22
3 16 -5.01 3.3 5.22 -5.3 3.43 5.36 -5.26 3.51 5.36
3 16 -4.92 3.47 5.22 -5.26 3.51 5.36 -5.21 3.6 5.37
3 16 -4.92 3.47 5.22 -5.21 3.6 5.37 -5.19 3.66 5.36
4 16 -2.9 3.11 3.1 -2.87 3.07 3.22 -3.1 3.37 3.33 -3.06 3.32 3.17
3 16 -3.06 3.32 3.17 -3.1 3.37 3.33 -3.13 3.41 3.21
3 16 -3.13 3.41 3.21 -3.1 3.37 3.33 -3.39 3.69 3.32
3 16 -3.39 3.69 3.32 -3.1 3.37 3.33 -3.35 3.65 3.45
3 16 -3.39 3.69 3.32 -3.35 3.65 3.45 -3.39 3.69 3.32
5 24 -3.39 3.69 3.32 -3.39 3.69 3.32 -3.35 3.65 3.45 -3.5 3.74 2.4
4 16 -3.39 3.69 3.32 -3.35 3.65 3.45 -3.61 3.92 3.56 -3.55 3.85 3.39
3 16 -3.55 3.85 3.39 -3.61 3.92 3.56 -3.66 3.95 3.44
4 16 -4.09 4.3 3.61 -4.02 4.25 3.58 -3.9 4.16 3.69 -4.2 4.39 3.81
3 16 -3.9 4.16 3.69 -4.02 4.25 3.58 -3.95 4.19 3.56
3 16 -3.9 4.16 3.69 -3.95 4.19 3.56 -3.61 3.92 3.56
3 16 -3.61 3.92 3.56 -3.95 4.19 3.56 -3.7 3.98 3.45
3 16 -3.61 3.92 3.56 -3.7 3.98 3.45 -3.66 3.95 3.44
3 16 -3.81 4 4.03 -4.09 4.24 4.17 -3.96 4.16 4.03
3 16 -3.96 4.16 4.03 -4.09 4.24 4.17 -4.11 4.28 4.09
3 16 -3.96 4.16 4.03 -4.11 4.28 4.09 -4.15 4.34 3.95
3 16 -4.35 4.49 3.87 -4.15 4.34 3.95 -4.3 4.45 4.01
3 16 -4.3 4.45 4.01 -4.15 4.34 3.95 -4.11 4.28 4.09
3 16 -4.3 4.45 4.01 -4.11 4.28 4.09 -4.26 4.39 4.16
3 16 -4.26 4.39 4.16 -4.11 4.28 4.09 -4.09 4.24 4.17
3 16 -4.26 4.39 4.16 -4.09 4.24 4.17 -4.4 4.45 4.3
3 16 -4.84 4.78 4.04 -4.79 4.74 4.19 -5.01 4.86 4.09
3 16 -5.01 4.86 4.09 -4.79 4.74 4.19 -4.96 4.83 4.24
3 16 -4.9 4.8 3.9 -4.84 4.78 4.04 -5.01 4.85 3.93
3 16 -5.01 4.85 3.93 -4.84 4.78 4.04 -5.01 4.86 4.09
3 16 -5.01 4.85 3.93 -5.01 4.86 4.09 -5.08 4.88 3.95
3 16 -5.08 4.88 3.95 -5.01 4.86 4.09 -5.21 4.95 4.09
3 16 -5.08 4.88 3.95 -5.21 4.95 4.09 -5.25 4.95 4
3 16 -4.68 4.69 3.98 -4.51 4.59 3.92 -4.46 4.55 4.07
3 16 -4.68 4.69 3.98 -4.46 4.55 4.07 -4.62 4.65 4.13
3 16 -4.62 4.65 4.13 -4.46 4.55 4.07 -4.41 4.49 4.22
3 16 -4.62 4.65 4.13 -4.41 4.49 4.22 -4.57 4.59 4.28
3 16 -4.57 4.62 3.79 -4.35 4.49 3.87 -4.51 4.59 3.92
3 16 -4.51 4.59 3.92 -4.35 4.49 3.87 -4.3 4.45 4.01
3 16 -4.51 4.59 3.92 -4.3 4.45 4.01 -4.46 4.55 4.07
3 16 -4.46 4.55 4.07 -4.3 4.45 4.01 -4.26 4.39 4.16
3 16 -4.46 4.55 4.07 -4.26 4.39 4.16 -4.41 4.49 4.22
3 16 -4.41 4.49 4.22 -4.26 4.39 4.16 -4.4 4.45 4.3
3 16 -4.41 4.49 4.22 -4.4 4.45 4.3 -4.57 4.59 4.28
3 16 -4.57 4.59 4.28 -4.4 4.45 4.3 -4.71 4.65 4.42
3 16 -5.1 4.89 4.38 -5.11 4.9 4.36 -4.96 4.83 4.24
3 16 -5.08 4.86 4.46 -5.1 4.89 4.38 -4.9 4.78 4.4
3 16 -4.9 4.78 4.4 -5.1 4.89 4.38 -4.96 4.83 4.24
3 16 -4.9 4.78 4.4 -4.96 4.83 4.24 -4.74 4.69 4.34
3 16 -4.74 4.69 4.34 -4.96 4.83 4.24 -4.79 4.74 4.19
3 16 -5.11 4.9 4.36 -5.13 4.92 4.3 -4.96 4.83 4.24
4 16 -4.96 4.83 4.24 -5.13 4.92 4.3 -5.17 4.94 4.19 -5.01 4.86 4.09
3 16 -5.01 4.86 4.09 -5.17 4.94 4.19 -5.19 4.94 4.14
3 16 -5.01 4.86 4.09 -5.19 4.94 4.14 -5.21 4.95 4.09
3 16 -4.86 4.7 4.57 -4.71 4.65 4.42 -4.7 4.6 4.5
3 16 -4.7 4.6 4.5 -4.71 4.65 4.42 -4.4 4.45 4.3
3 16 -4.7 4.6 4.5 -4.4 4.45 4.3 -4.38 4.41 4.37
3 16 -4.38 4.41 4.37 -4.4 4.45 4.3 -4.09 4.24 4.17
3 16 -4.38 4.41 4.37 -4.09 4.24 4.17 -4.08 4.19 4.24
3 16 -4.08 4.19 4.24 -4.09 4.24 4.17 -3.81 4 4.03
3 16 -4.08 4.19 4.24 -3.81 4 4.03 -3.8 3.96 4.11
4 16 -3.8 3.96 4.11 -3.81 4 4.03 -3.55 3.8 3.83 -3.54 3.71 3.97
3 16 -5.01 4.71 4.74 -4.68 4.55 4.58 -4.67 4.49 4.66
3 16 -4.67 4.49 4.66 -4.68 4.55 4.58 -4.37 4.35 4.45
3 16 -4.67 4.49 4.66 -4.37 4.35 4.45 -4.36 4.3 4.53
3 16 -4.36 4.3 4.53 -4.37 4.35 4.45 -4.07 4.14 4.31
3 16 -4.36 4.3 4.53 -4.07 4.14 4.31 -4.07 4.08 4.39
3 16 -4.07 4.08 4.39 -4.07 4.14 4.31 -3.8 3.91 4.18
3 16 -4.07 4.08 4.39 -3.8 3.91 4.18 -3.8 3.86 4.25
4 16 -3.8 3.86 4.25 -3.8 3.91 4.18 -3.54 3.71 3.97 -3.54 3.62 4.11
4 16 -4.67 4.43 4.74 -5 4.61 4.88 -5 4.63 4.85 -4.67 4.49 4.66
4 16 -4.67 4.28 4.88 -5 4.46 5.03 -4.99 4.5 4.99 -4.67 4.36 4.81
4 16 -4.69 4.12 5.01 -5.01 4.27 5.16 -5 4.35 5.11 -4.68 4.2 4.95
3 16 -4.68 4.2 4.95 -5 4.43 5.05 -5 4.43 5.05
3 16 -3.85 3.6 4.5 -4.11 3.82 4.65 -4.09 3.89 4.59
3 16 -4.09 3.89 4.59 -4.11 3.82 4.65 -4.38 4.02 4.8
3 16 -4.09 3.89 4.59 -4.38 4.02 4.8 -4.37 4.09 4.74
3 16 -4.37 4.09 4.74 -4.38 4.02 4.8 -4.68 4.2 4.95
3 16 -4.37 4.09 4.74 -4.68 4.2 4.95 -4.67 4.28 4.88
3 16 -4.67 4.28 4.88 -4.68 4.2 4.95 -5 4.43 5.05
3 16 -4.67 4.28 4.88 -5 4.43 5.05 -5 4.46 5.03
3 16 -3.56 3.5 4.24 -3.81 3.74 4.38 -3.8 3.8 4.32
3 16 -3.8 3.8 4.32 -3.81 3.74 4.38 -4.08 3.96 4.53
3 16 -3.8 3.8 4.32 -4.08 3.96 4.53 -4.07 4.02 4.46
3 16 -4.07 4.02 4.46 -4.08 3.96 4.53 -4.36 4.17 4.67
3 16 -4.07 4.02 4.46 -4.36 4.17 4.67 -4.36 4.23 4.6
3 16 -4.36 4.23 4.6 -4.36 4.17 4.67 -4.67 4.36 4.81
3 16 -4.36 4.23 4.6 -4.67 4.36 4.81 -4.67 4.43 4.74
4 16 -4.67 4.43 4.74 -4.67 4.36 4.81 -4.99 4.5 4.99 -5 4.59 4.9
3 16 -4.67 4.43 4.74 -5 4.59 4.9 -5 4.61 4.88
3 16 -4.7 4.6 4.5 -5.02 4.74 4.69 -4.86 4.7 4.57
3 16 -4.86 4.7 4.57 -5.02 4.74 4.69 -5.04 4.78 4.63
3 16 -4.86 4.7 4.57 -5.04 4.78 4.63 -5.05 4.82 4.57
3 16 -5.05 4.82 4.57 -5.06 4.83 4.53 -4.86 4.7 4.57
4 16 -4.86 4.7 4.57 -5.06 4.83 4.53 -4.9 4.78 4.4 -4.71 4.65 4.42
3 16 -4.71 4.65 4.42 -4.9 4.78 4.4 -4.74 4.69 4.34
3 16 -4.71 4.65 4.42 -4.74 4.69 4.34 -4.57 4.59 4.28
3 16 -4.57 4.59 4.28 -4.74 4.69 4.34 -4.79 4.74 4.19
3 16 -4.57 4.59 4.28 -4.79 4.74 4.19 -4.62 4.65 4.13
3 16 -4.62 4.65 4.13 -4.79 4.74 4.19 -4.84 4.78 4.04
3 16 -4.62 4.65 4.13 -4.84 4.78 4.04 -4.68 4.69 3.98
3 16 -4.68 4.69 3.98 -4.84 4.78 4.04 -4.9 4.8 3.9
3 16 -4.68 4.69 3.98 -4.9 4.8 3.9 -4.65 4.66 3.82
4 16 -3.38 1.82 4.21 -3.55 2.03 4.32 -3.27 1.9 4.19 -3.12 1.66 4.08
3 16 -3.27 1.9 4.19 -3.55 2.03 4.32 -3.43 2.12 4.3
4 16 -3.27 1.9 4.19 -3.43 2.12 4.3 -3.16 1.98 4.15 -3.01 1.74 4.04
3 16 -3.16 1.98 4.15 -3.43 2.12 4.3 -3.32 2.22 4.26
4 16 -3.16 1.98 4.15 -3.32 2.22 4.26 -3.22 2.32 4.21 -3.05 2.07 4.09
4 16 -3.05 2.07 4.09 -3.22 2.32 4.21 -3.13 2.42 4.14 -2.95 2.16 4.02
4 16 -2.95 2.16 4.02 -3.13 2.42 4.14 -3.04 2.52 4.05 -2.87 2.25 3.93
4 16 -2.87 2.25 3.93 -3.04 2.52 4.05 -2.97 2.62 3.96 -2.79 2.34 3.84
4 16 -2.97 2.62 3.96 -3.04 2.52 4.05 -3.23 2.78 4.18 -3.17 2.89 4.08
4 16 -3.17 2.89 4.08 -3.23 2.78 4.18 -3.44 3.02 4.32 -3.38 3.14 4.22
4 16 -3.38 3.14 4.22 -3.44 3.02 4.32 -3.66 3.24 4.46 -3.6 3.38 4.36
3 16 -3.6 3.38 4.36 -3.66 3.24 4.46 -3.9 3.46 4.61
3 16 -3.6 3.38 4.36 -3.9 3.46 4.61 -3.85 3.6 4.5
3 16 -3.85 3.6 4.5 -3.9 3.46 4.61 -4.15 3.66 4.76
3 16 -3.85 3.6 4.5 -4.15 3.66 4.76 -4.11 3.82 4.65
3 16 -4.11 3.82 4.65 -4.15 3.66 4.76 -4.4 3.93 4.86
3 16 -4.11 3.82 4.65 -4.4 3.93 4.86 -4.38 4.02 4.8
3 16 -4.38 4.02 4.8 -4.4 3.93 4.86 -4.69 4.12 5.01
3 16 -4.38 4.02 4.8 -4.69 4.12 5.01 -4.68 4.2 4.95
3 16 -4.68 4.2 4.95 -5 4.35 5.11 -5 4.43 5.05
3 16 -1.93 0.45 2.84 -1.96 0.87 2.75 -1.91 0.46 2.72
4 16 -1.91 0.46 2.72 -1.96 0.87 2.75 -1.95 0.85 2.63 -1.91 0.47 2.61
4 16 -1.93 0.05 2.93 -1.95 0.44 2.95 -1.93 0.45 2.84 -1.91 0.05 2.83
4 16 -1.91 0.05 2.83 -1.93 0.45 2.84 -1.91 0.46 2.72 -1.9 0.05 2.72
3 16 -1.9 0.05 2.72 -1.91 0.46 2.72 -1.91 0.47 2.61
3 16 -1.9 0.05 2.72 -1.91 0.47 2.61 -1.89 0.25 2.6
3 16 -2.1 1.49 2.7 -2.06 1.35 2.68 -2.04 1.27 2.79
3 16 -2.04 1.27 2.79 -2.06 1.35 2.68 -1.96 0.87 2.75
3 16 -2.04 1.27 2.79 -1.96 0.87 2.75 -1.97 0.86 2.86
3 16 -1.97 0.86 2.86 -1.96 0.87 2.75 -1.93 0.45 2.84
4 16 -1.97 0.86 2.86 -1.93 0.45 2.84 -1.95 0.44 2.95 -2 0.84 2.98
3 16 -1.95 0.44 2.95 -1.93 0.05 2.93 -1.94 0.05 2.94
3 16 -2.01 0.04 3.13 -1.99 0.43 3.07 -1.95 0.44 2.95
4 16 -1.95 0.44 2.95 -1.99 0.43 3.07 -2.03 0.81 3.1 -2 0.84 2.98
3 16 -1.97 0.86 2.86 -2 0.84 2.98 -2.05 1.25 2.91
3 16 -1.97 0.86 2.86 -2.05 1.25 2.91 -2.04 1.27 2.79
3 16 -2.04 1.27 2.79 -2.05 1.25 2.91 -2.16 1.66 2.85
3 16 -2.04 1.27 2.79 -2.16 1.66 2.85 -2.1 1.49 2.7
3 16 -2.34 2.14 2.82 -2.19 1.78 2.75 -2.16 1.66 2.85
3 16 -2.16 1.66 2.85 -2.19 1.78 2.75 -2.16 1.69 2.74
3 16 -2.16 1.66 2.85 -2.16 1.69 2.74 -2.1 1.49 2.7
3 16 -2.48 2.44 2.9 -2.34 2.14 2.82 -2.3 2.04 2.93
3 16 -2.3 2.04 2.93 -2.34 2.14 2.82 -2.16 1.66 2.85
3 16 -2.3 2.04 2.93 -2.16 1.66 2.85 -2.16 1.63 2.97
3 16 -2.16 1.63 2.97 -2.16 1.66 2.85 -2.05 1.25 2.91
3 16 -2.16 1.63 2.97 -2.05 1.25 2.91 -2.07 1.22 3.03
3 16 -2.07 1.22 3.03 -2.05 1.25 2.91 -2 0.84 2.98
3 16 -2.07 1.22 3.03 -2 0.84 2.98 -2.03 0.81 3.1
4 16 -2.03 0.81 3.1 -1.99 0.43 3.07 -2.04 0.42 3.18 -2.08 0.79 3.21
3 16 -2.04 0.42 3.18 -1.99 0.43 3.07 -2.03 0.04 3.17
3 16 -2.04 0.42 3.18 -2.03 0.04 3.17 -2.11 0.04 3.32
3 16 -2.58 2.61 2.94 -2.48 2.44 2.9 -2.47 2.4 3.01
3 16 -2.47 2.4 3.01 -2.48 2.44 2.9 -2.3 2.04 2.93
3 16 -2.47 2.4 3.01 -2.3 2.04 2.93 -2.3 2 3.05
3 16 -2.3 2 3.05 -2.3 2.04 2.93 -2.16 1.63 2.97
3 16 -2.3 2 3.05 -2.16 1.63 2.97 -2.18 1.6 3.09
3 16 -2.18 1.6 3.09 -2.16 1.63 2.97 -2.07 1.22 3.03
3 16 -2.18 1.6 3.09 -2.07 1.22 3.03 -2.11 1.19 3.14
3 16 -2.11 1.19 3.14 -2.07 1.22 3.03 -2.03 0.81 3.1
4 16 -2.11 1.19 3.14 -2.03 0.81 3.1 -2.08 0.79 3.21 -2.15 1.16 3.26
4 16 -2.08 0.79 3.21 -2.04 0.42 3.18 -2.1 0.41 3.29 -2.15 0.77 3.32
3 16 -2.1 0.41 3.29 -2.04 0.42 3.18 -2.11 0.04 3.32
3 16 -2.1 0.41 3.29 -2.11 0.04 3.32 -2.17 0.04 3.39
3 16 -2.66 2.76 2.99 -2.58 2.61 2.94 -2.66 2.74 3.11
3 16 -2.66 2.74 3.11 -2.58 2.61 2.94 -2.47 2.4 3.01
3 16 -2.66 2.74 3.11 -2.47 2.4 3.01 -2.46 2.36 3.13
3 16 -2.46 2.36 3.13 -2.47 2.4 3.01 -2.3 2 3.05
3 16 -2.46 2.36 3.13 -2.3 2 3.05 -2.31 1.96 3.17
3 16 -2.31 1.96 3.17 -2.3 2 3.05 -2.18 1.6 3.09
3 16 -2.31 1.96 3.17 -2.18 1.6 3.09 -2.21 1.56 3.21
3 16 -2.21 1.56 3.21 -2.18 1.6 3.09 -2.11 1.19 3.14
3 16 -2.21 1.56 3.21 -2.11 1.19 3.14 -2.15 1.16 3.26
4 16 -2.15 1.16 3.26 -2.08 0.79 3.21 -2.15 0.77 3.32 -2.21 1.12 3.37
4 16 -2.15 0.77 3.32 -2.1 0.41 3.29 -2.18 0.39 3.4 -2.22 0.74 3.43
3 16 -2.18 0.39 3.4 -2.1 0.41 3.29 -2.17 0.04 3.39
4 16 -2.18 0.39 3.4 -2.17 0.04 3.39 -2.25 0.04 3.48 -2.26 0.38 3.49
3 16 -2.41 0.04 3.62 -2.46 0.35 3.66 -2.36 0.37 3.58
3 16 -2.41 0.04 3.62 -2.36 0.37 3.58 -2.25 0.04 3.48
3 16 -2.25 0.04 3.48 -2.36 0.37 3.58 -2.26 0.38 3.49
4 16 -2.18 0.39 3.4 -2.26 0.38 3.49 -2.3 0.71 3.53 -2.22 0.74 3.43
4 16 -2.15 0.77 3.32 -2.22 0.74 3.43 -2.29 1.08 3.48 -2.21 1.12 3.37
4 16 -2.15 1.16 3.26 -2.21 1.12 3.37 -2.31 1.47 3.44 -2.25 1.51 3.33
3 16 -2.15 1.16 3.26 -2.25 1.51 3.33 -2.21 1.56 3.21
3 16 -2.21 1.56 3.21 -2.25 1.51 3.33 -2.34 1.91 3.29
3 16 -2.21 1.56 3.21 -2.34 1.91 3.29 -2.31 1.96 3.17
3 16 -2.31 1.96 3.17 -2.34 1.91 3.29 -2.47 2.31 3.26
3 16 -2.31 1.96 3.17 -2.47 2.31 3.26 -2.46 2.36 3.13
3 16 -2.46 2.36 3.13 -2.47 2.31 3.26 -2.64 2.7 3.23
3 16 -2.46 2.36 3.13 -2.64 2.7 3.23 -2.66 2.74 3.11
3 16 -2.66 2.74 3.11 -2.64 2.7 3.23 -2.87 3.07 3.22
3 16 -2.82 3 3.06 -2.87 3.07 3.22 -2.9 3.11 3.1
4 16 -3.03 0.29 3.86 -3.07 0.54 3.89 -2.95 0.56 3.87 -2.91 0.3 3.85
4 16 -2.91 0.3 3.85 -2.95 0.56 3.87 -2.84 0.58 3.85 -2.8 0.31 3.82
4 16 -2.8 0.31 3.82 -2.84 0.58 3.85 -2.72 0.61 3.81 -2.68 0.33 3.78
4 16 -2.68 0.33 3.78 -2.72 0.61 3.81 -2.61 0.63 3.75 -2.57 0.34 3.72
4 16 -2.57 0.34 3.72 -2.61 0.63 3.75 -2.5 0.66 3.69 -2.46 0.35 3.66
4 16 -2.46 0.35 3.66 -2.5 0.66 3.69 -2.4 0.69 3.61 -2.36 0.37 3.58
4 16 -2.36 0.37 3.58 -2.4 0.69 3.61 -2.3 0.71 3.53 -2.26 0.38 3.49
4 16 -2.22 0.74 3.43 -2.3 0.71 3.53 -2.37 1.04 3.57 -2.29 1.08 3.48
4 16 -2.21 1.12 3.37 -2.29 1.08 3.48 -2.38 1.42 3.54 -2.31 1.47 3.44
3 16 -2.25 1.51 3.33 -2.31 1.47 3.44 -2.38 1.86 3.41
3 16 -2.25 1.51 3.33 -2.38 1.86 3.41 -2.34 1.91 3.29
3 16 -2.34 1.91 3.29 -2.38 1.86 3.41 -2.49 2.25 3.38
3 16 -2.34 1.91 3.29 -2.49 2.25 3.38 -2.47 2.31 3.26
3 16 -2.47 2.31 3.26 -2.49 2.25 3.38 -2.65 2.64 3.36
3 16 -2.47 2.31 3.26 -2.65 2.64 3.36 -2.64 2.7 3.23
3 16 -2.64 2.7 3.23 -2.65 2.64 3.36 -2.85 3.02 3.34
3 16 -2.64 2.7 3.23 -2.85 3.02 3.34 -2.87 3.07 3.22
3 16 -2.87 3.07 3.22 -2.85 3.02 3.34 -3.08 3.32 3.46
3 16 -2.87 3.07 3.22 -3.08 3.32 3.46 -3.1 3.37 3.33
3 16 -3.1 3.37 3.33 -3.08 3.32 3.46 -3.32 3.6 3.57
3 16 -3.1 3.37 3.33 -3.32 3.6 3.57 -3.35 3.65 3.45
3 16 -3.35 3.65 3.45 -3.32 3.6 3.57 -3.58 3.86 3.7
3 16 -3.35 3.65 3.45 -3.58 3.86 3.7 -3.61 3.92 3.56
3 16 -3.61 3.92 3.56 -3.58 3.86 3.7 -3.85 4.11 3.82
3 16 -3.61 3.92 3.56 -3.85 4.11 3.82 -3.9 4.16 3.69
3 16 -3.13 0.78 3.93 -3.22 1.02 3.98 -3.02 0.82 3.92
3 16 -3.02 0.82 3.92 -3.22 1.02 3.98 -3.11 1.06 3.97
4 16 -3.02 0.82 3.92 -3.11 1.06 3.97 -2.99 1.11 3.95 -2.9 0.85 3.89
4 16 -2.9 0.85 3.89 -2.99 1.11 3.95 -2.87 1.16 3.92 -2.79 0.89 3.85
4 16 -2.79 0.89 3.85 -2.87 1.16 3.92 -2.76 1.21 3.87 -2.67 0.92 3.8
4 16 -2.67 0.92 3.8 -2.76 1.21 3.87 -2.65 1.26 3.8 -2.56 0.96 3.74
4 16 -2.56 0.96 3.74 -2.65 1.26 3.8 -2.55 1.31 3.73 -2.46 1 3.66
4 16 -2.46 1 3.66 -2.55 1.31 3.73 -2.46 1.36 3.64 -2.37 1.04 3.57
4 16 -2.37 1.04 3.57 -2.46 1.36 3.64 -2.38 1.42 3.54 -2.29 1.08 3.48
4 16 -2.38 1.42 3.54 -2.46 1.36 3.64 -2.58 1.67 3.73 -2.5 1.74 3.63
4 16 -2.38 1.42 3.54 -2.5 1.74 3.63 -2.43 1.8 3.52 -2.31 1.47 3.44
4 16 -2.43 1.8 3.52 -2.5 1.74 3.63 -2.63 2.05 3.73 -2.57 2.12 3.62
3 16 -2.43 1.8 3.52 -2.57 2.12 3.62 -2.52 2.19 3.5
3 16 -2.52 2.19 3.5 -2.57 2.12 3.62 -2.69 2.5 3.61
3 16 -2.52 2.19 3.5 -2.69 2.5 3.61 -2.66 2.58 3.48
3 16 -2.66 2.58 3.48 -2.69 2.5 3.61 -2.85 2.89 3.6
3 16 -2.66 2.58 3.48 -2.85 2.89 3.6 -2.85 2.96 3.47
3 16 -2.85 2.96 3.47 -2.85 2.89 3.6 -3.06 3.18 3.72
3 16 -2.85 2.96 3.47 -3.06 3.18 3.72 -3.06 3.25 3.59
3 16 -3.06 3.25 3.59 -3.06 3.18 3.72 -3.29 3.45 3.84
3 16 -3.06 3.25 3.59 -3.29 3.45 3.84 -3.3 3.53 3.71
3 16 -3.3 3.53 3.71 -3.29 3.45 3.84 -3.54 3.71 3.97
3 16 -3.3 3.53 3.71 -3.54 3.71 3.97 -3.55 3.8 3.83
3 16 -3.55 3.8 3.83 -3.81 4 4.03 -3.82 4.05 3.96
3 16 -3.82 4.05 3.96 -3.81 4 4.03 -3.96 4.16 4.03
3 16 -3.82 4.05 3.96 -3.96 4.16 4.03 -4 4.23 3.88
3 16 -4 4.23 3.88 -3.96 4.16 4.03 -4.15 4.34 3.95
4 16 -4 4.23 3.88 -4.15 4.34 3.95 -4.2 4.39 3.81 -3.9 4.16 3.69
3 16 -4.2 4.39 3.81 -4.15 4.34 3.95 -4.35 4.49 3.87
3 16 -4.2 4.39 3.81 -4.35 4.49 3.87 -4.35 4.48 3.71
3 16 -4.35 4.48 3.71 -4.35 4.49 3.87 -4.57 4.62 3.79
3 16 -3.33 1.25 4.05 -3.46 1.47 4.13 -3.22 1.3 4.04
3 16 -3.22 1.3 4.04 -3.46 1.47 4.13 -3.35 1.53 4.13
3 16 -3.22 1.3 4.04 -3.35 1.53 4.13 -3.1 1.36 4.03
3 16 -3.1 1.36 4.03 -3.35 1.53 4.13 -3.23 1.59 4.11
3 16 -3.1 1.36 4.03 -3.23 1.59 4.11 -2.99 1.41 3.99
3 16 -2.99 1.41 3.99 -3.23 1.59 4.11 -3.12 1.66 4.08
3 16 -2.99 1.41 3.99 -3.12 1.66 4.08 -2.87 1.48 3.95
4 16 -2.87 1.48 3.95 -3.12 1.66 4.08 -3.27 1.9 4.19 -3.01 1.74 4.04
4 16 -2.87 1.48 3.95 -3.01 1.74 4.04 -2.9 1.81 3.98 -2.77 1.54 3.89
4 16 -2.77 1.54 3.89 -2.9 1.81 3.98 -2.8 1.89 3.91 -2.67 1.61 3.81
4 16 -2.67 1.61 3.81 -2.8 1.89 3.91 -2.71 1.97 3.82 -2.58 1.67 3.73
4 16 -2.58 1.67 3.73 -2.71 1.97 3.82 -2.63 2.05 3.73 -2.5 1.74 3.63
4 16 -2.63 2.05 3.73 -2.71 1.97 3.82 -2.87 2.25 3.93 -2.79 2.34 3.84
4 16 -2.63 2.05 3.73 -2.79 2.34 3.84 -2.73 2.43 3.73 -2.57 2.12 3.62
3 16 -2.73 2.43 3.73 -2.79 2.34 3.84 -2.92 2.72 3.84
3 16 -2.73 2.43 3.73 -2.92 2.72 3.84 -2.88 2.81 3.72
3 16 -2.88 2.81 3.72 -2.92 2.72 3.84 -3.12 2.99 3.97
3 16 -2.88 2.81 3.72 -3.12 2.99 3.97 -3.08 3.09 3.85
3 16 -3.08 3.09 3.85 -3.12 2.99 3.97 -3.33 3.26 4.1
3 16 -3.08 3.09 3.85 -3.33 3.26 4.1 -3.3 3.36 3.98
3 16 -3.3 3.36 3.98 -3.33 3.26 4.1 -3.56 3.5 4.24
3 16 -3.3 3.36 3.98 -3.56 3.5 4.24 -3.54 3.62 4.11
3 16 -3.54 3.62 4.11 -3.56 3.5 4.24 -3.8 3.8 4.32
3 16 -3.54 3.62 4.11 -3.8 3.8 4.32 -3.8 3.86 4.25
3 16 -3.8 3.86 4.25 -3.8 3.8 4.32 -4.07 4.02 4.46
3 16 -3.8 3.86 4.25 -4.07 4.02 4.46 -4.07 4.08 4.39
3 16 -4.07 4.08 4.39 -4.07 4.02 4.46 -4.36 4.23 4.6
3 16 -4.07 4.08 4.39 -4.36 4.23 4.6 -4.36 4.3 4.53
3 16 -4.36 4.3 4.53 -4.36 4.23 4.6 -4.67 4.43 4.74
3 16 -4.36 4.3 4.53 -4.67 4.43 4.74 -4.67 4.49 4.66
3 16 -4.67 4.49 4.66 -5 4.63 4.85 -5.01 4.71 4.74
3 16 -3.22 1.02 3.98 -3.33 1.25 4.05 -3.11 1.06 3.97
3 16 -3.11 1.06 3.97 -3.33 1.25 4.05 -3.22 1.3 4.04
3 16 -3.11 1.06 3.97 -3.22 1.3 4.04 -2.99 1.11 3.95
3 16 -2.99 1.11 3.95 -3.22 1.3 4.04 -3.1 1.36 4.03
4 16 -2.99 1.11 3.95 -3.1 1.36 4.03 -2.99 1.41 3.99 -2.87 1.16 3.92
4 16 -2.87 1.16 3.92 -2.99 1.41 3.99 -2.87 1.48 3.95 -2.76 1.21 3.87
4 16 -2.76 1.21 3.87 -2.87 1.48 3.95 -2.77 1.54 3.89 -2.65 1.26 3.8
4 16 -2.65 1.26 3.8 -2.77 1.54 3.89 -2.67 1.61 3.81 -2.55 1.31 3.73
4 16 -2.55 1.31 3.73 -2.67 1.61 3.81 -2.58 1.67 3.73 -2.46 1.36 3.64
3 16 -2.57 2.12 3.62 -2.73 2.43 3.73 -2.69 2.5 3.61
3 16 -2.69 2.5 3.61 -2.73 2.43 3.73 -2.88 2.81 3.72
3 16 -2.69 2.5 3.61 -2.88 2.81 3.72 -2.85 2.89 3.6
3 16 -2.85 2.89 3.6 -2.88 2.81 3.72 -3.08 3.09 3.85
3 16 -2.85 2.89 3.6 -3.08 3.09 3.85 -3.06 3.18 3.72
3 16 -3.06 3.18 3.72 -3.08 3.09 3.85 -3.3 3.36 3.98
3 16 -3.06 3.18 3.72 -3.3 3.36 3.98 -3.29 3.45 3.84
3 16 -3.29 3.45 3.84 -3.3 3.36 3.98 -3.54 3.62 4.11
3 16 -3.29 3.45 3.84 -3.54 3.62 4.11 -3.54 3.71 3.97
3 16 -3.54 3.71 3.97 -3.8 3.91 4.18 -3.8 3.96 4.11
3 16 -3.8 3.96 4.11 -3.8 3.91 4.18 -4.07 4.14 4.31
3 16 -3.8 3.96 4.11 -4.07 4.14 4.31 -4.08 4.19 4.24
3 16 -4.08 4.19 4.24 -4.07 4.14 4.31 -4.37 4.35 4.45
3 16 -4.08 4.19 4.24 -4.37 4.35 4.45 -4.38 4.41 4.37
3 16 -4.38 4.41 4.37 -4.37 4.35 4.45 -4.68 4.55 4.58
3 16 -4.38 4.41 4.37 -4.68 4.55 4.58 -4.7 4.6 4.5
4 16 -4.7 4.6 4.5 -4.68 4.55 4.58 -5.01 4.71 4.74 -5.02 4.74 4.69
4 16 -3.07 0.54 3.89 -3.13 0.78 3.93 -3.02 0.82 3.92 -2.95 0.56 3.87
4 16 -2.95 0.56 3.87 -3.02 0.82 3.92 -2.9 0.85 3.89 -2.84 0.58 3.85
4 16 -2.84 0.58 3.85 -2.9 0.85 3.89 -2.79 0.89 3.85 -2.72 0.61 3.81
4 16 -2.72 0.61 3.81 -2.79 0.89 3.85 -2.67 0.92 3.8 -2.61 0.63 3.75
4 16 -2.61 0.63 3.75 -2.67 0.92 3.8 -2.56 0.96 3.74 -2.5 0.66 3.69
4 16 -2.5 0.66 3.69 -2.56 0.96 3.74 -2.46 1 3.66 -2.4 0.69 3.61
4 16 -2.4 0.69 3.61 -2.46 1 3.66 -2.37 1.04 3.57 -2.3 0.71 3.53
3 16 -2.31 1.47 3.44 -2.43 1.8 3.52 -2.38 1.86 3.41
3 16 -2.38 1.86 3.41 -2.43 1.8 3.52 -2.52 2.19 3.5
3 16 -2.38 1.86 3.41 -2.52 2.19 3.5 -2.49 2.25 3.38
3 16 -2.49 2.25 3.38 -2.52 2.19 3.5 -2.66 2.58 3.48
3 16 -2.49 2.25 3.38 -2.66 2.58 3.48 -2.65 2.64 3.36
3 16 -2.65 2.64 3.36 -2.66 2.58 3.48 -2.85 2.96 3.47
3 16 -2.65 2.64 3.36 -2.85 2.96 3.47 -2.85 3.02 3.34
3 16 -2.85 3.02 3.34 -2.85 2.96 3.47 -3.06 3.25 3.59
3 16 -2.85 3.02 3.34 -3.06 3.25 3.59 -3.08 3.32 3.46
3 16 -3.08 3.32 3.46 -3.06 3.25 3.59 -3.3 3.53 3.71
3 16 -3.08 3.32 3.46 -3.3 3.53 3.71 -3.32 3.6 3.57
3 16 -3.32 3.6 3.57 -3.3 3.53 3.71 -3.55 3.8 3.83
3 16 -3.32 3.6 3.57 -3.55 3.8 3.83 -3.58 3.86 3.7
3 16 -3.58 3.86 3.7 -3.55 3.8 3.83 -3.82 4.05 3.96
3 16 -3.58 3.86 3.7 -3.82 4.05 3.96 -3.85 4.11 3.82
3 16 -3.85 4.11 3.82 -3.82 4.05 3.96 -4 4.23 3.88
3 16 -3.85 4.11 3.82 -4 4.23 3.88 -3.9 4.16 3.69
3 16 -4.09 4.3 3.61 -4.2 4.39 3.81 -4.25 4.42 3.68
3 16 -5.39 2.8 5 -5.65 2.89 5.1 -5.61 2.94 5.14
3 16 -5.61 2.94 5.14 -5.6 2.95 5.15 -5.39 2.8 5
3 16 -5.39 2.8 5 -5.6 2.95 5.15 -5.3 2.89 5.08
3 16 -5.39 2.8 5 -5.3 2.89 5.08 -5.08 2.66 4.87
3 16 -5.08 2.66 4.87 -5.3 2.89 5.08 -5.05 2.78 4.96
3 16 -5.08 2.66 4.87 -5.05 2.78 4.96 -4.8 2.66 4.85
3 16 -4.8 2.66 4.85 -5.05 2.78 4.96 -4.95 2.89 5.02
3 16 -4.8 2.66 4.85 -4.95 2.89 5.02 -4.7 2.77 4.9
3 16 -4.7 2.77 4.9 -4.95 2.89 5.02 -4.84 3.02 5.06
3 16 -4.7 2.77 4.9 -4.84 3.02 5.06 -4.59 2.89 4.93
3 16 -4.39 3.18 4.94 -4.65 3.33 5.08 -4.56 3.5 5.05
3 16 -3.71 1.6 4.19 -3.72 1.61 4.2 -3.61 1.67 4.21
3 16 -3.61 1.67 4.21 -3.72 1.61 4.2 -3.88 1.8 4.29
3 16 -3.61 1.67 4.21 -3.88 1.8 4.29 -3.77 1.87 4.31
3 16 -3.77 1.87 4.31 -3.88 1.8 4.29 -3.95 2.05 4.41
3 16 -3.77 1.87 4.31 -3.95 2.05 4.41 -3.84 2.13 4.43
3 16 -3.84 2.13 4.43 -3.95 2.05 4.41 -4.04 2.31 4.54
3 16 -3.84 2.13 4.43 -4.04 2.31 4.54 -3.92 2.41 4.55
3 16 -3.92 2.41 4.55 -4.04 2.31 4.54 -4.13 2.58 4.67
3 16 -3.92 2.41 4.55 -4.13 2.58 4.67 -4.02 2.7 4.67
3 16 -4.02 2.7 4.67 -4.13 2.58 4.67 -4.25 2.87 4.81
4 16 -4.02 2.7 4.67 -4.25 2.87 4.81 -4.39 3.18 4.94 -4.15 3.01 4.79
4 16 -4.15 3.01 4.79 -4.39 3.18 4.94 -4.56 3.5 5.05 -4.3 3.34 4.9
3 16 -4.48 3.68 4.99 -4.77 3.84 5.15 -4.74 3.94 5.11
3 16 -5.1 3.9 5.32 -5.08 3.99 5.29 -4.77 3.84 5.15
3 16 -4.77 3.84 5.15 -5.08 3.99 5.29 -5.07 4.02 5.29
4 16 -4.77 3.84 5.15 -5.07 4.02 5.29 -5.05 4.09 5.26 -4.74 3.94 5.11
4 16 -4.74 3.94 5.11 -5.05 4.09 5.26 -5.03 4.19 5.21 -4.71 4.03 5.06
4 16 -4.71 4.03 5.06 -5.03 4.19 5.21 -5.02 4.26 5.17 -4.69 4.12 5.01
3 16 -3.38 1.82 4.21 -3.66 1.94 4.32 -3.55 2.03 4.32
3 16 -3.55 2.03 4.32 -3.66 1.94 4.32 -3.73 2.23 4.43
3 16 -3.55 2.03 4.32 -3.73 2.23 4.43 -3.62 2.33 4.42
3 16 -3.62 2.33 4.42 -3.73 2.23 4.43 -3.81 2.52 4.54
4 16 -3.62 2.33 4.42 -3.81 2.52 4.54 -3.92 2.83 4.65 -3.71 2.64 4.52
4 16 -3.71 2.64 4.52 -3.92 2.83 4.65 -4.05 3.16 4.75 -3.82 2.97 4.61
3 16 -4.15 3.66 4.76 -4.42 3.85 4.91 -4.4 3.93 4.86
3 16 -4.4 3.93 4.86 -4.42 3.85 4.91 -4.71 4.03 5.06
3 16 -4.4 3.93 4.86 -4.71 4.03 5.06 -4.69 4.12 5.01
3 16 -4.69 4.12 5.01 -5.02 4.26 5.17 -5.01 4.27 5.16
4 16 -3.03 0.29 3.86 -3.14 0.25 3.87 -3.19 0.57 3.9 -3.07 0.54 3.89
4 16 -3.07 0.54 3.89 -3.19 0.57 3.9 -3.25 0.78 3.93 -3.13 0.78 3.93
3 16 -3.13 0.78 3.93 -3.25 0.78 3.93 -3.29 0.89 3.96
3 16 -3.13 0.78 3.93 -3.29 0.89 3.96 -3.22 1.02 3.98
3 16 -3.22 1.02 3.98 -3.29 0.89 3.96 -3.46 1.24 4.05
3 16 -3.22 1.02 3.98 -3.46 1.24 4.05 -3.33 1.25 4.05
4 16 -3.33 1.25 4.05 -3.46 1.24 4.05 -3.61 1.46 4.14 -3.46 1.47 4.13
3 16 -3.46 1.47 4.13 -3.61 1.46 4.14 -3.61 1.67 4.21
3 16 -3.46 1.47 4.13 -3.61 1.67 4.21 -3.35 1.53 4.13
3 16 -3.35 1.53 4.13 -3.61 1.67 4.21 -3.5 1.74 4.22
3 16 -3.35 1.53 4.13 -3.5 1.74 4.22 -3.23 1.59 4.11
3 16 -3.23 1.59 4.11 -3.5 1.74 4.22 -3.38 1.82 4.21
3 16 -3.23 1.59 4.11 -3.38 1.82 4.21 -3.12 1.66 4.08
4 16 -3.01 1.74 4.04 -3.16 1.98 4.15 -3.05 2.07 4.09 -2.9 1.81 3.98
4 16 -2.9 1.81 3.98 -3.05 2.07 4.09 -2.95 2.16 4.02 -2.8 1.89 3.91
4 16 -2.8 1.89 3.91 -2.95 2.16 4.02 -2.87 2.25 3.93 -2.71 1.97 3.82
3 16 -2.79 2.34 3.84 -2.97 2.62 3.96 -2.92 2.72 3.84
3 16 -2.92 2.72 3.84 -2.97 2.62 3.96 -3.17 2.89 4.08
3 16 -2.92 2.72 3.84 -3.17 2.89 4.08 -3.12 2.99 3.97
3 16 -3.12 2.99 3.97 -3.17 2.89 4.08 -3.38 3.14 4.22
3 16 -3.12 2.99 3.97 -3.38 3.14 4.22 -3.33 3.26 4.1
3 16 -3.33 3.26 4.1 -3.38 3.14 4.22 -3.6 3.38 4.36
3 16 -3.33 3.26 4.1 -3.6 3.38 4.36 -3.56 3.5 4.24
3 16 -3.56 3.5 4.24 -3.6 3.38 4.36 -3.85 3.6 4.5
3 16 -3.56 3.5 4.24 -3.85 3.6 4.5 -3.81 3.74 4.38
3 16 -3.81 3.74 4.38 -3.85 3.6 4.5 -4.09 3.89 4.59
3 16 -3.81 3.74 4.38 -4.09 3.89 4.59 -4.08 3.96 4.53
3 16 -4.08 3.96 4.53 -4.09 3.89 4.59 -4.37 4.09 4.74
3 16 -4.08 3.96 4.53 -4.37 4.09 4.74 -4.36 4.17 4.67
3 16 -4.36 4.17 4.67 -4.37 4.09 4.74 -4.67 4.28 4.88
3 16 -4.36 4.17 4.67 -4.67 4.28 4.88 -4.67 4.36 4.81
3 16 -1.89 0.01 0.82 -1.89 -0.11 2.6 -1.91 0.45 1.28
3 16 -1.91 0.45 1.28 -1.89 -0.11 2.6 -1.89 0.05 2.6
3 16 -5.01 4.85 -3.93 -5.25 4.95 -4 -5.22 4.95 -4.07
4 16 -2.36 0.37 -3.58 -2.33 0.04 -3.55 -2.25 0.04 -3.48 -2.26 0.38 -3.49
3 16 -3.77 1.68 -4.23 -3.56 1.4 -4.11 -3.46 1.47 -4.13
3 16 -2.9 0.04 -3.83 -2.91 0.3 -3.85 -2.91 0.04 -3.84
3 16 -5.54 3.03 -5.21 -5.57 2.99 -5.18 -5.3 2.89 -5.08
3 16 -4.09 4.3 -3.61 -4.25 4.42 -3.68 -4.2 4.39 -3.81
3 16 -4.4 3.93 -4.86 -4.42 3.85 -4.91 -4.15 3.66 -4.76
3 16 -1.89 0.25 -2.6 -1.91 0.47 -2.61 -1.91 0.46 -2.72
3 16 -1.89 0.05 -2.6 -1.89 0.25 -2.6 -1.89 0.05 -2.71
3 16 -1.89 0.05 -2.71 -1.89 0.25 -2.6 -1.91 0.46 -2.72
4 16 -1.89 0.05 -2.71 -1.91 0.46 -2.72 -1.93 0.45 -2.84 -1.91 0.05 -2.81
4 16 -1.91 0.05 -2.81 -1.93 0.45 -2.84 -1.95 0.44 -2.95 -1.94 0.05 -2.94
3 16 -1.94 0.05 -2.94 -1.95 0.44 -2.95 -1.96 0.05 -3.02
3 16 -1.96 0.05 -3.02 -1.95 0.44 -2.95 -1.99 0.43 -3.07
3 16 -1.96 0.05 -3.02 -1.99 0.43 -3.07 -2.03 0.04 -3.17
3 16 -2.03 0.04 -3.17 -1.99 0.43 -3.07 -2.04 0.42 -3.18
3 16 -2.03 0.04 -3.17 -2.04 0.42 -3.18 -2.05 0.04 -3.22
3 16 -2.05 0.04 -3.22 -2.04 0.42 -3.18 -2.1 0.41 -3.29
3 16 -2.05 0.04 -3.22 -2.1 0.41 -3.29 -2.17 0.04 -3.39
3 16 -2.17 0.04 -3.39 -2.1 0.41 -3.29 -2.18 0.39 -3.4
3 16 -2.17 0.04 -3.39 -2.18 0.39 -3.4 -2.17 0.04 -3.4
4 16 -2.17 0.04 -3.4 -2.18 0.39 -3.4 -2.26 0.38 -3.49 -2.25 0.04 -3.48
3 16 -2.04 1.27 -2.79 -2.06 1.35 -2.68 -2.16 1.66 -2.85
3 16 -2.16 1.66 -2.85 -2.06 1.35 -2.68 -2.1 1.49 -2.7
3 16 -2.16 1.66 -2.85 -2.1 1.49 -2.7 -2.16 1.69 -2.74
4 16 -3.44 3.02 -4.32 -3.23 2.78 -4.18 -3.17 2.89 -4.08 -3.38 3.14 -4.22
3 16 -3.85 3.6 -4.5 -3.6 3.38 -4.36 -3.56 3.5 -4.24
3 16 -3.54 3.62 -4.11 -3.8 3.8 -4.32 -3.56 3.5 -4.24
3 16 -3.56 3.5 -4.24 -3.8 3.8 -4.32 -3.81 3.74 -4.38
3 16 -3.56 3.5 -4.24 -3.81 3.74 -4.38 -3.85 3.6 -4.5
3 16 -3.85 3.6 -4.5 -3.81 3.74 -4.38 -4.09 3.89 -4.59
3 16 -3.85 3.6 -4.5 -4.09 3.89 -4.59 -4.11 3.82 -4.65
3 16 -4.38 4.02 -4.8 -4.4 3.93 -4.86 -4.11 3.82 -4.65
3 16 -4.11 3.82 -4.65 -4.4 3.93 -4.86 -4.15 3.66 -4.76
3 16 -4.11 3.82 -4.65 -4.15 3.66 -4.76 -3.85 3.6 -4.5
3 16 -3.85 3.6 -4.5 -4.15 3.66 -4.76 -3.9 3.46 -4.61
3 16 -3.85 3.6 -4.5 -3.9 3.46 -4.61 -3.6 3.38 -4.36
3 16 -3.6 3.38 -4.36 -3.9 3.46 -4.61 -3.66 3.24 -4.46
3 16 -4.67 4.49 -4.66 -5 4.63 -4.85 -4.67 4.43 -4.74
3 16 -4.67 4.43 -4.74 -5 4.63 -4.85 -5 4.58 -4.91
3 16 -4.67 4.43 -4.74 -5 4.58 -4.91 -4.67 4.36 -4.81
3 16 -4.67 4.36 -4.81 -5 4.58 -4.91 -4.99 4.5 -4.99
4 16 -4.67 4.36 -4.81 -4.99 4.5 -4.99 -5 4.46 -5.03 -4.67 4.28 -4.88
3 16 -4.67 4.28 -4.88 -5 4.46 -5.03 -4.68 4.2 -4.95
4 16 -3.54 3.71 -3.97 -3.8 3.91 -4.18 -3.8 3.86 -4.25 -3.54 3.62 -4.11
3 16 -3.54 3.62 -4.11 -3.8 3.86 -4.25 -3.8 3.8 -4.32
4 16 -3.55 3.8 -3.83 -3.81 4 -4.03 -3.8 3.96 -4.11 -3.54 3.71 -3.97
3 16 -3.54 3.71 -3.97 -3.8 3.96 -4.11 -3.8 3.91 -4.18
4 16 -2.9 3.11 -3.1 -3.06 3.32 -3.17 -3.1 3.37 -3.33 -2.87 3.07 -3.22
3 16 -2.87 3.07 -3.22 -3.1 3.37 -3.33 -3.08 3.32 -3.46
3 16 -2.87 3.07 -3.22 -3.08 3.32 -3.46 -2.85 3.02 -3.34
3 16 -2.85 3.02 -3.34 -3.08 3.32 -3.46 -3.06 3.25 -3.59
3 16 -2.85 3.02 -3.34 -3.06 3.25 -3.59 -2.85 2.96 -3.47
3 16 -2.85 2.96 -3.47 -3.06 3.25 -3.59 -3.06 3.18 -3.72
3 16 -2.85 2.96 -3.47 -3.06 3.18 -3.72 -2.85 2.89 -3.6
3 16 -2.85 2.89 -3.6 -3.06 3.18 -3.72 -3.08 3.09 -3.85
3 16 -2.85 2.89 -3.6 -3.08 3.09 -3.85 -2.88 2.81 -3.72
3 16 -2.88 2.81 -3.72 -3.08 3.09 -3.85 -3.12 2.99 -3.97
3 16 -2.88 2.81 -3.72 -3.12 2.99 -3.97 -2.92 2.72 -3.84
3 16 -2.92 2.72 -3.84 -3.12 2.99 -3.97 -3.17 2.89 -4.08
3 16 -2.92 2.72 -3.84 -3.17 2.89 -4.08 -2.97 2.62 -3.96
4 16 -2.97 2.62 -3.96 -3.17 2.89 -4.08 -3.23 2.78 -4.18 -3.04 2.52 -4.05
4 16 -3.39 3.69 -3.32 -3.55 3.85 -3.39 -3.61 3.92 -3.56 -3.35 3.65 -3.45
3 16 -3.35 3.65 -3.45 -3.61 3.92 -3.56 -3.58 3.86 -3.7
3 16 -3.35 3.65 -3.45 -3.58 3.86 -3.7 -3.32 3.6 -3.57
3 16 -3.32 3.6 -3.57 -3.58 3.86 -3.7 -3.55 3.8 -3.83
3 16 -3.32 3.6 -3.57 -3.55 3.8 -3.83 -3.3 3.53 -3.71
3 16 -3.3 3.53 -3.71 -3.55 3.8 -3.83 -3.54 3.71 -3.97
3 16 -3.3 3.53 -3.71 -3.54 3.71 -3.97 -3.29 3.45 -3.84
3 16 -3.29 3.45 -3.84 -3.54 3.71 -3.97 -3.54 3.62 -4.11
3 16 -3.29 3.45 -3.84 -3.54 3.62 -4.11 -3.3 3.36 -3.98
3 16 -3.3 3.36 -3.98 -3.54 3.62 -4.11 -3.56 3.5 -4.24
3 16 -3.3 3.36 -3.98 -3.56 3.5 -4.24 -3.33 3.26 -4.1
3 16 -3.33 3.26 -4.1 -3.56 3.5 -4.24 -3.6 3.38 -4.36
3 16 -3.33 3.26 -4.1 -3.6 3.38 -4.36 -3.38 3.14 -4.22
4 16 -3.38 3.14 -4.22 -3.6 3.38 -4.36 -3.66 3.24 -4.46 -3.44 3.02 -4.32
3 16 -3.1 3.37 -3.33 -3.06 3.32 -3.17 -3.13 3.41 -3.21
3 16 -3.1 3.37 -3.33 -3.13 3.41 -3.21 -3.38 3.69 -3.32
3 16 -3.38 3.14 -4.22 -3.17 2.89 -4.08 -3.12 2.99 -3.97
3 16 -3.38 3.14 -4.22 -3.12 2.99 -3.97 -3.33 3.26 -4.1
3 16 -3.33 3.26 -4.1 -3.12 2.99 -3.97 -3.08 3.09 -3.85
3 16 -3.33 3.26 -4.1 -3.08 3.09 -3.85 -3.3 3.36 -3.98
3 16 -3.3 3.36 -3.98 -3.08 3.09 -3.85 -3.06 3.18 -3.72
3 16 -3.3 3.36 -3.98 -3.06 3.18 -3.72 -3.29 3.45 -3.84
3 16 -3.29 3.45 -3.84 -3.06 3.18 -3.72 -3.06 3.25 -3.59
3 16 -3.29 3.45 -3.84 -3.06 3.25 -3.59 -3.3 3.53 -3.71
3 16 -3.3 3.53 -3.71 -3.06 3.25 -3.59 -3.08 3.32 -3.46
3 16 -3.3 3.53 -3.71 -3.08 3.32 -3.46 -3.32 3.6 -3.57
3 16 -3.32 3.6 -3.57 -3.08 3.32 -3.46 -3.1 3.37 -3.33
3 16 -3.32 3.6 -3.57 -3.1 3.37 -3.33 -3.35 3.65 -3.45
3 16 -3.35 3.65 -3.45 -3.1 3.37 -3.33 -3.38 3.69 -3.32
3 16 -3.35 3.65 -3.45 -3.38 3.69 -3.32 -3.39 3.69 -3.32
3 16 -3.81 4 -4.03 -4.09 4.24 -4.17 -3.8 3.96 -4.11
3 16 -3.8 3.96 -4.11 -4.09 4.24 -4.17 -4.08 4.19 -4.24
3 16 -3.8 3.96 -4.11 -4.08 4.19 -4.24 -3.8 3.91 -4.18
3 16 -3.8 3.91 -4.18 -4.08 4.19 -4.24 -4.07 4.14 -4.31
3 16 -3.8 3.91 -4.18 -4.07 4.14 -4.31 -3.8 3.86 -4.25
3 16 -3.8 3.86 -4.25 -4.07 4.14 -4.31 -4.07 4.08 -4.39
3 16 -3.8 3.86 -4.25 -4.07 4.08 -4.39 -3.8 3.8 -4.32
3 16 -3.8 3.8 -4.32 -4.07 4.08 -4.39 -4.07 4.02 -4.46
3 16 -3.8 3.8 -4.32 -4.07 4.02 -4.46 -3.81 3.74 -4.38
3 16 -3.81 3.74 -4.38 -4.07 4.02 -4.46 -4.08 3.96 -4.53
3 16 -3.81 3.74 -4.38 -4.08 3.96 -4.53 -4.09 3.89 -4.59
3 16 -4.38 4.02 -4.8 -4.11 3.82 -4.65 -4.37 4.09 -4.74
3 16 -4.37 4.09 -4.74 -4.11 3.82 -4.65 -4.09 3.89 -4.59
3 16 -4.37 4.09 -4.74 -4.09 3.89 -4.59 -4.36 4.17 -4.67
3 16 -4.36 4.17 -4.67 -4.09 3.89 -4.59 -4.08 3.96 -4.53
3 16 -4.36 4.17 -4.67 -4.08 3.96 -4.53 -4.36 4.23 -4.6
3 16 -4.36 4.23 -4.6 -4.08 3.96 -4.53 -4.07 4.02 -4.46
3 16 -4.36 4.23 -4.6 -4.07 4.02 -4.46 -4.36 4.3 -4.53
3 16 -4.36 4.3 -4.53 -4.07 4.02 -4.46 -4.07 4.08 -4.39
3 16 -4.36 4.3 -4.53 -4.07 4.08 -4.39 -4.37 4.35 -4.45
3 16 -4.37 4.35 -4.45 -4.07 4.08 -4.39 -4.07 4.14 -4.31
3 16 -4.37 4.35 -4.45 -4.07 4.14 -4.31 -4.38 4.41 -4.37
3 16 -4.38 4.41 -4.37 -4.07 4.14 -4.31 -4.08 4.19 -4.24
3 16 -4.38 4.41 -4.37 -4.08 4.19 -4.24 -4.4 4.45 -4.3
3 16 -4.4 4.45 -4.3 -4.08 4.19 -4.24 -4.09 4.24 -4.17
3 16 -4.4 4.45 -4.3 -4.09 4.24 -4.17 -4.41 4.49 -4.22
4 16 -4.74 4.69 -4.34 -5.06 4.83 -4.53 -5.05 4.82 -4.56 -4.71 4.65 -4.42
3 16 -4.71 4.65 -4.42 -5.05 4.82 -4.56 -4.7 4.6 -4.5
3 16 -3.9 4.16 -3.69 -3.95 4.19 -3.56 -4.02 4.25 -3.58
3 16 -4.11 4.28 -4.09 -3.82 4.05 -3.96 -4.13 4.31 -4.02
3 16 -4.13 4.31 -4.02 -3.82 4.05 -3.96 -3.84 4.08 -3.89
3 16 -4.13 4.31 -4.02 -3.84 4.08 -3.89 -4.15 4.34 -3.95
3 16 -4.15 4.34 -3.95 -3.84 4.08 -3.89 -3.85 4.11 -3.82
3 16 -4.15 4.34 -3.95 -3.85 4.11 -3.82 -4.17 4.37 -3.88
3 16 -4.17 4.37 -3.88 -3.85 4.11 -3.82 -3.9 4.16 -3.69
3 16 -4.17 4.37 -3.88 -3.9 4.16 -3.69 -4.2 4.39 -3.81
4 16 -4.2 4.39 -3.81 -3.9 4.16 -3.69 -4.02 4.25 -3.58 -4.09 4.3 -3.61
3 16 -4.35 4.48 -3.71 -4.57 4.62 -3.79 -4.51 4.59 -3.92
3 16 -4.51 4.59 -3.92 -4.57 4.62 -3.79 -4.65 4.66 -3.82
3 16 -4.65 4.66 -3.82 -4.9 4.8 -3.9 -4.87 4.79 -3.97
4 16 -4.25 4.42 -3.68 -4.35 4.48 -3.71 -4.51 4.59 -3.92 -4.2 4.39 -3.81
3 16 -4.2 4.39 -3.81 -4.51 4.59 -3.92 -4.17 4.37 -3.88
3 16 -4.17 4.37 -3.88 -4.51 4.59 -3.92 -4.49 4.58 -4
3 16 -4.17 4.37 -3.88 -4.49 4.58 -4 -4.15 4.34 -3.95
3 16 -4.15 4.34 -3.95 -4.49 4.58 -4 -4.46 4.55 -4.07
3 16 -4.15 4.34 -3.95 -4.46 4.55 -4.07 -4.13 4.31 -4.02
3 16 -4.13 4.31 -4.02 -4.46 4.55 -4.07 -4.43 4.52 -4.14
3 16 -4.13 4.31 -4.02 -4.43 4.52 -4.14 -4.11 4.28 -4.09
3 16 -4.11 4.28 -4.09 -4.43 4.52 -4.14 -4.41 4.49 -4.22
3 16 -3.61 3.92 -3.56 -3.55 3.85 -3.39 -3.64 3.94 -3.43
3 16 -3.61 3.92 -3.56 -3.64 3.94 -3.43 -3.7 3.98 -3.45
3 16 -4.41 4.49 -4.22 -4.09 4.24 -4.17 -4.11 4.28 -4.09
3 16 -4.11 4.28 -4.09 -4.09 4.24 -4.17 -3.81 4 -4.03
3 16 -4.11 4.28 -4.09 -3.81 4 -4.03 -3.82 4.05 -3.96
3 16 -3.82 4.05 -3.96 -3.81 4 -4.03 -3.55 3.8 -3.83
4 16 -3.82 4.05 -3.96 -3.55 3.8 -3.83 -3.58 3.86 -3.7 -3.84 4.08 -3.89
3 16 -3.84 4.08 -3.89 -3.58 3.86 -3.7 -3.85 4.11 -3.82
3 16 -3.85 4.11 -3.82 -3.58 3.86 -3.7 -3.61 3.92 -3.56
3 16 -3.85 4.11 -3.82 -3.61 3.92 -3.56 -3.9 4.16 -3.69
3 16 -3.9 4.16 -3.69 -3.61 3.92 -3.56 -3.7 3.98 -3.45
3 16 -3.9 4.16 -3.69 -3.7 3.98 -3.45 -3.95 4.19 -3.56
3 16 -5.05 4.82 -4.56 -5.04 4.78 -4.63 -4.7 4.6 -4.5
3 16 -4.7 4.6 -4.5 -5.04 4.78 -4.63 -5.02 4.74 -4.69
4 16 -4.7 4.6 -4.5 -5.02 4.74 -4.69 -5.02 4.72 -4.74 -4.68 4.55 -4.58
3 16 -4.68 4.55 -4.58 -5.02 4.72 -4.74 -4.67 4.49 -4.66
3 16 -4.67 4.49 -4.66 -5.02 4.72 -4.74 -5.01 4.68 -4.79
3 16 -4.67 4.49 -4.66 -5.01 4.68 -4.79 -5 4.63 -4.85
3 16 -4.16 2.06 -4.43 -4.13 2.04 -4.42 -3.95 2.05 -4.41
3 16 -3.95 2.05 -4.41 -4.15 2.22 -4.52 -4.16 2.06 -4.43
3 16 -4.16 2.06 -4.43 -4.15 2.22 -4.52 -4.35 2.38 -4.63
3 16 -4.16 2.06 -4.43 -4.35 2.38 -4.63 -4.46 2.3 -4.58
3 16 -4.46 2.3 -4.58 -4.35 2.38 -4.63 -4.61 2.4 -4.65
4 16 -4.61 2.4 -4.65 -4.35 2.38 -4.63 -4.57 2.52 -4.74 -4.67 2.44 -4.69
3 16 -4.67 2.44 -4.69 -4.57 2.52 -4.74 -4.8 2.66 -4.85
3 16 -4.67 2.44 -4.69 -4.8 2.66 -4.85 -4.9 2.57 -4.79
3 16 -5.05 2.78 -4.96 -5.3 2.89 -5.08 -5.39 2.8 -5
3 16 -5.39 2.8 -5 -5.15 2.69 -4.9 -5.05 2.78 -4.96
3 16 -5.05 2.78 -4.96 -5.15 2.69 -4.9 -5.14 2.69 -4.9
3 16 -5.05 2.78 -4.96 -5.14 2.69 -4.9 -4.8 2.66 -4.85
3 16 -4.8 2.66 -4.85 -5.14 2.69 -4.9 -5 2.62 -4.84
3 16 -4.8 2.66 -4.85 -5 2.62 -4.84 -4.9 2.57 -4.79
3 16 -5.3 2.89 -5.08 -5.57 2.99 -5.18 -5.39 2.8 -5
3 16 -5.39 2.8 -5 -5.57 2.99 -5.18 -5.6 2.95 -5.15
3 16 -5.39 2.8 -5 -5.6 2.95 -5.15 -5.65 2.89 -5.1
3 16 -5.39 3.25 -5.32 -5.4 3.24 -5.31 -5.11 3.15 -5.19
4 16 -5.11 3.15 -5.19 -5.4 3.24 -5.31 -5.44 3.17 -5.28 -5.21 3.01 -5.14
3 16 -5.19 3.66 -5.36 -5.21 3.6 -5.37 -4.92 3.47 -5.22
3 16 -4.92 3.47 -5.22 -5.21 3.6 -5.37 -5.26 3.5 -5.36
3 16 -4.74 3.94 -5.11 -5.05 4.09 -5.26 -5.06 4.07 -5.27
3 16 -4.77 3.84 -5.15 -5.08 3.99 -5.3 -5.09 3.93 -5.32
3 16 -5.11 3.88 -5.33 -5.12 3.84 -5.34 -4.84 3.65 -5.2
3 16 -4.84 3.65 -5.2 -5.12 3.84 -5.34 -5.14 3.79 -5.35
3 16 -4.84 3.65 -5.2 -5.14 3.79 -5.35 -5.18 3.69 -5.36
3 16 -5.3 3.42 -5.35 -5.31 3.4 -5.35 -5.01 3.3 -5.22
3 16 -5.01 3.3 -5.22 -5.31 3.4 -5.35 -5.34 3.34 -5.34
3 16 -2.66 2.74 -3.11 -2.87 3.07 -3.22 -2.64 2.7 -3.23
3 16 -2.64 2.7 -3.23 -2.87 3.07 -3.22 -2.85 3.02 -3.34
3 16 -2.64 2.7 -3.23 -2.85 3.02 -3.34 -2.65 2.64 -3.36
3 16 -2.65 2.64 -3.36 -2.85 3.02 -3.34 -2.85 2.96 -3.47
3 16 -2.65 2.64 -3.36 -2.85 2.96 -3.47 -2.66 2.58 -3.48
3 16 -2.66 2.58 -3.48 -2.85 2.96 -3.47 -2.85 2.89 -3.6
3 16 -2.66 2.58 -3.48 -2.85 2.89 -3.6 -2.69 2.5 -3.61
3 16 -2.69 2.5 -3.61 -2.85 2.89 -3.6 -2.88 2.81 -3.72
3 16 -2.69 2.5 -3.61 -2.88 2.81 -3.72 -2.73 2.43 -3.73
3 16 -2.73 2.43 -3.73 -2.88 2.81 -3.72 -2.92 2.72 -3.84
3 16 -2.73 2.43 -3.73 -2.92 2.72 -3.84 -2.79 2.34 -3.84
3 16 -2.79 2.34 -3.84 -2.92 2.72 -3.84 -2.97 2.62 -3.96
4 16 -2.79 2.34 -3.84 -2.97 2.62 -3.96 -3.04 2.52 -4.05 -2.87 2.25 -3.93
4 16 -2.87 2.25 -3.93 -3.04 2.52 -4.05 -3.13 2.42 -4.14 -2.95 2.16 -4.02
4 16 -3.13 2.42 -4.14 -3.04 2.52 -4.05 -3.23 2.78 -4.18 -3.31 2.66 -4.27
4 16 -3.31 2.66 -4.27 -3.23 2.78 -4.18 -3.44 3.02 -4.32 -3.52 2.89 -4.4
4 16 -3.52 2.89 -4.4 -3.44 3.02 -4.32 -3.66 3.24 -4.46 -3.73 3.11 -4.55
4 16 -3.73 3.11 -4.55 -3.66 3.24 -4.46 -3.9 3.46 -4.61 -3.97 3.31 -4.69
4 16 -3.97 3.31 -4.69 -3.9 3.46 -4.61 -4.15 3.66 -4.76 -4.22 3.5 -4.84
4 16 -4.22 3.5 -4.84 -4.15 3.66 -4.76 -4.42 3.85 -4.91 -4.48 3.68 -4.99
3 16 -4.48 3.68 -4.99 -4.42 3.85 -4.91 -4.74 3.94 -5.11
3 16 -4.48 3.68 -4.99 -4.74 3.94 -5.11 -4.77 3.84 -5.15
4 16 -4.77 3.84 -5.15 -4.74 3.94 -5.11 -5.06 4.07 -5.27 -5.08 3.99 -5.3
3 16 -3.13 0.04 -3.86 -3.02 0.04 -3.85 -3.15 0.36 -3.88
3 16 -3.15 0.36 -3.88 -3.02 0.04 -3.85 -3.03 0.29 -3.86
3 16 -3.15 0.36 -3.88 -3.03 0.29 -3.86 -3.18 0.52 -3.89
3 16 -3.34 1 -3.99 -3.23 0.71 -3.92 -3.13 0.78 -3.93
3 16 -3.22 0.68 -3.92 -3.18 0.52 -3.89 -3.07 0.54 -3.89
3 16 -3.07 0.54 -3.89 -3.18 0.52 -3.89 -3.03 0.29 -3.86
4 16 -3.07 0.54 -3.89 -3.03 0.29 -3.86 -2.91 0.3 -3.85 -2.95 0.56 -3.87
4 16 -2.91 0.3 -3.85 -3.03 0.29 -3.86 -3.02 0.04 -3.85 -2.91 0.04 -3.84
3 16 -2.7 0.04 -3.78 -2.8 0.31 -3.82 -2.91 0.3 -3.85
4 16 -2.91 0.3 -3.85 -2.8 0.31 -3.82 -2.84 0.58 -3.85 -2.95 0.56 -3.87
4 16 -3.07 0.54 -3.89 -2.95 0.56 -3.87 -3.02 0.82 -3.92 -3.13 0.78 -3.93
3 16 -3.07 0.54 -3.89 -3.13 0.78 -3.93 -3.22 0.68 -3.92
3 16 -3.22 0.68 -3.92 -3.13 0.78 -3.93 -3.23 0.71 -3.92
3 16 -3.44 1.2 -4.04 -3.34 1 -3.99 -3.22 1.02 -3.98
3 16 -3.22 1.02 -3.98 -3.34 1 -3.99 -3.13 0.78 -3.93
3 16 -3.22 1.02 -3.98 -3.13 0.78 -3.93 -3.02 0.82 -3.92
4 16 -3.02 0.82 -3.92 -2.95 0.56 -3.87 -2.84 0.58 -3.85 -2.9 0.85 -3.89
4 16 -2.84 0.58 -3.85 -2.8 0.31 -3.82 -2.68 0.33 -3.78 -2.72 0.61 -3.81
3 16 -2.68 0.33 -3.78 -2.8 0.31 -3.82 -2.7 0.04 -3.78
4 16 -2.68 0.33 -3.78 -2.7 0.04 -3.78 -2.5 0.04 -3.68 -2.57 0.34 -3.72
4 16 -2.68 0.33 -3.78 -2.57 0.34 -3.72 -2.61 0.63 -3.75 -2.72 0.61 -3.81
4 16 -2.84 0.58 -3.85 -2.72 0.61 -3.81 -2.79 0.89 -3.85 -2.9 0.85 -3.89
4 16 -3.02 0.82 -3.92 -2.9 0.85 -3.89 -2.99 1.11 -3.95 -3.11 1.06 -3.97
3 16 -3.02 0.82 -3.92 -3.11 1.06 -3.97 -3.22 1.02 -3.98
3 16 -3.22 1.02 -3.98 -3.11 1.06 -3.97 -3.33 1.25 -4.05
3 16 -3.22 1.02 -3.98 -3.33 1.25 -4.05 -3.44 1.2 -4.04
3 16 -3.44 1.2 -4.04 -3.33 1.25 -4.05 -3.52 1.33 -4.09
4 16 -3.56 1.4 -4.11 -3.52 1.33 -4.09 -3.33 1.25 -4.05 -3.46 1.47 -4.13
3 16 -3.46 1.47 -4.13 -3.33 1.25 -4.05 -3.22 1.3 -4.04
3 16 -3.22 1.3 -4.04 -3.33 1.25 -4.05 -3.11 1.06 -3.97
3 16 -3.22 1.3 -4.04 -3.11 1.06 -3.97 -2.99 1.11 -3.95
4 16 -2.99 1.11 -3.95 -2.9 0.85 -3.89 -2.79 0.89 -3.85 -2.87 1.16 -3.92
4 16 -2.79 0.89 -3.85 -2.72 0.61 -3.81 -2.61 0.63 -3.75 -2.67 0.92 -3.8
3 16 -2.61 0.63 -3.75 -2.57 0.34 -3.72 -2.46 0.35 -3.66
3 16 -2.46 0.35 -3.66 -2.57 0.34 -3.72 -2.5 0.04 -3.68
3 16 -2.46 0.35 -3.66 -2.5 0.04 -3.68 -2.33 0.04 -3.55
4 16 -2.33 0.04 -3.55 -2.36 0.37 -3.58 -2.5 0.66 -3.69 -2.46 0.35 -3.66
4 16 -2.46 0.35 -3.66 -2.5 0.66 -3.69 -2.67 0.92 -3.8 -2.61 0.63 -3.75
4 16 -2.79 0.89 -3.85 -2.67 0.92 -3.8 -2.76 1.21 -3.87 -2.87 1.16 -3.92
4 16 -2.99 1.11 -3.95 -2.87 1.16 -3.92 -2.99 1.41 -3.99 -3.1 1.36 -4.03
3 16 -2.99 1.11 -3.95 -3.1 1.36 -4.03 -3.22 1.3 -4.04
3 16 -3.22 1.3 -4.04 -3.1 1.36 -4.03 -3.35 1.53 -4.13
3 16 -3.22 1.3 -4.04 -3.35 1.53 -4.13 -3.46 1.47 -4.13
3 16 -3.46 1.47 -4.13 -3.35 1.53 -4.13 -3.61 1.67 -4.21
3 16 -3.46 1.47 -4.13 -3.61 1.67 -4.21 -3.77 1.68 -4.23
3 16 -4.13 2.04 -4.42 -4.06 1.98 -4.38 -3.95 2.05 -4.41
3 16 -3.95 2.05 -4.41 -4.06 1.98 -4.38 -3.77 1.68 -4.23
3 16 -3.95 2.05 -4.41 -3.77 1.68 -4.23 -3.77 1.87 -4.31
3 16 -3.77 1.87 -4.31 -3.77 1.68 -4.23 -3.61 1.67 -4.21
3 16 -3.77 1.87 -4.31 -3.61 1.67 -4.21 -3.5 1.74 -4.22
3 16 -3.5 1.74 -4.22 -3.61 1.67 -4.21 -3.35 1.53 -4.13
3 16 -3.5 1.74 -4.22 -3.35 1.53 -4.13 -3.23 1.59 -4.11
3 16 -3.23 1.59 -4.11 -3.35 1.53 -4.13 -3.1 1.36 -4.03
3 16 -3.23 1.59 -4.11 -3.1 1.36 -4.03 -2.99 1.41 -3.99
3 16 -2.99 1.41 -3.99 -2.87 1.16 -3.92 -2.76 1.21 -3.87
4 16 -2.76 1.21 -3.87 -2.67 0.92 -3.8 -2.5 0.66 -3.69 -2.56 0.96 -3.74
4 16 -2.56 0.96 -3.74 -2.5 0.66 -3.69 -2.36 0.37 -3.58 -2.4 0.69 -3.61
4 16 -2.4 0.69 -3.61 -2.36 0.37 -3.58 -2.26 0.38 -3.49 -2.3 0.71 -3.53
4 16 -1.91 0.47 -2.61 -1.95 0.85 -2.63 -1.96 0.87 -2.75 -1.91 0.46 -2.72
3 16 -1.91 0.46 -2.72 -1.96 0.87 -2.75 -1.93 0.45 -2.84
3 16 -1.93 0.45 -2.84 -1.96 0.87 -2.75 -1.97 0.86 -2.86
4 16 -1.93 0.45 -2.84 -1.97 0.86 -2.86 -2 0.84 -2.98 -1.95 0.44 -2.95
4 16 -1.95 0.44 -2.95 -2 0.84 -2.98 -2.03 0.81 -3.1 -1.99 0.43 -3.07
4 16 -1.99 0.43 -3.07 -2.03 0.81 -3.1 -2.08 0.79 -3.21 -2.04 0.42 -3.18
4 16 -2.04 0.42 -3.18 -2.08 0.79 -3.21 -2.15 0.77 -3.32 -2.1 0.41 -3.29
4 16 -2.1 0.41 -3.29 -2.15 0.77 -3.32 -2.22 0.74 -3.43 -2.18 0.39 -3.4
4 16 -2.18 0.39 -3.4 -2.22 0.74 -3.43 -2.3 0.71 -3.53 -2.26 0.38 -3.49
4 16 -2.4 0.69 -3.61 -2.3 0.71 -3.53 -2.37 1.04 -3.57 -2.46 1 -3.66
4 16 -2.4 0.69 -3.61 -2.46 1 -3.66 -2.65 1.26 -3.8 -2.56 0.96 -3.74
4 16 -2.56 0.96 -3.74 -2.65 1.26 -3.8 -2.87 1.48 -3.95 -2.76 1.21 -3.87
4 16 -2.76 1.21 -3.87 -2.87 1.48 -3.95 -3.12 1.66 -4.08 -2.99 1.41 -3.99
3 16 -2.99 1.41 -3.99 -3.12 1.66 -4.08 -3.23 1.59 -4.11
3 16 -3.23 1.59 -4.11 -3.12 1.66 -4.08 -3.38 1.82 -4.21
3 16 -3.23 1.59 -4.11 -3.38 1.82 -4.21 -3.5 1.74 -4.22
3 16 -3.5 1.74 -4.22 -3.38 1.82 -4.21 -3.66 1.94 -4.32
3 16 -3.5 1.74 -4.22 -3.66 1.94 -4.32 -3.77 1.87 -4.31
3 16 -3.77 1.87 -4.31 -3.66 1.94 -4.32 -3.84 2.13 -4.43
3 16 -3.77 1.87 -4.31 -3.84 2.13 -4.43 -3.95 2.05 -4.41
3 16 -3.95 2.05 -4.41 -3.84 2.13 -4.43 -4.04 2.31 -4.54
3 16 -3.95 2.05 -4.41 -4.04 2.31 -4.54 -4.15 2.22 -4.52
3 16 -4.15 2.22 -4.52 -4.04 2.31 -4.54 -4.24 2.47 -4.66
3 16 -4.15 2.22 -4.52 -4.24 2.47 -4.66 -4.35 2.38 -4.63
3 16 -4.35 2.38 -4.63 -4.24 2.47 -4.66 -4.47 2.63 -4.78
3 16 -4.35 2.38 -4.63 -4.47 2.63 -4.78 -4.57 2.52 -4.74
3 16 -4.57 2.52 -4.74 -4.47 2.63 -4.78 -4.7 2.77 -4.9
3 16 -4.57 2.52 -4.74 -4.7 2.77 -4.9 -4.8 2.66 -4.85
3 16 -4.8 2.66 -4.85 -4.7 2.77 -4.9 -4.95 2.89 -5.02
3 16 -4.8 2.66 -4.85 -4.95 2.89 -5.02 -5.05 2.78 -4.96
3 16 -5.05 2.78 -4.96 -4.95 2.89 -5.02 -5.21 3.01 -5.14
3 16 -5.05 2.78 -4.96 -5.21 3.01 -5.14 -5.3 2.89 -5.08
4 16 -5.3 2.89 -5.08 -5.21 3.01 -5.14 -5.48 3.11 -5.26 -5.54 3.03 -5.21
3 16 -2.04 1.27 -2.79 -2.16 1.66 -2.85 -2.05 1.25 -2.91
3 16 -2.05 1.25 -2.91 -2.16 1.66 -2.85 -2.16 1.63 -2.97
3 16 -2.05 1.25 -2.91 -2.16 1.63 -2.97 -2.07 1.22 -3.03
3 16 -2.07 1.22 -3.03 -2.16 1.63 -2.97 -2.18 1.6 -3.09
3 16 -2.07 1.22 -3.03 -2.18 1.6 -3.09 -2.11 1.19 -3.14
3 16 -2.11 1.19 -3.14 -2.18 1.6 -3.09 -2.21 1.56 -3.21
3 16 -2.11 1.19 -3.14 -2.21 1.56 -3.21 -2.15 1.16 -3.26
3 16 -2.15 1.16 -3.26 -2.21 1.56 -3.21 -2.25 1.51 -3.33
4 16 -2.15 1.16 -3.26 -2.25 1.51 -3.33 -2.31 1.47 -3.44 -2.21 1.12 -3.37
4 16 -2.21 1.12 -3.37 -2.31 1.47 -3.44 -2.38 1.42 -3.54 -2.29 1.08 -3.48
4 16 -2.29 1.08 -3.48 -2.38 1.42 -3.54 -2.46 1.36 -3.64 -2.37 1.04 -3.57
4 16 -2.37 1.04 -3.57 -2.46 1.36 -3.64 -2.55 1.31 -3.73 -2.46 1 -3.66
4 16 -2.55 1.31 -3.73 -2.46 1.36 -3.64 -2.58 1.67 -3.73 -2.67 1.61 -3.81
4 16 -2.55 1.31 -3.73 -2.67 1.61 -3.81 -2.9 1.81 -3.98 -2.77 1.54 -3.89
4 16 -2.77 1.54 -3.89 -2.9 1.81 -3.98 -3.16 1.98 -4.15 -3.01 1.74 -4.04
4 16 -3.01 1.74 -4.04 -3.16 1.98 -4.15 -3.43 2.12 -4.3 -3.27 1.9 -4.19
3 16 -3.27 1.9 -4.19 -3.43 2.12 -4.3 -3.55 2.03 -4.32
3 16 -3.55 2.03 -4.32 -3.43 2.12 -4.3 -3.62 2.33 -4.42
3 16 -3.55 2.03 -4.32 -3.62 2.33 -4.42 -3.73 2.23 -4.43
3 16 -3.73 2.23 -4.43 -3.62 2.33 -4.42 -3.81 2.52 -4.54
3 16 -3.73 2.23 -4.43 -3.81 2.52 -4.54 -3.92 2.41 -4.55
3 16 -3.92 2.41 -4.55 -3.81 2.52 -4.54 -4.02 2.7 -4.67
3 16 -3.92 2.41 -4.55 -4.02 2.7 -4.67 -4.13 2.58 -4.67
3 16 -4.13 2.58 -4.67 -4.02 2.7 -4.67 -4.25 2.87 -4.81
3 16 -4.13 2.58 -4.67 -4.25 2.87 -4.81 -4.36 2.74 -4.8
3 16 -4.36 2.74 -4.8 -4.25 2.87 -4.81 -4.49 3.03 -4.95
4 16 -4.36 2.74 -4.8 -4.49 3.03 -4.95 -4.74 3.17 -5.08 -4.59 2.89 -4.93
4 16 -4.59 2.89 -4.93 -4.74 3.17 -5.08 -5.01 3.3 -5.22 -4.84 3.02 -5.06
4 16 -4.84 3.02 -5.06 -5.01 3.3 -5.22 -5.34 3.34 -5.34 -5.11 3.15 -5.19
4 16 -5.11 3.15 -5.19 -5.34 3.34 -5.34 -5.53 3.38 -5.41 -5.39 3.25 -5.32
3 16 -2.3 2.04 -2.93 -2.47 2.4 -3.01 -2.3 2 -3.05
3 16 -2.3 2 -3.05 -2.47 2.4 -3.01 -2.46 2.36 -3.13
3 16 -2.3 2 -3.05 -2.46 2.36 -3.13 -2.31 1.96 -3.17
3 16 -2.31 1.96 -3.17 -2.46 2.36 -3.13 -2.47 2.31 -3.26
3 16 -2.31 1.96 -3.17 -2.47 2.31 -3.26 -2.34 1.91 -3.29
3 16 -2.34 1.91 -3.29 -2.47 2.31 -3.26 -2.49 2.25 -3.38
3 16 -2.34 1.91 -3.29 -2.49 2.25 -3.38 -2.38 1.86 -3.41
3 16 -2.38 1.86 -3.41 -2.49 2.25 -3.38 -2.52 2.19 -3.5
3 16 -2.38 1.86 -3.41 -2.52 2.19 -3.5 -2.43 1.8 -3.52
3 16 -2.43 1.8 -3.52 -2.52 2.19 -3.5 -2.57 2.12 -3.62
4 16 -2.43 1.8 -3.52 -2.57 2.12 -3.62 -2.63 2.05 -3.73 -2.5 1.74 -3.63
4 16 -2.5 1.74 -3.63 -2.63 2.05 -3.73 -2.71 1.97 -3.82 -2.58 1.67 -3.73
4 16 -2.58 1.67 -3.73 -2.71 1.97 -3.82 -2.8 1.89 -3.91 -2.67 1.61 -3.81
4 16 -2.8 1.89 -3.91 -2.71 1.97 -3.82 -2.87 2.25 -3.93 -2.95 2.16 -4.02
3 16 -2.8 1.89 -3.91 -2.95 2.16 -4.02 -3.05 2.07 -4.09
4 16 -3.05 2.07 -4.09 -2.95 2.16 -4.02 -3.13 2.42 -4.14 -3.22 2.32 -4.21
3 16 -3.05 2.07 -4.09 -3.22 2.32 -4.21 -3.32 2.22 -4.26
4 16 -3.32 2.22 -4.26 -3.22 2.32 -4.21 -3.41 2.55 -4.34 -3.51 2.43 -4.39
4 16 -3.51 2.43 -4.39 -3.41 2.55 -4.34 -3.61 2.76 -4.47 -3.71 2.64 -4.52
4 16 -3.71 2.64 -4.52 -3.61 2.76 -4.47 -3.82 2.97 -4.61 -3.92 2.83 -4.65
4 16 -3.92 2.83 -4.65 -3.82 2.97 -4.61 -4.05 3.16 -4.75 -4.15 3.01 -4.79
4 16 -4.15 3.01 -4.79 -4.05 3.16 -4.75 -4.3 3.34 -4.9 -4.39 3.18 -4.94
4 16 -4.39 3.18 -4.94 -4.3 3.34 -4.9 -4.56 3.5 -5.05 -4.65 3.33 -5.08
4 16 -4.65 3.33 -5.08 -4.56 3.5 -5.05 -4.84 3.65 -5.2 -4.92 3.47 -5.22
3 16 -4.92 3.47 -5.22 -4.84 3.65 -5.2 -5.18 3.69 -5.36
3 16 -2.16 1.69 -2.74 -2.19 1.78 -2.75 -2.16 1.66 -2.85
3 16 -2.16 1.66 -2.85 -2.19 1.78 -2.75 -2.3 2.04 -2.93
3 16 -2.16 1.66 -2.85 -2.3 2.04 -2.93 -2.16 1.63 -2.97
3 16 -2.16 1.63 -2.97 -2.3 2.04 -2.93 -2.3 2 -3.05
3 16 -2.16 1.63 -2.97 -2.3 2 -3.05 -2.18 1.6 -3.09
3 16 -2.18 1.6 -3.09 -2.3 2 -3.05 -2.31 1.96 -3.17
3 16 -2.18 1.6 -3.09 -2.31 1.96 -3.17 -2.21 1.56 -3.21
3 16 -2.21 1.56 -3.21 -2.31 1.96 -3.17 -2.34 1.91 -3.29
3 16 -2.21 1.56 -3.21 -2.34 1.91 -3.29 -2.25 1.51 -3.33
3 16 -2.25 1.51 -3.33 -2.34 1.91 -3.29 -2.38 1.86 -3.41
3 16 -2.25 1.51 -3.33 -2.38 1.86 -3.41 -2.31 1.47 -3.44
3 16 -2.31 1.47 -3.44 -2.38 1.86 -3.41 -2.43 1.8 -3.52
4 16 -2.31 1.47 -3.44 -2.43 1.8 -3.52 -2.5 1.74 -3.63 -2.38 1.42 -3.54
4 16 -2.38 1.42 -3.54 -2.5 1.74 -3.63 -2.58 1.67 -3.73 -2.46 1.36 -3.64
4 16 -2.67 1.61 -3.81 -2.8 1.89 -3.91 -3.05 2.07 -4.09 -2.9 1.81 -3.98
4 16 -2.9 1.81 -3.98 -3.05 2.07 -4.09 -3.32 2.22 -4.26 -3.16 1.98 -4.15
3 16 -3.16 1.98 -4.15 -3.32 2.22 -4.26 -3.43 2.12 -4.3
3 16 -3.43 2.12 -4.3 -3.32 2.22 -4.26 -3.51 2.43 -4.39
4 16 -3.43 2.12 -4.3 -3.51 2.43 -4.39 -3.71 2.64 -4.52 -3.62 2.33 -4.42
4 16 -3.62 2.33 -4.42 -3.71 2.64 -4.52 -3.92 2.83 -4.65 -3.81 2.52 -4.54
4 16 -3.81 2.52 -4.54 -3.92 2.83 -4.65 -4.15 3.01 -4.79 -4.02 2.7 -4.67
4 16 -4.02 2.7 -4.67 -4.15 3.01 -4.79 -4.39 3.18 -4.94 -4.25 2.87 -4.81
4 16 -4.25 2.87 -4.81 -4.39 3.18 -4.94 -4.65 3.33 -5.08 -4.49 3.03 -4.95
4 16 -4.49 3.03 -4.95 -4.65 3.33 -5.08 -4.92 3.47 -5.22 -4.74 3.17 -5.08
4 16 -4.74 3.17 -5.08 -4.92 3.47 -5.22 -5.26 3.5 -5.36 -5.01 3.3 -5.22
4 16 -5.01 3.3 -5.22 -5.26 3.5 -5.36 -5.33 3.52 -5.39 -5.3 3.42 -5.35
3 16 -1.95 0.85 -2.63 -2.06 1.35 -2.68 -1.96 0.87 -2.75
3 16 -1.96 0.87 -2.75 -2.06 1.35 -2.68 -2.04 1.27 -2.79
3 16 -1.96 0.87 -2.75 -2.04 1.27 -2.79 -1.97 0.86 -2.86
3 16 -1.97 0.86 -2.86 -2.04 1.27 -2.79 -2.05 1.25 -2.91
3 16 -1.97 0.86 -2.86 -2.05 1.25 -2.91 -2 0.84 -2.98
3 16 -2 0.84 -2.98 -2.05 1.25 -2.91 -2.07 1.22 -3.03
3 16 -2 0.84 -2.98 -2.07 1.22 -3.03 -2.03 0.81 -3.1
3 16 -2.03 0.81 -3.1 -2.07 1.22 -3.03 -2.11 1.19 -3.14
4 16 -2.03 0.81 -3.1 -2.11 1.19 -3.14 -2.15 1.16 -3.26 -2.08 0.79 -3.21
4 16 -2.08 0.79 -3.21 -2.15 1.16 -3.26 -2.21 1.12 -3.37 -2.15 0.77 -3.32
4 16 -2.15 0.77 -3.32 -2.21 1.12 -3.37 -2.29 1.08 -3.48 -2.22 0.74 -3.43
4 16 -2.22 0.74 -3.43 -2.29 1.08 -3.48 -2.37 1.04 -3.57 -2.3 0.71 -3.53
4 16 -2.46 1 -3.66 -2.55 1.31 -3.73 -2.77 1.54 -3.89 -2.65 1.26 -3.8
4 16 -2.65 1.26 -3.8 -2.77 1.54 -3.89 -3.01 1.74 -4.04 -2.87 1.48 -3.95
4 16 -2.87 1.48 -3.95 -3.01 1.74 -4.04 -3.27 1.9 -4.19 -3.12 1.66 -4.08
4 16 -3.12 1.66 -4.08 -3.27 1.9 -4.19 -3.55 2.03 -4.32 -3.38 1.82 -4.21
3 16 -3.38 1.82 -4.21 -3.55 2.03 -4.32 -3.66 1.94 -4.32
3 16 -3.66 1.94 -4.32 -3.55 2.03 -4.32 -3.73 2.23 -4.43
3 16 -3.66 1.94 -4.32 -3.73 2.23 -4.43 -3.84 2.13 -4.43
3 16 -3.84 2.13 -4.43 -3.73 2.23 -4.43 -3.92 2.41 -4.55
3 16 -3.84 2.13 -4.43 -3.92 2.41 -4.55 -4.04 2.31 -4.54
3 16 -4.04 2.31 -4.54 -3.92 2.41 -4.55 -4.13 2.58 -4.67
3 16 -4.04 2.31 -4.54 -4.13 2.58 -4.67 -4.24 2.47 -4.66
3 16 -4.24 2.47 -4.66 -4.13 2.58 -4.67 -4.36 2.74 -4.8
3 16 -4.24 2.47 -4.66 -4.36 2.74 -4.8 -4.47 2.63 -4.78
3 16 -4.47 2.63 -4.78 -4.36 2.74 -4.8 -4.59 2.89 -4.93
3 16 -4.47 2.63 -4.78 -4.59 2.89 -4.93 -4.7 2.77 -4.9
3 16 -4.7 2.77 -4.9 -4.59 2.89 -4.93 -4.84 3.02 -5.06
3 16 -4.7 2.77 -4.9 -4.84 3.02 -5.06 -4.95 2.89 -5.02
3 16 -4.95 2.89 -5.02 -4.84 3.02 -5.06 -5.11 3.15 -5.19
3 16 -4.95 2.89 -5.02 -5.11 3.15 -5.19 -5.21 3.01 -5.14
3 16 -5.21 3.01 -5.14 -5.44 3.17 -5.28 -5.48 3.11 -5.26
3 16 -4.9 4.8 -3.9 -5.01 4.85 -3.93 -4.87 4.79 -3.97
3 16 -4.87 4.79 -3.97 -5.01 4.85 -3.93 -5.22 4.95 -4.07
3 16 -4.87 4.79 -3.97 -5.22 4.95 -4.07 -4.84 4.78 -4.04
3 16 -4.84 4.78 -4.04 -5.22 4.95 -4.07 -5.17 4.94 -4.2
3 16 -4.84 4.78 -4.04 -5.17 4.94 -4.2 -4.81 4.76 -4.11
3 16 -4.81 4.76 -4.11 -5.17 4.94 -4.2 -5.16 4.93 -4.22
3 16 -4.81 4.76 -4.11 -5.16 4.93 -4.22 -4.79 4.74 -4.19
3 16 -4.79 4.74 -4.19 -5.16 4.93 -4.22 -5.13 4.92 -4.3
3 16 -4.79 4.74 -4.19 -5.13 4.92 -4.3 -4.76 4.72 -4.26
3 16 -4.76 4.72 -4.26 -5.13 4.92 -4.3 -5.1 4.89 -4.38
3 16 -4.76 4.72 -4.26 -5.1 4.89 -4.38 -4.74 4.69 -4.34
3 16 -4.74 4.69 -4.34 -5.1 4.89 -4.38 -5.08 4.86 -4.46
3 16 -4.74 4.69 -4.34 -5.08 4.86 -4.46 -5.06 4.83 -4.53
3 16 -2.48 2.44 -2.9 -2.58 2.61 -2.94 -2.66 2.74 -3.11
3 16 -2.66 2.74 -3.11 -2.58 2.61 -2.94 -2.66 2.76 -2.99
4 16 -2.66 2.74 -3.11 -2.66 2.76 -2.99 -2.82 3 -3.06 -2.87 3.07 -3.22
3 16 -2.87 3.07 -3.22 -2.82 3 -3.06 -2.9 3.11 -3.1
3 16 -5 4.46 -5.03 -5 4.42 -5.05 -4.68 4.2 -4.95
3 16 -4.68 4.2 -4.95 -5 4.42 -5.05 -5 4.35 -5.11
4 16 -4.68 4.2 -4.95 -5 4.35 -5.11 -5.01 4.28 -5.15 -4.69 4.12 -5.01
3 16 -4.69 4.12 -5.01 -5.01 4.28 -5.15 -4.71 4.03 -5.06
3 16 -4.71 4.03 -5.06 -5.01 4.28 -5.15 -5.02 4.25 -5.18
3 16 -4.71 4.03 -5.06 -5.02 4.25 -5.18 -5.05 4.11 -5.25
3 16 -4.65 4.66 -3.82 -4.87 4.79 -3.97 -4.51 4.59 -3.92
3 16 -4.51 4.59 -3.92 -4.87 4.79 -3.97 -4.84 4.78 -4.04
3 16 -4.51 4.59 -3.92 -4.84 4.78 -4.04 -4.49 4.58 -4
3 16 -4.49 4.58 -4 -4.84 4.78 -4.04 -4.81 4.76 -4.11
3 16 -4.49 4.58 -4 -4.81 4.76 -4.11 -4.46 4.55 -4.07
3 16 -4.46 4.55 -4.07 -4.81 4.76 -4.11 -4.79 4.74 -4.19
3 16 -4.46 4.55 -4.07 -4.79 4.74 -4.19 -4.43 4.52 -4.14
3 16 -4.43 4.52 -4.14 -4.79 4.74 -4.19 -4.76 4.72 -4.26
3 16 -4.43 4.52 -4.14 -4.76 4.72 -4.26 -4.41 4.49 -4.22
3 16 -4.41 4.49 -4.22 -4.76 4.72 -4.26 -4.74 4.69 -4.34
3 16 -4.41 4.49 -4.22 -4.74 4.69 -4.34 -4.4 4.45 -4.3
3 16 -4.4 4.45 -4.3 -4.74 4.69 -4.34 -4.71 4.65 -4.42
3 16 -4.4 4.45 -4.3 -4.71 4.65 -4.42 -4.38 4.41 -4.37
3 16 -4.38 4.41 -4.37 -4.71 4.65 -4.42 -4.7 4.6 -4.5
3 16 -4.38 4.41 -4.37 -4.7 4.6 -4.5 -4.37 4.35 -4.45
3 16 -4.37 4.35 -4.45 -4.7 4.6 -4.5 -4.68 4.55 -4.58
3 16 -4.37 4.35 -4.45 -4.68 4.55 -4.58 -4.36 4.3 -4.53
3 16 -4.36 4.3 -4.53 -4.68 4.55 -4.58 -4.67 4.49 -4.66
3 16 -4.36 4.3 -4.53 -4.67 4.49 -4.66 -4.36 4.23 -4.6
3 16 -4.36 4.23 -4.6 -4.67 4.49 -4.66 -4.67 4.43 -4.74
3 16 -4.36 4.23 -4.6 -4.67 4.43 -4.74 -4.36 4.17 -4.67
3 16 -4.36 4.17 -4.67 -4.67 4.43 -4.74 -4.67 4.36 -4.81
3 16 -4.36 4.17 -4.67 -4.67 4.36 -4.81 -4.37 4.09 -4.74
3 16 -4.37 4.09 -4.74 -4.67 4.36 -4.81 -4.67 4.28 -4.88
3 16 -4.37 4.09 -4.74 -4.67 4.28 -4.88 -4.38 4.02 -4.8
3 16 -4.38 4.02 -4.8 -4.67 4.28 -4.88 -4.68 4.2 -4.95
3 16 -4.38 4.02 -4.8 -4.68 4.2 -4.95 -4.4 3.93 -4.86
3 16 -4.4 3.93 -4.86 -4.68 4.2 -4.95 -4.69 4.12 -5.01
4 16 -4.4 3.93 -4.86 -4.69 4.12 -5.01 -4.71 4.03 -5.06 -4.42 3.85 -4.91
3 16 -4.42 3.85 -4.91 -4.71 4.03 -5.06 -4.74 3.94 -5.11
3 16 -4.74 3.94 -5.11 -4.71 4.03 -5.06 -5.05 4.11 -5.25
3 16 -4.74 3.94 -5.11 -5.05 4.11 -5.25 -5.05 4.09 -5.26
3 16 -2.19 1.78 -2.75 -2.34 2.14 -2.82 -2.3 2.04 -2.93
3 16 -2.3 2.04 -2.93 -2.34 2.14 -2.82 -2.48 2.44 -2.9
3 16 -2.3 2.04 -2.93 -2.48 2.44 -2.9 -2.47 2.4 -3.01
3 16 -2.47 2.4 -3.01 -2.48 2.44 -2.9 -2.66 2.74 -3.11
3 16 -2.47 2.4 -3.01 -2.66 2.74 -3.11 -2.46 2.36 -3.13
3 16 -2.46 2.36 -3.13 -2.66 2.74 -3.11 -2.64 2.7 -3.23
3 16 -2.46 2.36 -3.13 -2.64 2.7 -3.23 -2.47 2.31 -3.26
3 16 -2.47 2.31 -3.26 -2.64 2.7 -3.23 -2.65 2.64 -3.36
3 16 -2.47 2.31 -3.26 -2.65 2.64 -3.36 -2.49 2.25 -3.38
3 16 -2.49 2.25 -3.38 -2.65 2.64 -3.36 -2.66 2.58 -3.48
3 16 -2.49 2.25 -3.38 -2.66 2.58 -3.48 -2.52 2.19 -3.5
3 16 -2.52 2.19 -3.5 -2.66 2.58 -3.48 -2.69 2.5 -3.61
3 16 -2.52 2.19 -3.5 -2.69 2.5 -3.61 -2.57 2.12 -3.62
3 16 -2.57 2.12 -3.62 -2.69 2.5 -3.61 -2.73 2.43 -3.73
4 16 -2.57 2.12 -3.62 -2.73 2.43 -3.73 -2.79 2.34 -3.84 -2.63 2.05 -3.73
4 16 -2.63 2.05 -3.73 -2.79 2.34 -3.84 -2.87 2.25 -3.93 -2.71 1.97 -3.82
4 16 -3.22 2.32 -4.21 -3.13 2.42 -4.14 -3.31 2.66 -4.27 -3.41 2.55 -4.34
4 16 -3.41 2.55 -4.34 -3.31 2.66 -4.27 -3.52 2.89 -4.4 -3.61 2.76 -4.47
4 16 -3.61 2.76 -4.47 -3.52 2.89 -4.4 -3.73 3.11 -4.55 -3.82 2.97 -4.61
4 16 -3.82 2.97 -4.61 -3.73 3.11 -4.55 -3.97 3.31 -4.69 -4.05 3.16 -4.75
4 16 -4.05 3.16 -4.75 -3.97 3.31 -4.69 -4.22 3.5 -4.84 -4.3 3.34 -4.9
4 16 -4.3 3.34 -4.9 -4.22 3.5 -4.84 -4.48 3.68 -4.99 -4.56 3.5 -5.05
4 16 -4.56 3.5 -5.05 -4.48 3.68 -4.99 -4.77 3.84 -5.15 -4.84 3.65 -5.2
4 16 -4.84 3.65 -5.2 -4.77 3.84 -5.15 -5.09 3.93 -5.32 -5.11 3.88 -5.33
3 16 0 4.19 7.87 -4.36 4.12 7.87 -4.46 4.12 7.87
2 24 -4.36 4.12 7.87 -4.46 4.12 7.87
2 24 -4.46 4.12 7.87 0 4.19 7.87
3 16 -17.13 2.5 5.02 -17.13 2.53 5.04 -5.08 2.66 4.87
3 16 -6.36 3.15 5.4 -6.26 3.09 5.33 -17.13 2.53 5.04
3 16 -6.26 3.09 5.33 -6.11 3.03 5.25 -17.13 2.53 5.04
3 16 -17.13 2.53 5.04 -6.11 3.03 5.25 -6.09 3.02 5.25
3 16 -17.13 2.53 5.04 -6.09 3.02 5.25 -5.08 2.66 4.87
2 24 -6.09 3.02 5.25 -5.08 2.66 4.87
3 16 -5.08 2.66 4.87 -6.09 3.02 5.25 -5.94 2.98 5.19
2 24 -6.09 3.02 5.25 -5.94 2.98 5.19
3 16 -5.94 2.98 5.19 -5.7 2.91 5.12 -5.08 2.66 4.87
3 16 -5.08 2.66 4.87 -5.7 2.91 5.12 -5.65 2.89 5.1
3 16 -5.08 2.66 4.87 -5.65 2.89 5.1 -5.39 2.8 5
3 16 -17.13 3.38 6.07 -6.6 3.54 5.97 -6.61 3.48 5.86
3 16 -6.6 3.42 5.77 -17.13 3 5.52 -6.61 3.48 5.86
3 16 -6.61 3.48 5.86 -17.13 3 5.52 -17.13 3.37 6.05
3 16 -6.61 3.48 5.86 -17.13 3.37 6.05 -17.13 3.38 6.07
3 16 -6.6 3.42 5.77 -6.58 3.36 5.68 -17.13 3 5.52
3 16 -17.13 3 5.52 -6.58 3.36 5.68 -6.53 3.29 5.58
3 16 -17.13 3 5.52 -6.53 3.29 5.58 -6.46 3.22 5.49
3 16 -17.13 2.53 5.04 -17.13 2.98 5.5 -6.36 3.15 5.4
4 16 -6.36 3.15 5.4 -17.13 2.98 5.5 -17.13 3 5.52 -6.37 3.16 5.41
3 16 -6.37 3.16 5.41 -17.13 3 5.52 -6.46 3.22 5.49
3 16 -6.24 3.84 6.6 -6.35 3.78 6.46 -17.13 3.67 6.68
3 16 -17.13 3.67 6.68 -6.35 3.78 6.46 -6.45 3.73 6.33
3 16 -6.45 3.73 6.33 -6.48 3.7 6.27 -17.13 3.67 6.68
3 16 -17.13 3.67 6.68 -6.48 3.7 6.27 -6.52 3.67 6.2
3 16 -17.13 3.67 6.68 -6.52 3.67 6.2 -6.56 3.61 6.1
3 16 -6.6 3.54 5.97 -17.13 3.38 6.07 -6.56 3.61 6.1
3 16 -6.56 3.61 6.1 -17.13 3.38 6.07 -17.13 3.66 6.67
3 16 -6.56 3.61 6.1 -17.13 3.66 6.67 -17.13 3.67 6.68
3 16 -5.57 4.02 7.18 -5.85 3.96 6.97 -17.13 3.84 7.32
3 16 -5.85 3.96 6.97 -5.98 3.93 6.85 -17.13 3.84 7.32
3 16 -17.13 3.84 7.32 -5.98 3.93 6.85 -6.1 3.89 6.75
3 16 -17.13 3.84 7.32 -6.1 3.89 6.75 -17.13 3.67 6.68
3 16 -17.13 3.67 6.68 -6.1 3.89 6.75 -6.22 3.85 6.62
3 16 -17.13 3.67 6.68 -6.22 3.85 6.62 -6.24 3.84 6.6
3 16 -4.46 4.12 7.87 -4.77 4.1 7.67 -17.13 3.9 8
4 16 -17.13 3.9 8 -4.77 4.1 7.67 -4.96 4.09 7.56 -17.13 3.84 7.32
3 16 -17.13 3.84 7.32 -4.96 4.09 7.56 -5.39 4.04 7.3
3 16 -17.13 3.84 7.32 -5.39 4.04 7.3 -5.57 4.02 7.18
4 16 -3.13 0 3.86 -17.13 0 4.1 -17.13 0.06 4.1 -3.13 0.04 3.86
3 16 -17.13 0.73 4.17 -3.25 0.78 3.93 -17.13 0.68 4.16
3 16 -17.13 0.68 4.16 -3.25 0.78 3.93 -3.19 0.57 3.9
4 16 -17.13 0.68 4.16 -3.19 0.57 3.9 -3.14 0.25 3.87 -17.13 0.06 4.1
3 16 -17.13 0.06 4.1 -3.14 0.25 3.87 -3.13 0.04 3.86
3 16 -3.61 1.46 4.14 -3.46 1.24 4.05 -17.13 0.73 4.17
3 16 -17.13 0.73 4.17 -3.46 1.24 4.05 -3.29 0.89 3.96
3 16 -17.13 0.73 4.17 -3.29 0.89 3.96 -3.25 0.78 3.93
3 16 -17.13 0.73 4.17 -17.13 1.33 4.34 -3.61 1.46 4.14
3 16 -3.61 1.46 4.14 -17.13 1.33 4.34 -17.13 1.38 4.35
3 16 -3.61 1.46 4.14 -17.13 1.38 4.35 -3.71 1.6 4.19
3 16 -4.2 2.1 4.45 -4.07 1.99 4.39 -17.13 1.38 4.35
3 16 -17.13 1.38 4.35 -4.07 1.99 4.39 -4.06 1.98 4.38
3 16 -4.06 1.98 4.38 -3.88 1.8 4.29 -17.13 1.38 4.35
3 16 -17.13 1.38 4.35 -3.88 1.8 4.29 -3.72 1.61 4.2
3 16 -17.13 1.38 4.35 -3.72 1.61 4.2 -3.71 1.6 4.19
3 16 -17.13 1.38 4.35 -17.13 1.95 4.63 -4.2 2.1 4.45
3 16 -4.2 2.1 4.45 -17.13 1.95 4.63 -17.13 1.98 4.65
3 16 -4.2 2.1 4.45 -17.13 1.98 4.65 -4.56 2.37 4.63
3 16 -17.13 2.5 5.02 -5.08 2.66 4.87 -17.13 1.98 4.65
3 16 -17.13 1.98 4.65 -5.08 2.66 4.87 -4.67 2.44 4.69
3 16 -17.13 1.98 4.65 -4.67 2.44 4.69 -4.56 2.37 4.63
3 16 0 0.79 12.12 0 1.48 11.92 -17.13 1.38 11.65
3 16 -17.13 0 11.9 0 0 12.2 -17.13 0.68 11.84
3 16 -17.13 0.68 11.84 0 0 12.2 0 0.07 12.2
3 16 -17.13 0.68 11.84 0 0.07 12.2 -17.13 0.73 11.83
3 16 -17.13 0.73 11.83 0 0.07 12.2 0 0.79 12.12
3 16 -17.13 0.73 11.83 0 0.79 12.12 -17.13 1.33 11.66
3 16 -17.13 1.33 11.66 0 0.79 12.12 -17.13 1.38 11.65
3 16 0 2.14 11.61 0 2.72 11.19 -17.13 2.53 10.96
3 16 -17.13 2.53 10.96 -17.13 2.5 10.98 0 2.14 11.61
3 16 0 2.14 11.61 -17.13 2.5 10.98 -17.13 1.98 11.35
3 16 0 2.14 11.61 -17.13 1.98 11.35 0 1.48 11.92
3 16 0 1.48 11.92 -17.13 1.98 11.35 -17.13 1.95 11.37
3 16 0 1.48 11.92 -17.13 1.95 11.37 -17.13 1.38 11.65
3 16 0 3.23 10.67 0 3.64 10.08 -17.13 3.38 9.93
3 16 -17.13 3.38 9.93 -17.13 3.37 9.95 0 3.23 10.67
3 16 0 3.23 10.67 -17.13 3.37 9.95 -17.13 3 10.48
3 16 0 3.23 10.67 -17.13 3 10.48 0 2.72 11.19
3 16 0 2.72 11.19 -17.13 3 10.48 -17.13 2.98 10.5
3 16 0 2.72 11.19 -17.13 2.98 10.5 -17.13 2.53 10.96
3 16 0 4.19 7.87 -4.46 4.12 7.87 0 4.2 8
3 16 0 4.2 8 -4.46 4.12 7.87 -17.13 3.9 8
4 16 0 4.2 8 -17.13 3.9 8 -17.13 3.84 8.68 0 4.13 8.72
4 16 0 4.13 8.72 -17.13 3.84 8.68 -17.13 3.67 9.32 0 3.95 9.42
3 16 0 3.95 9.42 -17.13 3.67 9.32 0 3.64 10.08
3 16 0 3.64 10.08 -17.13 3.67 9.32 -17.13 3.66 9.33
3 16 0 3.64 10.08 -17.13 3.66 9.33 -17.13 3.38 9.93
3 16 -4.46 4.12 -7.87 0 4.19 -7.87 0 4.2 -7.93
2 24 -4.46 4.12 -7.87 0 4.19 -7.87
3 16 -5.27 4.06 -7.38 -5.22 4.06 -7.41 -17.13 3.9 -7.94
3 16 -5.27 4.06 -7.38 -17.13 3.9 -7.94 -5.49 4.03 -7.24
3 16 -5.22 4.06 -7.41 -4.96 4.09 -7.56 -17.13 3.9 -7.94
3 16 -17.13 3.9 -7.94 -4.96 4.09 -7.56 -4.63 4.11 -7.76
3 16 -17.13 3.9 -7.94 -4.63 4.11 -7.76 -4.46 4.12 -7.87
3 16 -6.27 3.82 -6.56 -6.1 3.89 -6.75 -17.13 3.83 -7.27
3 16 -17.13 3.83 -7.27 -6.1 3.89 -6.75 -5.85 3.96 -6.97
3 16 -17.13 3.9 -7.94 -17.13 3.84 -7.32 -5.49 4.03 -7.24
3 16 -5.49 4.03 -7.24 -17.13 3.84 -7.32 -17.13 3.83 -7.27
3 16 -5.49 4.03 -7.24 -17.13 3.83 -7.27 -5.69 3.99 -7.09
3 16 -5.69 3.99 -7.09 -17.13 3.83 -7.27 -5.85 3.96 -6.97
4 16 -17.13 3.35 -6.02 -6.61 3.49 -5.89 -6.61 3.51 -5.92 -17.13 3.37 -6.05
3 16 -17.13 3.37 -6.05 -6.61 3.51 -5.92 -6.6 3.55 -5.99
3 16 -17.13 3.37 -6.05 -6.6 3.55 -5.99 -17.13 3.65 -6.62
3 16 -17.13 3.65 -6.62 -6.6 3.55 -5.99 -6.56 3.62 -6.11
3 16 -6.56 3.62 -6.11 -6.48 3.7 -6.27 -17.13 3.65 -6.62
3 16 -17.13 3.65 -6.62 -6.48 3.7 -6.27 -6.45 3.73 -6.33
3 16 -17.13 3.65 -6.62 -6.45 3.73 -6.33 -6.35 3.78 -6.46
3 16 -17.13 3.83 -7.27 -17.13 3.66 -6.67 -6.27 3.82 -6.56
3 16 -6.27 3.82 -6.56 -17.13 3.66 -6.67 -17.13 3.65 -6.62
3 16 -6.27 3.82 -6.56 -17.13 3.65 -6.62 -6.34 3.79 -6.48
3 16 -6.34 3.79 -6.48 -17.13 3.65 -6.62 -6.35 3.78 -6.46
3 16 -6.28 3.11 -5.35 -6.39 3.17 -5.42 -17.13 2.96 -5.47
3 16 -17.13 2.96 -5.47 -6.39 3.17 -5.42 -6.48 3.23 -5.51
3 16 -17.13 2.96 -5.47 -6.48 3.23 -5.51 -6.54 3.3 -5.6
3 16 -6.54 3.3 -5.6 -6.58 3.37 -5.69 -17.13 2.96 -5.47
3 16 -17.13 2.96 -5.47 -6.58 3.37 -5.69 -6.61 3.43 -5.79
3 16 -17.13 2.96 -5.47 -6.61 3.43 -5.79 -17.13 2.98 -5.5
3 16 -17.13 2.98 -5.5 -6.61 3.43 -5.79 -6.61 3.46 -5.84
3 16 -17.13 2.98 -5.5 -6.61 3.46 -5.84 -17.13 3.35 -6.02
3 16 -17.13 3.35 -6.02 -6.61 3.46 -5.84 -6.61 3.49 -5.89
3 16 -5.14 2.69 -4.9 -5.15 2.69 -4.9 -17.13 2.48 -5
3 16 -17.13 2.48 -5 -5.15 2.69 -4.9 -5.39 2.8 -5
3 16 -17.13 2.48 -5 -5.39 2.8 -5 -5.65 2.89 -5.1
3 16 -5.65 2.89 -5.1 -5.94 2.98 -5.19 -17.13 2.48 -5
3 16 -17.13 2.48 -5 -5.94 2.98 -5.19 -6.12 3.03 -5.26
3 16 -17.13 2.48 -5 -6.12 3.03 -5.26 -6.27 3.1 -5.33
3 16 -6.28 3.11 -5.35 -17.13 2.96 -5.47 -6.27 3.1 -5.33
3 16 -6.27 3.1 -5.33 -17.13 2.96 -5.47 -17.13 2.5 -5.02
3 16 -6.27 3.1 -5.33 -17.13 2.5 -5.02 -17.13 2.48 -5
3 16 -4.46 2.3 -4.58 -4.61 2.4 -4.65 -17.13 1.95 -4.63
3 16 -4.61 2.4 -4.65 -4.67 2.44 -4.69 -17.13 1.95 -4.63
3 16 -17.13 1.95 -4.63 -4.67 2.44 -4.69 -4.9 2.57 -4.79
3 16 -17.13 1.95 -4.63 -4.9 2.57 -4.79 -17.13 2.48 -5
3 16 -17.13 2.48 -5 -4.9 2.57 -4.79 -5 2.62 -4.84
3 16 -17.13 2.48 -5 -5 2.62 -4.84 -5.14 2.69 -4.9
3 16 -17.13 1.33 -4.34 -4.06 1.98 -4.38 -17.13 1.93 -4.62
3 16 -17.13 1.93 -4.62 -4.06 1.98 -4.38 -4.13 2.04 -4.42
4 16 -17.13 1.93 -4.62 -4.13 2.04 -4.42 -4.16 2.06 -4.43 -17.13 1.95 -4.63
3 16 -17.13 1.95 -4.63 -4.16 2.06 -4.43 -4.46 2.3 -4.58
3 16 -3.34 1 -3.99 -3.44 1.2 -4.04 -17.13 0.68 -4.16
3 16 -17.13 0.68 -4.16 -3.44 1.2 -4.04 -3.52 1.33 -4.09
3 16 -17.13 0.68 -4.16 -3.52 1.33 -4.09 -17.13 1.32 -4.33
4 16 -17.13 1.32 -4.33 -3.52 1.33 -4.09 -3.56 1.4 -4.11 -17.13 1.33 -4.34
3 16 -17.13 1.33 -4.34 -3.56 1.4 -4.11 -3.77 1.68 -4.23
3 16 -17.13 1.33 -4.34 -3.77 1.68 -4.23 -4.06 1.98 -4.38
3 16 -3.13 -0.12 -3.86 -3.13 0 -3.86 -17.13 0 -4.1
3 16 -17.13 0 -4.1 -3.13 0 -3.86 -3.13 0.04 -3.86
3 16 -17.13 0 -4.1 -3.13 0.04 -3.86 -3.15 0.36 -3.88
3 16 -3.15 0.36 -3.88 -3.18 0.52 -3.89 -17.13 0 -4.1
3 16 -17.13 0 -4.1 -3.18 0.52 -3.89 -3.22 0.68 -3.92
3 16 -17.13 0 -4.1 -3.22 0.68 -3.92 -17.13 0.68 -4.16
3 16 -17.13 0.68 -4.16 -3.22 0.68 -3.92 -3.23 0.71 -3.92
3 16 -17.13 0.68 -4.16 -3.23 0.71 -3.92 -3.34 1 -3.99
4 16 -3.13 -0.12 -3.86 -17.13 0 -4.1 -17.13 -0.68 -4.16 -3.13 -0.57 -3.9
3 16 -3.13 -0.57 -3.9 -17.13 -0.68 -4.16 -3.13 -0.71 -3.92
3 16 -3.13 -0.71 -3.92 -17.13 -0.68 -4.16 -3.13 -1.01 -3.98
3 16 -3.13 -1.01 -3.98 -17.13 -0.68 -4.16 -17.13 -1.32 -4.33
3 16 -3.13 -1.01 -3.98 -17.13 -1.32 -4.33 -3.13 -1.4 -4.1
4 16 -3.13 -1.4 -4.1 -17.13 -1.32 -4.33 -17.13 -1.33 -4.34 -3.13 -1.43 -4.11
3 16 -3.13 -1.43 -4.11 -17.13 -1.33 -4.34 -3.13 -1.84 -4.29
3 16 -3.13 -1.84 -4.29 -17.13 -1.33 -4.34 -17.13 -1.93 -4.62
3 16 -3.13 -1.84 -4.29 -17.13 -1.93 -4.62 -3.13 -2.05 -4.4
3 16 -3.13 -2.05 -4.4 -17.13 -1.93 -4.62 -3.13 -2.23 -4.51
3 16 -3.13 -2.23 -4.51 -17.13 -1.93 -4.62 -17.13 -1.95 -4.63
3 16 -3.13 -2.23 -4.51 -17.13 -1.95 -4.63 -3.13 -2.6 -4.77
3 16 -3.13 -2.6 -4.77 -17.13 -1.95 -4.63 -3.13 -2.64 -4.81
3 16 -3.13 -2.64 -4.81 -17.13 -1.95 -4.63 -17.13 -2.48 -5
3 16 -3.13 -2.64 -4.81 -17.13 -2.48 -5 -3.13 -2.93 -5.07
3 16 -3.13 -2.93 -5.07 -17.13 -2.48 -5 -17.13 -2.5 -5.02
3 16 -3.13 -2.93 -5.07 -17.13 -2.5 -5.02 -3.13 -3.15 -5.31
3 16 -3.13 -3.15 -5.31 -17.13 -2.5 -5.02 -17.13 -2.96 -5.47
4 16 -3.13 -3.15 -5.31 -17.13 -2.96 -5.47 -17.13 -2.98 -5.5 -3.13 -3.23 -5.4
3 16 -3.13 -3.23 -5.4 -17.13 -2.98 -5.5 -3.13 -3.49 -5.77
3 16 -3.13 -3.49 -5.77 -17.13 -2.98 -5.5 -3.13 -3.56 -5.89
3 16 -3.13 -3.56 -5.89 -17.13 -2.98 -5.5 -17.13 -3.35 -6.02
3 16 -3.13 -3.56 -5.89 -17.13 -3.35 -6.02 -3.13 -3.71 -6.16
3 16 -3.13 -3.71 -6.16 -17.13 -3.35 -6.02 -17.13 -3.37 -6.05
3 16 -3.13 -3.71 -6.16 -17.13 -3.37 -6.05 -3.13 -3.87 -6.54
3 16 -3.13 -3.87 -6.54 -17.13 -3.37 -6.05 -17.13 -3.65 -6.62
4 16 -3.13 -3.87 -6.54 -17.13 -3.65 -6.62 -17.13 -3.66 -6.67 -3.13 -3.89 -6.57
3 16 -3.13 -3.89 -6.57 -17.13 -3.66 -6.67 -3.13 -4.02 -6.99
3 16 -3.13 -4.02 -6.99 -17.13 -3.66 -6.67 -17.13 -3.83 -7.27
3 16 -3.13 -4.02 -6.99 -17.13 -3.83 -7.27 -3.13 -4.07 -7.22
3 16 -3.13 -4.07 -7.22 -17.13 -3.83 -7.27 -3.13 -4.1 -7.43
3 16 -3.13 -4.1 -7.43 -17.13 -3.83 -7.27 -17.13 -3.84 -7.32
3 16 -3.13 -4.1 -7.43 -17.13 -3.84 -7.32 -3.13 -4.14 -7.88
3 16 -17.13 -3.84 -7.32 -17.13 -3.9 -7.94 -3.13 -4.14 -7.88
4 16 -3.13 -4.14 -7.88 -17.13 -3.9 -7.94 -17.13 -3.9 -8 -3.13 -4.14 -8
3 16 -4.46 4.12 -7.87 0 4.2 -7.93 -17.13 3.9 -7.94
4 16 -17.13 3.9 -7.94 0 4.2 -7.93 0 4.2 -8 -17.13 3.9 -8
3 16 0 4.19 -7.87 -4.46 4.12 -7.87 -4.32 4.12 -7.87
2 24 -4.46 4.12 -7.87 -4.32 4.12 -7.87
3 16 -5.74 3.95 6.87 -5.85 3.96 6.97 -5.57 4.02 7.18
3 16 -5.11 4.76 5.69 -5.11 4.73 5.7 -5.03 4.76 5.8
3 16 -4.85 5.78 6.06 -4.91 5.77 6.01 -4.82 5.64 6.01
3 16 -5.95 3.87 6.64 -5.98 3.88 6.66 -5.74 3.95 6.87
4 16 -5.34 4.14 6.08 -5.28 4.15 6.2 -5.18 4.28 6.08 -5.27 4.24 5.99
3 16 -5.27 4.24 5.99 -5.18 4.28 6.08 -5.27 4.24 5.99
5 24 -5.27 4.24 5.99 -5.27 4.24 5.99 -5.18 4.28 6.08 -5.28 4.25 5.94
4 16 -5.44 4.04 6.19 -5.38 4.06 6.32 -5.28 4.15 6.2 -5.37 4.11 6.11
3 16 -5.37 4.11 6.11 -5.28 4.15 6.2 -5.36 4.12 6.1
3 16 -5.36 4.12 6.1 -5.28 4.15 6.2 -5.34 4.14 6.08
4 16 -5.56 3.97 6.3 -5.5 3.98 6.44 -5.38 4.06 6.32 -5.49 4 6.24
3 16 -5.49 4 6.24 -5.38 4.06 6.32 -5.48 4.02 6.22
3 16 -5.48 4.02 6.22 -5.38 4.06 6.32 -5.44 4.04 6.19
3 16 -5.56 3.97 6.3 -5.6 3.94 6.34 -5.5 3.98 6.44
3 16 -5.5 3.98 6.44 -5.6 3.94 6.34 -5.63 3.93 6.37
3 16 -5.5 3.98 6.44 -5.63 3.93 6.37 -5.62 3.94 6.56
3 16 -5.63 3.93 6.37 -5.68 3.91 6.42 -5.62 3.94 6.56
3 16 -5.62 3.94 6.56 -5.68 3.91 6.42 -5.73 3.9 6.46
3 16 -5.62 3.94 6.56 -5.73 3.9 6.46 -5.74 3.92 6.67
3 16 -5.74 3.92 6.67 -5.73 3.9 6.46 -5.78 3.89 6.5
3 16 -5.78 3.89 6.5 -5.81 3.88 6.53 -5.74 3.92 6.67
3 16 -5.74 3.92 6.67 -5.81 3.88 6.53 -5.85 3.88 6.56
3 16 -5.74 3.92 6.67 -5.85 3.88 6.56 -5.74 3.95 6.87
3 16 -5.74 3.95 6.87 -5.85 3.88 6.56 -5.93 3.87 6.62
3 16 -5.74 3.95 6.87 -5.93 3.87 6.62 -5.95 3.87 6.64
3 16 -5.85 3.96 6.97 -5.74 3.95 6.87 -5.98 3.93 6.85
4 16 -5.98 3.93 6.85 -5.74 3.95 6.87 -5.98 3.88 6.66 -6.1 3.89 6.75
4 16 -4.81 4.21 6.79 -4.54 4.25 6.96 -4.5 4.3 6.89 -4.73 4.31 6.66
3 16 -4.5 4.3 6.89 -4.47 4.34 6.85 -4.73 4.31 6.66
3 16 -4.73 4.31 6.66 -4.47 4.34 6.85 -4.47 4.35 6.84
4 16 -4.73 4.31 6.66 -4.47 4.35 6.84 -4.41 4.44 6.75 -4.65 4.42 6.55
3 16 -4.59 4.56 6.45 -4.77 4.4 6.46 -4.65 4.42 6.55
3 16 -4.65 4.42 6.55 -4.77 4.4 6.46 -4.85 4.28 6.57
3 16 -4.65 4.42 6.55 -4.85 4.28 6.57 -4.73 4.31 6.66
3 16 -4.73 4.31 6.66 -4.85 4.28 6.57 -4.94 4.18 6.7
3 16 -4.73 4.31 6.66 -4.94 4.18 6.7 -4.81 4.21 6.79
4 16 -4.81 4.21 6.79 -4.94 4.18 6.7 -5.16 4.08 6.73 -4.9 4.14 6.91
3 16 -5.16 4.08 6.73 -5.26 4.04 6.85 -5 4.09 7.03
3 16 -5 4.09 7.03 -5.26 4.04 6.85 -5.09 4.06 7.16
3 16 -4.72 4.13 7.21 -4.63 4.18 7.09 -4.9 4.14 6.91
4 16 -4.89 4.08 7.46 -4.84 4.09 7.39 -5.09 4.06 7.16 -5.18 4.05 7.27
3 16 -5.09 4.06 7.16 -4.84 4.09 7.39 -4.8 4.09 7.34
3 16 -5.09 4.06 7.16 -4.8 4.09 7.34 -5 4.09 7.03
3 16 -4.77 4.4 6.46 -4.97 4.25 6.48 -4.85 4.28 6.57
3 16 -4.85 4.28 6.57 -4.97 4.25 6.48 -5.06 4.16 6.6
3 16 -4.85 4.28 6.57 -5.06 4.16 6.6 -4.94 4.18 6.7
3 16 -4.94 4.18 6.7 -5.06 4.16 6.6 -5.16 4.08 6.73
3 16 -4.9 4.14 6.91 -5.16 4.08 6.73 -5 4.09 7.03
3 16 -4.9 4.14 6.91 -5 4.09 7.03 -4.72 4.13 7.21
3 16 -4.72 4.13 7.21 -5 4.09 7.03 -4.8 4.09 7.34
3 16 -4.63 4.18 7.09 -4.63 4.18 7.08 -4.9 4.14 6.91
3 16 -4.9 4.14 6.91 -4.63 4.18 7.08 -4.6 4.2 7.05
3 16 -4.9 4.14 6.91 -4.6 4.2 7.05 -4.81 4.21 6.79
3 16 -4.81 4.21 6.79 -4.6 4.2 7.05 -4.55 4.25 6.97
3 16 -4.81 4.21 6.79 -4.55 4.25 6.97 -4.54 4.25 6.96
3 16 -4.33 5.82 6.46 -4.59 5.8 6.27 -4.3 5.69 6.43
3 16 -4.3 5.69 6.43 -4.59 5.8 6.27 -4.57 5.67 6.23
4 16 -4.3 5.69 6.43 -4.57 5.67 6.23 -4.28 5.62 6.42 -4.08 5.66 6.58
3 16 -4.28 5.62 6.42 -4.57 5.67 6.23 -4.53 5.53 6.21
3 16 -4.54 4.71 6.37 -4.3 4.75 6.55 -4.29 4.78 6.53
3 16 -4.54 4.71 6.37 -4.29 4.78 6.53 -4.51 4.87 6.3
3 16 -4.29 4.78 6.53 -4.27 4.9 6.49 -4.51 4.87 6.3
3 16 -4.51 4.87 6.3 -4.27 4.9 6.49 -4.26 4.98 6.46
3 16 -4.51 4.87 6.3 -4.26 4.98 6.46 -4.5 5.04 6.25
3 16 -4.5 5.04 6.25 -4.26 4.98 6.46 -4.25 5.07 6.44
3 16 -4.5 5.04 6.25 -4.25 5.07 6.44 -4.49 5.21 6.22
3 16 -4.25 5.07 6.44 -4.24 5.19 6.42 -4.49 5.21 6.22
3 16 -4.49 5.21 6.22 -4.24 5.19 6.42 -4.24 5.23 6.41
4 16 -4.49 5.21 6.22 -4.24 5.23 6.41 -4.25 5.4 6.4 -4.51 5.37 6.21
4 16 -4.51 5.37 6.21 -4.25 5.4 6.4 -4.27 5.55 6.41 -4.53 5.53 6.21
3 16 -4.53 5.53 6.21 -4.27 5.55 6.41 -4.28 5.62 6.42
3 16 -4.59 5.8 6.27 -4.85 5.78 6.06 -4.57 5.67 6.23
3 16 -4.57 5.67 6.23 -4.85 5.78 6.06 -4.82 5.64 6.01
3 16 -4.57 5.67 6.23 -4.82 5.64 6.01 -4.53 5.53 6.21
3 16 -4.53 5.53 6.21 -4.82 5.64 6.01 -4.78 5.5 6
3 16 -4.53 5.53 6.21 -4.78 5.5 6 -4.51 5.37 6.21
3 16 -4.51 5.37 6.21 -4.78 5.5 6 -4.75 5.34 6
4 16 -4.51 5.37 6.21 -4.75 5.34 6 -4.73 5.18 6.02 -4.49 5.21 6.22
4 16 -4.49 5.21 6.22 -4.73 5.18 6.02 -4.72 5.01 6.05 -4.5 5.04 6.25
4 16 -4.5 5.04 6.25 -4.72 5.01 6.05 -4.74 4.83 6.1 -4.51 4.87 6.3
4 16 -4.51 4.87 6.3 -4.74 4.83 6.1 -4.77 4.67 6.18 -4.54 4.71 6.37
4 16 -4.54 4.71 6.37 -4.77 4.67 6.18 -4.82 4.51 6.26 -4.59 4.56 6.45
3 16 -4.59 4.56 6.45 -4.82 4.51 6.26 -4.77 4.4 6.46
3 16 -4.77 4.4 6.46 -4.82 4.51 6.26 -4.89 4.37 6.37
3 16 -4.77 4.4 6.46 -4.89 4.37 6.37 -4.97 4.25 6.48
3 16 -5.12 5.74 5.81 -5.35 5.7 5.56 -5.31 5.62 5.55
4 16 -5.12 5.74 5.81 -5.31 5.62 5.55 -5.28 5.57 5.55 -5.06 5.61 5.79
3 16 -5.18 5.33 5.55 -5.16 5.26 5.56 -5.07 5.29 5.67
3 16 -5.07 5.29 5.67 -5.16 5.26 5.56 -5.15 5.21 5.57
4 16 -5.07 5.29 5.67 -5.15 5.21 5.57 -5.13 5.14 5.58 -5.03 5.12 5.7
3 16 -5.06 5.61 5.79 -5.28 5.57 5.55 -5.25 5.51 5.55
4 16 -5.06 5.61 5.79 -5.25 5.51 5.55 -5.21 5.42 5.55 -5.01 5.46 5.78
3 16 -5.01 5.46 5.78 -5.21 5.42 5.55 -5.2 5.38 5.55
3 16 -5.03 5.12 5.7 -5.13 5.14 5.58 -5.12 5.09 5.59
3 16 -5.03 5.12 5.7 -5.12 5.09 5.59 -5.02 4.94 5.74
4 16 -5.02 4.94 5.74 -5.12 5.09 5.59 -5.17 5.1 5.53 -5.11 4.96 5.62
3 16 -5.02 4.94 5.74 -5.11 4.96 5.62 -5.1 4.92 5.63
4 16 -5.11 4.76 5.69 -5.03 4.76 5.8 -5.02 4.94 5.74 -5.1 4.86 5.65
3 16 -5.2 5.38 5.55 -5.18 5.33 5.55 -5.01 5.46 5.78
3 16 -5.01 5.46 5.78 -5.18 5.33 5.55 -5.07 5.29 5.67
3 16 -5.01 5.46 5.78 -5.07 5.29 5.67 -4.97 5.31 5.78
4 16 -4.97 5.31 5.78 -5.07 5.29 5.67 -5.03 5.12 5.7 -4.94 5.14 5.8
4 16 -4.94 5.14 5.8 -5.03 5.12 5.7 -5.02 4.94 5.74 -4.93 4.96 5.84
3 16 -5.11 4.7 5.71 -5.13 4.56 5.78 -5.06 4.59 5.88
3 16 -5.06 4.59 5.88 -5.13 4.56 5.78 -5.14 4.54 5.79
4 16 -5.06 4.59 5.88 -5.14 4.54 5.79 -5.19 4.39 5.88 -5.11 4.42 5.97
4 16 -5.11 4.42 5.97 -5.19 4.39 5.88 -5.26 4.26 5.97 -5.18 4.28 6.08
3 16 -5.18 4.28 6.08 -5.26 4.26 5.97 -5.27 4.24 5.99
3 16 -5.11 4.73 5.7 -5.11 4.7 5.71 -5.03 4.76 5.8
3 16 -5.03 4.76 5.8 -5.11 4.7 5.71 -5.06 4.59 5.88
4 16 -5.03 4.76 5.8 -5.06 4.59 5.88 -4.97 4.61 5.98 -4.94 4.79 5.9
3 16 -4.94 4.79 5.9 -4.97 4.61 5.98 -4.87 4.64 6.08
4 16 -4.87 4.64 6.08 -4.97 4.61 5.98 -5.02 4.45 6.07 -4.92 4.48 6.17
4 16 -4.92 4.48 6.17 -5.02 4.45 6.07 -5.09 4.31 6.18 -4.99 4.34 6.27
3 16 -4.99 4.34 6.27 -5.09 4.31 6.18 -5.18 4.19 6.29
3 16 -4.99 4.34 6.27 -5.18 4.19 6.29 -5.08 4.22 6.39
3 16 -5.08 4.22 6.39 -5.18 4.19 6.29 -5.28 4.09 6.41
3 16 -5.08 4.22 6.39 -5.28 4.09 6.41 -5.18 4.12 6.51
3 16 -5.18 4.12 6.51 -5.28 4.09 6.41 -5.4 4.02 6.54
3 16 -5.18 4.12 6.51 -5.4 4.02 6.54 -5.28 4.05 6.63
3 16 -5.28 4.05 6.63 -5.4 4.02 6.54 -5.51 3.97 6.66
3 16 -5.28 4.05 6.63 -5.51 3.97 6.66 -5.39 4.01 6.75
3 16 -5.39 4.01 6.75 -5.51 3.97 6.66 -5.63 3.95 6.77
4 16 -5.39 4.01 6.75 -5.63 3.95 6.77 -5.37 4.01 6.97 -5.26 4.04 6.85
3 16 -5.37 4.01 6.97 -5.63 3.95 6.77 -5.47 4 7.08
3 16 -5.37 4.01 6.97 -5.47 4 7.08 -5.18 4.05 7.27
3 16 -5.18 4.05 7.27 -5.47 4 7.08 -5.39 4.04 7.3
3 16 -5.18 4.05 7.27 -5.39 4.04 7.3 -4.96 4.09 7.56
3 16 -4.91 5.77 6.01 -5.12 5.74 5.81 -4.82 5.64 6.01
3 16 -4.82 5.64 6.01 -5.12 5.74 5.81 -5.06 5.61 5.79
3 16 -4.82 5.64 6.01 -5.06 5.61 5.79 -4.78 5.5 6
3 16 -4.78 5.5 6 -5.06 5.61 5.79 -5.01 5.46 5.78
3 16 -4.78 5.5 6 -5.01 5.46 5.78 -4.75 5.34 6
3 16 -4.75 5.34 6 -5.01 5.46 5.78 -4.97 5.31 5.78
3 16 -4.75 5.34 6 -4.97 5.31 5.78 -4.73 5.18 6.02
3 16 -4.73 5.18 6.02 -4.97 5.31 5.78 -4.94 5.14 5.8
4 16 -4.73 5.18 6.02 -4.94 5.14 5.8 -4.93 4.96 5.84 -4.72 5.01 6.05
4 16 -4.72 5.01 6.05 -4.93 4.96 5.84 -4.94 4.79 5.9 -4.74 4.83 6.1
4 16 -4.97 4.61 5.98 -5.06 4.59 5.88 -5.11 4.42 5.97 -5.02 4.45 6.07
4 16 -5.02 4.45 6.07 -5.11 4.42 5.97 -5.18 4.28 6.08 -5.09 4.31 6.18
3 16 -5.09 4.31 6.18 -5.18 4.28 6.08 -5.28 4.15 6.2
3 16 -5.09 4.31 6.18 -5.28 4.15 6.2 -5.18 4.19 6.29
3 16 -5.18 4.19 6.29 -5.28 4.15 6.2 -5.38 4.06 6.32
3 16 -5.18 4.19 6.29 -5.38 4.06 6.32 -5.28 4.09 6.41
3 16 -5.28 4.09 6.41 -5.38 4.06 6.32 -5.5 3.98 6.44
3 16 -5.28 4.09 6.41 -5.5 3.98 6.44 -5.4 4.02 6.54
3 16 -5.4 4.02 6.54 -5.5 3.98 6.44 -5.62 3.94 6.56
3 16 -5.4 4.02 6.54 -5.62 3.94 6.56 -5.51 3.97 6.66
3 16 -5.51 3.97 6.66 -5.62 3.94 6.56 -5.74 3.92 6.67
3 16 -5.51 3.97 6.66 -5.74 3.92 6.67 -5.63 3.95 6.77
3 16 -5.63 3.95 6.77 -5.74 3.92 6.67 -5.74 3.95 6.87
3 16 -5.63 3.95 6.77 -5.74 3.95 6.87 -5.47 4 7.08
3 16 -5.47 4 7.08 -5.74 3.95 6.87 -5.57 4.02 7.18
3 16 -5.47 4 7.08 -5.57 4.02 7.18 -5.39 4.04 7.3
3 16 -4.41 4.44 6.75 -4.4 4.46 6.73 -4.65 4.42 6.55
3 16 -4.65 4.42 6.55 -4.4 4.46 6.73 -4.4 4.47 6.73
3 16 -4.65 4.42 6.55 -4.4 4.47 6.73 -4.59 4.56 6.45
3 16 -4.59 4.56 6.45 -4.4 4.47 6.73 -4.34 4.6 6.63
4 16 -4.59 4.56 6.45 -4.34 4.6 6.63 -4.3 4.74 6.55 -4.54 4.71 6.37
3 16 -4.54 4.71 6.37 -4.3 4.74 6.55 -4.3 4.75 6.55
3 16 -5.1 4.92 5.63 -5.1 4.86 5.65 -5.02 4.94 5.74
4 16 -5.02 4.94 5.74 -5.03 4.76 5.8 -4.94 4.79 5.9 -4.93 4.96 5.84
3 16 -4.74 4.83 6.1 -4.94 4.79 5.9 -4.87 4.64 6.08
3 16 -4.74 4.83 6.1 -4.87 4.64 6.08 -4.77 4.67 6.18
4 16 -4.77 4.67 6.18 -4.87 4.64 6.08 -4.92 4.48 6.17 -4.82 4.51 6.26
4 16 -4.82 4.51 6.26 -4.92 4.48 6.17 -4.99 4.34 6.27 -4.89 4.37 6.37
3 16 -4.89 4.37 6.37 -4.99 4.34 6.27 -5.08 4.22 6.39
3 16 -4.89 4.37 6.37 -5.08 4.22 6.39 -4.97 4.25 6.48
3 16 -4.97 4.25 6.48 -5.08 4.22 6.39 -5.18 4.12 6.51
3 16 -4.97 4.25 6.48 -5.18 4.12 6.51 -5.06 4.16 6.6
3 16 -5.06 4.16 6.6 -5.18 4.12 6.51 -5.28 4.05 6.63
3 16 -5.06 4.16 6.6 -5.28 4.05 6.63 -5.16 4.08 6.73
3 16 -5.16 4.08 6.73 -5.28 4.05 6.63 -5.39 4.01 6.75
3 16 -5.16 4.08 6.73 -5.39 4.01 6.75 -5.26 4.04 6.85
3 16 -5.26 4.04 6.85 -5.37 4.01 6.97 -5.09 4.06 7.16
3 16 -5.09 4.06 7.16 -5.37 4.01 6.97 -5.18 4.05 7.27
3 16 -4.89 4.08 7.46 -5.18 4.05 7.27 -4.96 4.09 7.56
4 16 -5.7 2.91 5.12 -5.94 2.98 5.19 -5.89 3.03 5.24 -5.6 2.95 5.15
3 16 -5.28 4.97 5.19 -5.28 4.98 5.23 -5.3 5.02 5.2
3 16 -5.4 5.2 5.17 -5.47 5.28 5.12 -5.51 5.26 5.03
3 16 -5.11 4.76 5.69 -5.1 4.86 5.65 -5.13 4.85 5.61
4 16 -6.61 3.48 5.86 -6.6 3.54 5.97 -6.41 3.55 5.95 -6.42 3.49 5.85
3 16 -5.7 3.76 5.87 -5.66 3.79 5.86 -5.65 3.75 5.78
4 16 -5.96 3.75 6.14 -5.85 3.79 6.13 -5.87 3.75 6.05 -5.99 3.71 6.05
3 16 -5.73 3.89 6.35 -5.68 3.91 6.42 -5.63 3.93 6.37
3 16 -5.59 3.95 6.25 -5.62 3.93 6.19 -5.7 3.89 6.24
3 16 -5.38 4.14 5.8 -5.34 4.2 5.75 -5.34 4.19 5.7
3 16 -5.39 3.25 5.31 -5.39 3.25 5.31 -5.49 3.27 5.35
4 16 -5.95 3.12 5.33 -6.08 3.17 5.39 -5.77 3.26 5.41 -5.67 3.23 5.36
4 16 -6.08 3.17 5.39 -6.2 3.23 5.46 -5.87 3.3 5.46 -5.77 3.26 5.41
3 16 -5.76 3.38 5.49 -5.66 3.45 5.51 -5.59 3.42 5.46
3 16 -5.18 4.17 5.35 -5.21 4.08 5.39 -5.23 4.09 5.41
3 16 -6.37 3.16 5.41 -6.46 3.22 5.49 -6.3 3.29 5.55
4 16 -6.58 3.36 5.68 -6.6 3.42 5.77 -6.41 3.43 5.75 -6.37 3.36 5.65
3 16 -5.64 3.74 5.75 -5.62 3.72 5.72 -5.66 3.68 5.72
3 16 -5.17 4.16 5.33 -5.14 4.24 5.29 -5.13 4.23 5.28
3 16 -5.13 4.23 5.28 -5.14 4.24 5.29 -5.13 4.32 5.25
3 16 -5.01 4.71 4.74 -5 4.63 4.85 -5.05 4.65 4.88
3 16 -5.13 4.92 4.3 -5.11 4.9 4.36 -5.3 4.98 4.42
3 16 -5.18 4.84 4.78 -5.2 4.87 4.73 -5.15 4.84 4.68
3 16 -5.26 4.89 4.97 -5.25 4.87 4.99 -5.26 4.88 5.02
3 16 -5.47 5.13 4.91 -5.57 5.21 4.84 -5.58 5.17 4.74
3 16 -5.46 5.05 4.15 -5.6 5.09 4.18 -5.37 5 4.04
4 16 -5.37 5 4.04 -5.6 5.09 4.18 -5.67 5.1 4.11 -5.45 4.98 3.77
3 16 -5.67 5.1 4.11 -5.6 5.09 4.18 -5.73 5.12 4.12
3 16 -5.73 5.12 4.12 -5.6 5.09 4.18 -5.73 5.14 4.22
3 16 -5.73 5.12 4.12 -5.73 5.14 4.22 -5.78 5.14 4.14
3 16 -5.82 5.2 4.29 -5.84 5.18 4.18 -5.73 5.14 4.22
3 16 -5.73 5.14 4.22 -5.84 5.18 4.18 -5.82 5.17 4.17
3 16 -5.73 5.14 4.22 -5.82 5.17 4.17 -5.78 5.14 4.14
3 16 -5.94 5.28 4.35 -5.92 5.25 4.29 -5.74 5.17 4.37
3 16 -5.92 5.25 4.29 -5.9 5.22 4.25 -5.82 5.2 4.29
3 16 -5.82 5.2 4.29 -5.9 5.22 4.25 -5.86 5.19 4.21
3 16 -5.82 5.2 4.29 -5.86 5.19 4.21 -5.84 5.18 4.18
4 16 -5.94 5.38 4.53 -5.95 5.32 4.42 -5.79 5.28 4.58 -5.78 5.33 4.7
3 16 -5.91 5.44 4.69 -5.92 5.43 4.65 -5.78 5.33 4.7
3 16 -5.92 5.43 4.65 -5.92 5.43 4.65 -5.78 5.33 4.7
5 24 -5.92 5.43 4.65 -5.92 5.43 4.65 -5.78 5.33 4.7 -6 5.59 4.76
3 16 -5.78 5.33 4.7 -5.92 5.43 4.65 -5.93 5.41 4.61
3 16 -5.78 5.33 4.7 -5.93 5.41 4.61 -5.94 5.38 4.53
3 16 -5.31 5.62 5.55 -5.35 5.7 5.56 -5.43 5.68 5.47
3 16 -5.47 5.13 4.91 -5.38 5.04 4.95 -5.38 5.06 4.99
3 16 -5.38 5.06 4.99 -5.38 5.04 4.95 -5.31 4.97 5.02
3 16 -5.28 4.92 5.02 -5.31 4.97 5.02 -5.31 4.96 4.98
3 16 -5.31 4.96 4.98 -5.31 4.97 5.02 -5.38 5.04 4.95
3 16 -5.31 4.96 4.98 -5.38 5.04 4.95 -5.38 5.03 4.91
3 16 -5.38 5.03 4.91 -5.38 5.04 4.95 -5.47 5.13 4.91
3 16 -5.38 5.03 4.91 -5.47 5.13 4.91 -5.47 5.1 4.82
3 16 -5.47 5.1 4.82 -5.37 5.02 4.87 -5.38 5.03 4.91
3 16 -5.38 5.03 4.91 -5.37 5.02 4.87 -5.3 4.95 4.95
3 16 -5.38 5.03 4.91 -5.3 4.95 4.95 -5.31 4.96 4.98
3 16 -5.31 4.96 4.98 -5.3 4.95 4.95 -5.27 4.91 4.99
3 16 -5.31 4.96 4.98 -5.27 4.91 4.99 -5.28 4.92 5.02
3 16 -5.28 4.92 5.02 -5.27 4.91 4.99 -5.27 4.91 5.04
3 16 -5.26 4.89 5.05 -5.27 4.91 5.04 -5.26 4.9 5
3 16 -5.26 4.9 5 -5.27 4.91 5.04 -5.27 4.91 4.99
3 16 -5.26 4.9 5 -5.27 4.91 4.99 -5.27 4.9 4.95
3 16 -5.27 4.9 4.95 -5.27 4.91 4.99 -5.3 4.95 4.95
3 16 -5.27 4.9 4.95 -5.3 4.95 4.95 -5.29 4.94 4.91
3 16 -5.29 4.94 4.91 -5.3 4.95 4.95 -5.37 5.02 4.87
3 16 -5.29 4.94 4.91 -5.37 5.02 4.87 -5.37 5 4.83
3 16 -5.37 5 4.83 -5.37 5.02 4.87 -5.47 5.1 4.82
3 16 -5.37 5 4.83 -5.47 5.1 4.82 -5.46 5.07 4.74
3 16 -5.47 5.13 4.91 -5.58 5.17 4.74 -5.47 5.1 4.82
3 16 -5.47 5.1 4.82 -5.58 5.17 4.74 -5.57 5.13 4.64
3 16 -5.47 5.1 4.82 -5.57 5.13 4.64 -5.46 5.07 4.74
3 16 -5.46 5.07 4.74 -5.57 5.13 4.64 -5.53 5.09 4.56
3 16 -5.46 5.07 4.74 -5.53 5.09 4.56 -5.43 5.03 4.66
4 16 -5.43 5.03 4.66 -5.53 5.09 4.56 -5.47 5.05 4.49 -5.38 5 4.6
3 16 -5.25 4.87 4.99 -5.26 4.89 4.97 -5.25 4.88 4.94
3 16 -5.25 4.88 4.94 -5.26 4.89 4.97 -5.26 4.89 4.92
3 16 -5.25 4.88 4.94 -5.26 4.89 4.92 -5.25 4.88 4.89
3 16 -5.25 4.88 4.89 -5.26 4.89 4.92 -5.28 4.93 4.88
3 16 -5.25 4.88 4.89 -5.28 4.93 4.88 -5.27 4.91 4.85
3 16 -5.27 4.91 4.85 -5.28 4.93 4.88 -5.35 4.99 4.79
3 16 -5.27 4.91 4.85 -5.35 4.99 4.79 -5.34 4.98 4.76
3 16 -5.3 4.95 4.7 -5.24 4.89 4.79 -5.32 4.96 4.73
3 16 -5.32 4.96 4.73 -5.24 4.89 4.79 -5.26 4.9 4.82
3 16 -5.43 5.03 4.66 -5.34 4.98 4.76 -5.46 5.07 4.74
3 16 -5.46 5.07 4.74 -5.34 4.98 4.76 -5.35 4.99 4.79
3 16 -5.46 5.07 4.74 -5.35 4.99 4.79 -5.37 5 4.83
3 16 -5.37 5 4.83 -5.35 4.99 4.79 -5.28 4.93 4.88
3 16 -5.37 5 4.83 -5.28 4.93 4.88 -5.29 4.94 4.91
3 16 -5.29 4.94 4.91 -5.28 4.93 4.88 -5.26 4.89 4.92
3 16 -5.29 4.94 4.91 -5.26 4.89 4.92 -5.27 4.9 4.95
3 16 -5.27 4.9 4.95 -5.26 4.89 4.92 -5.26 4.89 4.97
3 16 -5.27 4.9 4.95 -5.26 4.89 4.97 -5.26 4.9 5
3 16 -5.26 4.9 5 -5.26 4.89 4.97 -5.26 4.88 5.02
3 16 -5.26 4.9 5 -5.26 4.88 5.02 -5.26 4.89 5.05
3 16 -5.37 5 4.04 -5.25 4.95 4 -5.46 5.05 4.15
3 16 -5.46 5.05 4.15 -5.25 4.95 4 -5.21 4.95 4.09
4 16 -5.46 5.05 4.15 -5.21 4.95 4.09 -5.19 4.94 4.14 -5.41 5.03 4.24
3 16 -5.92 5.25 4.29 -5.82 5.2 4.29 -5.74 5.17 4.37
4 16 -5.74 5.17 4.37 -5.82 5.2 4.29 -5.73 5.14 4.22 -5.65 5.12 4.3
4 16 -5.65 5.12 4.3 -5.73 5.14 4.22 -5.6 5.09 4.18 -5.54 5.07 4.26
3 16 -5.54 5.07 4.26 -5.6 5.09 4.18 -5.46 5.05 4.15
3 16 -5.54 5.07 4.26 -5.46 5.05 4.15 -5.41 5.03 4.24
3 16 -5.41 5.03 4.24 -5.19 4.94 4.14 -5.17 4.94 4.19
3 16 -5.39 5.01 4.45 -5.3 4.98 4.42 -5.32 4.97 4.55
3 16 -5.32 4.97 4.55 -5.3 4.98 4.42 -5.24 4.94 4.51
3 16 -5.23 4.87 4.86 -5.26 4.9 4.82 -5.22 4.86 4.83
3 16 -5.22 4.86 4.83 -5.26 4.9 4.82 -5.24 4.89 4.79
3 16 -5.22 4.86 4.83 -5.24 4.89 4.79 -5.22 4.88 4.76
3 16 -5.22 4.88 4.76 -5.24 4.89 4.79 -5.3 4.95 4.7
3 16 -5.22 4.88 4.76 -5.3 4.95 4.7 -5.28 4.93 4.67
3 16 -5.3 4.98 4.42 -5.11 4.9 4.36 -5.24 4.94 4.51
3 16 -5.24 4.94 4.51 -5.11 4.9 4.36 -5.1 4.89 4.38
3 16 -5.24 4.94 4.51 -5.1 4.89 4.38 -5.08 4.86 4.46
3 16 -5.47 5.05 4.49 -5.39 5.01 4.45 -5.38 5 4.6
3 16 -5.38 5 4.6 -5.39 5.01 4.45 -5.32 4.97 4.55
3 16 -5.38 5 4.6 -5.32 4.97 4.55 -5.25 4.92 4.64
3 16 -5.25 4.92 4.64 -5.32 4.97 4.55 -5.24 4.94 4.51
3 16 -5.25 4.92 4.64 -5.24 4.94 4.51 -5.19 4.89 4.6
3 16 -5.19 4.89 4.6 -5.24 4.94 4.51 -5.08 4.86 4.46
3 16 -5.15 4.84 4.68 -5.14 4.82 4.73 -5.18 4.84 4.78
3 16 -5.18 4.84 4.78 -5.14 4.82 4.73 -5.17 4.81 4.81
3 16 -5.18 4.84 4.78 -5.17 4.81 4.81 -5.2 4.83 4.87
3 16 -5.2 4.83 4.87 -5.17 4.81 4.81 -5.18 4.77 4.94
3 16 -5.79 5.28 4.58 -5.95 5.32 4.42 -5.94 5.28 4.35
3 16 -5.79 5.28 4.58 -5.94 5.28 4.35 -5.78 5.23 4.47
3 16 -5.78 5.23 4.47 -5.94 5.28 4.35 -5.74 5.17 4.37
3 16 -5.78 5.23 4.47 -5.74 5.17 4.37 -5.64 5.13 4.46
4 16 -5.64 5.13 4.46 -5.74 5.17 4.37 -5.65 5.12 4.3 -5.57 5.09 4.39
3 16 -5.57 5.09 4.39 -5.65 5.12 4.3 -5.54 5.07 4.26
3 16 -5.57 5.09 4.39 -5.54 5.07 4.26 -5.47 5.05 4.36
3 16 -5.47 5.05 4.36 -5.54 5.07 4.26 -5.41 5.03 4.24
3 16 -5.47 5.05 4.36 -5.41 5.03 4.24 -5.35 5.01 4.33
3 16 -5.35 5.01 4.33 -5.41 5.03 4.24 -5.17 4.94 4.19
3 16 -5.35 5.01 4.33 -5.17 4.94 4.19 -5.13 4.92 4.3
3 16 -5.21 4.79 4.99 -5.23 4.85 4.93 -5.22 4.84 4.9
3 16 -5.14 4.82 4.73 -5.12 4.79 4.77 -5.17 4.81 4.81
3 16 -5.17 4.81 4.81 -5.12 4.79 4.77 -5.15 4.75 4.89
3 16 -5.17 4.81 4.81 -5.15 4.75 4.89 -5.18 4.77 4.94
3 16 -5.18 4.77 4.94 -5.15 4.75 4.89 -5.17 4.7 5
3 16 -5.18 4.77 4.94 -5.17 4.7 5 -5.19 4.72 5.06
3 16 -5.19 4.72 5.06 -5.17 4.7 5 -5.18 4.65 5.12
3 16 -5.19 4.72 5.06 -5.18 4.65 5.12 -5.2 4.66 5.17
3 16 -5.2 4.66 5.17 -5.18 4.65 5.12 -5.2 4.59 5.22
3 16 -5.2 4.66 5.17 -5.2 4.59 5.22 -5.21 4.6 5.27
3 16 -5.21 4.6 5.27 -5.2 4.59 5.22 -5.21 4.52 5.33
3 16 -5.21 4.6 5.27 -5.21 4.52 5.33 -5.22 4.53 5.38
3 16 -5.22 4.53 5.38 -5.21 4.52 5.33 -5.23 4.46 5.42
3 16 -5.22 4.53 5.38 -5.23 4.46 5.42 -5.23 4.46 5.45
3 16 -5.02 4.74 4.69 -5.01 4.71 4.74 -5.06 4.71 4.8
3 16 -5.06 4.71 4.8 -5.01 4.71 4.74 -5.05 4.65 4.88
3 16 -5.06 4.71 4.8 -5.05 4.65 4.88 -5.09 4.67 4.91
3 16 -5.09 4.67 4.91 -5.05 4.65 4.88 -5.09 4.6 4.98
3 16 -5.09 4.67 4.91 -5.09 4.6 4.98 -5.12 4.62 5.02
3 16 -5.12 4.62 5.02 -5.09 4.6 4.98 -5.12 4.55 5.08
3 16 -5.12 4.62 5.02 -5.12 4.55 5.08 -5.15 4.56 5.13
3 16 -5.15 4.56 5.13 -5.12 4.55 5.08 -5.15 4.49 5.18
3 16 -5.15 4.56 5.13 -5.15 4.49 5.18 -5.17 4.5 5.23
3 16 -5.17 4.5 5.23 -5.15 4.49 5.18 -5.18 4.42 5.28
3 16 -5.17 4.5 5.23 -5.18 4.42 5.28 -5.2 4.43 5.32
3 16 -5.2 4.43 5.32 -5.18 4.42 5.28 -5.21 4.36 5.37
3 16 -5.2 4.43 5.32 -5.21 4.36 5.37 -5.23 4.37 5.42
3 16 -5.23 4.37 5.42 -5.21 4.36 5.37 -5.25 4.29 5.47
3 16 -5.23 4.37 5.42 -5.25 4.29 5.47 -5.26 4.31 5.52
3 16 -5.26 4.31 5.52 -5.25 4.29 5.47 -5.29 4.23 5.56
3 16 -4.99 4.5 4.99 -5 4.46 5.03 -5.04 4.44 5.07
3 16 -5 4.59 4.9 -4.99 4.5 4.99 -5.04 4.52 5.01
3 16 -5.04 4.52 5.01 -4.99 4.5 4.99 -5.04 4.44 5.07
3 16 -5.04 4.52 5.01 -5.04 4.44 5.07 -5.08 4.46 5.11
3 16 -5.08 4.46 5.11 -5.04 4.44 5.07 -5.08 4.38 5.16
3 16 -5.08 4.46 5.11 -5.08 4.38 5.16 -5.12 4.4 5.2
3 16 -5.12 4.4 5.2 -5.08 4.38 5.16 -5.13 4.32 5.25
3 16 -5.12 4.4 5.2 -5.13 4.32 5.25 -5.16 4.33 5.28
3 16 -5.16 4.33 5.28 -5.13 4.32 5.25 -5.14 4.24 5.29
3 16 -5.04 4.37 5.13 -5.05 4.29 5.18 -5.09 4.3 5.21
3 16 -5.19 4.89 4.6 -5.06 4.83 4.53 -5.05 4.82 4.57
3 16 -5.19 4.89 4.6 -5.05 4.82 4.57 -5.1 4.82 4.64
3 16 -5.1 4.82 4.64 -5.05 4.82 4.57 -5.04 4.78 4.63
3 16 -5.1 4.82 4.64 -5.04 4.78 4.63 -5.08 4.77 4.72
3 16 -5.28 4.22 5.51 -5.31 4.14 5.55 -5.32 4.15 5.57
3 16 -5.27 4.12 5.47 -5.29 4.13 5.5 -5.25 4.2 5.46
3 16 -5.25 4.2 5.46 -5.29 4.13 5.5 -5.3 4.14 5.52
3 16 -5 4.61 4.88 -5 4.59 4.9 -5.04 4.59 4.95
3 16 -5.04 4.59 4.95 -5 4.59 4.9 -5.04 4.52 5.01
3 16 -5.04 4.59 4.95 -5.04 4.52 5.01 -5.08 4.53 5.05
3 16 -5.08 4.53 5.05 -5.04 4.52 5.01 -5.08 4.46 5.11
3 16 -5.08 4.53 5.05 -5.08 4.46 5.11 -5.12 4.47 5.14
3 16 -5.12 4.47 5.14 -5.08 4.46 5.11 -5.12 4.4 5.2
3 16 -5.12 4.47 5.14 -5.12 4.4 5.2 -5.15 4.41 5.24
3 16 -5.15 4.41 5.24 -5.12 4.4 5.2 -5.16 4.33 5.28
3 16 -5.15 4.41 5.24 -5.16 4.33 5.28 -5.19 4.34 5.33
3 16 -5.19 4.34 5.33 -5.16 4.33 5.28 -5.21 4.27 5.37
3 16 -5.19 4.34 5.33 -5.21 4.27 5.37 -5.23 4.28 5.42
3 16 -5.23 4.28 5.42 -5.21 4.27 5.37 -5.25 4.2 5.46
3 16 -5.23 4.28 5.42 -5.25 4.2 5.46 -5.28 4.22 5.51
3 16 -5.28 4.22 5.51 -5.25 4.2 5.46 -5.3 4.14 5.52
3 16 -5.28 4.22 5.51 -5.3 4.14 5.52 -5.31 4.14 5.55
3 16 -5.23 4.19 5.41 -5.26 4.11 5.45 -5.27 4.12 5.47
3 16 -5.16 4.25 5.31 -5.2 4.17 5.37 -5.18 4.25 5.33
3 16 -5.18 4.25 5.33 -5.2 4.17 5.37 -5.23 4.19 5.41
3 16 -6.53 3.29 5.58 -6.58 3.36 5.68 -6.37 3.36 5.65
3 16 -6.37 3.36 5.65 -6.41 3.43 5.75 -6.1 3.46 5.69
3 16 -6.1 3.46 5.69 -6.41 3.43 5.75 -6.14 3.51 5.78
3 16 -6.1 3.46 5.69 -6.14 3.51 5.78 -5.95 3.52 5.71
3 16 -5.62 3.72 5.72 -5.61 3.7 5.68 -5.62 3.65 5.65
3 16 -5.62 3.65 5.65 -5.61 3.7 5.68 -5.59 3.68 5.65
3 16 -5.62 3.65 5.65 -5.59 3.68 5.65 -5.58 3.61 5.59
3 16 -5.59 3.68 5.65 -5.57 3.66 5.62 -5.58 3.61 5.59
3 16 -5.58 3.61 5.59 -5.57 3.66 5.62 -5.55 3.65 5.59
3 16 -5.58 3.61 5.59 -5.55 3.65 5.59 -5.53 3.57 5.53
3 16 -6.36 3.15 5.4 -6.37 3.16 5.41 -6.2 3.23 5.46
3 16 -6.2 3.23 5.46 -6.37 3.16 5.41 -6.3 3.29 5.55
4 16 -6.2 3.23 5.46 -6.3 3.29 5.55 -5.96 3.35 5.53 -5.87 3.3 5.46
3 16 -5.96 3.35 5.53 -6.3 3.29 5.55 -6.04 3.4 5.61
3 16 -5.96 3.35 5.53 -6.04 3.4 5.61 -5.84 3.42 5.56
3 16 -5.84 3.42 5.56 -6.04 3.4 5.61 -5.9 3.47 5.63
3 16 -5.84 3.42 5.56 -5.9 3.47 5.63 -5.72 3.49 5.58
3 16 -5.72 3.49 5.58 -5.9 3.47 5.63 -5.78 3.54 5.65
3 16 -6.46 3.22 5.49 -6.53 3.29 5.58 -6.3 3.29 5.55
3 16 -6.3 3.29 5.55 -6.53 3.29 5.58 -6.37 3.36 5.65
3 16 -6.3 3.29 5.55 -6.37 3.36 5.65 -6.04 3.4 5.61
3 16 -6.04 3.4 5.61 -6.37 3.36 5.65 -6.1 3.46 5.69
3 16 -6.04 3.4 5.61 -6.1 3.46 5.69 -5.9 3.47 5.63
3 16 -5.9 3.47 5.63 -6.1 3.46 5.69 -5.95 3.52 5.71
3 16 -5.9 3.47 5.63 -5.95 3.52 5.71 -5.78 3.54 5.65
3 16 -5.16 4.25 5.31 -5.18 4.17 5.35 -5.2 4.17 5.37
3 16 -5.2 4.17 5.37 -5.18 4.17 5.35 -5.23 4.09 5.41
3 16 -5.2 4.17 5.37 -5.23 4.09 5.41 -5.23 4.19 5.41
3 16 -5.23 4.19 5.41 -5.23 4.09 5.41 -5.24 4.1 5.43
3 16 -5.23 4.19 5.41 -5.24 4.1 5.43 -5.26 4.11 5.45
3 16 -5.27 4.12 5.47 -5.25 4.2 5.46 -5.23 4.19 5.41
3 16 -5.23 4.19 5.41 -5.25 4.2 5.46 -5.21 4.27 5.37
3 16 -5.23 4.19 5.41 -5.21 4.27 5.37 -5.18 4.25 5.33
3 16 -5.18 4.25 5.33 -5.21 4.27 5.37 -5.16 4.33 5.28
3 16 -5.18 4.25 5.33 -5.16 4.33 5.28 -5.16 4.25 5.31
3 16 -5.16 4.25 5.31 -5.16 4.33 5.28 -5.14 4.24 5.29
3 16 -5.16 4.25 5.31 -5.14 4.24 5.29 -5.18 4.17 5.35
3 16 -5.18 4.17 5.35 -5.14 4.24 5.29 -5.17 4.16 5.33
3 16 -5.18 4.17 5.35 -5.17 4.16 5.33 -5.21 4.08 5.39
4 16 -5.37 3.76 5.49 -5.47 3.59 5.5 -5.5 3.61 5.53 -5.39 3.77 5.51
4 16 -5.39 3.77 5.51 -5.5 3.61 5.53 -5.52 3.63 5.56 -5.41 3.78 5.53
3 16 -5.52 3.88 5.73 -5.42 4.02 5.67 -5.51 3.87 5.7
3 16 -5.51 3.87 5.7 -5.42 4.02 5.67 -5.41 4.01 5.64
3 16 -5.51 3.87 5.7 -5.41 4.01 5.64 -5.5 3.85 5.67
3 16 -5.5 3.85 5.67 -5.41 4.01 5.64 -5.4 4 5.61
3 16 -5.5 3.85 5.67 -5.4 4 5.61 -5.49 3.84 5.64
3 16 -5.49 3.84 5.64 -5.4 4 5.61 -5.38 3.99 5.59
3 16 -5.49 3.84 5.64 -5.38 3.99 5.59 -5.47 3.83 5.61
3 16 -5.47 3.83 5.61 -5.38 3.99 5.59 -5.37 3.98 5.56
3 16 -5.47 3.83 5.61 -5.37 3.98 5.56 -5.45 3.81 5.59
3 16 -5.45 3.81 5.59 -5.37 3.98 5.56 -5.36 3.96 5.54
3 16 -5.45 3.81 5.59 -5.36 3.96 5.54 -5.43 3.8 5.56
3 16 -5.43 3.8 5.56 -5.36 3.96 5.54 -5.34 3.95 5.51
3 16 -5.43 3.8 5.56 -5.34 3.95 5.51 -5.41 3.78 5.53
3 16 -5.41 3.78 5.53 -5.34 3.95 5.51 -5.32 3.94 5.49
3 16 -5.41 3.78 5.53 -5.32 3.94 5.49 -5.39 3.77 5.51
3 16 -5.39 3.77 5.51 -5.32 3.94 5.49 -5.3 3.93 5.47
3 16 -5.39 3.77 5.51 -5.3 3.93 5.47 -5.37 3.76 5.49
3 16 -5.37 3.76 5.49 -5.3 3.93 5.47 -5.28 3.92 5.45
3 16 -5.15 4.15 5.32 -5.17 4.07 5.35 -5.19 4.08 5.37
3 16 -5.19 4.08 5.37 -5.17 4.07 5.35 -5.24 3.9 5.41
3 16 -5.19 4.08 5.37 -5.24 3.9 5.41 -5.26 3.91 5.43
3 16 -5.26 3.91 5.43 -5.24 3.9 5.41 -5.32 3.73 5.44
3 16 -5.26 3.91 5.43 -5.32 3.73 5.44 -5.35 3.74 5.46
4 16 -5.35 3.74 5.46 -5.32 3.73 5.44 -5.42 3.56 5.45 -5.44 3.58 5.48
3 16 -5.13 4.05 5.32 -5.09 4.22 5.24 -5.11 4.04 5.31
3 16 -5.11 4.04 5.31 -5.09 4.22 5.24 -5.07 4.21 5.23
3 16 -5.11 4.04 5.31 -5.07 4.21 5.23 -5.09 4.03 5.3
3 16 -5.09 4.03 5.3 -5.07 4.21 5.23 -5.05 4.2 5.22
3 16 -5.05 4.2 5.22 -5.03 4.19 5.21 -5.09 4.03 5.3
3 16 -5.09 4.03 5.3 -5.03 4.19 5.21 -5.05 4.09 5.26
3 16 -5.09 4.03 5.3 -5.05 4.09 5.26 -5.07 4.02 5.29
3 16 -5.17 3.7 5.36 -5.24 3.69 5.39 -5.14 3.79 5.35
3 16 -5.14 3.79 5.35 -5.24 3.69 5.39 -5.17 3.86 5.36
3 16 -5.14 3.79 5.35 -5.17 3.86 5.36 -5.15 3.85 5.35
3 16 -5.38 3.43 5.39 -5.36 3.53 5.41 -5.33 3.52 5.39
3 16 -5.33 3.52 5.39 -5.36 3.53 5.41 -5.27 3.7 5.41
3 16 -5.33 3.52 5.39 -5.27 3.7 5.41 -5.24 3.69 5.39
3 16 -5.24 3.69 5.39 -5.27 3.7 5.41 -5.19 3.88 5.38
3 16 -5.24 3.69 5.39 -5.19 3.88 5.38 -5.17 3.86 5.36
3 16 -5.08 3.99 5.29 -5.1 3.9 5.32 -5.15 3.85 5.35
3 16 -5.15 3.85 5.35 -5.1 3.9 5.32 -5.12 3.84 5.34
3 16 -5.15 3.85 5.35 -5.12 3.84 5.34 -5.14 3.79 5.35
3 16 -5.07 4.02 5.29 -5.08 3.99 5.29 -5.09 4.03 5.3
3 16 -5.09 4.03 5.3 -5.08 3.99 5.29 -5.15 3.85 5.35
3 16 -5.09 4.03 5.3 -5.15 3.85 5.35 -5.11 4.04 5.31
3 16 -5.11 4.04 5.31 -5.15 3.85 5.35 -5.17 3.86 5.36
3 16 -5.11 4.04 5.31 -5.17 3.86 5.36 -5.13 4.05 5.32
3 16 -5.13 4.05 5.32 -5.17 3.86 5.36 -5.19 3.88 5.38
3 16 -5.47 3.54 5.48 -5.44 3.58 5.48 -5.41 3.5 5.43
3 16 -5.41 3.5 5.43 -5.44 3.58 5.48 -5.42 3.56 5.45
3 16 -5.41 3.5 5.43 -5.42 3.56 5.45 -5.39 3.55 5.43
4 16 -5.39 3.55 5.43 -5.42 3.56 5.45 -5.32 3.73 5.44 -5.3 3.72 5.43
3 16 -5.3 3.72 5.43 -5.32 3.73 5.44 -5.24 3.9 5.41
3 16 -5.3 3.72 5.43 -5.24 3.9 5.41 -5.22 3.89 5.39
3 16 -5.22 3.89 5.39 -5.24 3.9 5.41 -5.17 4.07 5.35
3 16 -5.22 3.89 5.39 -5.17 4.07 5.35 -5.15 4.06 5.34
3 16 -5.15 4.06 5.34 -5.17 4.07 5.35 -5.15 4.15 5.32
3 16 -5.15 4.06 5.34 -5.15 4.15 5.32 -5.11 4.22 5.26
3 16 -5.95 3.12 5.33 -6.09 3.02 5.25 -6.11 3.03 5.25
4 16 -6.08 3.17 5.39 -5.95 3.12 5.33 -6.11 3.03 5.25 -6.26 3.09 5.33
3 16 -5.39 3.25 5.31 -5.56 3.19 5.32 -5.49 3.27 5.35
3 16 -5.49 3.27 5.35 -5.56 3.19 5.32 -5.67 3.23 5.36
4 16 -5.49 3.27 5.35 -5.67 3.23 5.36 -5.77 3.26 5.41 -5.59 3.3 5.39
4 16 -5.59 3.3 5.39 -5.77 3.26 5.41 -5.87 3.3 5.46 -5.68 3.34 5.44
4 16 -5.68 3.34 5.44 -5.87 3.3 5.46 -5.96 3.35 5.53 -5.76 3.38 5.49
3 16 -5.76 3.38 5.49 -5.59 3.42 5.46 -5.68 3.34 5.44
3 16 -5.68 3.34 5.44 -5.59 3.42 5.46 -5.51 3.38 5.41
4 16 -5.68 3.34 5.44 -5.51 3.38 5.41 -5.43 3.35 5.37 -5.59 3.3 5.39
4 16 -5.59 3.3 5.39 -5.43 3.35 5.37 -5.35 3.32 5.33 -5.49 3.27 5.35
3 16 -5.49 3.27 5.35 -5.35 3.32 5.33 -5.39 3.25 5.31
3 16 -5.94 2.98 5.19 -6.09 3.02 5.25 -5.89 3.03 5.24
3 16 -5.89 3.03 5.24 -6.09 3.02 5.25 -5.95 3.12 5.33
3 16 -5.89 3.03 5.24 -5.95 3.12 5.33 -5.82 3.09 5.28
3 16 -5.82 3.09 5.28 -5.95 3.12 5.33 -5.67 3.23 5.36
3 16 -5.82 3.09 5.28 -5.67 3.23 5.36 -5.48 3.11 5.26
3 16 -5.48 3.11 5.26 -5.67 3.23 5.36 -5.56 3.19 5.32
3 16 -5.45 3.16 5.28 -5.56 3.19 5.32 -5.39 3.25 5.31
3 16 -5.17 3.7 5.36 -5.19 3.66 5.36 -5.24 3.69 5.39
3 16 -5.24 3.69 5.39 -5.19 3.66 5.36 -5.21 3.6 5.37
3 16 -5.24 3.69 5.39 -5.21 3.6 5.37 -5.33 3.52 5.39
3 16 -5.33 3.52 5.39 -5.21 3.6 5.37 -5.26 3.51 5.36
3 16 -5.33 3.52 5.39 -5.26 3.51 5.36 -5.38 3.43 5.39
3 16 -5.38 3.43 5.39 -5.26 3.51 5.36 -5.3 3.43 5.36
3 16 -5.38 3.43 5.39 -5.3 3.43 5.36 -5.31 3.4 5.35
3 16 -6.26 3.09 5.33 -6.36 3.15 5.4 -6.08 3.17 5.39
3 16 -6.08 3.17 5.39 -6.36 3.15 5.4 -6.2 3.23 5.46
3 16 -5.76 3.38 5.49 -5.96 3.35 5.53 -5.84 3.42 5.56
3 16 -5.76 3.38 5.49 -5.84 3.42 5.56 -5.66 3.45 5.51
3 16 -5.66 3.45 5.51 -5.84 3.42 5.56 -5.72 3.49 5.58
3 16 -5.34 4.14 6.08 -5.27 4.24 5.99 -5.28 4.25 5.94
3 16 -5.27 4.24 5.99 -5.27 4.24 5.99 -5.28 4.25 5.94
3 16 -5.28 4.25 5.94 -5.27 4.24 5.99 -5.26 4.26 5.97
4 16 -5.28 4.25 5.94 -5.26 4.26 5.97 -5.19 4.39 5.88 -5.21 4.38 5.84
3 16 -5.21 4.38 5.84 -5.23 4.37 5.8 -5.27 4.3 5.85
3 16 -5.27 4.3 5.85 -5.23 4.37 5.8 -5.28 4.29 5.81
3 16 -5.23 4.37 5.8 -5.24 4.36 5.78 -5.28 4.29 5.81
3 16 -5.28 4.29 5.81 -5.24 4.36 5.78 -5.25 4.36 5.76
3 16 -5.28 4.29 5.81 -5.25 4.36 5.76 -5.29 4.28 5.76
3 16 -5.44 4.04 6.19 -5.37 4.11 6.11 -5.37 4.13 6.04
3 16 -5.37 4.13 6.04 -5.37 4.11 6.11 -5.36 4.12 6.1
3 16 -5.39 4.12 5.99 -5.5 4.01 6.09 -5.37 4.13 6.04
3 16 -5.37 4.13 6.04 -5.5 4.01 6.09 -5.47 4.03 6.14
3 16 -5.37 4.13 6.04 -5.47 4.03 6.14 -5.44 4.04 6.19
3 16 -5.59 3.95 6.25 -5.47 4.03 6.14 -5.62 3.93 6.19
3 16 -5.62 3.93 6.19 -5.47 4.03 6.14 -5.5 4.01 6.09
3 16 -5.62 3.93 6.19 -5.5 4.01 6.09 -5.52 4 6.04
3 16 -5.52 4 6.04 -5.5 4.01 6.09 -5.39 4.12 5.99
3 16 -5.52 4 6.04 -5.39 4.12 5.99 -5.41 4.1 5.94
3 16 -5.36 4.12 6.1 -5.34 4.14 6.08 -5.37 4.13 6.04
3 16 -5.37 4.13 6.04 -5.34 4.14 6.08 -5.28 4.25 5.94
4 16 -5.37 4.13 6.04 -5.28 4.25 5.94 -5.3 4.24 5.9 -5.39 4.12 5.99
3 16 -5.39 4.12 5.99 -5.3 4.24 5.9 -5.41 4.1 5.94
3 16 -5.41 4.1 5.94 -5.3 4.24 5.9 -5.32 4.23 5.85
3 16 -5.41 4.1 5.94 -5.32 4.23 5.85 -5.38 4.15 5.85
3 16 -5.38 4.15 5.85 -5.32 4.23 5.85 -5.33 4.21 5.8
3 16 -5.38 4.15 5.85 -5.33 4.21 5.8 -5.34 4.2 5.75
3 16 -5.25 4.36 5.76 -5.26 4.35 5.74 -5.29 4.28 5.76
3 16 -5.29 4.28 5.76 -5.26 4.35 5.74 -5.26 4.35 5.71
3 16 -5.29 4.28 5.76 -5.26 4.35 5.71 -5.3 4.27 5.71
3 16 -5.26 4.35 5.71 -5.27 4.34 5.69 -5.3 4.27 5.71
3 16 -5.3 4.27 5.71 -5.27 4.34 5.69 -5.27 4.34 5.67
3 16 -5.3 4.27 5.71 -5.27 4.34 5.67 -5.3 4.26 5.66
3 16 -5.34 4.2 5.75 -5.38 4.14 5.8 -5.38 4.15 5.85
3 16 -5.38 4.15 5.85 -5.38 4.14 5.8 -5.42 4.09 5.89
3 16 -5.38 4.15 5.85 -5.42 4.09 5.89 -5.41 4.1 5.94
3 16 -5.41 4.1 5.94 -5.42 4.09 5.89 -5.53 3.98 5.98
3 16 -5.41 4.1 5.94 -5.53 3.98 5.98 -5.52 4 6.04
3 16 -5.52 4 6.04 -5.53 3.98 5.98 -5.58 3.95 6.09
3 16 -5.52 4 6.04 -5.58 3.95 6.09 -5.62 3.93 6.19
3 16 -5.27 4.34 5.67 -5.27 4.33 5.64 -5.3 4.26 5.66
3 16 -5.3 4.26 5.66 -5.27 4.33 5.64 -5.27 4.33 5.62
3 16 -5.3 4.26 5.66 -5.27 4.33 5.62 -5.3 4.25 5.61
3 16 -5.3 4.25 5.61 -5.27 4.33 5.62 -5.27 4.32 5.59
3 16 -5.3 4.25 5.61 -5.27 4.32 5.59 -5.27 4.32 5.57
3 16 -5.04 4.78 4.63 -5.02 4.74 4.69 -5.08 4.77 4.72
3 16 -5.08 4.77 4.72 -5.02 4.74 4.69 -5.06 4.71 4.8
3 16 -5.08 4.77 4.72 -5.06 4.71 4.8 -5.11 4.73 4.84
3 16 -5.11 4.73 4.84 -5.06 4.71 4.8 -5.09 4.67 4.91
3 16 -5.11 4.73 4.84 -5.09 4.67 4.91 -5.14 4.69 4.96
3 16 -5.14 4.69 4.96 -5.09 4.67 4.91 -5.12 4.62 5.02
3 16 -5.14 4.69 4.96 -5.12 4.62 5.02 -5.16 4.63 5.07
3 16 -5.16 4.63 5.07 -5.12 4.62 5.02 -5.15 4.56 5.13
3 16 -5.16 4.63 5.07 -5.15 4.56 5.13 -5.18 4.57 5.17
3 16 -5.18 4.57 5.17 -5.15 4.56 5.13 -5.17 4.5 5.23
3 16 -5.18 4.57 5.17 -5.17 4.5 5.23 -5.2 4.51 5.27
3 16 -5.2 4.51 5.27 -5.17 4.5 5.23 -5.2 4.43 5.32
3 16 -5.2 4.51 5.27 -5.2 4.43 5.32 -5.22 4.44 5.37
3 16 -5.22 4.44 5.37 -5.2 4.43 5.32 -5.23 4.37 5.42
3 16 -5.22 4.44 5.37 -5.23 4.37 5.42 -5.24 4.38 5.47
3 16 -5.24 4.38 5.47 -5.23 4.37 5.42 -5.26 4.31 5.52
3 16 -5.24 4.38 5.47 -5.26 4.31 5.52 -5.27 4.31 5.54
3 16 -5.27 4.31 5.54 -5.26 4.31 5.52 -5.29 4.23 5.56
3 16 -5.27 4.31 5.54 -5.29 4.23 5.56 -5.27 4.32 5.57
3 16 -5.28 4.25 5.94 -5.21 4.38 5.84 -5.27 4.3 5.85
3 16 -5.28 4.25 5.94 -5.27 4.3 5.85 -5.3 4.24 5.9
3 16 -5.3 4.24 5.9 -5.27 4.3 5.85 -5.28 4.29 5.81
3 16 -5.3 4.24 5.9 -5.28 4.29 5.81 -5.32 4.23 5.85
3 16 -5.32 4.23 5.85 -5.28 4.29 5.81 -5.29 4.28 5.76
3 16 -5.32 4.23 5.85 -5.29 4.28 5.76 -5.33 4.21 5.8
3 16 -5.33 4.21 5.8 -5.29 4.28 5.76 -5.3 4.27 5.71
3 16 -5.33 4.21 5.8 -5.3 4.27 5.71 -5.34 4.2 5.75
3 16 -5.34 4.2 5.75 -5.3 4.27 5.71 -5.3 4.26 5.66
3 16 -5.34 4.2 5.75 -5.3 4.26 5.66 -5.34 4.19 5.7
3 16 -5.34 4.19 5.7 -5.3 4.26 5.66 -5.3 4.25 5.61
3 16 -5.29 4.23 5.56 -5.33 4.16 5.6 -5.34 4.17 5.65
3 16 -5.34 4.17 5.65 -5.33 4.16 5.6 -5.38 4.1 5.69
3 16 -5.34 4.17 5.65 -5.38 4.1 5.69 -5.38 4.12 5.74
3 16 -5.38 4.12 5.74 -5.38 4.1 5.69 -5.43 4.06 5.78
3 16 -5.38 4.12 5.74 -5.43 4.06 5.78 -5.43 4.07 5.84
3 16 -5.43 4.07 5.84 -5.43 4.06 5.78 -5.54 3.93 5.86
3 16 -5.43 4.07 5.84 -5.54 3.93 5.86 -5.54 3.96 5.92
3 16 -5.54 3.96 5.92 -5.54 3.93 5.86 -5.6 3.9 5.96
3 16 -5.54 3.96 5.92 -5.6 3.9 5.96 -5.59 3.93 6.03
3 16 -5.41 3.78 5.53 -5.52 3.63 5.56 -5.49 3.72 5.58
3 16 -5.41 3.78 5.53 -5.49 3.72 5.58 -5.43 3.8 5.56
3 16 -5.43 3.8 5.56 -5.49 3.72 5.58 -5.51 3.74 5.6
3 16 -5.43 3.8 5.56 -5.51 3.74 5.6 -5.45 3.81 5.59
3 16 -5.45 3.81 5.59 -5.51 3.74 5.6 -5.53 3.75 5.63
3 16 -5.45 3.81 5.59 -5.53 3.75 5.63 -5.47 3.83 5.61
3 16 -5.47 3.83 5.61 -5.53 3.75 5.63 -5.54 3.77 5.67
3 16 -5.47 3.83 5.61 -5.54 3.77 5.67 -5.49 3.84 5.64
3 16 -5.49 3.84 5.64 -5.54 3.77 5.67 -5.56 3.79 5.7
3 16 -5.49 3.84 5.64 -5.56 3.79 5.7 -5.5 3.85 5.67
3 16 -5.5 3.85 5.67 -5.56 3.79 5.7 -5.57 3.8 5.73
3 16 -5.5 3.85 5.67 -5.57 3.8 5.73 -5.51 3.87 5.7
3 16 -5.51 3.87 5.7 -5.57 3.8 5.73 -5.58 3.82 5.76
3 16 -5.51 3.87 5.7 -5.58 3.82 5.76 -5.52 3.88 5.73
3 16 -5.52 3.88 5.73 -5.58 3.82 5.76 -5.6 3.85 5.83
3 16 -5.21 4.08 5.39 -5.28 3.92 5.45 -5.23 4.09 5.41
3 16 -5.23 4.09 5.41 -5.28 3.92 5.45 -5.3 3.93 5.47
3 16 -5.23 4.09 5.41 -5.3 3.93 5.47 -5.24 4.1 5.43
3 16 -5.24 4.1 5.43 -5.3 3.93 5.47 -5.32 3.94 5.49
3 16 -5.24 4.1 5.43 -5.32 3.94 5.49 -5.26 4.11 5.45
3 16 -5.26 4.11 5.45 -5.32 3.94 5.49 -5.34 3.95 5.51
3 16 -5.26 4.11 5.45 -5.34 3.95 5.51 -5.27 4.12 5.47
3 16 -5.27 4.12 5.47 -5.34 3.95 5.51 -5.36 3.96 5.54
3 16 -5.27 4.12 5.47 -5.36 3.96 5.54 -5.29 4.13 5.5
3 16 -5.29 4.13 5.5 -5.36 3.96 5.54 -5.37 3.98 5.56
3 16 -5.29 4.13 5.5 -5.37 3.98 5.56 -5.3 4.14 5.52
3 16 -5.3 4.14 5.52 -5.37 3.98 5.56 -5.38 3.99 5.59
3 16 -5.3 4.14 5.52 -5.38 3.99 5.59 -5.31 4.14 5.55
3 16 -5.31 4.14 5.55 -5.38 3.99 5.59 -5.4 4 5.61
3 16 -5.31 4.14 5.55 -5.4 4 5.61 -5.32 4.15 5.57
3 16 -5.32 4.15 5.57 -5.4 4 5.61 -5.41 4.01 5.64
3 16 -5.32 4.15 5.57 -5.41 4.01 5.64 -5.37 4.09 5.63
3 16 -5.37 4.09 5.63 -5.41 4.01 5.64 -5.42 4.02 5.67
3 16 -5.37 4.09 5.63 -5.42 4.02 5.67 -5.43 4.04 5.72
3 16 -5.43 4.04 5.72 -5.42 4.02 5.67 -5.52 3.88 5.73
3 16 -5.43 4.04 5.72 -5.52 3.88 5.73 -5.54 3.91 5.8
3 16 -5.54 3.91 5.8 -5.52 3.88 5.73 -5.6 3.85 5.83
3 16 -5.54 3.91 5.8 -5.6 3.85 5.83 -5.6 3.88 5.9
3 16 -5 4.63 4.85 -5 4.61 4.88 -5.05 4.65 4.88
3 16 -5.05 4.65 4.88 -5 4.61 4.88 -5.04 4.59 4.95
3 16 -5.05 4.65 4.88 -5.04 4.59 4.95 -5.09 4.6 4.98
3 16 -5.09 4.6 4.98 -5.04 4.59 4.95 -5.08 4.53 5.05
3 16 -5.09 4.6 4.98 -5.08 4.53 5.05 -5.12 4.55 5.08
3 16 -5.12 4.55 5.08 -5.08 4.53 5.05 -5.12 4.47 5.14
3 16 -5.12 4.55 5.08 -5.12 4.47 5.14 -5.15 4.49 5.18
3 16 -5.15 4.49 5.18 -5.12 4.47 5.14 -5.15 4.41 5.24
3 16 -5.15 4.49 5.18 -5.15 4.41 5.24 -5.18 4.42 5.28
3 16 -5.18 4.42 5.28 -5.15 4.41 5.24 -5.19 4.34 5.33
3 16 -5.18 4.42 5.28 -5.19 4.34 5.33 -5.21 4.36 5.37
3 16 -5.21 4.36 5.37 -5.19 4.34 5.33 -5.23 4.28 5.42
3 16 -5.21 4.36 5.37 -5.23 4.28 5.42 -5.25 4.29 5.47
3 16 -5.25 4.29 5.47 -5.23 4.28 5.42 -5.28 4.22 5.51
3 16 -5.25 4.29 5.47 -5.28 4.22 5.51 -5.29 4.23 5.56
3 16 -5.29 4.23 5.56 -5.28 4.22 5.51 -5.32 4.15 5.57
3 16 -5.29 4.23 5.56 -5.32 4.15 5.57 -5.33 4.16 5.6
3 16 -5.33 4.16 5.6 -5.32 4.15 5.57 -5.37 4.09 5.63
3 16 -5.33 4.16 5.6 -5.37 4.09 5.63 -5.38 4.1 5.69
3 16 -5.38 4.1 5.69 -5.37 4.09 5.63 -5.43 4.04 5.72
3 16 -5.38 4.1 5.69 -5.43 4.04 5.72 -5.43 4.06 5.78
3 16 -5.43 4.06 5.78 -5.43 4.04 5.72 -5.54 3.91 5.8
3 16 -5.43 4.06 5.78 -5.54 3.91 5.8 -5.54 3.93 5.86
3 16 -5.54 3.93 5.86 -5.54 3.91 5.8 -5.6 3.88 5.9
3 16 -5.54 3.93 5.86 -5.6 3.88 5.9 -5.6 3.9 5.96
3 16 -5.6 3.94 6.34 -5.56 3.97 6.3 -5.59 3.95 6.25
3 16 -5.59 3.95 6.25 -5.56 3.97 6.3 -5.49 4 6.24
3 16 -5.59 3.95 6.25 -5.49 4 6.24 -5.47 4.03 6.14
3 16 -5.47 4.03 6.14 -5.49 4 6.24 -5.48 4.02 6.22
3 16 -5.47 4.03 6.14 -5.48 4.02 6.22 -5.44 4.04 6.19
3 16 -5.85 3.88 6.56 -5.81 3.88 6.53 -5.9 3.84 6.43
3 16 -5.9 3.84 6.43 -5.81 3.88 6.53 -5.78 3.89 6.5
3 16 -5.9 3.84 6.43 -5.78 3.89 6.5 -5.73 3.89 6.35
3 16 -5.73 3.89 6.35 -5.78 3.89 6.5 -5.73 3.9 6.46
3 16 -5.73 3.89 6.35 -5.73 3.9 6.46 -5.68 3.91 6.42
3 16 -5.6 3.94 6.34 -5.59 3.95 6.25 -5.63 3.93 6.37
3 16 -5.63 3.93 6.37 -5.59 3.95 6.25 -5.7 3.89 6.24
3 16 -5.63 3.93 6.37 -5.7 3.89 6.24 -5.73 3.89 6.35
3 16 -5.73 3.89 6.35 -5.7 3.89 6.24 -5.78 3.86 6.28
3 16 -5.73 3.89 6.35 -5.78 3.86 6.28 -5.9 3.84 6.43
3 16 -5.27 4.32 5.57 -5.29 4.23 5.56 -5.3 4.25 5.61
3 16 -5.3 4.25 5.61 -5.29 4.23 5.56 -5.34 4.17 5.65
3 16 -5.3 4.25 5.61 -5.34 4.17 5.65 -5.34 4.19 5.7
3 16 -5.34 4.19 5.7 -5.34 4.17 5.65 -5.38 4.12 5.74
3 16 -5.34 4.19 5.7 -5.38 4.12 5.74 -5.38 4.14 5.8
3 16 -5.38 4.14 5.8 -5.38 4.12 5.74 -5.43 4.07 5.84
3 16 -5.38 4.14 5.8 -5.43 4.07 5.84 -5.42 4.09 5.89
3 16 -5.42 4.09 5.89 -5.43 4.07 5.84 -5.54 3.96 5.92
3 16 -5.42 4.09 5.89 -5.54 3.96 5.92 -5.53 3.98 5.98
3 16 -5.53 3.98 5.98 -5.54 3.96 5.92 -5.59 3.93 6.03
3 16 -5.53 3.98 5.98 -5.59 3.93 6.03 -5.58 3.95 6.09
3 16 -5.58 3.95 6.09 -5.59 3.93 6.03 -5.65 3.9 6.13
3 16 -5.58 3.95 6.09 -5.65 3.9 6.13 -5.62 3.93 6.19
3 16 -5.62 3.93 6.19 -5.65 3.9 6.13 -5.72 3.86 6.17
3 16 -5.62 3.93 6.19 -5.72 3.86 6.17 -5.7 3.89 6.24
3 16 -5.7 3.89 6.24 -5.72 3.86 6.17 -5.82 3.83 6.2
3 16 -5.7 3.89 6.24 -5.82 3.83 6.2 -5.78 3.86 6.28
3 16 -5.78 3.86 6.28 -5.82 3.83 6.2 -5.87 3.83 6.31
3 16 -5.78 3.86 6.28 -5.87 3.83 6.31 -5.9 3.84 6.43
4 16 -5.85 3.88 6.56 -5.9 3.84 6.43 -6.07 3.83 6.52 -5.93 3.87 6.62
3 16 -5.93 3.87 6.62 -6.07 3.83 6.52 -5.95 3.87 6.64
3 16 -6.07 3.83 6.52 -6.24 3.84 6.6 -6.22 3.85 6.62
3 16 -5.95 3.87 6.64 -6.07 3.83 6.52 -5.98 3.88 6.66
4 16 -5.98 3.88 6.66 -6.07 3.83 6.52 -6.22 3.85 6.62 -6.1 3.89 6.75
4 16 -5.85 3.79 6.13 -5.96 3.75 6.14 -5.92 3.79 6.23 -5.82 3.83 6.2
4 16 -5.92 3.79 6.23 -5.96 3.75 6.14 -6.09 3.72 6.15 -6.04 3.76 6.24
3 16 -5.92 3.79 6.23 -6.04 3.76 6.24 -5.97 3.8 6.34
3 16 -5.97 3.8 6.34 -6.04 3.76 6.24 -6.26 3.72 6.28
3 16 -5.97 3.8 6.34 -6.26 3.72 6.28 -6.17 3.78 6.4
4 16 -6.17 3.78 6.4 -6.26 3.72 6.28 -6.45 3.73 6.33 -6.35 3.78 6.46
3 16 -5.75 3.83 6.1 -5.66 3.88 6.07 -5.75 3.82 6.06
3 16 -5.75 3.82 6.06 -5.66 3.88 6.07 -5.67 3.87 6.03
3 16 -5.66 3.79 5.86 -5.71 3.79 5.94 -5.67 3.82 5.93
3 16 -5.67 3.82 5.93 -5.71 3.79 5.94 -5.71 3.83 6.01
3 16 -5.67 3.82 5.93 -5.71 3.83 6.01 -5.67 3.85 6
3 16 -5.67 3.87 6.03 -5.67 3.85 6 -5.75 3.82 6.06
3 16 -5.75 3.82 6.06 -5.67 3.85 6 -5.71 3.83 6.01
3 16 -5.75 3.82 6.06 -5.71 3.83 6.01 -5.76 3.8 6.03
3 16 -5.76 3.8 6.03 -5.71 3.83 6.01 -5.71 3.79 5.94
3 16 -5.66 3.79 5.86 -5.7 3.76 5.87 -5.71 3.79 5.94
3 16 -5.71 3.79 5.94 -5.7 3.76 5.87 -5.76 3.77 5.95
3 16 -5.71 3.79 5.94 -5.76 3.77 5.95 -5.76 3.8 6.03
4 16 -5.76 3.8 6.03 -5.76 3.77 5.95 -5.87 3.71 5.96 -5.87 3.75 6.05
3 16 -5.76 3.8 6.03 -5.87 3.75 6.05 -5.75 3.82 6.06
3 16 -5.75 3.82 6.06 -5.87 3.75 6.05 -5.85 3.79 6.13
3 16 -5.75 3.82 6.06 -5.85 3.79 6.13 -5.75 3.83 6.1
4 16 -6.33 3.67 6.17 -6.09 3.72 6.15 -6.13 3.67 6.06 -6.38 3.61 6.06
4 16 -6.13 3.67 6.06 -6.09 3.72 6.15 -5.96 3.75 6.14 -5.99 3.71 6.05
4 16 -6.13 3.67 6.06 -5.99 3.71 6.05 -6.01 3.66 5.97 -6.15 3.62 5.96
4 16 -6.01 3.66 5.97 -5.99 3.71 6.05 -5.87 3.75 6.05 -5.87 3.71 5.96
4 16 -6.01 3.66 5.97 -5.87 3.71 5.96 -5.87 3.67 5.88 -6 3.62 5.88
4 16 -5.87 3.67 5.88 -5.87 3.71 5.96 -5.76 3.77 5.95 -5.75 3.73 5.87
3 16 -5.87 3.67 5.88 -5.75 3.73 5.87 -5.73 3.69 5.8
3 16 -5.73 3.69 5.8 -5.75 3.73 5.87 -5.69 3.72 5.79
3 16 -5.73 3.69 5.8 -5.69 3.72 5.79 -5.66 3.68 5.72
4 16 -6.15 3.62 5.96 -6.41 3.55 5.95 -6.38 3.61 6.06 -6.13 3.67 6.06
3 16 -5.62 3.72 5.72 -5.62 3.65 5.65 -5.66 3.68 5.72
3 16 -5.66 3.68 5.72 -5.62 3.65 5.65 -5.71 3.65 5.72
3 16 -5.66 3.68 5.72 -5.71 3.65 5.72 -5.73 3.69 5.8
3 16 -5.73 3.69 5.8 -5.71 3.65 5.72 -5.85 3.63 5.8
3 16 -5.73 3.69 5.8 -5.85 3.63 5.8 -5.87 3.67 5.88
3 16 -5.87 3.67 5.88 -5.85 3.63 5.8 -6 3.62 5.88
4 16 -6.01 3.66 5.97 -6 3.62 5.88 -6.15 3.57 5.87 -6.15 3.62 5.96
4 16 -6.41 3.55 5.95 -6.6 3.54 5.97 -6.56 3.61 6.1 -6.38 3.61 6.06
4 16 -6.38 3.61 6.06 -6.56 3.61 6.1 -6.52 3.67 6.2 -6.33 3.67 6.17
4 16 -6.33 3.67 6.17 -6.52 3.67 6.2 -6.48 3.7 6.27 -6.26 3.72 6.28
3 16 -5.64 3.74 5.75 -5.66 3.68 5.72 -5.65 3.75 5.78
3 16 -5.65 3.75 5.78 -5.66 3.68 5.72 -5.69 3.72 5.79
3 16 -5.65 3.75 5.78 -5.69 3.72 5.79 -5.7 3.76 5.87
3 16 -5.7 3.76 5.87 -5.69 3.72 5.79 -5.75 3.73 5.87
3 16 -5.7 3.76 5.87 -5.75 3.73 5.87 -5.76 3.77 5.95
4 16 -6.04 3.76 6.24 -6.09 3.72 6.15 -6.33 3.67 6.17 -6.26 3.72 6.28
3 16 -6.26 3.72 6.28 -6.48 3.7 6.27 -6.45 3.73 6.33
3 16 -5.04 4.44 5.07 -5.04 4.37 5.13 -5.08 4.38 5.16
3 16 -5.08 4.38 5.16 -5.04 4.37 5.13 -5.09 4.3 5.21
3 16 -5.08 4.38 5.16 -5.09 4.3 5.21 -5.13 4.32 5.25
3 16 -5.13 4.32 5.25 -5.09 4.3 5.21 -5.11 4.22 5.26
3 16 -5.13 4.32 5.25 -5.11 4.22 5.26 -5.13 4.23 5.28
3 16 -5.13 4.23 5.28 -5.11 4.22 5.26 -5.15 4.15 5.32
3 16 -5.13 4.23 5.28 -5.15 4.15 5.32 -5.17 4.16 5.33
3 16 -5.17 4.16 5.33 -5.15 4.15 5.32 -5.19 4.08 5.37
3 16 -5.17 4.16 5.33 -5.19 4.08 5.37 -5.21 4.08 5.39
3 16 -5.21 4.08 5.39 -5.19 4.08 5.37 -5.26 3.91 5.43
3 16 -5.21 4.08 5.39 -5.26 3.91 5.43 -5.28 3.92 5.45
3 16 -5.28 3.92 5.45 -5.26 3.91 5.43 -5.35 3.74 5.46
3 16 -5.28 3.92 5.45 -5.35 3.74 5.46 -5.37 3.76 5.49
4 16 -5.37 3.76 5.49 -5.35 3.74 5.46 -5.44 3.58 5.48 -5.47 3.59 5.5
3 16 -5.47 3.59 5.5 -5.44 3.58 5.48 -5.47 3.54 5.48
3 16 -5.47 3.59 5.5 -5.47 3.54 5.48 -5.5 3.61 5.53
3 16 -5.5 3.61 5.53 -5.47 3.54 5.48 -5.53 3.57 5.53
3 16 -5.5 3.61 5.53 -5.53 3.57 5.53 -5.52 3.63 5.56
3 16 -5.52 3.63 5.56 -5.53 3.57 5.53 -5.55 3.65 5.59
3 16 -5.52 3.63 5.56 -5.55 3.65 5.59 -5.49 3.72 5.58
3 16 -5.49 3.72 5.58 -5.55 3.65 5.59 -5.57 3.66 5.62
3 16 -5.49 3.72 5.58 -5.57 3.66 5.62 -5.51 3.74 5.6
3 16 -5.51 3.74 5.6 -5.57 3.66 5.62 -5.59 3.68 5.65
3 16 -5.51 3.74 5.6 -5.59 3.68 5.65 -5.53 3.75 5.63
3 16 -5.53 3.75 5.63 -5.59 3.68 5.65 -5.61 3.7 5.68
3 16 -5.53 3.75 5.63 -5.61 3.7 5.68 -5.54 3.77 5.67
3 16 -5.54 3.77 5.67 -5.61 3.7 5.68 -5.62 3.72 5.72
3 16 -5.54 3.77 5.67 -5.62 3.72 5.72 -5.56 3.79 5.7
3 16 -5.56 3.79 5.7 -5.62 3.72 5.72 -5.64 3.74 5.75
3 16 -5.56 3.79 5.7 -5.64 3.74 5.75 -5.57 3.8 5.73
3 16 -5.57 3.8 5.73 -5.64 3.74 5.75 -5.65 3.75 5.78
3 16 -5.57 3.8 5.73 -5.65 3.75 5.78 -5.58 3.82 5.76
3 16 -5.58 3.82 5.76 -5.65 3.75 5.78 -5.66 3.79 5.86
3 16 -5.58 3.82 5.76 -5.66 3.79 5.86 -5.6 3.85 5.83
3 16 -5.6 3.85 5.83 -5.66 3.79 5.86 -5.67 3.82 5.93
3 16 -5.6 3.85 5.83 -5.67 3.82 5.93 -5.6 3.88 5.9
3 16 -5.6 3.88 5.9 -5.67 3.82 5.93 -5.67 3.85 6
3 16 -5.6 3.88 5.9 -5.67 3.85 6 -5.6 3.9 5.96
3 16 -5.6 3.9 5.96 -5.67 3.85 6 -5.67 3.87 6.03
3 16 -5.6 3.9 5.96 -5.67 3.87 6.03 -5.59 3.93 6.03
3 16 -5.59 3.93 6.03 -5.67 3.87 6.03 -5.66 3.88 6.07
3 16 -5.59 3.93 6.03 -5.66 3.88 6.07 -5.65 3.9 6.13
4 16 -5.65 3.9 6.13 -5.66 3.88 6.07 -5.75 3.83 6.1 -5.72 3.86 6.17
3 16 -5.72 3.86 6.17 -5.75 3.83 6.1 -5.85 3.79 6.13
3 16 -5.72 3.86 6.17 -5.85 3.79 6.13 -5.82 3.83 6.2
3 16 -5.82 3.83 6.2 -5.92 3.79 6.23 -5.87 3.83 6.31
3 16 -5.87 3.83 6.31 -5.92 3.79 6.23 -5.97 3.8 6.34
3 16 -5.87 3.83 6.31 -5.97 3.8 6.34 -5.9 3.84 6.43
3 16 -5.9 3.84 6.43 -5.97 3.8 6.34 -6.17 3.78 6.4
3 16 -5.9 3.84 6.43 -6.17 3.78 6.4 -6.07 3.83 6.52
3 16 -6.07 3.83 6.52 -6.17 3.78 6.4 -6.35 3.78 6.46
3 16 -6.07 3.83 6.52 -6.35 3.78 6.46 -6.24 3.84 6.6
3 16 -5.31 5.62 5.55 -5.48 5.57 5.35 -5.42 5.5 5.35
4 16 -5.21 5.42 5.55 -5.25 5.51 5.55 -5.34 5.52 5.45 -5.26 5.36 5.47
3 16 -5.34 5.52 5.45 -5.25 5.51 5.55 -5.28 5.57 5.55
3 16 -5.22 5.27 5.49 -5.18 5.33 5.55 -5.26 5.36 5.47
3 16 -5.26 5.36 5.47 -5.18 5.33 5.55 -5.2 5.38 5.55
3 16 -5.26 5.36 5.47 -5.2 5.38 5.55 -5.21 5.42 5.55
3 16 -5.17 5.1 5.53 -5.12 5.09 5.59 -5.13 5.14 5.58
3 16 -5.17 5.1 5.53 -5.13 5.14 5.58 -5.15 5.21 5.57
3 16 -5.2 5.09 5.47 -5.17 5.1 5.53 -5.19 5.19 5.51
3 16 -5.19 5.19 5.51 -5.17 5.1 5.53 -5.15 5.21 5.57
3 16 -5.19 5.19 5.51 -5.15 5.21 5.57 -5.22 5.27 5.49
3 16 -5.22 5.27 5.49 -5.15 5.21 5.57 -5.16 5.26 5.56
3 16 -5.22 5.27 5.49 -5.16 5.26 5.56 -5.18 5.33 5.55
3 16 -5.26 5.36 5.47 -5.34 5.52 5.45 -5.32 5.34 5.39
3 16 -5.26 5.36 5.47 -5.32 5.34 5.39 -5.22 5.27 5.49
3 16 -5.22 5.27 5.49 -5.32 5.34 5.39 -5.27 5.26 5.41
3 16 -5.22 5.27 5.49 -5.27 5.26 5.41 -5.19 5.19 5.51
3 16 -5.19 5.19 5.51 -5.27 5.26 5.41 -5.23 5.17 5.44
3 16 -5.19 5.19 5.51 -5.23 5.17 5.44 -5.2 5.09 5.47
3 16 -5.2 5.09 5.47 -5.23 5.17 5.44 -5.23 5.07 5.41
3 16 -5.2 5.09 5.47 -5.23 5.07 5.41 -5.21 4.99 5.44
3 16 -5.13 4.56 5.78 -5.11 4.7 5.71 -5.14 4.68 5.68
3 16 -5.14 4.68 5.68 -5.11 4.7 5.71 -5.11 4.73 5.7
3 16 -5.1 4.86 5.65 -5.1 4.92 5.63 -5.13 4.85 5.61
3 16 -5.13 4.85 5.61 -5.1 4.92 5.63 -5.15 5.02 5.55
4 16 -5.13 4.85 5.61 -5.15 5.02 5.55 -5.18 5 5.5 -5.16 4.84 5.56
3 16 -5.18 5 5.5 -5.19 5 5.47 -5.17 4.83 5.54
3 16 -5.17 4.83 5.54 -5.19 5 5.47 -5.19 4.82 5.51
3 16 -5.11 4.73 5.7 -5.11 4.76 5.69 -5.14 4.68 5.68
3 16 -5.14 4.68 5.68 -5.11 4.76 5.69 -5.13 4.85 5.61
4 16 -5.14 4.68 5.68 -5.13 4.85 5.61 -5.16 4.84 5.56 -5.16 4.67 5.63
3 16 -5.16 4.67 5.63 -5.16 4.84 5.56 -5.19 4.66 5.59
3 16 -5.14 4.54 5.79 -5.13 4.56 5.78 -5.17 4.53 5.75
3 16 -5.17 4.53 5.75 -5.13 4.56 5.78 -5.14 4.68 5.68
3 16 -5.17 4.53 5.75 -5.14 4.68 5.68 -5.19 4.52 5.71
3 16 -5.19 4.52 5.71 -5.14 4.68 5.68 -5.16 4.67 5.63
3 16 -5.19 4.52 5.71 -5.16 4.67 5.63 -5.2 4.51 5.69
3 16 -5.2 4.51 5.69 -5.16 4.67 5.63 -5.19 4.66 5.59
3 16 -5.2 4.65 5.54 -5.21 4.5 5.65 -5.19 4.66 5.59
3 16 -5.19 4.66 5.59 -5.21 4.5 5.65 -5.21 4.51 5.67
3 16 -5.19 4.66 5.59 -5.21 4.51 5.67 -5.2 4.51 5.69
3 16 -5.16 4.84 5.56 -5.18 5 5.5 -5.17 4.83 5.54
3 16 -5.16 4.84 5.56 -5.17 4.83 5.54 -5.19 4.66 5.59
3 16 -5.19 4.66 5.59 -5.17 4.83 5.54 -5.19 4.82 5.51
3 16 -5.19 4.66 5.59 -5.19 4.82 5.51 -5.2 4.65 5.54
3 16 -5.2 4.82 5.48 -5.21 4.99 5.44 -5.22 4.98 5.41
3 16 -5.22 4.98 5.41 -5.21 4.99 5.44 -5.23 5.07 5.41
3 16 -5.22 4.98 5.41 -5.23 5.07 5.41 -5.23 4.97 5.38
3 16 -5.31 5.62 5.55 -5.43 5.68 5.47 -5.48 5.57 5.35
3 16 -5.48 5.57 5.35 -5.43 5.68 5.47 -5.62 5.62 5.23
3 16 -5.48 5.57 5.35 -5.62 5.62 5.23 -5.42 5.5 5.35
4 16 -5.42 5.5 5.35 -5.62 5.62 5.23 -5.68 5.59 5.14 -5.49 5.48 5.25
3 16 -5.42 5.5 5.35 -5.49 5.48 5.25 -5.37 5.32 5.3
3 16 -5.37 5.32 5.3 -5.49 5.48 5.25 -5.43 5.3 5.21
4 16 -5.37 5.32 5.3 -5.43 5.3 5.21 -5.32 5.24 5.34 -5.27 5.26 5.41
3 16 -5.32 5.24 5.34 -5.43 5.3 5.21 -5.36 5.22 5.26
3 16 -5.32 5.24 5.34 -5.36 5.22 5.26 -5.27 5.16 5.37
3 16 -5.27 5.16 5.37 -5.36 5.22 5.26 -5.3 5.14 5.3
3 16 -5.27 5.16 5.37 -5.3 5.14 5.3 -5.26 5.06 5.34
3 16 -5.26 5.06 5.34 -5.3 5.14 5.3 -5.27 5.05 5.31
3 16 -5.26 5.06 5.34 -5.27 5.05 5.31 -5.25 5.01 5.33
3 16 -5.28 5.57 5.55 -5.31 5.62 5.55 -5.34 5.52 5.45
3 16 -5.34 5.52 5.45 -5.31 5.62 5.55 -5.42 5.5 5.35
3 16 -5.34 5.52 5.45 -5.42 5.5 5.35 -5.32 5.34 5.39
3 16 -5.32 5.34 5.39 -5.42 5.5 5.35 -5.37 5.32 5.3
3 16 -5.32 5.34 5.39 -5.37 5.32 5.3 -5.27 5.26 5.41
3 16 -5.27 5.26 5.41 -5.32 5.24 5.34 -5.23 5.17 5.44
3 16 -5.23 5.17 5.44 -5.32 5.24 5.34 -5.27 5.16 5.37
3 16 -5.23 5.17 5.44 -5.27 5.16 5.37 -5.23 5.07 5.41
3 16 -5.23 5.07 5.41 -5.27 5.16 5.37 -5.26 5.06 5.34
3 16 -5.23 5.07 5.41 -5.26 5.06 5.34 -5.23 4.97 5.38
3 16 -5.23 4.97 5.38 -5.26 5.06 5.34 -5.25 5.01 5.33
3 16 -5.23 4.97 5.38 -5.25 5.01 5.33 -5.24 4.97 5.35
3 16 -5.4 5.2 5.17 -5.34 5.11 5.18 -5.33 5.12 5.22
3 16 -5.33 5.12 5.22 -5.34 5.11 5.18 -5.29 5.03 5.24
3 16 -5.45 5.29 5.17 -5.47 5.28 5.12 -5.38 5.21 5.21
3 16 -5.38 5.21 5.21 -5.47 5.28 5.12 -5.4 5.2 5.17
3 16 -5.38 5.21 5.21 -5.4 5.2 5.17 -5.32 5.13 5.26
3 16 -5.32 5.13 5.26 -5.4 5.2 5.17 -5.33 5.12 5.22
3 16 -5.32 5.13 5.26 -5.33 5.12 5.22 -5.28 5.04 5.27
3 16 -5.28 5.04 5.27 -5.33 5.12 5.22 -5.29 5.03 5.24
3 16 -5.28 5.04 5.27 -5.29 5.03 5.24 -5.26 5 5.29
3 16 -5.45 5.29 5.17 -5.56 5.46 5.15 -5.47 5.28 5.12
3 16 -5.47 5.28 5.12 -5.56 5.46 5.15 -5.63 5.43 5.04
3 16 -5.47 5.28 5.12 -5.63 5.43 5.04 -5.51 5.26 5.03
3 16 -5.51 5.26 5.03 -5.63 5.43 5.04 -5.69 5.4 4.93
3 16 -5.51 5.26 5.03 -5.69 5.4 4.93 -5.74 5.37 4.82
4 16 -5.55 5.24 4.93 -5.56 5.22 4.88 -5.45 5.16 5 -5.43 5.18 5.09
3 16 -5.43 5.18 5.09 -5.45 5.16 5 -5.37 5.08 5.07
3 16 -5.45 5.16 5 -5.56 5.22 4.88 -5.46 5.15 4.96
3 16 -5.45 5.16 5 -5.46 5.15 4.96 -5.37 5.08 5.07
3 16 -5.37 5.08 5.07 -5.46 5.15 4.96 -5.38 5.07 5.03
3 16 -5.37 5.08 5.07 -5.38 5.07 5.03 -5.31 4.99 5.09
3 16 -5.31 4.99 5.09 -5.38 5.07 5.03 -5.31 4.98 5.06
3 16 -5.31 4.99 5.09 -5.31 4.98 5.06 -5.29 4.94 5.09
3 16 -5.29 4.94 5.09 -5.31 4.98 5.06 -5.28 4.93 5.05
3 16 -5.26 4.94 5.25 -5.28 4.98 5.23 -5.27 4.93 5.22
3 16 -5.27 4.93 5.22 -5.28 4.98 5.23 -5.28 4.97 5.19
3 16 -5.27 4.93 5.22 -5.28 4.97 5.19 -5.27 4.92 5.19
3 16 -5.13 4.92 4.3 -5.3 4.98 4.42 -5.35 5.01 4.33
3 16 -5.35 5.01 4.33 -5.3 4.98 4.42 -5.39 5.01 4.45
3 16 -5.35 5.01 4.33 -5.39 5.01 4.45 -5.47 5.05 4.36
3 16 -5.47 5.05 4.36 -5.39 5.01 4.45 -5.47 5.05 4.49
3 16 -5.47 5.05 4.36 -5.47 5.05 4.49 -5.57 5.09 4.39
4 16 -5.57 5.09 4.39 -5.47 5.05 4.49 -5.53 5.09 4.56 -5.64 5.13 4.46
4 16 -5.64 5.13 4.46 -5.53 5.09 4.56 -5.57 5.13 4.64 -5.78 5.23 4.47
3 16 -5.78 5.23 4.47 -5.57 5.13 4.64 -5.58 5.17 4.74
3 16 -5.78 5.23 4.47 -5.58 5.17 4.74 -5.79 5.28 4.58
3 16 -5.79 5.28 4.58 -5.58 5.17 4.74 -5.57 5.21 4.84
3 16 -5.79 5.28 4.58 -5.57 5.21 4.84 -5.78 5.33 4.7
3 16 -5.78 5.33 4.7 -5.57 5.21 4.84 -5.74 5.37 4.82
3 16 -5.78 5.33 4.7 -5.74 5.37 4.82 -5.91 5.44 4.69
4 16 -5.91 5.44 4.69 -5.74 5.37 4.82 -5.69 5.4 4.93 -5.86 5.49 4.8
3 16 -5.86 5.49 4.8 -5.69 5.4 4.93 -5.63 5.43 5.04
4 16 -5.86 5.49 4.8 -5.63 5.43 5.04 -5.56 5.46 5.15 -5.76 5.55 5
4 16 -5.76 5.55 5 -5.56 5.46 5.15 -5.49 5.48 5.25 -5.68 5.59 5.14
3 16 -5.2 4.82 5.48 -5.22 4.98 5.41 -5.21 4.81 5.46
3 16 -5.21 4.81 5.46 -5.22 4.98 5.41 -5.23 4.97 5.38
3 16 -5.21 4.81 5.46 -5.23 4.97 5.38 -5.21 4.8 5.43
3 16 -5.21 4.8 5.43 -5.23 4.97 5.38 -5.24 4.97 5.35
3 16 -5.21 4.8 5.43 -5.24 4.97 5.35 -5.22 4.8 5.4
3 16 -5.26 5 5.29 -5.26 4.95 5.28 -5.25 4.96 5.32
3 16 -5.25 4.96 5.32 -5.26 4.95 5.28 -5.23 4.79 5.37
3 16 -5.22 4.63 5.46 -5.23 4.48 5.55 -5.21 4.64 5.49
3 16 -5.21 4.64 5.49 -5.23 4.48 5.55 -5.23 4.49 5.58
3 16 -5.21 4.64 5.49 -5.23 4.49 5.58 -5.21 4.65 5.51
3 16 -5.21 4.65 5.51 -5.23 4.49 5.58 -5.23 4.49 5.6
3 16 -5.21 4.65 5.51 -5.23 4.49 5.6 -5.2 4.65 5.54
3 16 -5.2 4.65 5.54 -5.23 4.49 5.6 -5.22 4.5 5.63
3 16 -5.2 4.65 5.54 -5.22 4.5 5.63 -5.21 4.5 5.65
3 16 -5.1 4.92 5.63 -5.11 4.96 5.62 -5.15 5.02 5.55
3 16 -5.15 5.02 5.55 -5.11 4.96 5.62 -5.17 5.1 5.53
3 16 -5.15 5.02 5.55 -5.17 5.1 5.53 -5.18 5 5.5
3 16 -5.18 5 5.5 -5.17 5.1 5.53 -5.2 5.09 5.47
3 16 -5.18 5 5.5 -5.2 5.09 5.47 -5.19 5 5.47
3 16 -5.19 5 5.47 -5.2 5.09 5.47 -5.21 4.99 5.44
3 16 -5.19 5 5.47 -5.21 4.99 5.44 -5.19 4.82 5.51
3 16 -5.19 4.82 5.51 -5.21 4.99 5.44 -5.2 4.82 5.48
3 16 -5.19 4.82 5.51 -5.2 4.82 5.48 -5.2 4.65 5.54
3 16 -5.2 4.65 5.54 -5.2 4.82 5.48 -5.21 4.81 5.46
3 16 -5.2 4.65 5.54 -5.21 4.81 5.46 -5.21 4.65 5.51
3 16 -5.21 4.65 5.51 -5.21 4.81 5.46 -5.21 4.8 5.43
3 16 -5.21 4.65 5.51 -5.21 4.8 5.43 -5.21 4.64 5.49
3 16 -5.21 4.64 5.49 -5.21 4.8 5.43 -5.22 4.8 5.4
3 16 -5.21 4.64 5.49 -5.22 4.8 5.4 -5.22 4.63 5.46
3 16 -5.49 5.48 5.25 -5.56 5.46 5.15 -5.43 5.3 5.21
3 16 -5.43 5.3 5.21 -5.56 5.46 5.15 -5.45 5.29 5.17
3 16 -5.43 5.3 5.21 -5.45 5.29 5.17 -5.36 5.22 5.26
3 16 -5.36 5.22 5.26 -5.45 5.29 5.17 -5.38 5.21 5.21
3 16 -5.36 5.22 5.26 -5.38 5.21 5.21 -5.3 5.14 5.3
3 16 -5.3 5.14 5.3 -5.38 5.21 5.21 -5.32 5.13 5.26
3 16 -5.3 5.14 5.3 -5.32 5.13 5.26 -5.27 5.05 5.31
3 16 -5.27 5.05 5.31 -5.32 5.13 5.26 -5.28 5.04 5.27
3 16 -5.27 5.05 5.31 -5.28 5.04 5.27 -5.25 5.01 5.33
3 16 -5.25 5.01 5.33 -5.28 5.04 5.27 -5.26 5 5.29
3 16 -5.25 5.01 5.33 -5.26 5 5.29 -5.24 4.97 5.35
3 16 -5.24 4.97 5.35 -5.26 5 5.29 -5.25 4.96 5.32
3 16 -5.24 4.97 5.35 -5.25 4.96 5.32 -5.22 4.8 5.4
3 16 -5.22 4.8 5.4 -5.25 4.96 5.32 -5.23 4.79 5.37
3 16 -5.22 4.8 5.4 -5.23 4.79 5.37 -5.22 4.63 5.46
3 16 -5.23 4.79 5.34 -5.26 4.94 5.25 -5.23 4.78 5.31
3 16 -5.23 4.78 5.31 -5.26 4.94 5.25 -5.27 4.93 5.22
3 16 -5.23 4.78 5.31 -5.27 4.93 5.22 -5.24 4.77 5.29
3 16 -5.24 4.77 5.29 -5.27 4.93 5.22 -5.27 4.92 5.19
3 16 -5.24 4.77 5.29 -5.27 4.92 5.19 -5.24 4.77 5.26
3 16 -5.27 4.92 5.15 -5.27 4.91 5.12 -5.25 4.83 5.17
3 16 -5.25 4.83 5.17 -5.27 4.91 5.12 -5.27 4.9 5.09
3 16 -5.25 4.83 5.17 -5.27 4.9 5.09 -5.24 4.82 5.11
3 16 -5.23 4.8 5.05 -5.23 4.75 5.17 -5.24 4.82 5.11
3 16 -5.24 4.82 5.11 -5.23 4.75 5.17 -5.24 4.76 5.23
3 16 -5.24 4.82 5.11 -5.24 4.76 5.23 -5.25 4.83 5.17
3 16 -5.25 4.83 5.17 -5.24 4.76 5.23 -5.24 4.77 5.26
3 16 -5.25 4.83 5.17 -5.24 4.77 5.26 -5.27 4.92 5.15
3 16 -5.27 4.92 5.15 -5.24 4.77 5.26 -5.27 4.92 5.19
3 16 -5.27 4.92 5.15 -5.27 4.92 5.19 -5.28 4.96 5.16
3 16 -5.28 4.96 5.16 -5.27 4.92 5.19 -5.28 4.97 5.19
3 16 -5.28 4.96 5.16 -5.28 4.97 5.19 -5.3 5.01 5.16
3 16 -5.3 5.01 5.16 -5.28 4.97 5.19 -5.3 5.02 5.2
3 16 -5.3 5.01 5.16 -5.3 5.02 5.2 -5.35 5.1 5.15
3 16 -5.24 4.48 5.53 -5.22 4.63 5.44 -5.24 4.47 5.5
3 16 -5.24 4.47 5.5 -5.22 4.63 5.44 -5.22 4.62 5.41
3 16 -5.24 4.47 5.5 -5.22 4.62 5.41 -5.24 4.47 5.48
3 16 -5.24 4.47 5.48 -5.22 4.62 5.41 -5.22 4.62 5.38
3 16 -5.24 4.47 5.48 -5.22 4.62 5.38 -5.23 4.46 5.45
3 16 -5.23 4.46 5.45 -5.22 4.62 5.38 -5.22 4.61 5.35
3 16 -5.23 4.46 5.45 -5.22 4.61 5.35 -5.22 4.53 5.38
3 16 -5.22 4.53 5.38 -5.22 4.61 5.35 -5.22 4.61 5.33
3 16 -5.22 4.53 5.38 -5.22 4.61 5.33 -5.21 4.6 5.27
3 16 -5.21 4.6 5.27 -5.22 4.61 5.33 -5.22 4.67 5.22
3 16 -5.21 4.6 5.27 -5.22 4.67 5.22 -5.2 4.66 5.17
3 16 -5.2 4.66 5.17 -5.22 4.67 5.22 -5.21 4.73 5.11
3 16 -5.2 4.66 5.17 -5.21 4.73 5.11 -5.19 4.72 5.06
3 16 -5.19 4.72 5.06 -5.21 4.73 5.11 -5.21 4.79 4.99
3 16 -5.19 4.72 5.06 -5.21 4.79 4.99 -5.18 4.77 4.94
3 16 -5.28 4.93 4.67 -5.2 4.87 4.73 -5.22 4.88 4.76
3 16 -5.22 4.88 4.76 -5.2 4.87 4.73 -5.18 4.84 4.78
3 16 -5.22 4.88 4.76 -5.18 4.84 4.78 -5.22 4.86 4.83
3 16 -5.22 4.86 4.83 -5.18 4.84 4.78 -5.2 4.83 4.87
3 16 -5.22 4.86 4.83 -5.2 4.83 4.87 -5.23 4.87 4.86
3 16 -5.23 4.87 4.86 -5.2 4.83 4.87 -5.22 4.84 4.9
3 16 -5.23 4.87 4.86 -5.22 4.84 4.9 -5.24 4.87 4.91
3 16 -5.24 4.87 4.91 -5.22 4.84 4.9 -5.23 4.85 4.93
3 16 -5.24 4.87 4.91 -5.23 4.85 4.93 -5.24 4.86 4.96
3 16 -5.24 4.86 4.96 -5.23 4.85 4.93 -5.21 4.79 4.99
3 16 -5.24 4.86 4.96 -5.21 4.79 4.99 -5.23 4.8 5.05
3 16 -5.23 4.8 5.05 -5.21 4.79 4.99 -5.21 4.73 5.11
3 16 -5.23 4.8 5.05 -5.21 4.73 5.11 -5.23 4.75 5.17
3 16 -5.23 4.75 5.17 -5.21 4.73 5.11 -5.22 4.67 5.22
3 16 -5.23 4.75 5.17 -5.22 4.67 5.22 -5.24 4.76 5.23
3 16 -5.24 4.76 5.23 -5.22 4.67 5.22 -5.22 4.61 5.33
3 16 -5.24 4.76 5.23 -5.22 4.61 5.33 -5.24 4.77 5.26
3 16 -5.24 4.77 5.26 -5.22 4.61 5.33 -5.22 4.61 5.35
3 16 -5.24 4.77 5.26 -5.22 4.61 5.35 -5.24 4.77 5.29
3 16 -5.24 4.77 5.29 -5.22 4.61 5.35 -5.22 4.62 5.38
3 16 -5.24 4.77 5.29 -5.22 4.62 5.38 -5.23 4.78 5.31
3 16 -5.23 4.78 5.31 -5.22 4.62 5.38 -5.22 4.62 5.41
3 16 -5.23 4.78 5.31 -5.22 4.62 5.41 -5.23 4.79 5.34
3 16 -5.23 4.79 5.34 -5.22 4.62 5.41 -5.22 4.63 5.44
3 16 -5.35 5.1 5.15 -5.43 5.18 5.09 -5.36 5.09 5.11
3 16 -5.36 5.09 5.11 -5.43 5.18 5.09 -5.37 5.08 5.07
3 16 -5.36 5.09 5.11 -5.37 5.08 5.07 -5.31 5 5.13
3 16 -5.31 5 5.13 -5.37 5.08 5.07 -5.31 4.99 5.09
3 16 -5.31 5 5.13 -5.31 4.99 5.09 -5.29 4.95 5.12
3 16 -5.29 4.95 5.12 -5.31 4.99 5.09 -5.29 4.94 5.09
3 16 -5.29 4.95 5.12 -5.29 4.94 5.09 -5.28 4.92 5.1
3 16 -5.28 4.92 5.1 -5.29 4.94 5.09 -5.28 4.93 5.05
3 16 -5.28 4.92 5.1 -5.28 4.93 5.05 -5.27 4.92 5.07
3 16 -5.35 5.1 5.15 -5.36 5.09 5.11 -5.3 5.01 5.16
3 16 -5.3 5.01 5.16 -5.36 5.09 5.11 -5.31 5 5.13
3 16 -5.3 5.01 5.16 -5.31 5 5.13 -5.28 4.96 5.16
3 16 -5.28 4.96 5.16 -5.31 5 5.13 -5.29 4.95 5.12
3 16 -5.28 4.96 5.16 -5.29 4.95 5.12 -5.27 4.92 5.15
3 16 -5.27 4.92 5.15 -5.29 4.95 5.12 -5.28 4.92 5.1
3 16 -5.27 4.92 5.15 -5.28 4.92 5.1 -5.27 4.91 5.12
3 16 -5.27 4.91 5.12 -5.28 4.92 5.1 -5.27 4.92 5.07
3 16 -5.27 4.91 5.12 -5.27 4.92 5.07 -5.27 4.9 5.09
3 16 -5.48 3.11 5.26 -5.5 3.09 5.24 -5.82 3.09 5.28
3 16 -5.82 3.09 5.28 -5.5 3.09 5.24 -5.57 2.99 5.18
4 16 -5.82 3.09 5.28 -5.57 2.99 5.18 -5.6 2.95 5.15 -5.89 3.03 5.24
3 16 -5.7 2.91 5.12 -5.6 2.95 5.15 -5.61 2.94 5.14
3 16 -5.7 2.91 5.12 -5.61 2.94 5.14 -5.65 2.89 5.1
3 16 -5 4.46 5.03 -5 4.43 5.05 -5.04 4.44 5.07
3 16 -5.04 4.44 5.07 -5 4.43 5.05 -5 4.43 5.05
3 16 -5.04 4.44 5.07 -5 4.43 5.05 -5.04 4.37 5.13
3 16 -5.04 4.37 5.13 -5 4.43 5.05 -5 4.35 5.11
3 16 -5.04 4.37 5.13 -5 4.35 5.11 -5.05 4.29 5.18
3 16 -5.05 4.29 5.18 -5 4.35 5.11 -5.01 4.27 5.16
3 16 -5.05 4.29 5.18 -5.01 4.27 5.16 -5.02 4.26 5.17
3 16 -6.42 3.49 5.85 -6.41 3.55 5.95 -6.15 3.62 5.96
3 16 -6.42 3.49 5.85 -6.15 3.62 5.96 -6.15 3.57 5.87
3 16 -6.15 3.57 5.87 -6 3.62 5.88 -5.99 3.57 5.8
3 16 -5.99 3.57 5.8 -6 3.62 5.88 -5.85 3.63 5.8
3 16 -5.99 3.57 5.8 -5.85 3.63 5.8 -5.82 3.58 5.72
3 16 -5.82 3.58 5.72 -5.85 3.63 5.8 -5.71 3.65 5.72
3 16 -5.82 3.58 5.72 -5.71 3.65 5.72 -5.67 3.61 5.65
3 16 -5.67 3.61 5.65 -5.71 3.65 5.72 -5.62 3.65 5.65
3 16 -5.67 3.61 5.65 -5.62 3.65 5.65 -5.62 3.57 5.59
3 16 -5.62 3.57 5.59 -5.62 3.65 5.65 -5.58 3.61 5.59
3 16 -5.62 3.57 5.59 -5.58 3.61 5.59 -5.57 3.53 5.53
3 16 -5.57 3.53 5.53 -5.58 3.61 5.59 -5.53 3.57 5.53
3 16 -5.57 3.53 5.53 -5.53 3.57 5.53 -5.51 3.5 5.47
3 16 -5.51 3.5 5.47 -5.53 3.57 5.53 -5.47 3.54 5.48
3 16 -5.51 3.5 5.47 -5.47 3.54 5.48 -5.44 3.46 5.43
3 16 -5.44 3.46 5.43 -5.47 3.54 5.48 -5.41 3.5 5.43
3 16 -5.44 3.46 5.43 -5.41 3.5 5.43 -5.38 3.43 5.39
3 16 -5.38 3.43 5.39 -5.41 3.5 5.43 -5.39 3.55 5.43
3 16 -5.38 3.43 5.39 -5.39 3.55 5.43 -5.36 3.53 5.41
4 16 -5.36 3.53 5.41 -5.39 3.55 5.43 -5.3 3.72 5.43 -5.27 3.7 5.41
3 16 -5.27 3.7 5.41 -5.3 3.72 5.43 -5.22 3.89 5.39
3 16 -5.27 3.7 5.41 -5.22 3.89 5.39 -5.19 3.88 5.38
3 16 -5.19 3.88 5.38 -5.22 3.89 5.39 -5.15 4.06 5.34
3 16 -5.19 3.88 5.38 -5.15 4.06 5.34 -5.13 4.05 5.32
3 16 -5.13 4.05 5.32 -5.15 4.06 5.34 -5.11 4.22 5.26
3 16 -5.13 4.05 5.32 -5.11 4.22 5.26 -5.09 4.22 5.24
3 16 -5.09 4.22 5.24 -5.11 4.22 5.26 -5.09 4.3 5.21
3 16 -5.09 4.22 5.24 -5.09 4.3 5.21 -5.07 4.21 5.23
3 16 -5.07 4.21 5.23 -5.09 4.3 5.21 -5.05 4.29 5.18
3 16 -5.07 4.21 5.23 -5.05 4.29 5.18 -5.05 4.2 5.22
3 16 -5.05 4.2 5.22 -5.05 4.29 5.18 -5.02 4.26 5.17
3 16 -5.05 4.2 5.22 -5.02 4.26 5.17 -5.03 4.19 5.21
3 16 -5.31 3.4 5.35 -5.35 3.32 5.33 -5.38 3.43 5.39
3 16 -5.38 3.43 5.39 -5.35 3.32 5.33 -5.43 3.35 5.37
3 16 -5.38 3.43 5.39 -5.43 3.35 5.37 -5.44 3.46 5.43
3 16 -5.44 3.46 5.43 -5.43 3.35 5.37 -5.51 3.38 5.41
3 16 -5.44 3.46 5.43 -5.51 3.38 5.41 -5.51 3.5 5.47
3 16 -5.51 3.5 5.47 -5.51 3.38 5.41 -5.59 3.42 5.46
3 16 -5.51 3.5 5.47 -5.59 3.42 5.46 -5.57 3.53 5.53
3 16 -5.57 3.53 5.53 -5.59 3.42 5.46 -5.66 3.45 5.51
3 16 -5.57 3.53 5.53 -5.66 3.45 5.51 -5.62 3.57 5.59
3 16 -5.62 3.57 5.59 -5.66 3.45 5.51 -5.72 3.49 5.58
3 16 -5.62 3.57 5.59 -5.72 3.49 5.58 -5.67 3.61 5.65
3 16 -5.67 3.61 5.65 -5.72 3.49 5.58 -5.78 3.54 5.65
3 16 -5.67 3.61 5.65 -5.78 3.54 5.65 -5.82 3.58 5.72
3 16 -5.82 3.58 5.72 -5.78 3.54 5.65 -5.95 3.52 5.71
3 16 -5.82 3.58 5.72 -5.95 3.52 5.71 -5.99 3.57 5.8
3 16 -5.99 3.57 5.8 -5.95 3.52 5.71 -6.14 3.51 5.78
3 16 -5.99 3.57 5.8 -6.14 3.51 5.78 -6.15 3.57 5.87
3 16 -6.15 3.57 5.87 -6.14 3.51 5.78 -6.41 3.43 5.75
3 16 -6.15 3.57 5.87 -6.41 3.43 5.75 -6.42 3.49 5.85
4 16 -6.42 3.49 5.85 -6.41 3.43 5.75 -6.6 3.42 5.77 -6.61 3.48 5.86
4 16 -5.19 4.39 5.88 -5.14 4.54 5.79 -5.17 4.53 5.75 -5.21 4.38 5.84
3 16 -5.21 4.38 5.84 -5.17 4.53 5.75 -5.23 4.37 5.8
3 16 -5.23 4.37 5.8 -5.17 4.53 5.75 -5.19 4.52 5.71
3 16 -5.23 4.37 5.8 -5.19 4.52 5.71 -5.24 4.36 5.78
3 16 -5.24 4.36 5.78 -5.19 4.52 5.71 -5.2 4.51 5.69
3 16 -5.24 4.36 5.78 -5.2 4.51 5.69 -5.25 4.36 5.76
3 16 -5.25 4.36 5.76 -5.2 4.51 5.69 -5.21 4.51 5.67
3 16 -5.25 4.36 5.76 -5.21 4.51 5.67 -5.26 4.35 5.74
3 16 -5.26 4.35 5.74 -5.21 4.51 5.67 -5.21 4.5 5.65
3 16 -5.26 4.35 5.74 -5.21 4.5 5.65 -5.26 4.35 5.71
3 16 -5.26 4.35 5.71 -5.21 4.5 5.65 -5.22 4.5 5.63
3 16 -5.26 4.35 5.71 -5.22 4.5 5.63 -5.27 4.34 5.69
3 16 -5.27 4.34 5.69 -5.22 4.5 5.63 -5.23 4.49 5.6
3 16 -5.27 4.34 5.69 -5.23 4.49 5.6 -5.27 4.34 5.67
3 16 -5.27 4.34 5.67 -5.23 4.49 5.6 -5.23 4.49 5.58
3 16 -5.27 4.34 5.67 -5.23 4.49 5.58 -5.27 4.33 5.64
3 16 -5.27 4.33 5.64 -5.23 4.49 5.58 -5.23 4.48 5.55
3 16 -5.27 4.33 5.64 -5.23 4.48 5.55 -5.27 4.33 5.62
3 16 -5.27 4.33 5.62 -5.23 4.48 5.55 -5.24 4.48 5.53
3 16 -5.27 4.33 5.62 -5.24 4.48 5.53 -5.27 4.32 5.59
3 16 -5.27 4.32 5.59 -5.24 4.48 5.53 -5.24 4.47 5.5
3 16 -5.27 4.32 5.59 -5.24 4.47 5.5 -5.27 4.32 5.57
3 16 -5.27 4.32 5.57 -5.24 4.47 5.5 -5.24 4.47 5.48
3 16 -5.27 4.32 5.57 -5.24 4.47 5.48 -5.27 4.31 5.54
3 16 -5.27 4.31 5.54 -5.24 4.47 5.48 -5.23 4.46 5.45
3 16 -5.27 4.31 5.54 -5.23 4.46 5.45 -5.24 4.38 5.47
3 16 -5.24 4.38 5.47 -5.23 4.46 5.45 -5.23 4.46 5.42
3 16 -5.24 4.38 5.47 -5.23 4.46 5.42 -5.22 4.44 5.37
3 16 -5.22 4.44 5.37 -5.23 4.46 5.42 -5.21 4.52 5.33
3 16 -5.22 4.44 5.37 -5.21 4.52 5.33 -5.2 4.51 5.27
3 16 -5.2 4.51 5.27 -5.21 4.52 5.33 -5.2 4.59 5.22
3 16 -5.2 4.51 5.27 -5.2 4.59 5.22 -5.18 4.57 5.17
3 16 -5.18 4.57 5.17 -5.2 4.59 5.22 -5.18 4.65 5.12
3 16 -5.18 4.57 5.17 -5.18 4.65 5.12 -5.16 4.63 5.07
3 16 -5.16 4.63 5.07 -5.18 4.65 5.12 -5.17 4.7 5
3 16 -5.16 4.63 5.07 -5.17 4.7 5 -5.14 4.69 4.96
3 16 -5.14 4.69 4.96 -5.17 4.7 5 -5.15 4.75 4.89
3 16 -5.14 4.69 4.96 -5.15 4.75 4.89 -5.11 4.73 4.84
3 16 -5.11 4.73 4.84 -5.15 4.75 4.89 -5.12 4.79 4.77
3 16 -5.11 4.73 4.84 -5.12 4.79 4.77 -5.08 4.77 4.72
3 16 -5.08 4.77 4.72 -5.12 4.79 4.77 -5.14 4.82 4.73
3 16 -5.08 4.77 4.72 -5.14 4.82 4.73 -5.1 4.82 4.64
3 16 -5.1 4.82 4.64 -5.14 4.82 4.73 -5.15 4.84 4.68
3 16 -5.1 4.82 4.64 -5.15 4.84 4.68 -5.19 4.89 4.6
3 16 -5.19 4.89 4.6 -5.15 4.84 4.68 -5.2 4.87 4.73
3 16 -5.19 4.89 4.6 -5.2 4.87 4.73 -5.25 4.92 4.64
3 16 -5.25 4.92 4.64 -5.2 4.87 4.73 -5.28 4.93 4.67
3 16 -5.25 4.92 4.64 -5.28 4.93 4.67 -5.38 5 4.6
3 16 -5.38 5 4.6 -5.28 4.93 4.67 -5.3 4.95 4.7
3 16 -5.38 5 4.6 -5.3 4.95 4.7 -5.43 5.03 4.66
3 16 -5.43 5.03 4.66 -5.3 4.95 4.7 -5.32 4.96 4.73
3 16 -5.43 5.03 4.66 -5.32 4.96 4.73 -5.34 4.98 4.76
3 16 -5.34 4.98 4.76 -5.32 4.96 4.73 -5.26 4.9 4.82
3 16 -5.34 4.98 4.76 -5.26 4.9 4.82 -5.27 4.91 4.85
3 16 -5.27 4.91 4.85 -5.26 4.9 4.82 -5.23 4.87 4.86
3 16 -5.27 4.91 4.85 -5.23 4.87 4.86 -5.25 4.88 4.89
3 16 -5.25 4.88 4.89 -5.23 4.87 4.86 -5.24 4.87 4.91
3 16 -5.25 4.88 4.89 -5.24 4.87 4.91 -5.25 4.88 4.94
3 16 -5.25 4.88 4.94 -5.24 4.87 4.91 -5.24 4.86 4.96
3 16 -5.25 4.88 4.94 -5.24 4.86 4.96 -5.25 4.87 4.99
3 16 -5.25 4.87 4.99 -5.24 4.86 4.96 -5.23 4.8 5.05
3 16 -5.25 4.87 4.99 -5.23 4.8 5.05 -5.26 4.88 5.02
3 16 -5.26 4.88 5.02 -5.23 4.8 5.05 -5.24 4.82 5.11
3 16 -5.26 4.88 5.02 -5.24 4.82 5.11 -5.26 4.89 5.05
3 16 -5.26 4.89 5.05 -5.24 4.82 5.11 -5.27 4.9 5.09
3 16 -5.26 4.89 5.05 -5.27 4.9 5.09 -5.27 4.91 5.04
3 16 -5.27 4.91 5.04 -5.27 4.9 5.09 -5.27 4.92 5.07
3 16 -5.27 4.91 5.04 -5.27 4.92 5.07 -5.28 4.92 5.02
3 16 -5.28 4.92 5.02 -5.27 4.92 5.07 -5.28 4.93 5.05
3 16 -5.28 4.92 5.02 -5.28 4.93 5.05 -5.31 4.97 5.02
3 16 -5.31 4.97 5.02 -5.28 4.93 5.05 -5.31 4.98 5.06
3 16 -5.31 4.97 5.02 -5.31 4.98 5.06 -5.38 5.06 4.99
3 16 -5.38 5.06 4.99 -5.31 4.98 5.06 -5.38 5.07 5.03
3 16 -5.38 5.06 4.99 -5.38 5.07 5.03 -5.47 5.13 4.91
3 16 -5.47 5.13 4.91 -5.38 5.07 5.03 -5.46 5.15 4.96
3 16 -5.47 5.13 4.91 -5.46 5.15 4.96 -5.57 5.21 4.84
3 16 -5.57 5.21 4.84 -5.46 5.15 4.96 -5.56 5.22 4.88
3 16 -5.57 5.21 4.84 -5.56 5.22 4.88 -5.74 5.37 4.82
3 16 -5.74 5.37 4.82 -5.56 5.22 4.88 -5.55 5.24 4.93
3 16 -5.74 5.37 4.82 -5.55 5.24 4.93 -5.51 5.26 5.03
4 16 -5.51 5.26 5.03 -5.55 5.24 4.93 -5.43 5.18 5.09 -5.4 5.2 5.17
3 16 -5.4 5.2 5.17 -5.43 5.18 5.09 -5.35 5.1 5.15
3 16 -5.4 5.2 5.17 -5.35 5.1 5.15 -5.34 5.11 5.18
3 16 -5.34 5.11 5.18 -5.35 5.1 5.15 -5.3 5.02 5.2
3 16 -5.34 5.11 5.18 -5.3 5.02 5.2 -5.29 5.03 5.24
3 16 -5.29 5.03 5.24 -5.3 5.02 5.2 -5.28 4.98 5.23
3 16 -5.29 5.03 5.24 -5.28 4.98 5.23 -5.26 5 5.29
3 16 -5.26 5 5.29 -5.28 4.98 5.23 -5.26 4.94 5.25
3 16 -5.26 5 5.29 -5.26 4.94 5.25 -5.26 4.95 5.28
3 16 -5.26 4.95 5.28 -5.26 4.94 5.25 -5.23 4.79 5.34
3 16 -5.26 4.95 5.28 -5.23 4.79 5.34 -5.23 4.79 5.37
3 16 -5.23 4.79 5.37 -5.23 4.79 5.34 -5.22 4.63 5.44
3 16 -5.23 4.79 5.37 -5.22 4.63 5.44 -5.22 4.63 5.46
3 16 -5.22 4.63 5.46 -5.22 4.63 5.44 -5.24 4.48 5.53
3 16 -5.22 4.63 5.46 -5.24 4.48 5.53 -5.23 4.48 5.55
3 16 -2.94 3.09 0.63 -2.95 3.1 0.01 -2.66 2.69 0.01
3 16 -4.9 4.8 -3.9 -4.65 4.66 -3.82 -5.07 4.85 -3.78
3 16 -3.64 3.94 -3.43 -3.7 3.98 -3.43 -3.7 3.98 -3.45
3 16 -2.19 1.78 -2.75 -2.2 1.78 -2.47 -2.38 2.21 -2.45
3 16 -2.34 2.14 2.82 -2.38 2.21 2.47 -2.2 1.78 2.49
3 16 -6.01 5.07 3.34 -5.45 4.98 3.77 -5.67 5.1 4.11
3 16 -4.9 4.8 3.9 -5.01 4.85 3.93 -5.06 4.85 3.79
3 16 -5.06 4.85 3.79 -5.01 4.85 3.93 -5.08 4.88 3.95
4 16 -5.06 4.85 3.79 -5.08 4.88 3.95 -5.45 4.98 3.77 -5.62 4.98 3.33
3 16 -5.45 4.98 3.77 -5.08 4.88 3.95 -5.25 4.95 4
3 16 -5.45 4.98 3.77 -5.25 4.95 4 -5.37 5 4.04
3 16 -4.9 4.8 3.9 -5.06 4.85 3.79 -4.65 4.66 3.82
3 16 -4.65 4.66 3.82 -5.06 4.85 3.79 -4.82 4.69 3.36
4 16 -4.65 4.66 3.82 -4.82 4.69 3.36 -4.43 4.49 3.38 -4.57 4.62 3.79
3 16 -4.57 4.62 3.79 -4.43 4.49 3.38 -4.35 4.48 3.71
3 16 -4.06 4.26 3.41 -4.09 4.3 3.61 -4.43 4.49 3.38
3 16 -4.43 4.49 3.38 -4.09 4.3 3.61 -4.25 4.42 3.68
3 16 -4.43 4.49 3.38 -4.25 4.42 3.68 -4.35 4.48 3.71
3 16 -3.7 3.98 3.43 -3.95 4.19 3.56 -4.06 4.26 3.41
3 16 -4.06 4.26 3.41 -3.95 4.19 3.56 -4.02 4.25 3.58
3 16 -4.06 4.26 3.41 -4.02 4.25 3.58 -4.09 4.3 3.61
3 16 -3.55 3.85 3.39 -3.66 3.95 3.44 -3.7 3.98 3.43
3 16 -3.7 3.98 3.43 -3.66 3.95 3.44 -3.7 3.98 3.45
3 16 -3.7 3.98 3.43 -3.7 3.98 3.45 -3.95 4.19 3.56
3 16 -3.13 3.41 3.21 -3.5 3.74 2.4 -3.06 3.32 3.17
4 16 -3.06 3.32 3.17 -3.5 3.74 2.4 -3.56 3.77 1.83 -3.17 3.4 2.42
3 16 -3.06 3.32 3.17 -3.17 3.4 2.42 -2.9 3.11 3.1
4 16 -2.38 2.21 2.47 -2.34 2.14 2.82 -2.6 2.63 2.45 -2.65 2.67 1.25
3 16 -2.34 2.14 2.82 -2.48 2.44 2.9 -2.6 2.63 2.45
3 16 -2.6 2.63 2.45 -2.48 2.44 2.9 -2.58 2.61 2.94
4 16 -2.6 2.63 2.45 -2.58 2.61 2.94 -2.86 3.02 2.43 -2.93 3.08 1.25
3 16 -2.86 3.02 2.43 -2.58 2.61 2.94 -2.66 2.76 2.99
3 16 -2.86 3.02 2.43 -2.66 2.76 2.99 -2.82 3 3.06
3 16 -2.06 1.35 2.68 -2.1 1.49 2.7 -2.2 1.78 2.49
3 16 -2.1 1.49 2.7 -2.16 1.69 2.74 -2.2 1.78 2.49
3 16 -2.2 1.78 2.49 -2.16 1.69 2.74 -2.19 1.78 2.75
3 16 -2.2 1.78 2.49 -2.19 1.78 2.75 -2.34 2.14 2.82
3 16 -1.91 0.47 2.54 -1.95 0.85 2.63 -1.96 0.91 2.52
3 16 -1.96 0.91 2.52 -1.95 0.85 2.63 -2.06 1.35 2.68
3 16 -1.96 0.91 2.52 -2.06 1.35 2.68 -2.06 1.34 2.5
3 16 -2.06 1.34 2.5 -2.06 1.35 2.68 -2.2 1.78 2.49
3 16 -1.89 0.05 2.6 -1.89 0.25 2.6 -1.91 0.47 2.54
3 16 -1.91 0.47 2.54 -1.89 0.25 2.6 -1.91 0.47 2.61
3 16 -1.91 0.47 2.54 -1.91 0.47 2.61 -1.95 0.85 2.63
3 16 -2.06 1.34 -2.49 -1.95 0.85 -2.63 -1.96 0.91 -2.51
3 16 -1.96 0.91 -2.51 -1.95 0.85 -2.63 -1.91 0.47 -2.61
3 16 -1.96 0.91 -2.51 -1.91 0.47 -2.61 -1.91 0.47 -2.53
3 16 -1.91 0.47 -2.53 -1.91 0.47 -2.61 -1.89 0.25 -2.6
3 16 -1.91 0.47 -2.53 -1.89 0.25 -2.6 -1.89 0.05 -2.6
3 16 -2.19 1.78 -2.75 -2.16 1.69 -2.74 -2.2 1.78 -2.47
4 16 -2.2 1.78 -2.47 -2.16 1.69 -2.74 -2.1 1.49 -2.7 -2.06 1.34 -2.49
3 16 -2.06 1.34 -2.49 -2.1 1.49 -2.7 -2.06 1.35 -2.68
3 16 -2.06 1.34 -2.49 -2.06 1.35 -2.68 -1.95 0.85 -2.63
3 16 -2.6 2.63 -2.44 -2.48 2.44 -2.9 -2.38 2.21 -2.45
3 16 -2.38 2.21 -2.45 -2.48 2.44 -2.9 -2.34 2.14 -2.82
3 16 -2.38 2.21 -2.45 -2.34 2.14 -2.82 -2.19 1.78 -2.75
4 16 -2.87 3.02 -2.42 -2.82 3 -3.06 -2.66 2.76 -2.99 -2.6 2.63 -2.44
3 16 -2.6 2.63 -2.44 -2.66 2.76 -2.99 -2.58 2.61 -2.94
3 16 -2.6 2.63 -2.44 -2.58 2.61 -2.94 -2.48 2.44 -2.9
3 16 -3.17 3.4 -2.4 -2.9 3.11 -3.1 -2.87 3.02 -2.42
3 16 -2.87 3.02 -2.42 -2.9 3.11 -3.1 -2.82 3 -3.06
3 16 -3.39 3.69 -3.32 -3.38 3.69 -3.32 -3.5 3.74 -2.39
3 16 -3.5 3.74 -2.39 -3.38 3.69 -3.32 -3.13 3.41 -3.21
4 16 -3.5 3.74 -2.39 -3.13 3.41 -3.21 -3.17 3.4 -2.4 -3.56 3.77 -1.82
3 16 -3.17 3.4 -2.4 -3.13 3.41 -3.21 -3.06 3.32 -3.17
3 16 -3.17 3.4 -2.4 -3.06 3.32 -3.17 -2.9 3.11 -3.1
3 16 -3.39 3.69 -3.32 -3.5 3.74 -2.39 -3.55 3.85 -3.39
3 16 -3.55 3.85 -3.39 -3.5 3.74 -2.39 -3.87 4.05 -2.38
3 16 -3.55 3.85 -3.39 -3.87 4.05 -2.38 -3.64 3.94 -3.43
3 16 -3.7 3.98 -3.45 -3.7 3.98 -3.43 -3.95 4.19 -3.56
3 16 -3.95 4.19 -3.56 -3.7 3.98 -3.43 -4.06 4.26 -3.4
3 16 -3.95 4.19 -3.56 -4.06 4.26 -3.4 -4.02 4.25 -3.58
4 16 -4.43 4.49 -3.37 -4.35 4.48 -3.71 -4.25 4.42 -3.68 -4.06 4.26 -3.4
3 16 -4.06 4.26 -3.4 -4.25 4.42 -3.68 -4.09 4.3 -3.61
3 16 -4.06 4.26 -3.4 -4.09 4.3 -3.61 -4.02 4.25 -3.58
3 16 -4.9 4.8 -3.9 -5.07 4.85 -3.78 -5.01 4.85 -3.93
3 16 -5.01 4.85 -3.93 -5.07 4.85 -3.78 -5.45 4.98 -3.76
3 16 -5.01 4.85 -3.93 -5.45 4.98 -3.76 -5.25 4.95 -4
3 16 -5.72 5.1 -4.01 -5.67 5.1 -4.11 -5.45 4.98 -3.76
3 16 -5.45 4.98 -3.76 -5.67 5.1 -4.11 -5.56 5.07 -4.09
3 16 -5.45 4.98 -3.76 -5.56 5.07 -4.09 -5.25 4.95 -4
4 16 -1.89 0.05 -2.6 -1.89 0.01 -1.22 -1.91 0.45 -1.26 -1.91 0.47 -2.53
4 16 -1.91 0.47 -2.53 -1.91 0.45 -1.26 -1.97 0.9 -1.26 -1.96 0.91 -2.51
4 16 -1.96 0.91 -2.51 -1.97 0.9 -1.26 -2.07 1.35 -1.25 -2.06 1.34 -2.49
4 16 -2.06 1.34 -2.49 -2.07 1.35 -1.25 -2.22 1.8 -1.25 -2.2 1.78 -2.47
3 16 -2.2 1.78 -2.47 -2.22 1.8 -1.25 -2.38 2.21 -2.45
3 16 -2.38 2.21 -2.45 -2.22 1.8 -1.25 -2.41 2.24 -1.24
3 16 -2.38 2.21 -2.45 -2.41 2.24 -1.24 -2.6 2.63 -2.44
3 16 -2.6 2.63 -2.44 -2.41 2.24 -1.24 -2.65 2.67 -1.24
3 16 -2.6 2.63 -2.44 -2.65 2.67 -1.24 -2.87 3.02 -2.42
3 16 -2.94 3.09 0.63 -2.66 2.69 0.01 -2.93 3.08 1.25
4 16 -1.91 0.45 0.01 -1.91 0.45 1.28 -1.97 0.9 1.27 -1.97 0.9 0.01
4 16 -1.97 0.9 0.01 -1.97 0.9 1.27 -2.07 1.35 1.27 -2.07 1.36 0.01
4 16 -2.07 1.36 0.01 -2.07 1.35 1.27 -2.22 1.8 1.26 -2.22 1.81 0.01
3 16 -2.22 1.81 0.01 -2.22 1.8 1.26 -2.42 2.26 0.01
4 16 -2.42 2.26 0.01 -2.22 1.8 1.26 -2.2 1.78 2.49 -2.41 2.24 1.26
3 16 -2.42 2.26 0.01 -2.41 2.24 1.26 -2.66 2.69 0.01
4 16 -2.66 2.69 0.01 -2.41 2.24 1.26 -2.38 2.21 2.47 -2.65 2.67 1.25
3 16 -2.66 2.69 0.01 -2.65 2.67 1.25 -2.93 3.08 1.25
3 16 -1.91 0.45 1.28 -1.89 0.05 2.6 -1.91 0.47 2.54
4 16 -1.91 0.45 1.28 -1.91 0.47 2.54 -1.96 0.91 2.52 -1.97 0.9 1.27
4 16 -1.97 0.9 1.27 -1.96 0.91 2.52 -2.06 1.34 2.5 -2.07 1.35 1.27
4 16 -2.07 1.35 1.27 -2.06 1.34 2.5 -2.2 1.78 2.49 -2.22 1.8 1.26
3 16 -2.41 2.24 1.26 -2.2 1.78 2.49 -2.38 2.21 2.47
3 16 -2.65 2.67 1.25 -2.6 2.63 2.45 -2.93 3.08 1.25
3 16 -2.93 3.08 1.25 -2.86 3.02 2.43 -3.17 3.4 2.42
3 16 -3.17 3.4 2.42 -2.86 3.02 2.43 -2.82 3 3.06
3 16 -3.17 3.4 2.42 -2.82 3 3.06 -2.9 3.11 3.1
4 16 -3.28 3.48 0.01 -3.27 3.47 0.63 -3.63 3.82 0.63 -3.64 3.83 0.01
4 16 -3.64 3.83 0.01 -3.63 3.82 0.63 -4.02 4.13 0.63 -4.04 4.13 0.01
4 16 -4.04 4.13 0.01 -4.02 4.13 0.63 -4.44 4.39 0.63 -4.46 4.4 0.01
4 16 -4.46 4.4 0.01 -4.44 4.39 0.63 -4.88 4.61 0.62 -4.89 4.62 0.01
4 16 -4.89 4.62 0.01 -4.88 4.61 0.62 -5.32 4.79 0.62 -5.34 4.79 0.01
3 16 -5.34 4.79 0.01 -5.32 4.79 0.62 -5.79 4.92 0.01
4 16 -5.79 4.92 0.01 -5.32 4.79 0.62 -5.27 4.77 1.23 -5.77 4.91 0.62
3 16 -5.79 4.92 0.01 -5.77 4.91 0.62 -6.24 5 0.01
4 16 -6.24 5 0.01 -5.77 4.91 0.62 -5.71 4.9 1.22 -6.22 5 0.62
3 16 -3.25 3.46 1.24 -3.21 3.43 1.84 -3.6 3.8 1.24
4 16 -3.6 3.8 1.24 -3.21 3.43 1.84 -3.17 3.4 2.42 -3.56 3.77 1.83
3 16 -3.6 3.8 1.24 -3.56 3.77 1.83 -3.99 4.11 1.23
4 16 -3.99 4.11 1.23 -3.56 3.77 1.83 -3.5 3.74 2.4 -3.94 4.08 1.82
3 16 -3.99 4.11 1.23 -3.94 4.08 1.82 -4.4 4.37 1.23
4 16 -4.4 4.37 1.23 -3.94 4.08 1.82 -3.87 4.05 2.39 -4.34 4.35 1.82
3 16 -4.4 4.37 1.23 -4.34 4.35 1.82 -4.83 4.6 1.23
4 16 -4.83 4.6 1.23 -4.34 4.35 1.82 -4.26 4.32 2.38 -4.76 4.57 1.81
3 16 -4.83 4.6 1.23 -4.76 4.57 1.81 -5.27 4.77 1.23
4 16 -5.27 4.77 1.23 -4.76 4.57 1.81 -4.66 4.54 2.37 -5.19 4.75 1.81
4 16 -5.27 4.77 1.23 -5.19 4.75 1.81 -5.71 4.9 1.22 -5.77 4.91 0.62
4 16 -5.71 4.9 1.22 -5.19 4.75 1.81 -5.08 4.73 2.36 -5.62 4.89 1.8
4 16 -5.71 4.9 1.22 -5.62 4.89 1.8 -6.15 4.99 1.22 -6.22 5 0.62
4 16 -6.15 4.99 1.22 -5.62 4.89 1.8 -5.5 4.88 2.35 -6.06 4.99 1.8
4 16 -6.15 4.99 1.22 -6.06 4.99 1.8 -6.59 5.04 1.22 -6.62 5.04 0.97
4 16 -6.59 5.04 1.22 -6.06 4.99 1.8 -5.93 4.98 2.35 -6.48 5.04 1.81
4 16 -3.27 3.47 0.63 -3.25 3.46 1.24 -3.6 3.8 1.24 -3.63 3.82 0.63
4 16 -3.63 3.82 0.63 -3.6 3.8 1.24 -3.99 4.11 1.23 -4.02 4.13 0.63
4 16 -4.02 4.13 0.63 -3.99 4.11 1.23 -4.4 4.37 1.23 -4.44 4.39 0.63
4 16 -4.44 4.39 0.63 -4.4 4.37 1.23 -4.83 4.6 1.23 -4.88 4.61 0.62
4 16 -4.88 4.61 0.62 -4.83 4.6 1.23 -5.27 4.77 1.23 -5.32 4.79 0.62
4 16 -6.22 5 0.62 -6.15 4.99 1.22 -6.62 5.04 0.97 -6.65 5.04 0.62
3 16 -6.01 5.07 3.34 -6.02 5.07 3.32 -5.45 4.98 3.77
4 16 -5.45 4.98 3.77 -6.02 5.07 3.32 -6.28 5.05 2.57 -5.62 4.98 3.33
4 16 -5.06 4.85 3.79 -5.62 4.98 3.33 -5.78 4.98 2.86 -5.22 4.85 3.35
3 16 -5.06 4.85 3.79 -5.22 4.85 3.35 -4.82 4.69 3.36
4 16 -3.87 4.05 2.39 -3.79 4.01 2.93 -4.26 4.32 2.38 -4.34 4.35 1.82
4 16 -4.26 4.32 2.38 -3.79 4.01 2.93 -3.7 3.98 3.43 -4.16 4.28 2.91
4 16 -4.26 4.32 2.38 -4.16 4.28 2.91 -4.66 4.54 2.37 -4.76 4.57 1.81
4 16 -4.66 4.54 2.37 -4.16 4.28 2.91 -4.06 4.26 3.41 -4.55 4.52 2.89
4 16 -4.66 4.54 2.37 -4.55 4.52 2.89 -5.08 4.73 2.36 -5.19 4.75 1.81
4 16 -5.08 4.73 2.36 -4.55 4.52 2.89 -4.43 4.49 3.38 -4.96 4.71 2.88
4 16 -5.08 4.73 2.36 -4.96 4.71 2.88 -5.5 4.88 2.35 -5.62 4.89 1.8
4 16 -5.5 4.88 2.35 -4.96 4.71 2.88 -4.82 4.69 3.36 -5.37 4.86 2.87
4 16 -5.5 4.88 2.35 -5.37 4.86 2.87 -5.93 4.98 2.35 -6.06 4.99 1.8
4 16 -5.93 4.98 2.35 -5.37 4.86 2.87 -5.22 4.85 3.35 -5.78 4.98 2.86
4 16 -5.93 4.98 2.35 -5.78 4.98 2.86 -6.35 5.05 2.35 -6.48 5.04 1.81
4 16 -6.35 5.05 2.35 -5.78 4.98 2.86 -5.62 4.98 3.33 -6.28 5.05 2.57
3 16 -3.13 3.41 3.21 -3.39 3.69 3.32 -3.5 3.74 2.4
3 16 -3.5 3.74 2.4 -3.39 3.69 3.32 -3.39 3.69 3.32
4 16 -3.5 3.74 2.4 -3.39 3.69 3.32 -3.87 4.05 2.39 -3.94 4.08 1.82
3 16 -3.87 4.05 2.39 -3.39 3.69 3.32 -3.55 3.85 3.39
3 16 -3.87 4.05 2.39 -3.55 3.85 3.39 -3.79 4.01 2.93
3 16 -3.79 4.01 2.93 -3.55 3.85 3.39 -3.7 3.98 3.43
3 16 -4.16 4.28 2.91 -3.7 3.98 3.43 -4.06 4.26 3.41
3 16 -4.55 4.52 2.89 -4.06 4.26 3.41 -4.43 4.49 3.38
3 16 -4.96 4.71 2.88 -4.43 4.49 3.38 -4.82 4.69 3.36
3 16 -5.37 4.86 2.87 -4.82 4.69 3.36 -5.22 4.85 3.35
3 16 -6.05 5.06 -3.24 -5.84 5.08 -3.75 -5.45 4.98 -3.76
3 16 -5.45 4.98 -3.76 -5.84 5.08 -3.75 -5.81 5.08 -3.82
3 16 -5.45 4.98 -3.76 -5.81 5.08 -3.82 -5.72 5.1 -4.01
3 16 -5.78 4.98 -2.85 -6.25 5.05 -2.66 -6.07 5.06 -3.2
3 16 -6.05 5.06 -3.24 -5.45 4.98 -3.76 -5.62 4.98 -3.33
3 16 -5.62 4.98 -3.33 -5.45 4.98 -3.76 -5.07 4.85 -3.78
4 16 -5.62 4.98 -3.33 -5.07 4.85 -3.78 -5.22 4.85 -3.34 -5.78 4.98 -2.85
3 16 -5.22 4.85 -3.34 -5.07 4.85 -3.78 -4.65 4.66 -3.82
3 16 -5.22 4.85 -3.34 -4.65 4.66 -3.82 -4.82 4.69 -3.35
4 16 -4.82 4.69 -3.35 -4.65 4.66 -3.82 -4.57 4.62 -3.79 -4.43 4.49 -3.37
3 16 -4.43 4.49 -3.37 -4.57 4.62 -3.79 -4.35 4.48 -3.71
3 16 -6.16 4.99 -1.21 -6.59 5.04 -1.21 -6.54 5.04 -1.52
4 16 -6.22 5 0.62 -6.65 5.04 0.62 -6.77 5.05 0.3 -6.67 5.04 0.2
4 16 -6.22 5 0.62 -6.67 5.04 0.2 -6.68 5.04 0.01 -6.24 5 0.01
4 16 -6.24 5 0.01 -6.68 5.04 0.01 -6.77 5.05 -0.3 -6.67 5.04 -0.3
4 16 -3.87 4.05 -2.38 -4.26 4.32 -2.36 -4.16 4.28 -2.9 -3.7 3.98 -3.43
4 16 -4.16 4.28 -2.9 -4.26 4.32 -2.36 -4.76 4.57 -1.8 -4.66 4.54 -2.35
4 16 -4.16 4.28 -2.9 -4.66 4.54 -2.35 -4.55 4.52 -2.88 -4.06 4.26 -3.4
4 16 -4.55 4.52 -2.88 -4.66 4.54 -2.35 -5.19 4.75 -1.79 -5.08 4.73 -2.35
4 16 -4.55 4.52 -2.88 -5.08 4.73 -2.35 -4.96 4.71 -2.87 -4.43 4.49 -3.37
4 16 -4.96 4.71 -2.87 -5.08 4.73 -2.35 -5.62 4.89 -1.79 -5.51 4.88 -2.34
4 16 -4.96 4.71 -2.87 -5.51 4.88 -2.34 -5.37 4.86 -2.86 -4.82 4.69 -3.35
4 16 -5.37 4.86 -2.86 -5.51 4.88 -2.34 -6.06 4.99 -1.79 -5.93 4.98 -2.34
4 16 -5.37 4.86 -2.86 -5.93 4.98 -2.34 -5.78 4.98 -2.85 -5.22 4.85 -3.34
4 16 -5.78 4.98 -2.85 -5.93 4.98 -2.34 -6.49 5.04 -1.79 -6.33 5.05 -2.4
3 16 -5.78 4.98 -2.85 -6.33 5.05 -2.4 -6.25 5.05 -2.66
3 16 -3.64 3.94 -3.43 -3.87 4.05 -2.38 -3.7 3.98 -3.43
3 16 -3.7 3.98 -3.43 -4.16 4.28 -2.9 -4.06 4.26 -3.4
3 16 -4.06 4.26 -3.4 -4.55 4.52 -2.88 -4.43 4.49 -3.37
3 16 -4.43 4.49 -3.37 -4.96 4.71 -2.87 -4.82 4.69 -3.35
3 16 -4.82 4.69 -3.35 -5.37 4.86 -2.86 -5.22 4.85 -3.34
3 16 -5.62 4.98 -3.33 -5.78 4.98 -2.85 -6.07 5.06 -3.2
3 16 -5.62 4.98 -3.33 -6.07 5.06 -3.2 -6.05 5.06 -3.24
3 16 -2.41 2.24 -1.24 -2.66 2.68 -0.62 -2.65 2.67 -1.24
4 16 -2.65 2.67 -1.24 -2.66 2.68 -0.62 -2.94 3.09 -0.61 -2.93 3.08 -1.23
3 16 -2.65 2.67 -1.24 -2.93 3.08 -1.23 -2.87 3.02 -2.42
4 16 -2.87 3.02 -2.42 -2.93 3.08 -1.23 -3.25 3.46 -1.23 -3.21 3.43 -1.82
3 16 -2.87 3.02 -2.42 -3.21 3.43 -1.82 -3.17 3.4 -2.4
4 16 -3.17 3.4 -2.4 -3.21 3.43 -1.82 -3.6 3.8 -1.22 -3.56 3.77 -1.82
4 16 -3.5 3.74 -2.39 -3.56 3.77 -1.82 -3.99 4.11 -1.22 -3.94 4.08 -1.81
3 16 -3.5 3.74 -2.39 -3.94 4.08 -1.81 -3.87 4.05 -2.38
4 16 -3.87 4.05 -2.38 -3.94 4.08 -1.81 -4.4 4.37 -1.22 -4.34 4.35 -1.8
3 16 -3.87 4.05 -2.38 -4.34 4.35 -1.8 -4.26 4.32 -2.36
4 16 -4.26 4.32 -2.36 -4.34 4.35 -1.8 -4.83 4.6 -1.21 -4.76 4.57 -1.8
4 16 -4.66 4.54 -2.35 -4.76 4.57 -1.8 -5.27 4.77 -1.21 -5.19 4.75 -1.79
4 16 -5.08 4.73 -2.35 -5.19 4.75 -1.79 -5.71 4.91 -1.21 -5.62 4.89 -1.79
4 16 -5.51 4.88 -2.34 -5.62 4.89 -1.79 -6.16 4.99 -1.21 -6.06 4.99 -1.79
3 16 -5.93 4.98 -2.34 -6.06 4.99 -1.79 -6.49 5.04 -1.79
4 16 -2.94 3.09 -0.61 -3.27 3.47 -0.61 -3.25 3.46 -1.23 -2.93 3.08 -1.23
3 16 -3.25 3.46 -1.23 -3.27 3.47 -0.61 -3.63 3.82 -0.61
4 16 -3.25 3.46 -1.23 -3.63 3.82 -0.61 -3.6 3.8 -1.22 -3.21 3.43 -1.82
3 16 -3.6 3.8 -1.22 -3.63 3.82 -0.61 -4.03 4.13 -0.61
4 16 -3.6 3.8 -1.22 -4.03 4.13 -0.61 -3.99 4.11 -1.22 -3.56 3.77 -1.82
3 16 -3.99 4.11 -1.22 -4.03 4.13 -0.61 -4.44 4.39 -0.61
4 16 -3.99 4.11 -1.22 -4.44 4.39 -0.61 -4.4 4.37 -1.22 -3.94 4.08 -1.81
3 16 -4.4 4.37 -1.22 -4.44 4.39 -0.61 -4.88 4.61 -0.61
4 16 -4.4 4.37 -1.22 -4.88 4.61 -0.61 -4.83 4.6 -1.21 -4.34 4.35 -1.8
3 16 -4.83 4.6 -1.21 -4.88 4.61 -0.61 -5.32 4.79 -0.61
4 16 -4.83 4.6 -1.21 -5.32 4.79 -0.61 -5.27 4.77 -1.21 -4.76 4.57 -1.8
3 16 -5.27 4.77 -1.21 -5.32 4.79 -0.61 -5.77 4.91 -0.61
4 16 -5.27 4.77 -1.21 -5.77 4.91 -0.61 -5.71 4.91 -1.21 -5.19 4.75 -1.79
3 16 -5.71 4.91 -1.21 -5.77 4.91 -0.61 -6.22 5 -0.61
4 16 -5.71 4.91 -1.21 -6.22 5 -0.61 -6.16 4.99 -1.21 -5.62 4.89 -1.79
3 16 -6.16 4.99 -1.21 -6.22 5 -0.61 -6.65 5.04 -0.7
3 16 -6.16 4.99 -1.21 -6.65 5.04 -0.7 -6.59 5.04 -1.21
3 16 -6.06 4.99 -1.79 -6.16 4.99 -1.21 -6.54 5.04 -1.52
3 16 -6.06 4.99 -1.79 -6.54 5.04 -1.52 -6.49 5.04 -1.79
4 16 -1.91 0.45 -1.26 -1.91 0.45 0.01 -1.97 0.9 0.01 -1.97 0.9 -1.26
4 16 -1.97 0.9 -1.26 -1.97 0.9 0.01 -2.07 1.36 0.01 -2.07 1.35 -1.25
4 16 -2.07 1.35 -1.25 -2.07 1.36 0.01 -2.22 1.81 0.01 -2.22 1.8 -1.25
4 16 -2.22 1.8 -1.25 -2.22 1.81 0.01 -2.42 2.26 0.01 -2.41 2.24 -1.24
4 16 -2.41 2.24 -1.24 -2.42 2.26 0.01 -2.66 2.69 0.01 -2.66 2.68 -0.62
4 16 -2.66 2.68 -0.62 -2.66 2.69 0.01 -2.95 3.1 0.01 -2.94 3.09 -0.61
4 16 -2.94 3.09 -0.61 -2.95 3.1 0.01 -3.28 3.48 0.01 -3.27 3.47 -0.61
3 16 -3.17 3.4 2.42 -3.21 3.43 1.84 -2.93 3.08 1.25
3 16 -2.93 3.08 1.25 -3.21 3.43 1.84 -3.25 3.46 1.24
4 16 -2.93 3.08 1.25 -3.25 3.46 1.24 -3.27 3.47 0.63 -2.94 3.09 0.63
4 16 -2.94 3.09 0.63 -3.27 3.47 0.63 -3.28 3.48 0.01 -2.95 3.1 0.01
4 16 -3.27 3.47 -0.61 -3.28 3.48 0.01 -3.64 3.83 0.01 -3.63 3.82 -0.61
4 16 -3.63 3.82 -0.61 -3.64 3.83 0.01 -4.04 4.13 0.01 -4.03 4.13 -0.61
4 16 -4.03 4.13 -0.61 -4.04 4.13 0.01 -4.46 4.4 0.01 -4.44 4.39 -0.61
4 16 -4.44 4.39 -0.61 -4.46 4.4 0.01 -4.89 4.62 0.01 -4.88 4.61 -0.61
4 16 -4.88 4.61 -0.61 -4.89 4.62 0.01 -5.34 4.79 0.01 -5.32 4.79 -0.61
4 16 -5.32 4.79 -0.61 -5.34 4.79 0.01 -5.79 4.92 0.01 -5.77 4.91 -0.61
4 16 -5.77 4.91 -0.61 -5.79 4.92 0.01 -6.24 5 0.01 -6.22 5 -0.61
4 16 -6.22 5 -0.61 -6.24 5 0.01 -6.67 5.04 -0.3 -6.65 5.04 -0.7
3 16 -6.61 3.43 -5.79 -6.58 3.37 -5.69 -6.42 3.43 -5.74
4 16 -5.47 4.03 -6.14 -5.5 4.01 -6.09 -5.39 4.11 -5.99 -5.37 4.13 -6.04
4 16 -6.26 3.73 -6.28 -6.33 3.67 -6.17 -6.12 3.71 -6.14 -6.06 3.76 -6.24
3 16 -5.77 3.85 -6.15 -5.68 3.89 -6.11 -5.64 3.92 -6.18
3 16 -5.62 3.94 -6.36 -5.68 3.91 -6.42 -5.74 3.88 -6.35
3 16 -5.19 5.19 -5.5 -5.25 5.18 -5.43 -5.16 5.26 -5.56
3 16 -5.18 4.92 -5.52 -5.19 5.01 -5.49 -5.15 5.02 -5.55
4 16 -5.17 4.53 -5.75 -5.14 4.54 -5.79 -5.19 4.39 -5.88 -5.21 4.38 -5.84
3 16 -5.16 4.76 -4.87 -5.14 4.69 -4.94 -5.09 4.67 -4.9
3 16 -5.13 4.4 -5.21 -5.11 4.4 -5.19 -5.11 4.47 -5.13
3 16 -5.37 4.97 -4.69 -5.39 4.99 -4.72 -5.33 4.93 -4.8
3 16 -5.53 5.14 -4.87 -5.46 5.07 -4.93 -5.46 5.06 -4.89
3 16 -5.23 4.37 -5.41 -5.25 4.29 -5.46 -5.23 4.28 -5.41
3 16 -5.08 3.99 -5.3 -5.06 4.07 -5.27 -5.11 4.04 -5.31
3 16 -5.11 3.88 -5.33 -5.09 3.93 -5.32 -5.14 3.95 -5.34
3 16 -5.42 3.65 -5.47 -5.35 3.63 -5.43 -5.3 3.71 -5.42
3 16 -5.49 3.93 -5.69 -5.56 3.86 -5.72 -5.54 3.84 -5.66
4 16 -5.54 3.03 -5.21 -5.48 3.11 -5.26 -5.67 3.23 -5.36 -5.82 3.09 -5.29
3 16 -5.84 3.67 -5.76 -5.95 3.61 -5.76 -5.92 3.56 -5.69
3 16 -6.42 3.43 -5.74 -6.58 3.37 -5.69 -6.37 3.36 -5.64
3 16 -5.68 5.59 -5.14 -5.57 5.63 -5.3 -5.56 5.55 -5.24
3 16 -5.91 5.43 -4.66 -5.89 5.46 -4.74 -5.75 5.37 -4.81
3 16 -5.75 5.37 -4.81 -5.89 5.46 -4.74 -5.84 5.5 -4.84
4 16 -5.51 5.29 -5.1 -5.56 5.27 -5 -5.75 5.37 -4.81 -5.7 5.4 -4.92
3 16 -5.7 5.4 -4.92 -5.75 5.37 -4.81 -5.77 5.46 -4.89
3 16 -5.77 5.46 -4.89 -5.75 5.37 -4.81 -5.84 5.5 -4.84
3 16 -5.79 5.33 -4.69 -5.93 5.41 -4.61 -5.92 5.43 -4.65
3 16 -5.93 5.41 -4.61 -5.79 5.33 -4.69 -5.94 5.38 -4.53
3 16 -5.94 5.38 -4.53 -5.79 5.33 -4.69 -5.8 5.28 -4.57
3 16 -5.94 5.38 -4.53 -5.8 5.28 -4.57 -5.95 5.35 -4.47
3 16 -5.95 5.35 -4.47 -5.8 5.28 -4.57 -5.8 5.26 -4.52
3 16 -5.95 5.35 -4.47 -5.8 5.26 -4.52 -5.95 5.33 -4.43
3 16 -5.95 5.33 -4.43 -5.8 5.26 -4.52 -5.79 5.23 -4.46
3 16 -5.95 5.33 -4.43 -5.79 5.23 -4.46 -5.94 5.29 -4.36
3 16 -5.94 5.29 -4.36 -5.79 5.23 -4.46 -5.92 5.26 -4.3
3 16 -5.92 5.26 -4.3 -5.79 5.23 -4.46 -5.76 5.2 -4.41
3 16 -5.92 5.26 -4.3 -5.76 5.2 -4.41 -5.9 5.23 -4.25
3 16 -5.9 5.23 -4.25 -5.76 5.2 -4.41 -5.74 5.17 -4.37
3 16 -5.9 5.23 -4.25 -5.74 5.17 -4.37 -5.87 5.2 -4.21
3 16 -5.87 5.2 -4.21 -5.74 5.17 -4.37 -5.7 5.15 -4.33
3 16 -5.87 5.2 -4.21 -5.7 5.15 -4.33 -5.84 5.18 -4.18
3 16 -5.84 5.18 -4.18 -5.7 5.15 -4.33 -5.83 5.17 -4.18
4 16 -5.83 5.17 -4.18 -5.7 5.15 -4.33 -5.65 5.12 -4.3 -5.78 5.14 -4.15
3 16 -5.78 5.14 -4.15 -5.65 5.12 -4.3 -5.67 5.11 -4.19
3 16 -5.78 5.14 -4.15 -5.67 5.11 -4.19 -5.73 5.12 -4.13
3 16 -5.73 5.12 -4.13 -5.67 5.11 -4.19 -5.6 5.09 -4.18
3 16 -5.73 5.12 -4.13 -5.6 5.09 -4.18 -5.67 5.1 -4.11
3 16 -5.67 5.1 -4.11 -5.6 5.09 -4.18 -5.46 5.04 -4.15
3 16 -5.67 5.1 -4.11 -5.46 5.04 -4.15 -5.56 5.07 -4.09
3 16 -5.56 5.07 -4.09 -5.46 5.04 -4.15 -5.22 4.95 -4.07
3 16 -5.56 5.07 -4.09 -5.22 4.95 -4.07 -5.25 4.95 -4
3 16 -6.54 3.3 -5.6 -6.48 3.23 -5.51 -6.4 3.25 -5.52
4 16 -6.4 3.25 -5.52 -6.48 3.23 -5.51 -6.39 3.17 -5.42 -6.29 3.18 -5.43
4 16 -6.29 3.18 -5.43 -6.39 3.17 -5.42 -6.28 3.11 -5.35 -6.16 3.12 -5.35
3 16 -6.28 3.11 -5.35 -6.27 3.1 -5.33 -6.16 3.12 -5.35
4 16 -6.16 3.12 -5.35 -6.27 3.1 -5.33 -6.12 3.03 -5.26 -6.03 3.07 -5.29
4 16 -6.03 3.07 -5.29 -6.12 3.03 -5.26 -5.94 2.98 -5.19 -5.89 3.03 -5.24
3 16 -5.89 3.03 -5.24 -5.94 2.98 -5.19 -5.65 2.89 -5.1
3 16 -5.89 3.03 -5.24 -5.65 2.89 -5.1 -5.6 2.95 -5.15
3 16 -6.58 3.37 -5.69 -6.54 3.3 -5.6 -6.37 3.36 -5.64
3 16 -6.37 3.36 -5.64 -6.54 3.3 -5.6 -6.4 3.25 -5.52
3 16 -6.37 3.36 -5.64 -6.4 3.25 -5.52 -6.3 3.29 -5.55
3 16 -6.3 3.29 -5.55 -6.4 3.25 -5.52 -6.29 3.18 -5.43
3 16 -6.3 3.29 -5.55 -6.29 3.18 -5.43 -6.2 3.23 -5.46
3 16 -6.2 3.23 -5.46 -6.29 3.18 -5.43 -6.16 3.12 -5.35
3 16 -6.2 3.23 -5.46 -6.16 3.12 -5.35 -6.08 3.17 -5.39
3 16 -6.08 3.17 -5.39 -6.16 3.12 -5.35 -6.03 3.07 -5.29
3 16 -6.08 3.17 -5.39 -6.03 3.07 -5.29 -5.95 3.13 -5.33
4 16 -5.95 3.13 -5.33 -6.03 3.07 -5.29 -5.89 3.03 -5.24 -5.82 3.09 -5.29
4 16 -5.82 3.09 -5.29 -5.89 3.03 -5.24 -5.6 2.95 -5.15 -5.57 2.99 -5.18
3 16 -5.84 3.67 -5.76 -5.92 3.56 -5.69 -5.81 3.63 -5.69
3 16 -5.81 3.63 -5.69 -5.92 3.56 -5.69 -5.86 3.52 -5.62
3 16 -5.81 3.63 -5.69 -5.86 3.52 -5.62 -5.76 3.59 -5.63
3 16 -5.76 3.59 -5.63 -5.86 3.52 -5.62 -5.8 3.48 -5.56
3 16 -5.76 3.59 -5.63 -5.8 3.48 -5.56 -5.7 3.56 -5.57
3 16 -5.7 3.56 -5.57 -5.8 3.48 -5.56 -5.72 3.45 -5.5
3 16 -5.7 3.56 -5.57 -5.72 3.45 -5.5 -5.63 3.52 -5.51
3 16 -5.63 3.52 -5.51 -5.72 3.45 -5.5 -5.63 3.41 -5.45
3 16 -5.63 3.52 -5.51 -5.63 3.41 -5.45 -5.55 3.49 -5.46
3 16 -5.95 3.61 -5.76 -6.19 3.5 -5.76 -5.92 3.56 -5.69
3 16 -5.92 3.56 -5.69 -6.19 3.5 -5.76 -6.15 3.45 -5.67
3 16 -5.92 3.56 -5.69 -6.15 3.45 -5.67 -5.86 3.52 -5.62
3 16 -5.86 3.52 -5.62 -6.15 3.45 -5.67 -6.08 3.4 -5.59
3 16 -5.86 3.52 -5.62 -6.08 3.4 -5.59 -5.8 3.48 -5.56
3 16 -5.8 3.48 -5.56 -6.08 3.4 -5.59 -6 3.35 -5.52
3 16 -5.8 3.48 -5.56 -6 3.35 -5.52 -5.72 3.45 -5.5
3 16 -5.72 3.45 -5.5 -6 3.35 -5.52 -5.9 3.3 -5.46
3 16 -5.72 3.45 -5.5 -5.9 3.3 -5.46 -5.63 3.41 -5.45
3 16 -5.63 3.41 -5.45 -5.9 3.3 -5.46 -5.79 3.26 -5.41
3 16 -5.63 3.41 -5.45 -5.79 3.26 -5.41 -5.67 3.23 -5.36
3 16 -5.48 3.11 -5.26 -5.44 3.17 -5.28 -5.67 3.23 -5.36
3 16 -5.67 3.23 -5.36 -5.44 3.17 -5.28 -5.6 3.3 -5.39
3 16 -5.67 3.23 -5.36 -5.6 3.3 -5.39 -5.63 3.41 -5.45
3 16 -5.63 3.41 -5.45 -5.6 3.3 -5.39 -5.53 3.38 -5.41
3 16 -5.63 3.41 -5.45 -5.53 3.38 -5.41 -5.55 3.49 -5.46
3 16 -5.55 3.49 -5.46 -5.53 3.38 -5.41 -5.47 3.46 -5.42
3 16 -5.49 3.93 -5.69 -5.54 3.84 -5.66 -5.47 3.91 -5.64
3 16 -5.47 3.91 -5.64 -5.54 3.84 -5.66 -5.5 3.81 -5.6
3 16 -5.47 3.91 -5.64 -5.5 3.81 -5.6 -5.44 3.89 -5.58
3 16 -5.44 3.89 -5.58 -5.5 3.81 -5.6 -5.46 3.79 -5.55
3 16 -5.44 3.89 -5.58 -5.46 3.79 -5.55 -5.4 3.87 -5.53
3 16 -5.4 3.87 -5.53 -5.46 3.79 -5.55 -5.41 3.76 -5.5
3 16 -5.4 3.87 -5.53 -5.41 3.76 -5.5 -5.36 3.84 -5.49
3 16 -5.41 3.54 -5.43 -5.35 3.63 -5.43 -5.48 3.57 -5.47
3 16 -5.48 3.57 -5.47 -5.35 3.63 -5.43 -5.42 3.65 -5.47
3 16 -5.48 3.57 -5.47 -5.42 3.65 -5.47 -5.55 3.6 -5.52
3 16 -5.31 3.82 -5.45 -5.36 3.84 -5.49 -5.36 3.74 -5.46
3 16 -5.36 3.74 -5.46 -5.36 3.84 -5.49 -5.41 3.76 -5.5
3 16 -5.36 3.74 -5.46 -5.41 3.76 -5.5 -5.48 3.68 -5.51
3 16 -5.48 3.68 -5.51 -5.41 3.76 -5.5 -5.46 3.79 -5.55
3 16 -5.48 3.68 -5.51 -5.46 3.79 -5.55 -5.53 3.71 -5.56
3 16 -5.53 3.71 -5.56 -5.46 3.79 -5.55 -5.5 3.81 -5.6
3 16 -5.53 3.71 -5.56 -5.5 3.81 -5.6 -5.58 3.74 -5.62
3 16 -5.58 3.74 -5.62 -5.5 3.81 -5.6 -5.54 3.84 -5.66
3 16 -5.58 3.74 -5.62 -5.54 3.84 -5.66 -5.62 3.76 -5.67
3 16 -5.62 3.76 -5.67 -5.54 3.84 -5.66 -5.56 3.86 -5.72
3 16 -5.62 3.76 -5.67 -5.56 3.86 -5.72 -5.64 3.79 -5.74
3 16 -5.74 3.75 -5.79 -5.74 3.73 -5.75 -5.64 3.79 -5.74
3 16 -5.64 3.79 -5.74 -5.74 3.73 -5.75 -5.71 3.69 -5.69
3 16 -5.64 3.79 -5.74 -5.71 3.69 -5.69 -5.62 3.76 -5.67
3 16 -5.62 3.76 -5.67 -5.71 3.69 -5.69 -5.67 3.66 -5.62
3 16 -5.62 3.76 -5.67 -5.67 3.66 -5.62 -5.58 3.74 -5.62
3 16 -5.58 3.74 -5.62 -5.67 3.66 -5.62 -5.61 3.63 -5.57
3 16 -5.58 3.74 -5.62 -5.61 3.63 -5.57 -5.53 3.71 -5.56
3 16 -5.53 3.71 -5.56 -5.61 3.63 -5.57 -5.55 3.6 -5.52
3 16 -5.53 3.71 -5.56 -5.55 3.6 -5.52 -5.48 3.68 -5.51
3 16 -5.48 3.68 -5.51 -5.55 3.6 -5.52 -5.42 3.65 -5.47
3 16 -5.48 3.68 -5.51 -5.42 3.65 -5.47 -5.36 3.74 -5.46
3 16 -5.36 3.74 -5.46 -5.42 3.65 -5.47 -5.3 3.71 -5.42
3 16 -5.36 3.74 -5.46 -5.3 3.71 -5.42 -5.31 3.82 -5.45
3 16 -5.31 3.82 -5.45 -5.3 3.71 -5.42 -5.26 3.8 -5.41
3 16 -5.33 3.52 -5.39 -5.26 3.5 -5.36 -5.29 3.6 -5.4
3 16 -5.29 3.6 -5.4 -5.26 3.5 -5.36 -5.21 3.6 -5.37
3 16 -5.29 3.6 -5.4 -5.21 3.6 -5.37 -5.24 3.69 -5.39
3 16 -5.2 4.17 -5.37 -5.16 4.16 -5.33 -5.16 4.25 -5.31
3 16 -5.17 3.86 -5.36 -5.12 3.84 -5.34 -5.11 3.88 -5.33
3 16 -5.13 4.14 -5.3 -5.09 4.12 -5.27 -5.09 4.22 -5.24
3 16 -5.12 3.84 -5.34 -5.17 3.86 -5.36 -5.14 3.79 -5.35
3 16 -5.14 3.79 -5.35 -5.21 3.78 -5.38 -5.18 3.69 -5.36
3 16 -5.18 3.69 -5.36 -5.21 3.78 -5.38 -5.24 3.69 -5.39
3 16 -5.19 3.66 -5.36 -5.24 3.69 -5.39 -5.21 3.6 -5.37
3 16 -5.44 3.17 -5.28 -5.4 3.24 -5.31 -5.6 3.3 -5.39
3 16 -5.6 3.3 -5.39 -5.4 3.24 -5.31 -5.39 3.25 -5.32
3 16 -5.6 3.3 -5.39 -5.39 3.25 -5.32 -5.53 3.38 -5.41
3 16 -5.53 3.38 -5.41 -5.34 3.34 -5.34 -5.47 3.46 -5.42
3 16 -5.47 3.46 -5.42 -5.34 3.34 -5.34 -5.31 3.4 -5.35
3 16 -5.47 3.46 -5.42 -5.31 3.4 -5.35 -5.33 3.52 -5.39
3 16 -5.33 3.52 -5.39 -5.31 3.4 -5.35 -5.3 3.42 -5.35
3 16 -5.26 4.3 -5.51 -5.25 4.29 -5.46 -5.24 4.38 -5.46
3 16 -5.24 4.38 -5.46 -5.25 4.29 -5.46 -5.23 4.37 -5.41
3 16 -5.24 4.38 -5.46 -5.23 4.37 -5.41 -5.23 4.46 -5.41
3 16 -5.23 4.69 -5.22 -5.22 4.61 -5.31 -5.22 4.61 -5.28
3 16 -5.22 4.61 -5.28 -5.22 4.61 -5.31 -5.22 4.54 -5.36
3 16 -5.22 4.61 -5.28 -5.22 4.54 -5.36 -5.22 4.53 -5.33
3 16 -5.22 4.53 -5.33 -5.22 4.54 -5.36 -5.23 4.46 -5.41
3 16 -5.22 4.53 -5.33 -5.23 4.46 -5.41 -5.21 4.45 -5.36
3 16 -5.21 4.45 -5.36 -5.23 4.46 -5.41 -5.23 4.37 -5.41
3 16 -5.21 4.45 -5.36 -5.23 4.37 -5.41 -5.21 4.36 -5.36
3 16 -5.21 4.36 -5.36 -5.23 4.37 -5.41 -5.23 4.28 -5.41
3 16 -5.21 4.36 -5.36 -5.23 4.28 -5.41 -5.2 4.27 -5.37
3 16 -5.25 4.76 -5.13 -5.23 4.69 -5.22 -5.23 4.68 -5.19
3 16 -5.23 4.68 -5.19 -5.23 4.69 -5.22 -5.22 4.61 -5.28
3 16 -5.23 4.68 -5.19 -5.22 4.61 -5.28 -5.21 4.6 -5.25
3 16 -5.21 4.6 -5.25 -5.22 4.61 -5.28 -5.22 4.53 -5.33
3 16 -5.21 4.6 -5.25 -5.22 4.53 -5.33 -5.21 4.53 -5.31
3 16 -5.21 4.53 -5.31 -5.22 4.53 -5.33 -5.21 4.45 -5.36
3 16 -5.21 4.53 -5.31 -5.21 4.45 -5.36 -5.2 4.44 -5.31
3 16 -5.2 4.44 -5.31 -5.21 4.45 -5.36 -5.21 4.36 -5.36
3 16 -5.2 4.44 -5.31 -5.21 4.36 -5.36 -5.18 4.35 -5.32
3 16 -5.18 4.35 -5.32 -5.21 4.36 -5.36 -5.2 4.27 -5.37
3 16 -5.18 4.35 -5.32 -5.2 4.27 -5.37 -5.17 4.25 -5.33
3 16 -5.53 5.14 -4.87 -5.46 5.06 -4.89 -5.61 5.21 -4.8
3 16 -5.46 5.07 -4.93 -5.39 5 -5 -5.46 5.06 -4.89
3 16 -5.46 5.06 -4.89 -5.39 5 -5 -5.38 4.98 -4.93
3 16 -5.46 5.06 -4.89 -5.38 4.98 -4.93 -5.45 5.05 -4.86
3 16 -5.41 5.01 -4.75 -5.43 5.02 -4.78 -5.36 4.95 -4.86
3 16 -5.36 4.95 -4.86 -5.43 5.02 -4.78 -5.44 5.03 -4.82
3 16 -5.19 4.51 -5.26 -5.2 4.59 -5.2 -5.21 4.6 -5.23
3 16 -5.21 4.6 -5.23 -5.2 4.59 -5.2 -5.21 4.67 -5.14
3 16 -5.21 4.6 -5.23 -5.21 4.67 -5.14 -5.22 4.67 -5.17
3 16 -5.22 4.67 -5.17 -5.21 4.67 -5.14 -5.23 4.74 -5.08
3 16 -5.22 4.67 -5.17 -5.23 4.74 -5.08 -5.24 4.75 -5.1
3 16 -5.24 4.75 -5.1 -5.23 4.74 -5.08 -5.27 4.81 -5.01
3 16 -5.24 4.75 -5.1 -5.27 4.81 -5.01 -5.28 4.82 -5.04
3 16 -5.28 4.82 -5.04 -5.27 4.81 -5.01 -5.31 4.89 -4.94
3 16 -5.28 4.82 -5.04 -5.31 4.89 -4.94 -5.32 4.9 -4.97
3 16 -5.32 4.9 -4.97 -5.31 4.89 -4.94 -5.36 4.95 -4.86
3 16 -5.32 4.9 -4.97 -5.36 4.95 -4.86 -5.38 4.98 -4.93
3 16 -5.38 4.98 -4.93 -5.36 4.95 -4.86 -5.44 5.03 -4.82
3 16 -5.38 4.98 -4.93 -5.44 5.03 -4.82 -5.45 5.05 -4.86
3 16 -5.39 4.99 -4.72 -5.41 5.01 -4.75 -5.33 4.93 -4.8
3 16 -5.33 4.93 -4.8 -5.41 5.01 -4.75 -5.36 4.95 -4.86
3 16 -5.33 4.93 -4.8 -5.36 4.95 -4.86 -5.28 4.86 -4.88
3 16 -5.28 4.86 -4.88 -5.36 4.95 -4.86 -5.31 4.89 -4.94
4 16 -5.28 4.86 -4.88 -5.31 4.89 -4.94 -5.27 4.81 -5.01 -5.24 4.8 -4.96
3 16 -5.24 4.8 -4.96 -5.27 4.81 -5.01 -5.21 4.73 -5.03
3 16 -5.21 4.73 -5.03 -5.27 4.81 -5.01 -5.23 4.74 -5.08
3 16 -5.21 4.73 -5.03 -5.23 4.74 -5.08 -5.19 4.65 -5.09
3 16 -5.19 4.65 -5.09 -5.23 4.74 -5.08 -5.21 4.67 -5.14
3 16 -5.19 4.65 -5.09 -5.21 4.67 -5.14 -5.17 4.58 -5.16
3 16 -5.17 4.58 -5.16 -5.21 4.67 -5.14 -5.2 4.59 -5.2
3 16 -5.17 4.58 -5.16 -5.2 4.59 -5.2 -5.17 4.5 -5.21
3 16 -5.17 4.5 -5.21 -5.2 4.59 -5.2 -5.19 4.51 -5.26
3 16 -5.17 4.5 -5.21 -5.19 4.51 -5.26 -5.17 4.42 -5.27
4 16 -5.37 4.97 -4.69 -5.52 5.08 -4.52 -5.55 5.1 -4.55 -5.39 4.99 -4.72
3 16 -5.39 4.99 -4.72 -5.55 5.1 -4.55 -5.41 5.01 -4.75
3 16 -5.41 5.01 -4.75 -5.55 5.1 -4.55 -5.58 5.12 -4.58
3 16 -5.41 5.01 -4.75 -5.58 5.12 -4.58 -5.43 5.02 -4.78
4 16 -5.43 5.02 -4.78 -5.58 5.12 -4.58 -5.6 5.14 -4.62 -5.44 5.03 -4.82
4 16 -5.44 5.03 -4.82 -5.6 5.14 -4.62 -5.61 5.16 -4.66 -5.45 5.05 -4.86
3 16 -5.45 5.05 -4.86 -5.61 5.16 -4.66 -5.62 5.18 -4.71
3 16 -5.45 5.05 -4.86 -5.62 5.18 -4.71 -5.46 5.06 -4.89
3 16 -5.46 5.06 -4.89 -5.62 5.18 -4.71 -5.62 5.19 -4.75
3 16 -5.46 5.06 -4.89 -5.62 5.19 -4.75 -5.61 5.21 -4.8
3 16 -5.44 5.04 -4.47 -5.48 5.06 -4.49 -5.41 5.01 -4.58
3 16 -5.41 5.01 -4.58 -5.48 5.06 -4.49 -5.52 5.08 -4.52
3 16 -5.41 5.01 -4.58 -5.52 5.08 -4.52 -5.34 4.96 -4.67
3 16 -5.34 4.96 -4.67 -5.52 5.08 -4.52 -5.37 4.97 -4.69
3 16 -5.34 4.96 -4.67 -5.37 4.97 -4.69 -5.28 4.9 -4.75
3 16 -5.28 4.9 -4.75 -5.37 4.97 -4.69 -5.33 4.93 -4.8
4 16 -5.28 4.9 -4.75 -5.33 4.93 -4.8 -5.28 4.86 -4.88 -5.24 4.84 -4.83
4 16 -5.24 4.84 -4.83 -5.28 4.86 -4.88 -5.24 4.8 -4.96 -5.2 4.78 -4.91
3 16 -5.2 4.78 -4.91 -5.24 4.8 -4.96 -5.17 4.71 -4.98
3 16 -5.17 4.71 -4.98 -5.24 4.8 -4.96 -5.21 4.73 -5.03
3 16 -5.17 4.71 -4.98 -5.21 4.73 -5.03 -5.16 4.64 -5.05
3 16 -5.16 4.64 -5.05 -5.21 4.73 -5.03 -5.19 4.65 -5.09
3 16 -5.16 4.64 -5.05 -5.19 4.65 -5.09 -5.15 4.56 -5.11
3 16 -5.15 4.56 -5.11 -5.19 4.65 -5.09 -5.17 4.58 -5.16
3 16 -5.15 4.56 -5.11 -5.17 4.58 -5.16 -5.14 4.49 -5.17
3 16 -5.14 4.49 -5.17 -5.17 4.58 -5.16 -5.17 4.5 -5.21
3 16 -5.14 4.49 -5.17 -5.17 4.5 -5.21 -5.15 4.41 -5.23
3 16 -5.15 4.41 -5.23 -5.17 4.5 -5.21 -5.17 4.42 -5.27
3 16 -5.15 4.41 -5.23 -5.17 4.42 -5.27 -5.16 4.33 -5.28
3 16 -5.11 4.4 -5.19 -5.1 4.39 -5.17 -5.11 4.47 -5.13
3 16 -5.11 4.47 -5.13 -5.1 4.39 -5.17 -5.09 4.47 -5.12
3 16 -5.11 4.47 -5.13 -5.09 4.47 -5.12 -5.11 4.55 -5.07
3 16 -5.11 4.55 -5.07 -5.09 4.47 -5.12 -5.09 4.54 -5.06
3 16 -5.11 4.55 -5.07 -5.09 4.54 -5.06 -5.12 4.62 -5.01
3 16 -5.12 4.62 -5.01 -5.09 4.54 -5.06 -5.08 4.6 -4.97
3 16 -5.14 4.33 -5.26 -5.16 4.25 -5.31 -5.14 4.24 -5.29
3 16 -5.14 4.24 -5.29 -5.16 4.25 -5.31 -5.16 4.16 -5.33
3 16 -5.14 4.24 -5.29 -5.16 4.16 -5.33 -5.12 4.23 -5.27
3 16 -5.12 4.23 -5.27 -5.16 4.16 -5.33 -5.13 4.14 -5.3
3 16 -5.12 4.23 -5.27 -5.13 4.14 -5.3 -5.11 4.22 -5.26
3 16 -5.11 4.22 -5.26 -5.13 4.14 -5.3 -5.09 4.22 -5.24
3 16 -5.11 4.22 -5.26 -5.09 4.22 -5.24 -5.06 4.38 -5.14
3 16 -5.14 4.33 -5.26 -5.14 4.24 -5.29 -5.13 4.32 -5.24
3 16 -5.13 4.32 -5.24 -5.14 4.24 -5.29 -5.12 4.23 -5.27
3 16 -5.13 4.32 -5.24 -5.12 4.23 -5.27 -5.11 4.31 -5.23
3 16 -5.11 4.31 -5.23 -5.12 4.23 -5.27 -5.11 4.22 -5.26
3 16 -5.11 4.31 -5.23 -5.11 4.22 -5.26 -5.08 4.38 -5.16
3 16 -5.08 4.38 -5.16 -5.11 4.22 -5.26 -5.06 4.38 -5.14
3 16 -5.08 4.38 -5.16 -5.06 4.38 -5.14 -5.08 4.46 -5.1
3 16 -5.08 4.46 -5.1 -5.06 4.38 -5.14 -5.06 4.53 -5.03
3 16 -5.08 4.46 -5.1 -5.06 4.53 -5.03 -5.08 4.53 -5.04
3 16 -5.09 4.12 -5.27 -5.07 4.21 -5.23 -5.09 4.22 -5.24
3 16 -5.09 4.22 -5.24 -5.07 4.21 -5.23 -5.04 4.37 -5.13
3 16 -5.09 4.22 -5.24 -5.04 4.37 -5.13 -5.06 4.38 -5.14
3 16 -5.06 4.38 -5.14 -5.04 4.37 -5.13 -5.04 4.52 -5.01
3 16 -5.06 4.38 -5.14 -5.04 4.52 -5.01 -5.06 4.53 -5.03
3 16 -5.02 4.51 -5 -5.05 4.65 -4.87 -5.04 4.59 -4.94
3 16 -5.04 4.59 -4.94 -5.05 4.65 -4.87 -5.09 4.67 -4.9
3 16 -5.04 4.59 -4.94 -5.09 4.67 -4.9 -5.08 4.6 -4.97
3 16 -5.08 4.6 -4.97 -5.09 4.67 -4.9 -5.14 4.69 -4.94
3 16 -5.08 4.6 -4.97 -5.14 4.69 -4.94 -5.12 4.62 -5.01
3 16 -5 4.42 -5.05 -5.02 4.51 -5 -5.02 4.36 -5.12
3 16 -5 4.42 -5.05 -5 4.46 -5.03 -5.02 4.51 -5
3 16 -5.02 4.51 -5 -5 4.46 -5.03 -4.99 4.5 -4.99
3 16 -5.02 4.51 -5 -4.99 4.5 -4.99 -5.05 4.65 -4.87
3 16 -5.16 4.76 -4.87 -5.11 4.73 -4.83 -5.19 4.82 -4.79
3 16 -5.19 4.82 -4.79 -5.11 4.73 -4.83 -5.13 4.79 -4.75
3 16 -5.19 4.82 -4.79 -5.13 4.79 -4.75 -5.23 4.87 -4.71
3 16 -5.23 4.87 -4.71 -5.13 4.79 -4.75 -5.17 4.85 -4.67
3 16 -5.23 4.87 -4.71 -5.17 4.85 -4.67 -5.28 4.93 -4.62
3 16 -5.3 4.98 -4.41 -5.4 5.02 -4.44 -5.25 4.94 -4.5
3 16 -5.25 4.94 -4.5 -5.4 5.02 -4.44 -5.33 4.97 -4.54
3 16 -5.25 4.94 -4.5 -5.33 4.97 -4.54 -5.2 4.9 -4.59
3 16 -5.02 4.72 -4.74 -5.02 4.74 -4.69 -5.08 4.77 -4.72
3 16 -5.08 4.77 -4.72 -5.02 4.74 -4.69 -5.04 4.78 -4.63
3 16 -5.08 4.77 -4.72 -5.04 4.78 -4.63 -5.05 4.82 -4.56
3 16 -5.11 4.73 -4.83 -5.08 4.77 -4.72 -5.13 4.79 -4.75
4 16 -5.13 4.79 -4.75 -5.08 4.77 -4.72 -5.05 4.82 -4.56 -5.17 4.85 -4.67
3 16 -5.17 4.85 -4.67 -5.05 4.82 -4.56 -5.2 4.9 -4.59
3 16 -5.17 4.85 -4.67 -5.2 4.9 -4.59 -5.28 4.93 -4.62
3 16 -5.28 4.93 -4.62 -5.2 4.9 -4.59 -5.33 4.97 -4.54
3 16 -5.65 5.12 -4.3 -5.6 5.1 -4.28 -5.67 5.11 -4.19
3 16 -5.67 5.11 -4.19 -5.6 5.1 -4.28 -5.54 5.07 -4.26
3 16 -5.67 5.11 -4.19 -5.54 5.07 -4.26 -5.6 5.09 -4.18
3 16 -5.6 5.09 -4.18 -5.54 5.07 -4.26 -5.41 5.03 -4.24
3 16 -5.6 5.09 -4.18 -5.41 5.03 -4.24 -5.46 5.04 -4.15
3 16 -5.46 5.04 -4.15 -5.41 5.03 -4.24 -5.17 4.94 -4.2
3 16 -5.46 5.04 -4.15 -5.17 4.94 -4.2 -5.22 4.95 -4.07
3 16 -5.05 4.82 -4.56 -5.06 4.83 -4.53 -5.2 4.9 -4.59
3 16 -5.2 4.9 -4.59 -5.06 4.83 -4.53 -5.08 4.86 -4.46
3 16 -5.2 4.9 -4.59 -5.08 4.86 -4.46 -5.25 4.94 -4.5
3 16 -5.25 4.94 -4.5 -5.08 4.86 -4.46 -5.1 4.89 -4.38
3 16 -5.25 4.94 -4.5 -5.1 4.89 -4.38 -5.3 4.98 -4.41
3 16 -5.3 4.98 -4.41 -5.1 4.89 -4.38 -5.13 4.92 -4.3
4 16 -5.3 4.98 -4.41 -5.13 4.92 -4.3 -5.16 4.93 -4.22 -5.41 5.03 -4.24
3 16 -4.99 4.5 -4.99 -5 4.58 -4.91 -5.05 4.65 -4.87
3 16 -5.05 4.65 -4.87 -5 4.58 -4.91 -5 4.63 -4.85
3 16 -5.05 4.65 -4.87 -5 4.63 -4.85 -5.01 4.68 -4.79
3 16 -5.16 4.76 -4.87 -5.09 4.67 -4.9 -5.11 4.73 -4.83
3 16 -5.11 4.73 -4.83 -5.09 4.67 -4.9 -5.05 4.65 -4.87
3 16 -5.11 4.73 -4.83 -5.05 4.65 -4.87 -5.08 4.77 -4.72
3 16 -5.08 4.77 -4.72 -5.05 4.65 -4.87 -5.01 4.68 -4.79
3 16 -5.08 4.77 -4.72 -5.01 4.68 -4.79 -5.02 4.72 -4.74
3 16 -5.17 4.67 -5.63 -5.17 4.59 -5.67 -5.19 4.58 -5.62
3 16 -5.14 4.68 -5.67 -5.17 4.53 -5.75 -5.19 4.52 -5.71
3 16 -5.19 4.52 -5.71 -5.17 4.53 -5.75 -5.21 4.44 -5.76
3 16 -5.19 4.52 -5.71 -5.21 4.44 -5.76 -5.22 4.43 -5.71
3 16 -5.11 4.75 -5.69 -5.14 4.68 -5.67 -5.1 4.86 -5.65
3 16 -5.1 4.86 -5.65 -5.14 4.68 -5.67 -5.14 4.85 -5.61
3 16 -5.1 4.86 -5.65 -5.14 4.85 -5.61 -5.1 4.92 -5.63
3 16 -5.11 4.75 -5.69 -5.11 4.73 -5.7 -5.14 4.68 -5.67
3 16 -5.14 4.68 -5.67 -5.11 4.73 -5.7 -5.11 4.7 -5.71
3 16 -5.14 4.68 -5.67 -5.11 4.7 -5.71 -5.17 4.53 -5.75
3 16 -5.17 4.53 -5.75 -5.11 4.7 -5.71 -5.14 4.56 -5.78
3 16 -5.17 4.53 -5.75 -5.14 4.56 -5.78 -5.14 4.54 -5.79
3 16 -5.15 5.02 -5.55 -5.11 5.03 -5.6 -5.11 4.95 -5.63
3 16 -5.24 4.42 -5.66 -5.26 4.35 -5.71 -5.27 4.34 -5.68
3 16 -5.24 4.42 -5.66 -5.27 4.34 -5.68 -5.25 4.41 -5.61
3 16 -5.27 4.34 -5.68 -5.27 4.34 -5.66 -5.25 4.41 -5.61
3 16 -5.25 4.41 -5.61 -5.27 4.34 -5.66 -5.27 4.33 -5.63
3 16 -5.25 4.41 -5.61 -5.27 4.33 -5.63 -5.25 4.4 -5.56
3 16 -5.27 4.33 -5.63 -5.27 4.33 -5.61 -5.25 4.4 -5.56
3 16 -5.25 4.4 -5.56 -5.27 4.33 -5.61 -5.27 4.32 -5.56
3 16 -5.25 4.4 -5.56 -5.27 4.32 -5.56 -5.25 4.39 -5.51
3 16 -5.21 4.51 -5.67 -5.24 4.42 -5.66 -5.22 4.5 -5.62
3 16 -5.22 4.5 -5.62 -5.24 4.42 -5.66 -5.25 4.41 -5.61
3 16 -5.22 4.5 -5.62 -5.25 4.41 -5.61 -5.23 4.49 -5.57
3 16 -5.23 4.49 -5.57 -5.25 4.41 -5.61 -5.25 4.4 -5.56
3 16 -5.23 4.49 -5.57 -5.25 4.4 -5.56 -5.23 4.48 -5.52
3 16 -5.23 4.48 -5.52 -5.25 4.4 -5.56 -5.25 4.39 -5.51
3 16 -5.23 4.48 -5.52 -5.25 4.39 -5.51 -5.23 4.47 -5.46
3 16 -5.17 4.59 -5.67 -5.21 4.51 -5.67 -5.19 4.58 -5.62
3 16 -5.19 4.58 -5.62 -5.21 4.51 -5.67 -5.22 4.5 -5.62
3 16 -5.19 4.58 -5.62 -5.22 4.5 -5.62 -5.21 4.57 -5.57
3 16 -5.21 4.57 -5.57 -5.22 4.5 -5.62 -5.23 4.49 -5.57
3 16 -5.21 4.57 -5.57 -5.23 4.49 -5.57 -5.22 4.57 -5.52
3 16 -5.22 4.57 -5.52 -5.23 4.49 -5.57 -5.23 4.48 -5.52
3 16 -5.22 4.57 -5.52 -5.23 4.48 -5.52 -5.23 4.56 -5.47
3 16 -5.23 4.56 -5.47 -5.23 4.48 -5.52 -5.23 4.47 -5.46
3 16 -5.23 4.56 -5.47 -5.23 4.47 -5.46 -5.23 4.55 -5.41
3 16 -5.17 4.67 -5.63 -5.19 4.58 -5.62 -5.19 4.66 -5.58
3 16 -5.19 4.66 -5.58 -5.19 4.58 -5.62 -5.21 4.57 -5.57
3 16 -5.19 4.66 -5.58 -5.21 4.57 -5.57 -5.21 4.65 -5.53
3 16 -5.21 4.65 -5.53 -5.21 4.57 -5.57 -5.22 4.57 -5.52
3 16 -5.21 4.65 -5.53 -5.22 4.57 -5.52 -5.22 4.64 -5.47
3 16 -5.22 4.64 -5.47 -5.22 4.57 -5.52 -5.23 4.56 -5.47
3 16 -5.22 4.64 -5.47 -5.23 4.56 -5.47 -5.23 4.64 -5.42
3 16 -5.23 4.64 -5.42 -5.23 4.56 -5.47 -5.23 4.55 -5.41
3 16 -5.23 4.64 -5.42 -5.23 4.55 -5.41 -5.23 4.63 -5.36
3 16 -5.23 4.63 -5.36 -5.23 4.55 -5.41 -5.23 4.62 -5.33
3 16 -5.23 4.63 -5.36 -5.23 4.62 -5.33 -5.24 4.7 -5.28
3 16 -5.24 4.7 -5.28 -5.23 4.62 -5.33 -5.24 4.69 -5.25
3 16 -5.24 4.7 -5.28 -5.24 4.69 -5.25 -5.26 4.77 -5.19
3 16 -5.26 4.77 -5.19 -5.24 4.69 -5.25 -5.26 4.76 -5.16
3 16 -5.26 4.77 -5.19 -5.26 4.76 -5.16 -5.29 4.84 -5.1
3 16 -5.29 4.84 -5.1 -5.26 4.76 -5.16 -5.28 4.83 -5.07
3 16 -5.29 4.84 -5.1 -5.28 4.83 -5.07 -5.33 4.91 -5
3 16 -5.24 4.71 -5.34 -5.24 4.7 -5.31 -5.26 4.78 -5.25
3 16 -5.26 4.78 -5.25 -5.24 4.7 -5.31 -5.26 4.78 -5.22
3 16 -5.26 4.78 -5.25 -5.26 4.78 -5.22 -5.29 4.86 -5.16
3 16 -5.29 4.86 -5.16 -5.26 4.78 -5.22 -5.29 4.85 -5.13
3 16 -5.29 4.86 -5.16 -5.29 4.85 -5.13 -5.34 4.92 -5.07
3 16 -5.34 4.92 -5.07 -5.29 4.85 -5.13 -5.33 4.92 -5.03
3 16 -5.33 4.91 -5 -5.33 4.92 -5.03 -5.29 4.84 -5.1
3 16 -5.29 4.84 -5.1 -5.33 4.92 -5.03 -5.29 4.85 -5.13
3 16 -5.29 4.84 -5.1 -5.29 4.85 -5.13 -5.26 4.77 -5.19
3 16 -5.26 4.77 -5.19 -5.29 4.85 -5.13 -5.26 4.78 -5.22
3 16 -5.26 4.77 -5.19 -5.26 4.78 -5.22 -5.24 4.7 -5.28
3 16 -5.24 4.7 -5.28 -5.26 4.78 -5.22 -5.24 4.7 -5.31
3 16 -5.24 4.7 -5.28 -5.24 4.7 -5.31 -5.23 4.63 -5.36
3 16 -5.23 4.63 -5.36 -5.24 4.7 -5.31 -5.24 4.71 -5.34
3 16 -5.23 4.63 -5.36 -5.24 4.71 -5.34 -5.23 4.64 -5.42
3 16 -5.27 4.32 -5.56 -5.26 4.3 -5.51 -5.25 4.39 -5.51
3 16 -5.25 4.39 -5.51 -5.26 4.3 -5.51 -5.24 4.38 -5.46
3 16 -5.25 4.39 -5.51 -5.24 4.38 -5.46 -5.23 4.47 -5.46
3 16 -5.23 4.47 -5.46 -5.24 4.38 -5.46 -5.23 4.46 -5.41
3 16 -5.23 4.47 -5.46 -5.23 4.46 -5.41 -5.23 4.55 -5.41
3 16 -5.23 4.55 -5.41 -5.23 4.46 -5.41 -5.22 4.54 -5.36
3 16 -5.23 4.55 -5.41 -5.22 4.54 -5.36 -5.23 4.62 -5.33
3 16 -5.23 4.62 -5.33 -5.22 4.54 -5.36 -5.22 4.61 -5.31
3 16 -5.23 4.62 -5.33 -5.22 4.61 -5.31 -5.24 4.69 -5.25
3 16 -5.24 4.69 -5.25 -5.22 4.61 -5.31 -5.23 4.69 -5.22
3 16 -5.24 4.69 -5.25 -5.23 4.69 -5.22 -5.26 4.76 -5.16
3 16 -5.26 4.76 -5.16 -5.23 4.69 -5.22 -5.25 4.76 -5.13
3 16 -5.26 4.76 -5.16 -5.25 4.76 -5.13 -5.28 4.83 -5.07
3 16 -5.15 5.02 -5.55 -5.19 5.01 -5.49 -5.19 5.19 -5.5
3 16 -5.19 5.19 -5.5 -5.19 5.01 -5.49 -5.22 5.09 -5.46
3 16 -5.19 5.19 -5.5 -5.22 5.09 -5.46 -5.25 5.18 -5.43
3 16 -5.21 5.42 -5.55 -5.2 5.38 -5.55 -5.33 5.34 -5.38
3 16 -5.33 5.34 -5.38 -5.2 5.38 -5.55 -5.18 5.33 -5.55
3 16 -5.16 5.26 -5.56 -5.15 5.21 -5.57 -5.19 5.19 -5.5
3 16 -5.19 5.19 -5.5 -5.15 5.21 -5.57 -5.13 5.12 -5.58
3 16 -5.19 5.19 -5.5 -5.13 5.12 -5.58 -5.15 5.02 -5.55
3 16 -5.15 5.02 -5.55 -5.13 5.12 -5.58 -5.12 5.09 -5.59
3 16 -5.15 5.02 -5.55 -5.12 5.09 -5.59 -5.11 5.03 -5.6
4 16 -5.56 5.64 -5.31 -5.62 5.78 -5.35 -5.35 5.7 -5.56 -5.48 5.58 -5.35
3 16 -5.48 5.58 -5.35 -5.35 5.7 -5.56 -5.31 5.62 -5.55
4 16 -5.48 5.58 -5.35 -5.31 5.62 -5.55 -5.28 5.57 -5.55 -5.42 5.5 -5.35
3 16 -5.42 5.5 -5.35 -5.28 5.57 -5.55 -5.26 5.52 -5.55
3 16 -5.57 5.63 -5.3 -5.56 5.64 -5.31 -5.56 5.55 -5.24
3 16 -5.56 5.55 -5.24 -5.56 5.64 -5.31 -5.48 5.58 -5.35
4 16 -5.56 5.55 -5.24 -5.48 5.58 -5.35 -5.42 5.5 -5.35 -5.5 5.48 -5.25
3 16 -5.5 5.48 -5.25 -5.42 5.5 -5.35 -5.33 5.34 -5.38
4 16 -5.33 5.34 -5.38 -5.42 5.5 -5.35 -5.26 5.52 -5.55 -5.21 5.42 -5.55
4 16 -5.72 5.57 -5.07 -5.68 5.59 -5.14 -5.56 5.55 -5.24 -5.63 5.53 -5.13
3 16 -5.63 5.53 -5.13 -5.56 5.55 -5.24 -5.57 5.46 -5.14
3 16 -5.57 5.46 -5.14 -5.56 5.55 -5.24 -5.5 5.48 -5.25
4 16 -5.57 5.46 -5.14 -5.5 5.48 -5.25 -5.33 5.34 -5.38 -5.39 5.33 -5.29
3 16 -5.39 5.33 -5.29 -5.33 5.34 -5.38 -5.25 5.18 -5.43
3 16 -5.25 5.18 -5.43 -5.33 5.34 -5.38 -5.18 5.33 -5.55
3 16 -5.25 5.18 -5.43 -5.18 5.33 -5.55 -5.16 5.26 -5.56
3 16 -5.26 4.89 -5.33 -5.28 4.88 -5.26 -5.3 4.97 -5.28
3 16 -5.3 4.97 -5.28 -5.28 4.88 -5.26 -5.32 4.96 -5.21
3 16 -5.3 4.97 -5.28 -5.32 4.96 -5.21 -5.34 5.05 -5.23
3 16 -5.34 5.05 -5.23 -5.32 4.96 -5.21 -5.37 5.04 -5.15
3 16 -5.34 5.05 -5.23 -5.37 5.04 -5.15 -5.39 5.13 -5.19
3 16 -5.39 5.13 -5.19 -5.37 5.04 -5.15 -5.42 5.12 -5.1
4 16 -5.39 5.13 -5.19 -5.42 5.12 -5.1 -5.49 5.19 -5.05 -5.51 5.29 -5.1
3 16 -5.24 4.9 -5.4 -5.26 4.89 -5.33 -5.27 4.98 -5.35
3 16 -5.27 4.98 -5.35 -5.26 4.89 -5.33 -5.3 4.97 -5.28
3 16 -5.27 4.98 -5.35 -5.3 4.97 -5.28 -5.3 5.07 -5.31
3 16 -5.3 5.07 -5.31 -5.3 4.97 -5.28 -5.34 5.05 -5.23
3 16 -5.3 5.07 -5.31 -5.34 5.05 -5.23 -5.35 5.15 -5.27
3 16 -5.35 5.15 -5.27 -5.34 5.05 -5.23 -5.39 5.13 -5.19
3 16 -5.35 5.15 -5.27 -5.39 5.13 -5.19 -5.51 5.29 -5.1
3 16 -5.51 5.29 -5.1 -5.49 5.19 -5.05 -5.56 5.27 -5
3 16 -5.18 4.92 -5.52 -5.21 4.91 -5.46 -5.19 5.01 -5.49
3 16 -5.19 5.01 -5.49 -5.21 4.91 -5.46 -5.23 4.99 -5.42
3 16 -5.19 5.01 -5.49 -5.23 4.99 -5.42 -5.22 5.09 -5.46
3 16 -5.22 5.09 -5.46 -5.23 4.99 -5.42 -5.26 5.08 -5.39
3 16 -5.22 5.09 -5.46 -5.26 5.08 -5.39 -5.25 5.18 -5.43
3 16 -5.25 5.18 -5.43 -5.26 5.08 -5.39 -5.3 5.16 -5.35
4 16 -5.25 5.18 -5.43 -5.3 5.16 -5.35 -5.45 5.31 -5.2 -5.39 5.33 -5.29
4 16 -5.39 5.33 -5.29 -5.45 5.31 -5.2 -5.64 5.43 -5.04 -5.57 5.46 -5.14
3 16 -5.57 5.46 -5.14 -5.64 5.43 -5.04 -5.63 5.53 -5.13
3 16 -5.63 5.53 -5.13 -5.64 5.43 -5.04 -5.7 5.5 -5.01
3 16 -5.63 5.53 -5.13 -5.7 5.5 -5.01 -5.72 5.57 -5.07
3 16 -5.21 4.91 -5.46 -5.24 4.9 -5.4 -5.23 4.99 -5.42
3 16 -5.23 4.99 -5.42 -5.24 4.9 -5.4 -5.27 4.98 -5.35
3 16 -5.23 4.99 -5.42 -5.27 4.98 -5.35 -5.26 5.08 -5.39
3 16 -5.26 5.08 -5.39 -5.27 4.98 -5.35 -5.3 5.07 -5.31
3 16 -5.26 5.08 -5.39 -5.3 5.07 -5.31 -5.3 5.16 -5.35
3 16 -5.3 5.16 -5.35 -5.3 5.07 -5.31 -5.35 5.15 -5.27
4 16 -5.3 5.16 -5.35 -5.35 5.15 -5.27 -5.51 5.29 -5.1 -5.45 5.31 -5.2
4 16 -5.45 5.31 -5.2 -5.51 5.29 -5.1 -5.7 5.4 -4.92 -5.64 5.43 -5.04
3 16 -5.64 5.43 -5.04 -5.7 5.4 -4.92 -5.7 5.5 -5.01
3 16 -5.7 5.5 -5.01 -5.7 5.4 -4.92 -5.77 5.46 -4.89
3 16 -5.7 5.5 -5.01 -5.77 5.46 -4.89 -5.72 5.57 -5.07
3 16 -5.72 5.57 -5.07 -5.77 5.46 -4.89 -5.84 5.5 -4.84
3 16 -5.92 5.43 -4.65 -5.91 5.43 -4.66 -5.79 5.33 -4.69
3 16 -5.79 5.33 -4.69 -5.91 5.43 -4.66 -5.75 5.37 -4.81
4 16 -5.79 5.33 -4.69 -5.75 5.37 -4.81 -5.56 5.27 -5 -5.59 5.24 -4.9
3 16 -5.59 5.24 -4.9 -5.56 5.27 -5 -5.52 5.17 -4.96
3 16 -5.52 5.17 -4.96 -5.56 5.27 -5 -5.49 5.19 -5.05
3 16 -5.52 5.17 -4.96 -5.49 5.19 -5.05 -5.45 5.1 -5.02
3 16 -5.45 5.1 -5.02 -5.49 5.19 -5.05 -5.42 5.12 -5.1
3 16 -5.45 5.1 -5.02 -5.42 5.12 -5.1 -5.39 5.02 -5.08
3 16 -5.39 5.02 -5.08 -5.42 5.12 -5.1 -5.37 5.04 -5.15
3 16 -5.39 5.02 -5.08 -5.37 5.04 -5.15 -5.33 4.94 -5.14
3 16 -5.33 4.94 -5.14 -5.37 5.04 -5.15 -5.32 4.96 -5.21
3 16 -5.33 4.94 -5.14 -5.32 4.96 -5.21 -5.29 4.87 -5.23
3 16 -5.29 4.87 -5.23 -5.32 4.96 -5.21 -5.28 4.88 -5.26
3 16 -5.29 4.87 -5.23 -5.28 4.88 -5.26 -5.25 4.8 -5.31
3 16 -5.25 4.8 -5.31 -5.28 4.88 -5.26 -5.26 4.89 -5.33
3 16 -5.25 4.8 -5.31 -5.26 4.89 -5.33 -5.24 4.81 -5.38
3 16 -5.24 4.81 -5.38 -5.26 4.89 -5.33 -5.24 4.9 -5.4
3 16 -5.24 4.81 -5.38 -5.24 4.9 -5.4 -5.22 4.82 -5.44
3 16 -5.22 4.82 -5.44 -5.24 4.9 -5.4 -5.21 4.91 -5.46
3 16 -5.22 4.82 -5.44 -5.21 4.91 -5.46 -5.2 4.83 -5.5
3 16 -5.2 4.83 -5.5 -5.21 4.91 -5.46 -5.18 4.92 -5.52
3 16 -5.2 4.83 -5.5 -5.18 4.92 -5.52 -5.17 4.84 -5.55
3 16 -5.17 4.84 -5.55 -5.18 4.92 -5.52 -5.15 5.02 -5.55
3 16 -5.17 4.84 -5.55 -5.15 5.02 -5.55 -5.14 4.85 -5.61
3 16 -5.14 4.85 -5.61 -5.15 5.02 -5.55 -5.11 4.95 -5.63
3 16 -5.14 4.85 -5.61 -5.11 4.95 -5.63 -5.1 4.92 -5.63
3 16 -5.17 4.25 -5.33 -5.16 4.33 -5.28 -5.18 4.35 -5.32
3 16 -5.18 4.35 -5.32 -5.16 4.33 -5.28 -5.17 4.42 -5.27
3 16 -5.18 4.35 -5.32 -5.17 4.42 -5.27 -5.2 4.44 -5.31
3 16 -5.2 4.44 -5.31 -5.17 4.42 -5.27 -5.19 4.51 -5.26
3 16 -5.2 4.44 -5.31 -5.19 4.51 -5.26 -5.21 4.53 -5.31
3 16 -5.21 4.53 -5.31 -5.19 4.51 -5.26 -5.21 4.6 -5.23
3 16 -5.21 4.53 -5.31 -5.21 4.6 -5.23 -5.21 4.6 -5.25
3 16 -5.21 4.6 -5.25 -5.21 4.6 -5.23 -5.22 4.67 -5.17
3 16 -5.21 4.6 -5.25 -5.22 4.67 -5.17 -5.23 4.68 -5.19
3 16 -5.23 4.68 -5.19 -5.22 4.67 -5.17 -5.24 4.75 -5.1
3 16 -5.23 4.68 -5.19 -5.24 4.75 -5.1 -5.25 4.76 -5.13
3 16 -5.25 4.76 -5.13 -5.24 4.75 -5.1 -5.28 4.82 -5.04
3 16 -5.25 4.76 -5.13 -5.28 4.82 -5.04 -5.28 4.83 -5.07
3 16 -5.28 4.83 -5.07 -5.28 4.82 -5.04 -5.32 4.9 -4.97
3 16 -5.28 4.83 -5.07 -5.32 4.9 -4.97 -5.33 4.91 -5
3 16 -5.33 4.91 -5 -5.32 4.9 -4.97 -5.38 4.98 -4.93
3 16 -5.33 4.91 -5 -5.38 4.98 -4.93 -5.33 4.92 -5.03
3 16 -5.33 4.92 -5.03 -5.38 4.98 -4.93 -5.39 5 -5
3 16 -5.33 4.92 -5.03 -5.39 5 -5 -5.34 4.92 -5.07
3 16 -5.34 4.92 -5.07 -5.39 5 -5 -5.34 4.93 -5.1
3 16 -5.34 4.92 -5.07 -5.34 4.93 -5.1 -5.29 4.86 -5.16
3 16 -5.29 4.86 -5.16 -5.34 4.93 -5.1 -5.29 4.86 -5.19
3 16 -5.29 4.86 -5.16 -5.29 4.86 -5.19 -5.26 4.78 -5.25
3 16 -5.26 4.78 -5.25 -5.29 4.86 -5.19 -5.26 4.79 -5.28
3 16 -5.26 4.78 -5.25 -5.26 4.79 -5.28 -5.24 4.71 -5.34
3 16 -5.24 4.71 -5.34 -5.26 4.79 -5.28 -5.24 4.71 -5.37
3 16 -5.24 4.71 -5.34 -5.24 4.71 -5.37 -5.23 4.64 -5.42
3 16 -5.23 4.64 -5.42 -5.24 4.71 -5.37 -5.23 4.72 -5.42
3 16 -5.23 4.64 -5.42 -5.23 4.72 -5.42 -5.22 4.64 -5.47
3 16 -5.22 4.64 -5.47 -5.23 4.72 -5.42 -5.21 4.73 -5.48
3 16 -5.22 4.64 -5.47 -5.21 4.73 -5.48 -5.21 4.65 -5.53
3 16 -5.21 4.65 -5.53 -5.21 4.73 -5.48 -5.19 4.74 -5.54
3 16 -5.21 4.65 -5.53 -5.19 4.74 -5.54 -5.19 4.66 -5.58
3 16 -5.19 4.66 -5.58 -5.19 4.74 -5.54 -5.16 4.75 -5.59
3 16 -5.19 4.66 -5.58 -5.16 4.75 -5.59 -5.17 4.67 -5.63
4 16 -6.1 3.89 -6.75 -6.27 3.82 -6.56 -6.07 3.83 -6.52 -5.98 3.88 -6.66
3 16 -5.98 3.88 -6.66 -6.07 3.83 -6.52 -5.95 3.87 -6.64
3 16 -5.95 3.87 -6.64 -6.07 3.83 -6.52 -5.93 3.87 -6.62
3 16 -5.73 3.9 -6.46 -5.77 3.89 -6.49 -5.9 3.84 -6.43
3 16 -5.9 3.84 -6.43 -5.77 3.89 -6.49 -5.81 3.88 -6.53
3 16 -5.9 3.84 -6.43 -5.81 3.88 -6.53 -5.85 3.88 -6.56
3 16 -5.62 3.94 -6.36 -5.74 3.88 -6.35 -5.6 3.94 -6.34
3 16 -5.68 3.91 -6.42 -5.73 3.9 -6.46 -5.74 3.88 -6.35
3 16 -5.74 3.88 -6.35 -5.73 3.9 -6.46 -5.9 3.84 -6.43
4 16 -5.74 3.88 -6.35 -5.9 3.84 -6.43 -5.99 3.8 -6.33 -5.8 3.85 -6.27
4 16 -5.86 3.81 -6.18 -5.8 3.85 -6.27 -5.99 3.8 -6.33 -6.06 3.76 -6.24
4 16 -5.99 3.8 -6.33 -5.9 3.84 -6.43 -6.07 3.83 -6.52 -6.18 3.78 -6.4
3 16 -6.07 3.83 -6.52 -5.9 3.84 -6.43 -5.85 3.88 -6.56
4 16 -6.07 3.83 -6.52 -5.85 3.88 -6.56 -5.74 3.92 -6.67 -5.93 3.87 -6.62
3 16 -5.86 3.81 -6.18 -5.77 3.85 -6.15 -5.8 3.85 -6.27
3 16 -5.8 3.85 -6.27 -5.77 3.85 -6.15 -5.64 3.92 -6.18
3 16 -5.8 3.85 -6.27 -5.64 3.92 -6.18 -5.74 3.88 -6.35
3 16 -5.74 3.88 -6.35 -5.64 3.92 -6.18 -5.6 3.95 -6.25
3 16 -5.74 3.88 -6.35 -5.6 3.95 -6.25 -5.6 3.94 -6.34
3 16 -5.48 4.02 -6.22 -5.5 4 -6.25 -5.6 3.95 -6.25
3 16 -5.6 3.95 -6.25 -5.5 4 -6.25 -5.56 3.97 -6.3
3 16 -5.6 3.95 -6.25 -5.56 3.97 -6.3 -5.6 3.94 -6.34
3 16 -5.36 4.12 -6.1 -5.37 4.11 -6.11 -5.37 4.13 -6.04
3 16 -5.28 4.25 -5.94 -5.27 4.24 -5.99 -5.37 4.13 -6.04
3 16 -5.37 4.13 -6.04 -5.27 4.24 -5.99 -5.34 4.14 -6.08
3 16 -5.37 4.13 -6.04 -5.34 4.14 -6.08 -5.36 4.12 -6.1
3 16 -5.68 3.89 -6.11 -5.6 3.94 -6.07 -5.64 3.92 -6.18
3 16 -5.64 3.92 -6.18 -5.6 3.94 -6.07 -5.5 4.01 -6.09
3 16 -5.64 3.92 -6.18 -5.5 4.01 -6.09 -5.6 3.95 -6.25
3 16 -5.6 3.95 -6.25 -5.5 4.01 -6.09 -5.47 4.03 -6.14
3 16 -5.6 3.95 -6.25 -5.47 4.03 -6.14 -5.48 4.02 -6.22
3 16 -5.48 4.02 -6.22 -5.47 4.03 -6.14 -5.44 4.04 -6.19
3 16 -5.4 4.11 -5.96 -5.32 4.22 -5.85 -5.31 4.23 -5.87
3 16 -5.31 4.23 -5.87 -5.32 4.22 -5.85 -5.25 4.36 -5.76
3 16 -5.31 4.23 -5.87 -5.25 4.36 -5.76 -5.24 4.36 -5.78
3 16 -5.23 4.37 -5.8 -5.21 4.38 -5.84 -5.3 4.23 -5.89
3 16 -5.3 4.23 -5.89 -5.21 4.38 -5.84 -5.28 4.25 -5.94
4 16 -5.3 4.23 -5.89 -5.28 4.25 -5.94 -5.37 4.13 -6.04 -5.39 4.11 -5.99
3 16 -5.47 4.03 -6.14 -5.37 4.13 -6.04 -5.37 4.11 -6.11
3 16 -5.47 4.03 -6.14 -5.37 4.11 -6.11 -5.44 4.04 -6.19
4 16 -6.27 3.82 -6.56 -6.34 3.79 -6.48 -6.18 3.78 -6.4 -6.07 3.83 -6.52
4 16 -5.99 3.8 -6.33 -6.18 3.78 -6.4 -6.26 3.73 -6.28 -6.06 3.76 -6.24
4 16 -5.86 3.81 -6.18 -6.06 3.76 -6.24 -6.12 3.71 -6.14 -5.91 3.78 -6.09
4 16 -5.86 3.81 -6.18 -5.91 3.78 -6.09 -5.81 3.82 -6.07 -5.77 3.85 -6.15
4 16 -5.77 3.85 -6.15 -5.81 3.82 -6.07 -5.72 3.86 -6.04 -5.68 3.89 -6.11
3 16 -5.68 3.89 -6.11 -5.72 3.86 -6.04 -5.6 3.94 -6.07
3 16 -6.35 3.78 -6.46 -6.45 3.73 -6.33 -6.36 3.72 -6.31
3 16 -6.36 3.72 -6.31 -6.45 3.73 -6.33 -6.48 3.7 -6.27
3 16 -6.36 3.72 -6.31 -6.48 3.7 -6.27 -6.43 3.66 -6.19
3 16 -6.43 3.66 -6.19 -6.48 3.7 -6.27 -6.56 3.62 -6.11
3 16 -6.43 3.66 -6.19 -6.56 3.62 -6.11 -6.49 3.6 -6.07
3 16 -6.49 3.6 -6.07 -6.56 3.62 -6.11 -6.6 3.55 -5.99
3 16 -6.49 3.6 -6.07 -6.6 3.55 -5.99 -6.52 3.54 -5.96
4 16 -6.42 3.55 -5.95 -6.19 3.61 -5.94 -6.17 3.66 -6.04 -6.39 3.61 -6.06
4 16 -6.39 3.61 -6.06 -6.17 3.66 -6.04 -6.12 3.71 -6.14 -6.33 3.67 -6.17
3 16 -6.61 3.46 -5.84 -6.43 3.49 -5.85 -6.61 3.49 -5.89
3 16 -6.61 3.49 -5.89 -6.43 3.49 -5.85 -6.52 3.54 -5.96
3 16 -6.61 3.49 -5.89 -6.52 3.54 -5.96 -6.61 3.51 -5.92
3 16 -6.61 3.51 -5.92 -6.52 3.54 -5.96 -6.6 3.55 -5.99
3 16 -5.96 3.69 -5.93 -5.97 3.67 -5.88 -5.75 3.78 -5.86
3 16 -5.75 3.78 -5.86 -5.97 3.67 -5.88 -5.75 3.76 -5.82
3 16 -5.75 3.78 -5.86 -5.75 3.76 -5.82 -5.66 3.82 -5.8
4 16 -6.61 3.46 -5.84 -6.61 3.43 -5.79 -6.42 3.43 -5.74 -6.43 3.49 -5.85
3 16 -6.43 3.49 -5.85 -6.42 3.43 -5.74 -6.2 3.56 -5.85
3 16 -5.91 3.78 -6.09 -6.12 3.71 -6.14 -5.93 3.75 -6.05
3 16 -5.91 3.78 -6.09 -5.93 3.75 -6.05 -5.81 3.82 -6.07
3 16 -5.81 3.82 -6.07 -5.93 3.75 -6.05 -5.73 3.85 -6
3 16 -5.81 3.82 -6.07 -5.73 3.85 -6 -5.72 3.86 -6.04
3 16 -5.72 3.86 -6.04 -5.73 3.85 -6 -5.63 3.91 -6.01
3 16 -5.72 3.86 -6.04 -5.63 3.91 -6.01 -5.6 3.94 -6.07
3 16 -5.6 3.94 -6.07 -5.63 3.91 -6.01 -5.53 3.99 -6.03
3 16 -5.6 3.94 -6.07 -5.53 3.99 -6.03 -5.5 4.01 -6.09
3 16 -5.5 4.01 -6.09 -5.53 3.99 -6.03 -5.4 4.11 -5.96
3 16 -5.5 4.01 -6.09 -5.4 4.11 -5.96 -5.39 4.11 -5.99
3 16 -5.39 4.11 -5.99 -5.4 4.11 -5.96 -5.31 4.23 -5.87
3 16 -5.39 4.11 -5.99 -5.31 4.23 -5.87 -5.3 4.23 -5.89
3 16 -5.3 4.23 -5.89 -5.31 4.23 -5.87 -5.24 4.36 -5.78
3 16 -5.3 4.23 -5.89 -5.24 4.36 -5.78 -5.23 4.37 -5.8
3 16 -6.12 3.71 -6.14 -6.17 3.66 -6.04 -5.94 3.73 -6.01
3 16 -6.12 3.71 -6.14 -5.94 3.73 -6.01 -5.93 3.75 -6.05
4 16 -5.93 3.75 -6.05 -5.94 3.73 -6.01 -5.74 3.83 -5.96 -5.73 3.85 -6
3 16 -5.73 3.85 -6 -5.74 3.83 -5.96 -5.64 3.9 -5.97
3 16 -5.73 3.85 -6 -5.64 3.9 -5.97 -5.63 3.91 -6.01
3 16 -5.63 3.91 -6.01 -5.64 3.9 -5.97 -5.56 3.96 -5.97
3 16 -5.63 3.91 -6.01 -5.56 3.96 -5.97 -5.53 3.99 -6.03
3 16 -5.53 3.99 -6.03 -5.56 3.96 -5.97 -5.47 4.04 -5.98
3 16 -5.53 3.99 -6.03 -5.47 4.04 -5.98 -5.4 4.11 -5.96
3 16 -5.4 4.11 -5.96 -5.47 4.04 -5.98 -5.41 4.1 -5.94
3 16 -5.4 4.11 -5.96 -5.41 4.1 -5.94 -5.32 4.22 -5.85
3 16 -5.56 3.95 -5.94 -5.5 4 -5.87 -5.49 4.02 -5.93
3 16 -5.57 3.93 -5.87 -5.57 3.94 -5.9 -5.66 3.87 -5.9
3 16 -5.66 3.87 -5.9 -5.57 3.94 -5.9 -5.65 3.88 -5.94
3 16 -5.66 3.87 -5.9 -5.65 3.88 -5.94 -5.75 3.81 -5.93
3 16 -5.58 3.91 -5.84 -5.5 3.98 -5.81 -5.57 3.93 -5.87
3 16 -5.57 3.93 -5.87 -5.5 3.98 -5.81 -5.5 4 -5.87
3 16 -5.57 3.93 -5.87 -5.5 4 -5.87 -5.57 3.94 -5.9
3 16 -5.57 3.94 -5.9 -5.5 4 -5.87 -5.56 3.95 -5.94
3 16 -5.57 3.94 -5.9 -5.56 3.95 -5.94 -5.65 3.88 -5.94
3 16 -5.58 3.91 -5.84 -5.57 3.93 -5.87 -5.66 3.85 -5.87
3 16 -5.66 3.85 -5.87 -5.57 3.93 -5.87 -5.66 3.87 -5.9
3 16 -5.66 3.85 -5.87 -5.66 3.87 -5.9 -5.75 3.8 -5.89
3 16 -5.75 3.8 -5.89 -5.66 3.87 -5.9 -5.75 3.81 -5.93
4 16 -5.75 3.8 -5.89 -5.75 3.81 -5.93 -5.96 3.71 -5.97 -5.96 3.69 -5.93
3 16 -5.33 4.21 -5.8 -5.34 4.2 -5.77 -5.3 4.27 -5.73
3 16 -5.38 4.13 -5.79 -5.34 4.2 -5.77 -5.38 4.14 -5.82
3 16 -5.38 4.14 -5.82 -5.34 4.2 -5.77 -5.33 4.21 -5.8
3 16 -5.38 4.14 -5.82 -5.33 4.21 -5.8 -5.38 4.14 -5.84
3 16 -5.5 3.96 -5.75 -5.5 3.98 -5.81 -5.57 3.89 -5.78
3 16 -5.57 3.89 -5.78 -5.5 3.98 -5.81 -5.58 3.91 -5.84
3 16 -5.57 3.89 -5.78 -5.58 3.91 -5.84 -5.66 3.82 -5.8
3 16 -5.66 3.82 -5.8 -5.58 3.91 -5.84 -5.66 3.85 -5.87
3 16 -5.66 3.82 -5.8 -5.66 3.85 -5.87 -5.75 3.78 -5.86
3 16 -5.75 3.78 -5.86 -5.66 3.85 -5.87 -5.75 3.8 -5.89
3 16 -5.75 3.78 -5.86 -5.75 3.8 -5.89 -5.96 3.69 -5.93
3 16 -5.49 3.93 -5.69 -5.5 3.96 -5.75 -5.56 3.86 -5.72
3 16 -5.56 3.86 -5.72 -5.5 3.96 -5.75 -5.57 3.89 -5.78
3 16 -5.56 3.86 -5.72 -5.57 3.89 -5.78 -5.64 3.79 -5.74
3 16 -5.64 3.79 -5.74 -5.57 3.89 -5.78 -5.66 3.82 -5.8
3 16 -5.64 3.79 -5.74 -5.66 3.82 -5.8 -5.74 3.75 -5.79
3 16 -5.74 3.75 -5.79 -5.66 3.82 -5.8 -5.75 3.76 -5.82
3 16 -5.74 3.75 -5.79 -5.75 3.76 -5.82 -5.97 3.65 -5.84
3 16 -5.97 3.65 -5.84 -5.75 3.76 -5.82 -5.97 3.67 -5.88
4 16 -5.97 3.65 -5.84 -5.97 3.67 -5.88 -6.19 3.61 -5.94 -6.2 3.56 -5.85
3 16 -6.19 3.61 -5.94 -5.97 3.67 -5.88 -5.96 3.69 -5.93
4 16 -6.19 3.61 -5.94 -5.96 3.69 -5.93 -5.96 3.71 -5.97 -6.17 3.66 -6.04
3 16 -6.17 3.66 -6.04 -5.96 3.71 -5.97 -5.94 3.73 -6.01
4 16 -5.94 3.73 -6.01 -5.96 3.71 -5.97 -5.75 3.81 -5.93 -5.74 3.83 -5.96
3 16 -5.74 3.83 -5.96 -5.75 3.81 -5.93 -5.65 3.88 -5.94
3 16 -5.74 3.83 -5.96 -5.65 3.88 -5.94 -5.64 3.9 -5.97
3 16 -5.64 3.9 -5.97 -5.65 3.88 -5.94 -5.56 3.95 -5.94
3 16 -5.64 3.9 -5.97 -5.56 3.95 -5.94 -5.56 3.96 -5.97
3 16 -5.56 3.96 -5.97 -5.56 3.95 -5.94 -5.49 4.02 -5.93
3 16 -5.56 3.96 -5.97 -5.49 4.02 -5.93 -5.47 4.04 -5.98
3 16 -5.47 4.04 -5.98 -5.49 4.02 -5.93 -5.42 4.09 -5.91
3 16 -5.47 4.04 -5.98 -5.42 4.09 -5.91 -5.41 4.1 -5.94
3 16 -5.41 4.1 -5.94 -5.42 4.09 -5.91 -5.33 4.22 -5.82
3 16 -5.41 4.1 -5.94 -5.33 4.22 -5.82 -5.32 4.22 -5.85
3 16 -5.32 4.22 -5.85 -5.33 4.22 -5.82 -5.26 4.35 -5.73
3 16 -5.32 4.22 -5.85 -5.26 4.35 -5.73 -5.25 4.36 -5.76
3 16 -5.25 4.36 -5.76 -5.26 4.35 -5.73 -5.22 4.43 -5.71
3 16 -5.25 4.36 -5.76 -5.22 4.43 -5.71 -5.24 4.36 -5.78
3 16 -5.24 4.36 -5.78 -5.22 4.43 -5.71 -5.21 4.44 -5.76
3 16 -5.24 4.36 -5.78 -5.21 4.44 -5.76 -5.23 4.37 -5.8
3 16 -5.23 4.37 -5.8 -5.21 4.44 -5.76 -5.17 4.53 -5.75
3 16 -5.23 4.37 -5.8 -5.17 4.53 -5.75 -5.21 4.38 -5.84
4 16 -5.21 4.38 -5.84 -5.19 4.39 -5.88 -5.26 4.26 -5.97 -5.28 4.25 -5.94
3 16 -5.28 4.25 -5.94 -5.26 4.26 -5.97 -5.27 4.24 -5.99
3 16 -5.11 3.88 -5.33 -5.14 3.95 -5.34 -5.17 3.86 -5.36
3 16 -5.17 3.86 -5.36 -5.14 3.95 -5.34 -5.18 3.97 -5.37
3 16 -5.17 3.86 -5.36 -5.18 3.97 -5.37 -5.22 3.89 -5.39
3 16 -5.22 3.89 -5.39 -5.18 3.97 -5.37 -5.22 3.99 -5.4
3 16 -5.22 3.89 -5.39 -5.22 3.99 -5.4 -5.26 3.91 -5.43
3 16 -5.26 3.91 -5.43 -5.22 3.99 -5.4 -5.26 4.01 -5.44
3 16 -5.26 3.91 -5.43 -5.26 4.01 -5.44 -5.31 3.93 -5.47
3 16 -5.31 3.93 -5.47 -5.26 4.01 -5.44 -5.3 4.03 -5.48
3 16 -5.31 3.93 -5.47 -5.3 4.03 -5.48 -5.34 3.95 -5.51
3 16 -5.34 3.95 -5.51 -5.3 4.03 -5.48 -5.33 4.04 -5.53
3 16 -5.34 3.95 -5.51 -5.33 4.04 -5.53 -5.38 3.97 -5.56
3 16 -5.38 3.97 -5.56 -5.33 4.04 -5.53 -5.35 4.06 -5.58
3 16 -5.38 3.97 -5.56 -5.35 4.06 -5.58 -5.4 3.99 -5.61
3 16 -5.4 3.99 -5.61 -5.35 4.06 -5.58 -5.37 4.08 -5.63
3 16 -5.4 3.99 -5.61 -5.37 4.08 -5.63 -5.42 4 -5.66
3 16 -5.42 4 -5.66 -5.37 4.08 -5.63 -5.38 4.09 -5.68
3 16 -5.42 4 -5.66 -5.38 4.09 -5.68 -5.44 4.02 -5.72
3 16 -5.44 4.02 -5.72 -5.38 4.09 -5.68 -5.39 4.11 -5.74
3 16 -5.44 4.02 -5.72 -5.39 4.11 -5.74 -5.44 4.04 -5.77
3 16 -5.44 4.04 -5.77 -5.39 4.11 -5.74 -5.38 4.13 -5.79
3 16 -5.44 4.04 -5.77 -5.38 4.13 -5.79 -5.44 4.06 -5.83
3 16 -5.44 4.06 -5.83 -5.38 4.13 -5.79 -5.38 4.14 -5.82
3 16 -5.44 4.06 -5.83 -5.38 4.14 -5.82 -5.43 4.07 -5.86
3 16 -5.43 4.07 -5.86 -5.38 4.14 -5.82 -5.38 4.14 -5.84
3 16 -5.43 4.07 -5.86 -5.38 4.14 -5.84 -5.43 4.08 -5.89
3 16 -5.3 4.27 -5.73 -5.34 4.2 -5.75 -5.3 4.27 -5.7
3 16 -5.3 4.27 -5.7 -5.34 4.2 -5.75 -5.34 4.19 -5.72
3 16 -5.3 4.27 -5.7 -5.34 4.19 -5.72 -5.3 4.26 -5.68
3 16 -5.3 4.26 -5.68 -5.34 4.19 -5.72 -5.34 4.18 -5.7
3 16 -5.3 4.26 -5.68 -5.34 4.18 -5.7 -5.3 4.25 -5.65
3 16 -5.3 4.25 -5.65 -5.34 4.18 -5.7 -5.34 4.17 -5.64
3 16 -5.3 4.25 -5.65 -5.34 4.17 -5.64 -5.3 4.24 -5.6
3 16 -5.3 4.24 -5.6 -5.34 4.17 -5.64 -5.32 4.15 -5.59
3 16 -5.3 4.24 -5.6 -5.32 4.15 -5.59 -5.29 4.23 -5.55
3 16 -5.29 4.23 -5.55 -5.32 4.15 -5.59 -5.31 4.14 -5.54
3 16 -5.29 4.23 -5.55 -5.31 4.14 -5.54 -5.27 4.21 -5.5
3 16 -5.27 4.21 -5.5 -5.31 4.14 -5.54 -5.29 4.12 -5.49
3 16 -5.27 4.21 -5.5 -5.29 4.12 -5.49 -5.25 4.2 -5.45
3 16 -5.25 4.2 -5.45 -5.29 4.12 -5.49 -5.26 4.11 -5.45
3 16 -5.25 4.2 -5.45 -5.26 4.11 -5.45 -5.23 4.19 -5.41
3 16 -5.23 4.19 -5.41 -5.26 4.11 -5.45 -5.23 4.09 -5.41
3 16 -5.23 4.19 -5.41 -5.23 4.09 -5.41 -5.2 4.17 -5.37
3 16 -5.2 4.17 -5.37 -5.23 4.09 -5.41 -5.19 4.07 -5.37
3 16 -5.2 4.17 -5.37 -5.19 4.07 -5.37 -5.16 4.16 -5.33
3 16 -5.16 4.16 -5.33 -5.19 4.07 -5.37 -5.15 4.06 -5.34
3 16 -5.16 4.16 -5.33 -5.15 4.06 -5.34 -5.13 4.14 -5.3
3 16 -5.13 4.14 -5.3 -5.15 4.06 -5.34 -5.11 4.04 -5.31
3 16 -5.13 4.14 -5.3 -5.11 4.04 -5.31 -5.09 4.12 -5.27
3 16 -5.09 4.12 -5.27 -5.11 4.04 -5.31 -5.06 4.07 -5.27
3 16 -5.09 4.12 -5.27 -5.06 4.07 -5.27 -5.05 4.09 -5.26
3 16 -5.3 4.27 -5.73 -5.34 4.2 -5.77 -5.34 4.2 -5.75
3 16 -5.34 4.2 -5.75 -5.34 4.2 -5.77 -5.38 4.13 -5.79
3 16 -5.34 4.2 -5.75 -5.38 4.13 -5.79 -5.34 4.19 -5.72
3 16 -5.34 4.19 -5.72 -5.38 4.13 -5.79 -5.39 4.11 -5.74
3 16 -5.34 4.19 -5.72 -5.39 4.11 -5.74 -5.34 4.18 -5.7
3 16 -5.34 4.18 -5.7 -5.39 4.11 -5.74 -5.38 4.09 -5.68
3 16 -5.34 4.18 -5.7 -5.38 4.09 -5.68 -5.34 4.17 -5.64
3 16 -5.34 4.17 -5.64 -5.38 4.09 -5.68 -5.37 4.08 -5.63
3 16 -5.34 4.17 -5.64 -5.37 4.08 -5.63 -5.32 4.15 -5.59
3 16 -5.32 4.15 -5.59 -5.37 4.08 -5.63 -5.35 4.06 -5.58
3 16 -5.32 4.15 -5.59 -5.35 4.06 -5.58 -5.31 4.14 -5.54
3 16 -5.31 4.14 -5.54 -5.35 4.06 -5.58 -5.33 4.04 -5.53
3 16 -5.31 4.14 -5.54 -5.33 4.04 -5.53 -5.29 4.12 -5.49
3 16 -5.29 4.12 -5.49 -5.33 4.04 -5.53 -5.3 4.03 -5.48
3 16 -5.29 4.12 -5.49 -5.3 4.03 -5.48 -5.26 4.11 -5.45
3 16 -5.26 4.11 -5.45 -5.3 4.03 -5.48 -5.26 4.01 -5.44
3 16 -5.26 4.11 -5.45 -5.26 4.01 -5.44 -5.23 4.09 -5.41
3 16 -5.23 4.09 -5.41 -5.26 4.01 -5.44 -5.22 3.99 -5.4
3 16 -5.23 4.09 -5.41 -5.22 3.99 -5.4 -5.19 4.07 -5.37
3 16 -5.19 4.07 -5.37 -5.22 3.99 -5.4 -5.18 3.97 -5.37
3 16 -5.19 4.07 -5.37 -5.18 3.97 -5.37 -5.15 4.06 -5.34
3 16 -5.15 4.06 -5.34 -5.18 3.97 -5.37 -5.14 3.95 -5.34
3 16 -5.15 4.06 -5.34 -5.14 3.95 -5.34 -5.11 4.04 -5.31
3 16 -5.11 4.04 -5.31 -5.14 3.95 -5.34 -5.09 3.93 -5.32
3 16 -5.11 4.04 -5.31 -5.09 3.93 -5.32 -5.08 3.99 -5.3
3 16 -5.57 2.99 -5.18 -5.54 3.03 -5.21 -5.82 3.09 -5.29
3 16 -5.82 3.09 -5.29 -5.67 3.23 -5.36 -5.95 3.13 -5.33
4 16 -5.95 3.13 -5.33 -5.67 3.23 -5.36 -5.79 3.26 -5.41 -6.08 3.17 -5.39
3 16 -6.08 3.17 -5.39 -5.79 3.26 -5.41 -5.9 3.3 -5.46
3 16 -6.08 3.17 -5.39 -5.9 3.3 -5.46 -6.2 3.23 -5.46
3 16 -6.2 3.23 -5.46 -5.9 3.3 -5.46 -6 3.35 -5.52
3 16 -6.2 3.23 -5.46 -6 3.35 -5.52 -6.3 3.29 -5.55
3 16 -6.3 3.29 -5.55 -6 3.35 -5.52 -6.08 3.4 -5.59
3 16 -6.3 3.29 -5.55 -6.08 3.4 -5.59 -6.37 3.36 -5.64
3 16 -6.37 3.36 -5.64 -6.08 3.4 -5.59 -6.15 3.45 -5.67
3 16 -6.37 3.36 -5.64 -6.15 3.45 -5.67 -6.42 3.43 -5.74
3 16 -6.42 3.43 -5.74 -6.15 3.45 -5.67 -6.19 3.5 -5.76
3 16 -6.42 3.43 -5.74 -6.19 3.5 -5.76 -6.2 3.56 -5.85
4 16 -6.2 3.56 -5.85 -6.19 3.5 -5.76 -5.95 3.61 -5.76 -5.96 3.63 -5.8
3 16 -5.96 3.63 -5.8 -5.95 3.61 -5.76 -5.84 3.67 -5.76
3 16 -6.34 3.79 -6.48 -6.35 3.78 -6.46 -6.18 3.78 -6.4
3 16 -6.18 3.78 -6.4 -6.35 3.78 -6.46 -6.36 3.72 -6.31
3 16 -6.18 3.78 -6.4 -6.36 3.72 -6.31 -6.26 3.73 -6.28
4 16 -6.26 3.73 -6.28 -6.36 3.72 -6.31 -6.43 3.66 -6.19 -6.33 3.67 -6.17
4 16 -6.33 3.67 -6.17 -6.43 3.66 -6.19 -6.49 3.6 -6.07 -6.39 3.61 -6.06
4 16 -6.39 3.61 -6.06 -6.49 3.6 -6.07 -6.52 3.54 -5.96 -6.42 3.55 -5.95
3 16 -6.42 3.55 -5.95 -6.52 3.54 -5.96 -6.43 3.49 -5.85
3 16 -6.42 3.55 -5.95 -6.43 3.49 -5.85 -6.19 3.61 -5.94
3 16 -6.19 3.61 -5.94 -6.43 3.49 -5.85 -6.2 3.56 -5.85
3 16 -5.97 3.65 -5.84 -6.2 3.56 -5.85 -5.96 3.63 -5.8
3 16 -5.97 3.65 -5.84 -5.96 3.63 -5.8 -5.74 3.75 -5.79
3 16 -5.74 3.75 -5.79 -5.96 3.63 -5.8 -5.84 3.67 -5.76
3 16 -5.74 3.75 -5.79 -5.84 3.67 -5.76 -5.74 3.73 -5.75
3 16 -5.74 3.73 -5.75 -5.84 3.67 -5.76 -5.81 3.63 -5.69
3 16 -5.74 3.73 -5.75 -5.81 3.63 -5.69 -5.71 3.69 -5.69
3 16 -5.71 3.69 -5.69 -5.81 3.63 -5.69 -5.76 3.59 -5.63
3 16 -5.71 3.69 -5.69 -5.76 3.59 -5.63 -5.67 3.66 -5.62
3 16 -5.67 3.66 -5.62 -5.76 3.59 -5.63 -5.7 3.56 -5.57
3 16 -5.67 3.66 -5.62 -5.7 3.56 -5.57 -5.61 3.63 -5.57
3 16 -5.61 3.63 -5.57 -5.7 3.56 -5.57 -5.63 3.52 -5.51
3 16 -5.61 3.63 -5.57 -5.63 3.52 -5.51 -5.55 3.6 -5.52
3 16 -5.55 3.6 -5.52 -5.63 3.52 -5.51 -5.55 3.49 -5.46
3 16 -5.55 3.6 -5.52 -5.55 3.49 -5.46 -5.48 3.57 -5.47
3 16 -5.48 3.57 -5.47 -5.55 3.49 -5.46 -5.47 3.46 -5.42
3 16 -5.48 3.57 -5.47 -5.47 3.46 -5.42 -5.41 3.54 -5.43
3 16 -5.41 3.54 -5.43 -5.47 3.46 -5.42 -5.33 3.52 -5.39
3 16 -5.41 3.54 -5.43 -5.33 3.52 -5.39 -5.35 3.63 -5.43
3 16 -5.35 3.63 -5.43 -5.33 3.52 -5.39 -5.29 3.6 -5.4
3 16 -5.35 3.63 -5.43 -5.29 3.6 -5.4 -5.3 3.71 -5.42
3 16 -5.3 3.71 -5.42 -5.29 3.6 -5.4 -5.24 3.69 -5.39
3 16 -5.3 3.71 -5.42 -5.24 3.69 -5.39 -5.26 3.8 -5.41
3 16 -5.26 3.8 -5.41 -5.24 3.69 -5.39 -5.21 3.78 -5.38
3 16 -5.33 4.22 -5.82 -5.26 4.35 -5.71 -5.26 4.35 -5.73
3 16 -5.26 4.35 -5.73 -5.26 4.35 -5.71 -5.24 4.42 -5.66
3 16 -5.26 4.35 -5.73 -5.24 4.42 -5.66 -5.22 4.43 -5.71
3 16 -5.22 4.43 -5.71 -5.24 4.42 -5.66 -5.21 4.51 -5.67
3 16 -5.22 4.43 -5.71 -5.21 4.51 -5.67 -5.19 4.52 -5.71
3 16 -5.19 4.52 -5.71 -5.21 4.51 -5.67 -5.17 4.59 -5.67
3 16 -5.19 4.52 -5.71 -5.17 4.59 -5.67 -5.14 4.68 -5.67
3 16 -5.14 4.68 -5.67 -5.17 4.59 -5.67 -5.17 4.67 -5.63
3 16 -5.14 4.68 -5.67 -5.17 4.67 -5.63 -5.14 4.85 -5.61
3 16 -5.14 4.85 -5.61 -5.17 4.67 -5.63 -5.16 4.75 -5.59
3 16 -5.14 4.85 -5.61 -5.16 4.75 -5.59 -5.17 4.84 -5.55
3 16 -5.17 4.84 -5.55 -5.16 4.75 -5.59 -5.19 4.74 -5.54
3 16 -5.17 4.84 -5.55 -5.19 4.74 -5.54 -5.2 4.83 -5.5
3 16 -5.2 4.83 -5.5 -5.19 4.74 -5.54 -5.21 4.73 -5.48
3 16 -5.2 4.83 -5.5 -5.21 4.73 -5.48 -5.22 4.82 -5.44
3 16 -5.22 4.82 -5.44 -5.21 4.73 -5.48 -5.23 4.72 -5.42
3 16 -5.22 4.82 -5.44 -5.23 4.72 -5.42 -5.24 4.81 -5.38
3 16 -5.24 4.81 -5.38 -5.23 4.72 -5.42 -5.24 4.71 -5.37
3 16 -5.24 4.81 -5.38 -5.24 4.71 -5.37 -5.25 4.8 -5.31
3 16 -5.25 4.8 -5.31 -5.24 4.71 -5.37 -5.26 4.79 -5.28
3 16 -5.25 4.8 -5.31 -5.26 4.79 -5.28 -5.29 4.87 -5.23
3 16 -5.29 4.87 -5.23 -5.26 4.79 -5.28 -5.29 4.86 -5.19
3 16 -5.29 4.87 -5.23 -5.29 4.86 -5.19 -5.33 4.94 -5.14
3 16 -5.33 4.94 -5.14 -5.29 4.86 -5.19 -5.34 4.93 -5.1
3 16 -5.33 4.94 -5.14 -5.34 4.93 -5.1 -5.39 5.02 -5.08
3 16 -5.39 5.02 -5.08 -5.34 4.93 -5.1 -5.39 5 -5
3 16 -5.39 5.02 -5.08 -5.39 5 -5 -5.45 5.1 -5.02
3 16 -5.45 5.1 -5.02 -5.39 5 -5 -5.46 5.07 -4.93
3 16 -5.45 5.1 -5.02 -5.46 5.07 -4.93 -5.52 5.17 -4.96
3 16 -5.52 5.17 -4.96 -5.46 5.07 -4.93 -5.53 5.14 -4.87
3 16 -5.52 5.17 -4.96 -5.53 5.14 -4.87 -5.59 5.24 -4.9
3 16 -5.59 5.24 -4.9 -5.53 5.14 -4.87 -5.61 5.21 -4.8
3 16 -5.59 5.24 -4.9 -5.61 5.21 -4.8 -5.79 5.33 -4.69
3 16 -5.79 5.33 -4.69 -5.61 5.21 -4.8 -5.62 5.19 -4.75
3 16 -5.79 5.33 -4.69 -5.62 5.19 -4.75 -5.8 5.28 -4.57
3 16 -5.8 5.28 -4.57 -5.62 5.19 -4.75 -5.62 5.18 -4.71
3 16 -5.8 5.28 -4.57 -5.62 5.18 -4.71 -5.8 5.26 -4.52
3 16 -5.8 5.26 -4.52 -5.62 5.18 -4.71 -5.61 5.16 -4.66
3 16 -5.8 5.26 -4.52 -5.61 5.16 -4.66 -5.79 5.23 -4.46
3 16 -5.79 5.23 -4.46 -5.61 5.16 -4.66 -5.6 5.14 -4.62
3 16 -5.79 5.23 -4.46 -5.6 5.14 -4.62 -5.76 5.2 -4.41
4 16 -5.76 5.2 -4.41 -5.6 5.14 -4.62 -5.58 5.12 -4.58 -5.74 5.17 -4.37
3 16 -5.74 5.17 -4.37 -5.58 5.12 -4.58 -5.55 5.1 -4.55
3 16 -5.74 5.17 -4.37 -5.55 5.1 -4.55 -5.7 5.15 -4.33
3 16 -5.7 5.15 -4.33 -5.55 5.1 -4.55 -5.52 5.08 -4.52
4 16 -5.7 5.15 -4.33 -5.52 5.08 -4.52 -5.48 5.06 -4.49 -5.65 5.12 -4.3
3 16 -5.65 5.12 -4.3 -5.48 5.06 -4.49 -5.6 5.1 -4.28
3 16 -5.6 5.1 -4.28 -5.48 5.06 -4.49 -5.44 5.04 -4.47
3 16 -5.6 5.1 -4.28 -5.44 5.04 -4.47 -5.54 5.07 -4.26
3 16 -5.05 4.11 -5.25 -5.02 4.25 -5.18 -5.05 4.2 -5.22
3 16 -5.05 4.2 -5.22 -5.02 4.25 -5.18 -5.01 4.28 -5.15
3 16 -5.05 4.2 -5.22 -5.01 4.28 -5.15 -5.02 4.36 -5.12
3 16 -5.02 4.36 -5.12 -5.01 4.28 -5.15 -5 4.35 -5.11
3 16 -5.02 4.36 -5.12 -5 4.35 -5.11 -5 4.42 -5.05
3 16 -5.05 4.09 -5.26 -5.05 4.11 -5.25 -5.09 4.12 -5.27
3 16 -5.09 4.12 -5.27 -5.05 4.11 -5.25 -5.05 4.2 -5.22
3 16 -5.09 4.12 -5.27 -5.05 4.2 -5.22 -5.07 4.21 -5.23
3 16 -5.07 4.21 -5.23 -5.05 4.2 -5.22 -5.02 4.36 -5.12
3 16 -5.07 4.21 -5.23 -5.02 4.36 -5.12 -5.04 4.37 -5.13
3 16 -5.04 4.37 -5.13 -5.02 4.36 -5.12 -5.02 4.51 -5
3 16 -5.04 4.37 -5.13 -5.02 4.51 -5 -5.04 4.52 -5.01
3 16 -5.04 4.52 -5.01 -5.02 4.51 -5 -5.04 4.59 -4.94
3 16 -5.04 4.52 -5.01 -5.04 4.59 -4.94 -5.06 4.53 -5.03
3 16 -5.06 4.53 -5.03 -5.04 4.59 -4.94 -5.08 4.6 -4.97
3 16 -5.06 4.53 -5.03 -5.08 4.6 -4.97 -5.08 4.53 -5.04
3 16 -5.08 4.53 -5.04 -5.08 4.6 -4.97 -5.09 4.54 -5.06
3 16 -5.08 4.53 -5.04 -5.09 4.54 -5.06 -5.08 4.46 -5.1
3 16 -5.08 4.46 -5.1 -5.09 4.54 -5.06 -5.09 4.47 -5.12
3 16 -5.08 4.46 -5.1 -5.09 4.47 -5.12 -5.08 4.38 -5.16
3 16 -5.08 4.38 -5.16 -5.09 4.47 -5.12 -5.1 4.39 -5.17
3 16 -5.08 4.38 -5.16 -5.1 4.39 -5.17 -5.11 4.31 -5.23
3 16 -5.11 4.31 -5.23 -5.1 4.39 -5.17 -5.11 4.4 -5.19
3 16 -5.11 4.31 -5.23 -5.11 4.4 -5.19 -5.13 4.32 -5.24
3 16 -5.13 4.32 -5.24 -5.11 4.4 -5.19 -5.13 4.4 -5.21
3 16 -5.13 4.32 -5.24 -5.13 4.4 -5.21 -5.14 4.33 -5.26
3 16 -5.14 3.79 -5.35 -5.17 3.86 -5.36 -5.21 3.78 -5.38
3 16 -5.21 3.78 -5.38 -5.17 3.86 -5.36 -5.22 3.89 -5.39
3 16 -5.21 3.78 -5.38 -5.22 3.89 -5.39 -5.26 3.8 -5.41
3 16 -5.26 3.8 -5.41 -5.22 3.89 -5.39 -5.26 3.91 -5.43
3 16 -5.26 3.8 -5.41 -5.26 3.91 -5.43 -5.31 3.82 -5.45
3 16 -5.31 3.82 -5.45 -5.26 3.91 -5.43 -5.31 3.93 -5.47
3 16 -5.31 3.82 -5.45 -5.31 3.93 -5.47 -5.36 3.84 -5.49
3 16 -5.36 3.84 -5.49 -5.31 3.93 -5.47 -5.34 3.95 -5.51
3 16 -5.36 3.84 -5.49 -5.34 3.95 -5.51 -5.4 3.87 -5.53
3 16 -5.4 3.87 -5.53 -5.34 3.95 -5.51 -5.38 3.97 -5.56
3 16 -5.4 3.87 -5.53 -5.38 3.97 -5.56 -5.44 3.89 -5.58
3 16 -5.44 3.89 -5.58 -5.38 3.97 -5.56 -5.4 3.99 -5.61
3 16 -5.44 3.89 -5.58 -5.4 3.99 -5.61 -5.47 3.91 -5.64
3 16 -5.47 3.91 -5.64 -5.4 3.99 -5.61 -5.42 4 -5.66
3 16 -5.47 3.91 -5.64 -5.42 4 -5.66 -5.49 3.93 -5.69
3 16 -5.49 3.93 -5.69 -5.42 4 -5.66 -5.44 4.02 -5.72
3 16 -5.49 3.93 -5.69 -5.44 4.02 -5.72 -5.5 3.96 -5.75
3 16 -5.5 3.96 -5.75 -5.44 4.02 -5.72 -5.44 4.04 -5.77
3 16 -5.5 3.96 -5.75 -5.44 4.04 -5.77 -5.5 3.98 -5.81
3 16 -5.5 3.98 -5.81 -5.44 4.04 -5.77 -5.44 4.06 -5.83
3 16 -5.5 3.98 -5.81 -5.44 4.06 -5.83 -5.5 4 -5.87
3 16 -5.5 4 -5.87 -5.44 4.06 -5.83 -5.43 4.07 -5.86
3 16 -5.5 4 -5.87 -5.43 4.07 -5.86 -5.49 4.02 -5.93
3 16 -5.49 4.02 -5.93 -5.43 4.07 -5.86 -5.43 4.08 -5.89
3 16 -5.49 4.02 -5.93 -5.43 4.08 -5.89 -5.42 4.09 -5.91
3 16 -5.42 4.09 -5.91 -5.43 4.08 -5.89 -5.38 4.14 -5.84
3 16 -5.42 4.09 -5.91 -5.38 4.14 -5.84 -5.33 4.22 -5.82
3 16 -5.33 4.22 -5.82 -5.38 4.14 -5.84 -5.33 4.21 -5.8
3 16 -5.33 4.22 -5.82 -5.33 4.21 -5.8 -5.26 4.35 -5.71
3 16 -5.26 4.35 -5.71 -5.33 4.21 -5.8 -5.3 4.27 -5.73
3 16 -5.26 4.35 -5.71 -5.3 4.27 -5.73 -5.27 4.34 -5.68
3 16 -5.27 4.34 -5.68 -5.3 4.27 -5.73 -5.3 4.27 -5.7
3 16 -5.27 4.34 -5.68 -5.3 4.27 -5.7 -5.27 4.34 -5.66
3 16 -5.27 4.34 -5.66 -5.3 4.27 -5.7 -5.3 4.26 -5.68
3 16 -5.27 4.34 -5.66 -5.3 4.26 -5.68 -5.27 4.33 -5.63
3 16 -5.27 4.33 -5.63 -5.3 4.26 -5.68 -5.3 4.25 -5.65
3 16 -5.27 4.33 -5.63 -5.3 4.25 -5.65 -5.27 4.33 -5.61
3 16 -5.27 4.33 -5.61 -5.3 4.25 -5.65 -5.3 4.24 -5.6
3 16 -5.27 4.33 -5.61 -5.3 4.24 -5.6 -5.27 4.32 -5.56
3 16 -5.27 4.32 -5.56 -5.3 4.24 -5.6 -5.29 4.23 -5.55
3 16 -5.27 4.32 -5.56 -5.29 4.23 -5.55 -5.26 4.3 -5.51
3 16 -5.26 4.3 -5.51 -5.29 4.23 -5.55 -5.27 4.21 -5.5
3 16 -5.26 4.3 -5.51 -5.27 4.21 -5.5 -5.25 4.29 -5.46
3 16 -5.25 4.29 -5.46 -5.27 4.21 -5.5 -5.25 4.2 -5.45
3 16 -5.25 4.29 -5.46 -5.25 4.2 -5.45 -5.23 4.28 -5.41
3 16 -5.23 4.28 -5.41 -5.25 4.2 -5.45 -5.23 4.19 -5.41
3 16 -5.23 4.28 -5.41 -5.23 4.19 -5.41 -5.2 4.27 -5.37
3 16 -5.2 4.27 -5.37 -5.23 4.19 -5.41 -5.2 4.17 -5.37
3 16 -5.2 4.27 -5.37 -5.2 4.17 -5.37 -5.17 4.25 -5.33
3 16 -5.17 4.25 -5.33 -5.2 4.17 -5.37 -5.16 4.25 -5.31
3 16 -5.17 4.25 -5.33 -5.16 4.25 -5.31 -5.16 4.33 -5.28
3 16 -5.16 4.33 -5.28 -5.16 4.25 -5.31 -5.14 4.33 -5.26
3 16 -5.16 4.33 -5.28 -5.14 4.33 -5.26 -5.15 4.41 -5.23
3 16 -5.15 4.41 -5.23 -5.14 4.33 -5.26 -5.13 4.4 -5.21
3 16 -5.15 4.41 -5.23 -5.13 4.4 -5.21 -5.14 4.49 -5.17
3 16 -5.14 4.49 -5.17 -5.13 4.4 -5.21 -5.11 4.47 -5.13
3 16 -5.14 4.49 -5.17 -5.11 4.47 -5.13 -5.15 4.56 -5.11
3 16 -5.15 4.56 -5.11 -5.11 4.47 -5.13 -5.11 4.55 -5.07
3 16 -5.15 4.56 -5.11 -5.11 4.55 -5.07 -5.16 4.64 -5.05
3 16 -5.16 4.64 -5.05 -5.11 4.55 -5.07 -5.12 4.62 -5.01
3 16 -5.16 4.64 -5.05 -5.12 4.62 -5.01 -5.17 4.71 -4.98
3 16 -5.17 4.71 -4.98 -5.12 4.62 -5.01 -5.14 4.69 -4.94
3 16 -5.17 4.71 -4.98 -5.14 4.69 -4.94 -5.2 4.78 -4.91
3 16 -5.2 4.78 -4.91 -5.14 4.69 -4.94 -5.16 4.76 -4.87
3 16 -5.2 4.78 -4.91 -5.16 4.76 -4.87 -5.24 4.84 -4.83
3 16 -5.24 4.84 -4.83 -5.16 4.76 -4.87 -5.19 4.82 -4.79
3 16 -5.24 4.84 -4.83 -5.19 4.82 -4.79 -5.28 4.9 -4.75
3 16 -5.28 4.9 -4.75 -5.19 4.82 -4.79 -5.23 4.87 -4.71
3 16 -5.28 4.9 -4.75 -5.23 4.87 -4.71 -5.34 4.96 -4.67
3 16 -5.34 4.96 -4.67 -5.23 4.87 -4.71 -5.28 4.93 -4.62
3 16 -5.34 4.96 -4.67 -5.28 4.93 -4.62 -5.41 5.01 -4.58
3 16 -5.41 5.01 -4.58 -5.28 4.93 -4.62 -5.33 4.97 -4.54
3 16 -5.41 5.01 -4.58 -5.33 4.97 -4.54 -5.44 5.04 -4.47
3 16 -5.44 5.04 -4.47 -5.33 4.97 -4.54 -5.4 5.02 -4.44
3 16 -5.44 5.04 -4.47 -5.4 5.02 -4.44 -5.54 5.07 -4.26
3 16 -5.54 5.07 -4.26 -5.4 5.02 -4.44 -5.3 4.98 -4.41
3 16 -5.54 5.07 -4.26 -5.3 4.98 -4.41 -5.41 5.03 -4.24
3 16 -5.41 5.03 -4.24 -5.16 4.93 -4.22 -5.17 4.94 -4.2
4 16 -4.72 5.01 -6.05 -4.73 5.18 -6.02 -4.49 5.21 -6.22 -4.5 5.04 -6.25
3 16 -5.2 5.38 -5.55 -5.21 5.42 -5.55 -5.01 5.46 -5.78
3 16 -5.06 4.59 -5.88 -5.14 4.56 -5.78 -5.03 4.76 -5.8
3 16 -5.03 4.76 -5.8 -5.14 4.56 -5.78 -5.11 4.7 -5.71
3 16 -5.1 4.86 -5.65 -5.02 4.94 -5.74 -5.11 4.75 -5.69
3 16 -5.11 4.75 -5.69 -5.02 4.94 -5.74 -5.03 4.76 -5.8
3 16 -5.11 4.75 -5.69 -5.03 4.76 -5.8 -5.11 4.73 -5.7
3 16 -5.11 4.73 -5.7 -5.03 4.76 -5.8 -5.11 4.7 -5.71
4 16 -5.11 5.03 -5.6 -5.03 5.12 -5.7 -5.02 4.94 -5.74 -5.11 4.95 -5.63
3 16 -5.11 4.95 -5.63 -5.02 4.94 -5.74 -5.1 4.92 -5.63
3 16 -5.1 4.92 -5.63 -5.02 4.94 -5.74 -5.1 4.86 -5.65
3 16 -5.11 5.03 -5.6 -5.12 5.09 -5.59 -5.03 5.12 -5.7
3 16 -5.03 5.12 -5.7 -5.12 5.09 -5.59 -5.13 5.12 -5.58
4 16 -5.03 5.12 -5.7 -5.13 5.12 -5.58 -5.15 5.21 -5.57 -5.07 5.29 -5.67
4 16 -5.01 5.46 -5.78 -5.21 5.42 -5.55 -5.26 5.52 -5.55 -5.06 5.61 -5.79
3 16 -5.07 5.29 -5.67 -5.15 5.21 -5.57 -5.16 5.26 -5.56
3 16 -5.07 5.29 -5.67 -5.16 5.26 -5.56 -5.01 5.46 -5.78
3 16 -5.01 5.46 -5.78 -5.16 5.26 -5.56 -5.18 5.33 -5.55
3 16 -5.01 5.46 -5.78 -5.18 5.33 -5.55 -5.2 5.38 -5.55
3 16 -5.06 5.61 -5.79 -5.26 5.52 -5.55 -5.28 5.57 -5.55
4 16 -5.06 5.61 -5.79 -5.28 5.57 -5.55 -5.31 5.62 -5.55 -5.12 5.74 -5.81
3 16 -5.12 5.74 -5.81 -5.31 5.62 -5.55 -5.31 5.71 -5.61
3 16 -5.31 5.71 -5.61 -5.31 5.62 -5.55 -5.35 5.7 -5.56
4 16 -4.34 4.6 -6.63 -4.59 4.56 -6.45 -4.54 4.71 -6.37 -4.3 4.75 -6.55
3 16 -4.24 5.19 -6.42 -4.25 5.07 -6.44 -4.5 5.04 -6.25
3 16 -4.5 5.04 -6.25 -4.25 5.07 -6.44 -4.51 4.87 -6.3
4 16 -4.5 5.04 -6.25 -4.51 4.87 -6.3 -4.74 4.83 -6.1 -4.72 5.01 -6.05
3 16 -4.51 4.87 -6.3 -4.26 4.98 -6.46 -4.27 4.91 -6.48
3 16 -4.51 4.87 -6.3 -4.27 4.91 -6.48 -4.54 4.71 -6.37
4 16 -4.54 4.71 -6.37 -4.27 4.91 -6.48 -4.07 4.9 -6.64 -4.29 4.78 -6.53
3 16 -4.54 4.71 -6.37 -4.29 4.78 -6.53 -4.3 4.75 -6.55
3 16 -4.78 5.5 -6 -4.82 5.64 -6.01 -4.57 5.67 -6.23
4 16 -4.49 5.21 -6.22 -4.73 5.18 -6.02 -4.75 5.34 -6 -4.51 5.37 -6.21
4 16 -4.51 5.37 -6.21 -4.75 5.34 -6 -4.78 5.5 -6 -4.53 5.53 -6.21
3 16 -4.82 5.64 -6.01 -4.87 5.77 -6.04 -4.86 5.78 -6.05
3 16 -4.3 5.69 -6.43 -4.28 5.62 -6.42 -4.53 5.53 -6.21
3 16 -4.53 5.53 -6.21 -4.28 5.62 -6.42 -4.27 5.55 -6.41
4 16 -4.53 5.53 -6.21 -4.27 5.55 -6.41 -4.25 5.4 -6.4 -4.51 5.37 -6.21
4 16 -4.51 5.37 -6.21 -4.25 5.4 -6.4 -4.24 5.24 -6.41 -4.49 5.21 -6.22
3 16 -4.49 5.21 -6.22 -4.24 5.24 -6.41 -4.24 5.23 -6.41
3 16 -5.27 4.06 -7.38 -5.49 4.03 -7.24 -5.18 4.05 -7.27
4 16 -5.18 4.05 -7.27 -5.49 4.03 -7.24 -5.69 3.99 -7.09 -5.47 4 -7.08
3 16 -4.9 4.14 -6.91 -4.94 4.18 -6.7 -4.81 4.21 -6.79
3 16 -4.81 4.21 -6.79 -4.94 4.18 -6.7 -4.85 4.28 -6.57
3 16 -4.81 4.21 -6.79 -4.85 4.28 -6.57 -4.73 4.31 -6.66
3 16 -5.09 4.06 -7.16 -5.37 4.01 -6.97 -5 4.09 -7.03
3 16 -5 4.09 -7.03 -5.37 4.01 -6.97 -5.26 4.04 -6.85
3 16 -5 4.09 -7.03 -5.26 4.04 -6.85 -4.9 4.14 -6.91
4 16 -5.27 4.06 -7.38 -5.18 4.05 -7.27 -4.88 4.08 -7.45 -5.22 4.06 -7.41
4 16 -5.22 4.06 -7.41 -4.88 4.08 -7.45 -4.56 4.11 -7.66 -4.96 4.09 -7.56
3 16 -4.8 4.09 -7.34 -4.84 4.09 -7.39 -5.09 4.06 -7.16
3 16 -4.65 4.42 -6.55 -4.4 4.47 -6.73 -4.4 4.46 -6.73
3 16 -4.4 4.46 -6.73 -4.41 4.44 -6.75 -4.65 4.42 -6.55
4 16 -4.65 4.42 -6.55 -4.41 4.44 -6.75 -4.47 4.35 -6.84 -4.73 4.31 -6.66
3 16 -4.65 4.42 -6.55 -4.73 4.31 -6.66 -4.77 4.4 -6.46
3 16 -4.77 4.4 -6.46 -4.73 4.31 -6.66 -4.85 4.28 -6.57
3 16 -4.73 4.31 -6.66 -4.47 4.35 -6.84 -4.5 4.3 -6.89
4 16 -4.73 4.31 -6.66 -4.5 4.3 -6.89 -4.54 4.25 -6.96 -4.81 4.21 -6.79
3 16 -4.81 4.21 -6.79 -4.54 4.25 -6.96 -4.9 4.14 -6.91
3 16 -4.9 4.14 -6.91 -4.6 4.2 -7.05 -4.63 4.18 -7.08
3 16 -4.9 4.14 -6.91 -4.63 4.18 -7.08 -5 4.09 -7.03
3 16 -5 4.09 -7.03 -4.63 4.18 -7.08 -4.72 4.13 -7.21
3 16 -5 4.09 -7.03 -4.72 4.13 -7.21 -5.09 4.06 -7.16
4 16 -5.09 4.06 -7.16 -4.72 4.13 -7.21 -4.38 4.16 -7.45 -4.8 4.1 -7.33
3 16 -5.09 4.06 -7.16 -4.8 4.1 -7.33 -4.8 4.09 -7.34
3 16 -5.26 4.04 -6.85 -5.16 4.08 -6.73 -4.9 4.14 -6.91
3 16 -4.9 4.14 -6.91 -5.16 4.08 -6.73 -5.06 4.16 -6.6
3 16 -4.9 4.14 -6.91 -5.06 4.16 -6.6 -4.94 4.18 -6.7
3 16 -4.94 4.18 -6.7 -5.06 4.16 -6.6 -4.97 4.25 -6.48
3 16 -4.94 4.18 -6.7 -4.97 4.25 -6.48 -4.85 4.28 -6.57
3 16 -4.85 4.28 -6.57 -4.97 4.25 -6.48 -4.89 4.37 -6.37
3 16 -4.85 4.28 -6.57 -4.89 4.37 -6.37 -4.77 4.4 -6.46
3 16 -4.77 4.4 -6.46 -4.89 4.37 -6.37 -4.82 4.51 -6.26
3 16 -4.77 4.4 -6.46 -4.82 4.51 -6.26 -4.65 4.42 -6.55
3 16 -5.81 3.88 -6.53 -5.77 3.89 -6.49 -5.62 3.94 -6.56
3 16 -5.77 3.89 -6.49 -5.73 3.9 -6.46 -5.62 3.94 -6.56
3 16 -5.62 3.94 -6.56 -5.73 3.9 -6.46 -5.68 3.91 -6.42
4 16 -5.62 3.94 -6.56 -5.68 3.91 -6.42 -5.62 3.94 -6.36 -5.5 3.98 -6.44
3 16 -5.93 3.87 -6.62 -5.74 3.92 -6.67 -5.74 3.95 -6.87
3 16 -5.93 3.87 -6.62 -5.74 3.95 -6.87 -5.95 3.87 -6.64
3 16 -5.95 3.87 -6.64 -5.74 3.95 -6.87 -5.98 3.88 -6.66
3 16 -5.47 4 -7.08 -5.69 3.99 -7.09 -5.85 3.96 -6.97
3 16 -5.47 4 -7.08 -5.85 3.96 -6.97 -5.74 3.95 -6.87
3 16 -5.74 3.95 -6.87 -5.85 3.96 -6.97 -6.1 3.89 -6.75
3 16 -5.74 3.95 -6.87 -6.1 3.89 -6.75 -5.98 3.88 -6.66
3 16 -5.74 3.92 -6.67 -5.63 3.95 -6.77 -5.74 3.95 -6.87
3 16 -5.74 3.95 -6.87 -5.63 3.95 -6.77 -5.37 4.01 -6.97
3 16 -5.74 3.95 -6.87 -5.37 4.01 -6.97 -5.47 4 -7.08
3 16 -5.47 4 -7.08 -5.37 4.01 -6.97 -5.09 4.06 -7.16
3 16 -5.47 4 -7.08 -5.09 4.06 -7.16 -5.18 4.05 -7.27
4 16 -5.18 4.05 -7.27 -5.09 4.06 -7.16 -4.84 4.09 -7.39 -4.88 4.08 -7.45
3 16 -5.62 3.94 -6.36 -5.6 3.94 -6.34 -5.5 3.98 -6.44
3 16 -5.5 3.98 -6.44 -5.6 3.94 -6.34 -5.56 3.97 -6.3
4 16 -5.5 3.98 -6.44 -5.56 3.97 -6.3 -5.5 4 -6.25 -5.38 4.06 -6.32
3 16 -5.5 4 -6.25 -5.48 4.02 -6.22 -5.38 4.06 -6.32
3 16 -5.38 4.06 -6.32 -5.48 4.02 -6.22 -5.44 4.04 -6.19
3 16 -5.38 4.06 -6.32 -5.44 4.04 -6.19 -5.28 4.15 -6.2
3 16 -5.28 4.15 -6.2 -5.44 4.04 -6.19 -5.37 4.11 -6.11
3 16 -5.37 4.11 -6.11 -5.36 4.12 -6.1 -5.28 4.15 -6.2
3 16 -5.28 4.15 -6.2 -5.36 4.12 -6.1 -5.34 4.14 -6.08
3 16 -5.28 4.15 -6.2 -5.34 4.14 -6.08 -5.18 4.28 -6.08
3 16 -5.34 4.14 -6.08 -5.27 4.24 -5.99 -5.18 4.28 -6.08
3 16 -5.18 4.28 -6.08 -5.27 4.24 -5.99 -5.26 4.26 -5.97
4 16 -5.18 4.28 -6.08 -5.26 4.26 -5.97 -5.19 4.39 -5.88 -5.11 4.42 -5.97
3 16 -5.11 4.42 -5.97 -5.19 4.39 -5.88 -5.06 4.59 -5.88
3 16 -5.06 4.59 -5.88 -5.19 4.39 -5.88 -5.14 4.54 -5.79
3 16 -5.06 4.59 -5.88 -5.14 4.54 -5.79 -5.14 4.56 -5.78
3 16 -4.94 4.79 -5.9 -4.87 4.64 -6.08 -4.97 4.61 -5.98
4 16 -4.97 4.61 -5.98 -4.87 4.64 -6.08 -4.92 4.48 -6.17 -5.02 4.45 -6.07
4 16 -5.02 4.45 -6.07 -4.92 4.48 -6.17 -4.99 4.34 -6.27 -5.09 4.31 -6.18
4 16 -5.09 4.31 -6.18 -4.99 4.34 -6.27 -5.08 4.22 -6.39 -5.18 4.19 -6.29
3 16 -5.18 4.19 -6.29 -5.08 4.22 -6.39 -5.18 4.12 -6.51
3 16 -5.18 4.19 -6.29 -5.18 4.12 -6.51 -5.28 4.09 -6.41
3 16 -5.28 4.09 -6.41 -5.18 4.12 -6.51 -5.28 4.05 -6.63
3 16 -5.28 4.09 -6.41 -5.28 4.05 -6.63 -5.4 4.02 -6.54
3 16 -5.4 4.02 -6.54 -5.28 4.05 -6.63 -5.39 4.01 -6.75
3 16 -5.4 4.02 -6.54 -5.39 4.01 -6.75 -5.51 3.97 -6.66
3 16 -5.01 5.46 -5.78 -4.97 5.31 -5.78 -5.07 5.29 -5.67
3 16 -5.07 5.29 -5.67 -4.97 5.31 -5.78 -4.94 5.14 -5.8
3 16 -5.07 5.29 -5.67 -4.94 5.14 -5.8 -5.03 5.12 -5.7
4 16 -5.03 5.12 -5.7 -4.94 5.14 -5.8 -4.93 4.96 -5.84 -5.02 4.94 -5.74
4 16 -5.02 4.94 -5.74 -4.93 4.96 -5.84 -4.94 4.79 -5.9 -5.03 4.76 -5.8
4 16 -5.03 4.76 -5.8 -4.94 4.79 -5.9 -4.97 4.61 -5.98 -5.06 4.59 -5.88
4 16 -5.06 4.59 -5.88 -4.97 4.61 -5.98 -5.02 4.45 -6.07 -5.11 4.42 -5.97
4 16 -5.11 4.42 -5.97 -5.02 4.45 -6.07 -5.09 4.31 -6.18 -5.18 4.28 -6.08
4 16 -5.18 4.28 -6.08 -5.09 4.31 -6.18 -5.18 4.19 -6.29 -5.28 4.15 -6.2
3 16 -5.28 4.15 -6.2 -5.18 4.19 -6.29 -5.28 4.09 -6.41
3 16 -5.28 4.15 -6.2 -5.28 4.09 -6.41 -5.38 4.06 -6.32
3 16 -5.38 4.06 -6.32 -5.28 4.09 -6.41 -5.4 4.02 -6.54
3 16 -5.38 4.06 -6.32 -5.4 4.02 -6.54 -5.5 3.98 -6.44
3 16 -5.5 3.98 -6.44 -5.4 4.02 -6.54 -5.51 3.97 -6.66
3 16 -5.5 3.98 -6.44 -5.51 3.97 -6.66 -5.62 3.94 -6.56
3 16 -4.82 5.64 -6.01 -4.86 5.78 -6.05 -4.57 5.67 -6.23
3 16 -4.57 5.67 -6.23 -4.86 5.78 -6.05 -4.61 5.8 -6.26
3 16 -4.57 5.67 -6.23 -4.61 5.8 -6.26 -4.59 5.8 -6.27
3 16 -4.53 5.53 -6.21 -4.78 5.5 -6 -4.57 5.67 -6.23
3 16 -4.53 5.53 -6.21 -4.57 5.67 -6.23 -4.3 5.69 -6.43
3 16 -4.3 5.69 -6.43 -4.57 5.67 -6.23 -4.59 5.8 -6.27
3 16 -4.3 5.69 -6.43 -4.59 5.8 -6.27 -4.33 5.82 -6.46
3 16 -5.12 5.74 -5.81 -4.87 5.77 -6.04 -5.06 5.61 -5.79
3 16 -5.06 5.61 -5.79 -4.87 5.77 -6.04 -4.82 5.64 -6.01
3 16 -5.06 5.61 -5.79 -4.82 5.64 -6.01 -5.01 5.46 -5.78
3 16 -5.01 5.46 -5.78 -4.82 5.64 -6.01 -4.78 5.5 -6
3 16 -5.01 5.46 -5.78 -4.78 5.5 -6 -4.97 5.31 -5.78
3 16 -4.97 5.31 -5.78 -4.78 5.5 -6 -4.75 5.34 -6
3 16 -4.97 5.31 -5.78 -4.75 5.34 -6 -4.94 5.14 -5.8
3 16 -4.94 5.14 -5.8 -4.75 5.34 -6 -4.73 5.18 -6.02
4 16 -4.94 5.14 -5.8 -4.73 5.18 -6.02 -4.72 5.01 -6.05 -4.93 4.96 -5.84
4 16 -4.93 4.96 -5.84 -4.72 5.01 -6.05 -4.74 4.83 -6.1 -4.94 4.79 -5.9
4 16 -4.74 4.83 -6.1 -4.51 4.87 -6.3 -4.54 4.71 -6.37 -4.77 4.67 -6.18
4 16 -4.77 4.67 -6.18 -4.54 4.71 -6.37 -4.59 4.56 -6.45 -4.82 4.51 -6.26
3 16 -4.82 4.51 -6.26 -4.59 4.56 -6.45 -4.65 4.42 -6.55
3 16 -4.65 4.42 -6.55 -4.59 4.56 -6.45 -4.34 4.6 -6.63
4 16 -4.65 4.42 -6.55 -4.34 4.6 -6.63 -3.98 4.61 -6.94 -4.4 4.47 -6.73
3 16 -5.85 3.88 -6.56 -5.81 3.88 -6.53 -5.74 3.92 -6.67
3 16 -5.74 3.92 -6.67 -5.81 3.88 -6.53 -5.62 3.94 -6.56
3 16 -5.74 3.92 -6.67 -5.62 3.94 -6.56 -5.63 3.95 -6.77
3 16 -5.63 3.95 -6.77 -5.62 3.94 -6.56 -5.51 3.97 -6.66
3 16 -5.63 3.95 -6.77 -5.51 3.97 -6.66 -5.37 4.01 -6.97
3 16 -5.37 4.01 -6.97 -5.51 3.97 -6.66 -5.39 4.01 -6.75
3 16 -5.37 4.01 -6.97 -5.39 4.01 -6.75 -5.26 4.04 -6.85
3 16 -5.26 4.04 -6.85 -5.39 4.01 -6.75 -5.28 4.05 -6.63
3 16 -5.26 4.04 -6.85 -5.28 4.05 -6.63 -5.16 4.08 -6.73
3 16 -5.16 4.08 -6.73 -5.28 4.05 -6.63 -5.18 4.12 -6.51
3 16 -5.16 4.08 -6.73 -5.18 4.12 -6.51 -5.06 4.16 -6.6
3 16 -5.06 4.16 -6.6 -5.18 4.12 -6.51 -5.08 4.22 -6.39
3 16 -5.06 4.16 -6.6 -5.08 4.22 -6.39 -4.97 4.25 -6.48
3 16 -4.97 4.25 -6.48 -5.08 4.22 -6.39 -4.99 4.34 -6.27
3 16 -4.97 4.25 -6.48 -4.99 4.34 -6.27 -4.89 4.37 -6.37
4 16 -4.89 4.37 -6.37 -4.99 4.34 -6.27 -4.92 4.48 -6.17 -4.82 4.51 -6.26
4 16 -4.82 4.51 -6.26 -4.92 4.48 -6.17 -4.87 4.64 -6.08 -4.77 4.67 -6.18
3 16 -4.77 4.67 -6.18 -4.87 4.64 -6.08 -4.94 4.79 -5.9
3 16 -4.77 4.67 -6.18 -4.94 4.79 -5.9 -4.74 4.83 -6.1
3 16 -4.5 5.04 -6.25 -4.49 5.21 -6.22 -4.24 5.19 -6.42
3 16 -4.24 5.19 -6.42 -4.49 5.21 -6.22 -4.24 5.23 -6.41
4 16 -3.12 5.04 7.52 -2.26 5.04 7.54 -3.18 5.04 7.21 -3.4 5.04 7.2
2 24 -2.26 5.04 7.54 -3.18 5.04 7.21
2 24 -3.4 5.04 7.2 -3.12 5.04 7.52
3 16 -3.4 5.04 7.2 -3.18 5.04 7.21 -3.59 5.04 7.01
2 24 -3.18 5.04 7.21 -3.59 5.04 7.01
2 24 -3.59 5.04 7.01 -3.4 5.04 7.2
3 16 -4.11 4.74 6.71 -4.3 4.74 6.55 -4.34 4.6 6.63
3 16 -4.27 4.13 7.87 -4.24 4.13 7.87 -4.16 4.15 7.79
3 16 -3.5 5.58 7.05 -3.67 5.61 6.9 -3.48 5.52 7.06
3 16 -3.48 5.52 7.06 -3.67 5.61 6.9 -3.65 5.47 6.89
3 16 -3.48 5.52 7.06 -3.65 5.47 6.89 -3.46 5.45 7.07
3 16 -3.46 5.45 7.07 -3.65 5.47 6.89 -3.65 5.33 6.89
3 16 -3.46 5.38 7.07 -3.46 5.45 7.07 -3.46 5.31 7.07
3 16 -3.46 5.31 7.07 -3.46 5.45 7.07 -3.65 5.33 6.89
3 16 -3.46 5.31 7.07 -3.65 5.33 6.89 -3.48 5.25 7.06
3 16 -3.48 5.25 7.06 -3.65 5.33 6.89 -3.65 5.18 6.91
4 16 -3.59 5.04 7.01 -3.54 5.11 7.03 -3.65 5.18 6.91 -3.67 5.03 6.93
3 16 -3.65 5.18 6.91 -3.54 5.11 7.03 -3.5 5.18 7.05
3 16 -3.65 5.18 6.91 -3.5 5.18 7.05 -3.48 5.25 7.06
3 16 -3.59 5.04 7.01 -3.67 5.03 6.93 -3.49 5.02 7.11
3 16 -3.59 5.04 7.01 -3.49 5.02 7.11 -3.4 5.04 7.2
3 16 -3.4 5.04 7.2 -3.49 5.02 7.11 -3.16 4.99 7.49
3 16 -3.4 5.04 7.2 -3.16 4.99 7.49 -3.12 5.04 7.52
3 16 -3.69 4.24 7.87 -3.62 4.27 7.87 -3.58 4.31 7.81
3 16 -3.58 4.31 7.81 -3.62 4.27 7.87 -3.44 4.35 7.87
3 16 -3.58 4.31 7.81 -3.44 4.35 7.87 -3.49 4.4 7.74
3 16 -3.49 4.4 7.74 -3.44 4.35 7.87 -3.27 4.46 7.87
3 16 -3.49 4.4 7.74 -3.27 4.46 7.87 -3.4 4.49 7.67
4 16 -3.4 4.49 7.67 -3.27 4.46 7.87 -3.13 4.59 7.87 -3.33 4.6 7.61
4 16 -3.33 4.6 7.61 -3.13 4.59 7.87 -3 4.73 7.87 -3.26 4.72 7.56
4 16 -3.26 4.72 7.56 -3 4.73 7.87 -2.94 4.82 7.87 -3.21 4.85 7.52
3 16 -3.21 4.85 7.52 -2.94 4.82 7.87 -2.91 4.88 7.87
3 16 -4.24 4.13 7.87 -4.09 4.15 7.87 -4.16 4.15 7.79
3 16 -4.16 4.15 7.79 -4.09 4.15 7.87 -3.84 4.2 7.87
3 16 -4.16 4.15 7.79 -3.84 4.2 7.87 -4.06 4.18 7.7
3 16 -4.06 4.18 7.7 -3.84 4.2 7.87 -3.69 4.24 7.87
3 16 -4.46 4.12 7.87 -4.56 4.11 7.66 -4.77 4.1 7.67
3 16 -4.77 4.1 7.67 -4.56 4.11 7.66 -4.89 4.08 7.46
3 16 -4.77 4.1 7.67 -4.89 4.08 7.46 -4.96 4.09 7.56
3 16 -4.08 5.66 6.58 -4.23 5.81 6.53 -4.33 5.82 6.46
3 16 -3.87 5.64 6.73 -3.9 5.76 6.75 -4.23 5.81 6.53
3 16 -3.5 5.58 7.05 -3.54 5.64 7.03 -3.67 5.61 6.9
3 16 -3.67 5.61 6.9 -3.54 5.64 7.03 -3.6 5.72 7
4 16 -3.67 5.61 6.9 -3.6 5.72 7 -3.9 5.76 6.75 -3.87 5.64 6.73
3 16 -4.54 4.25 6.96 -4.2 4.28 7.23 -4.5 4.3 6.89
3 16 -4.5 4.3 6.89 -4.2 4.28 7.23 -4.12 4.37 7.12
3 16 -4.5 4.3 6.89 -4.12 4.37 7.12 -4.47 4.34 6.85
4 16 -4.04 4.48 7.03 -4.41 4.44 6.75 -4.47 4.35 6.84 -4.12 4.37 7.12
3 16 -4.12 4.37 7.12 -4.47 4.35 6.84 -4.47 4.34 6.85
4 16 -4.29 4.21 7.34 -4.63 4.18 7.09 -4.38 4.16 7.45 -4.06 4.18 7.7
3 16 -4.38 4.16 7.45 -4.63 4.18 7.09 -4.72 4.13 7.21
3 16 -4.38 4.16 7.45 -4.72 4.13 7.21 -4.47 4.13 7.56
3 16 -4.47 4.13 7.56 -4.72 4.13 7.21 -4.8 4.09 7.34
4 16 -4.47 4.13 7.56 -4.8 4.09 7.34 -4.84 4.09 7.39 -4.56 4.11 7.66
3 16 -4.56 4.11 7.66 -4.84 4.09 7.39 -4.89 4.08 7.46
3 16 -4.54 4.25 6.96 -4.55 4.25 6.97 -4.2 4.28 7.23
4 16 -4.2 4.28 7.23 -4.55 4.25 6.97 -4.6 4.2 7.05 -4.29 4.21 7.34
3 16 -4.29 4.21 7.34 -4.6 4.2 7.05 -4.63 4.18 7.08
3 16 -4.29 4.21 7.34 -4.63 4.18 7.08 -4.63 4.18 7.09
3 16 -3.21 4.85 7.52 -3.53 4.88 7.15 -3.26 4.72 7.56
3 16 -3.26 4.72 7.56 -3.53 4.88 7.15 -3.58 4.74 7.2
4 16 -3.26 4.72 7.56 -3.58 4.74 7.2 -3.64 4.61 7.26 -3.33 4.6 7.61
4 16 -3.33 4.6 7.61 -3.64 4.61 7.26 -3.71 4.49 7.34 -3.4 4.49 7.67
4 16 -3.4 4.49 7.67 -3.71 4.49 7.34 -3.79 4.39 7.42 -3.49 4.4 7.74
4 16 -3.49 4.4 7.74 -3.79 4.39 7.42 -3.88 4.3 7.51 -3.58 4.31 7.81
3 16 -3.58 4.31 7.81 -3.88 4.3 7.51 -3.69 4.24 7.87
4 16 -3.69 4.24 7.87 -3.88 4.3 7.51 -4.2 4.28 7.23 -3.97 4.23 7.6
3 16 -3.69 4.24 7.87 -3.97 4.23 7.6 -4.06 4.18 7.7
3 16 -4.33 5.82 6.46 -4.3 5.69 6.43 -4.08 5.66 6.58
4 16 -4.08 5.66 6.58 -4.28 5.62 6.42 -4.27 5.55 6.41 -4.06 5.52 6.56
3 16 -4.06 5.52 6.56 -4.27 5.55 6.41 -4.25 5.4 6.4
3 16 -4.06 5.52 6.56 -4.25 5.4 6.4 -4.04 5.37 6.56
3 16 -4.04 5.37 6.56 -4.25 5.4 6.4 -4.24 5.23 6.41
3 16 -4.04 5.37 6.56 -4.24 5.23 6.41 -4.04 5.21 6.57
3 16 -4.04 5.21 6.57 -4.24 5.23 6.41 -4.24 5.19 6.42
4 16 -4.04 5.21 6.57 -4.24 5.19 6.42 -4.25 5.07 6.44 -4.05 5.06 6.6
3 16 -4.05 5.06 6.6 -4.25 5.07 6.44 -4.26 4.98 6.46
3 16 -4.05 5.06 6.6 -4.26 4.98 6.46 -4.07 4.9 6.64
3 16 -4.26 4.98 6.46 -4.27 4.9 6.49 -4.07 4.9 6.64
3 16 -4.07 4.9 6.64 -4.27 4.9 6.49 -4.29 4.78 6.53
3 16 -4.07 4.9 6.64 -4.29 4.78 6.53 -4.11 4.74 6.71
3 16 -4.11 4.74 6.71 -4.29 4.78 6.53 -4.3 4.75 6.55
3 16 -4.11 4.74 6.71 -4.3 4.75 6.55 -4.3 4.74 6.55
3 16 -3.67 5.61 6.9 -3.87 5.64 6.73 -3.85 5.5 6.72
3 16 -3.67 5.61 6.9 -3.85 5.5 6.72 -3.65 5.47 6.89
3 16 -3.65 5.47 6.89 -3.85 5.5 6.72 -3.84 5.35 6.72
3 16 -3.65 5.47 6.89 -3.84 5.35 6.72 -3.65 5.33 6.89
3 16 -3.65 5.33 6.89 -3.84 5.35 6.72 -3.84 5.2 6.73
3 16 -3.65 5.33 6.89 -3.84 5.2 6.73 -3.65 5.18 6.91
3 16 -3.65 5.18 6.91 -3.84 5.2 6.73 -3.86 5.04 6.76
3 16 -3.65 5.18 6.91 -3.86 5.04 6.76 -3.67 5.03 6.93
3 16 -3.67 5.03 6.93 -3.86 5.04 6.76 -3.88 4.89 6.81
3 16 -3.67 5.03 6.93 -3.88 4.89 6.81 -3.49 5.02 7.11
3 16 -4.23 5.81 6.53 -4.08 5.66 6.58 -3.87 5.64 6.73
3 16 -3.87 5.64 6.73 -4.08 5.66 6.58 -4.06 5.52 6.56
3 16 -3.87 5.64 6.73 -4.06 5.52 6.56 -3.85 5.5 6.72
3 16 -3.85 5.5 6.72 -4.06 5.52 6.56 -4.04 5.37 6.56
3 16 -3.85 5.5 6.72 -4.04 5.37 6.56 -3.84 5.35 6.72
3 16 -3.84 5.35 6.72 -4.04 5.37 6.56 -4.04 5.21 6.57
3 16 -3.84 5.35 6.72 -4.04 5.21 6.57 -3.84 5.2 6.73
3 16 -3.84 5.2 6.73 -4.04 5.21 6.57 -4.05 5.06 6.6
3 16 -3.84 5.2 6.73 -4.05 5.06 6.6 -3.86 5.04 6.76
3 16 -3.86 5.04 6.76 -4.05 5.06 6.6 -4.07 4.9 6.64
3 16 -3.86 5.04 6.76 -4.07 4.9 6.64 -3.88 4.89 6.81
3 16 -3.88 4.89 6.81 -4.07 4.9 6.64 -4.11 4.74 6.71
3 16 -3.88 4.89 6.81 -4.11 4.74 6.71 -3.92 4.74 6.87
3 16 -3.92 4.74 6.87 -4.11 4.74 6.71 -4.34 4.6 6.63
3 16 -3.92 4.74 6.87 -4.34 4.6 6.63 -3.98 4.61 6.94
3 16 -3.98 4.61 6.94 -4.34 4.6 6.63 -4.4 4.47 6.73
3 16 -3.98 4.61 6.94 -4.4 4.47 6.73 -4.04 4.48 7.03
3 16 -4.04 4.48 7.03 -4.4 4.47 6.73 -4.4 4.46 6.73
3 16 -4.04 4.48 7.03 -4.4 4.46 6.73 -4.41 4.44 6.75
3 16 -4.46 4.12 7.87 -4.36 4.12 7.87 -4.56 4.11 7.66
3 16 -4.56 4.11 7.66 -4.36 4.12 7.87 -4.27 4.13 7.87
3 16 -4.56 4.11 7.66 -4.27 4.13 7.87 -4.47 4.13 7.56
3 16 -4.47 4.13 7.56 -4.27 4.13 7.87 -4.16 4.15 7.79
3 16 -4.47 4.13 7.56 -4.16 4.15 7.79 -4.38 4.16 7.45
3 16 -4.38 4.16 7.45 -4.16 4.15 7.79 -4.06 4.18 7.7
3 16 -4.29 4.21 7.34 -4.06 4.18 7.7 -3.97 4.23 7.6
3 16 -4.29 4.21 7.34 -3.97 4.23 7.6 -4.2 4.28 7.23
4 16 -4.2 4.28 7.23 -3.88 4.3 7.51 -3.79 4.39 7.42 -4.12 4.37 7.12
4 16 -4.12 4.37 7.12 -3.79 4.39 7.42 -3.71 4.49 7.34 -4.04 4.48 7.03
4 16 -4.04 4.48 7.03 -3.71 4.49 7.34 -3.64 4.61 7.26 -3.98 4.61 6.94
3 16 -3.98 4.61 6.94 -3.64 4.61 7.26 -3.92 4.74 6.87
3 16 -3.92 4.74 6.87 -3.64 4.61 7.26 -3.58 4.74 7.2
3 16 -3.92 4.74 6.87 -3.58 4.74 7.2 -3.88 4.89 6.81
3 16 -3.88 4.89 6.81 -3.58 4.74 7.2 -3.53 4.88 7.15
3 16 -3.88 4.89 6.81 -3.53 4.88 7.15 -3.49 5.02 7.11
3 16 -3.49 5.02 7.11 -3.53 4.88 7.15 -3.21 4.85 7.52
3 16 -3.49 5.02 7.11 -3.21 4.85 7.52 -3.16 4.99 7.49
3 16 -3.16 4.99 7.49 -3.21 4.85 7.52 -2.91 4.88 7.87
4 16 -3.16 4.99 7.49 -2.91 4.88 7.87 -2.84 5.04 7.87 -3.12 5.04 7.52
3 16 -4.23 5.81 6.53 -3.9 5.76 6.75 -3.93 5.85 6.77
3 16 -4.14 6.23 6.7 -4.23 6.24 6.64 -4.23 6.18 6.63
3 16 -4.23 6.24 6.64 -4.14 6.23 6.7 -4.23 6.3 6.64
3 16 -3.91 5.92 6.8 -3.86 5.98 6.86 -3.9 6 6.83
3 16 -3.9 6 6.83 -3.86 5.98 6.86 -3.9 6.02 6.84
3 16 -3.9 6 6.83 -3.9 6.02 6.84 -3.96 6.08 6.81
3 16 -3.9 5.76 6.75 -3.6 5.72 7 -3.93 5.85 6.77
3 16 -3.93 5.85 6.77 -3.6 5.72 7 -3.74 5.87 6.93
3 16 -3.93 5.85 6.77 -3.74 5.87 6.93 -3.91 5.92 6.8
3 16 -3.91 5.92 6.8 -3.74 5.87 6.93 -3.76 5.89 6.92
3 16 -3.91 5.92 6.8 -3.76 5.89 6.92 -3.86 5.98 6.86
3 16 -4.29 5.93 6.54 -4.33 5.82 6.46 -4.23 5.81 6.53
3 16 -4.23 5.81 6.53 -3.93 5.85 6.77 -4.29 5.93 6.54
3 16 -4.29 5.93 6.54 -3.93 5.85 6.77 -3.91 5.92 6.8
3 16 -4.29 5.93 6.54 -3.91 5.92 6.8 -4.27 5.99 6.57
3 16 -4.27 5.99 6.57 -3.91 5.92 6.8 -3.9 6 6.83
3 16 -4.27 5.99 6.57 -3.9 6 6.83 -4.25 6.05 6.6
3 16 -4.25 6.05 6.6 -3.9 6 6.83 -3.96 6.08 6.81
3 16 -4.25 6.05 6.6 -3.96 6.08 6.81 -4.24 6.11 6.62
3 16 -4.24 6.11 6.62 -3.96 6.08 6.81 -3.98 6.1 6.79
3 16 -4.23 6.18 6.63 -3.98 6.1 6.79 -4.04 6.15 6.76
3 16 -4.23 6.18 6.63 -4.04 6.15 6.76 -4.14 6.23 6.7
3 16 -3.67 5.03 -6.93 -3.49 5.02 -7.11 -3.53 4.88 -7.15
3 16 -3.46 5.34 -7.07 -3.46 5.44 -7.07 -3.46 5.41 -7.07
3 16 -3.49 4.33 -7.87 -3.58 4.31 -7.81 -3.49 4.4 -7.74
3 16 -4.56 4.11 -7.66 -4.63 4.11 -7.76 -4.96 4.09 -7.56
4 16 -4.46 4.12 -7.87 -4.63 4.11 -7.76 -4.56 4.11 -7.66 -4.32 4.12 -7.87
3 16 -4.32 4.12 -7.87 -4.56 4.11 -7.66 -4.27 4.13 -7.87
3 16 -4.27 4.13 -7.87 -4.56 4.11 -7.66 -4.47 4.13 -7.56
3 16 -3.88 4.3 -7.51 -3.69 4.24 -7.87 -3.97 4.23 -7.6
3 16 -3.97 4.23 -7.6 -3.69 4.24 -7.87 -3.8 4.21 -7.87
3 16 -3.97 4.23 -7.6 -3.8 4.21 -7.87 -4.06 4.18 -7.7
3 16 -4.06 4.18 -7.7 -3.8 4.21 -7.87 -4.05 4.15 -7.87
3 16 -4.06 4.18 -7.7 -4.05 4.15 -7.87 -4.16 4.15 -7.79
3 16 -4.16 4.15 -7.79 -4.05 4.15 -7.87 -4.06 4.15 -7.87
3 16 -4.16 4.15 -7.79 -4.06 4.15 -7.87 -4.24 4.13 -7.87
3 16 -3.49 4.33 -7.87 -3.49 4.4 -7.74 -3.31 4.44 -7.87
3 16 -3.31 4.44 -7.87 -3.49 4.4 -7.74 -3.4 4.49 -7.67
3 16 -3.31 4.44 -7.87 -3.4 4.49 -7.67 -3.24 4.48 -7.87
4 16 -3.24 4.48 -7.87 -3.4 4.49 -7.67 -3.33 4.6 -7.61 -3.15 4.56 -7.87
4 16 -3.15 4.56 -7.87 -3.33 4.6 -7.61 -3.26 4.72 -7.56 -3.03 4.7 -7.87
3 16 -3.03 4.7 -7.87 -3.26 4.72 -7.56 -3 4.73 -7.87
3 16 -3 4.73 -7.87 -3.26 4.72 -7.56 -3.21 4.85 -7.52
3 16 -3 4.73 -7.87 -3.21 4.85 -7.52 -2.94 4.82 -7.87
3 16 -3.16 4.99 -7.49 -3.2 5.04 -7.43 -3.1 5.04 -7.54
3 16 -2.94 4.82 -7.87 -3.21 4.85 -7.52 -2.91 4.88 -7.87
3 16 -2.91 4.88 -7.87 -3.21 4.85 -7.52 -3.16 4.99 -7.49
3 16 -2.91 4.88 -7.87 -3.16 4.99 -7.49 -2.88 4.94 -7.87
3 16 -2.88 4.94 -7.87 -3.16 4.99 -7.49 -3.1 5.04 -7.54
3 16 -2.88 4.94 -7.87 -3.1 5.04 -7.54 -2.84 5.04 -7.87
3 16 -3.49 5.04 -7.11 -3.49 5.02 -7.11 -3.59 5.04 -7.01
2 24 -3.59 5.04 -7.01 -3.49 5.04 -7.11
3 16 -3.59 5.04 -7.01 -3.49 5.02 -7.11 -3.67 5.03 -6.93
3 16 -3.59 5.04 -7.01 -3.67 5.03 -6.93 -3.53 5.12 -7.04
2 24 -3.53 5.12 -7.04 -3.59 5.04 -7.01
3 16 -3.53 5.12 -7.04 -3.67 5.03 -6.93 -3.65 5.18 -6.91
3 16 -3.53 5.12 -7.04 -3.65 5.18 -6.91 -3.5 5.19 -7.05
3 16 -3.5 5.19 -7.05 -3.65 5.18 -6.91 -3.47 5.27 -7.07
3 16 -3.47 5.27 -7.07 -3.65 5.18 -6.91 -3.65 5.33 -6.89
3 16 -3.47 5.27 -7.07 -3.65 5.33 -6.89 -3.47 5.31 -7.07
3 16 -3.65 5.47 -6.89 -3.46 5.44 -7.07 -3.65 5.33 -6.89
3 16 -3.65 5.33 -6.89 -3.46 5.44 -7.07 -3.46 5.34 -7.07
3 16 -3.65 5.33 -6.89 -3.46 5.34 -7.07 -3.47 5.31 -7.07
3 16 -3.56 5.67 -7.02 -3.52 5.6 -7.05 -3.67 5.61 -6.9
3 16 -3.67 5.61 -6.9 -3.52 5.6 -7.05 -3.49 5.54 -7.06
3 16 -3.67 5.61 -6.9 -3.49 5.54 -7.06 -3.65 5.47 -6.89
3 16 -3.65 5.47 -6.89 -3.49 5.54 -7.06 -3.47 5.47 -7.07
3 16 -3.65 5.47 -6.89 -3.47 5.47 -7.07 -3.46 5.44 -7.07
3 16 -4.08 5.66 -6.58 -4.21 5.8 -6.53 -3.91 5.76 -6.75
4 16 -4.33 5.82 -6.46 -4.29 5.93 -6.54 -4.21 5.8 -6.53 -4.3 5.69 -6.43
3 16 -4.3 5.69 -6.43 -4.21 5.8 -6.53 -4.08 5.66 -6.58
3 16 -4.07 4.9 -6.64 -4.11 4.74 -6.71 -4.29 4.78 -6.53
3 16 -4.07 4.9 -6.64 -4.27 4.91 -6.48 -4.26 4.98 -6.46
3 16 -4.07 4.9 -6.64 -4.26 4.98 -6.46 -4.05 5.06 -6.6
3 16 -4.05 5.06 -6.6 -4.25 5.07 -6.44 -4.24 5.19 -6.42
3 16 -4.05 5.06 -6.6 -4.24 5.19 -6.42 -4.04 5.21 -6.57
3 16 -4.04 5.21 -6.57 -4.24 5.19 -6.42 -4.24 5.23 -6.41
3 16 -4.04 5.21 -6.57 -4.24 5.23 -6.41 -4.24 5.24 -6.41
3 16 -4.3 5.69 -6.43 -4.08 5.66 -6.58 -4.28 5.62 -6.42
4 16 -4.28 5.62 -6.42 -4.08 5.66 -6.58 -4.06 5.52 -6.56 -4.27 5.55 -6.41
3 16 -4.27 5.55 -6.41 -4.06 5.52 -6.56 -4.04 5.37 -6.56
3 16 -4.27 5.55 -6.41 -4.04 5.37 -6.56 -4.25 5.4 -6.4
3 16 -3.84 5.2 -6.73 -4.04 5.37 -6.56 -3.84 5.35 -6.72
3 16 -3.84 5.35 -6.72 -4.04 5.37 -6.56 -4.06 5.52 -6.56
3 16 -3.84 5.35 -6.72 -4.06 5.52 -6.56 -3.85 5.5 -6.72
3 16 -3.85 5.5 -6.72 -4.06 5.52 -6.56 -4.08 5.66 -6.58
3 16 -3.85 5.5 -6.72 -4.08 5.66 -6.58 -3.87 5.64 -6.73
3 16 -3.87 5.64 -6.73 -4.08 5.66 -6.58 -3.91 5.76 -6.75
3 16 -3.87 5.64 -6.73 -3.91 5.76 -6.75 -3.6 5.72 -7
4 16 -3.98 4.61 -6.94 -4.34 4.6 -6.63 -4.11 4.74 -6.71 -3.92 4.74 -6.87
3 16 -3.92 4.74 -6.87 -4.11 4.74 -6.71 -4.07 4.9 -6.64
3 16 -3.92 4.74 -6.87 -4.07 4.9 -6.64 -3.88 4.89 -6.81
3 16 -3.88 4.89 -6.81 -4.07 4.9 -6.64 -4.05 5.06 -6.6
3 16 -3.88 4.89 -6.81 -4.05 5.06 -6.6 -3.86 5.04 -6.76
3 16 -3.86 5.04 -6.76 -4.05 5.06 -6.6 -4.04 5.21 -6.57
3 16 -3.67 5.03 -6.93 -3.84 5.2 -6.73 -3.65 5.18 -6.91
3 16 -3.65 5.18 -6.91 -3.84 5.2 -6.73 -3.84 5.35 -6.72
3 16 -3.65 5.18 -6.91 -3.84 5.35 -6.72 -3.65 5.33 -6.89
3 16 -3.65 5.33 -6.89 -3.84 5.35 -6.72 -3.85 5.5 -6.72
3 16 -3.65 5.33 -6.89 -3.85 5.5 -6.72 -3.65 5.47 -6.89
3 16 -3.65 5.47 -6.89 -3.85 5.5 -6.72 -3.87 5.64 -6.73
3 16 -3.65 5.47 -6.89 -3.87 5.64 -6.73 -3.67 5.61 -6.9
3 16 -3.67 5.61 -6.9 -3.87 5.64 -6.73 -3.6 5.72 -7
3 16 -3.67 5.61 -6.9 -3.6 5.72 -7 -3.56 5.67 -7.02
3 16 -3.49 5.04 -7.11 -3.2 5.04 -7.43 -3.49 5.02 -7.11
3 16 -3.49 5.02 -7.11 -3.2 5.04 -7.43 -3.16 4.99 -7.49
3 16 -3.49 5.02 -7.11 -3.16 4.99 -7.49 -3.53 4.88 -7.15
3 16 -3.53 4.88 -7.15 -3.16 4.99 -7.49 -3.21 4.85 -7.52
3 16 -3.53 4.88 -7.15 -3.21 4.85 -7.52 -3.58 4.74 -7.2
3 16 -3.58 4.74 -7.2 -3.21 4.85 -7.52 -3.26 4.72 -7.56
4 16 -3.58 4.74 -7.2 -3.26 4.72 -7.56 -3.33 4.6 -7.61 -3.64 4.61 -7.26
4 16 -3.64 4.61 -7.26 -3.33 4.6 -7.61 -3.4 4.49 -7.67 -3.71 4.49 -7.34
4 16 -3.71 4.49 -7.34 -3.4 4.49 -7.67 -3.49 4.4 -7.74 -3.79 4.39 -7.42
4 16 -3.79 4.39 -7.42 -3.49 4.4 -7.74 -3.58 4.31 -7.81 -3.88 4.3 -7.51
3 16 -3.88 4.3 -7.51 -3.58 4.31 -7.81 -3.69 4.24 -7.87
3 16 -3.69 4.24 -7.87 -3.58 4.31 -7.81 -3.49 4.33 -7.87
3 16 -4.56 4.11 -7.66 -4.88 4.08 -7.45 -4.84 4.09 -7.39
4 16 -4.56 4.11 -7.66 -4.84 4.09 -7.39 -4.8 4.09 -7.34 -4.47 4.13 -7.56
3 16 -4.47 4.13 -7.56 -4.8 4.09 -7.34 -4.8 4.1 -7.33
4 16 -4.47 4.13 -7.56 -4.8 4.1 -7.33 -4.38 4.16 -7.45 -4.06 4.18 -7.7
4 16 -4.38 4.16 -7.45 -4.72 4.13 -7.21 -4.29 4.21 -7.34 -3.97 4.23 -7.6
3 16 -4.72 4.13 -7.21 -4.63 4.18 -7.08 -4.29 4.21 -7.34
3 16 -4.29 4.21 -7.34 -4.63 4.18 -7.08 -4.6 4.2 -7.05
4 16 -4.29 4.21 -7.34 -4.6 4.2 -7.05 -4.2 4.28 -7.23 -3.88 4.3 -7.51
4 16 -4.41 4.44 -6.75 -4.04 4.48 -7.03 -4.12 4.37 -7.12 -4.47 4.35 -6.84
3 16 -4.2 4.28 -7.23 -4.54 4.25 -6.96 -4.5 4.3 -6.89
3 16 -4.2 4.28 -7.23 -4.5 4.3 -6.89 -4.12 4.37 -7.12
3 16 -4.12 4.37 -7.12 -4.5 4.3 -6.89 -4.47 4.35 -6.84
3 16 -4.41 4.44 -6.75 -4.4 4.46 -6.73 -4.04 4.48 -7.03
3 16 -4.04 4.48 -7.03 -4.4 4.46 -6.73 -4.4 4.47 -6.73
3 16 -4.04 4.48 -7.03 -4.4 4.47 -6.73 -3.98 4.61 -6.94
3 16 -4.11 4.74 -6.71 -4.34 4.6 -6.63 -4.3 4.75 -6.55
3 16 -4.11 4.74 -6.71 -4.3 4.75 -6.55 -4.29 4.78 -6.53
3 16 -4.24 4.13 -7.87 -4.27 4.13 -7.87 -4.16 4.15 -7.79
3 16 -4.16 4.15 -7.79 -4.27 4.13 -7.87 -4.47 4.13 -7.56
3 16 -4.16 4.15 -7.79 -4.47 4.13 -7.56 -4.06 4.18 -7.7
3 16 -4.06 4.18 -7.7 -4.38 4.16 -7.45 -3.97 4.23 -7.6
3 16 -3.97 4.23 -7.6 -4.29 4.21 -7.34 -3.88 4.3 -7.51
4 16 -3.88 4.3 -7.51 -4.2 4.28 -7.23 -4.12 4.37 -7.12 -3.79 4.39 -7.42
4 16 -3.79 4.39 -7.42 -4.12 4.37 -7.12 -4.04 4.48 -7.03 -3.71 4.49 -7.34
4 16 -3.71 4.49 -7.34 -4.04 4.48 -7.03 -3.98 4.61 -6.94 -3.64 4.61 -7.26
3 16 -3.64 4.61 -7.26 -3.98 4.61 -6.94 -3.58 4.74 -7.2
3 16 -3.58 4.74 -7.2 -3.98 4.61 -6.94 -3.92 4.74 -6.87
3 16 -3.58 4.74 -7.2 -3.92 4.74 -6.87 -3.53 4.88 -7.15
3 16 -3.53 4.88 -7.15 -3.92 4.74 -6.87 -3.88 4.89 -6.81
3 16 -3.53 4.88 -7.15 -3.88 4.89 -6.81 -3.67 5.03 -6.93
3 16 -3.67 5.03 -6.93 -3.88 4.89 -6.81 -3.86 5.04 -6.76
3 16 -3.67 5.03 -6.93 -3.86 5.04 -6.76 -3.84 5.2 -6.73
3 16 -3.84 5.2 -6.73 -3.86 5.04 -6.76 -4.04 5.21 -6.57
3 16 -3.84 5.2 -6.73 -4.04 5.21 -6.57 -4.04 5.37 -6.56
3 16 -4.04 5.37 -6.56 -4.04 5.21 -6.57 -4.24 5.24 -6.41
3 16 -4.04 5.37 -6.56 -4.24 5.24 -6.41 -4.25 5.4 -6.4
3 16 -3.59 5.04 -7.01 -3.18 5.04 -7.21 -3.49 5.04 -7.11
2 24 -3.59 5.04 -7.01 -3.18 5.04 -7.21
3 16 -3.9 6.02 6.84 -3.86 5.98 6.86 -3.18 10.08 7.21
3 16 -3.9 6.02 6.84 -3.18 10.08 7.21 -3.96 6.08 6.81
3 16 -3.86 5.98 6.86 -3.76 5.89 6.92 -3.18 10.08 7.21
3 16 -3.18 10.08 7.21 -3.76 5.89 6.92 -3.74 5.87 6.93
3 16 -3.18 10.08 7.21 -3.74 5.87 6.93 -3.6 5.72 7
3 16 -3.6 5.72 7 -3.54 5.64 7.03 -3.18 10.08 7.21
3 16 -3.18 10.08 7.21 -3.54 5.64 7.03 -3.5 5.58 7.05
3 16 -3.18 10.08 7.21 -3.5 5.58 7.05 -3.48 5.52 7.06
3 16 -3.46 5.45 7.07 -3.46 5.38 7.07 -3.18 5.04 7.21
3 16 -3.18 5.04 7.21 -3.46 5.38 7.07 -3.46 5.31 7.07
3 16 -3.18 5.04 7.21 -3.46 5.31 7.07 -3.48 5.25 7.06
3 16 -3.48 5.25 7.06 -3.5 5.18 7.05 -3.18 5.04 7.21
3 16 -3.18 5.04 7.21 -3.5 5.18 7.05 -3.54 5.11 7.03
3 16 -3.18 5.04 7.21 -3.54 5.11 7.03 -3.59 5.04 7.01
4 16 -4.23 6.3 6.64 -4.04 10.08 6.76 -4.84 10.08 6.21 -4.65 6.3 6.36
3 16 -4.65 6.3 6.36 -4.84 10.08 6.21 -4.84 6.3 6.21
3 16 -4.23 6.3 6.64 -4.14 6.23 6.7 -4.04 10.08 6.76
3 16 -4.04 10.08 6.76 -4.14 6.23 6.7 -4.04 6.15 6.76
3 16 -4.04 10.08 6.76 -4.04 6.15 6.76 -3.18 10.08 7.21
3 16 -3.18 10.08 7.21 -4.04 6.15 6.76 -3.98 6.1 6.79
3 16 -3.18 10.08 7.21 -3.98 6.1 6.79 -3.96 6.08 6.81
3 16 -4.84 6.3 6.21 -4.84 10.08 6.21 -5.2 6.3 5.91
3 16 -5.2 6.3 5.91 -4.84 10.08 6.21 -5.57 10.08 5.57
3 16 -5.2 6.3 5.91 -5.57 10.08 5.57 -5.57 6.3 5.57
3 16 -5.57 6.3 5.57 -5.57 10.08 5.57 -5.71 6.3 5.43
4 16 -5.71 6.3 5.43 -5.57 10.08 5.57 -6.21 10.08 4.84 -6.17 6.3 4.89
3 16 -6.76 10.08 4.04 -6.58 6.3 4.32 -6.21 10.08 4.84
3 16 -6.21 10.08 4.84 -6.58 6.3 4.32 -6.21 6.3 4.84
3 16 -6.21 10.08 4.84 -6.21 6.3 4.84 -6.17 6.3 4.89
3 16 -7.24 6.3 3.08 -7.21 6.3 3.18 -7.21 10.08 3.18
3 16 -7.21 10.08 3.18 -7.21 6.3 3.18 -6.94 6.3 3.72
3 16 -7.21 10.08 3.18 -6.94 6.3 3.72 -6.76 10.08 4.04
3 16 -6.76 10.08 4.04 -6.94 6.3 3.72 -6.76 6.3 4.04
3 16 -6.76 10.08 4.04 -6.76 6.3 4.04 -6.58 6.3 4.32
4 16 -7.24 6.3 3.08 -7.21 10.08 3.18 -7.54 10.08 2.26 -7.49 6.3 2.43
3 16 -7.49 6.3 2.43 -7.54 10.08 2.26 -7.54 6.3 2.26
3 16 -7.54 6.3 2.26 -7.54 10.08 2.26 -7.68 6.3 1.75
3 16 -7.68 6.3 1.75 -7.54 10.08 2.26 -7.76 10.08 1.32
3 16 -7.68 6.3 1.75 -7.76 10.08 1.32 -7.76 6.3 1.32
3 16 -7.76 6.3 1.32 -7.76 10.08 1.32 -7.8 6.3 1.05
3 16 -7.8 6.3 1.05 -7.76 10.08 1.32 -7.87 10.08 0.35
3 16 -7.8 6.3 1.05 -7.87 10.08 0.35 -7.87 6.3 0.35
4 16 -7.87 6.3 0.35 -7.87 10.08 0.35 -7.87 10.08 0 -7.87 6.3 0
4 16 0 5.04 7.87 0 10.08 7.87 -0.35 10.08 7.87 -0.35 5.04 7.87
4 16 -0.35 5.04 7.87 -0.35 10.08 7.87 -1.32 10.08 7.76 -1.32 5.04 7.76
4 16 -1.32 5.04 7.76 -1.32 10.08 7.76 -2.26 10.08 7.54 -2.26 5.04 7.54
4 16 -2.26 5.04 7.54 -2.26 10.08 7.54 -3.18 10.08 7.21 -3.18 5.04 7.21
3 16 -3.18 5.04 7.21 -3.18 10.08 7.21 -3.48 5.52 7.06
3 16 -3.18 5.04 7.21 -3.48 5.52 7.06 -3.46 5.45 7.07
3 16 -6.76 6.3 -4.04 -6.58 6.3 -4.32 -6.58 6.18 -4.32
3 16 -4.84 6.3 -6.21 -4.65 6.3 -6.36 -4.65 6.18 -6.35
3 16 -5.87 5.2 -4.21 -5.84 5.18 -4.18 -6 5.18 -3.95
4 16 -6.28 5.05 2.57 -6.43 5.1 2.74 -6.65 5.1 2.15 -6.45 5.05 2.09
3 16 -5.82 5.17 4.17 -5.84 5.18 4.18 -6 5.18 3.95
3 16 -4.27 5.99 6.57 -4.25 6.05 6.6 -4.65 6.18 6.35
3 16 -4.25 6.05 6.6 -4.24 6.11 6.62 -4.65 6.18 6.35
3 16 -4.65 6.18 6.35 -4.23 6.18 6.63 -4.23 6.24 6.64
4 16 -4.33 5.82 6.46 -4.29 5.93 6.54 -4.62 5.98 6.32 -4.59 5.8 6.27
3 16 -5.17 5.98 5.88 -4.85 5.78 6.06 -4.62 5.98 6.32
3 16 -4.62 5.98 6.32 -4.85 5.78 6.06 -4.59 5.8 6.27
3 16 -5.62 5.62 5.23 -5.43 5.68 5.47 -5.62 5.78 5.35
3 16 -5.62 5.78 5.35 -5.43 5.68 5.47 -5.35 5.7 5.56
3 16 -5.62 5.78 5.35 -5.35 5.7 5.56 -5.12 5.78 5.83
3 16 -5.12 5.78 5.83 -5.35 5.7 5.56 -5.12 5.74 5.81
3 16 -5.12 5.78 5.83 -5.12 5.74 5.81 -4.91 5.77 6.01
3 16 -5.91 5.44 4.69 -5.86 5.49 4.8 -6 5.59 4.76
3 16 -6 5.59 4.76 -5.86 5.49 4.8 -5.76 5.55 5
3 16 -6 5.59 4.76 -5.76 5.55 5 -5.68 5.59 5.14
4 16 -6.4 5.59 4.2 -6.29 5.43 4.13 -5.92 5.43 4.65 -6 5.59 4.76
3 16 -6 5.59 4.76 -5.92 5.43 4.65 -5.92 5.43 4.65
3 16 -6 5.59 4.76 -5.92 5.43 4.65 -5.91 5.44 4.69
3 16 -5.94 5.28 4.35 -5.95 5.32 4.42 -6.29 5.43 4.13
3 16 -6.29 5.43 4.13 -5.95 5.32 4.42 -5.94 5.38 4.53
3 16 -6.29 5.43 4.13 -5.94 5.38 4.53 -5.93 5.41 4.61
3 16 -5.9 5.22 4.25 -5.92 5.25 4.29 -6.15 5.29 4.04
3 16 -5.9 5.22 4.25 -6.15 5.29 4.04 -5.86 5.19 4.21
3 16 -5.82 5.17 4.17 -6 5.18 3.95 -5.78 5.14 4.14
3 16 -6.43 5.1 2.74 -6.28 5.05 2.57 -6.16 5.1 3.3
3 16 -6.28 5.05 2.57 -6.02 5.07 3.32 -6.16 5.1 3.3
3 16 -6.16 5.1 3.3 -6.02 5.07 3.32 -6.01 5.07 3.34
3 16 -6.16 5.1 3.3 -6.01 5.07 3.34 -5.84 5.1 3.84
3 16 -5.84 5.1 3.84 -6.01 5.07 3.34 -5.67 5.1 4.11
3 16 -5.84 5.1 3.84 -5.67 5.1 4.11 -5.73 5.12 4.12
3 16 -6.35 5.05 2.35 -6.45 5.05 2.09 -6.48 5.04 1.81
3 16 -6.48 5.04 1.81 -6.45 5.05 2.09 -6.61 5.05 1.5
3 16 -6.48 5.04 1.81 -6.61 5.05 1.5 -6.59 5.04 1.22
3 16 -6.59 5.04 1.22 -6.61 5.05 1.5 -6.72 5.05 0.91
4 16 -6.77 5.05 0.3 -6.65 5.04 0.62 -6.62 5.04 0.97 -6.72 5.05 0.91
3 16 -6.72 5.05 0.91 -6.62 5.04 0.97 -6.59 5.04 1.22
3 16 -6.72 5.05 -0.91 -6.67 5.04 -0.3 -6.77 5.05 -0.3
4 16 -6.77 5.05 -0.3 -6.68 5.04 0.01 -6.67 5.04 0.2 -6.77 5.05 0.3
3 16 -6.33 5.05 -2.4 -6.49 5.04 -1.79 -6.45 5.05 -2.09
3 16 -6.45 5.05 -2.09 -6.49 5.04 -1.79 -6.54 5.04 -1.52
3 16 -6.45 5.05 -2.09 -6.54 5.04 -1.52 -6.61 5.05 -1.5
4 16 -6.61 5.05 -1.5 -6.54 5.04 -1.52 -6.59 5.04 -1.21 -6.72 5.05 -0.91
3 16 -6.72 5.05 -0.91 -6.59 5.04 -1.21 -6.65 5.04 -0.7
3 16 -6.72 5.05 -0.91 -6.65 5.04 -0.7 -6.67 5.04 -0.3
3 16 -6.43 5.1 -2.74 -6.16 5.1 -3.3 -6.07 5.06 -3.2
3 16 -5.72 5.1 -4.01 -5.81 5.08 -3.82 -5.84 5.1 -3.84
3 16 -5.84 5.1 -3.84 -5.81 5.08 -3.82 -5.84 5.08 -3.75
3 16 -5.84 5.1 -3.84 -5.84 5.08 -3.75 -6.16 5.1 -3.3
3 16 -6.16 5.1 -3.3 -5.84 5.08 -3.75 -6.05 5.06 -3.24
3 16 -6.16 5.1 -3.3 -6.05 5.06 -3.24 -6.07 5.06 -3.2
3 16 -5.83 5.17 -4.18 -5.78 5.14 -4.15 -5.84 5.1 -3.84
3 16 -5.84 5.1 -3.84 -5.78 5.14 -4.15 -5.73 5.12 -4.13
3 16 -5.84 5.1 -3.84 -5.73 5.12 -4.13 -5.72 5.1 -4.01
3 16 -5.72 5.1 -4.01 -5.73 5.12 -4.13 -5.67 5.1 -4.11
3 16 -5.95 5.33 -4.43 -5.94 5.29 -4.36 -6.15 5.29 -4.04
3 16 -6.15 5.29 -4.04 -5.94 5.29 -4.36 -5.92 5.26 -4.3
3 16 -6.15 5.29 -4.04 -5.92 5.26 -4.3 -5.9 5.23 -4.25
3 16 -5.92 5.43 -4.65 -5.93 5.41 -4.61 -6.29 5.43 -4.13
3 16 -6.29 5.43 -4.13 -5.93 5.41 -4.61 -5.94 5.38 -4.53
3 16 -6.29 5.43 -4.13 -5.94 5.38 -4.53 -5.95 5.35 -4.47
3 16 -5.68 5.59 -5.14 -5.72 5.57 -5.07 -6 5.59 -4.76
3 16 -6 5.59 -4.76 -5.72 5.57 -5.07 -5.84 5.5 -4.84
3 16 -6 5.59 -4.76 -5.84 5.5 -4.84 -5.89 5.46 -4.74
3 16 -5.12 5.78 -5.83 -5.31 5.71 -5.61 -5.62 5.78 -5.35
3 16 -5.62 5.78 -5.35 -5.31 5.71 -5.61 -5.35 5.7 -5.56
3 16 -4.86 5.78 -6.05 -4.87 5.77 -6.04 -5.12 5.78 -5.83
3 16 -5.12 5.78 -5.83 -4.87 5.77 -6.04 -5.12 5.74 -5.81
3 16 -5.12 5.78 -5.83 -5.12 5.74 -5.81 -5.31 5.71 -5.61
3 16 -4.62 5.98 -6.32 -4.59 5.8 -6.27 -4.61 5.8 -6.26
3 16 -4.62 5.98 -6.32 -4.61 5.8 -6.26 -5.17 5.98 -5.88
4 16 -4.33 5.82 -6.46 -4.59 5.8 -6.27 -4.62 5.98 -6.32 -4.29 5.93 -6.54
3 16 -4.29 5.93 -6.54 -4.62 5.98 -6.32 -4.27 5.99 -6.57
3 16 -4.27 5.99 -6.57 -4.62 5.98 -6.32 -4.25 6.05 -6.6
3 16 -4.65 6.18 -6.35 -4.23 6.18 -6.63 -4.24 6.11 -6.62
3 16 -4.23 6.18 -6.63 -4.65 6.18 -6.35 -4.23 6.24 -6.64
3 16 -4.23 6.24 -6.64 -4.65 6.18 -6.35 -4.65 6.3 -6.36
3 16 -4.23 6.24 -6.64 -4.65 6.3 -6.36 -4.23 6.3 -6.64
3 16 -4.84 6.3 -6.21 -4.65 6.18 -6.35 -5.2 6.3 -5.91
3 16 -5.2 6.3 -5.91 -4.65 6.18 -6.35 -5.19 6.18 -5.91
3 16 -5.2 6.3 -5.91 -5.19 6.18 -5.91 -5.57 6.3 -5.57
3 16 -5.57 6.3 -5.57 -5.19 6.18 -5.91 -5.7 6.18 -5.42
3 16 -5.57 6.3 -5.57 -5.7 6.18 -5.42 -5.71 6.3 -5.43
4 16 -5.71 6.3 -5.43 -5.7 6.18 -5.42 -6.16 6.18 -4.89 -6.17 6.3 -4.89
3 16 -6.58 6.18 -4.32 -6.58 6.3 -4.32 -6.16 6.18 -4.89
3 16 -6.16 6.18 -4.89 -6.58 6.3 -4.32 -6.21 6.3 -4.84
3 16 -6.16 6.18 -4.89 -6.21 6.3 -4.84 -6.17 6.3 -4.89
3 16 -6.76 6.3 -4.04 -6.58 6.18 -4.32 -6.94 6.3 -3.72
3 16 -6.94 6.3 -3.72 -6.58 6.18 -4.32 -6.94 6.18 -3.72
3 16 -6.94 6.3 -3.72 -6.94 6.18 -3.72 -7.21 6.3 -3.18
3 16 -7.21 6.3 -3.18 -6.94 6.18 -3.72 -7.24 6.18 -3.08
3 16 -7.21 6.3 -3.18 -7.24 6.18 -3.08 -7.24 6.3 -3.08
4 16 -7.24 6.3 -3.08 -7.24 6.18 -3.08 -7.49 6.18 -2.42 -7.49 6.3 -2.43
4 16 -7.86 6.18 -0.35 -7.87 6.3 -0.35 -7.8 6.3 -1.05 -7.8 6.18 -1.05
3 16 -7.8 6.18 -1.05 -7.8 6.3 -1.05 -7.76 6.3 -1.32
3 16 -7.8 6.18 -1.05 -7.76 6.3 -1.32 -7.67 6.18 -1.74
3 16 -7.67 6.18 -1.74 -7.76 6.3 -1.32 -7.68 6.3 -1.75
3 16 -7.67 6.18 -1.74 -7.68 6.3 -1.75 -7.49 6.18 -2.42
3 16 -7.49 6.18 -2.42 -7.68 6.3 -1.75 -7.54 6.3 -2.26
3 16 -7.49 6.18 -2.42 -7.54 6.3 -2.26 -7.49 6.3 -2.43
3 16 -7.87 6.3 0.35 -7.87 6.3 0 -7.86 6.18 -0.35
3 16 -7.86 6.18 -0.35 -7.87 6.3 0 -7.87 6.3 -0.35
3 16 -7.76 6.3 1.32 -7.8 6.3 1.05 -7.8 6.18 1.05
4 16 -7.8 6.18 1.05 -7.8 6.3 1.05 -7.87 6.3 0.35 -7.86 6.18 0.35
3 16 -7.86 6.18 0.35 -7.87 6.3 0.35 -7.86 6.18 -0.35
3 16 -7.76 6.3 1.32 -7.8 6.18 1.05 -7.68 6.3 1.75
3 16 -7.68 6.3 1.75 -7.8 6.18 1.05 -7.67 6.18 1.74
3 16 -7.68 6.3 1.75 -7.67 6.18 1.74 -7.54 6.3 2.26
3 16 -7.54 6.3 2.26 -7.67 6.18 1.74 -7.49 6.18 2.42
3 16 -7.54 6.3 2.26 -7.49 6.18 2.42 -7.49 6.3 2.43
4 16 -7.49 6.3 2.43 -7.49 6.18 2.42 -7.24 6.18 3.08 -7.24 6.3 3.08
3 16 -6.58 6.18 4.32 -6.76 6.3 4.04 -6.94 6.18 3.72
3 16 -6.94 6.18 3.72 -6.76 6.3 4.04 -6.94 6.3 3.72
3 16 -6.94 6.18 3.72 -6.94 6.3 3.72 -7.24 6.18 3.08
3 16 -7.24 6.18 3.08 -6.94 6.3 3.72 -7.21 6.3 3.18
3 16 -7.24 6.18 3.08 -7.21 6.3 3.18 -7.24 6.3 3.08
3 16 -5.57 6.3 5.57 -5.71 6.3 5.43 -5.7 6.18 5.42
4 16 -5.7 6.18 5.42 -5.71 6.3 5.43 -6.17 6.3 4.89 -6.16 6.18 4.89
3 16 -6.16 6.18 4.89 -6.17 6.3 4.89 -6.21 6.3 4.84
3 16 -6.16 6.18 4.89 -6.21 6.3 4.84 -6.58 6.18 4.32
3 16 -6.58 6.18 4.32 -6.21 6.3 4.84 -6.58 6.3 4.32
3 16 -6.58 6.18 4.32 -6.58 6.3 4.32 -6.76 6.3 4.04
3 16 -5.57 6.3 5.57 -5.7 6.18 5.42 -5.2 6.3 5.91
3 16 -5.2 6.3 5.91 -5.7 6.18 5.42 -5.19 6.18 5.91
3 16 -5.2 6.3 5.91 -5.19 6.18 5.91 -4.84 6.3 6.21
3 16 -4.84 6.3 6.21 -5.19 6.18 5.91 -4.65 6.18 6.35
3 16 -4.84 6.3 6.21 -4.65 6.18 6.35 -4.65 6.3 6.36
3 16 -4.65 6.3 6.36 -4.65 6.18 6.35 -4.23 6.24 6.64
3 16 -4.65 6.3 6.36 -4.23 6.24 6.64 -4.23 6.3 6.64
3 16 -4.24 6.11 -6.62 -4.25 6.05 -6.6 -4.65 6.18 -6.35
3 16 -4.65 6.18 -6.35 -4.25 6.05 -6.6 -4.62 5.98 -6.32
4 16 -4.65 6.18 -6.35 -4.62 5.98 -6.32 -5.17 5.98 -5.88 -5.19 6.18 -5.91
4 16 -5.19 6.18 -5.91 -5.17 5.98 -5.88 -5.67 5.98 -5.4 -5.7 6.18 -5.42
4 16 -5.7 6.18 -5.42 -5.67 5.98 -5.4 -6.13 5.98 -4.87 -6.16 6.18 -4.89
4 16 -6.16 6.18 -4.89 -6.13 5.98 -4.87 -6.54 5.98 -4.3 -6.58 6.18 -4.32
4 16 -6.58 6.18 -4.32 -6.54 5.98 -4.3 -6.9 5.98 -3.7 -6.94 6.18 -3.72
4 16 -6.94 6.18 -3.72 -6.9 5.98 -3.7 -7.21 5.98 -3.07 -7.24 6.18 -3.08
4 16 -7.24 6.18 -3.08 -7.21 5.98 -3.07 -7.45 5.98 -2.41 -7.49 6.18 -2.42
4 16 -7.49 6.18 -2.42 -7.45 5.98 -2.41 -7.64 5.98 -1.74 -7.67 6.18 -1.74
4 16 -7.67 6.18 -1.74 -7.64 5.98 -1.74 -7.76 5.98 -1.05 -7.8 6.18 -1.05
4 16 -7.8 6.18 -1.05 -7.76 5.98 -1.05 -7.82 5.98 -0.35 -7.86 6.18 -0.35
4 16 -7.86 6.18 -0.35 -7.82 5.98 -0.35 -7.82 5.98 0.35 -7.86 6.18 0.35
4 16 -7.86 6.18 0.35 -7.82 5.98 0.35 -7.76 5.98 1.05 -7.8 6.18 1.05
4 16 -7.8 6.18 1.05 -7.76 5.98 1.05 -7.64 5.98 1.74 -7.67 6.18 1.74
4 16 -7.67 6.18 1.74 -7.64 5.98 1.74 -7.45 5.98 2.41 -7.49 6.18 2.42
4 16 -7.49 6.18 2.42 -7.45 5.98 2.41 -7.21 5.98 3.07 -7.24 6.18 3.08
4 16 -7.24 6.18 3.08 -7.21 5.98 3.07 -6.9 5.98 3.7 -6.94 6.18 3.72
4 16 -6.94 6.18 3.72 -6.9 5.98 3.7 -6.54 5.98 4.3 -6.58 6.18 4.32
4 16 -6.58 6.18 4.32 -6.54 5.98 4.3 -6.13 5.98 4.87 -6.16 6.18 4.89
4 16 -6.16 6.18 4.89 -6.13 5.98 4.87 -5.67 5.98 5.4 -5.7 6.18 5.42
4 16 -5.7 6.18 5.42 -5.67 5.98 5.4 -5.17 5.98 5.88 -5.19 6.18 5.91
4 16 -5.19 6.18 5.91 -5.17 5.98 5.88 -4.62 5.98 6.32 -4.65 6.18 6.35
3 16 -4.65 6.18 6.35 -4.62 5.98 6.32 -4.27 5.99 6.57
3 16 -4.27 5.99 6.57 -4.62 5.98 6.32 -4.29 5.93 6.54
3 16 -4.61 5.8 -6.26 -4.86 5.78 -6.05 -5.17 5.98 -5.88
3 16 -5.17 5.98 -5.88 -4.86 5.78 -6.05 -5.12 5.78 -5.83
4 16 -5.17 5.98 -5.88 -5.12 5.78 -5.83 -5.62 5.78 -5.35 -5.67 5.98 -5.4
4 16 -5.67 5.98 -5.4 -5.62 5.78 -5.35 -6.08 5.78 -4.82 -6.13 5.98 -4.87
4 16 -6.13 5.98 -4.87 -6.08 5.78 -4.82 -6.49 5.78 -4.26 -6.54 5.98 -4.3
4 16 -6.54 5.98 -4.3 -6.49 5.78 -4.26 -6.84 5.78 -3.67 -6.9 5.98 -3.7
4 16 -6.9 5.98 -3.7 -6.84 5.78 -3.67 -7.14 5.78 -3.04 -7.21 5.98 -3.07
4 16 -7.21 5.98 -3.07 -7.14 5.78 -3.04 -7.38 5.78 -2.39 -7.45 5.98 -2.41
4 16 -7.45 5.98 -2.41 -7.38 5.78 -2.39 -7.57 5.78 -1.72 -7.64 5.98 -1.74
4 16 -7.64 5.98 -1.74 -7.57 5.78 -1.72 -7.69 5.78 -1.04 -7.76 5.98 -1.05
4 16 -7.76 5.98 -1.05 -7.69 5.78 -1.04 -7.75 5.78 -0.35 -7.82 5.98 -0.35
4 16 -7.82 5.98 -0.35 -7.75 5.78 -0.35 -7.75 5.78 0.35 -7.82 5.98 0.35
4 16 -7.82 5.98 0.35 -7.75 5.78 0.35 -7.69 5.78 1.04 -7.76 5.98 1.05
4 16 -7.76 5.98 1.05 -7.69 5.78 1.04 -7.57 5.78 1.72 -7.64 5.98 1.74
4 16 -7.64 5.98 1.74 -7.57 5.78 1.72 -7.38 5.78 2.39 -7.45 5.98 2.41
4 16 -7.45 5.98 2.41 -7.38 5.78 2.39 -7.14 5.78 3.04 -7.21 5.98 3.07
4 16 -7.21 5.98 3.07 -7.14 5.78 3.04 -6.84 5.78 3.67 -6.9 5.98 3.7
4 16 -6.9 5.98 3.7 -6.84 5.78 3.67 -6.49 5.78 4.26 -6.54 5.98 4.3
4 16 -6.54 5.98 4.3 -6.49 5.78 4.26 -6.08 5.78 4.82 -6.13 5.98 4.87
4 16 -6.13 5.98 4.87 -6.08 5.78 4.82 -5.62 5.78 5.35 -5.67 5.98 5.4
4 16 -5.67 5.98 5.4 -5.62 5.78 5.35 -5.12 5.78 5.83 -5.17 5.98 5.88
3 16 -5.17 5.98 5.88 -5.12 5.78 5.83 -4.85 5.78 6.06
3 16 -4.85 5.78 6.06 -5.12 5.78 5.83 -4.91 5.77 6.01
3 16 -5.56 5.64 -5.31 -5.57 5.63 -5.3 -5.62 5.78 -5.35
4 16 -5.62 5.78 -5.35 -5.57 5.63 -5.3 -5.68 5.59 -5.14 -6.08 5.78 -4.82
3 16 -6.08 5.78 -4.82 -5.68 5.59 -5.14 -6 5.59 -4.76
4 16 -6.08 5.78 -4.82 -6 5.59 -4.76 -6.4 5.59 -4.2 -6.49 5.78 -4.26
4 16 -6.49 5.78 -4.26 -6.4 5.59 -4.2 -6.75 5.59 -3.62 -6.84 5.78 -3.67
4 16 -6.84 5.78 -3.67 -6.75 5.59 -3.62 -7.04 5.59 -3 -7.14 5.78 -3.04
4 16 -7.14 5.78 -3.04 -7.04 5.59 -3 -7.28 5.59 -2.36 -7.38 5.78 -2.39
4 16 -7.38 5.78 -2.39 -7.28 5.59 -2.36 -7.47 5.59 -1.7 -7.57 5.78 -1.72
4 16 -7.57 5.78 -1.72 -7.47 5.59 -1.7 -7.59 5.59 -1.02 -7.69 5.78 -1.04
4 16 -7.69 5.78 -1.04 -7.59 5.59 -1.02 -7.65 5.59 -0.34 -7.75 5.78 -0.35
4 16 -7.75 5.78 -0.35 -7.65 5.59 -0.34 -7.65 5.59 0.34 -7.75 5.78 0.35
4 16 -7.75 5.78 0.35 -7.65 5.59 0.34 -7.59 5.59 1.02 -7.69 5.78 1.04
4 16 -7.69 5.78 1.04 -7.59 5.59 1.02 -7.47 5.59 1.7 -7.57 5.78 1.72
4 16 -7.57 5.78 1.72 -7.47 5.59 1.7 -7.28 5.59 2.36 -7.38 5.78 2.39
4 16 -7.38 5.78 2.39 -7.28 5.59 2.36 -7.04 5.59 3 -7.14 5.78 3.04
4 16 -7.14 5.78 3.04 -7.04 5.59 3 -6.75 5.59 3.62 -6.84 5.78 3.67
4 16 -6.84 5.78 3.67 -6.75 5.59 3.62 -6.4 5.59 4.2 -6.49 5.78 4.26
4 16 -6.49 5.78 4.26 -6.4 5.59 4.2 -6 5.59 4.76 -6.08 5.78 4.82
3 16 -6.08 5.78 4.82 -6 5.59 4.76 -5.62 5.78 5.35
4 16 -5.62 5.78 5.35 -6 5.59 4.76 -5.68 5.59 5.14 -5.62 5.62 5.23
3 16 -5.89 5.46 -4.74 -5.91 5.43 -4.66 -6 5.59 -4.76
3 16 -6 5.59 -4.76 -5.91 5.43 -4.66 -5.92 5.43 -4.65
4 16 -6 5.59 -4.76 -5.92 5.43 -4.65 -6.29 5.43 -4.13 -6.4 5.59 -4.2
4 16 -6.4 5.59 -4.2 -6.29 5.43 -4.13 -6.63 5.43 -3.55 -6.75 5.59 -3.62
4 16 -6.75 5.59 -3.62 -6.63 5.43 -3.55 -6.92 5.43 -2.95 -7.04 5.59 -3
4 16 -7.04 5.59 -3 -6.92 5.43 -2.95 -7.16 5.43 -2.32 -7.28 5.59 -2.36
4 16 -7.28 5.59 -2.36 -7.16 5.43 -2.32 -7.34 5.43 -1.67 -7.47 5.59 -1.7
4 16 -7.47 5.59 -1.7 -7.34 5.43 -1.67 -7.46 5.43 -1.01 -7.59 5.59 -1.02
4 16 -7.59 5.59 -1.02 -7.46 5.43 -1.01 -7.52 5.43 -0.34 -7.65 5.59 -0.34
4 16 -7.65 5.59 -0.34 -7.52 5.43 -0.34 -7.52 5.43 0.34 -7.65 5.59 0.34
4 16 -7.65 5.59 0.34 -7.52 5.43 0.34 -7.46 5.43 1.01 -7.59 5.59 1.02
4 16 -7.59 5.59 1.02 -7.46 5.43 1.01 -7.34 5.43 1.67 -7.47 5.59 1.7
4 16 -7.47 5.59 1.7 -7.34 5.43 1.67 -7.16 5.43 2.32 -7.28 5.59 2.36
4 16 -7.28 5.59 2.36 -7.16 5.43 2.32 -6.92 5.43 2.95 -7.04 5.59 3
4 16 -7.04 5.59 3 -6.92 5.43 2.95 -6.63 5.43 3.55 -6.75 5.59 3.62
4 16 -6.75 5.59 3.62 -6.63 5.43 3.55 -6.29 5.43 4.13 -6.4 5.59 4.2
3 16 -5.92 5.43 4.65 -6.29 5.43 4.13 -5.93 5.41 4.61
4 16 -5.95 5.35 -4.47 -5.95 5.33 -4.43 -6.15 5.29 -4.04 -6.29 5.43 -4.13
4 16 -6.29 5.43 -4.13 -6.15 5.29 -4.04 -6.49 5.29 -3.48 -6.63 5.43 -3.55
4 16 -6.63 5.43 -3.55 -6.49 5.29 -3.48 -6.78 5.29 -2.88 -6.92 5.43 -2.95
4 16 -6.92 5.43 -2.95 -6.78 5.29 -2.88 -7.01 5.29 -2.27 -7.16 5.43 -2.32
4 16 -7.16 5.43 -2.32 -7.01 5.29 -2.27 -7.18 5.29 -1.63 -7.34 5.43 -1.67
4 16 -7.34 5.43 -1.67 -7.18 5.29 -1.63 -7.3 5.29 -0.99 -7.46 5.43 -1.01
4 16 -7.46 5.43 -1.01 -7.3 5.29 -0.99 -7.36 5.29 -0.33 -7.52 5.43 -0.34
4 16 -7.52 5.43 -0.34 -7.36 5.29 -0.33 -7.36 5.29 0.33 -7.52 5.43 0.34
4 16 -7.52 5.43 0.34 -7.36 5.29 0.33 -7.3 5.29 0.99 -7.46 5.43 1.01
4 16 -7.46 5.43 1.01 -7.3 5.29 0.99 -7.18 5.29 1.63 -7.34 5.43 1.67
4 16 -7.34 5.43 1.67 -7.18 5.29 1.63 -7.01 5.29 2.27 -7.16 5.43 2.32
4 16 -7.16 5.43 2.32 -7.01 5.29 2.27 -6.78 5.29 2.88 -6.92 5.43 2.95
4 16 -6.92 5.43 2.95 -6.78 5.29 2.88 -6.49 5.29 3.48 -6.63 5.43 3.55
4 16 -6.63 5.43 3.55 -6.49 5.29 3.48 -6.15 5.29 4.04 -6.29 5.43 4.13
3 16 -6.29 5.43 4.13 -6.15 5.29 4.04 -5.94 5.28 4.35
3 16 -5.94 5.28 4.35 -6.15 5.29 4.04 -5.92 5.25 4.29
3 16 -5.9 5.23 -4.25 -5.87 5.2 -4.21 -6.15 5.29 -4.04
3 16 -6.15 5.29 -4.04 -5.87 5.2 -4.21 -6 5.18 -3.95
4 16 -6.15 5.29 -4.04 -6 5.18 -3.95 -6.33 5.18 -3.39 -6.49 5.29 -3.48
4 16 -6.49 5.29 -3.48 -6.33 5.18 -3.39 -6.61 5.18 -2.81 -6.78 5.29 -2.88
4 16 -6.78 5.29 -2.88 -6.61 5.18 -2.81 -6.83 5.18 -2.21 -7.01 5.29 -2.27
4 16 -7.01 5.29 -2.27 -6.83 5.18 -2.21 -7.01 5.18 -1.59 -7.18 5.29 -1.63
4 16 -7.18 5.29 -1.63 -7.01 5.18 -1.59 -7.12 5.18 -0.96 -7.3 5.29 -0.99
4 16 -7.3 5.29 -0.99 -7.12 5.18 -0.96 -7.18 5.18 -0.32 -7.36 5.29 -0.33
4 16 -7.36 5.29 -0.33 -7.18 5.18 -0.32 -7.18 5.18 0.32 -7.36 5.29 0.33
4 16 -7.36 5.29 0.33 -7.18 5.18 0.32 -7.12 5.18 0.96 -7.3 5.29 0.99
4 16 -7.3 5.29 0.99 -7.12 5.18 0.96 -7.01 5.18 1.59 -7.18 5.29 1.63
4 16 -7.18 5.29 1.63 -7.01 5.18 1.59 -6.83 5.18 2.21 -7.01 5.29 2.27
4 16 -7.01 5.29 2.27 -6.83 5.18 2.21 -6.61 5.18 2.81 -6.78 5.29 2.88
4 16 -6.78 5.29 2.88 -6.61 5.18 2.81 -6.33 5.18 3.39 -6.49 5.29 3.48
4 16 -6.49 5.29 3.48 -6.33 5.18 3.39 -6 5.18 3.95 -6.15 5.29 4.04
3 16 -6.15 5.29 4.04 -6 5.18 3.95 -5.86 5.19 4.21
3 16 -5.86 5.19 4.21 -6 5.18 3.95 -5.84 5.18 4.18
3 16 -5.84 5.18 -4.18 -5.83 5.17 -4.18 -6 5.18 -3.95
3 16 -6 5.18 -3.95 -5.83 5.17 -4.18 -5.84 5.1 -3.84
4 16 -6 5.18 -3.95 -5.84 5.1 -3.84 -6.16 5.1 -3.3 -6.33 5.18 -3.39
4 16 -6.33 5.18 -3.39 -6.16 5.1 -3.3 -6.43 5.1 -2.74 -6.61 5.18 -2.81
4 16 -6.61 5.18 -2.81 -6.43 5.1 -2.74 -6.65 5.1 -2.15 -6.83 5.18 -2.21
4 16 -6.83 5.18 -2.21 -6.65 5.1 -2.15 -6.81 5.1 -1.55 -7.01 5.18 -1.59
4 16 -7.01 5.18 -1.59 -6.81 5.1 -1.55 -6.92 5.1 -0.93 -7.12 5.18 -0.96
4 16 -7.12 5.18 -0.96 -6.92 5.1 -0.93 -6.98 5.1 -0.31 -7.18 5.18 -0.32
4 16 -7.18 5.18 -0.32 -6.98 5.1 -0.31 -6.98 5.1 0.31 -7.18 5.18 0.32
4 16 -7.18 5.18 0.32 -6.98 5.1 0.31 -6.92 5.1 0.93 -7.12 5.18 0.96
4 16 -7.12 5.18 0.96 -6.92 5.1 0.93 -6.81 5.1 1.55 -7.01 5.18 1.59
4 16 -7.01 5.18 1.59 -6.81 5.1 1.55 -6.65 5.1 2.15 -6.83 5.18 2.21
4 16 -6.83 5.18 2.21 -6.65 5.1 2.15 -6.43 5.1 2.74 -6.61 5.18 2.81
4 16 -6.61 5.18 2.81 -6.43 5.1 2.74 -6.16 5.1 3.3 -6.33 5.18 3.39
4 16 -6.33 5.18 3.39 -6.16 5.1 3.3 -5.84 5.1 3.84 -6 5.18 3.95
4 16 -6 5.18 3.95 -5.84 5.1 3.84 -5.73 5.12 4.12 -5.78 5.14 4.14
3 16 -6.07 5.06 -3.2 -6.25 5.05 -2.66 -6.43 5.1 -2.74
3 16 -6.43 5.1 -2.74 -6.25 5.05 -2.66 -6.33 5.05 -2.4
4 16 -6.43 5.1 -2.74 -6.33 5.05 -2.4 -6.45 5.05 -2.09 -6.65 5.1 -2.15
4 16 -6.65 5.1 -2.15 -6.45 5.05 -2.09 -6.61 5.05 -1.5 -6.81 5.1 -1.55
4 16 -6.81 5.1 -1.55 -6.61 5.05 -1.5 -6.72 5.05 -0.91 -6.92 5.1 -0.93
4 16 -6.92 5.1 -0.93 -6.72 5.05 -0.91 -6.77 5.05 -0.3 -6.98 5.1 -0.31
4 16 -6.98 5.1 -0.31 -6.77 5.05 -0.3 -6.77 5.05 0.3 -6.98 5.1 0.31
4 16 -6.98 5.1 0.31 -6.77 5.05 0.3 -6.72 5.05 0.91 -6.92 5.1 0.93
4 16 -6.92 5.1 0.93 -6.72 5.05 0.91 -6.61 5.05 1.5 -6.81 5.1 1.55
4 16 -6.81 5.1 1.55 -6.61 5.05 1.5 -6.45 5.05 2.09 -6.65 5.1 2.15
3 16 -6.28 5.05 2.57 -6.45 5.05 2.09 -6.35 5.05 2.35
3 16 -3.96 6.08 -6.81 -3.9 6.02 -6.84 -3.9 6 -6.83
3 16 -4.05 6.16 -6.75 -4.04 6.15 -6.76 -4.24 6.11 -6.62
3 16 -4.23 6.3 -6.64 -4.09 6.19 -6.73 -4.23 6.24 -6.64
3 16 -4.23 6.24 -6.64 -4.09 6.19 -6.73 -4.05 6.16 -6.75
3 16 -4.23 6.24 -6.64 -4.05 6.16 -6.75 -4.23 6.18 -6.63
3 16 -4.23 6.18 -6.63 -4.05 6.16 -6.75 -4.24 6.11 -6.62
3 16 -3.9 6.02 -6.84 -3.86 5.99 -6.86 -3.9 6 -6.83
3 16 -3.9 6 -6.83 -3.86 5.99 -6.86 -3.84 5.97 -6.87
3 16 -3.9 6 -6.83 -3.84 5.97 -6.87 -3.91 5.92 -6.8
3 16 -3.91 5.92 -6.8 -3.84 5.97 -6.87 -3.6 5.72 -7
3 16 -3.91 5.92 -6.8 -3.6 5.72 -7 -3.93 5.85 -6.77
3 16 -3.93 5.85 -6.77 -3.6 5.72 -7 -3.91 5.76 -6.75
3 16 -3.93 5.85 -6.77 -3.91 5.76 -6.75 -4.21 5.8 -6.53
3 16 -4.04 6.15 -6.76 -3.96 6.08 -6.81 -4.24 6.11 -6.62
3 16 -4.24 6.11 -6.62 -3.96 6.08 -6.81 -3.9 6 -6.83
3 16 -4.24 6.11 -6.62 -3.9 6 -6.83 -4.25 6.05 -6.6
3 16 -4.25 6.05 -6.6 -3.9 6 -6.83 -3.91 5.92 -6.8
3 16 -4.25 6.05 -6.6 -3.91 5.92 -6.8 -4.27 5.99 -6.57
3 16 -4.27 5.99 -6.57 -3.91 5.92 -6.8 -3.93 5.85 -6.77
3 16 -4.27 5.99 -6.57 -3.93 5.85 -6.77 -4.29 5.93 -6.54
3 16 -4.29 5.93 -6.54 -3.93 5.85 -6.77 -4.21 5.8 -6.53
4 16 -7.87 6.3 0 -7.87 10.08 0 -7.87 10.08 -0.35 -7.87 6.3 -0.35
3 16 -7.87 6.3 -0.35 -7.87 10.08 -0.35 -7.8 6.3 -1.05
3 16 -7.8 6.3 -1.05 -7.87 10.08 -0.35 -7.76 10.08 -1.32
3 16 -7.49 6.3 -2.43 -7.54 6.3 -2.26 -7.54 10.08 -2.26
3 16 -7.54 10.08 -2.26 -7.54 6.3 -2.26 -7.68 6.3 -1.75
3 16 -7.54 10.08 -2.26 -7.68 6.3 -1.75 -7.76 10.08 -1.32
3 16 -7.76 10.08 -1.32 -7.68 6.3 -1.75 -7.76 6.3 -1.32
3 16 -7.76 10.08 -1.32 -7.76 6.3 -1.32 -7.8 6.3 -1.05
4 16 -7.49 6.3 -2.43 -7.54 10.08 -2.26 -7.21 10.08 -3.18 -7.24 6.3 -3.08
3 16 -7.24 6.3 -3.08 -7.21 10.08 -3.18 -7.21 6.3 -3.18
3 16 -7.21 6.3 -3.18 -7.21 10.08 -3.18 -6.94 6.3 -3.72
3 16 -6.94 6.3 -3.72 -7.21 10.08 -3.18 -6.76 10.08 -4.04
3 16 -6.94 6.3 -3.72 -6.76 10.08 -4.04 -6.76 6.3 -4.04
3 16 -6.76 6.3 -4.04 -6.76 10.08 -4.04 -6.58 6.3 -4.32
3 16 -6.58 6.3 -4.32 -6.76 10.08 -4.04 -6.21 10.08 -4.84
3 16 -6.58 6.3 -4.32 -6.21 10.08 -4.84 -6.21 6.3 -4.84
3 16 -6.21 6.3 -4.84 -6.21 10.08 -4.84 -6.17 6.3 -4.89
4 16 -6.17 6.3 -4.89 -6.21 10.08 -4.84 -5.57 10.08 -5.57 -5.71 6.3 -5.43
3 16 -4.84 10.08 -6.21 -5.2 6.3 -5.91 -5.57 10.08 -5.57
3 16 -5.57 10.08 -5.57 -5.2 6.3 -5.91 -5.57 6.3 -5.57
3 16 -5.57 10.08 -5.57 -5.57 6.3 -5.57 -5.71 6.3 -5.43
3 16 -4.05 6.16 -6.75 -4.09 6.19 -6.73 -4.04 10.08 -6.76
3 16 -4.09 6.19 -6.73 -4.23 6.3 -6.64 -4.04 10.08 -6.76
4 16 -4.04 10.08 -6.76 -4.23 6.3 -6.64 -4.65 6.3 -6.36 -4.84 10.08 -6.21
3 16 -4.84 10.08 -6.21 -4.65 6.3 -6.36 -4.84 6.3 -6.21
3 16 -4.84 10.08 -6.21 -4.84 6.3 -6.21 -5.2 6.3 -5.91
3 16 -3.59 5.04 -7.01 -3.53 5.12 -7.04 -3.18 5.04 -7.21
3 16 -3.18 5.04 -7.21 -3.53 5.12 -7.04 -3.5 5.19 -7.05
3 16 -3.5 5.19 -7.05 -3.47 5.27 -7.07 -3.18 5.04 -7.21
3 16 -3.18 5.04 -7.21 -3.47 5.27 -7.07 -3.47 5.31 -7.07
3 16 -3.18 5.04 -7.21 -3.47 5.31 -7.07 -3.46 5.34 -7.07
3 16 -3.46 5.34 -7.07 -3.46 5.41 -7.07 -3.18 5.04 -7.21
3 16 -3.18 5.04 -7.21 -3.46 5.41 -7.07 -3.46 5.44 -7.07
4 16 -3.18 5.04 -7.21 -3.46 5.44 -7.07 -3.47 5.47 -7.07 -3.18 10.08 -7.21
3 16 -3.47 5.47 -7.07 -3.49 5.54 -7.06 -3.18 10.08 -7.21
3 16 -3.18 10.08 -7.21 -3.49 5.54 -7.06 -3.52 5.6 -7.05
3 16 -3.18 10.08 -7.21 -3.52 5.6 -7.05 -3.56 5.67 -7.02
3 16 -3.56 5.67 -7.02 -3.6 5.72 -7 -3.18 10.08 -7.21
3 16 -3.18 10.08 -7.21 -3.6 5.72 -7 -3.84 5.97 -6.87
3 16 -3.18 10.08 -7.21 -3.84 5.97 -6.87 -3.86 5.99 -6.86
3 16 -3.86 5.99 -6.86 -3.9 6.02 -6.84 -3.18 10.08 -7.21
3 16 -3.18 10.08 -7.21 -3.9 6.02 -6.84 -3.96 6.08 -6.81
3 16 -3.18 10.08 -7.21 -3.96 6.08 -6.81 -4.04 10.08 -6.76
3 16 -4.04 10.08 -6.76 -3.96 6.08 -6.81 -4.04 6.15 -6.76
3 16 -4.04 10.08 -6.76 -4.04 6.15 -6.76 -4.05 6.16 -6.75
4 16 -3.18 5.04 -7.21 -3.18 10.08 -7.21 -2.26 10.08 -7.54 -2.26 5.04 -7.54
4 16 -2.26 5.04 -7.54 -2.26 10.08 -7.54 -1.32 10.08 -7.76 -1.32 5.04 -7.76
4 16 -1.32 5.04 -7.76 -1.32 10.08 -7.76 -0.35 10.08 -7.87 -0.35 5.04 -7.87
4 16 -0.35 5.04 -7.87 -0.35 10.08 -7.87 0 10.08 -7.87 0 5.04 -7.87
2 24 -2.51 -4.2 -6.98 -2.51 -4.2 -6.98
