0 228-7721-000s3
0 Name: 228-7721-000s3.dat
0 Author: 
0 !LDRAW_ORG Unofficial_Part
0 !LICENSE Redistributable under CCAL version 2.0 : see CAreadme.txt

0 BFC CERTIFY CCW

0 // Created with stl2dat conversion tool

3 16 28.34375 42.98079 -31.877 28.34 28.33 -31.88 28.32 28.84 -31.9
2 24 28.34 28.33 -31.88 28.34375 42.98079 -31.877
2 24 28.32 28.84 -31.9 28.34 28.33 -31.88
3 16 28.32 28.84 -31.9 28.26 29.21 -31.97 28.34375 42.98079 -31.877
2 24 28.26 29.21 -31.97 28.32 28.84 -31.9
3 16 28.34375 42.98079 -31.877 28.26 29.21 -31.97 28.25 29.22 -31.97
2 24 28.25 29.22 -31.97 28.26 29.21 -31.97
3 16 28.34375 42.98079 -31.877 28.25 29.22 -31.97 28.1779 29.48234 -32.04874
2 24 28.1779 29.48234 -32.04874 28.25 29.22 -31.97
3 16 27.99 29.84 -32.24 27.89 29.96 -32.35 28.34375 42.98079 -31.877
2 24 27.89 29.96 -32.35 27.99 29.84 -32.24
3 16 28.34375 42.98079 -31.877 27.89 29.96 -32.35 27.87 29.98 -32.37
2 24 27.87 29.98 -32.37 27.89 29.96 -32.35
3 16 28.34375 42.98079 -31.877 27.87 29.98 -32.37 27.75 30.07 -32.49
2 24 27.75 30.07 -32.49 27.87 29.98 -32.37
3 16 28.1779 29.48234 -32.04874 28.1 29.66 -32.13 28.34375 42.98079 -31.877
2 24 28.1 29.66 -32.13 28.1779 29.48234 -32.04874
3 16 28.34375 42.98079 -31.877 28.1 29.66 -32.13 28.09 29.68 -32.14
2 24 28.09 29.68 -32.14 28.1 29.66 -32.13
3 16 28.34375 42.98079 -31.877 28.09 29.68 -32.14 27.99 29.84 -32.24
2 24 27.99 29.84 -32.24 28.09 29.68 -32.14
3 16 27.75 30.07 -32.49 27.63 30.13 -32.62 28.34375 42.98079 -31.877
2 24 27.63 30.13 -32.62 27.75 30.07 -32.49

4 16 15.67219 47.76819 -44.99878 31.24139 47.76819 -28.87641 31.24139 42.98079 -28.87641 28.34375 42.98079 -31.877
2 24 31.24139 47.76819 -28.87641 15.67219 47.76819 -44.99878
2 24 31.24139 42.98079 -28.87641 31.24139 47.76819 -28.87641
2 24 28.34375 42.98079 -31.877 31.24139 42.98079 -28.87641
3 16 26.534 29.863 -33.751 26.175 29.555 -34.123 15.67219 47.76819 -44.99878
2 24 26.175 29.555 -34.123 26.534 29.863 -33.751
3 16 15.67219 47.76819 -44.99878 26.175 29.555 -34.123 25.824 29.169 -34.486
2 24 25.824 29.169 -34.486 26.175 29.555 -34.123
3 16 27.58 30.15 -32.67 27.42 30.18 -32.84 28.34375 42.98079 -31.877
2 24 27.42 30.18 -32.84 27.58 30.15 -32.67
3 16 28.34375 42.98079 -31.877 27.42 30.18 -32.84 27.27 30.18 -32.99
2 24 27.27 30.18 -32.99 27.42 30.18 -32.84
3 16 28.34375 42.98079 -31.877 27.27 30.18 -32.99 27.24 30.18 -33.02
2 24 27.24 30.18 -33.02 27.27 30.18 -32.99
3 16 16.88947 11.27252 -43.73825 16.39428 9.052629 -44.25104 15.67219 47.76819 -44.99878
2 24 16.88947 11.27252 -43.73825 16.39428 9.052629 -44.25104
3 16 16.39428 9.052629 -44.25104 16.00782 6.809703 -44.65123 15.67219 47.76819 -44.99878
2 24 16.39428 9.052629 -44.25104 16.00782 6.809703 -44.65123
3 16 15.67219 47.76819 -44.99878 16.00782 6.809703 -44.65123 15.73107 4.549451 -44.93781
2 24 16.00782 6.809703 -44.65123 15.73107 4.549451 -44.93781
3 16 15.67219 47.76819 -44.99878 15.73107 4.549451 -44.93781 15.67219 3.900472 -44.99878
2 24 15.73107 4.549451 -44.93781 15.67219 3.900472 -44.99878
2 24 15.67219 3.900472 -44.99878 15.67219 47.76819 -44.99878
3 16 27.24 30.18 -33.02 27.12 30.15 -33.15 28.34375 42.98079 -31.877
2 24 27.12 30.15 -33.15 27.24 30.18 -33.02
3 16 28.34375 42.98079 -31.877 27.12 30.15 -33.15 26.89554 30.07581 -33.37666
2 24 26.89554 30.07581 -33.37666 27.12 30.15 -33.15
4 16 28.34375 42.98079 -31.877 26.89554 30.07581 -33.37666 26.86303 30.06083 -33.41033 15.67219 47.76819 -44.99878
2 24 26.86303 30.06083 -33.41033 26.89554 30.07581 -33.37666
3 16 15.67219 47.76819 -44.99878 26.86303 30.06083 -33.41033 26.534 29.863 -33.751
2 24 26.534 29.863 -33.751 26.86303 30.06083 -33.41033
3 16 19.01346 17.73789 -41.5388 18.201 15.621 -42.38 15.67219 47.76819 -44.99878
2 24 19.01346 17.73789 -41.5388 18.201 15.621 -42.38
3 16 15.67219 47.76819 -44.99878 18.201 15.621 -42.38 17.49213 13.46373 -43.11418
2 24 18.201 15.621 -42.38 17.49213 13.46373 -43.11418
3 16 15.67219 47.76819 -44.99878 17.49213 13.46373 -43.11418 16.88947 11.27252 -43.73825
2 24 17.49213 13.46373 -43.11418 16.88947 11.27252 -43.73825
3 16 22.054 23.798 -38.39 20.94279 21.83163 -39.54092 15.67219 47.76819 -44.99878
2 24 22.054 23.798 -38.39 20.94279 21.83163 -39.54092
3 16 15.67219 47.76819 -44.99878 20.94279 21.83163 -39.54092 19.92826 19.80997 -40.5915
2 24 20.94279 21.83163 -39.54092 19.92826 19.80997 -40.5915
3 16 15.67219 47.76819 -44.99878 19.92826 19.80997 -40.5915 19.01346 17.73789 -41.5388
2 24 19.92826 19.80997 -40.5915 19.01346 17.73789 -41.5388
3 16 25.824 29.169 -34.486 24.502 27.468 -35.855 15.67219 47.76819 -44.99878
2 24 25.824 29.169 -34.486 24.502 27.468 -35.855
3 16 15.67219 47.76819 -44.99878 24.502 27.468 -35.855 23.26 25.703 -37.141
2 24 24.502 27.468 -35.855 23.26 25.703 -37.141
3 16 15.67219 47.76819 -44.99878 23.26 25.703 -37.141 22.054 23.798 -38.39
2 24 23.26 25.703 -37.141 22.054 23.798 -38.39

4 16 28.34375 4.266801 -37.86891 28.34375 0 -38.10853 28.34375 1.335414 -42.62692 28.34375 4.266873 -42.43384
3 16 28.34 16.53 34.33 28.34375 28.33186 31.877 28.34 12.59 35.97
3 16 28.34 12.59 35.97 28.34375 28.33186 31.877 28.34375 8.479945 37.15307
4 16 28.34375 0 38.10853 28.34375 0 42.64783 28.34375 -2.706329 42.56187 28.34375 -4.266801 37.86891
3 16 28.34375 -4.266801 37.86891 28.34375 -2.706329 42.56187 28.34375 -5.82563 42.24807
4 16 28.34375 -4.266801 37.86891 28.34375 -5.82563 42.24807 28.34375 -8.91345 41.70597 28.34375 -8.479945 37.15307
4 16 28.34375 4.266801 37.86891 28.34375 4.267605 42.43377 28.34375 1.335644 42.62691 28.34375 0 38.10853
3 16 28.34375 0 38.10853 28.34375 1.335644 42.62691 28.34375 0 42.64783
3 16 28.34 16.53 34.33 28.34 20.27 32.27 28.34375 28.33186 31.877
3 16 28.34375 28.33186 31.877 28.34 20.27 32.27 28.34 23.76 29.79
3 16 28.34375 28.33186 31.877 28.34 23.76 29.79 28.34 26.95 26.95
4 16 28.34375 -4.266801 -37.86891 28.34375 -5.82563 -42.24807 28.34375 -2.706329 -42.56187 28.34375 0 -38.10853
3 16 28.34375 0 -38.10853 28.34375 -2.706329 -42.56187 28.34375 0 -42.64783
3 16 28.34375 0 -38.10853 28.34375 0 -42.64783 28.34375 1.335414 -42.62692
4 16 28.34375 8.479945 37.15307 28.34375 10.05693 41.44509 28.34375 7.179309 42.03921 28.34375 4.266801 37.86891
3 16 28.34375 4.266801 37.86891 28.34375 7.179309 42.03921 28.34375 4.267605 42.43377
3 16 28.34 29.79 -23.76 28.34375 25.85768 -33.91486 28.34 32.27 -20.27
3 16 28.34 32.27 -20.27 28.34375 25.85768 -33.91486 28.34 34.33 -16.53
4 16 28.34375 16.53467 -34.3346 28.34375 12.58645 -35.97001 28.34375 15.65297 -39.67142 28.34375 18.34699 -38.49968
3 16 28.34375 4.266801 -37.86891 28.34375 4.266873 -42.43384 28.34375 7.178085 -42.03942
4 16 28.34375 4.266801 -37.86891 28.34375 7.178085 -42.03942 28.34375 10.05524 -41.4455 28.34375 8.479945 -37.15307
4 16 28.34375 8.479945 -37.15307 28.34375 10.05524 -41.4455 28.34375 12.88467 -40.65492 28.34375 12.58645 -35.97001
3 16 28.34375 12.58645 -35.97001 28.34375 12.88467 -40.65492 28.34375 15.65297 -39.67142
3 16 28.34375 42.98079 31.877 28.34 35.97 12.59 28.34 37.15 8.48
3 16 28.34 26.95 26.95 28.34 29.79 23.76 28.34375 28.33186 31.877
3 16 28.34375 28.33186 31.877 28.34 29.79 23.76 28.34375 32.26741 20.27496
4 16 28.34375 28.33186 31.877 28.34375 32.26741 20.27496 28.34375 34.3346 16.53467 28.34375 42.98079 31.877
2 24 28.34375 28.33186 31.877 28.34375 42.98079 31.877
3 16 28.34375 42.98079 31.877 28.34375 34.3346 16.53467 28.34 35.97 12.59
4 16 28.34375 -12.58645 -35.97001 28.34375 -14.92817 -39.94981 28.34375 -11.9531 -40.9385 28.34375 -8.479945 -37.15307
3 16 28.34375 -8.479945 -37.15307 28.34375 -11.9531 -40.9385 28.34375 -8.91345 -41.70597
4 16 28.34375 -8.479945 -37.15307 28.34375 -8.91345 -41.70597 28.34375 -5.82563 -42.24807 28.34375 -4.266801 -37.86891
3 16 28.34 37.15 8.48 28.34 37.87 4.27 28.34375 42.98079 31.877
3 16 28.34375 42.98079 31.877 28.34 37.87 4.27 28.34 38.11 0
3 16 28.34375 42.98079 31.877 28.34 38.11 0 28.34375 42.98079 -31.877
2 24 28.34375 42.98079 31.877 28.34375 42.98079 -31.877
3 16 28.34375 42.98079 -31.877 28.34 38.11 0 28.34 37.87 -4.27
3 16 28.34 37.87 -4.27 28.34 37.15 -8.48 28.34375 42.98079 -31.877
3 16 28.34375 42.98079 -31.877 28.34 37.15 -8.48 28.34 35.97 -12.59
3 16 28.34375 42.98079 -31.877 28.34 35.97 -12.59 28.34 28.33 -31.88
3 16 28.34 28.33 -31.88 28.34 35.97 -12.59 28.34 34.33 -16.53
3 16 28.34 28.33 -31.88 28.34 34.33 -16.53 28.34375 28.13118 -32.05423
3 16 28.34375 28.13118 -32.05423 28.34 34.33 -16.53 28.34375 25.85768 -33.91486
4 16 28.34375 -32.26741 -20.27496 28.34375 -36.32597 -22.34416 28.34375 -34.58641 -24.95231 28.34375 -29.79445 -23.76028
3 16 28.34375 -29.79445 -23.76028 28.34375 -34.58641 -24.95231 28.34375 -32.65995 -27.42563
4 16 28.34375 -29.79445 -23.76028 28.34375 -32.65995 -27.42563 28.34375 -30.55701 -29.75074 28.34375 -26.9468 -26.9468
4 16 28.34375 -35.97001 -12.58645 28.34375 -40.33462 -13.85482 28.34375 -39.20786 -16.78039 28.34375 -34.3346 -16.53467
3 16 28.34375 -34.3346 -16.53467 28.34375 -39.20786 -16.78039 28.34375 -37.86923 -19.61527
4 16 28.34375 -34.3346 -16.53467 28.34375 -37.86923 -19.61527 28.34375 -36.32597 -22.34416 28.34375 -32.26741 -20.27496
3 16 28.34375 -8.479945 37.15307 28.34375 -8.91345 41.70597 28.34375 -11.9531 40.9385
4 16 28.34375 -8.479945 37.15307 28.34375 -11.9531 40.9385 28.34375 -14.92817 39.94981 28.34375 -12.58645 35.97001
4 16 28.34375 -12.58645 35.97001 28.34375 -14.92817 39.94981 28.34375 -17.82256 38.74524 28.34375 -16.53467 34.3346
3 16 28.34375 15.65553 39.67041 28.34375 12.88682 40.65424 28.34375 8.479945 37.15307
3 16 28.34375 8.479945 37.15307 28.34375 12.88682 40.65424 28.34375 10.05693 41.44509
4 16 28.34375 -20.27496 -32.26741 28.34375 -23.30731 -35.71564 28.34375 -20.62065 -37.3313 28.34375 -16.53467 -34.3346
3 16 28.34375 -16.53467 -34.3346 28.34375 -20.62065 -37.3313 28.34375 -17.82256 -38.74524
4 16 28.34375 -16.53467 -34.3346 28.34375 -17.82256 -38.74524 28.34375 -14.92817 -39.94981 28.34375 -12.58645 -35.97001
3 16 28.34375 -26.9468 -26.9468 28.34375 -30.55701 -29.75074 28.34375 -28.28895 -31.91509
4 16 28.34375 -26.9468 -26.9468 28.34375 -28.28895 -31.91509 28.34375 -25.86802 -33.90697 28.34375 -23.76028 -29.79445
4 16 28.34375 -23.76028 -29.79445 28.34375 -25.86802 -33.90697 28.34375 -23.30731 -35.71564 28.34375 -20.27496 -32.26741
3 16 28.34375 -16.53467 34.3346 28.34375 -17.82256 38.74524 28.34375 -20.62065 37.3313
4 16 28.34375 -16.53467 34.3346 28.34375 -20.62065 37.3313 28.34375 -23.30731 35.71564 28.34375 -20.27496 32.26741
4 16 28.34375 -20.27496 32.26741 28.34375 -23.30731 35.71564 28.34375 -25.86802 33.90697 28.34375 -23.76028 29.79445
3 16 28.34375 28.33186 31.877 28.34375 28.13515 32.05075 28.34375 8.479945 37.15307
3 16 28.34375 8.479945 37.15307 28.34375 28.13515 32.05075 28.34375 25.86148 33.91196
3 16 28.34375 8.479945 37.15307 28.34375 25.86148 33.91196 28.34375 23.46505 35.6122
3 16 28.34 29.79 -23.76 28.34375 26.9468 -26.9468 28.34375 25.85768 -33.91486
4 16 28.34375 25.85768 -33.91486 28.34375 26.9468 -26.9468 28.34375 23.76028 -29.79445 28.34375 23.46148 -35.61455
4 16 28.34375 23.46148 -35.61455 28.34375 23.76028 -29.79445 28.34375 20.27496 -32.26741 28.34375 20.95395 -37.14525
4 16 28.34375 20.95395 -37.14525 28.34375 20.27496 -32.26741 28.34375 16.53467 -34.3346 28.34375 18.34699 -38.49968
3 16 28.34375 23.46505 35.6122 28.34375 20.95723 37.14339 28.34375 8.479945 37.15307
3 16 28.34375 8.479945 37.15307 28.34375 20.95723 37.14339 28.34375 18.34994 38.49827
3 16 28.34375 8.479945 37.15307 28.34375 18.34994 38.49827 28.34375 15.65553 39.67041
4 16 28.34375 -37.86891 4.266801 28.34375 -37.15307 8.479945 28.34375 -41.24342 10.85439 28.34375 -41.92935 7.795306
4 16 28.34375 -37.86891 -4.266801 28.34375 -42.38871 -4.694097 28.34375 -41.92935 -7.795306 28.34375 -37.15307 -8.479945
3 16 28.34375 -37.15307 -8.479945 28.34375 -41.92935 -7.795306 28.34375 -41.24342 -10.85439
4 16 28.34375 -37.15307 -8.479945 28.34375 -41.24342 -10.85439 28.34375 -40.33462 -13.85482 28.34375 -35.97001 -12.58645
3 16 28.34375 -41.92935 7.795306 28.34375 -42.38871 4.694097 28.34375 -37.86891 4.266801
3 16 28.34375 -37.86891 4.266801 28.34375 -42.38871 4.694097 28.34375 -42.61901 1.567523
4 16 28.34375 -37.86891 4.266801 28.34375 -42.61901 1.567523 28.34375 -42.61901 -1.567523 28.34375 -38.10853 0
4 16 28.34375 -38.10853 0 28.34375 -42.61901 -1.567523 28.34375 -42.38871 -4.694097 28.34375 -37.86891 -4.266801
4 16 28.34375 -34.3346 16.53467 28.34375 -37.86923 19.61527 28.34375 -39.20786 16.78039 28.34375 -35.97001 12.58645
3 16 28.34375 -35.97001 12.58645 28.34375 -39.20786 16.78039 28.34375 -40.33462 13.85482
4 16 28.34375 -35.97001 12.58645 28.34375 -40.33462 13.85482 28.34375 -41.24342 10.85439 28.34375 -37.15307 8.479945
4 16 28.34375 -29.79445 23.76028 28.34375 -32.65995 27.42563 28.34375 -34.58641 24.95231 28.34375 -32.26741 20.27496
3 16 28.34375 -32.26741 20.27496 28.34375 -34.58641 24.95231 28.34375 -36.32597 22.34416
4 16 28.34375 -32.26741 20.27496 28.34375 -36.32597 22.34416 28.34375 -37.86923 19.61527 28.34375 -34.3346 16.53467
3 16 28.34375 -23.76028 29.79445 28.34375 -25.86802 33.90697 28.34375 -28.28895 31.91509
4 16 28.34375 -23.76028 29.79445 28.34375 -28.28895 31.91509 28.34375 -30.55701 29.75074 28.34375 -26.9468 26.9468
4 16 28.34375 -26.9468 26.9468 28.34375 -30.55701 29.75074 28.34375 -32.65995 27.42563 28.34375 -29.79445 23.76028

4 16 26.8969 29.63921 33.76413 26.59481 29.90522 33.68808 26.48894 29.7385 33.87723 26.8969 27.24399 35.72484
3 16 26.8969 27.24399 35.72484 26.48894 29.7385 33.87723 26.48894 27.33525 35.84451

4 16 31.24139 42.98079 28.87641 31.24139 47.76819 28.87641 15.67219 47.76819 44.99878 28.34375 42.98079 31.877
2 24 31.24139 42.98079 28.87641 31.24139 47.76819 28.87641
2 24 15.67219 47.76819 44.99878 31.24139 47.76819 28.87641
2 24 31.24139 42.98079 28.87641 28.34375 42.98079 31.877
3 16 16.00782 6.809703 44.65123 15.67219 47.76819 44.99878 15.73107 4.549451 44.93781
2 24 16.00782 6.809703 44.65123 15.73107 4.549451 44.93781
3 16 15.73107 4.549451 44.93781 15.67219 47.76819 44.99878 15.67219 3.900472 44.99878
2 24 15.67219 3.900472 44.99878 15.67219 47.76819 44.99878
2 24 15.73107 4.549451 44.93781 15.67219 3.900472 44.99878
3 16 28.34375 42.98079 31.877 27.82 30.02 32.42 27.89 29.96 32.35
2 24 27.82 30.02 32.42 27.89 29.96 32.35
3 16 16.00782 6.809703 44.65123 16.39428 9.052629 44.25104 15.67219 47.76819 44.99878
2 24 16.39428 9.052629 44.25104 16.00782 6.809703 44.65123
3 16 15.67219 47.76819 44.99878 16.39428 9.052629 44.25104 16.88947 11.27252 43.73825
2 24 16.88947 11.27252 43.73825 16.39428 9.052629 44.25104
3 16 15.67219 47.76819 44.99878 16.88947 11.27252 43.73825 17.49213 13.46373 43.11418
2 24 17.49213 13.46373 43.11418 16.88947 11.27252 43.73825
3 16 28.34375 42.98079 31.877 27.18577 30.1684 33.07612 27.27 30.18 32.99
2 24 27.18577 30.1684 33.07612 27.27 30.18 32.99
3 16 27.89 29.96 32.35 27.93 29.91 32.3 28.34375 42.98079 31.877
2 24 27.89 29.96 32.35 27.93 29.91 32.3
3 16 26.215 29.594 34.081 26.59481 29.90522 33.68808 15.67219 47.76819 44.99878
2 24 26.215 29.594 34.081 26.59481 29.90522 33.68808
3 16 15.67219 47.76819 44.99878 26.59481 29.90522 33.68808 26.895 30.07557 33.37722
2 24 26.59481 29.90522 33.68808 26.895 30.07557 33.37722
4 16 15.67219 47.76819 44.99878 26.895 30.07557 33.37722 26.93067 30.09101 33.34029 28.34375 42.98079 31.877
2 24 26.895 30.07557 33.37722 26.93067 30.09101 33.34029
3 16 28.34375 42.98079 31.877 26.93067 30.09101 33.34029 27.18577 30.1684 33.07612
2 24 26.93067 30.09101 33.34029 27.18577 30.1684 33.07612
3 16 27.27 30.18 32.99 27.3926 30.18304 32.86195 28.34375 42.98079 31.877
2 24 27.27 30.18 32.99 27.3926 30.18304 32.86195
3 16 28.34375 42.98079 31.877 27.3926 30.18304 32.86195 27.51556 30.16723 32.73461
2 24 27.3926 30.18304 32.86195 27.51556 30.16723 32.73461
3 16 28.34375 42.98079 31.877 27.51556 30.16723 32.73461 27.6 30.14 32.64
2 24 27.51556 30.16723 32.73461 27.6 30.14 32.64
3 16 17.49213 13.46373 43.11418 18.20073 15.62068 42.3804 15.67219 47.76819 44.99878
2 24 18.20073 15.62068 42.3804 17.49213 13.46373 43.11418
3 16 15.67219 47.76819 44.99878 18.20073 15.62068 42.3804 19.01346 17.73789 41.5388
2 24 19.01346 17.73789 41.5388 18.20073 15.62068 42.3804
3 16 15.67219 47.76819 44.99878 19.01346 17.73789 41.5388 19.92826 19.80997 40.5915
2 24 19.92826 19.80997 40.5915 19.01346 17.73789 41.5388
3 16 27.6 30.14 32.64 27.67 30.12 32.57 28.34375 42.98079 31.877
2 24 27.6 30.14 32.64 27.67 30.12 32.57
3 16 28.34375 42.98079 31.877 27.67 30.12 32.57 27.7 30.1 32.55
2 24 27.67 30.12 32.57 27.7 30.1 32.55
3 16 28.34375 42.98079 31.877 27.7 30.1 32.55 27.82 30.02 32.42
2 24 27.7 30.1 32.55 27.82 30.02 32.42
3 16 19.92826 19.80997 40.5915 20.94279 21.83163 39.54092 15.67219 47.76819 44.99878
2 24 20.94279 21.83163 39.54092 19.92826 19.80997 40.5915
3 16 15.67219 47.76819 44.99878 20.94279 21.83163 39.54092 22.05448 23.79776 38.38973
2 24 22.05448 23.79776 38.38973 20.94279 21.83163 39.54092
3 16 15.67219 47.76819 44.99878 22.05448 23.79776 38.38973 23.2605 25.70333 37.14086
2 24 23.2605 25.70333 37.14086 22.05448 23.79776 38.38973
3 16 23.2605 25.70333 37.14086 24.50183 27.46804 35.85542 15.67219 47.76819 44.99878
2 24 24.50183 27.46804 35.85542 23.2605 25.70333 37.14086
3 16 15.67219 47.76819 44.99878 24.50183 27.46804 35.85542 25.824 29.169 34.486
2 24 25.824 29.169 34.486 24.50183 27.46804 35.85542
3 16 15.67219 47.76819 44.99878 25.824 29.169 34.486 26.215 29.594 34.081
2 24 25.824 29.169 34.486 26.215 29.594 34.081

3 16 28.3227 28.79465 31.8988 28.34375 28.33186 31.877 28.34375 42.98079 31.877
2 24 28.3227 28.79465 31.8988 28.34375 28.33186 31.877
3 16 28.045 29.76238 32.18636 28.1 29.65 32.12 28.34375 42.98079 31.877
2 24 28.045 29.76238 32.18636 28.1 29.65 32.12
3 16 28.34375 42.98079 31.877 28.1 29.65 32.12 28.13 29.6 32.1
2 24 28.1 29.65 32.12 28.13 29.6 32.1
3 16 28.34375 42.98079 31.877 28.13 29.6 32.1 28.21 29.37 32.01
2 24 28.13 29.6 32.1 28.21 29.37 32.01
3 16 28.21 29.37 32.01 28.26 29.22 31.97 28.34375 42.98079 31.877
2 24 28.21 29.37 32.01 28.26 29.22 31.97
3 16 28.34375 42.98079 31.877 28.26 29.22 31.97 28.27847 29.10859 31.9446
2 24 28.26 29.22 31.97 28.27847 29.10859 31.9446
3 16 28.34375 42.98079 31.877 28.27847 29.10859 31.9446 28.3227 28.79465 31.8988
2 24 28.27847 29.10859 31.9446 28.3227 28.79465 31.8988
3 16 28.34375 42.98079 31.877 27.94858 29.89689 32.2862 28.045 29.76238 32.18636
2 24 27.94858 29.89689 32.2862 28.045 29.76238 32.18636

3 16 0.01 47.77 -42.72 0 47.76819 -42.4791 2.282562 47.76819 -44.9876
2 24 0 47.76819 -42.4791 0.01 47.77 -42.72
4 16 15.67219 47.76819 -44.99878 2.519685 47.76819 -44.99878 2.519685 47.76819 44.99878 31.24139 47.76819 -28.87641
2 24 15.67219 47.76819 -44.99878 2.519685 47.76819 -44.99878
4 16 31.24139 47.76819 -28.87641 2.519685 47.76819 44.99878 15.67219 47.76819 44.99878 31.24139 47.76819 28.87641
2 24 2.519685 47.76819 44.99878 15.67219 47.76819 44.99878
2 24 31.24139 47.76819 28.87641 31.24139 47.76819 -28.87641
3 16 0.01 47.77 -42.72 2.282562 47.76819 -44.9876 0.08930414 47.76819 -43.14398
2 24 0.01 47.77 -42.72 0.08930414 47.76819 -43.14398
4 16 1.854808 47.76819 -44.90948 1.446855 47.76819 -44.75898 0.4582054 47.76819 -43.92793 2.282562 47.76819 -44.9876
2 24 1.446855 47.76819 -44.75898 1.854808 47.76819 -44.90948
2 24 1.854808 47.76819 -44.90948 2.282562 47.76819 -44.9876
4 16 0.4582054 47.76819 -43.92793 1.446855 47.76819 -44.75898 1.070853 47.76819 -44.54058 0.7379986 47.76819 -44.26078
2 24 1.070853 47.76819 -44.54058 1.446855 47.76819 -44.75898
2 24 0.7379986 47.76819 -44.26078 1.070853 47.76819 -44.54058
2 24 0.4582054 47.76819 -43.92793 0.7379986 47.76819 -44.26078
4 16 2.282562 47.76819 -44.9876 0.4582054 47.76819 -43.92793 0.2398058 47.76819 -43.55193 0.08930414 47.76819 -43.14398
2 24 0.2398058 47.76819 -43.55193 0.4582054 47.76819 -43.92793
2 24 0.08930414 47.76819 -43.14398 0.2398058 47.76819 -43.55193
4 16 1.446855 47.76819 44.75898 1.854808 47.76819 44.90948 0.01118245 47.76819 42.71622 1.070853 47.76819 44.54058
2 24 1.854808 47.76819 44.90948 1.446855 47.76819 44.75898
2 24 1.446855 47.76819 44.75898 1.070853 47.76819 44.54058
4 16 1.070853 47.76819 44.54058 0.01118245 47.76819 42.71622 0.08930414 47.76819 43.14398 0.2398058 47.76819 43.55193
2 24 0.08930414 47.76819 43.14398 0.01118245 47.76819 42.71622
2 24 0.2398058 47.76819 43.55193 0.08930414 47.76819 43.14398
4 16 1.070853 47.76819 44.54058 0.2398058 47.76819 43.55193 0.4582054 47.76819 43.92793 0.7379986 47.76819 44.26078
2 24 0.4582054 47.76819 43.92793 0.2398058 47.76819 43.55193
2 24 0.7379986 47.76819 44.26078 0.4582054 47.76819 43.92793
2 24 1.070853 47.76819 44.54058 0.7379986 47.76819 44.26078
4 16 0.01118245 47.76819 42.71622 1.854808 47.76819 44.90948 2.282562 47.76819 44.9876 0 47.76819 42.4791
2 24 2.282562 47.76819 44.9876 1.854808 47.76819 44.90948
2 24 0.01118245 47.76819 42.71622 0 47.76819 42.4791
4 16 0 47.76819 42.4791 2.282562 47.76819 44.9876 2.519685 47.76819 44.99878 0 47.76819 -42.4791
2 24 2.519685 47.76819 44.99878 2.282562 47.76819 44.9876
2 24 0 47.76819 42.4791 0 47.76819 -42.4791
4 16 0 47.76819 -42.4791 2.519685 47.76819 44.99878 2.519685 47.76819 -44.99878 2.282562 47.76819 -44.9876
2 24 2.282562 47.76819 -44.9876 2.519685 47.76819 -44.99878

3 16 2.52 3.9 -45 2.519685 47.76819 -44.99878 2.519685 3.900472 -44.99878
4 16 15.67219 3.900472 -44.99878 2.519685 3.900472 -44.99878 2.519685 47.76819 -44.99878 15.67219 47.76819 -44.99878

3 16 0.01 4.13 -42.68 0.01 4.08 -42.73 0.00847756 2.721377 -42.79852
3 16 0 4.32 -42.63 0.01 4.08 -42.73 0.01 4.13 -42.68

3 16 0 32.74934 27.50069 0 30.64064 29.83216 0 47.76819 42.4791
3 16 0 4.93 42.48 0 47.76819 42.4791 0 5.841574 42.3637
3 16 0 5.841574 42.3637 0 47.76819 42.4791 0 8.937845 41.82011
3 16 0 17.87134 38.85128 0 47.76819 42.4791 0 20.67708 37.43347
3 16 0 20.67708 37.43347 0 47.76819 42.4791 0 23.3711 35.81338
3 16 0 17.87134 38.85128 0 14.96902 40.05915 0 47.76819 42.4791
3 16 0 47.76819 42.4791 0 14.96902 40.05915 0 11.98582 41.05054
3 16 0 47.76819 42.4791 0 11.98582 41.05054 0 8.937845 41.82011
3 16 0 8.937845 -41.82011 0 47.76819 -42.4791 0 5.841574 -42.3637
3 16 0 5.841574 -42.3637 0 47.76819 -42.4791 0 4.93 -42.48
3 16 0 8.937845 -41.82011 0 11.98582 -41.05054 0 47.76819 -42.4791
3 16 0 47.76819 -42.4791 0 11.98582 -41.05054 0 14.96902 -40.05915
3 16 0 47.76819 -42.4791 0 14.96902 -40.05915 0 17.87134 -38.85128
3 16 0 17.87134 -38.85128 0 20.67708 -37.43347 0 47.76819 -42.4791
3 16 0 47.76819 -42.4791 0 20.67708 -37.43347 0 23.3711 -35.81338
3 16 0 47.76819 -42.4791 0 23.3711 -35.81338 0 25.93882 -33.99977
3 16 0 36.42538 -22.40532 0 47.76819 -42.4791 0 34.68106 -25.0206
3 16 0 34.68106 -25.0206 0 47.76819 -42.4791 0 32.74934 -27.50069
3 16 0 36.42538 -22.40532 0 37.97287 -19.66896 0 47.76819 -42.4791
3 16 0 47.76819 -42.4791 0 37.97287 -19.66896 0 39.31516 -16.82631
3 16 0 47.76819 -42.4791 0 39.31516 -16.82631 0 40.445 -13.89274
3 16 0 42.50472 -4.706944 0 42.73565 -1.571813 0 47.76819 -42.4791
3 16 0 47.76819 -42.4791 0 42.73565 -1.571813 0 42.73565 1.571813
3 16 0 47.76819 -42.4791 0 42.73565 1.571813 0 47.76819 42.4791
3 16 0 42.73565 1.571813 0 42.50472 4.706944 0 47.76819 42.4791
3 16 0 47.76819 42.4791 0 42.50472 4.706944 0 42.04411 7.816641
3 16 0 47.76819 42.4791 0 42.04411 7.816641 0 41.3563 10.8841
3 16 0 30.64064 29.83216 0 28.36637 32.00243 0 47.76819 42.4791
3 16 0 47.76819 42.4791 0 28.36637 32.00243 0 25.93882 33.99977
3 16 0 47.76819 42.4791 0 25.93882 33.99977 0 23.3711 35.81338
3 16 0 25.93882 -33.99977 0 28.36637 -32.00243 0 47.76819 -42.4791
3 16 0 47.76819 -42.4791 0 28.36637 -32.00243 0 30.64064 -29.83216
3 16 0 47.76819 -42.4791 0 30.64064 -29.83216 0 32.74934 -27.50069
3 16 0 40.445 -13.89274 0 41.3563 -10.8841 0 47.76819 -42.4791
3 16 0 47.76819 -42.4791 0 41.3563 -10.8841 0 42.04411 -7.816641
3 16 0 47.76819 -42.4791 0 42.04411 -7.816641 0 42.50472 -4.706944
3 16 0 41.3563 10.8841 0 40.445 13.89274 0 47.76819 42.4791
3 16 0 47.76819 42.4791 0 40.445 13.89274 0 39.31516 16.82631
3 16 0 47.76819 42.4791 0 39.31516 16.82631 0 37.97287 19.66896
3 16 0 37.97287 19.66896 0 36.42538 22.40532 0 47.76819 42.4791
3 16 0 47.76819 42.4791 0 36.42538 22.40532 0 34.68106 25.0206
3 16 0 47.76819 42.4791 0 34.68106 25.0206 0 32.74934 27.50069

4 16 -0.0027049 -27.88837 -29.44139 -0.0027049 -28.28895 -31.91509 -0.0027049 -30.55701 -29.75074 -0.0027049 -30.90806 -26.25354
2 24 -0.0027049 -27.88837 -29.44139 -0.0027049 -30.90806 -26.25354
3 16 -0.0027049 -30.90806 -26.25354 -0.0027049 -30.55701 -29.75074 -0.0027049 -32.65995 -27.42563
4 16 -0.0027049 -30.90806 -26.25354 -0.0027049 -32.65995 -27.42563 -0.0027049 -34.58641 -24.95231 -0.0027049 -33.56538 -22.75789
2 24 -0.0027049 -30.90806 -26.25354 -0.0027049 -33.56538 -22.75789
4 16 -0.0027049 -20.90732 -34.74824 -0.0027049 -20.62065 -37.3313 -0.0027049 -23.30731 -35.71564 -0.0027049 -24.54171 -32.28407
2 24 -0.0027049 -20.90732 -34.74824 -0.0027049 -24.54171 -32.28407
3 16 -0.0027049 -24.54171 -32.28407 -0.0027049 -23.30731 -35.71564 -0.0027049 -25.86802 -33.90697
4 16 -0.0027049 -24.54171 -32.28407 -0.0027049 -25.86802 -33.90697 -0.0027049 -28.28895 -31.91509 -0.0027049 -27.88837 -29.44139
2 24 -0.0027049 -24.54171 -32.28407 -0.0027049 -27.88837 -29.44139
4 16 -0.0027049 -4.384564 -40.3154 -0.0027049 -2.706329 -42.56187 -0.0027049 -5.82563 -42.24807 -0.0027049 -8.717724 -39.60502
2 24 -0.0027049 -4.384564 -40.3154 -0.0027049 -8.717724 -39.60502
3 16 -0.0027049 -8.717724 -39.60502 -0.0027049 -5.82563 -42.24807 -0.0027049 -8.91345 -41.70597
4 16 -0.0027049 -8.717724 -39.60502 -0.0027049 -8.91345 -41.70597 -0.0027049 -11.9531 -40.9385 -0.0027049 -12.94868 -38.4303
2 24 -0.0027049 -8.717724 -39.60502 -0.0027049 -12.94868 -38.4303
4 16 -0.0027049 20.90732 34.74824 -0.0027049 20.62065 37.3313 -0.0027049 23.30731 35.71564 -0.0027049 24.54171 32.28407
2 24 -0.0027049 20.90732 34.74824 -0.0027049 24.54171 32.28407
3 16 -0.0027049 24.54171 32.28407 -0.0027049 23.30731 35.71564 -0.0027049 25.86802 33.90697
4 16 -0.0027049 24.54171 32.28407 -0.0027049 25.86802 33.90697 -0.0027049 28.28895 31.91509 -0.0027049 27.88837 29.44139
2 24 -0.0027049 24.54171 32.28407 -0.0027049 27.88837 29.44139
4 16 -0.0027049 4.384564 40.3154 -0.0027049 2.706329 42.56187 -0.0027049 5.82563 42.24807 -0.0027049 8.717724 39.60502
2 24 -0.0027049 4.384564 40.3154 -0.0027049 8.717724 39.60502
3 16 -0.0027049 8.717724 39.60502 -0.0027049 5.82563 42.24807 -0.0027049 8.91345 41.70597
4 16 -0.0027049 8.717724 39.60502 -0.0027049 8.91345 41.70597 -0.0027049 11.9531 40.9385 -0.0027049 12.94868 38.4303
2 24 -0.0027049 8.717724 39.60502 -0.0027049 12.94868 38.4303
4 16 -0.0027049 -12.94868 38.4303 -0.0027049 -14.92817 39.94981 -0.0027049 -11.9531 40.9385 -0.0027049 -8.717724 39.60502
2 24 -0.0027049 -12.94868 38.4303 -0.0027049 -8.717724 39.60502
3 16 -0.0027049 -8.717724 39.60502 -0.0027049 -11.9531 40.9385 -0.0027049 -8.91345 41.70597
4 16 -0.0027049 -8.717724 39.60502 -0.0027049 -8.91345 41.70597 -0.0027049 -5.82563 42.24807 -0.0027049 -4.384564 40.3154
2 24 -0.0027049 -8.717724 39.60502 -0.0027049 -4.384564 40.3154
4 16 -0.0027049 -20.90732 34.74824 -0.0027049 -23.30731 35.71564 -0.0027049 -20.62065 37.3313 -0.0027049 -17.02782 36.80502
2 24 -0.0027049 -20.90732 34.74824 -0.0027049 -17.02782 36.80502
3 16 -0.0027049 -17.02782 36.80502 -0.0027049 -20.62065 37.3313 -0.0027049 -17.82256 38.74524
4 16 -0.0027049 -17.02782 36.80502 -0.0027049 -17.82256 38.74524 -0.0027049 -14.92817 39.94981 -0.0027049 -12.94868 38.4303
2 24 -0.0027049 -17.02782 36.80502 -0.0027049 -12.94868 38.4303
3 16 -0.0027049 -33.56538 -22.75789 -0.0027049 -34.58641 -24.95231 -0.0027049 -36.32597 -22.34416
4 16 -0.0027049 -33.56538 -22.75789 -0.0027049 -36.32597 -22.34416 -0.0027049 -37.86923 -19.61527 -0.0027049 -35.82918 -18.99543
2 24 -0.0027049 -33.56538 -22.75789 -0.0027049 -35.82918 -18.99543
4 16 -0.0027049 -35.82918 -18.99543 -0.0027049 -37.86923 -19.61527 -0.0027049 -39.20786 -16.78039 -0.0027049 -37.67291 -15.01026
2 24 -0.0027049 -35.82918 -18.99543 -0.0027049 -37.67291 -15.01026
3 16 -0.0027049 -12.94868 -38.4303 -0.0027049 -11.9531 -40.9385 -0.0027049 -14.92817 -39.94981
4 16 -0.0027049 -12.94868 -38.4303 -0.0027049 -14.92817 -39.94981 -0.0027049 -17.82256 -38.74524 -0.0027049 -17.02782 -36.80502
2 24 -0.0027049 -12.94868 -38.4303 -0.0027049 -17.02782 -36.80502
4 16 -0.0027049 -17.02782 -36.80502 -0.0027049 -17.82256 -38.74524 -0.0027049 -20.62065 -37.3313 -0.0027049 -20.90732 -34.74824
2 24 -0.0027049 -17.02782 -36.80502 -0.0027049 -20.90732 -34.74824
4 16 -0.0027049 4.384564 -40.3154 -0.0027049 5.82563 -42.24807 -0.0027049 2.706329 -42.56187 -0.0027049 0 -40.55313
2 24 -0.0027049 4.384564 -40.3154 -0.0027049 0 -40.55313
3 16 -0.0027049 0 -40.55313 -0.0027049 2.706329 -42.56187 -0.0027049 0 -42.64783
4 16 -0.0027049 0 -40.55313 -0.0027049 0 -42.64783 -0.0027049 -2.706329 -42.56187 -0.0027049 -4.384564 -40.3154
2 24 -0.0027049 0 -40.55313 -0.0027049 -4.384564 -40.3154
3 16 -0.0027049 12.94868 38.4303 -0.0027049 11.9531 40.9385 -0.0027049 14.92817 39.94981
4 16 -0.0027049 12.94868 38.4303 -0.0027049 14.92817 39.94981 -0.0027049 17.82256 38.74524 -0.0027049 17.02782 36.80502
2 24 -0.0027049 12.94868 38.4303 -0.0027049 17.02782 36.80502
4 16 -0.0027049 17.02782 36.80502 -0.0027049 17.82256 38.74524 -0.0027049 20.62065 37.3313 -0.0027049 20.90732 34.74824
2 24 -0.0027049 17.02782 36.80502 -0.0027049 20.90732 34.74824
3 16 -0.0027049 -4.384564 40.3154 -0.0027049 -5.82563 42.24807 -0.0027049 -2.706329 42.56187
4 16 -0.0027049 -4.384564 40.3154 -0.0027049 -2.706329 42.56187 -0.0027049 0 42.64783 -0.0027049 0 40.55313
2 24 -0.0027049 -4.384564 40.3154 -0.0027049 0 40.55313
4 16 -0.0027049 0 40.55313 -0.0027049 0 42.64783 -0.0027049 2.706329 42.56187 -0.0027049 4.384564 40.3154
2 24 -0.0027049 0 40.55313 -0.0027049 4.384564 40.3154
4 16 -0.0027049 27.88837 -29.44139 -0.0027049 30.55701 -29.75074 -0.0027049 28.28895 -31.91509 -0.0027049 24.54171 -32.28407
2 24 -0.0027049 27.88837 -29.44139 -0.0027049 24.54171 -32.28407
3 16 -0.0027049 24.54171 -32.28407 -0.0027049 28.28895 -31.91509 -0.0027049 25.86802 -33.90697
4 16 -0.0027049 24.54171 -32.28407 -0.0027049 25.86802 -33.90697 -0.0027049 23.30731 -35.71564 -0.0027049 20.90732 -34.74824
2 24 -0.0027049 24.54171 -32.28407 -0.0027049 20.90732 -34.74824
4 16 -0.0027049 -27.88837 29.44139 -0.0027049 -30.55701 29.75074 -0.0027049 -28.28895 31.91509 -0.0027049 -24.54171 32.28407
2 24 -0.0027049 -27.88837 29.44139 -0.0027049 -24.54171 32.28407
3 16 -0.0027049 -24.54171 32.28407 -0.0027049 -28.28895 31.91509 -0.0027049 -25.86802 33.90697
4 16 -0.0027049 -24.54171 32.28407 -0.0027049 -25.86802 33.90697 -0.0027049 -23.30731 35.71564 -0.0027049 -20.90732 34.74824
2 24 -0.0027049 -24.54171 32.28407 -0.0027049 -20.90732 34.74824
4 16 -0.0027049 -37.67291 15.01026 -0.0027049 -40.33462 13.85482 -0.0027049 -39.20786 16.78039 -0.0027049 -35.82918 18.99543
2 24 -0.0027049 -37.67291 15.01026 -0.0027049 -35.82918 18.99543
3 16 -0.0027049 -35.82918 18.99543 -0.0027049 -39.20786 16.78039 -0.0027049 -37.86923 19.61527
4 16 -0.0027049 -35.82918 18.99543 -0.0027049 -37.86923 19.61527 -0.0027049 -36.32597 22.34416 -0.0027049 -33.56538 22.75789
2 24 -0.0027049 -35.82918 18.99543 -0.0027049 -33.56538 22.75789
4 16 -0.0027049 12.94868 -38.4303 -0.0027049 14.92817 -39.94981 -0.0027049 11.9531 -40.9385 -0.0027049 8.717724 -39.60502
2 24 -0.0027049 12.94868 -38.4303 -0.0027049 8.717724 -39.60502
3 16 -0.0027049 8.717724 -39.60502 -0.0027049 11.9531 -40.9385 -0.0027049 8.91345 -41.70597
4 16 -0.0027049 8.717724 -39.60502 -0.0027049 8.91345 -41.70597 -0.0027049 5.82563 -42.24807 -0.0027049 4.384564 -40.3154
2 24 -0.0027049 8.717724 -39.60502 -0.0027049 4.384564 -40.3154
3 16 -0.0027049 20.90732 -34.74824 -0.0027049 23.30731 -35.71564 -0.0027049 20.62065 -37.3313
4 16 -0.0027049 20.90732 -34.74824 -0.0027049 20.62065 -37.3313 -0.0027049 17.82256 -38.74524 -0.0027049 17.02782 -36.80502
2 24 -0.0027049 20.90732 -34.74824 -0.0027049 17.02782 -36.80502
4 16 -0.0027049 17.02782 -36.80502 -0.0027049 17.82256 -38.74524 -0.0027049 14.92817 -39.94981 -0.0027049 12.94868 -38.4303
2 24 -0.0027049 17.02782 -36.80502 -0.0027049 12.94868 -38.4303
4 16 -0.0027049 37.67291 -15.01026 -0.0027049 40.33462 -13.85482 -0.0027049 39.20786 -16.78039 -0.0027049 35.82918 -18.99543
2 24 -0.0027049 37.67291 -15.01026 -0.0027049 35.82918 -18.99543
3 16 -0.0027049 35.82918 -18.99543 -0.0027049 39.20786 -16.78039 -0.0027049 37.86923 -19.61527
4 16 -0.0027049 35.82918 -18.99543 -0.0027049 37.86923 -19.61527 -0.0027049 36.32597 -22.34416 -0.0027049 33.56538 -22.75789
2 24 -0.0027049 35.82918 -18.99543 -0.0027049 33.56538 -22.75789
3 16 -0.0027049 -33.56538 22.75789 -0.0027049 -36.32597 22.34416 -0.0027049 -34.58641 24.95231
4 16 -0.0027049 -33.56538 22.75789 -0.0027049 -34.58641 24.95231 -0.0027049 -32.65995 27.42563 -0.0027049 -30.90806 26.25354
2 24 -0.0027049 -33.56538 22.75789 -0.0027049 -30.90806 26.25354
4 16 -0.0027049 -30.90806 26.25354 -0.0027049 -32.65995 27.42563 -0.0027049 -30.55701 29.75074 -0.0027049 -27.88837 29.44139
2 24 -0.0027049 -30.90806 26.25354 -0.0027049 -27.88837 29.44139
4 16 -0.0027049 -40.0189 6.560766 -0.0027049 -42.38871 4.694097 -0.0027049 -41.92935 7.795306 -0.0027049 -39.07496 10.84911
2 24 -0.0027049 -40.0189 6.560766 -0.0027049 -39.07496 10.84911
3 16 -0.0027049 -39.07496 10.84911 -0.0027049 -41.92935 7.795306 -0.0027049 -41.24342 10.85439
4 16 -0.0027049 -39.07496 10.84911 -0.0027049 -41.24342 10.85439 -0.0027049 -40.33462 13.85482 -0.0027049 -37.67291 15.01026
2 24 -0.0027049 -39.07496 10.84911 -0.0027049 -37.67291 15.01026
3 16 -0.0027049 33.56538 -22.75789 -0.0027049 36.32597 -22.34416 -0.0027049 34.58641 -24.95231
4 16 -0.0027049 33.56538 -22.75789 -0.0027049 34.58641 -24.95231 -0.0027049 32.65995 -27.42563 -0.0027049 30.90806 -26.25354
2 24 -0.0027049 33.56538 -22.75789 -0.0027049 30.90806 -26.25354
4 16 -0.0027049 30.90806 -26.25354 -0.0027049 32.65995 -27.42563 -0.0027049 30.55701 -29.75074 -0.0027049 27.88837 -29.44139
2 24 -0.0027049 30.90806 -26.25354 -0.0027049 27.88837 -29.44139
4 16 -0.0027049 40.0189 -6.560766 -0.0027049 42.38871 -4.694097 -0.0027049 41.92935 -7.795306 -0.0027049 39.07496 -10.84911
2 24 -0.0027049 40.0189 -6.560766 -0.0027049 39.07496 -10.84911
3 16 -0.0027049 39.07496 -10.84911 -0.0027049 41.92935 -7.795306 -0.0027049 41.24342 -10.85439
4 16 -0.0027049 39.07496 -10.84911 -0.0027049 41.24342 -10.85439 -0.0027049 40.33462 -13.85482 -0.0027049 37.67291 -15.01026
2 24 -0.0027049 39.07496 -10.84911 -0.0027049 37.67291 -15.01026
3 16 -0.0027049 -37.67291 -15.01026 -0.0027049 -39.20786 -16.78039 -0.0027049 -40.33462 -13.85482
4 16 -0.0027049 -37.67291 -15.01026 -0.0027049 -40.33462 -13.85482 -0.0027049 -41.24342 -10.85439 -0.0027049 -39.07496 -10.84911
2 24 -0.0027049 -37.67291 -15.01026 -0.0027049 -39.07496 -10.84911
4 16 -0.0027049 -39.07496 -10.84911 -0.0027049 -41.24342 -10.85439 -0.0027049 -41.92935 -7.795306 -0.0027049 -40.0189 -6.560766
2 24 -0.0027049 -39.07496 -10.84911 -0.0027049 -40.0189 -6.560766
4 16 -0.0027049 37.67291 15.01026 -0.0027049 39.20786 16.78039 -0.0027049 40.33462 13.85482 -0.0027049 39.07496 10.84911
2 24 -0.0027049 37.67291 15.01026 -0.0027049 39.07496 10.84911
3 16 -0.0027049 39.07496 10.84911 -0.0027049 40.33462 13.85482 -0.0027049 41.24342 10.85439
4 16 -0.0027049 39.07496 10.84911 -0.0027049 41.24342 10.85439 -0.0027049 41.92935 7.795306 -0.0027049 40.0189 6.560766
2 24 -0.0027049 39.07496 10.84911 -0.0027049 40.0189 6.560766
3 16 -0.0027049 -40.0189 -6.560766 -0.0027049 -41.92935 -7.795306 -0.0027049 -42.38871 -4.694097
4 16 -0.0027049 -40.0189 -6.560766 -0.0027049 -42.38871 -4.694097 -0.0027049 -42.61901 -1.567523 -0.0027049 -40.49365 -2.195502
2 24 -0.0027049 -40.0189 -6.560766 -0.0027049 -40.49365 -2.195502
4 16 -0.0027049 -40.49365 -2.195502 -0.0027049 -42.61901 -1.567523 -0.0027049 -42.61901 1.567523 -0.0027049 -40.49365 2.195502
2 24 -0.0027049 -40.49365 -2.195502 -0.0027049 -40.49365 2.195502
4 16 -0.0027049 -40.49365 2.195502 -0.0027049 -42.61901 1.567523 -0.0027049 -42.38871 4.694097 -0.0027049 -40.0189 6.560766
2 24 -0.0027049 -40.49365 2.195502 -0.0027049 -40.0189 6.560766
4 16 -0.0027049 33.56538 22.75789 -0.0027049 34.58641 24.95231 -0.0027049 36.32597 22.34416 -0.0027049 35.82918 18.99543
2 24 -0.0027049 33.56538 22.75789 -0.0027049 35.82918 18.99543
3 16 -0.0027049 35.82918 18.99543 -0.0027049 36.32597 22.34416 -0.0027049 37.86923 19.61527
4 16 -0.0027049 35.82918 18.99543 -0.0027049 37.86923 19.61527 -0.0027049 39.20786 16.78039 -0.0027049 37.67291 15.01026
2 24 -0.0027049 35.82918 18.99543 -0.0027049 37.67291 15.01026
3 16 -0.0027049 27.88837 29.44139 -0.0027049 28.28895 31.91509 -0.0027049 30.55701 29.75074
4 16 -0.0027049 27.88837 29.44139 -0.0027049 30.55701 29.75074 -0.0027049 32.65995 27.42563 -0.0027049 30.90806 26.25354
2 24 -0.0027049 27.88837 29.44139 -0.0027049 30.90806 26.25354
4 16 -0.0027049 30.90806 26.25354 -0.0027049 32.65995 27.42563 -0.0027049 34.58641 24.95231 -0.0027049 33.56538 22.75789
2 24 -0.0027049 30.90806 26.25354 -0.0027049 33.56538 22.75789
3 16 -0.0027049 40.0189 6.560766 -0.0027049 41.92935 7.795306 -0.0027049 42.38871 4.694097
4 16 -0.0027049 40.0189 6.560766 -0.0027049 42.38871 4.694097 -0.0027049 42.61901 1.567523 -0.0027049 40.49365 2.195502
2 24 -0.0027049 40.0189 6.560766 -0.0027049 40.49365 2.195502
4 16 -0.0027049 40.49365 2.195502 -0.0027049 42.61901 1.567523 -0.0027049 42.61901 -1.567523 -0.0027049 40.49365 -2.195502
2 24 -0.0027049 40.49365 2.195502 -0.0027049 40.49365 -2.195502
4 16 -0.0027049 40.49365 -2.195502 -0.0027049 42.61901 -1.567523 -0.0027049 42.38871 -4.694097 -0.0027049 40.0189 -6.560766
2 24 -0.0027049 40.49365 -2.195502 -0.0027049 40.0189 -6.560766

3 16 0.7559055 0 32.57953 -0.0027049 0 39.79722 0.7559055 3.522466 32.38855
2 24 0.7559055 0 32.57953 0.7559055 3.522466 32.38855
4 16 0.7559055 3.522466 32.38855 -0.0027049 0 39.79722 -0.0027049 4.302836 39.56393 0.7559055 3.927028 32.34199
2 24 -0.0027049 4.302836 39.56393 -0.0027049 0 39.79722
2 24 0.7559055 3.522466 32.38855 0.7559055 3.927028 32.34199

3 16 0.7559055 0 -32.57953 -0.0027049 0 -39.79722 0.7559055 -3.522466 -32.38855
2 24 0.7559055 0 -32.57953 0.7559055 -3.522466 -32.38855
4 16 0.7559055 -3.522466 -32.38855 -0.0027049 0 -39.79722 -0.0027049 -4.302836 -39.56393 0.7559055 -3.927028 -32.34199
2 24 -0.0027049 -4.302836 -39.56393 -0.0027049 0 -39.79722
2 24 0.7559055 -3.522466 -32.38855 0.7559055 -3.927028 -32.34199

4 16 0.7810715 16.71042 -36.11898 0.7810715 17.02782 -36.80502 0.7810715 12.94868 -38.4303 0.7810715 12.70731 -37.71396
2 24 0.7810715 12.94868 -38.4303 0.7810715 17.02782 -36.80502
2 24 0.7810715 12.70731 -37.71396 0.7810715 16.71042 -36.11898
4 16 0.7810715 12.70731 -37.71396 0.7810715 12.94868 -38.4303 0.7810715 8.717724 -39.60502 0.7810715 8.555227 -38.86678
2 24 0.7810715 8.717724 -39.60502 0.7810715 12.94868 -38.4303
2 24 0.7810715 8.555227 -38.86678 0.7810715 12.70731 -37.71396
4 16 0.7810715 8.555227 -38.86678 0.7810715 8.717724 -39.60502 0.7810715 4.384564 -40.3154 0.7810715 4.302836 -39.56393
2 24 0.7810715 4.384564 -40.3154 0.7810715 8.717724 -39.60502
2 24 0.7810715 4.302836 -39.56393 0.7810715 8.555227 -38.86678
4 16 0.7810715 4.302836 -39.56393 0.7810715 4.384564 -40.3154 0.7810715 0 -40.55313 0.7810715 0 -39.79722
2 24 0.7810715 0 -40.55313 0.7810715 4.384564 -40.3154
2 24 0.7810715 0 -39.79722 0.7810715 4.302836 -39.56393
4 16 0.7810715 0 -39.79722 0.7810715 0 -40.55313 0.7810715 -4.384564 -40.3154 0.7810715 -4.302836 -39.56393
2 24 0.7810715 -4.384564 -40.3154 0.7810715 0 -40.55313
2 24 0.7810715 -4.302836 -39.56393 0.7810715 0 -39.79722
4 16 0.7810715 -4.302836 -39.56393 0.7810715 -4.384564 -40.3154 0.7810715 -8.717724 -39.60502 0.7810715 -8.555227 -38.86678
2 24 0.7810715 -8.717724 -39.60502 0.7810715 -4.384564 -40.3154
2 24 0.7810715 -8.555227 -38.86678 0.7810715 -4.302836 -39.56393
4 16 0.7810715 -8.555227 -38.86678 0.7810715 -8.717724 -39.60502 0.7810715 -12.94868 -38.4303 0.7810715 -12.70731 -37.71396
2 24 0.7810715 -12.94868 -38.4303 0.7810715 -8.717724 -39.60502
2 24 0.7810715 -12.70731 -37.71396 0.7810715 -8.555227 -38.86678
4 16 0.7810715 -12.70731 -37.71396 0.7810715 -12.94868 -38.4303 0.7810715 -17.02782 -36.80502 0.7810715 -16.71042 -36.11898
2 24 0.7810715 -17.02782 -36.80502 0.7810715 -12.94868 -38.4303
2 24 0.7810715 -16.71042 -36.11898 0.7810715 -12.70731 -37.71396
4 16 0.7810715 -16.71042 -36.11898 0.7810715 -17.02782 -36.80502 0.7810715 -20.90732 -34.74824 0.7810715 -20.51761 -34.10054
2 24 0.7810715 -20.90732 -34.74824 0.7810715 -17.02782 -36.80502
2 24 0.7810715 -20.51761 -34.10054 0.7810715 -16.71042 -36.11898
4 16 0.7810715 -20.51761 -34.10054 0.7810715 -20.90732 -34.74824 0.7810715 -24.54171 -32.28407 0.7810715 -24.08425 -31.68229
2 24 0.7810715 -24.54171 -32.28407 0.7810715 -20.90732 -34.74824
2 24 0.7810715 -24.08425 -31.68229 0.7810715 -20.51761 -34.10054
4 16 0.7810715 -24.08425 -31.68229 0.7810715 -24.54171 -32.28407 0.7810715 -27.88837 -29.44139 0.7810715 -27.36853 -28.8926
2 24 0.7810715 -27.88837 -29.44139 0.7810715 -24.54171 -32.28407
2 24 0.7810715 -27.36853 -28.8926 0.7810715 -24.08425 -31.68229
4 16 0.7810715 -27.36853 -28.8926 0.7810715 -27.88837 -29.44139 0.7810715 -30.90806 -26.25354 0.7810715 -30.33193 -25.76418
2 24 0.7810715 -30.90806 -26.25354 0.7810715 -27.88837 -29.44139
2 24 0.7810715 -30.33193 -25.76418 0.7810715 -27.36853 -28.8926
4 16 0.7810715 -30.33193 -25.76418 0.7810715 -30.90806 -26.25354 0.7810715 -33.56538 -22.75789 0.7810715 -32.93972 -22.33369
2 24 0.7810715 -33.56538 -22.75789 0.7810715 -30.90806 -26.25354
2 24 0.7810715 -32.93972 -22.33369 0.7810715 -30.33193 -25.76418
4 16 0.7810715 -32.93972 -22.33369 0.7810715 -33.56538 -22.75789 0.7810715 -35.82918 -18.99543 0.7810715 -35.16133 -18.64135
2 24 0.7810715 -35.82918 -18.99543 0.7810715 -33.56538 -22.75789
2 24 0.7810715 -35.16133 -18.64135 0.7810715 -32.93972 -22.33369
4 16 0.7810715 -35.16133 -18.64135 0.7810715 -35.82918 -18.99543 0.7810715 -37.67291 -15.01026 0.7810715 -36.97069 -14.73047
2 24 0.7810715 -37.67291 -15.01026 0.7810715 -35.82918 -18.99543
2 24 0.7810715 -36.97069 -14.73047 0.7810715 -35.16133 -18.64135
4 16 0.7810715 -36.97069 -14.73047 0.7810715 -37.67291 -15.01026 0.7810715 -39.07496 -10.84911 0.7810715 -38.34661 -10.64689
2 24 0.7810715 -39.07496 -10.84911 0.7810715 -37.67291 -15.01026
2 24 0.7810715 -38.34661 -10.64689 0.7810715 -36.97069 -14.73047
4 16 0.7810715 -38.34661 -10.64689 0.7810715 -39.07496 -10.84911 0.7810715 -40.0189 -6.560766 0.7810715 -39.27296 -6.438474
2 24 0.7810715 -40.0189 -6.560766 0.7810715 -39.07496 -10.84911
2 24 0.7810715 -39.27296 -6.438474 0.7810715 -38.34661 -10.64689
4 16 0.7810715 -39.27296 -6.438474 0.7810715 -40.0189 -6.560766 0.7810715 -40.49365 -2.195502 0.7810715 -39.73886 -2.154578
2 24 0.7810715 -40.49365 -2.195502 0.7810715 -40.0189 -6.560766
2 24 0.7810715 -39.73886 -2.154578 0.7810715 -39.27296 -6.438474
4 16 0.7810715 -39.73886 -2.154578 0.7810715 -40.49365 -2.195502 0.7810715 -40.49365 2.195502 0.7810715 -39.73886 2.154578
2 24 0.7810715 -40.49365 2.195502 0.7810715 -40.49365 -2.195502
2 24 0.7810715 -39.73886 2.154578 0.7810715 -39.73886 -2.154578
4 16 0.7810715 -39.73886 2.154578 0.7810715 -40.49365 2.195502 0.7810715 -40.0189 6.560766 0.7810715 -39.27296 6.438474
2 24 0.7810715 -40.0189 6.560766 0.7810715 -40.49365 2.195502
2 24 0.7810715 -39.27296 6.438474 0.7810715 -39.73886 2.154578
4 16 0.7810715 -39.27296 6.438474 0.7810715 -40.0189 6.560766 0.7810715 -39.07496 10.84911 0.7810715 -38.34661 10.64689
2 24 0.7810715 -39.07496 10.84911 0.7810715 -40.0189 6.560766
2 24 0.7810715 -38.34661 10.64689 0.7810715 -39.27296 6.438474
4 16 0.7810715 -38.34661 10.64689 0.7810715 -39.07496 10.84911 0.7810715 -37.67291 15.01026 0.7810715 -36.97069 14.73047
2 24 0.7810715 -37.67291 15.01026 0.7810715 -39.07496 10.84911
2 24 0.7810715 -36.97069 14.73047 0.7810715 -38.34661 10.64689
4 16 0.7810715 -36.97069 14.73047 0.7810715 -37.67291 15.01026 0.7810715 -35.82918 18.99543 0.7810715 -35.16133 18.64135
2 24 0.7810715 -35.82918 18.99543 0.7810715 -37.67291 15.01026
2 24 0.7810715 -35.16133 18.64135 0.7810715 -36.97069 14.73047
4 16 0.7810715 -35.16133 18.64135 0.7810715 -35.82918 18.99543 0.7810715 -33.56538 22.75789 0.7810715 -32.93972 22.33369
2 24 0.7810715 -33.56538 22.75789 0.7810715 -35.82918 18.99543
2 24 0.7810715 -32.93972 22.33369 0.7810715 -35.16133 18.64135
4 16 0.7810715 -32.93972 22.33369 0.7810715 -33.56538 22.75789 0.7810715 -30.90806 26.25354 0.7810715 -30.33193 25.76418
2 24 0.7810715 -30.90806 26.25354 0.7810715 -33.56538 22.75789
2 24 0.7810715 -30.33193 25.76418 0.7810715 -32.93972 22.33369
4 16 0.7810715 -30.33193 25.76418 0.7810715 -30.90806 26.25354 0.7810715 -27.88837 29.44139 0.7810715 -27.36853 28.8926
2 24 0.7810715 -27.88837 29.44139 0.7810715 -30.90806 26.25354
2 24 0.7810715 -27.36853 28.8926 0.7810715 -30.33193 25.76418
4 16 0.7810715 -27.36853 28.8926 0.7810715 -27.88837 29.44139 0.7810715 -24.54171 32.28407 0.7810715 -24.08425 31.68229
2 24 0.7810715 -24.54171 32.28407 0.7810715 -27.88837 29.44139
2 24 0.7810715 -24.08425 31.68229 0.7810715 -27.36853 28.8926
4 16 0.7810715 -24.08425 31.68229 0.7810715 -24.54171 32.28407 0.7810715 -20.90732 34.74824 0.7810715 -20.51761 34.10054
2 24 0.7810715 -20.90732 34.74824 0.7810715 -24.54171 32.28407
2 24 0.7810715 -20.51761 34.10054 0.7810715 -24.08425 31.68229
4 16 0.7810715 -20.51761 34.10054 0.7810715 -20.90732 34.74824 0.7810715 -17.02782 36.80502 0.7810715 -16.71042 36.11898
2 24 0.7810715 -17.02782 36.80502 0.7810715 -20.90732 34.74824
2 24 0.7810715 -16.71042 36.11898 0.7810715 -20.51761 34.10054
4 16 0.7810715 -16.71042 36.11898 0.7810715 -17.02782 36.80502 0.7810715 -12.94868 38.4303 0.7810715 -12.70731 37.71396
2 24 0.7810715 -12.94868 38.4303 0.7810715 -17.02782 36.80502
2 24 0.7810715 -12.70731 37.71396 0.7810715 -16.71042 36.11898
4 16 0.7810715 -12.70731 37.71396 0.7810715 -12.94868 38.4303 0.7810715 -8.717724 39.60502 0.7810715 -8.555227 38.86678
2 24 0.7810715 -8.717724 39.60502 0.7810715 -12.94868 38.4303
2 24 0.7810715 -8.555227 38.86678 0.7810715 -12.70731 37.71396
4 16 0.7810715 -8.555227 38.86678 0.7810715 -8.717724 39.60502 0.7810715 -4.384564 40.3154 0.7810715 -4.302836 39.56393
2 24 0.7810715 -4.384564 40.3154 0.7810715 -8.717724 39.60502
2 24 0.7810715 -4.302836 39.56393 0.7810715 -8.555227 38.86678
4 16 0.7810715 -4.302836 39.56393 0.7810715 -4.384564 40.3154 0.7810715 0 40.55313 0.7810715 0 39.79722
2 24 0.7810715 0 40.55313 0.7810715 -4.384564 40.3154
2 24 0.7810715 0 39.79722 0.7810715 -4.302836 39.56393
4 16 0.7810715 0 39.79722 0.7810715 0 40.55313 0.7810715 4.384564 40.3154 0.7810715 4.302836 39.56393
2 24 0.7810715 4.384564 40.3154 0.7810715 0 40.55313
2 24 0.7810715 4.302836 39.56393 0.7810715 0 39.79722
4 16 0.7810715 4.302836 39.56393 0.7810715 4.384564 40.3154 0.7810715 8.717724 39.60502 0.7810715 8.555227 38.86678
2 24 0.7810715 8.717724 39.60502 0.7810715 4.384564 40.3154
2 24 0.7810715 8.555227 38.86678 0.7810715 4.302836 39.56393
4 16 0.7810715 8.555227 38.86678 0.7810715 8.717724 39.60502 0.7810715 12.94868 38.4303 0.7810715 12.70731 37.71396
2 24 0.7810715 12.94868 38.4303 0.7810715 8.717724 39.60502
2 24 0.7810715 12.70731 37.71396 0.7810715 8.555227 38.86678
4 16 0.7810715 12.70731 37.71396 0.7810715 12.94868 38.4303 0.7810715 17.02782 36.80502 0.7810715 16.71042 36.11898
2 24 0.7810715 17.02782 36.80502 0.7810715 12.94868 38.4303
2 24 0.7810715 16.71042 36.11898 0.7810715 12.70731 37.71396
4 16 0.7810715 16.71042 36.11898 0.7810715 17.02782 36.80502 0.7810715 20.90732 34.74824 0.7810715 20.51761 34.10054
2 24 0.7810715 20.90732 34.74824 0.7810715 17.02782 36.80502
2 24 0.7810715 20.51761 34.10054 0.7810715 16.71042 36.11898
4 16 0.7810715 20.51761 34.10054 0.7810715 20.90732 34.74824 0.7810715 24.54171 32.28407 0.7810715 24.08425 31.68229
2 24 0.7810715 24.54171 32.28407 0.7810715 20.90732 34.74824
2 24 0.7810715 24.08425 31.68229 0.7810715 20.51761 34.10054
4 16 0.7810715 24.08425 31.68229 0.7810715 24.54171 32.28407 0.7810715 27.88837 29.44139 0.7810715 27.36853 28.8926
2 24 0.7810715 27.88837 29.44139 0.7810715 24.54171 32.28407
2 24 0.7810715 27.36853 28.8926 0.7810715 24.08425 31.68229
4 16 0.7810715 27.36853 28.8926 0.7810715 27.88837 29.44139 0.7810715 30.90806 26.25354 0.7810715 30.33193 25.76418
2 24 0.7810715 30.90806 26.25354 0.7810715 27.88837 29.44139
2 24 0.7810715 30.33193 25.76418 0.7810715 27.36853 28.8926
4 16 0.7810715 30.33193 25.76418 0.7810715 30.90806 26.25354 0.7810715 33.56538 22.75789 0.7810715 32.93972 22.33369
2 24 0.7810715 33.56538 22.75789 0.7810715 30.90806 26.25354
2 24 0.7810715 32.93972 22.33369 0.7810715 30.33193 25.76418
4 16 0.7810715 32.93972 22.33369 0.7810715 33.56538 22.75789 0.7810715 35.82918 18.99543 0.7810715 35.16133 18.64135
2 24 0.7810715 35.82918 18.99543 0.7810715 33.56538 22.75789
2 24 0.7810715 35.16133 18.64135 0.7810715 32.93972 22.33369
4 16 0.7810715 35.16133 18.64135 0.7810715 35.82918 18.99543 0.7810715 37.67291 15.01026 0.7810715 36.97069 14.73047
2 24 0.7810715 37.67291 15.01026 0.7810715 35.82918 18.99543
2 24 0.7810715 36.97069 14.73047 0.7810715 35.16133 18.64135
4 16 0.7810715 36.97069 14.73047 0.7810715 37.67291 15.01026 0.7810715 39.07496 10.84911 0.7810715 38.34661 10.64689
2 24 0.7810715 39.07496 10.84911 0.7810715 37.67291 15.01026
2 24 0.7810715 38.34661 10.64689 0.7810715 36.97069 14.73047
4 16 0.7810715 38.34661 10.64689 0.7810715 39.07496 10.84911 0.7810715 40.0189 6.560766 0.7810715 39.27296 6.438474
2 24 0.7810715 40.0189 6.560766 0.7810715 39.07496 10.84911
2 24 0.7810715 39.27296 6.438474 0.7810715 38.34661 10.64689
4 16 0.7810715 39.27296 6.438474 0.7810715 40.0189 6.560766 0.7810715 40.49365 2.195502 0.7810715 39.73886 2.154578
2 24 0.7810715 40.49365 2.195502 0.7810715 40.0189 6.560766
2 24 0.7810715 39.73886 2.154578 0.7810715 39.27296 6.438474
4 16 0.7810715 39.73886 2.154578 0.7810715 40.49365 2.195502 0.7810715 40.49365 -2.195502 0.7810715 39.73886 -2.154578
2 24 0.7810715 40.49365 -2.195502 0.7810715 40.49365 2.195502
2 24 0.7810715 39.73886 -2.154578 0.7810715 39.73886 2.154578
4 16 0.7810715 39.73886 -2.154578 0.7810715 40.49365 -2.195502 0.7810715 40.0189 -6.560766 0.7810715 39.27296 -6.438474
2 24 0.7810715 40.0189 -6.560766 0.7810715 40.49365 -2.195502
2 24 0.7810715 39.27296 -6.438474 0.7810715 39.73886 -2.154578
4 16 0.7810715 39.27296 -6.438474 0.7810715 40.0189 -6.560766 0.7810715 39.07496 -10.84911 0.7810715 38.34661 -10.64689
2 24 0.7810715 39.07496 -10.84911 0.7810715 40.0189 -6.560766
2 24 0.7810715 38.34661 -10.64689 0.7810715 39.27296 -6.438474
4 16 0.7810715 38.34661 -10.64689 0.7810715 39.07496 -10.84911 0.7810715 37.67291 -15.01026 0.7810715 36.97069 -14.73047
2 24 0.7810715 37.67291 -15.01026 0.7810715 39.07496 -10.84911
2 24 0.7810715 36.97069 -14.73047 0.7810715 38.34661 -10.64689
4 16 0.7810715 36.97069 -14.73047 0.7810715 37.67291 -15.01026 0.7810715 35.82918 -18.99543 0.7810715 35.16133 -18.64135
2 24 0.7810715 35.82918 -18.99543 0.7810715 37.67291 -15.01026
2 24 0.7810715 35.16133 -18.64135 0.7810715 36.97069 -14.73047
4 16 0.7810715 35.16133 -18.64135 0.7810715 35.82918 -18.99543 0.7810715 33.56538 -22.75789 0.7810715 32.93972 -22.33369
2 24 0.7810715 33.56538 -22.75789 0.7810715 35.82918 -18.99543
2 24 0.7810715 32.93972 -22.33369 0.7810715 35.16133 -18.64135
4 16 0.7810715 32.93972 -22.33369 0.7810715 33.56538 -22.75789 0.7810715 30.90806 -26.25354 0.7810715 30.33193 -25.76418
2 24 0.7810715 30.90806 -26.25354 0.7810715 33.56538 -22.75789
2 24 0.7810715 30.33193 -25.76418 0.7810715 32.93972 -22.33369
4 16 0.7810715 30.33193 -25.76418 0.7810715 30.90806 -26.25354 0.7810715 27.88837 -29.44139 0.7810715 27.36853 -28.8926
2 24 0.7810715 27.88837 -29.44139 0.7810715 30.90806 -26.25354
2 24 0.7810715 27.36853 -28.8926 0.7810715 30.33193 -25.76418
4 16 0.7810715 27.36853 -28.8926 0.7810715 27.88837 -29.44139 0.7810715 24.54171 -32.28407 0.7810715 24.08425 -31.68229
2 24 0.7810715 24.54171 -32.28407 0.7810715 27.88837 -29.44139
2 24 0.7810715 24.08425 -31.68229 0.7810715 27.36853 -28.8926
4 16 0.7810715 24.08425 -31.68229 0.7810715 24.54171 -32.28407 0.7810715 20.90732 -34.74824 0.7810715 20.51761 -34.10054
2 24 0.7810715 20.90732 -34.74824 0.7810715 24.54171 -32.28407
2 24 0.7810715 20.51761 -34.10054 0.7810715 24.08425 -31.68229
4 16 0.7810715 20.51761 -34.10054 0.7810715 20.90732 -34.74824 0.7810715 17.02782 -36.80502 0.7810715 16.71042 -36.11898
2 24 0.7810715 17.02782 -36.80502 0.7810715 20.90732 -34.74824
2 24 0.7810715 16.71042 -36.11898 0.7810715 20.51761 -34.10054

4 16 0.76 3.43 5.8 0.76 14.79 28.18 0.76 18.08 26.19 0.76 4.38 5.13
2 24 0.76 14.79 28.18 0.76 18.08 26.19
3 16 0.76 4.38 5.13 0.76 18.08 26.19 0.76 21.1 23.82
2 24 0.76 18.08 26.19 0.76 21.1 23.82
4 16 0.76 4.38 5.13 0.76 21.1 23.82 0.76 23.82 21.1 0.76 5.19 4.3
2 24 0.76 21.1 23.82 0.76 23.82 21.1
3 16 0.76 0.11 6.74 0.76 0 31.82 0.76 3.84 31.59
2 24 0.76 0 31.82 0.76 3.84 31.59
4 16 0.76 0.11 6.74 0.76 3.84 31.59 0.76 7.62 30.9 0.76 1.26 6.62
2 24 0.76 3.84 31.59 0.76 7.62 30.9
4 16 0.76 1.26 6.62 0.76 7.62 30.9 0.76 11.28 29.76 0.76 2.38 6.31
2 24 0.76 7.62 30.9 0.76 11.28 29.76
4 16 0.76 2.38 6.31 0.76 11.28 29.76 0.76 14.79 28.18 0.76 3.43 5.8
2 24 0.76 11.28 29.76 0.76 14.79 28.18
4 16 0.76 6.34 2.28 0.76 29.76 11.28 0.76 30.9 7.62 0.76 6.64 1.16
2 24 0.76 29.76 11.28 0.76 30.9 7.62
3 16 0.76 6.64 1.16 0.76 30.9 7.62 0.76 31.59 3.84
2 24 0.76 30.9 7.62 0.76 31.59 3.84
4 16 0.76 6.64 1.16 0.76 31.59 3.84 0.76 31.82 0 0.76 6.74 0
2 24 0.76 31.59 3.84 0.76 31.82 0
4 16 0.76 6.74 0 0.76 31.82 0 0.76 31.59 -3.84 0.76 6.64 -1.16
2 24 0.76 31.82 0 0.76 31.59 -3.84
3 16 0.76 6.64 -1.16 0.76 31.59 -3.84 0.76 30.9 -7.62
2 24 0.76 31.59 -3.84 0.76 30.9 -7.62
4 16 0.76 6.64 -1.16 0.76 30.9 -7.62 0.76 29.76 -11.28 0.76 6.34 -2.28
2 24 0.76 30.9 -7.62 0.76 29.76 -11.28
4 16 0.76 6.34 -2.28 0.76 29.76 -11.28 0.76 28.18 -14.79 0.76 5.85 -3.34
2 24 0.76 29.76 -11.28 0.76 28.18 -14.79
4 16 0.76 4.38 -5.13 0.76 21.1 -23.82 0.76 18.08 -26.19 0.76 3.43 -5.8
2 24 0.76 21.1 -23.82 0.76 18.08 -26.19
3 16 0.76 3.43 -5.8 0.76 18.08 -26.19 0.76 14.79 -28.18
2 24 0.76 18.08 -26.19 0.76 14.79 -28.18
4 16 0.76 3.43 -5.8 0.76 14.79 -28.18 0.76 11.28 -29.76 0.76 2.38 -6.31
2 24 0.76 14.79 -28.18 0.76 11.28 -29.76
4 16 0.76 2.38 -6.31 0.76 11.28 -29.76 0.76 7.62 -30.9 0.76 1.26 -6.62
2 24 0.76 11.28 -29.76 0.76 7.62 -30.9
3 16 0.76 5.19 4.3 0.76 23.82 21.1 0.76 26.19 18.08
2 24 0.76 23.82 21.1 0.76 26.19 18.08
4 16 0.76 5.19 4.3 0.76 26.19 18.08 0.76 28.18 14.79 0.76 5.85 3.34
2 24 0.76 26.19 18.08 0.76 28.18 14.79
4 16 0.76 5.85 3.34 0.76 28.18 14.79 0.76 29.76 11.28 0.76 6.34 2.28
2 24 0.76 28.18 14.79 0.76 29.76 11.28
3 16 0.76 5.85 -3.34 0.76 28.18 -14.79 0.76 26.19 -18.08
2 24 0.76 28.18 -14.79 0.76 26.19 -18.08
4 16 0.76 5.85 -3.34 0.76 26.19 -18.08 0.76 23.82 -21.1 0.76 5.19 -4.3
2 24 0.76 26.19 -18.08 0.76 23.82 -21.1
4 16 0.76 5.19 -4.3 0.76 23.82 -21.1 0.76 21.1 -23.82 0.76 4.38 -5.13
2 24 0.76 23.82 -21.1 0.76 21.1 -23.82
3 16 0.76 0 -31.82 0.76 0.11 -6.74 0.76 3.84 -31.59
2 24 0.76 3.84 -31.59 0.76 0 -31.82
4 16 0.76 3.84 -31.59 0.76 0.11 -6.74 0.76 1.26 -6.62 0.76 7.62 -30.9
2 24 0.76 7.62 -30.9 0.76 3.84 -31.59

4 16 0.76 -6.34 -2.28 0.76 -5.85 -3.34 0.76 -28.18 -14.79 0.76 -29.76 -11.28
2 24 0.76 -28.18 -14.79 0.76 -29.76 -11.28
4 16 0.76 -4.38 5.13 0.76 -21.1 23.82 0.76 -18.08 26.19 0.76 -3.43 5.8
2 24 0.76 -21.1 23.82 0.76 -18.08 26.19
3 16 0.76 -3.43 5.8 0.76 -18.08 26.19 0.76 -14.79 28.18
2 24 0.76 -18.08 26.19 0.76 -14.79 28.18
4 16 0.76 -3.43 5.8 0.76 -14.79 28.18 0.76 -11.28 29.76 0.76 -2.38 6.31
2 24 0.76 -14.79 28.18 0.76 -11.28 29.76
4 16 0.76 -2.38 6.31 0.76 -11.28 29.76 0.76 -7.62 30.9 0.76 -1.26 6.62
2 24 0.76 -11.28 29.76 0.76 -7.62 30.9
4 16 0.76 -1.26 6.62 0.76 -7.62 30.9 0.76 -3.84 31.59 0.76 -0.11 6.74
2 24 0.76 -7.62 30.9 0.76 -3.84 31.59
3 16 0.76 -0.11 6.74 0.76 -3.84 31.59 0.76 0 31.82
2 24 0.76 -3.84 31.59 0.76 0 31.82
4 16 0.76 -5.85 3.34 0.76 -28.18 14.79 0.76 -26.19 18.08 0.76 -5.19 4.3
2 24 0.76 -28.18 14.79 0.76 -26.19 18.08
3 16 0.76 -5.19 4.3 0.76 -26.19 18.08 0.76 -23.82 21.1
2 24 0.76 -26.19 18.08 0.76 -23.82 21.1
4 16 0.76 -5.19 4.3 0.76 -23.82 21.1 0.76 -21.1 23.82 0.76 -4.38 5.13
2 24 0.76 -23.82 21.1 0.76 -21.1 23.82
3 16 0.76 -28.18 -14.79 0.76 -5.85 -3.34 0.76 -26.19 -18.08
2 24 0.76 -26.19 -18.08 0.76 -28.18 -14.79
4 16 0.76 -26.19 -18.08 0.76 -5.85 -3.34 0.76 -5.19 -4.3 0.76 -23.82 -21.1
2 24 0.76 -23.82 -21.1 0.76 -26.19 -18.08
3 16 0.76 -6.34 -2.28 0.76 -29.76 -11.28 0.76 -30.9 -7.62
2 24 0.76 -29.76 -11.28 0.76 -30.9 -7.62
4 16 0.76 -6.34 -2.28 0.76 -30.9 -7.62 0.76 -31.59 -3.84 0.76 -6.64 -1.16
2 24 0.76 -30.9 -7.62 0.76 -31.59 -3.84
4 16 0.76 -6.64 -1.16 0.76 -31.59 -3.84 0.76 -31.82 0 0.76 -6.74 0
2 24 0.76 -31.59 -3.84 0.76 -31.82 0
4 16 0.76 -6.74 0 0.76 -31.82 0 0.76 -31.59 3.84 0.76 -6.64 1.16
2 24 0.76 -31.82 0 0.76 -31.59 3.84
3 16 0.76 -6.64 1.16 0.76 -31.59 3.84 0.76 -30.9 7.62
2 24 0.76 -31.59 3.84 0.76 -30.9 7.62
4 16 0.76 -6.64 1.16 0.76 -30.9 7.62 0.76 -29.76 11.28 0.76 -6.34 2.28
2 24 0.76 -30.9 7.62 0.76 -29.76 11.28
4 16 0.76 -6.34 2.28 0.76 -29.76 11.28 0.76 -28.18 14.79 0.76 -5.85 3.34
2 24 0.76 -29.76 11.28 0.76 -28.18 14.79
3 16 0.76 -23.82 -21.1 0.76 -5.19 -4.3 0.76 -21.1 -23.82
2 24 0.76 -21.1 -23.82 0.76 -23.82 -21.1
4 16 0.76 -21.1 -23.82 0.76 -5.19 -4.3 0.76 -4.38 -5.13 0.76 -18.08 -26.19
2 24 0.76 -18.08 -26.19 0.76 -21.1 -23.82
4 16 0.76 -18.08 -26.19 0.76 -4.38 -5.13 0.76 -3.43 -5.8 0.76 -14.79 -28.18
2 24 0.76 -14.79 -28.18 0.76 -18.08 -26.19
3 16 0.76 -14.79 -28.18 0.76 -3.43 -5.8 0.76 -11.28 -29.76
2 24 0.76 -11.28 -29.76 0.76 -14.79 -28.18
4 16 0.76 -11.28 -29.76 0.76 -3.43 -5.8 0.76 -2.38 -6.31 0.76 -7.62 -30.9
2 24 0.76 -7.62 -30.9 0.76 -11.28 -29.76
4 16 0.76 -7.62 -30.9 0.76 -2.38 -6.31 0.76 -1.26 -6.62 0.76 -3.84 -31.59
2 24 0.76 -3.84 -31.59 0.76 -7.62 -30.9
4 16 0.76 -3.84 -31.59 0.76 -1.26 -6.62 0.76 -0.11 -6.74 0.76 0 -31.82
2 24 0.76 0 -31.82 0.76 -3.84 -31.59

4 16 1.51 30.9 -7.62 1.51 31.63 -7.8 1.51 30.46 -11.55 1.51 29.76 -11.28
2 24 1.51 31.63 -7.8 1.51 30.46 -11.55
2 24 1.51 29.76 -11.28 1.51 30.9 -7.62
4 16 1.51 29.76 -11.28 1.51 30.46 -11.55 1.51 28.85 -15.14 1.51 28.18 -14.79
2 24 1.51 30.46 -11.55 1.51 28.85 -15.14
2 24 1.51 28.18 -14.79 1.51 29.76 -11.28
4 16 1.51 28.18 -14.79 1.51 28.85 -15.14 1.51 26.81 -18.51 1.51 26.19 -18.08
2 24 1.51 28.85 -15.14 1.51 26.81 -18.51
2 24 1.51 26.19 -18.08 1.51 28.18 -14.79
4 16 1.51 26.19 -18.08 1.51 26.81 -18.51 1.51 24.39 -21.6 1.51 23.82 -21.1
2 24 1.51 26.81 -18.51 1.51 24.39 -21.6
2 24 1.51 23.82 -21.1 1.51 26.19 -18.08
4 16 1.51 23.82 -21.1 1.51 24.39 -21.6 1.51 21.6 -24.39 1.51 21.1 -23.82
2 24 1.51 24.39 -21.6 1.51 21.6 -24.39
2 24 1.51 21.1 -23.82 1.51 23.82 -21.1
4 16 1.51 21.1 -23.82 1.51 21.6 -24.39 1.51 18.51 -26.81 1.51 18.08 -26.19
2 24 1.51 21.6 -24.39 1.51 18.51 -26.81
2 24 1.51 18.08 -26.19 1.51 21.1 -23.82
4 16 1.51 18.08 -26.19 1.51 18.51 -26.81 1.51 15.14 -28.85 1.51 14.79 -28.18
2 24 1.51 18.51 -26.81 1.51 15.14 -28.85
2 24 1.51 14.79 -28.18 1.51 18.08 -26.19
4 16 1.51 14.79 -28.18 1.51 15.14 -28.85 1.51 11.55 -30.46 1.51 11.28 -29.76
2 24 1.51 15.14 -28.85 1.51 11.55 -30.46
2 24 1.51 11.28 -29.76 1.51 14.79 -28.18
4 16 1.51 11.28 -29.76 1.51 11.55 -30.46 1.51 7.8 -31.63 1.51 7.62 -30.9
2 24 1.51 11.55 -30.46 1.51 7.8 -31.63
2 24 1.51 7.62 -30.9 1.51 11.28 -29.76
4 16 1.51 7.62 -30.9 1.51 7.8 -31.63 1.51 3.93 -32.34 1.51 3.84 -31.59
2 24 1.51 7.8 -31.63 1.51 3.93 -32.34
2 24 1.51 3.84 -31.59 1.51 7.62 -30.9
4 16 1.51 3.84 -31.59 1.51 3.93 -32.34 1.51 0 -32.58 1.51 0 -31.82
2 24 1.51 3.93 -32.34 1.51 0 -32.58
2 24 1.51 0 -31.82 1.51 3.84 -31.59
4 16 1.51 0 -31.82 1.51 0 -32.58 1.51 -3.93 -32.34 1.51 -3.84 -31.59
2 24 1.51 0 -32.58 1.51 -3.93 -32.34
2 24 1.51 -3.84 -31.59 1.51 0 -31.82
4 16 1.51 -3.84 -31.59 1.51 -3.93 -32.34 1.51 -7.8 -31.63 1.51 -7.62 -30.9
2 24 1.51 -3.93 -32.34 1.51 -7.8 -31.63
2 24 1.51 -7.62 -30.9 1.51 -3.84 -31.59
4 16 1.51 -7.62 -30.9 1.51 -7.8 -31.63 1.51 -11.55 -30.46 1.51 -11.28 -29.76
2 24 1.51 -7.8 -31.63 1.51 -11.55 -30.46
2 24 1.51 -11.28 -29.76 1.51 -7.62 -30.9
4 16 1.51 -11.28 -29.76 1.51 -11.55 -30.46 1.51 -15.14 -28.85 1.51 -14.79 -28.18
2 24 1.51 -11.55 -30.46 1.51 -15.14 -28.85
2 24 1.51 -14.79 -28.18 1.51 -11.28 -29.76
4 16 1.51 -14.79 -28.18 1.51 -15.14 -28.85 1.51 -18.51 -26.81 1.51 -18.08 -26.19
2 24 1.51 -15.14 -28.85 1.51 -18.51 -26.81
2 24 1.51 -18.08 -26.19 1.51 -14.79 -28.18
4 16 1.51 -18.08 -26.19 1.51 -18.51 -26.81 1.51 -21.6 -24.39 1.51 -21.1 -23.82
2 24 1.51 -18.51 -26.81 1.51 -21.6 -24.39
2 24 1.51 -21.1 -23.82 1.51 -18.08 -26.19
4 16 1.51 -21.1 -23.82 1.51 -21.6 -24.39 1.51 -24.39 -21.6 1.51 -23.82 -21.1
2 24 1.51 -21.6 -24.39 1.51 -24.39 -21.6
2 24 1.51 -23.82 -21.1 1.51 -21.1 -23.82
4 16 1.51 -23.82 -21.1 1.51 -24.39 -21.6 1.51 -26.81 -18.51 1.51 -26.19 -18.08
2 24 1.51 -24.39 -21.6 1.51 -26.81 -18.51
2 24 1.51 -26.19 -18.08 1.51 -23.82 -21.1
4 16 1.51 -26.19 -18.08 1.51 -26.81 -18.51 1.51 -28.85 -15.14 1.51 -28.18 -14.79
2 24 1.51 -26.81 -18.51 1.51 -28.85 -15.14
2 24 1.51 -28.18 -14.79 1.51 -26.19 -18.08
4 16 1.51 -28.18 -14.79 1.51 -28.85 -15.14 1.51 -30.46 -11.55 1.51 -29.76 -11.28
2 24 1.51 -28.85 -15.14 1.51 -30.46 -11.55
2 24 1.51 -29.76 -11.28 1.51 -28.18 -14.79
4 16 1.51 -29.76 -11.28 1.51 -30.46 -11.55 1.51 -31.63 -7.8 1.51 -30.9 -7.62
2 24 1.51 -30.46 -11.55 1.51 -31.63 -7.8
2 24 1.51 -30.9 -7.62 1.51 -29.76 -11.28
4 16 1.51 -30.9 -7.62 1.51 -31.63 -7.8 1.51 -32.34 -3.93 1.51 -31.59 -3.84
2 24 1.51 -31.63 -7.8 1.51 -32.34 -3.93
2 24 1.51 -31.59 -3.84 1.51 -30.9 -7.62
4 16 1.51 -31.59 -3.84 1.51 -32.34 -3.93 1.51 -32.58 0 1.51 -31.82 0
2 24 1.51 -32.34 -3.93 1.51 -32.58 0
2 24 1.51 -31.82 0 1.51 -31.59 -3.84
4 16 1.51 -31.82 0 1.51 -32.58 0 1.51 -32.34 3.93 1.51 -31.59 3.84
2 24 1.51 -32.58 0 1.51 -32.34 3.93
2 24 1.51 -31.59 3.84 1.51 -31.82 0
4 16 1.51 -31.59 3.84 1.51 -32.34 3.93 1.51 -31.63 7.8 1.51 -30.9 7.62
2 24 1.51 -32.34 3.93 1.51 -31.63 7.8
2 24 1.51 -30.9 7.62 1.51 -31.59 3.84
4 16 1.51 -30.9 7.62 1.51 -31.63 7.8 1.51 -30.46 11.55 1.51 -29.76 11.28
2 24 1.51 -31.63 7.8 1.51 -30.46 11.55
2 24 1.51 -29.76 11.28 1.51 -30.9 7.62
4 16 1.51 -29.76 11.28 1.51 -30.46 11.55 1.51 -28.85 15.14 1.51 -28.18 14.79
2 24 1.51 -30.46 11.55 1.51 -28.85 15.14
2 24 1.51 -28.18 14.79 1.51 -29.76 11.28
4 16 1.51 -28.18 14.79 1.51 -28.85 15.14 1.51 -26.81 18.51 1.51 -26.19 18.08
2 24 1.51 -28.85 15.14 1.51 -26.81 18.51
2 24 1.51 -26.19 18.08 1.51 -28.18 14.79
4 16 1.51 -26.19 18.08 1.51 -26.81 18.51 1.51 -24.39 21.6 1.51 -23.82 21.1
2 24 1.51 -26.81 18.51 1.51 -24.39 21.6
2 24 1.51 -23.82 21.1 1.51 -26.19 18.08
4 16 1.51 -23.82 21.1 1.51 -24.39 21.6 1.51 -21.6 24.39 1.51 -21.1 23.82
2 24 1.51 -24.39 21.6 1.51 -21.6 24.39
2 24 1.51 -21.1 23.82 1.51 -23.82 21.1
4 16 1.51 -21.1 23.82 1.51 -21.6 24.39 1.51 -18.51 26.81 1.51 -18.08 26.19
2 24 1.51 -21.6 24.39 1.51 -18.51 26.81
2 24 1.51 -18.08 26.19 1.51 -21.1 23.82
4 16 1.51 -18.08 26.19 1.51 -18.51 26.81 1.51 -15.14 28.85 1.51 -14.79 28.18
2 24 1.51 -18.51 26.81 1.51 -15.14 28.85
2 24 1.51 -14.79 28.18 1.51 -18.08 26.19
4 16 1.51 -14.79 28.18 1.51 -15.14 28.85 1.51 -11.55 30.46 1.51 -11.28 29.76
2 24 1.51 -15.14 28.85 1.51 -11.55 30.46
2 24 1.51 -11.28 29.76 1.51 -14.79 28.18
4 16 1.51 -11.28 29.76 1.51 -11.55 30.46 1.51 -7.8 31.63 1.51 -7.62 30.9
2 24 1.51 -11.55 30.46 1.51 -7.8 31.63
2 24 1.51 -7.62 30.9 1.51 -11.28 29.76
4 16 1.51 -7.62 30.9 1.51 -7.8 31.63 1.51 -3.93 32.34 1.51 -3.84 31.59
2 24 1.51 -7.8 31.63 1.51 -3.93 32.34
2 24 1.51 -3.84 31.59 1.51 -7.62 30.9
4 16 1.51 -3.84 31.59 1.51 -3.93 32.34 1.51 0 32.58 1.51 0 31.82
2 24 1.51 -3.93 32.34 1.51 0 32.58
2 24 1.51 0 31.82 1.51 -3.84 31.59
4 16 1.51 0 31.82 1.51 0 32.58 1.51 3.93 32.34 1.51 3.84 31.59
2 24 1.51 0 32.58 1.51 3.93 32.34
2 24 1.51 3.84 31.59 1.51 0 31.82
4 16 1.51 3.84 31.59 1.51 3.93 32.34 1.51 7.8 31.63 1.51 7.62 30.9
2 24 1.51 3.93 32.34 1.51 7.8 31.63
2 24 1.51 7.62 30.9 1.51 3.84 31.59
4 16 1.51 7.62 30.9 1.51 7.8 31.63 1.51 11.55 30.46 1.51 11.28 29.76
2 24 1.51 7.8 31.63 1.51 11.55 30.46
2 24 1.51 11.28 29.76 1.51 7.62 30.9
4 16 1.51 11.28 29.76 1.51 11.55 30.46 1.51 15.14 28.85 1.51 14.79 28.18
2 24 1.51 11.55 30.46 1.51 15.14 28.85
2 24 1.51 14.79 28.18 1.51 11.28 29.76
4 16 1.51 14.79 28.18 1.51 15.14 28.85 1.51 18.51 26.81 1.51 18.08 26.19
2 24 1.51 15.14 28.85 1.51 18.51 26.81
2 24 1.51 18.08 26.19 1.51 14.79 28.18
4 16 1.51 18.08 26.19 1.51 18.51 26.81 1.51 21.6 24.39 1.51 21.1 23.82
2 24 1.51 18.51 26.81 1.51 21.6 24.39
2 24 1.51 21.1 23.82 1.51 18.08 26.19
4 16 1.51 21.1 23.82 1.51 21.6 24.39 1.51 24.39 21.6 1.51 23.82 21.1
2 24 1.51 21.6 24.39 1.51 24.39 21.6
2 24 1.51 23.82 21.1 1.51 21.1 23.82
4 16 1.51 23.82 21.1 1.51 24.39 21.6 1.51 26.81 18.51 1.51 26.19 18.08
2 24 1.51 24.39 21.6 1.51 26.81 18.51
2 24 1.51 26.19 18.08 1.51 23.82 21.1
4 16 1.51 26.19 18.08 1.51 26.81 18.51 1.51 28.85 15.14 1.51 28.18 14.79
2 24 1.51 26.81 18.51 1.51 28.85 15.14
2 24 1.51 28.18 14.79 1.51 26.19 18.08
4 16 1.51 28.18 14.79 1.51 28.85 15.14 1.51 30.46 11.55 1.51 29.76 11.28
2 24 1.51 28.85 15.14 1.51 30.46 11.55
2 24 1.51 29.76 11.28 1.51 28.18 14.79
4 16 1.51 29.76 11.28 1.51 30.46 11.55 1.51 31.63 7.8 1.51 30.9 7.62
2 24 1.51 30.46 11.55 1.51 31.63 7.8
2 24 1.51 30.9 7.62 1.51 29.76 11.28
4 16 1.51 30.9 7.62 1.51 31.63 7.8 1.51 32.34 3.93 1.51 31.59 3.84
2 24 1.51 31.63 7.8 1.51 32.34 3.93
2 24 1.51 31.59 3.84 1.51 30.9 7.62
4 16 1.51 31.59 3.84 1.51 32.34 3.93 1.51 32.58 0 1.51 31.82 0
2 24 1.51 32.34 3.93 1.51 32.58 0
2 24 1.51 31.82 0 1.51 31.59 3.84
4 16 1.51 31.82 0 1.51 32.58 0 1.51 32.34 -3.93 1.51 31.59 -3.84
2 24 1.51 32.58 0 1.51 32.34 -3.93
2 24 1.51 31.59 -3.84 1.51 31.82 0
4 16 1.51 31.59 -3.84 1.51 32.34 -3.93 1.51 31.63 -7.8 1.51 30.9 -7.62
2 24 1.51 32.34 -3.93 1.51 31.63 -7.8
2 24 1.51 30.9 -7.62 1.51 31.59 -3.84

3 16 2.519685 3.900481 44.99878 2.519685 47.76819 44.99878 2.52 3.9 45
4 16 15.67219 47.76819 44.99878 2.519685 47.76819 44.99878 2.519685 3.900481 44.99878 15.67219 3.900472 44.99878

3 16 0.5 6.1 2.2 0.25 6.1 2.2 0.5 6.1 2.22
3 16 0.5 6.1 2.22 0.25 6.1 2.2 0.25 6.1 2.22

3 16 0.5 6.39 1.12 0.25 6.39 1.12 0.5 6.39 1.13
3 16 0.5 6.39 1.13 0.25 6.39 1.12 0.25 6.39 1.13

3 16 0.5 6.39 -1.13 0.25 6.39 -1.13 0.5 6.39 -1.12
3 16 0.5 6.39 -1.12 0.25 6.39 -1.13 0.25 6.39 -1.12

3 16 0.5 6.1 -2.22 0.25 6.1 -2.22 0.5 6.1 -2.2
3 16 0.5 6.1 -2.2 0.25 6.1 -2.22 0.25 6.1 -2.2

3 16 0.01 0.1 6.3 0 0.1 6.26 0.01 0 6.3
3 16 0.01 0 6.3 0 0.1 6.26 0 0 6.26

3 16 0.01 0 -6.3 0 0 -6.26 0.01 0.1 -6.3
3 16 0.01 0.1 -6.3 0 0 -6.26 0 0.1 -6.26

3 16 0.02 0.1 6.34 0.01 0.1 6.3 0.02 0 6.34
3 16 0.02 0 6.34 0.01 0.1 6.3 0.01 0 6.3

3 16 0.02 0 -6.34 0.01 0 -6.3 0.02 0.1 -6.34
3 16 0.02 0.1 -6.34 0.01 0 -6.3 0.01 0.1 -6.3

3 16 0.05 0.1 6.38 0.02 0.1 6.34 0.05 0 6.38
3 16 0.05 0 6.38 0.02 0.1 6.34 0.02 0 6.34

3 16 0.05 0 -6.38 0.02 0 -6.34 0.05 0.1 -6.38
3 16 0.05 0.1 -6.38 0.02 0 -6.34 0.02 0.1 -6.34

3 16 0.07 0.1 6.41 0.05 0.1 6.38 0.07 0 6.41
3 16 0.07 0 6.41 0.05 0.1 6.38 0.05 0 6.38

3 16 0.07 0 -6.41 0.05 0 -6.38 0.07 0.1 -6.41
3 16 0.07 0.1 -6.41 0.05 0 -6.38 0.05 0.1 -6.38

3 16 0.11 0.1 6.44 0.07 0.1 6.41 0.11 0 6.44
3 16 0.11 0 6.44 0.07 0.1 6.41 0.07 0 6.41

3 16 0.11 0 -6.44 0.07 0 -6.41 0.11 0.1 -6.44
3 16 0.11 0.1 -6.44 0.07 0 -6.41 0.07 0.1 -6.41

3 16 0.14 0.1 6.46 0.11 0.1 6.44 0.14 0 6.46
3 16 0.14 0 6.46 0.11 0.1 6.44 0.11 0 6.44

3 16 0.14 0 -6.46 0.11 0 -6.44 0.14 0.1 -6.46
3 16 0.14 0.1 -6.46 0.11 0 -6.44 0.11 0.1 -6.44

3 16 0.19 0.1 6.48 0.14 0.1 6.46 0.19 0 6.48
3 16 0.19 0 6.48 0.14 0.1 6.46 0.14 0 6.46

3 16 0.19 0 -6.48 0.14 0 -6.46 0.19 0.1 -6.48
3 16 0.19 0.1 -6.48 0.14 0 -6.46 0.14 0.1 -6.46

3 16 0.23 0.1 6.49 0.19 0.1 6.48 0.23 0 6.49
3 16 0.23 0 6.49 0.19 0.1 6.48 0.19 0 6.48

3 16 0.23 0 -6.49 0.19 0 -6.48 0.23 0.1 -6.49
3 16 0.23 0.1 -6.49 0.19 0 -6.48 0.19 0.1 -6.48

3 16 0.25 0.1 6.49 0.23 0.1 6.49 0.23 0 6.49
3 16 0.25 0.1 6.49 0.23 0 6.49 0.25 0 6.49

3 16 0.23 0 -6.49 0.23 0.1 -6.49 0.25 0 -6.49
3 16 0.25 0 -6.49 0.23 0.1 -6.49 0.25 0.1 -6.49

3 16 0 -0.1 6.24 0 0 3.62 0 -0.63 3.56
3 16 0 0.1 -6.24 0 0 -3.62 0 0.63 -3.56
4 16 0 0 -3.62 0 0.1 -6.24 0 -0.1 -6.24 0 -0.63 -3.56
4 16 0 -0.63 -3.56 0 -0.1 -6.24 0 -1.17 -6.13 0 -1.24 -3.4
4 16 0 -1.24 -3.4 0 -1.17 -6.13 0 -2.2 -5.83 0 -1.81 -3.13
4 16 0 -1.81 -3.13 0 -2.2 -5.83 0 -3.17 -5.37 0 -2.32 -2.77
4 16 0 -2.32 -2.77 0 -3.17 -5.37 0 -4.05 -4.74 0 -2.77 -2.32
4 16 0 -2.77 -2.32 0 -4.05 -4.74 0 -4.81 -3.98 0 -3.13 -1.81
4 16 0 -3.13 -1.81 0 -4.81 -3.98 0 -5.42 -3.09 0 -3.4 -1.24
4 16 0 -3.4 -1.24 0 -5.42 -3.09 0 -5.87 -2.11 0 -3.56 -0.63
4 16 0 -3.56 -0.63 0 -5.87 -2.11 0 -6.14 -1.07 0 -3.62 0
4 16 0 -3.62 0 0 -6.14 -1.07 0 -6.24 0 0 -3.56 0.63
4 16 0 -3.56 0.63 0 -6.24 0 0 -6.14 1.07 0 -3.4 1.24
4 16 0 -3.4 1.24 0 -6.14 1.07 0 -5.87 2.11 0 -3.13 1.81
4 16 0 -3.13 1.81 0 -5.87 2.11 0 -5.42 3.09 0 -2.77 2.32
4 16 0 -2.77 2.32 0 -5.42 3.09 0 -4.81 3.98 0 -2.32 2.77
4 16 0 -2.32 2.77 0 -4.81 3.98 0 -4.05 4.74 0 -1.81 3.13
4 16 0 -1.81 3.13 0 -4.05 4.74 0 -3.17 5.37 0 -1.24 3.4
4 16 0 -1.24 3.4 0 -3.17 5.37 0 -2.2 5.83 0 -0.63 3.56
4 16 0 -0.63 3.56 0 -2.2 5.83 0 -1.17 6.13 0 -0.1 6.24
4 16 0 -0.1 6.24 0 0.1 6.24 0 0.63 3.56 0 0 3.62
4 16 0 0.63 3.56 0 0.1 6.24 0 1.17 6.13 0 1.24 3.4
4 16 0 1.24 3.4 0 1.17 6.13 0 2.2 5.83 0 1.81 3.13
4 16 0 1.81 3.13 0 2.2 5.83 0 3.17 5.37 0 2.32 2.77
4 16 0 2.32 2.77 0 3.17 5.37 0 4.05 4.74 0 2.77 2.32
4 16 0 2.77 2.32 0 4.05 4.74 0 4.81 3.98 0 3.13 1.81
4 16 0 3.13 1.81 0 4.81 3.98 0 5.42 3.09 0 3.4 1.24
4 16 0 3.4 1.24 0 5.42 3.09 0 5.87 2.11 0 3.56 0.63
4 16 0 3.56 0.63 0 5.87 2.11 0 6.14 1.07 0 3.62 0
4 16 0 3.62 0 0 6.14 1.07 0 6.24 0 0 3.56 -0.63
4 16 0 3.56 -0.63 0 6.24 0 0 6.14 -1.07 0 3.4 -1.24
4 16 0 3.4 -1.24 0 6.14 -1.07 0 5.87 -2.11 0 3.13 -1.81
4 16 0 3.13 -1.81 0 5.87 -2.11 0 5.42 -3.09 0 2.77 -2.32
4 16 0 2.77 -2.32 0 5.42 -3.09 0 4.81 -3.98 0 2.32 -2.77
4 16 0 2.32 -2.77 0 4.81 -3.98 0 4.05 -4.74 0 1.81 -3.13
4 16 0 1.81 -3.13 0 4.05 -4.74 0 3.17 -5.37 0 1.24 -3.4
4 16 0 1.24 -3.4 0 3.17 -5.37 0 2.2 -5.83 0 0.63 -3.56
4 16 0 0.63 -3.56 0 2.2 -5.83 0 1.17 -6.13 0 0.1 -6.24

3 16 0.01 -0.1 -6.3 0 -0.1 -6.26 0.01 0 -6.3
3 16 0.01 0 -6.3 0 -0.1 -6.26 0 0 -6.26

3 16 0.01 0 6.3 0 0 6.26 0.01 -0.1 6.3
3 16 0.01 -0.1 6.3 0 0 6.26 0 -0.1 6.26

3 16 0.02 -0.1 -6.34 0.01 -0.1 -6.3 0.02 0 -6.34
3 16 0.02 0 -6.34 0.01 -0.1 -6.3 0.01 0 -6.3

3 16 0.02 0 6.34 0.01 0 6.3 0.02 -0.1 6.34
3 16 0.02 -0.1 6.34 0.01 0 6.3 0.01 -0.1 6.3

3 16 0.05 -0.1 -6.38 0.02 -0.1 -6.34 0.05 0 -6.38
3 16 0.05 0 -6.38 0.02 -0.1 -6.34 0.02 0 -6.34

3 16 0.05 0 6.38 0.02 0 6.34 0.05 -0.1 6.38
3 16 0.05 -0.1 6.38 0.02 0 6.34 0.02 -0.1 6.34

3 16 0.07 -0.1 -6.41 0.05 -0.1 -6.38 0.07 0 -6.41
3 16 0.07 0 -6.41 0.05 -0.1 -6.38 0.05 0 -6.38

3 16 0.07 0 6.41 0.05 0 6.38 0.07 -0.1 6.41
3 16 0.07 -0.1 6.41 0.05 0 6.38 0.05 -0.1 6.38

3 16 0.11 -0.1 -6.44 0.07 -0.1 -6.41 0.11 0 -6.44
3 16 0.11 0 -6.44 0.07 -0.1 -6.41 0.07 0 -6.41

3 16 0.11 0 6.44 0.07 0 6.41 0.11 -0.1 6.44
3 16 0.11 -0.1 6.44 0.07 0 6.41 0.07 -0.1 6.41

3 16 0.14 -0.1 -6.46 0.11 -0.1 -6.44 0.14 0 -6.46
3 16 0.14 0 -6.46 0.11 -0.1 -6.44 0.11 0 -6.44

3 16 0.14 0 6.46 0.11 0 6.44 0.14 -0.1 6.46
3 16 0.14 -0.1 6.46 0.11 0 6.44 0.11 -0.1 6.44

3 16 0.19 -0.1 -6.48 0.14 -0.1 -6.46 0.19 0 -6.48
3 16 0.19 0 -6.48 0.14 -0.1 -6.46 0.14 0 -6.46

3 16 0.19 0 6.48 0.14 0 6.46 0.19 -0.1 6.48
3 16 0.19 -0.1 6.48 0.14 0 6.46 0.14 -0.1 6.46

3 16 0.23 -0.1 -6.49 0.19 -0.1 -6.48 0.23 0 -6.49
3 16 0.23 0 -6.49 0.19 -0.1 -6.48 0.19 0 -6.48

3 16 0.23 0 6.49 0.19 0 6.48 0.23 -0.1 6.49
3 16 0.23 -0.1 6.49 0.19 0 6.48 0.19 -0.1 6.48

3 16 0.25 -0.1 -6.49 0.23 -0.1 -6.49 0.23 0 -6.49
3 16 0.25 -0.1 -6.49 0.23 0 -6.49 0.25 0 -6.49

3 16 0.25 0 6.49 0.23 0 6.49 0.25 -0.1 6.49
3 16 0.25 -0.1 6.49 0.23 0 6.49 0.23 -0.1 6.49

3 16 0.5 -6.1 -2.2 0.25 -6.1 -2.2 0.5 -6.1 -2.22
3 16 0.5 -6.1 -2.22 0.25 -6.1 -2.2 0.25 -6.1 -2.22

3 16 0.5 -6.39 -1.12 0.25 -6.39 -1.12 0.5 -6.39 -1.13
3 16 0.5 -6.39 -1.13 0.25 -6.39 -1.12 0.25 -6.39 -1.13

3 16 0.5 -6.39 1.13 0.25 -6.39 1.13 0.5 -6.39 1.12
3 16 0.5 -6.39 1.12 0.25 -6.39 1.13 0.25 -6.39 1.12

3 16 0.5 -6.1 2.22 0.25 -6.1 2.22 0.5 -6.1 2.2
3 16 0.5 -6.1 2.2 0.25 -6.1 2.22 0.25 -6.1 2.2

3 16 0.61 -0.1 -6.51 0.57 -0.1 -6.5 0.61 0 -6.51
3 16 0.57 -0.1 -6.5 0.57 0 -6.5 0.61 0 -6.51

3 16 0.65 -0.1 -6.53 0.61 -0.1 -6.51 0.65 0 -6.53
3 16 0.61 -0.1 -6.51 0.61 0 -6.51 0.65 0 -6.53

3 16 0.68 -0.1 -6.56 0.65 -0.1 -6.53 0.68 0 -6.56
3 16 0.65 -0.1 -6.53 0.65 0 -6.53 0.68 0 -6.56

3 16 0.71 -0.1 -6.59 0.68 -0.1 -6.56 0.71 0 -6.6
3 16 0.68 -0.1 -6.56 0.68 0 -6.56 0.71 0 -6.6

3 16 0.73 -0.1 -6.63 0.71 -0.1 -6.59 0.73 0 -6.63
3 16 0.71 -0.1 -6.59 0.71 0 -6.6 0.73 0 -6.63

3 16 0.75 -0.1 -6.67 0.73 -0.1 -6.63 0.75 0 -6.67
3 16 0.73 -0.1 -6.63 0.73 0 -6.63 0.75 0 -6.67

3 16 0.75 -0.1 6.67 0.75 0 6.67 0.73 0 6.63
3 16 0.73 0 6.63 0.73 -0.1 6.63 0.75 -0.1 6.67

3 16 0.75 0 -6.72 0.75 -0.11 -6.72 0.75 -0.1 -6.67
3 16 0.75 -0.1 -6.67 0.75 0 -6.67 0.75 0 -6.72

3 16 0.5 0 -6.49 0.53 0 -6.49 0.5 -0.1 -6.49
3 16 0.5 -0.1 -6.49 0.53 0 -6.49 0.53 -0.1 -6.49

3 16 0.53 -0.1 -6.49 0.53 0 -6.49 0.57 0 -6.5
3 16 0.57 -0.1 -6.5 0.53 -0.1 -6.49 0.57 0 -6.5

3 16 0.75 -0.11 6.72 0.75 0 6.72 0.75 0 6.67
3 16 0.75 -0.1 6.67 0.75 -0.11 6.72 0.75 0 6.67

3 16 0.73 -0.1 6.63 0.73 0 6.63 0.71 0 6.6
3 16 0.71 0 6.6 0.71 -0.1 6.59 0.73 -0.1 6.63

3 16 0.71 -0.1 6.59 0.71 0 6.6 0.68 0 6.56
3 16 0.68 0 6.56 0.68 -0.1 6.56 0.71 -0.1 6.59

3 16 0.68 -0.1 6.56 0.68 0 6.56 0.65 0 6.53
3 16 0.65 0 6.53 0.65 -0.1 6.53 0.68 -0.1 6.56

3 16 0.65 -0.1 6.53 0.65 0 6.53 0.61 0 6.51
3 16 0.61 0 6.51 0.61 -0.1 6.51 0.65 -0.1 6.53

3 16 0.61 -0.1 6.51 0.61 0 6.51 0.57 0 6.5
3 16 0.57 0 6.5 0.57 -0.1 6.5 0.61 -0.1 6.51

3 16 0.57 -0.1 6.5 0.57 0 6.5 0.53 0 6.49
3 16 0.53 0 6.49 0.53 -0.1 6.49 0.57 -0.1 6.5

3 16 0.53 -0.1 6.49 0.53 0 6.49 0.5 0 6.49
3 16 0.5 0 6.49 0.5 -0.1 6.49 0.53 -0.1 6.49

3 16 0.5 0 -6.49 0.5 0.1 -6.49 0.53 0 -6.49
3 16 0.53 0 -6.49 0.5 0.1 -6.49 0.53 0.1 -6.49

3 16 0.61 0.1 6.51 0.57 0.1 6.5 0.61 0 6.51
3 16 0.57 0.1 6.5 0.57 0 6.5 0.61 0 6.51

3 16 0.65 0.1 6.53 0.61 0.1 6.51 0.65 0 6.53
3 16 0.61 0.1 6.51 0.61 0 6.51 0.65 0 6.53

3 16 0.68 0.1 6.56 0.65 0.1 6.53 0.68 0 6.56
3 16 0.65 0.1 6.53 0.65 0 6.53 0.68 0 6.56

3 16 0.71 0.1 6.59 0.68 0.1 6.56 0.71 0 6.6
3 16 0.68 0.1 6.56 0.68 0 6.56 0.71 0 6.6

3 16 0.73 0.1 6.63 0.71 0.1 6.59 0.73 0 6.63
3 16 0.71 0.1 6.59 0.71 0 6.6 0.73 0 6.63

3 16 0.75 0.1 6.67 0.73 0.1 6.63 0.75 0 6.67
3 16 0.73 0.1 6.63 0.73 0 6.63 0.75 0 6.67

3 16 0.75 0.1 -6.67 0.75 0 -6.67 0.73 0 -6.63
3 16 0.73 0 -6.63 0.73 0.1 -6.63 0.75 0.1 -6.67

3 16 0.75 0 6.72 0.75 0.11 6.72 0.75 0.1 6.67
3 16 0.75 0.1 6.67 0.75 0 6.67 0.75 0 6.72

3 16 0.53 0.1 6.49 0.53 0 6.49 0.57 0 6.5
3 16 0.57 0.1 6.5 0.53 0.1 6.49 0.57 0 6.5

3 16 0.5 0.1 6.49 0.5 0 6.49 0.53 0.1 6.49
3 16 0.53 0.1 6.49 0.5 0 6.49 0.53 0 6.49

3 16 0.75 0.11 -6.72 0.75 0 -6.72 0.75 0 -6.67
3 16 0.75 0.1 -6.67 0.75 0.11 -6.72 0.75 0 -6.67

3 16 0.73 0.1 -6.63 0.73 0 -6.63 0.71 0 -6.6
3 16 0.71 0 -6.6 0.71 0.1 -6.59 0.73 0.1 -6.63

3 16 0.71 0.1 -6.59 0.71 0 -6.6 0.68 0 -6.56
3 16 0.68 0 -6.56 0.68 0.1 -6.56 0.71 0.1 -6.59

3 16 0.68 0.1 -6.56 0.68 0 -6.56 0.65 0 -6.53
3 16 0.65 0 -6.53 0.65 0.1 -6.53 0.68 0.1 -6.56

3 16 0.65 0.1 -6.53 0.65 0 -6.53 0.61 0 -6.51
3 16 0.61 0 -6.51 0.61 0.1 -6.51 0.65 0.1 -6.53

3 16 0.61 0.1 -6.51 0.61 0 -6.51 0.57 0 -6.5
3 16 0.57 0 -6.5 0.57 0.1 -6.5 0.61 0.1 -6.51

3 16 0.57 0.1 -6.5 0.57 0 -6.5 0.53 0 -6.49
3 16 0.53 0 -6.49 0.53 0.1 -6.49 0.57 0.1 -6.5

3 16 0.5 3.24 -5.62 0.5 3.3 -5.58 0.53 3.3 -5.59
3 16 0.5 0.1 6.49 0.53 0.1 6.49 0.5 1.13 6.39
3 16 0.5 1.13 6.39 0.53 0.1 6.49 0.53 1.22 6.37
2 24 0.53 0.1 6.49 0.53 1.22 6.37
3 16 0.5 1.13 6.39 0.53 1.22 6.37 0.5 1.22 6.37
3 16 0.5 1.22 6.37 0.53 1.22 6.37 0.5 2.22 6.1
3 16 0.5 2.22 6.1 0.53 1.22 6.37 0.53 2.29 6.07
2 24 0.53 1.22 6.37 0.53 2.29 6.07
3 16 0.5 2.22 6.1 0.53 2.29 6.07 0.5 2.29 6.07
3 16 0.5 2.29 6.07 0.53 2.29 6.07 0.5 3.24 5.62
3 16 0.5 3.24 5.62 0.53 2.29 6.07 0.53 3.3 5.59
3 16 0.5 3.24 5.62 0.53 3.3 5.59 0.5 3.3 5.58
3 16 0.5 3.3 5.58 0.53 3.3 5.59 0.5 4.17 4.97
3 16 0.5 4.17 4.97 0.53 3.3 5.59 0.53 4.21 4.93
3 16 0.5 4.17 4.97 0.53 4.21 4.93 0.5 4.21 4.93
3 16 0.5 4.21 4.93 0.53 4.21 4.93 0.5 4.97 4.17
3 16 0.5 4.97 4.17 0.53 4.21 4.93 0.53 5 4.14
3 16 0.5 4.97 4.17 0.53 5 4.14 0.5 5 4.14
3 16 0.5 5 4.14 0.53 5 4.14 0.5 5.62 3.24
3 16 0.5 5.62 3.24 0.53 5 4.14 0.53 5.64 3.22
3 16 0.5 5.62 3.24 0.53 5.64 3.22 0.5 5.64 3.21
3 16 0.5 5.64 3.21 0.53 5.64 3.22 0.5 6.1 2.22
3 16 0.5 6.1 2.22 0.53 5.64 3.22 0.53 6.11 2.2
3 16 0.5 6.1 2.22 0.53 6.11 2.2 0.5 6.1 2.2
3 16 0.5 6.1 2.2 0.53 6.11 2.2 0.5 6.39 1.13
3 16 0.5 6.39 1.13 0.53 6.11 2.2 0.53 6.39 1.12
3 16 0.5 6.39 1.13 0.53 6.39 1.12 0.5 6.39 1.12
4 16 0.5 6.39 1.12 0.53 6.39 1.12 0.53 6.49 0 0.5 6.49 0
4 16 0.5 6.49 0 0.53 6.49 0 0.53 6.39 -1.12 0.5 6.39 -1.12
3 16 0.53 6.11 -2.2 0.5 6.1 -2.2 0.53 6.39 -1.12
3 16 0.53 6.39 -1.12 0.5 6.1 -2.2 0.5 6.39 -1.13
3 16 0.53 6.39 -1.12 0.5 6.39 -1.13 0.5 6.39 -1.12
3 16 0.53 5.64 -3.22 0.53 5 -4.14 0.5 5 -4.14
3 16 0.5 5 -4.14 0.5 5.62 -3.24 0.53 5.64 -3.22
3 16 0.53 5.64 -3.22 0.5 5.62 -3.24 0.5 5.64 -3.21
3 16 0.53 5.64 -3.22 0.5 5.64 -3.21 0.53 6.11 -2.2
3 16 0.53 6.11 -2.2 0.5 5.64 -3.21 0.5 6.1 -2.22
3 16 0.53 6.11 -2.2 0.5 6.1 -2.22 0.5 6.1 -2.2
3 16 0.53 3.3 -5.59 0.5 3.3 -5.58 0.53 4.21 -4.93
3 16 0.5 3.3 -5.58 0.5 4.17 -4.97 0.53 4.21 -4.93
3 16 0.53 4.21 -4.93 0.5 4.17 -4.97 0.5 4.21 -4.93
3 16 0.53 4.21 -4.93 0.5 4.21 -4.93 0.53 5 -4.14
3 16 0.53 5 -4.14 0.5 4.21 -4.93 0.5 4.97 -4.17
3 16 0.53 5 -4.14 0.5 4.97 -4.17 0.5 5 -4.14
3 16 0.5 3.24 -5.62 0.53 3.3 -5.59 0.5 2.29 -6.07
3 16 0.5 2.29 -6.07 0.53 3.3 -5.59 0.53 2.29 -6.07
3 16 0.5 2.29 -6.07 0.53 2.29 -6.07 0.5 2.22 -6.1
3 16 0.5 2.22 -6.1 0.53 2.29 -6.07 0.53 1.22 -6.37
2 24 0.53 2.29 -6.07 0.53 1.22 -6.37
3 16 0.5 2.22 -6.1 0.53 1.22 -6.37 0.5 1.22 -6.37
3 16 0.5 1.22 -6.37 0.53 1.22 -6.37 0.5 1.13 -6.39
3 16 0.5 1.13 -6.39 0.53 1.22 -6.37 0.53 0.1 -6.49
2 24 0.53 1.22 -6.37 0.53 0.1 -6.49
3 16 0.5 1.13 -6.39 0.53 0.1 -6.49 0.5 0.1 -6.49
3 16 0.76 0.11 -6.74 0.76 0 -31.82 0.75 0 -6.72
3 16 0.75 0 -6.72 0.75 0.11 -6.72 0.76 0.11 -6.74
4 16 0.76 0.11 -6.74 0.75 0.11 -6.72 0.75 1.26 -6.6 0.76 1.26 -6.62
4 16 0.76 1.26 -6.62 0.75 1.26 -6.6 0.75 2.37 -6.28 0.76 2.38 -6.31
4 16 0.76 2.38 -6.31 0.75 2.37 -6.28 0.75 3.42 -5.78 0.76 3.43 -5.8
4 16 0.76 3.43 -5.8 0.75 3.42 -5.78 0.75 4.36 -5.11 0.76 4.38 -5.13
4 16 0.76 4.38 -5.13 0.75 4.36 -5.11 0.75 5.18 -4.28 0.76 5.19 -4.3
4 16 0.76 5.19 -4.3 0.75 5.18 -4.28 0.75 5.83 -3.33 0.76 5.85 -3.34
4 16 0.76 5.85 -3.34 0.75 5.83 -3.33 0.75 6.32 -2.28 0.76 6.34 -2.28
4 16 0.76 6.34 -2.28 0.75 6.32 -2.28 0.75 6.62 -1.15 0.76 6.64 -1.16
4 16 0.76 6.64 -1.16 0.75 6.62 -1.15 0.75 6.72 0 0.76 6.74 0
4 16 0.76 6.74 0 0.75 6.72 0 0.75 6.62 1.15 0.76 6.64 1.16
4 16 0.76 6.64 1.16 0.75 6.62 1.15 0.75 6.32 2.28 0.76 6.34 2.28
4 16 0.76 6.34 2.28 0.75 6.32 2.28 0.75 5.83 3.33 0.76 5.85 3.34
4 16 0.76 5.85 3.34 0.75 5.83 3.33 0.75 5.18 4.28 0.76 5.19 4.3
4 16 0.76 5.19 4.3 0.75 5.18 4.28 0.75 4.36 5.11 0.76 4.38 5.13
4 16 0.76 4.38 5.13 0.75 4.36 5.11 0.75 3.42 5.78 0.76 3.43 5.8
4 16 0.76 3.43 5.8 0.75 3.42 5.78 0.75 2.37 6.28 0.76 2.38 6.31
4 16 0.76 2.38 6.31 0.75 2.37 6.28 0.75 1.26 6.6 0.76 1.26 6.62
4 16 0.76 1.26 6.62 0.75 1.26 6.6 0.75 0.11 6.72 0.76 0.11 6.74
3 16 0.76 0 31.82 0.76 0.11 6.74 0.75 0 6.72
3 16 0.75 0 6.72 0.76 0.11 6.74 0.75 0.11 6.72
4 16 0.75 0.1 6.67 0.75 0.11 6.72 0.75 1.26 6.6 0.75 1.25 6.56
4 16 0.75 1.25 6.56 0.75 1.26 6.6 0.75 2.37 6.28 0.75 2.36 6.24
4 16 0.75 2.36 6.24 0.75 2.37 6.28 0.75 3.42 5.78 0.75 3.4 5.74
4 16 0.75 3.4 5.74 0.75 3.42 5.78 0.75 4.36 5.11 0.75 4.33 5.07
4 16 0.75 4.33 5.07 0.75 4.36 5.11 0.75 5.18 4.28 0.75 5.14 4.25
4 16 0.75 5.14 4.25 0.75 5.18 4.28 0.75 5.83 3.33 0.75 5.8 3.31
4 16 0.75 5.8 3.31 0.75 5.83 3.33 0.75 6.32 2.28 0.75 6.28 2.26
4 16 0.75 6.28 2.26 0.75 6.32 2.28 0.75 6.62 1.15 0.75 6.57 1.15
4 16 0.75 6.57 1.15 0.75 6.62 1.15 0.75 6.72 0 0.75 6.67 0
4 16 0.75 6.67 0 0.75 6.72 0 0.75 6.62 -1.15 0.75 6.57 -1.15
4 16 0.75 6.57 -1.15 0.75 6.62 -1.15 0.75 6.32 -2.28 0.75 6.28 -2.26
4 16 0.75 6.28 -2.26 0.75 6.32 -2.28 0.75 5.83 -3.33 0.75 5.8 -3.31
4 16 0.75 5.8 -3.31 0.75 5.83 -3.33 0.75 5.18 -4.28 0.75 5.14 -4.25
4 16 0.75 5.14 -4.25 0.75 5.18 -4.28 0.75 4.36 -5.11 0.75 4.33 -5.07
4 16 0.75 4.33 -5.07 0.75 4.36 -5.11 0.75 3.42 -5.78 0.75 3.4 -5.74
4 16 0.75 3.4 -5.74 0.75 3.42 -5.78 0.75 2.37 -6.28 0.75 2.36 -6.24
4 16 0.75 2.36 -6.24 0.75 2.37 -6.28 0.75 1.26 -6.6 0.75 1.25 -6.56
4 16 0.75 1.25 -6.56 0.75 1.26 -6.6 0.75 0.11 -6.72 0.75 0.1 -6.67
4 16 0.75 0.1 -6.67 0.73 0.1 -6.63 0.73 1.24 -6.52 0.75 1.25 -6.56
4 16 0.75 1.25 -6.56 0.73 1.24 -6.52 0.73 2.34 -6.2 0.75 2.36 -6.24
4 16 0.75 2.36 -6.24 0.73 2.34 -6.2 0.73 3.38 -5.71 0.75 3.4 -5.74
4 16 0.75 3.4 -5.74 0.73 3.38 -5.71 0.73 4.31 -5.04 0.75 4.33 -5.07
4 16 0.75 4.33 -5.07 0.73 4.31 -5.04 0.73 5.11 -4.23 0.75 5.14 -4.25
4 16 0.75 5.14 -4.25 0.73 5.11 -4.23 0.73 5.76 -3.29 0.75 5.8 -3.31
4 16 0.75 5.8 -3.31 0.73 5.76 -3.29 0.73 6.24 -2.25 0.75 6.28 -2.26
4 16 0.75 6.28 -2.26 0.73 6.24 -2.25 0.73 6.53 -1.14 0.75 6.57 -1.15
4 16 0.75 6.57 -1.15 0.73 6.53 -1.14 0.73 6.63 0 0.75 6.67 0
4 16 0.75 6.67 0 0.73 6.63 0 0.73 6.53 1.14 0.75 6.57 1.15
4 16 0.75 6.57 1.15 0.73 6.53 1.14 0.73 6.24 2.25 0.75 6.28 2.26
4 16 0.75 6.28 2.26 0.73 6.24 2.25 0.73 5.76 3.29 0.75 5.8 3.31
4 16 0.75 5.8 3.31 0.73 5.76 3.29 0.73 5.11 4.23 0.75 5.14 4.25
4 16 0.75 5.14 4.25 0.73 5.11 4.23 0.73 4.31 5.04 0.75 4.33 5.07
4 16 0.75 4.33 5.07 0.73 4.31 5.04 0.73 3.38 5.71 0.75 3.4 5.74
4 16 0.75 3.4 5.74 0.73 3.38 5.71 0.73 2.34 6.2 0.75 2.36 6.24
4 16 0.75 2.36 6.24 0.73 2.34 6.2 0.73 1.24 6.52 0.75 1.25 6.56
4 16 0.75 1.25 6.56 0.73 1.24 6.52 0.73 0.1 6.63 0.75 0.1 6.67
4 16 0.73 0.1 -6.63 0.71 0.1 -6.59 0.71 1.24 -6.48 0.73 1.24 -6.52
4 16 0.73 1.24 -6.52 0.71 1.24 -6.48 0.71 2.33 -6.17 0.73 2.34 -6.2
4 16 0.73 2.34 -6.2 0.71 2.33 -6.17 0.71 3.36 -5.68 0.73 3.38 -5.71
4 16 0.73 3.38 -5.71 0.71 3.36 -5.68 0.71 4.28 -5.02 0.73 4.31 -5.04
4 16 0.73 4.31 -5.04 0.71 4.28 -5.02 0.71 5.08 -4.2 0.73 5.11 -4.23
4 16 0.73 5.11 -4.23 0.71 5.08 -4.2 0.71 5.73 -3.27 0.73 5.76 -3.29
4 16 0.73 5.76 -3.29 0.71 5.73 -3.27 0.71 6.21 -2.23 0.73 6.24 -2.25
4 16 0.73 6.24 -2.25 0.71 6.21 -2.23 0.71 6.5 -1.13 0.73 6.53 -1.14
4 16 0.73 6.53 -1.14 0.71 6.5 -1.13 0.71 6.6 0 0.73 6.63 0
4 16 0.73 6.63 0 0.71 6.6 0 0.71 6.5 1.13 0.73 6.53 1.14
4 16 0.73 6.53 1.14 0.71 6.5 1.13 0.71 6.21 2.23 0.73 6.24 2.25
4 16 0.73 6.24 2.25 0.71 6.21 2.23 0.71 5.73 3.27 0.73 5.76 3.29
4 16 0.73 5.76 3.29 0.71 5.73 3.27 0.71 5.08 4.2 0.73 5.11 4.23
4 16 0.73 5.11 4.23 0.71 5.08 4.2 0.71 4.28 5.02 0.73 4.31 5.04
4 16 0.73 4.31 5.04 0.71 4.28 5.02 0.71 3.36 5.68 0.73 3.38 5.71
4 16 0.73 3.38 5.71 0.71 3.36 5.68 0.71 2.33 6.17 0.73 2.34 6.2
4 16 0.73 2.34 6.2 0.71 2.33 6.17 0.71 1.24 6.48 0.73 1.24 6.52
4 16 0.73 1.24 6.52 0.71 1.24 6.48 0.71 0.1 6.59 0.73 0.1 6.63
4 16 0.71 0.1 -6.59 0.68 0.1 -6.56 0.68 1.23 -6.45 0.71 1.24 -6.48
4 16 0.71 1.24 -6.48 0.68 1.23 -6.45 0.68 2.32 -6.14 0.71 2.33 -6.17
4 16 0.71 2.33 -6.17 0.68 2.32 -6.14 0.68 3.34 -5.65 0.71 3.36 -5.68
4 16 0.71 3.36 -5.68 0.68 3.34 -5.65 0.68 4.26 -4.99 0.71 4.28 -5.02
4 16 0.71 4.28 -5.02 0.68 4.26 -4.99 0.68 5.06 -4.18 0.71 5.08 -4.2
4 16 0.71 5.08 -4.2 0.68 5.06 -4.18 0.68 5.7 -3.25 0.71 5.73 -3.27
4 16 0.71 5.73 -3.27 0.68 5.7 -3.25 0.68 6.17 -2.22 0.71 6.21 -2.23
4 16 0.71 6.21 -2.23 0.68 6.17 -2.22 0.68 6.46 -1.13 0.71 6.5 -1.13
4 16 0.71 6.5 -1.13 0.68 6.46 -1.13 0.68 6.56 0 0.71 6.6 0
4 16 0.71 6.6 0 0.68 6.56 0 0.68 6.46 1.13 0.71 6.5 1.13
4 16 0.71 6.5 1.13 0.68 6.46 1.13 0.68 6.17 2.22 0.71 6.21 2.23
4 16 0.71 6.21 2.23 0.68 6.17 2.22 0.68 5.7 3.25 0.71 5.73 3.27
4 16 0.71 5.73 3.27 0.68 5.7 3.25 0.68 5.06 4.18 0.71 5.08 4.2
4 16 0.71 5.08 4.2 0.68 5.06 4.18 0.68 4.26 4.99 0.71 4.28 5.02
4 16 0.71 4.28 5.02 0.68 4.26 4.99 0.68 3.34 5.65 0.71 3.36 5.68
4 16 0.71 3.36 5.68 0.68 3.34 5.65 0.68 2.32 6.14 0.71 2.33 6.17
4 16 0.71 2.33 6.17 0.68 2.32 6.14 0.68 1.23 6.45 0.71 1.24 6.48
4 16 0.71 1.24 6.48 0.68 1.23 6.45 0.68 0.1 6.56 0.71 0.1 6.59
4 16 0.68 0.1 -6.56 0.65 0.1 -6.53 0.65 1.22 -6.42 0.68 1.23 -6.45
4 16 0.68 1.23 -6.45 0.65 1.22 -6.42 0.65 2.31 -6.11 0.68 2.32 -6.14
4 16 0.68 2.32 -6.14 0.65 2.31 -6.11 0.65 3.33 -5.62 0.68 3.34 -5.65
4 16 0.68 3.34 -5.65 0.65 3.33 -5.62 0.65 4.24 -4.97 0.68 4.26 -4.99
4 16 0.68 4.26 -4.99 0.65 4.24 -4.97 0.65 5.03 -4.16 0.68 5.06 -4.18
4 16 0.68 5.06 -4.18 0.65 5.03 -4.16 0.65 5.68 -3.24 0.68 5.7 -3.25
4 16 0.68 5.7 -3.25 0.65 5.68 -3.24 0.65 6.15 -2.21 0.68 6.17 -2.22
4 16 0.68 6.17 -2.22 0.65 6.15 -2.21 0.65 6.44 -1.12 0.68 6.46 -1.13
4 16 0.68 6.46 -1.13 0.65 6.44 -1.12 0.65 6.53 0 0.68 6.56 0
4 16 0.68 6.56 0 0.65 6.53 0 0.65 6.44 1.12 0.68 6.46 1.13
4 16 0.68 6.46 1.13 0.65 6.44 1.12 0.65 6.15 2.21 0.68 6.17 2.22
4 16 0.68 6.17 2.22 0.65 6.15 2.21 0.65 5.68 3.24 0.68 5.7 3.25
4 16 0.68 5.7 3.25 0.65 5.68 3.24 0.65 5.03 4.16 0.68 5.06 4.18
4 16 0.68 5.06 4.18 0.65 5.03 4.16 0.65 4.24 4.97 0.68 4.26 4.99
4 16 0.68 4.26 4.99 0.65 4.24 4.97 0.65 3.33 5.62 0.68 3.34 5.65
4 16 0.68 3.34 5.65 0.65 3.33 5.62 0.65 2.31 6.11 0.68 2.32 6.14
4 16 0.68 2.32 6.14 0.65 2.31 6.11 0.65 1.22 6.42 0.68 1.23 6.45
4 16 0.68 1.23 6.45 0.65 1.22 6.42 0.65 0.1 6.53 0.68 0.1 6.56
4 16 0.65 0.1 -6.53 0.61 0.1 -6.51 0.61 1.22 -6.4 0.65 1.22 -6.42
4 16 0.65 1.22 -6.42 0.61 1.22 -6.4 0.61 2.3 -6.09 0.65 2.31 -6.11
4 16 0.65 2.31 -6.11 0.61 2.3 -6.09 0.61 3.31 -5.61 0.65 3.33 -5.62
4 16 0.65 3.33 -5.62 0.61 3.31 -5.61 0.61 4.23 -4.95 0.65 4.24 -4.97
4 16 0.65 4.24 -4.97 0.61 4.23 -4.95 0.61 5.02 -4.15 0.65 5.03 -4.16
4 16 0.65 5.03 -4.16 0.61 5.02 -4.15 0.61 5.66 -3.23 0.65 5.68 -3.24
4 16 0.65 5.68 -3.24 0.61 5.66 -3.23 0.61 6.13 -2.21 0.65 6.15 -2.21
4 16 0.65 6.15 -2.21 0.61 6.13 -2.21 0.61 6.42 -1.12 0.65 6.44 -1.12
4 16 0.65 6.44 -1.12 0.61 6.42 -1.12 0.61 6.51 0 0.65 6.53 0
4 16 0.65 6.53 0 0.61 6.51 0 0.61 6.42 1.12 0.65 6.44 1.12
4 16 0.65 6.44 1.12 0.61 6.42 1.12 0.61 6.13 2.21 0.65 6.15 2.21
4 16 0.65 6.15 2.21 0.61 6.13 2.21 0.61 5.66 3.23 0.65 5.68 3.24
4 16 0.65 5.68 3.24 0.61 5.66 3.23 0.61 5.02 4.15 0.65 5.03 4.16
4 16 0.65 5.03 4.16 0.61 5.02 4.15 0.61 4.23 4.95 0.65 4.24 4.97
4 16 0.65 4.24 4.97 0.61 4.23 4.95 0.61 3.31 5.61 0.65 3.33 5.62
4 16 0.65 3.33 5.62 0.61 3.31 5.61 0.61 2.3 6.09 0.65 2.31 6.11
4 16 0.65 2.31 6.11 0.61 2.3 6.09 0.61 1.22 6.4 0.65 1.22 6.42
4 16 0.65 1.22 6.42 0.61 1.22 6.4 0.61 0.1 6.51 0.65 0.1 6.53
4 16 0.61 0.1 -6.51 0.57 0.1 -6.5 0.57 1.22 -6.38 0.61 1.22 -6.4
4 16 0.61 1.22 -6.4 0.57 1.22 -6.38 0.57 2.3 -6.08 0.61 2.3 -6.09
4 16 0.61 2.3 -6.09 0.57 2.3 -6.08 0.57 3.31 -5.59 0.61 3.31 -5.61
4 16 0.61 3.31 -5.61 0.57 3.31 -5.59 0.57 4.22 -4.94 0.61 4.23 -4.95
4 16 0.61 4.23 -4.95 0.57 4.22 -4.94 0.57 5.01 -4.14 0.61 5.02 -4.15
4 16 0.61 5.02 -4.15 0.57 5.01 -4.14 0.57 5.64 -3.22 0.61 5.66 -3.23
4 16 0.61 5.66 -3.23 0.57 5.64 -3.22 0.57 6.11 -2.2 0.61 6.13 -2.21
4 16 0.61 6.13 -2.21 0.57 6.11 -2.2 0.57 6.4 -1.12 0.61 6.42 -1.12
4 16 0.61 6.42 -1.12 0.57 6.4 -1.12 0.57 6.5 0 0.61 6.51 0
4 16 0.61 6.51 0 0.57 6.5 0 0.57 6.4 1.12 0.61 6.42 1.12
4 16 0.61 6.42 1.12 0.57 6.4 1.12 0.57 6.11 2.2 0.61 6.13 2.21
4 16 0.61 6.13 2.21 0.57 6.11 2.2 0.57 5.64 3.22 0.61 5.66 3.23
4 16 0.61 5.66 3.23 0.57 5.64 3.22 0.57 5.01 4.14 0.61 5.02 4.15
4 16 0.61 5.02 4.15 0.57 5.01 4.14 0.57 4.22 4.94 0.61 4.23 4.95
4 16 0.61 4.23 4.95 0.57 4.22 4.94 0.57 3.31 5.59 0.61 3.31 5.61
4 16 0.61 3.31 5.61 0.57 3.31 5.59 0.57 2.3 6.08 0.61 2.3 6.09
4 16 0.61 2.3 6.09 0.57 2.3 6.08 0.57 1.22 6.38 0.61 1.22 6.4
4 16 0.61 1.22 6.4 0.57 1.22 6.38 0.57 0.1 6.5 0.61 0.1 6.51
4 16 0.57 0.1 -6.5 0.53 0.1 -6.49 0.53 1.22 -6.37 0.57 1.22 -6.38
4 16 0.57 1.22 -6.38 0.53 1.22 -6.37 0.53 2.29 -6.07 0.57 2.3 -6.08
4 16 0.57 2.3 -6.08 0.53 2.29 -6.07 0.53 3.3 -5.59 0.57 3.31 -5.59
4 16 0.57 3.31 -5.59 0.53 3.3 -5.59 0.53 4.21 -4.93 0.57 4.22 -4.94
4 16 0.57 4.22 -4.94 0.53 4.21 -4.93 0.53 5 -4.14 0.57 5.01 -4.14
4 16 0.57 5.01 -4.14 0.53 5 -4.14 0.53 5.64 -3.22 0.57 5.64 -3.22
4 16 0.57 5.64 -3.22 0.53 5.64 -3.22 0.53 6.11 -2.2 0.57 6.11 -2.2
4 16 0.57 6.11 -2.2 0.53 6.11 -2.2 0.53 6.39 -1.12 0.57 6.4 -1.12
4 16 0.57 6.4 -1.12 0.53 6.39 -1.12 0.53 6.49 0 0.57 6.5 0
4 16 0.57 6.5 0 0.53 6.49 0 0.53 6.39 1.12 0.57 6.4 1.12
4 16 0.57 6.4 1.12 0.53 6.39 1.12 0.53 6.11 2.2 0.57 6.11 2.2
4 16 0.57 6.11 2.2 0.53 6.11 2.2 0.53 5.64 3.22 0.57 5.64 3.22
4 16 0.57 5.64 3.22 0.53 5.64 3.22 0.53 5 4.14 0.57 5.01 4.14
4 16 0.57 5.01 4.14 0.53 5 4.14 0.53 4.21 4.93 0.57 4.22 4.94
4 16 0.57 4.22 4.94 0.53 4.21 4.93 0.53 3.3 5.59 0.57 3.31 5.59
4 16 0.57 3.31 5.59 0.53 3.3 5.59 0.53 2.29 6.07 0.57 2.3 6.08
4 16 0.57 2.3 6.08 0.53 2.29 6.07 0.53 1.22 6.37 0.57 1.22 6.38
4 16 0.57 1.22 6.38 0.53 1.22 6.37 0.53 0.1 6.49 0.57 0.1 6.5
3 16 0.76 -0.11 6.74 0.76 0 31.82 0.75 0 6.72
3 16 0.75 0 6.72 0.75 -0.11 6.72 0.76 -0.11 6.74
4 16 0.76 -0.11 6.74 0.75 -0.11 6.72 0.75 -1.26 6.6 0.76 -1.26 6.62
4 16 0.76 -1.26 6.62 0.75 -1.26 6.6 0.75 -2.37 6.28 0.76 -2.38 6.31
4 16 0.76 -2.38 6.31 0.75 -2.37 6.28 0.75 -3.42 5.78 0.76 -3.43 5.8
4 16 0.76 -3.43 5.8 0.75 -3.42 5.78 0.75 -4.36 5.11 0.76 -4.38 5.13
4 16 0.76 -4.38 5.13 0.75 -4.36 5.11 0.75 -5.18 4.28 0.76 -5.19 4.3
4 16 0.76 -5.19 4.3 0.75 -5.18 4.28 0.75 -5.83 3.33 0.76 -5.85 3.34
4 16 0.76 -5.85 3.34 0.75 -5.83 3.33 0.75 -6.32 2.28 0.76 -6.34 2.28
4 16 0.76 -6.34 2.28 0.75 -6.32 2.28 0.75 -6.62 1.15 0.76 -6.64 1.16
4 16 0.76 -6.64 1.16 0.75 -6.62 1.15 0.75 -6.72 0 0.76 -6.74 0
4 16 0.76 -6.74 0 0.75 -6.72 0 0.75 -6.62 -1.15 0.76 -6.64 -1.16
4 16 0.76 -6.64 -1.16 0.75 -6.62 -1.15 0.75 -6.32 -2.28 0.76 -6.34 -2.28
4 16 0.76 -6.34 -2.28 0.75 -6.32 -2.28 0.75 -5.83 -3.33 0.76 -5.85 -3.34
4 16 0.76 -5.85 -3.34 0.75 -5.83 -3.33 0.75 -5.18 -4.28 0.76 -5.19 -4.3
4 16 0.76 -5.19 -4.3 0.75 -5.18 -4.28 0.75 -4.36 -5.11 0.76 -4.38 -5.13
4 16 0.76 -4.38 -5.13 0.75 -4.36 -5.11 0.75 -3.42 -5.78 0.76 -3.43 -5.8
4 16 0.76 -3.43 -5.8 0.75 -3.42 -5.78 0.75 -2.37 -6.28 0.76 -2.38 -6.31
4 16 0.76 -2.38 -6.31 0.75 -2.37 -6.28 0.75 -1.26 -6.6 0.76 -1.26 -6.62
4 16 0.76 -1.26 -6.62 0.75 -1.26 -6.6 0.75 -0.11 -6.72 0.76 -0.11 -6.74
3 16 0.5 -0.1 -6.49 0.53 -0.1 -6.49 0.5 -1.13 -6.39
3 16 0.5 -1.13 -6.39 0.53 -0.1 -6.49 0.53 -1.22 -6.37
2 24 0.53 -0.1 -6.49 0.53 -1.22 -6.37
3 16 0.5 -1.13 -6.39 0.53 -1.22 -6.37 0.5 -1.22 -6.37
3 16 0.5 -1.22 -6.37 0.53 -1.22 -6.37 0.5 -2.22 -6.1
3 16 0.5 -2.22 -6.1 0.53 -1.22 -6.37 0.53 -2.29 -6.07
2 24 0.53 -1.22 -6.37 0.53 -2.29 -6.07
3 16 0.5 -2.22 -6.1 0.53 -2.29 -6.07 0.5 -2.29 -6.07
3 16 0.5 -2.29 -6.07 0.53 -2.29 -6.07 0.5 -3.24 -5.62
3 16 0.5 -3.24 -5.62 0.53 -2.29 -6.07 0.53 -3.3 -5.59
3 16 0.5 -3.24 -5.62 0.53 -3.3 -5.59 0.5 -3.3 -5.58
3 16 0.5 -3.3 -5.58 0.53 -3.3 -5.59 0.5 -4.17 -4.97
3 16 0.5 -4.17 -4.97 0.53 -3.3 -5.59 0.53 -4.21 -4.93
3 16 0.5 -4.17 -4.97 0.53 -4.21 -4.93 0.5 -4.21 -4.93
3 16 0.5 -4.21 -4.93 0.53 -4.21 -4.93 0.5 -4.97 -4.17
3 16 0.5 -4.97 -4.17 0.53 -4.21 -4.93 0.53 -5 -4.14
3 16 0.5 -4.97 -4.17 0.53 -5 -4.14 0.5 -5 -4.14
3 16 0.5 -5 -4.14 0.53 -5 -4.14 0.5 -5.62 -3.24
3 16 0.5 -5.62 -3.24 0.53 -5 -4.14 0.53 -5.64 -3.22
3 16 0.5 -5.62 -3.24 0.53 -5.64 -3.22 0.5 -5.64 -3.21
3 16 0.5 -5.64 -3.21 0.53 -5.64 -3.22 0.5 -6.1 -2.22
3 16 0.5 -6.1 -2.22 0.53 -5.64 -3.22 0.53 -6.11 -2.2
3 16 0.5 -6.1 -2.22 0.53 -6.11 -2.2 0.5 -6.1 -2.2
3 16 0.5 -6.1 -2.2 0.53 -6.11 -2.2 0.5 -6.39 -1.13
3 16 0.5 -6.39 -1.13 0.53 -6.11 -2.2 0.53 -6.39 -1.12
3 16 0.5 -6.39 -1.13 0.53 -6.39 -1.12 0.5 -6.39 -1.12
4 16 0.5 -6.39 -1.12 0.53 -6.39 -1.12 0.53 -6.49 0 0.5 -6.49 0
4 16 0.5 -6.49 0 0.53 -6.49 0 0.53 -6.39 1.12 0.5 -6.39 1.12
3 16 0.53 -6.11 2.2 0.5 -6.1 2.2 0.53 -6.39 1.12
3 16 0.53 -6.39 1.12 0.5 -6.1 2.2 0.5 -6.39 1.13
3 16 0.53 -6.39 1.12 0.5 -6.39 1.13 0.5 -6.39 1.12
3 16 0.53 -5.64 3.22 0.53 -5 4.14 0.5 -5 4.14
3 16 0.5 -5 4.14 0.5 -5.62 3.24 0.53 -5.64 3.22
3 16 0.53 -5.64 3.22 0.5 -5.62 3.24 0.5 -5.64 3.21
3 16 0.53 -5.64 3.22 0.5 -5.64 3.21 0.53 -6.11 2.2
3 16 0.53 -6.11 2.2 0.5 -5.64 3.21 0.5 -6.1 2.22
3 16 0.53 -6.11 2.2 0.5 -6.1 2.22 0.5 -6.1 2.2
3 16 0.53 -4.21 4.93 0.53 -3.3 5.59 0.5 -3.3 5.58
3 16 0.5 -3.3 5.58 0.5 -4.17 4.97 0.53 -4.21 4.93
3 16 0.53 -4.21 4.93 0.5 -4.17 4.97 0.5 -4.21 4.93
3 16 0.53 -4.21 4.93 0.5 -4.21 4.93 0.53 -5 4.14
3 16 0.53 -5 4.14 0.5 -4.21 4.93 0.5 -4.97 4.17
3 16 0.53 -5 4.14 0.5 -4.97 4.17 0.5 -5 4.14
3 16 0.53 -1.22 6.37 0.5 -2.22 6.1 0.53 -2.29 6.07
2 24 0.53 -2.29 6.07 0.53 -1.22 6.37
3 16 0.53 -2.29 6.07 0.5 -2.22 6.1 0.5 -2.29 6.07
3 16 0.53 -2.29 6.07 0.5 -2.29 6.07 0.53 -3.3 5.59
3 16 0.53 -3.3 5.59 0.5 -2.29 6.07 0.5 -3.24 5.62
3 16 0.53 -3.3 5.59 0.5 -3.24 5.62 0.5 -3.3 5.58
3 16 0.53 -0.1 6.49 0.5 -0.1 6.49 0.5 -1.13 6.39
3 16 0.53 -0.1 6.49 0.5 -1.13 6.39 0.53 -1.22 6.37
2 24 0.53 -1.22 6.37 0.53 -0.1 6.49
3 16 0.53 -1.22 6.37 0.5 -1.13 6.39 0.5 -1.22 6.37
3 16 0.53 -1.22 6.37 0.5 -1.22 6.37 0.5 -2.22 6.1
3 16 0.76 0 -31.82 0.76 -0.11 -6.74 0.75 0 -6.72
3 16 0.75 0 -6.72 0.76 -0.11 -6.74 0.75 -0.11 -6.72
4 16 0.75 -0.1 -6.67 0.75 -0.11 -6.72 0.75 -1.26 -6.6 0.75 -1.25 -6.56
4 16 0.75 -1.25 -6.56 0.75 -1.26 -6.6 0.75 -2.37 -6.28 0.75 -2.36 -6.24
4 16 0.75 -2.36 -6.24 0.75 -2.37 -6.28 0.75 -3.42 -5.78 0.75 -3.4 -5.74
4 16 0.75 -3.4 -5.74 0.75 -3.42 -5.78 0.75 -4.36 -5.11 0.75 -4.33 -5.07
4 16 0.75 -4.33 -5.07 0.75 -4.36 -5.11 0.75 -5.18 -4.28 0.75 -5.14 -4.25
4 16 0.75 -5.14 -4.25 0.75 -5.18 -4.28 0.75 -5.83 -3.33 0.75 -5.8 -3.31
4 16 0.75 -5.8 -3.31 0.75 -5.83 -3.33 0.75 -6.32 -2.28 0.75 -6.28 -2.26
4 16 0.75 -6.28 -2.26 0.75 -6.32 -2.28 0.75 -6.62 -1.15 0.75 -6.57 -1.15
4 16 0.75 -6.57 -1.15 0.75 -6.62 -1.15 0.75 -6.72 0 0.75 -6.67 0
4 16 0.75 -6.67 0 0.75 -6.72 0 0.75 -6.62 1.15 0.75 -6.57 1.15
4 16 0.75 -6.57 1.15 0.75 -6.62 1.15 0.75 -6.32 2.28 0.75 -6.28 2.26
4 16 0.75 -6.28 2.26 0.75 -6.32 2.28 0.75 -5.83 3.33 0.75 -5.8 3.31
4 16 0.75 -5.8 3.31 0.75 -5.83 3.33 0.75 -5.18 4.28 0.75 -5.14 4.25
4 16 0.75 -5.14 4.25 0.75 -5.18 4.28 0.75 -4.36 5.11 0.75 -4.33 5.07
4 16 0.75 -4.33 5.07 0.75 -4.36 5.11 0.75 -3.42 5.78 0.75 -3.4 5.74
4 16 0.75 -3.4 5.74 0.75 -3.42 5.78 0.75 -2.37 6.28 0.75 -2.36 6.24
4 16 0.75 -2.36 6.24 0.75 -2.37 6.28 0.75 -1.26 6.6 0.75 -1.25 6.56
4 16 0.75 -1.25 6.56 0.75 -1.26 6.6 0.75 -0.11 6.72 0.75 -0.1 6.67
4 16 0.75 -0.1 6.67 0.73 -0.1 6.63 0.73 -1.24 6.52 0.75 -1.25 6.56
4 16 0.75 -1.25 6.56 0.73 -1.24 6.52 0.73 -2.34 6.2 0.75 -2.36 6.24
4 16 0.75 -2.36 6.24 0.73 -2.34 6.2 0.73 -3.38 5.71 0.75 -3.4 5.74
4 16 0.75 -3.4 5.74 0.73 -3.38 5.71 0.73 -4.31 5.04 0.75 -4.33 5.07
4 16 0.75 -4.33 5.07 0.73 -4.31 5.04 0.73 -5.11 4.23 0.75 -5.14 4.25
4 16 0.75 -5.14 4.25 0.73 -5.11 4.23 0.73 -5.76 3.29 0.75 -5.8 3.31
4 16 0.75 -5.8 3.31 0.73 -5.76 3.29 0.73 -6.24 2.25 0.75 -6.28 2.26
4 16 0.75 -6.28 2.26 0.73 -6.24 2.25 0.73 -6.53 1.14 0.75 -6.57 1.15
4 16 0.75 -6.57 1.15 0.73 -6.53 1.14 0.73 -6.63 0 0.75 -6.67 0
4 16 0.75 -6.67 0 0.73 -6.63 0 0.73 -6.53 -1.14 0.75 -6.57 -1.15
4 16 0.75 -6.57 -1.15 0.73 -6.53 -1.14 0.73 -6.24 -2.25 0.75 -6.28 -2.26
4 16 0.75 -6.28 -2.26 0.73 -6.24 -2.25 0.73 -5.76 -3.29 0.75 -5.8 -3.31
4 16 0.75 -5.8 -3.31 0.73 -5.76 -3.29 0.73 -5.11 -4.23 0.75 -5.14 -4.25
4 16 0.75 -5.14 -4.25 0.73 -5.11 -4.23 0.73 -4.31 -5.04 0.75 -4.33 -5.07
4 16 0.75 -4.33 -5.07 0.73 -4.31 -5.04 0.73 -3.38 -5.71 0.75 -3.4 -5.74
4 16 0.75 -3.4 -5.74 0.73 -3.38 -5.71 0.73 -2.34 -6.2 0.75 -2.36 -6.24
4 16 0.75 -2.36 -6.24 0.73 -2.34 -6.2 0.73 -1.24 -6.52 0.75 -1.25 -6.56
4 16 0.75 -1.25 -6.56 0.73 -1.24 -6.52 0.73 -0.1 -6.63 0.75 -0.1 -6.67
4 16 0.73 -0.1 6.63 0.71 -0.1 6.59 0.71 -1.24 6.48 0.73 -1.24 6.52
4 16 0.73 -1.24 6.52 0.71 -1.24 6.48 0.71 -2.33 6.17 0.73 -2.34 6.2
4 16 0.73 -2.34 6.2 0.71 -2.33 6.17 0.71 -3.36 5.68 0.73 -3.38 5.71
4 16 0.73 -3.38 5.71 0.71 -3.36 5.68 0.71 -4.28 5.02 0.73 -4.31 5.04
4 16 0.73 -4.31 5.04 0.71 -4.28 5.02 0.71 -5.08 4.2 0.73 -5.11 4.23
4 16 0.73 -5.11 4.23 0.71 -5.08 4.2 0.71 -5.73 3.27 0.73 -5.76 3.29
4 16 0.73 -5.76 3.29 0.71 -5.73 3.27 0.71 -6.21 2.23 0.73 -6.24 2.25
4 16 0.73 -6.24 2.25 0.71 -6.21 2.23 0.71 -6.5 1.13 0.73 -6.53 1.14
4 16 0.73 -6.53 1.14 0.71 -6.5 1.13 0.71 -6.6 0 0.73 -6.63 0
4 16 0.73 -6.63 0 0.71 -6.6 0 0.71 -6.5 -1.13 0.73 -6.53 -1.14
4 16 0.73 -6.53 -1.14 0.71 -6.5 -1.13 0.71 -6.21 -2.23 0.73 -6.24 -2.25
4 16 0.73 -6.24 -2.25 0.71 -6.21 -2.23 0.71 -5.73 -3.27 0.73 -5.76 -3.29
4 16 0.73 -5.76 -3.29 0.71 -5.73 -3.27 0.71 -5.08 -4.2 0.73 -5.11 -4.23
4 16 0.73 -5.11 -4.23 0.71 -5.08 -4.2 0.71 -4.28 -5.02 0.73 -4.31 -5.04
4 16 0.73 -4.31 -5.04 0.71 -4.28 -5.02 0.71 -3.36 -5.68 0.73 -3.38 -5.71
4 16 0.73 -3.38 -5.71 0.71 -3.36 -5.68 0.71 -2.33 -6.17 0.73 -2.34 -6.2
4 16 0.73 -2.34 -6.2 0.71 -2.33 -6.17 0.71 -1.24 -6.48 0.73 -1.24 -6.52
4 16 0.73 -1.24 -6.52 0.71 -1.24 -6.48 0.71 -0.1 -6.59 0.73 -0.1 -6.63
4 16 0.71 -0.1 6.59 0.68 -0.1 6.56 0.68 -1.23 6.45 0.71 -1.24 6.48
4 16 0.71 -1.24 6.48 0.68 -1.23 6.45 0.68 -2.32 6.14 0.71 -2.33 6.17
4 16 0.71 -2.33 6.17 0.68 -2.32 6.14 0.68 -3.34 5.65 0.71 -3.36 5.68
4 16 0.71 -3.36 5.68 0.68 -3.34 5.65 0.68 -4.26 4.99 0.71 -4.28 5.02
4 16 0.71 -4.28 5.02 0.68 -4.26 4.99 0.68 -5.06 4.18 0.71 -5.08 4.2
4 16 0.71 -5.08 4.2 0.68 -5.06 4.18 0.68 -5.7 3.25 0.71 -5.73 3.27
4 16 0.71 -5.73 3.27 0.68 -5.7 3.25 0.68 -6.17 2.22 0.71 -6.21 2.23
4 16 0.71 -6.21 2.23 0.68 -6.17 2.22 0.68 -6.46 1.13 0.71 -6.5 1.13
4 16 0.71 -6.5 1.13 0.68 -6.46 1.13 0.68 -6.56 0 0.71 -6.6 0
4 16 0.71 -6.6 0 0.68 -6.56 0 0.68 -6.46 -1.13 0.71 -6.5 -1.13
4 16 0.71 -6.5 -1.13 0.68 -6.46 -1.13 0.68 -6.17 -2.22 0.71 -6.21 -2.23
4 16 0.71 -6.21 -2.23 0.68 -6.17 -2.22 0.68 -5.7 -3.25 0.71 -5.73 -3.27
4 16 0.71 -5.73 -3.27 0.68 -5.7 -3.25 0.68 -5.06 -4.18 0.71 -5.08 -4.2
4 16 0.71 -5.08 -4.2 0.68 -5.06 -4.18 0.68 -4.26 -4.99 0.71 -4.28 -5.02
4 16 0.71 -4.28 -5.02 0.68 -4.26 -4.99 0.68 -3.34 -5.65 0.71 -3.36 -5.68
4 16 0.71 -3.36 -5.68 0.68 -3.34 -5.65 0.68 -2.32 -6.14 0.71 -2.33 -6.17
4 16 0.71 -2.33 -6.17 0.68 -2.32 -6.14 0.68 -1.23 -6.45 0.71 -1.24 -6.48
4 16 0.71 -1.24 -6.48 0.68 -1.23 -6.45 0.68 -0.1 -6.56 0.71 -0.1 -6.59
4 16 0.68 -0.1 6.56 0.65 -0.1 6.53 0.65 -1.22 6.42 0.68 -1.23 6.45
4 16 0.68 -1.23 6.45 0.65 -1.22 6.42 0.65 -2.31 6.11 0.68 -2.32 6.14
4 16 0.68 -2.32 6.14 0.65 -2.31 6.11 0.65 -3.33 5.62 0.68 -3.34 5.65
4 16 0.68 -3.34 5.65 0.65 -3.33 5.62 0.65 -4.24 4.97 0.68 -4.26 4.99
4 16 0.68 -4.26 4.99 0.65 -4.24 4.97 0.65 -5.03 4.16 0.68 -5.06 4.18
4 16 0.68 -5.06 4.18 0.65 -5.03 4.16 0.65 -5.68 3.24 0.68 -5.7 3.25
4 16 0.68 -5.7 3.25 0.65 -5.68 3.24 0.65 -6.15 2.21 0.68 -6.17 2.22
4 16 0.68 -6.17 2.22 0.65 -6.15 2.21 0.65 -6.44 1.12 0.68 -6.46 1.13
4 16 0.68 -6.46 1.13 0.65 -6.44 1.12 0.65 -6.53 0 0.68 -6.56 0
4 16 0.68 -6.56 0 0.65 -6.53 0 0.65 -6.44 -1.12 0.68 -6.46 -1.13
4 16 0.68 -6.46 -1.13 0.65 -6.44 -1.12 0.65 -6.15 -2.21 0.68 -6.17 -2.22
4 16 0.68 -6.17 -2.22 0.65 -6.15 -2.21 0.65 -5.68 -3.24 0.68 -5.7 -3.25
4 16 0.68 -5.7 -3.25 0.65 -5.68 -3.24 0.65 -5.03 -4.16 0.68 -5.06 -4.18
4 16 0.68 -5.06 -4.18 0.65 -5.03 -4.16 0.65 -4.24 -4.97 0.68 -4.26 -4.99
4 16 0.68 -4.26 -4.99 0.65 -4.24 -4.97 0.65 -3.33 -5.62 0.68 -3.34 -5.65
4 16 0.68 -3.34 -5.65 0.65 -3.33 -5.62 0.65 -2.31 -6.11 0.68 -2.32 -6.14
4 16 0.68 -2.32 -6.14 0.65 -2.31 -6.11 0.65 -1.22 -6.42 0.68 -1.23 -6.45
4 16 0.68 -1.23 -6.45 0.65 -1.22 -6.42 0.65 -0.1 -6.53 0.68 -0.1 -6.56
4 16 0.65 -0.1 6.53 0.61 -0.1 6.51 0.61 -1.22 6.4 0.65 -1.22 6.42
4 16 0.65 -1.22 6.42 0.61 -1.22 6.4 0.61 -2.3 6.09 0.65 -2.31 6.11
4 16 0.65 -2.31 6.11 0.61 -2.3 6.09 0.61 -3.31 5.61 0.65 -3.33 5.62
4 16 0.65 -3.33 5.62 0.61 -3.31 5.61 0.61 -4.23 4.95 0.65 -4.24 4.97
4 16 0.65 -4.24 4.97 0.61 -4.23 4.95 0.61 -5.02 4.15 0.65 -5.03 4.16
4 16 0.65 -5.03 4.16 0.61 -5.02 4.15 0.61 -5.66 3.23 0.65 -5.68 3.24
4 16 0.65 -5.68 3.24 0.61 -5.66 3.23 0.61 -6.13 2.21 0.65 -6.15 2.21
4 16 0.65 -6.15 2.21 0.61 -6.13 2.21 0.61 -6.42 1.12 0.65 -6.44 1.12
4 16 0.65 -6.44 1.12 0.61 -6.42 1.12 0.61 -6.51 0 0.65 -6.53 0
4 16 0.65 -6.53 0 0.61 -6.51 0 0.61 -6.42 -1.12 0.65 -6.44 -1.12
4 16 0.65 -6.44 -1.12 0.61 -6.42 -1.12 0.61 -6.13 -2.21 0.65 -6.15 -2.21
4 16 0.65 -6.15 -2.21 0.61 -6.13 -2.21 0.61 -5.66 -3.23 0.65 -5.68 -3.24
4 16 0.65 -5.68 -3.24 0.61 -5.66 -3.23 0.61 -5.02 -4.15 0.65 -5.03 -4.16
4 16 0.65 -5.03 -4.16 0.61 -5.02 -4.15 0.61 -4.23 -4.95 0.65 -4.24 -4.97
4 16 0.65 -4.24 -4.97 0.61 -4.23 -4.95 0.61 -3.31 -5.61 0.65 -3.33 -5.62
4 16 0.65 -3.33 -5.62 0.61 -3.31 -5.61 0.61 -2.3 -6.09 0.65 -2.31 -6.11
4 16 0.65 -2.31 -6.11 0.61 -2.3 -6.09 0.61 -1.22 -6.4 0.65 -1.22 -6.42
4 16 0.65 -1.22 -6.42 0.61 -1.22 -6.4 0.61 -0.1 -6.51 0.65 -0.1 -6.53
4 16 0.61 -0.1 6.51 0.57 -0.1 6.5 0.57 -1.22 6.38 0.61 -1.22 6.4
4 16 0.61 -1.22 6.4 0.57 -1.22 6.38 0.57 -2.3 6.08 0.61 -2.3 6.09
4 16 0.61 -2.3 6.09 0.57 -2.3 6.08 0.57 -3.31 5.59 0.61 -3.31 5.61
4 16 0.61 -3.31 5.61 0.57 -3.31 5.59 0.57 -4.22 4.94 0.61 -4.23 4.95
4 16 0.61 -4.23 4.95 0.57 -4.22 4.94 0.57 -5.01 4.14 0.61 -5.02 4.15
4 16 0.61 -5.02 4.15 0.57 -5.01 4.14 0.57 -5.64 3.22 0.61 -5.66 3.23
4 16 0.61 -5.66 3.23 0.57 -5.64 3.22 0.57 -6.11 2.2 0.61 -6.13 2.21
4 16 0.61 -6.13 2.21 0.57 -6.11 2.2 0.57 -6.4 1.12 0.61 -6.42 1.12
4 16 0.61 -6.42 1.12 0.57 -6.4 1.12 0.57 -6.5 0 0.61 -6.51 0
4 16 0.61 -6.51 0 0.57 -6.5 0 0.57 -6.4 -1.12 0.61 -6.42 -1.12
4 16 0.61 -6.42 -1.12 0.57 -6.4 -1.12 0.57 -6.11 -2.2 0.61 -6.13 -2.21
4 16 0.61 -6.13 -2.21 0.57 -6.11 -2.2 0.57 -5.64 -3.22 0.61 -5.66 -3.23
4 16 0.61 -5.66 -3.23 0.57 -5.64 -3.22 0.57 -5.01 -4.14 0.61 -5.02 -4.15
4 16 0.61 -5.02 -4.15 0.57 -5.01 -4.14 0.57 -4.22 -4.94 0.61 -4.23 -4.95
4 16 0.61 -4.23 -4.95 0.57 -4.22 -4.94 0.57 -3.31 -5.59 0.61 -3.31 -5.61
4 16 0.61 -3.31 -5.61 0.57 -3.31 -5.59 0.57 -2.3 -6.08 0.61 -2.3 -6.09
4 16 0.61 -2.3 -6.09 0.57 -2.3 -6.08 0.57 -1.22 -6.38 0.61 -1.22 -6.4
4 16 0.61 -1.22 -6.4 0.57 -1.22 -6.38 0.57 -0.1 -6.5 0.61 -0.1 -6.51
4 16 0.57 -0.1 6.5 0.53 -0.1 6.49 0.53 -1.22 6.37 0.57 -1.22 6.38
4 16 0.57 -1.22 6.38 0.53 -1.22 6.37 0.53 -2.29 6.07 0.57 -2.3 6.08
4 16 0.57 -2.3 6.08 0.53 -2.29 6.07 0.53 -3.3 5.59 0.57 -3.31 5.59
4 16 0.57 -3.31 5.59 0.53 -3.3 5.59 0.53 -4.21 4.93 0.57 -4.22 4.94
4 16 0.57 -4.22 4.94 0.53 -4.21 4.93 0.53 -5 4.14 0.57 -5.01 4.14
4 16 0.57 -5.01 4.14 0.53 -5 4.14 0.53 -5.64 3.22 0.57 -5.64 3.22
4 16 0.57 -5.64 3.22 0.53 -5.64 3.22 0.53 -6.11 2.2 0.57 -6.11 2.2
4 16 0.57 -6.11 2.2 0.53 -6.11 2.2 0.53 -6.39 1.12 0.57 -6.4 1.12
4 16 0.57 -6.4 1.12 0.53 -6.39 1.12 0.53 -6.49 0 0.57 -6.5 0
4 16 0.57 -6.5 0 0.53 -6.49 0 0.53 -6.39 -1.12 0.57 -6.4 -1.12
4 16 0.57 -6.4 -1.12 0.53 -6.39 -1.12 0.53 -6.11 -2.2 0.57 -6.11 -2.2
4 16 0.57 -6.11 -2.2 0.53 -6.11 -2.2 0.53 -5.64 -3.22 0.57 -5.64 -3.22
4 16 0.57 -5.64 -3.22 0.53 -5.64 -3.22 0.53 -5 -4.14 0.57 -5.01 -4.14
4 16 0.57 -5.01 -4.14 0.53 -5 -4.14 0.53 -4.21 -4.93 0.57 -4.22 -4.94
4 16 0.57 -4.22 -4.94 0.53 -4.21 -4.93 0.53 -3.3 -5.59 0.57 -3.31 -5.59
4 16 0.57 -3.31 -5.59 0.53 -3.3 -5.59 0.53 -2.29 -6.07 0.57 -2.3 -6.08
4 16 0.57 -2.3 -6.08 0.53 -2.29 -6.07 0.53 -1.22 -6.37 0.57 -1.22 -6.38
4 16 0.57 -1.22 -6.38 0.53 -1.22 -6.37 0.53 -0.1 -6.49 0.57 -0.1 -6.5
4 16 0.5 0 6.49 0.25 0 6.49 0.25 -0.1 6.49 0.5 -0.1 6.49
4 16 0.5 -0.1 6.49 0.25 -0.1 6.49 0.25 -1.13 6.39 0.5 -1.13 6.39
4 16 0.5 -1.13 6.39 0.25 -1.13 6.39 0.25 -1.22 6.37 0.5 -1.22 6.37
4 16 0.5 -1.22 6.37 0.25 -1.22 6.37 0.25 -2.22 6.1 0.5 -2.22 6.1
4 16 0.5 -2.22 6.1 0.25 -2.22 6.1 0.25 -2.29 6.07 0.5 -2.29 6.07
4 16 0.5 -2.29 6.07 0.25 -2.29 6.07 0.25 -3.24 5.62 0.5 -3.24 5.62
4 16 0.5 -3.24 5.62 0.25 -3.24 5.62 0.25 -3.3 5.58 0.5 -3.3 5.58
4 16 0.5 -3.3 5.58 0.25 -3.3 5.58 0.25 -4.17 4.97 0.5 -4.17 4.97
4 16 0.5 -4.17 4.97 0.25 -4.17 4.97 0.25 -4.21 4.93 0.5 -4.21 4.93
4 16 0.5 -4.21 4.93 0.25 -4.21 4.93 0.25 -4.97 4.17 0.5 -4.97 4.17
4 16 0.5 -4.97 4.17 0.25 -4.97 4.17 0.25 -5 4.14 0.5 -5 4.14
4 16 0.5 -5 4.14 0.25 -5 4.14 0.25 -5.62 3.24 0.5 -5.62 3.24
4 16 0.5 -5.62 3.24 0.25 -5.62 3.24 0.25 -5.64 3.21 0.5 -5.64 3.21
4 16 0.5 -5.64 3.21 0.25 -5.64 3.21 0.25 -6.1 2.22 0.5 -6.1 2.22
4 16 0.5 -6.1 2.2 0.25 -6.1 2.2 0.25 -6.39 1.13 0.5 -6.39 1.13
4 16 0.5 -6.39 1.12 0.25 -6.39 1.12 0.25 -6.49 0 0.5 -6.49 0
4 16 0.5 -6.49 0 0.25 -6.49 0 0.25 -6.39 -1.12 0.5 -6.39 -1.12
4 16 0.5 -6.39 -1.13 0.25 -6.39 -1.13 0.25 -6.1 -2.2 0.5 -6.1 -2.2
4 16 0.5 -6.1 -2.22 0.25 -6.1 -2.22 0.25 -5.64 -3.21 0.5 -5.64 -3.21
4 16 0.5 -5.64 -3.21 0.25 -5.64 -3.21 0.25 -5.62 -3.24 0.5 -5.62 -3.24
4 16 0.5 -5.62 -3.24 0.25 -5.62 -3.24 0.25 -5 -4.14 0.5 -5 -4.14
4 16 0.5 -5 -4.14 0.25 -5 -4.14 0.25 -4.97 -4.17 0.5 -4.97 -4.17
4 16 0.5 -4.97 -4.17 0.25 -4.97 -4.17 0.25 -4.21 -4.93 0.5 -4.21 -4.93
4 16 0.5 -4.21 -4.93 0.25 -4.21 -4.93 0.25 -4.17 -4.97 0.5 -4.17 -4.97
4 16 0.5 -4.17 -4.97 0.25 -4.17 -4.97 0.25 -3.3 -5.58 0.5 -3.3 -5.58
4 16 0.5 -3.3 -5.58 0.25 -3.3 -5.58 0.25 -3.24 -5.62 0.5 -3.24 -5.62
4 16 0.5 -3.24 -5.62 0.25 -3.24 -5.62 0.25 -2.29 -6.07 0.5 -2.29 -6.07
4 16 0.5 -2.29 -6.07 0.25 -2.29 -6.07 0.25 -2.22 -6.1 0.5 -2.22 -6.1
4 16 0.5 -2.22 -6.1 0.25 -2.22 -6.1 0.25 -1.22 -6.37 0.5 -1.22 -6.37
4 16 0.5 -1.22 -6.37 0.25 -1.22 -6.37 0.25 -1.13 -6.39 0.5 -1.13 -6.39
4 16 0.5 -1.13 -6.39 0.25 -1.13 -6.39 0.25 -0.1 -6.49 0.5 -0.1 -6.49
4 16 0.5 -0.1 -6.49 0.25 -0.1 -6.49 0.25 0 -6.49 0.5 0 -6.49
3 16 0.25 -3.24 -5.62 0.25 -3.3 -5.58 0.23 -3.3 -5.58
3 16 0 -0.1 6.26 0 0 6.26 0 0.1 6.24
3 16 0.25 -0.1 6.49 0.23 -0.1 6.49 0.25 -1.13 6.39
3 16 0.25 -1.13 6.39 0.23 -0.1 6.49 0.23 -1.22 6.37
3 16 0.25 -1.13 6.39 0.23 -1.22 6.37 0.25 -1.22 6.37
3 16 0.25 -1.22 6.37 0.23 -1.22 6.37 0.25 -2.22 6.1
3 16 0.25 -2.22 6.1 0.23 -1.22 6.37 0.23 -2.29 6.07
3 16 0.25 -2.22 6.1 0.23 -2.29 6.07 0.25 -2.29 6.07
3 16 0.25 -2.29 6.07 0.23 -2.29 6.07 0.25 -3.24 5.62
3 16 0.25 -3.24 5.62 0.23 -2.29 6.07 0.23 -3.3 5.58
3 16 0.25 -3.24 5.62 0.23 -3.3 5.58 0.25 -3.3 5.58
3 16 0.25 -3.3 5.58 0.23 -3.3 5.58 0.25 -4.17 4.97
3 16 0.25 -4.17 4.97 0.23 -3.3 5.58 0.23 -4.21 4.93
3 16 0.25 -4.17 4.97 0.23 -4.21 4.93 0.25 -4.21 4.93
3 16 0.25 -4.21 4.93 0.23 -4.21 4.93 0.25 -4.97 4.17
3 16 0.25 -4.97 4.17 0.23 -4.21 4.93 0.23 -5 4.14
3 16 0.25 -4.97 4.17 0.23 -5 4.14 0.25 -5 4.14
3 16 0.25 -5 4.14 0.23 -5 4.14 0.25 -5.62 3.24
3 16 0.25 -5.62 3.24 0.23 -5 4.14 0.23 -5.63 3.21
3 16 0.25 -5.62 3.24 0.23 -5.63 3.21 0.25 -5.64 3.21
3 16 0.25 -5.64 3.21 0.23 -5.63 3.21 0.25 -6.1 2.22
3 16 0.25 -6.1 2.22 0.23 -5.63 3.21 0.23 -6.1 2.2
3 16 0.25 -6.1 2.22 0.23 -6.1 2.2 0.25 -6.1 2.2
3 16 0.25 -6.1 2.2 0.23 -6.1 2.2 0.25 -6.39 1.13
3 16 0.25 -6.39 1.13 0.23 -6.1 2.2 0.23 -6.39 1.12
3 16 0.25 -6.39 1.13 0.23 -6.39 1.12 0.25 -6.39 1.12
4 16 0.25 -6.39 1.12 0.23 -6.39 1.12 0.23 -6.49 0 0.25 -6.49 0
4 16 0.25 -6.49 0 0.23 -6.49 0 0.23 -6.39 -1.12 0.25 -6.39 -1.12
3 16 0.25 -6.39 -1.12 0.23 -6.39 -1.12 0.25 -6.39 -1.13
3 16 0.25 -6.39 -1.13 0.23 -6.39 -1.12 0.23 -6.1 -2.2
3 16 0.25 -6.39 -1.13 0.23 -6.1 -2.2 0.25 -6.1 -2.2
3 16 0.23 -5.63 -3.21 0.23 -5 -4.14 0.25 -5 -4.14
3 16 0.25 -5 -4.14 0.25 -5.62 -3.24 0.23 -5.63 -3.21
3 16 0.23 -5.63 -3.21 0.25 -5.62 -3.24 0.25 -5.64 -3.21
3 16 0.23 -5.63 -3.21 0.25 -5.64 -3.21 0.23 -6.1 -2.2
3 16 0.23 -6.1 -2.2 0.25 -5.64 -3.21 0.25 -6.1 -2.22
3 16 0.23 -6.1 -2.2 0.25 -6.1 -2.22 0.25 -6.1 -2.2
3 16 0.23 -3.3 -5.58 0.25 -3.3 -5.58 0.23 -4.21 -4.93
3 16 0.25 -3.3 -5.58 0.25 -4.17 -4.97 0.23 -4.21 -4.93
3 16 0.23 -4.21 -4.93 0.25 -4.17 -4.97 0.25 -4.21 -4.93
3 16 0.23 -4.21 -4.93 0.25 -4.21 -4.93 0.23 -5 -4.14
3 16 0.23 -5 -4.14 0.25 -4.21 -4.93 0.25 -4.97 -4.17
3 16 0.23 -5 -4.14 0.25 -4.97 -4.17 0.25 -5 -4.14
3 16 0.25 -3.24 -5.62 0.23 -3.3 -5.58 0.25 -2.29 -6.07
3 16 0.25 -2.29 -6.07 0.23 -3.3 -5.58 0.23 -2.29 -6.07
3 16 0.25 -2.29 -6.07 0.23 -2.29 -6.07 0.25 -2.22 -6.1
3 16 0.25 -2.22 -6.1 0.23 -2.29 -6.07 0.23 -1.22 -6.37
3 16 0.25 -2.22 -6.1 0.23 -1.22 -6.37 0.25 -1.22 -6.37
3 16 0.25 -1.22 -6.37 0.23 -1.22 -6.37 0.25 -1.13 -6.39
3 16 0.25 -1.13 -6.39 0.23 -1.22 -6.37 0.23 -0.1 -6.49
3 16 0.25 -1.13 -6.39 0.23 -0.1 -6.49 0.25 -0.1 -6.49
3 16 0 -0.1 -6.24 0 0.1 -6.24 0 0 -6.26
3 16 0 0.1 6.24 0 -0.1 6.24 0 -0.1 6.26
4 16 0 -0.1 6.26 0 -0.1 6.24 0 -1.17 6.13 0 -1.17 6.15
4 16 0 -1.17 6.15 0 -1.17 6.13 0 -2.2 5.83 0 -2.21 5.86
4 16 0 -2.21 5.86 0 -2.2 5.83 0 -3.17 5.37 0 -3.19 5.39
4 16 0 -3.19 5.39 0 -3.17 5.37 0 -4.05 4.74 0 -4.07 4.76
4 16 0 -4.07 4.76 0 -4.05 4.74 0 -4.81 3.98 0 -4.82 3.99
4 16 0 -4.82 3.99 0 -4.81 3.98 0 -5.42 3.09 0 -5.44 3.1
4 16 0 -5.44 3.1 0 -5.42 3.09 0 -5.87 2.11 0 -5.89 2.12
4 16 0 -5.89 2.12 0 -5.87 2.11 0 -6.14 1.07 0 -6.17 1.08
4 16 0 -6.17 1.08 0 -6.14 1.07 0 -6.24 0 0 -6.26 0
4 16 0 -6.26 0 0 -6.24 0 0 -6.14 -1.07 0 -6.17 -1.08
4 16 0 -6.17 -1.08 0 -6.14 -1.07 0 -5.87 -2.11 0 -5.89 -2.12
4 16 0 -5.89 -2.12 0 -5.87 -2.11 0 -5.42 -3.09 0 -5.44 -3.1
4 16 0 -5.44 -3.1 0 -5.42 -3.09 0 -4.81 -3.98 0 -4.82 -3.99
4 16 0 -4.82 -3.99 0 -4.81 -3.98 0 -4.05 -4.74 0 -4.07 -4.76
4 16 0 -4.07 -4.76 0 -4.05 -4.74 0 -3.17 -5.37 0 -3.19 -5.39
4 16 0 -3.19 -5.39 0 -3.17 -5.37 0 -2.2 -5.83 0 -2.21 -5.86
4 16 0 -2.21 -5.86 0 -2.2 -5.83 0 -1.17 -6.13 0 -1.17 -6.15
4 16 0 -1.17 -6.15 0 -1.17 -6.13 0 -0.1 -6.24 0 -0.1 -6.26
3 16 0 -0.1 -6.26 0 -0.1 -6.24 0 0 -6.26
4 16 0.23 -0.1 6.49 0.19 -0.1 6.48 0.19 -1.21 6.36 0.23 -1.22 6.37
4 16 0.23 -1.22 6.37 0.19 -1.21 6.36 0.19 -2.29 6.06 0.23 -2.29 6.07
4 16 0.23 -2.29 6.07 0.19 -2.29 6.06 0.19 -3.3 5.58 0.23 -3.3 5.58
4 16 0.23 -3.3 5.58 0.19 -3.3 5.58 0.19 -4.21 4.93 0.23 -4.21 4.93
4 16 0.23 -4.21 4.93 0.19 -4.21 4.93 0.19 -4.99 4.13 0.23 -5 4.14
4 16 0.23 -5 4.14 0.19 -4.99 4.13 0.19 -5.63 3.21 0.23 -5.63 3.21
4 16 0.23 -5.63 3.21 0.19 -5.63 3.21 0.19 -6.1 2.19 0.23 -6.1 2.2
4 16 0.23 -6.1 2.2 0.19 -6.1 2.19 0.19 -6.38 1.11 0.23 -6.39 1.12
4 16 0.23 -6.39 1.12 0.19 -6.38 1.11 0.19 -6.48 0 0.23 -6.49 0
4 16 0.23 -6.49 0 0.19 -6.48 0 0.19 -6.38 -1.11 0.23 -6.39 -1.12
4 16 0.23 -6.39 -1.12 0.19 -6.38 -1.11 0.19 -6.1 -2.19 0.23 -6.1 -2.2
4 16 0.23 -6.1 -2.2 0.19 -6.1 -2.19 0.19 -5.63 -3.21 0.23 -5.63 -3.21
4 16 0.23 -5.63 -3.21 0.19 -5.63 -3.21 0.19 -4.99 -4.13 0.23 -5 -4.14
4 16 0.23 -5 -4.14 0.19 -4.99 -4.13 0.19 -4.21 -4.93 0.23 -4.21 -4.93
4 16 0.23 -4.21 -4.93 0.19 -4.21 -4.93 0.19 -3.3 -5.58 0.23 -3.3 -5.58
4 16 0.23 -3.3 -5.58 0.19 -3.3 -5.58 0.19 -2.29 -6.06 0.23 -2.29 -6.07
4 16 0.23 -2.29 -6.07 0.19 -2.29 -6.06 0.19 -1.21 -6.36 0.23 -1.22 -6.37
4 16 0.23 -1.22 -6.37 0.19 -1.21 -6.36 0.19 -0.1 -6.48 0.23 -0.1 -6.49
4 16 0.19 -0.1 6.48 0.14 -0.1 6.46 0.14 -1.21 6.35 0.19 -1.21 6.36
4 16 0.19 -1.21 6.36 0.14 -1.21 6.35 0.14 -2.28 6.05 0.19 -2.29 6.06
4 16 0.19 -2.29 6.06 0.14 -2.28 6.05 0.14 -3.29 5.56 0.19 -3.3 5.58
4 16 0.19 -3.3 5.58 0.14 -3.29 5.56 0.14 -4.2 4.92 0.19 -4.21 4.93
4 16 0.19 -4.21 4.93 0.14 -4.2 4.92 0.14 -4.98 4.12 0.19 -4.99 4.13
4 16 0.19 -4.99 4.13 0.14 -4.98 4.12 0.14 -5.62 3.2 0.19 -5.63 3.21
4 16 0.19 -5.63 3.21 0.14 -5.62 3.2 0.14 -6.08 2.19 0.19 -6.1 2.19
4 16 0.19 -6.1 2.19 0.14 -6.08 2.19 0.14 -6.37 1.11 0.19 -6.38 1.11
4 16 0.19 -6.38 1.11 0.14 -6.37 1.11 0.14 -6.46 0 0.19 -6.48 0
4 16 0.19 -6.48 0 0.14 -6.46 0 0.14 -6.37 -1.11 0.19 -6.38 -1.11
4 16 0.19 -6.38 -1.11 0.14 -6.37 -1.11 0.14 -6.08 -2.19 0.19 -6.1 -2.19
4 16 0.19 -6.1 -2.19 0.14 -6.08 -2.19 0.14 -5.62 -3.2 0.19 -5.63 -3.21
4 16 0.19 -5.63 -3.21 0.14 -5.62 -3.2 0.14 -4.98 -4.12 0.19 -4.99 -4.13
4 16 0.19 -4.99 -4.13 0.14 -4.98 -4.12 0.14 -4.2 -4.92 0.19 -4.21 -4.93
4 16 0.19 -4.21 -4.93 0.14 -4.2 -4.92 0.14 -3.29 -5.56 0.19 -3.3 -5.58
4 16 0.19 -3.3 -5.58 0.14 -3.29 -5.56 0.14 -2.28 -6.05 0.19 -2.29 -6.06
4 16 0.19 -2.29 -6.06 0.14 -2.28 -6.05 0.14 -1.21 -6.35 0.19 -1.21 -6.36
4 16 0.19 -1.21 -6.36 0.14 -1.21 -6.35 0.14 -0.1 -6.46 0.19 -0.1 -6.48
4 16 0.14 -0.1 6.46 0.11 -0.1 6.44 0.11 -1.21 6.33 0.14 -1.21 6.35
4 16 0.14 -1.21 6.35 0.11 -1.21 6.33 0.11 -2.28 6.03 0.14 -2.28 6.05
4 16 0.14 -2.28 6.05 0.11 -2.28 6.03 0.11 -3.28 5.55 0.14 -3.29 5.56
4 16 0.14 -3.29 5.56 0.11 -3.28 5.55 0.11 -4.18 4.9 0.14 -4.2 4.92
4 16 0.14 -4.2 4.92 0.11 -4.18 4.9 0.11 -4.96 4.11 0.14 -4.98 4.12
4 16 0.14 -4.98 4.12 0.11 -4.96 4.11 0.11 -5.6 3.19 0.14 -5.62 3.2
4 16 0.14 -5.62 3.2 0.11 -5.6 3.19 0.11 -6.06 2.18 0.14 -6.08 2.19
4 16 0.14 -6.08 2.19 0.11 -6.06 2.18 0.11 -6.35 1.11 0.14 -6.37 1.11
4 16 0.14 -6.37 1.11 0.11 -6.35 1.11 0.11 -6.44 0 0.14 -6.46 0
4 16 0.14 -6.46 0 0.11 -6.44 0 0.11 -6.35 -1.11 0.14 -6.37 -1.11
4 16 0.14 -6.37 -1.11 0.11 -6.35 -1.11 0.11 -6.06 -2.18 0.14 -6.08 -2.19
4 16 0.14 -6.08 -2.19 0.11 -6.06 -2.18 0.11 -5.6 -3.19 0.14 -5.62 -3.2
4 16 0.14 -5.62 -3.2 0.11 -5.6 -3.19 0.11 -4.96 -4.11 0.14 -4.98 -4.12
4 16 0.14 -4.98 -4.12 0.11 -4.96 -4.11 0.11 -4.18 -4.9 0.14 -4.2 -4.92
4 16 0.14 -4.2 -4.92 0.11 -4.18 -4.9 0.11 -3.28 -5.55 0.14 -3.29 -5.56
4 16 0.14 -3.29 -5.56 0.11 -3.28 -5.55 0.11 -2.28 -6.03 0.14 -2.28 -6.05
4 16 0.14 -2.28 -6.05 0.11 -2.28 -6.03 0.11 -1.21 -6.33 0.14 -1.21 -6.35
4 16 0.14 -1.21 -6.35 0.11 -1.21 -6.33 0.11 -0.1 -6.44 0.14 -0.1 -6.46
4 16 0.11 -0.1 6.44 0.07 -0.1 6.41 0.07 -1.2 6.3 0.11 -1.21 6.33
4 16 0.11 -1.21 6.33 0.07 -1.2 6.3 0.07 -2.27 6 0.11 -2.28 6.03
4 16 0.11 -2.28 6.03 0.07 -2.27 6 0.07 -3.27 5.52 0.11 -3.28 5.55
4 16 0.11 -3.28 5.55 0.07 -3.27 5.52 0.07 -4.17 4.88 0.11 -4.18 4.9
4 16 0.11 -4.18 4.9 0.07 -4.17 4.88 0.07 -4.94 4.09 0.11 -4.96 4.11
4 16 0.11 -4.96 4.11 0.07 -4.94 4.09 0.07 -5.57 3.18 0.11 -5.6 3.19
4 16 0.11 -5.6 3.19 0.07 -5.57 3.18 0.07 -6.04 2.17 0.11 -6.06 2.18
4 16 0.11 -6.06 2.18 0.07 -6.04 2.17 0.07 -6.32 1.1 0.11 -6.35 1.11
4 16 0.11 -6.35 1.11 0.07 -6.32 1.1 0.07 -6.41 0 0.11 -6.44 0
4 16 0.11 -6.44 0 0.07 -6.41 0 0.07 -6.32 -1.1 0.11 -6.35 -1.11
4 16 0.11 -6.35 -1.11 0.07 -6.32 -1.1 0.07 -6.04 -2.17 0.11 -6.06 -2.18
4 16 0.11 -6.06 -2.18 0.07 -6.04 -2.17 0.07 -5.57 -3.18 0.11 -5.6 -3.19
4 16 0.11 -5.6 -3.19 0.07 -5.57 -3.18 0.07 -4.94 -4.09 0.11 -4.96 -4.11
4 16 0.11 -4.96 -4.11 0.07 -4.94 -4.09 0.07 -4.17 -4.88 0.11 -4.18 -4.9
4 16 0.11 -4.18 -4.9 0.07 -4.17 -4.88 0.07 -3.27 -5.52 0.11 -3.28 -5.55
4 16 0.11 -3.28 -5.55 0.07 -3.27 -5.52 0.07 -2.27 -6 0.11 -2.28 -6.03
4 16 0.11 -2.28 -6.03 0.07 -2.27 -6 0.07 -1.2 -6.3 0.11 -1.21 -6.33
4 16 0.11 -1.21 -6.33 0.07 -1.2 -6.3 0.07 -0.1 -6.41 0.11 -0.1 -6.44
4 16 0.07 -0.1 6.41 0.05 -0.1 6.38 0.05 -1.2 6.27 0.07 -1.2 6.3
4 16 0.07 -1.2 6.3 0.05 -1.2 6.27 0.05 -2.26 5.97 0.07 -2.27 6
4 16 0.07 -2.27 6 0.05 -2.26 5.97 0.05 -3.25 5.49 0.07 -3.27 5.52
4 16 0.07 -3.27 5.52 0.05 -3.25 5.49 0.05 -4.14 4.85 0.07 -4.17 4.88
4 16 0.07 -4.17 4.88 0.05 -4.14 4.85 0.05 -4.92 4.07 0.07 -4.94 4.09
4 16 0.07 -4.94 4.09 0.05 -4.92 4.07 0.05 -5.54 3.16 0.07 -5.57 3.18
4 16 0.07 -5.57 3.18 0.05 -5.54 3.16 0.05 -6 2.16 0.07 -6.04 2.17
4 16 0.07 -6.04 2.17 0.05 -6 2.16 0.05 -6.29 1.1 0.07 -6.32 1.1
4 16 0.07 -6.32 1.1 0.05 -6.29 1.1 0.05 -6.38 0 0.07 -6.41 0
4 16 0.07 -6.41 0 0.05 -6.38 0 0.05 -6.29 -1.1 0.07 -6.32 -1.1
4 16 0.07 -6.32 -1.1 0.05 -6.29 -1.1 0.05 -6 -2.16 0.07 -6.04 -2.17
4 16 0.07 -6.04 -2.17 0.05 -6 -2.16 0.05 -5.54 -3.16 0.07 -5.57 -3.18
4 16 0.07 -5.57 -3.18 0.05 -5.54 -3.16 0.05 -4.92 -4.07 0.07 -4.94 -4.09
4 16 0.07 -4.94 -4.09 0.05 -4.92 -4.07 0.05 -4.14 -4.85 0.07 -4.17 -4.88
4 16 0.07 -4.17 -4.88 0.05 -4.14 -4.85 0.05 -3.25 -5.49 0.07 -3.27 -5.52
4 16 0.07 -3.27 -5.52 0.05 -3.25 -5.49 0.05 -2.26 -5.97 0.07 -2.27 -6
4 16 0.07 -2.27 -6 0.05 -2.26 -5.97 0.05 -1.2 -6.27 0.07 -1.2 -6.3
4 16 0.07 -1.2 -6.3 0.05 -1.2 -6.27 0.05 -0.1 -6.38 0.07 -0.1 -6.41
4 16 0.05 -0.1 6.38 0.02 -0.1 6.34 0.02 -1.19 6.23 0.05 -1.2 6.27
4 16 0.05 -1.2 6.27 0.02 -1.19 6.23 0.02 -2.24 5.93 0.05 -2.26 5.97
4 16 0.05 -2.26 5.97 0.02 -2.24 5.93 0.02 -3.23 5.46 0.05 -3.25 5.49
4 16 0.05 -3.25 5.49 0.02 -3.23 5.46 0.02 -4.12 4.82 0.05 -4.14 4.85
4 16 0.05 -4.14 4.85 0.02 -4.12 4.82 0.02 -4.89 4.04 0.05 -4.92 4.07
4 16 0.05 -4.92 4.07 0.02 -4.89 4.04 0.02 -5.51 3.14 0.05 -5.54 3.16
4 16 0.05 -5.54 3.16 0.02 -5.51 3.14 0.02 -5.97 2.15 0.05 -6 2.16
4 16 0.05 -6 2.16 0.02 -5.97 2.15 0.02 -6.25 1.09 0.05 -6.29 1.1
4 16 0.05 -6.29 1.1 0.02 -6.25 1.09 0.02 -6.34 0 0.05 -6.38 0
4 16 0.05 -6.38 0 0.02 -6.34 0 0.02 -6.25 -1.09 0.05 -6.29 -1.1
4 16 0.05 -6.29 -1.1 0.02 -6.25 -1.09 0.02 -5.97 -2.15 0.05 -6 -2.16
4 16 0.05 -6 -2.16 0.02 -5.97 -2.15 0.02 -5.51 -3.14 0.05 -5.54 -3.16
4 16 0.05 -5.54 -3.16 0.02 -5.51 -3.14 0.02 -4.89 -4.04 0.05 -4.92 -4.07
4 16 0.05 -4.92 -4.07 0.02 -4.89 -4.04 0.02 -4.12 -4.82 0.05 -4.14 -4.85
4 16 0.05 -4.14 -4.85 0.02 -4.12 -4.82 0.02 -3.23 -5.46 0.05 -3.25 -5.49
4 16 0.05 -3.25 -5.49 0.02 -3.23 -5.46 0.02 -2.24 -5.93 0.05 -2.26 -5.97
4 16 0.05 -2.26 -5.97 0.02 -2.24 -5.93 0.02 -1.19 -6.23 0.05 -1.2 -6.27
4 16 0.05 -1.2 -6.27 0.02 -1.19 -6.23 0.02 -0.1 -6.34 0.05 -0.1 -6.38
4 16 0.02 -0.1 6.34 0.01 -0.1 6.3 0.01 -1.18 6.19 0.02 -1.19 6.23
4 16 0.02 -1.19 6.23 0.01 -1.18 6.19 0.01 -2.23 5.9 0.02 -2.24 5.93
4 16 0.02 -2.24 5.93 0.01 -2.23 5.9 0.01 -3.21 5.43 0.02 -3.23 5.46
4 16 0.02 -3.23 5.46 0.01 -3.21 5.43 0.01 -4.09 4.79 0.02 -4.12 4.82
4 16 0.02 -4.12 4.82 0.01 -4.09 4.79 0.01 -4.86 4.02 0.02 -4.89 4.04
4 16 0.02 -4.89 4.04 0.01 -4.86 4.02 0.01 -5.47 3.12 0.02 -5.51 3.14
4 16 0.02 -5.51 3.14 0.01 -5.47 3.12 0.01 -5.93 2.13 0.02 -5.97 2.15
4 16 0.02 -5.97 2.15 0.01 -5.93 2.13 0.01 -6.21 1.08 0.02 -6.25 1.09
4 16 0.02 -6.25 1.09 0.01 -6.21 1.08 0.01 -6.3 0 0.02 -6.34 0
4 16 0.02 -6.34 0 0.01 -6.3 0 0.01 -6.21 -1.08 0.02 -6.25 -1.09
4 16 0.02 -6.25 -1.09 0.01 -6.21 -1.08 0.01 -5.93 -2.13 0.02 -5.97 -2.15
4 16 0.02 -5.97 -2.15 0.01 -5.93 -2.13 0.01 -5.47 -3.12 0.02 -5.51 -3.14
4 16 0.02 -5.51 -3.14 0.01 -5.47 -3.12 0.01 -4.86 -4.02 0.02 -4.89 -4.04
4 16 0.02 -4.89 -4.04 0.01 -4.86 -4.02 0.01 -4.09 -4.79 0.02 -4.12 -4.82
4 16 0.02 -4.12 -4.82 0.01 -4.09 -4.79 0.01 -3.21 -5.43 0.02 -3.23 -5.46
4 16 0.02 -3.23 -5.46 0.01 -3.21 -5.43 0.01 -2.23 -5.9 0.02 -2.24 -5.93
4 16 0.02 -2.24 -5.93 0.01 -2.23 -5.9 0.01 -1.18 -6.19 0.02 -1.19 -6.23
4 16 0.02 -1.19 -6.23 0.01 -1.18 -6.19 0.01 -0.1 -6.3 0.02 -0.1 -6.34
4 16 0.01 -0.1 6.3 0 -0.1 6.26 0 -1.17 6.15 0.01 -1.18 6.19
4 16 0.01 -1.18 6.19 0 -1.17 6.15 0 -2.21 5.86 0.01 -2.23 5.9
4 16 0.01 -2.23 5.9 0 -2.21 5.86 0 -3.19 5.39 0.01 -3.21 5.43
4 16 0.01 -3.21 5.43 0 -3.19 5.39 0 -4.07 4.76 0.01 -4.09 4.79
4 16 0.01 -4.09 4.79 0 -4.07 4.76 0 -4.82 3.99 0.01 -4.86 4.02
4 16 0.01 -4.86 4.02 0 -4.82 3.99 0 -5.44 3.1 0.01 -5.47 3.12
4 16 0.01 -5.47 3.12 0 -5.44 3.1 0 -5.89 2.12 0.01 -5.93 2.13
4 16 0.01 -5.93 2.13 0 -5.89 2.12 0 -6.17 1.08 0.01 -6.21 1.08
4 16 0.01 -6.21 1.08 0 -6.17 1.08 0 -6.26 0 0.01 -6.3 0
4 16 0.01 -6.3 0 0 -6.26 0 0 -6.17 -1.08 0.01 -6.21 -1.08
4 16 0.01 -6.21 -1.08 0 -6.17 -1.08 0 -5.89 -2.12 0.01 -5.93 -2.13
4 16 0.01 -5.93 -2.13 0 -5.89 -2.12 0 -5.44 -3.1 0.01 -5.47 -3.12
4 16 0.01 -5.47 -3.12 0 -5.44 -3.1 0 -4.82 -3.99 0.01 -4.86 -4.02
4 16 0.01 -4.86 -4.02 0 -4.82 -3.99 0 -4.07 -4.76 0.01 -4.09 -4.79
4 16 0.01 -4.09 -4.79 0 -4.07 -4.76 0 -3.19 -5.39 0.01 -3.21 -5.43
4 16 0.01 -3.21 -5.43 0 -3.19 -5.39 0 -2.21 -5.86 0.01 -2.23 -5.9
4 16 0.01 -2.23 -5.9 0 -2.21 -5.86 0 -1.17 -6.15 0.01 -1.18 -6.19
4 16 0.01 -1.18 -6.19 0 -1.17 -6.15 0 -0.1 -6.26 0.01 -0.1 -6.3
3 16 0.25 3.24 5.62 0.25 3.3 5.58 0.23 3.3 5.58
3 16 0.25 0.1 -6.49 0.23 0.1 -6.49 0.25 1.13 -6.39
3 16 0.25 1.13 -6.39 0.23 0.1 -6.49 0.23 1.22 -6.37
3 16 0.25 1.13 -6.39 0.23 1.22 -6.37 0.25 1.22 -6.37
3 16 0.25 1.22 -6.37 0.23 1.22 -6.37 0.25 2.22 -6.1
3 16 0.25 2.22 -6.1 0.23 1.22 -6.37 0.23 2.29 -6.07
3 16 0.25 2.22 -6.1 0.23 2.29 -6.07 0.25 2.29 -6.07
3 16 0.25 2.29 -6.07 0.23 2.29 -6.07 0.25 3.24 -5.62
3 16 0.25 3.24 -5.62 0.23 2.29 -6.07 0.23 3.3 -5.58
3 16 0.25 3.24 -5.62 0.23 3.3 -5.58 0.25 3.3 -5.58
3 16 0.25 3.3 -5.58 0.23 3.3 -5.58 0.25 4.17 -4.97
3 16 0.25 4.17 -4.97 0.23 3.3 -5.58 0.23 4.21 -4.93
3 16 0.25 4.17 -4.97 0.23 4.21 -4.93 0.25 4.21 -4.93
3 16 0.25 4.21 -4.93 0.23 4.21 -4.93 0.25 4.97 -4.17
3 16 0.25 4.97 -4.17 0.23 4.21 -4.93 0.23 5 -4.14
3 16 0.25 4.97 -4.17 0.23 5 -4.14 0.25 5 -4.14
3 16 0.25 5 -4.14 0.23 5 -4.14 0.25 5.62 -3.24
3 16 0.25 5.62 -3.24 0.23 5 -4.14 0.23 5.63 -3.21
3 16 0.25 5.62 -3.24 0.23 5.63 -3.21 0.25 5.64 -3.21
3 16 0.25 5.64 -3.21 0.23 5.63 -3.21 0.25 6.1 -2.22
3 16 0.25 6.1 -2.22 0.23 5.63 -3.21 0.23 6.1 -2.2
3 16 0.25 6.1 -2.22 0.23 6.1 -2.2 0.25 6.1 -2.2
3 16 0.25 6.1 -2.2 0.23 6.1 -2.2 0.25 6.39 -1.13
3 16 0.25 6.39 -1.13 0.23 6.1 -2.2 0.23 6.39 -1.12
3 16 0.25 6.39 -1.13 0.23 6.39 -1.12 0.25 6.39 -1.12
4 16 0.25 6.39 -1.12 0.23 6.39 -1.12 0.23 6.49 0 0.25 6.49 0
4 16 0.25 6.49 0 0.23 6.49 0 0.23 6.39 1.12 0.25 6.39 1.12
3 16 0.25 6.39 1.12 0.23 6.39 1.12 0.25 6.39 1.13
3 16 0.25 6.39 1.13 0.23 6.39 1.12 0.23 6.1 2.2
3 16 0.25 6.39 1.13 0.23 6.1 2.2 0.25 6.1 2.2
3 16 0.23 5.63 3.21 0.23 5 4.14 0.25 5 4.14
3 16 0.25 5 4.14 0.25 5.62 3.24 0.23 5.63 3.21
3 16 0.23 5.63 3.21 0.25 5.62 3.24 0.25 5.64 3.21
3 16 0.23 5.63 3.21 0.25 5.64 3.21 0.23 6.1 2.2
3 16 0.23 6.1 2.2 0.25 5.64 3.21 0.25 6.1 2.22
3 16 0.23 6.1 2.2 0.25 6.1 2.22 0.25 6.1 2.2
3 16 0.23 3.3 5.58 0.25 3.3 5.58 0.23 4.21 4.93
3 16 0.25 3.3 5.58 0.25 4.17 4.97 0.23 4.21 4.93
3 16 0.23 4.21 4.93 0.25 4.17 4.97 0.25 4.21 4.93
3 16 0.23 4.21 4.93 0.25 4.21 4.93 0.23 5 4.14
3 16 0.23 5 4.14 0.25 4.21 4.93 0.25 4.97 4.17
3 16 0.23 5 4.14 0.25 4.97 4.17 0.25 5 4.14
3 16 0.25 3.24 5.62 0.23 3.3 5.58 0.25 2.29 6.07
3 16 0.25 2.29 6.07 0.23 3.3 5.58 0.23 2.29 6.07
3 16 0.25 2.29 6.07 0.23 2.29 6.07 0.25 2.22 6.1
3 16 0.25 2.22 6.1 0.23 2.29 6.07 0.23 1.22 6.37
3 16 0.25 2.22 6.1 0.23 1.22 6.37 0.25 1.22 6.37
3 16 0.25 1.22 6.37 0.23 1.22 6.37 0.25 1.13 6.39
3 16 0.25 1.13 6.39 0.23 1.22 6.37 0.23 0.1 6.49
3 16 0.25 1.13 6.39 0.23 0.1 6.49 0.25 0.1 6.49
3 16 0 0 6.26 0 0.1 6.26 0 0.1 6.24
4 16 0 0.1 6.24 0 0.1 6.26 0 1.17 6.15 0 1.17 6.13
4 16 0 1.17 6.13 0 1.17 6.15 0 2.21 5.86 0 2.2 5.83
4 16 0 2.2 5.83 0 2.21 5.86 0 3.19 5.39 0 3.17 5.37
4 16 0 3.17 5.37 0 3.19 5.39 0 4.07 4.76 0 4.05 4.74
4 16 0 4.05 4.74 0 4.07 4.76 0 4.82 3.99 0 4.81 3.98
4 16 0 4.81 3.98 0 4.82 3.99 0 5.44 3.1 0 5.42 3.09
4 16 0 5.42 3.09 0 5.44 3.1 0 5.89 2.12 0 5.87 2.11
4 16 0 5.87 2.11 0 5.89 2.12 0 6.17 1.08 0 6.14 1.07
4 16 0 6.14 1.07 0 6.17 1.08 0 6.26 0 0 6.24 0
4 16 0 6.24 0 0 6.26 0 0 6.17 -1.08 0 6.14 -1.07
4 16 0 6.14 -1.07 0 6.17 -1.08 0 5.89 -2.12 0 5.87 -2.11
4 16 0 5.87 -2.11 0 5.89 -2.12 0 5.44 -3.1 0 5.42 -3.09
4 16 0 5.42 -3.09 0 5.44 -3.1 0 4.82 -3.99 0 4.81 -3.98
4 16 0 4.81 -3.98 0 4.82 -3.99 0 4.07 -4.76 0 4.05 -4.74
4 16 0 4.05 -4.74 0 4.07 -4.76 0 3.19 -5.39 0 3.17 -5.37
4 16 0 3.17 -5.37 0 3.19 -5.39 0 2.21 -5.86 0 2.2 -5.83
4 16 0 2.2 -5.83 0 2.21 -5.86 0 1.17 -6.15 0 1.17 -6.13
4 16 0 1.17 -6.13 0 1.17 -6.15 0 0.1 -6.26 0 0.1 -6.24
3 16 0 0.1 -6.24 0 0.1 -6.26 0 0 -6.26
4 16 0.23 0.1 -6.49 0.19 0.1 -6.48 0.19 1.21 -6.36 0.23 1.22 -6.37
4 16 0.23 1.22 -6.37 0.19 1.21 -6.36 0.19 2.29 -6.06 0.23 2.29 -6.07
4 16 0.23 2.29 -6.07 0.19 2.29 -6.06 0.19 3.3 -5.58 0.23 3.3 -5.58
4 16 0.23 3.3 -5.58 0.19 3.3 -5.58 0.19 4.21 -4.93 0.23 4.21 -4.93
4 16 0.23 4.21 -4.93 0.19 4.21 -4.93 0.19 4.99 -4.13 0.23 5 -4.14
4 16 0.23 5 -4.14 0.19 4.99 -4.13 0.19 5.63 -3.21 0.23 5.63 -3.21
4 16 0.23 5.63 -3.21 0.19 5.63 -3.21 0.19 6.1 -2.19 0.23 6.1 -2.2
4 16 0.23 6.1 -2.2 0.19 6.1 -2.19 0.19 6.38 -1.11 0.23 6.39 -1.12
4 16 0.23 6.39 -1.12 0.19 6.38 -1.11 0.19 6.48 0 0.23 6.49 0
4 16 0.23 6.49 0 0.19 6.48 0 0.19 6.38 1.11 0.23 6.39 1.12
4 16 0.23 6.39 1.12 0.19 6.38 1.11 0.19 6.1 2.19 0.23 6.1 2.2
4 16 0.23 6.1 2.2 0.19 6.1 2.19 0.19 5.63 3.21 0.23 5.63 3.21
4 16 0.23 5.63 3.21 0.19 5.63 3.21 0.19 4.99 4.13 0.23 5 4.14
4 16 0.23 5 4.14 0.19 4.99 4.13 0.19 4.21 4.93 0.23 4.21 4.93
4 16 0.23 4.21 4.93 0.19 4.21 4.93 0.19 3.3 5.58 0.23 3.3 5.58
4 16 0.23 3.3 5.58 0.19 3.3 5.58 0.19 2.29 6.06 0.23 2.29 6.07
4 16 0.23 2.29 6.07 0.19 2.29 6.06 0.19 1.21 6.36 0.23 1.22 6.37
4 16 0.23 1.22 6.37 0.19 1.21 6.36 0.19 0.1 6.48 0.23 0.1 6.49
4 16 0.19 0.1 -6.48 0.14 0.1 -6.46 0.14 1.21 -6.35 0.19 1.21 -6.36
4 16 0.19 1.21 -6.36 0.14 1.21 -6.35 0.14 2.28 -6.05 0.19 2.29 -6.06
4 16 0.19 2.29 -6.06 0.14 2.28 -6.05 0.14 3.29 -5.56 0.19 3.3 -5.58
4 16 0.19 3.3 -5.58 0.14 3.29 -5.56 0.14 4.2 -4.92 0.19 4.21 -4.93
4 16 0.19 4.21 -4.93 0.14 4.2 -4.92 0.14 4.98 -4.12 0.19 4.99 -4.13
4 16 0.19 4.99 -4.13 0.14 4.98 -4.12 0.14 5.62 -3.2 0.19 5.63 -3.21
4 16 0.19 5.63 -3.21 0.14 5.62 -3.2 0.14 6.08 -2.19 0.19 6.1 -2.19
4 16 0.19 6.1 -2.19 0.14 6.08 -2.19 0.14 6.37 -1.11 0.19 6.38 -1.11
4 16 0.19 6.38 -1.11 0.14 6.37 -1.11 0.14 6.46 0 0.19 6.48 0
4 16 0.19 6.48 0 0.14 6.46 0 0.14 6.37 1.11 0.19 6.38 1.11
4 16 0.19 6.38 1.11 0.14 6.37 1.11 0.14 6.08 2.19 0.19 6.1 2.19
4 16 0.19 6.1 2.19 0.14 6.08 2.19 0.14 5.62 3.2 0.19 5.63 3.21
4 16 0.19 5.63 3.21 0.14 5.62 3.2 0.14 4.98 4.12 0.19 4.99 4.13
4 16 0.19 4.99 4.13 0.14 4.98 4.12 0.14 4.2 4.92 0.19 4.21 4.93
4 16 0.19 4.21 4.93 0.14 4.2 4.92 0.14 3.29 5.56 0.19 3.3 5.58
4 16 0.19 3.3 5.58 0.14 3.29 5.56 0.14 2.28 6.05 0.19 2.29 6.06
4 16 0.19 2.29 6.06 0.14 2.28 6.05 0.14 1.21 6.35 0.19 1.21 6.36
4 16 0.19 1.21 6.36 0.14 1.21 6.35 0.14 0.1 6.46 0.19 0.1 6.48
4 16 0.14 0.1 -6.46 0.11 0.1 -6.44 0.11 1.21 -6.33 0.14 1.21 -6.35
4 16 0.14 1.21 -6.35 0.11 1.21 -6.33 0.11 2.28 -6.03 0.14 2.28 -6.05
4 16 0.14 2.28 -6.05 0.11 2.28 -6.03 0.11 3.28 -5.55 0.14 3.29 -5.56
4 16 0.14 3.29 -5.56 0.11 3.28 -5.55 0.11 4.18 -4.9 0.14 4.2 -4.92
4 16 0.14 4.2 -4.92 0.11 4.18 -4.9 0.11 4.96 -4.11 0.14 4.98 -4.12
4 16 0.14 4.98 -4.12 0.11 4.96 -4.11 0.11 5.6 -3.19 0.14 5.62 -3.2
4 16 0.14 5.62 -3.2 0.11 5.6 -3.19 0.11 6.06 -2.18 0.14 6.08 -2.19
4 16 0.14 6.08 -2.19 0.11 6.06 -2.18 0.11 6.35 -1.11 0.14 6.37 -1.11
4 16 0.14 6.37 -1.11 0.11 6.35 -1.11 0.11 6.44 0 0.14 6.46 0
4 16 0.14 6.46 0 0.11 6.44 0 0.11 6.35 1.11 0.14 6.37 1.11
4 16 0.14 6.37 1.11 0.11 6.35 1.11 0.11 6.06 2.18 0.14 6.08 2.19
4 16 0.14 6.08 2.19 0.11 6.06 2.18 0.11 5.6 3.19 0.14 5.62 3.2
4 16 0.14 5.62 3.2 0.11 5.6 3.19 0.11 4.96 4.11 0.14 4.98 4.12
4 16 0.14 4.98 4.12 0.11 4.96 4.11 0.11 4.18 4.9 0.14 4.2 4.92
4 16 0.14 4.2 4.92 0.11 4.18 4.9 0.11 3.28 5.55 0.14 3.29 5.56
4 16 0.14 3.29 5.56 0.11 3.28 5.55 0.11 2.28 6.03 0.14 2.28 6.05
4 16 0.14 2.28 6.05 0.11 2.28 6.03 0.11 1.21 6.33 0.14 1.21 6.35
4 16 0.14 1.21 6.35 0.11 1.21 6.33 0.11 0.1 6.44 0.14 0.1 6.46
4 16 0.11 0.1 -6.44 0.07 0.1 -6.41 0.07 1.2 -6.3 0.11 1.21 -6.33
4 16 0.11 1.21 -6.33 0.07 1.2 -6.3 0.07 2.27 -6 0.11 2.28 -6.03
4 16 0.11 2.28 -6.03 0.07 2.27 -6 0.07 3.27 -5.52 0.11 3.28 -5.55
4 16 0.11 3.28 -5.55 0.07 3.27 -5.52 0.07 4.17 -4.88 0.11 4.18 -4.9
4 16 0.11 4.18 -4.9 0.07 4.17 -4.88 0.07 4.94 -4.09 0.11 4.96 -4.11
4 16 0.11 4.96 -4.11 0.07 4.94 -4.09 0.07 5.57 -3.18 0.11 5.6 -3.19
4 16 0.11 5.6 -3.19 0.07 5.57 -3.18 0.07 6.04 -2.17 0.11 6.06 -2.18
4 16 0.11 6.06 -2.18 0.07 6.04 -2.17 0.07 6.32 -1.1 0.11 6.35 -1.11
4 16 0.11 6.35 -1.11 0.07 6.32 -1.1 0.07 6.41 0 0.11 6.44 0
4 16 0.11 6.44 0 0.07 6.41 0 0.07 6.32 1.1 0.11 6.35 1.11
4 16 0.11 6.35 1.11 0.07 6.32 1.1 0.07 6.04 2.17 0.11 6.06 2.18
4 16 0.11 6.06 2.18 0.07 6.04 2.17 0.07 5.57 3.18 0.11 5.6 3.19
4 16 0.11 5.6 3.19 0.07 5.57 3.18 0.07 4.94 4.09 0.11 4.96 4.11
4 16 0.11 4.96 4.11 0.07 4.94 4.09 0.07 4.17 4.88 0.11 4.18 4.9
4 16 0.11 4.18 4.9 0.07 4.17 4.88 0.07 3.27 5.52 0.11 3.28 5.55
4 16 0.11 3.28 5.55 0.07 3.27 5.52 0.07 2.27 6 0.11 2.28 6.03
4 16 0.11 2.28 6.03 0.07 2.27 6 0.07 1.2 6.3 0.11 1.21 6.33
4 16 0.11 1.21 6.33 0.07 1.2 6.3 0.07 0.1 6.41 0.11 0.1 6.44
4 16 0.07 0.1 -6.41 0.05 0.1 -6.38 0.05 1.2 -6.27 0.07 1.2 -6.3
4 16 0.07 1.2 -6.3 0.05 1.2 -6.27 0.05 2.26 -5.97 0.07 2.27 -6
4 16 0.07 2.27 -6 0.05 2.26 -5.97 0.05 3.25 -5.49 0.07 3.27 -5.52
4 16 0.07 3.27 -5.52 0.05 3.25 -5.49 0.05 4.14 -4.85 0.07 4.17 -4.88
4 16 0.07 4.17 -4.88 0.05 4.14 -4.85 0.05 4.92 -4.07 0.07 4.94 -4.09
4 16 0.07 4.94 -4.09 0.05 4.92 -4.07 0.05 5.54 -3.16 0.07 5.57 -3.18
4 16 0.07 5.57 -3.18 0.05 5.54 -3.16 0.05 6 -2.16 0.07 6.04 -2.17
4 16 0.07 6.04 -2.17 0.05 6 -2.16 0.05 6.29 -1.1 0.07 6.32 -1.1
4 16 0.07 6.32 -1.1 0.05 6.29 -1.1 0.05 6.38 0 0.07 6.41 0
4 16 0.07 6.41 0 0.05 6.38 0 0.05 6.29 1.1 0.07 6.32 1.1
4 16 0.07 6.32 1.1 0.05 6.29 1.1 0.05 6 2.16 0.07 6.04 2.17
4 16 0.07 6.04 2.17 0.05 6 2.16 0.05 5.54 3.16 0.07 5.57 3.18
4 16 0.07 5.57 3.18 0.05 5.54 3.16 0.05 4.92 4.07 0.07 4.94 4.09
4 16 0.07 4.94 4.09 0.05 4.92 4.07 0.05 4.14 4.85 0.07 4.17 4.88
4 16 0.07 4.17 4.88 0.05 4.14 4.85 0.05 3.25 5.49 0.07 3.27 5.52
4 16 0.07 3.27 5.52 0.05 3.25 5.49 0.05 2.26 5.97 0.07 2.27 6
4 16 0.07 2.27 6 0.05 2.26 5.97 0.05 1.2 6.27 0.07 1.2 6.3
4 16 0.07 1.2 6.3 0.05 1.2 6.27 0.05 0.1 6.38 0.07 0.1 6.41
4 16 0.05 0.1 -6.38 0.02 0.1 -6.34 0.02 1.19 -6.23 0.05 1.2 -6.27
4 16 0.05 1.2 -6.27 0.02 1.19 -6.23 0.02 2.24 -5.93 0.05 2.26 -5.97
4 16 0.05 2.26 -5.97 0.02 2.24 -5.93 0.02 3.23 -5.46 0.05 3.25 -5.49
4 16 0.05 3.25 -5.49 0.02 3.23 -5.46 0.02 4.12 -4.82 0.05 4.14 -4.85
4 16 0.05 4.14 -4.85 0.02 4.12 -4.82 0.02 4.89 -4.04 0.05 4.92 -4.07
4 16 0.05 4.92 -4.07 0.02 4.89 -4.04 0.02 5.51 -3.14 0.05 5.54 -3.16
4 16 0.05 5.54 -3.16 0.02 5.51 -3.14 0.02 5.97 -2.15 0.05 6 -2.16
4 16 0.05 6 -2.16 0.02 5.97 -2.15 0.02 6.25 -1.09 0.05 6.29 -1.1
4 16 0.05 6.29 -1.1 0.02 6.25 -1.09 0.02 6.34 0 0.05 6.38 0
4 16 0.05 6.38 0 0.02 6.34 0 0.02 6.25 1.09 0.05 6.29 1.1
4 16 0.05 6.29 1.1 0.02 6.25 1.09 0.02 5.97 2.15 0.05 6 2.16
4 16 0.05 6 2.16 0.02 5.97 2.15 0.02 5.51 3.14 0.05 5.54 3.16
4 16 0.05 5.54 3.16 0.02 5.51 3.14 0.02 4.89 4.04 0.05 4.92 4.07
4 16 0.05 4.92 4.07 0.02 4.89 4.04 0.02 4.12 4.82 0.05 4.14 4.85
4 16 0.05 4.14 4.85 0.02 4.12 4.82 0.02 3.23 5.46 0.05 3.25 5.49
4 16 0.05 3.25 5.49 0.02 3.23 5.46 0.02 2.24 5.93 0.05 2.26 5.97
4 16 0.05 2.26 5.97 0.02 2.24 5.93 0.02 1.19 6.23 0.05 1.2 6.27
4 16 0.05 1.2 6.27 0.02 1.19 6.23 0.02 0.1 6.34 0.05 0.1 6.38
4 16 0.02 0.1 -6.34 0.01 0.1 -6.3 0.01 1.18 -6.19 0.02 1.19 -6.23
4 16 0.02 1.19 -6.23 0.01 1.18 -6.19 0.01 2.23 -5.9 0.02 2.24 -5.93
4 16 0.02 2.24 -5.93 0.01 2.23 -5.9 0.01 3.21 -5.43 0.02 3.23 -5.46
4 16 0.02 3.23 -5.46 0.01 3.21 -5.43 0.01 4.09 -4.79 0.02 4.12 -4.82
4 16 0.02 4.12 -4.82 0.01 4.09 -4.79 0.01 4.86 -4.02 0.02 4.89 -4.04
4 16 0.02 4.89 -4.04 0.01 4.86 -4.02 0.01 5.47 -3.12 0.02 5.51 -3.14
4 16 0.02 5.51 -3.14 0.01 5.47 -3.12 0.01 5.93 -2.13 0.02 5.97 -2.15
4 16 0.02 5.97 -2.15 0.01 5.93 -2.13 0.01 6.21 -1.08 0.02 6.25 -1.09
4 16 0.02 6.25 -1.09 0.01 6.21 -1.08 0.01 6.3 0 0.02 6.34 0
4 16 0.02 6.34 0 0.01 6.3 0 0.01 6.21 1.08 0.02 6.25 1.09
4 16 0.02 6.25 1.09 0.01 6.21 1.08 0.01 5.93 2.13 0.02 5.97 2.15
4 16 0.02 5.97 2.15 0.01 5.93 2.13 0.01 5.47 3.12 0.02 5.51 3.14
4 16 0.02 5.51 3.14 0.01 5.47 3.12 0.01 4.86 4.02 0.02 4.89 4.04
4 16 0.02 4.89 4.04 0.01 4.86 4.02 0.01 4.09 4.79 0.02 4.12 4.82
4 16 0.02 4.12 4.82 0.01 4.09 4.79 0.01 3.21 5.43 0.02 3.23 5.46
4 16 0.02 3.23 5.46 0.01 3.21 5.43 0.01 2.23 5.9 0.02 2.24 5.93
4 16 0.02 2.24 5.93 0.01 2.23 5.9 0.01 1.18 6.19 0.02 1.19 6.23
4 16 0.02 1.19 6.23 0.01 1.18 6.19 0.01 0.1 6.3 0.02 0.1 6.34
4 16 0.01 0.1 -6.3 0 0.1 -6.26 0 1.17 -6.15 0.01 1.18 -6.19
4 16 0.01 1.18 -6.19 0 1.17 -6.15 0 2.21 -5.86 0.01 2.23 -5.9
4 16 0.01 2.23 -5.9 0 2.21 -5.86 0 3.19 -5.39 0.01 3.21 -5.43
4 16 0.01 3.21 -5.43 0 3.19 -5.39 0 4.07 -4.76 0.01 4.09 -4.79
4 16 0.01 4.09 -4.79 0 4.07 -4.76 0 4.82 -3.99 0.01 4.86 -4.02
4 16 0.01 4.86 -4.02 0 4.82 -3.99 0 5.44 -3.1 0.01 5.47 -3.12
4 16 0.01 5.47 -3.12 0 5.44 -3.1 0 5.89 -2.12 0.01 5.93 -2.13
4 16 0.01 5.93 -2.13 0 5.89 -2.12 0 6.17 -1.08 0.01 6.21 -1.08
4 16 0.01 6.21 -1.08 0 6.17 -1.08 0 6.26 0 0.01 6.3 0
4 16 0.01 6.3 0 0 6.26 0 0 6.17 1.08 0.01 6.21 1.08
4 16 0.01 6.21 1.08 0 6.17 1.08 0 5.89 2.12 0.01 5.93 2.13
4 16 0.01 5.93 2.13 0 5.89 2.12 0 5.44 3.1 0.01 5.47 3.12
4 16 0.01 5.47 3.12 0 5.44 3.1 0 4.82 3.99 0.01 4.86 4.02
4 16 0.01 4.86 4.02 0 4.82 3.99 0 4.07 4.76 0.01 4.09 4.79
4 16 0.01 4.09 4.79 0 4.07 4.76 0 3.19 5.39 0.01 3.21 5.43
4 16 0.01 3.21 5.43 0 3.19 5.39 0 2.21 5.86 0.01 2.23 5.9
4 16 0.01 2.23 5.9 0 2.21 5.86 0 1.17 6.15 0.01 1.18 6.19
4 16 0.01 1.18 6.19 0 1.17 6.15 0 0.1 6.26 0.01 0.1 6.3
4 16 0.5 0 -6.49 0.25 0 -6.49 0.25 0.1 -6.49 0.5 0.1 -6.49
4 16 0.5 0.1 -6.49 0.25 0.1 -6.49 0.25 1.13 -6.39 0.5 1.13 -6.39
4 16 0.5 1.13 -6.39 0.25 1.13 -6.39 0.25 1.22 -6.37 0.5 1.22 -6.37
4 16 0.5 1.22 -6.37 0.25 1.22 -6.37 0.25 2.22 -6.1 0.5 2.22 -6.1
4 16 0.5 2.22 -6.1 0.25 2.22 -6.1 0.25 2.29 -6.07 0.5 2.29 -6.07
4 16 0.5 2.29 -6.07 0.25 2.29 -6.07 0.25 3.24 -5.62 0.5 3.24 -5.62
4 16 0.5 3.24 -5.62 0.25 3.24 -5.62 0.25 3.3 -5.58 0.5 3.3 -5.58
4 16 0.5 3.3 -5.58 0.25 3.3 -5.58 0.25 4.17 -4.97 0.5 4.17 -4.97
4 16 0.5 4.17 -4.97 0.25 4.17 -4.97 0.25 4.21 -4.93 0.5 4.21 -4.93
4 16 0.5 4.21 -4.93 0.25 4.21 -4.93 0.25 4.97 -4.17 0.5 4.97 -4.17
4 16 0.5 4.97 -4.17 0.25 4.97 -4.17 0.25 5 -4.14 0.5 5 -4.14
4 16 0.5 5 -4.14 0.25 5 -4.14 0.25 5.62 -3.24 0.5 5.62 -3.24
4 16 0.5 5.62 -3.24 0.25 5.62 -3.24 0.25 5.64 -3.21 0.5 5.64 -3.21
4 16 0.5 5.64 -3.21 0.25 5.64 -3.21 0.25 6.1 -2.22 0.5 6.1 -2.22
4 16 0.5 6.1 -2.2 0.25 6.1 -2.2 0.25 6.39 -1.13 0.5 6.39 -1.13
4 16 0.5 6.39 -1.12 0.25 6.39 -1.12 0.25 6.49 0 0.5 6.49 0
4 16 0.5 6.49 0 0.25 6.49 0 0.25 6.39 1.12 0.5 6.39 1.12
4 16 0.5 6.39 1.13 0.25 6.39 1.13 0.25 6.1 2.2 0.5 6.1 2.2
4 16 0.5 6.1 2.22 0.25 6.1 2.22 0.25 5.64 3.21 0.5 5.64 3.21
4 16 0.5 5.64 3.21 0.25 5.64 3.21 0.25 5.62 3.24 0.5 5.62 3.24
4 16 0.5 5.62 3.24 0.25 5.62 3.24 0.25 5 4.14 0.5 5 4.14
4 16 0.5 5 4.14 0.25 5 4.14 0.25 4.97 4.17 0.5 4.97 4.17
4 16 0.5 4.97 4.17 0.25 4.97 4.17 0.25 4.21 4.93 0.5 4.21 4.93
4 16 0.5 4.21 4.93 0.25 4.21 4.93 0.25 4.17 4.97 0.5 4.17 4.97
4 16 0.5 4.17 4.97 0.25 4.17 4.97 0.25 3.3 5.58 0.5 3.3 5.58
4 16 0.5 3.3 5.58 0.25 3.3 5.58 0.25 3.24 5.62 0.5 3.24 5.62
4 16 0.5 3.24 5.62 0.25 3.24 5.62 0.25 2.29 6.07 0.5 2.29 6.07
4 16 0.5 2.29 6.07 0.25 2.29 6.07 0.25 2.22 6.1 0.5 2.22 6.1
4 16 0.5 2.22 6.1 0.25 2.22 6.1 0.25 1.22 6.37 0.5 1.22 6.37
4 16 0.5 1.22 6.37 0.25 1.22 6.37 0.25 1.13 6.39 0.5 1.13 6.39
4 16 0.5 1.13 6.39 0.25 1.13 6.39 0.25 0.1 6.49 0.5 0.1 6.49
4 16 0.5 0.1 6.49 0.25 0.1 6.49 0.25 0 6.49 0.5 0 6.49
3 16 0 4.31 42.63 0 4.55 42.53 0 4.32 42.59
3 16 0.27 3.9 43.62 0.4582054 47.76819 43.92793 0.2398058 47.76819 43.55193
3 16 0.08930414 47.76819 43.14398 0.13 3.92 43.27 0.2398058 47.76819 43.55193
3 16 0.2398058 47.76819 43.55193 0.13 3.92 43.27 0.24 3.9 43.55
3 16 0.2398058 47.76819 43.55193 0.24 3.9 43.55 0.27 3.9 43.62
3 16 0.065 3.945 43.046 0.086 3.931 43.133 0.08930414 47.76819 43.14398
3 16 0.08930414 47.76819 43.14398 0.086 3.931 43.133 0.09 3.93 43.14
3 16 0.08930414 47.76819 43.14398 0.09 3.93 43.14 0.13 3.92 43.27
3 16 0.02 4.05 42.77 0.02 4.01 42.83 0.08930414 47.76819 43.14398
3 16 0.08930414 47.76819 43.14398 0.02 4.01 42.83 0.04 3.98 42.91
3 16 0.08930414 47.76819 43.14398 0.04 3.98 42.91 0.065 3.945 43.046
3 16 0.02 4.05 42.77 0.08930414 47.76819 43.14398 0.01 4.08 42.73
3 16 0.01 4.08 42.73 0.08930414 47.76819 43.14398 0.01118245 47.76819 42.71622
3 16 0.01 4.08 42.73 0.01118245 47.76819 42.71622 0 4.31 42.63
3 16 0 4.55 42.53 0 4.31 42.63 0 4.93 42.48
3 16 0 4.93 42.48 0 4.31 42.63 0.01118245 47.76819 42.71622
3 16 0 4.93 42.48 0.01118245 47.76819 42.71622 0 47.76819 42.4791
3 16 0 4.32 42.59 0.01 4.2 42.64 0 4.31 42.63
3 16 0 4.31 42.63 0.01 4.2 42.64 0.01 4.13 42.69
3 16 0 4.31 42.63 0.01 4.13 42.69 0.01 4.08 42.73
3 16 2.52 3.9 45 2.519685 47.76819 44.99878 2.282562 47.76819 44.9876
3 16 2.52 3.9 45 2.282562 47.76819 44.9876 2.12 3.9 44.97
3 16 2.12 3.9 44.97 2.282562 47.76819 44.9876 1.854808 47.76819 44.90948
3 16 2.12 3.9 44.97 1.854808 47.76819 44.90948 1.85 3.91 44.91
3 16 1.446855 47.76819 44.75898 1.44 3.9 44.76 1.68 3.91 44.86
3 16 1.446855 47.76819 44.75898 1.68 3.91 44.86 1.854808 47.76819 44.90948
3 16 1.854808 47.76819 44.90948 1.68 3.91 44.86 1.73 3.91 44.87
3 16 1.854808 47.76819 44.90948 1.73 3.91 44.87 1.85 3.91 44.91
3 16 1.44 3.9 44.76 1.446855 47.76819 44.75898 1.32 3.9 44.69
3 16 1.32 3.9 44.69 1.446855 47.76819 44.75898 1.070853 47.76819 44.54058
3 16 1.32 3.9 44.69 1.070853 47.76819 44.54058 1.07 3.9 44.54
3 16 1.07 3.9 44.54 1.070853 47.76819 44.54058 0.99 3.9 44.48
3 16 0.99 3.9 44.48 1.070853 47.76819 44.54058 0.7379986 47.76819 44.26078
3 16 0.99 3.9 44.48 0.7379986 47.76819 44.26078 0.9443114 3.901293 44.44557
3 16 0.27 3.9 43.62 0.4582054 3.900472 43.92793 0.4582054 47.76819 43.92793
4 16 0.4582054 47.76819 43.92793 0.4582054 3.900472 43.92793 0.7379986 3.900472 44.26078 0.7379986 47.76819 44.26078
3 16 0.7379986 47.76819 44.26078 0.7379986 3.900472 44.26078 0.8581582 3.900472 44.37334
3 16 0.7379986 47.76819 44.26078 0.8581582 3.900472 44.37334 0.9443114 3.901293 44.44557
3 16 1.51 0 -32.58 0.7559055 0 -32.57953 0.7559055 -3.522466 -32.38855
3 16 1.51 0 -32.58 0.7559055 -3.522466 -32.38855 1.51 -3.93 -32.34
3 16 1.51 -3.93 -32.34 0.7559055 -3.522466 -32.38855 0.7559055 -3.927028 -32.34199
3 16 1.51 -3.93 -32.34 0.7559055 -3.927028 -32.34199 1.51 -7.8 -31.63
3 16 0.7559055 -3.927028 -32.34199 0.7559055 -7.003635 -31.81783 1.51 -7.8 -31.63
2 24 0.7559055 -3.927028 -32.34199 0.7559055 -7.003635 -31.81783
3 16 1.51 -7.8 -31.63 0.7559055 -7.003635 -31.81783 0.7559055 -7.796791 -31.63283
2 24 0.7559055 -7.003635 -31.81783 0.7559055 -7.796791 -31.63283
3 16 1.51 -7.8 -31.63 0.7559055 -7.796791 -31.63283 1.51 -11.55 -30.46
3 16 0.7559055 -7.796791 -31.63283 0.7559055 -10.40269 -30.87409 1.51 -11.55 -30.46
2 24 0.7559055 -7.796791 -31.63283 0.7559055 -10.40269 -30.87409
3 16 1.51 -11.55 -30.46 0.7559055 -10.40269 -30.87409 0.7559055 -11.55286 -30.46239
2 24 0.7559055 -10.40269 -30.87409 0.7559055 -11.55286 -30.46239
3 16 1.51 -11.55 -30.46 0.7559055 -11.55286 -30.46239 1.51 -15.14 -28.85
3 16 1.51 -15.14 -28.85 0.7559055 -11.55286 -30.46239 0.7559055 -13.67979 -29.56838
2 24 0.7559055 -11.55286 -30.46239 0.7559055 -13.67979 -29.56838
3 16 0.7559055 -13.67979 -29.56838 0.7559055 -15.14046 -28.84774 1.51 -15.14 -28.85
2 24 0.7559055 -13.67979 -29.56838 0.7559055 -15.14046 -28.84774
3 16 1.51 -15.14 -28.85 0.7559055 -15.14046 -28.84774 0.7559055 -16.7965 -27.916
2 24 0.7559055 -15.14046 -28.84774 0.7559055 -16.7965 -27.916
3 16 1.51 -15.14 -28.85 0.7559055 -16.7965 -27.916 1.51 -18.51 -26.81
3 16 0.7559055 -16.7965 -27.916 0.7559055 -18.50728 -26.81242 1.51 -18.51 -26.81
2 24 0.7559055 -16.7965 -27.916 0.7559055 -18.50728 -26.81242
3 16 1.51 -18.51 -26.81 0.7559055 -18.50728 -26.81242 0.7559055 -19.71629 -25.93634
2 24 0.7559055 -18.50728 -26.81242 0.7559055 -19.71629 -25.93634
3 16 1.51 -18.51 -26.81 0.7559055 -19.71629 -25.93634 1.51 -21.6 -24.39
3 16 0.7559055 -19.71629 -25.93634 0.7559055 -21.60422 -24.38613 1.51 -21.6 -24.39
2 24 0.7559055 -19.71629 -25.93634 0.7559055 -21.60422 -24.38613
3 16 1.51 -21.6 -24.39 0.7559055 -21.60422 -24.38613 0.7559055 -22.40492 -23.65259
2 24 0.7559055 -21.60422 -24.38613 0.7559055 -22.40492 -23.65259
3 16 1.51 -21.6 -24.39 0.7559055 -22.40492 -23.65259 1.51 -24.39 -21.6
3 16 0.7559055 -22.40492 -23.65259 0.7559055 -24.38613 -21.60422 1.51 -24.39 -21.6
2 24 0.7559055 -22.40492 -23.65259 0.7559055 -24.38613 -21.60422
3 16 1.51 -24.39 -21.6 0.7559055 -24.38613 -21.60422 0.7559055 -24.83088 -21.09154
2 24 0.7559055 -24.38613 -21.60422 0.7559055 -24.83088 -21.09154
3 16 1.51 -24.39 -21.6 0.7559055 -24.83088 -21.09154 1.51 -26.81 -18.51
3 16 0.7559055 -24.83088 -21.09154 0.7559055 -26.81242 -18.50728 1.51 -26.81 -18.51
2 24 0.7559055 -24.83088 -21.09154 0.7559055 -26.81242 -18.50728
3 16 1.51 -26.81 -18.51 0.7559055 -26.81242 -18.50728 0.7559055 -26.96572 -18.28321
2 24 0.7559055 -26.81242 -18.50728 0.7559055 -26.96572 -18.28321
3 16 1.51 -26.81 -18.51 0.7559055 -26.96572 -18.28321 1.51 -28.85 -15.14
3 16 0.7559055 -26.96572 -18.28321 0.7559055 -28.78441 -15.26053 1.51 -28.85 -15.14
2 24 0.7559055 -26.96572 -18.28321 0.7559055 -28.78441 -15.26053
3 16 1.51 -28.85 -15.14 0.7559055 -28.78441 -15.26053 0.7559055 -28.84774 -15.14046
2 24 0.7559055 -28.78441 -15.26053 0.7559055 -28.84774 -15.14046
3 16 1.51 -28.85 -15.14 0.7559055 -28.84774 -15.14046 1.51 -30.46 -11.55
3 16 0.7559055 -28.84774 -15.14046 0.7559055 -30.26562 -12.05893 1.51 -30.46 -11.55
2 24 0.7559055 -28.84774 -15.14046 0.7559055 -30.26562 -12.05893
3 16 1.51 -30.46 -11.55 0.7559055 -30.26562 -12.05893 0.7559055 -30.46239 -11.55286
2 24 0.7559055 -30.26562 -12.05893 0.7559055 -30.46239 -11.55286
3 16 1.51 -30.46 -11.55 0.7559055 -30.46239 -11.55286 1.51 -31.63 -7.8
3 16 0.7559055 -30.46239 -11.55286 0.7559055 -31.392 -8.715947 1.51 -31.63 -7.8
2 24 0.7559055 -30.46239 -11.55286 0.7559055 -31.392 -8.715947
3 16 1.51 -31.63 -7.8 0.7559055 -31.392 -8.715947 0.7559055 -31.63283 -7.796791
2 24 0.7559055 -31.392 -8.715947 0.7559055 -31.63283 -7.796791
3 16 1.51 -31.63 -7.8 0.7559055 -31.63283 -7.796791 1.51 -32.34 -3.93
3 16 0.7559055 -31.63283 -7.796791 0.7559055 -32.15034 -5.270781 1.51 -32.34 -3.93
2 24 0.7559055 -31.63283 -7.796791 0.7559055 -32.15034 -5.270781
3 16 1.51 -32.34 -3.93 0.7559055 -32.15034 -5.270781 0.7559055 -32.34199 -3.927028
2 24 0.7559055 -32.15034 -5.270781 0.7559055 -32.34199 -3.927028
3 16 1.51 -32.34 -3.93 0.7559055 -32.34199 -3.927028 1.51 -32.58 0
3 16 1.51 -32.58 0 0.7559055 -32.34199 -3.927028 0.7559055 -32.53175 -1.76382
2 24 0.7559055 -32.34199 -3.927028 0.7559055 -32.53175 -1.76382
3 16 0.7559055 -32.53175 -1.76382 0.7559055 -32.57953 0 1.51 -32.58 0
2 24 0.7559055 -32.53175 -1.76382 0.7559055 -32.57953 0
3 16 1.51 -32.58 0 0.7559055 -32.57953 0 0.7559055 -32.53175 1.76382
2 24 0.7559055 -32.57953 0 0.7559055 -32.53175 1.76382
3 16 1.51 -32.58 0 0.7559055 -32.53175 1.76382 1.51 -32.34 3.93
3 16 0.7559055 -32.53175 1.76382 0.7559055 -32.34199 3.927028 1.51 -32.34 3.93
2 24 0.7559055 -32.53175 1.76382 0.7559055 -32.34199 3.927028
3 16 1.51 -32.34 3.93 0.7559055 -32.34199 3.927028 0.7559055 -32.15034 5.270781
2 24 0.7559055 -32.34199 3.927028 0.7559055 -32.15034 5.270781
3 16 1.51 -32.34 3.93 0.7559055 -32.15034 5.270781 1.51 -31.63 7.8
3 16 0.7559055 -32.15034 5.270781 0.7559055 -31.63283 7.796791 1.51 -31.63 7.8
2 24 0.7559055 -32.15034 5.270781 0.7559055 -31.63283 7.796791
3 16 1.51 -31.63 7.8 0.7559055 -31.63283 7.796791 0.7559055 -31.392 8.715947
2 24 0.7559055 -31.63283 7.796791 0.7559055 -31.392 8.715947
3 16 1.51 -31.63 7.8 0.7559055 -31.392 8.715947 1.51 -30.46 11.55
3 16 0.7559055 -28.84774 15.14046 1.51 -28.85 15.14 0.7559055 -30.26562 12.05893
2 24 0.7559055 -30.26562 12.05893 0.7559055 -28.84774 15.14046
3 16 0.7559055 -30.26562 12.05893 1.51 -28.85 15.14 1.51 -30.46 11.55
3 16 0.7559055 -30.26562 12.05893 1.51 -30.46 11.55 0.7559055 -30.46239 11.55286
2 24 0.7559055 -30.46239 11.55286 0.7559055 -30.26562 12.05893
3 16 0.7559055 -30.46239 11.55286 1.51 -30.46 11.55 0.7559055 -31.392 8.715947
2 24 0.7559055 -31.392 8.715947 0.7559055 -30.46239 11.55286
3 16 0.7559055 -28.84774 15.14046 0.7559055 -28.78441 15.26053 1.51 -28.85 15.14
2 24 0.7559055 -28.84774 15.14046 0.7559055 -28.78441 15.26053
3 16 1.51 -28.85 15.14 0.7559055 -28.78441 15.26053 0.7559055 -26.96572 18.28321
2 24 0.7559055 -28.78441 15.26053 0.7559055 -26.96572 18.28321
3 16 1.51 -28.85 15.14 0.7559055 -26.96572 18.28321 1.51 -26.81 18.51
3 16 1.51 -26.81 18.51 0.7559055 -26.96572 18.28321 0.7559055 -26.81242 18.50728
2 24 0.7559055 -26.96572 18.28321 0.7559055 -26.81242 18.50728
3 16 1.51 -26.81 18.51 0.7559055 -26.81242 18.50728 1.51 -24.39 21.6
3 16 0.7559055 -26.81242 18.50728 0.7559055 -24.83088 21.09154 1.51 -24.39 21.6
2 24 0.7559055 -26.81242 18.50728 0.7559055 -24.83088 21.09154
3 16 1.51 -24.39 21.6 0.7559055 -24.83088 21.09154 0.7559055 -24.38613 21.60422
2 24 0.7559055 -24.83088 21.09154 0.7559055 -24.38613 21.60422
3 16 1.51 -24.39 21.6 0.7559055 -24.38613 21.60422 1.51 -21.6 24.39
3 16 0.7559055 -24.38613 21.60422 0.7559055 -22.40492 23.65259 1.51 -21.6 24.39
2 24 0.7559055 -24.38613 21.60422 0.7559055 -22.40492 23.65259
3 16 1.51 -21.6 24.39 0.7559055 -22.40492 23.65259 0.7559055 -21.60422 24.38613
2 24 0.7559055 -22.40492 23.65259 0.7559055 -21.60422 24.38613
3 16 1.51 -21.6 24.39 0.7559055 -21.60422 24.38613 1.51 -18.51 26.81
3 16 0.7559055 -21.60422 24.38613 0.7559055 -19.71629 25.93634 1.51 -18.51 26.81
2 24 0.7559055 -21.60422 24.38613 0.7559055 -19.71629 25.93634
3 16 1.51 -18.51 26.81 0.7559055 -19.71629 25.93634 0.7559055 -18.50728 26.81242
2 24 0.7559055 -19.71629 25.93634 0.7559055 -18.50728 26.81242
3 16 1.51 -18.51 26.81 0.7559055 -18.50728 26.81242 1.51 -15.14 28.85
3 16 1.51 -15.14 28.85 0.7559055 -18.50728 26.81242 0.7559055 -16.7965 27.916
2 24 0.7559055 -18.50728 26.81242 0.7559055 -16.7965 27.916
3 16 0.7559055 -16.7965 27.916 0.7559055 -15.14046 28.84774 1.51 -15.14 28.85
2 24 0.7559055 -16.7965 27.916 0.7559055 -15.14046 28.84774
3 16 1.51 -15.14 28.85 0.7559055 -15.14046 28.84774 0.7559055 -13.67979 29.56838
2 24 0.7559055 -15.14046 28.84774 0.7559055 -13.67979 29.56838
3 16 1.51 -15.14 28.85 0.7559055 -13.67979 29.56838 1.51 -11.55 30.46
3 16 0.7559055 -13.67979 29.56838 0.7559055 -11.55286 30.46239 1.51 -11.55 30.46
2 24 0.7559055 -13.67979 29.56838 0.7559055 -11.55286 30.46239
3 16 1.51 -11.55 30.46 0.7559055 -11.55286 30.46239 0.7559055 -10.40269 30.87409
2 24 0.7559055 -11.55286 30.46239 0.7559055 -10.40269 30.87409
3 16 1.51 -11.55 30.46 0.7559055 -10.40269 30.87409 1.51 -7.8 31.63
3 16 0.7559055 -10.40269 30.87409 0.7559055 -7.796791 31.63283 1.51 -7.8 31.63
2 24 0.7559055 -10.40269 30.87409 0.7559055 -7.796791 31.63283
3 16 1.51 -7.8 31.63 0.7559055 -7.796791 31.63283 0.7559055 -7.003635 31.81783
2 24 0.7559055 -7.796791 31.63283 0.7559055 -7.003635 31.81783
3 16 1.51 -7.8 31.63 0.7559055 -7.003635 31.81783 1.51 -3.93 32.34
3 16 0.7559055 0 32.57953 1.51 0 32.58 0.7559055 -3.522466 32.38855
2 24 0.7559055 -3.522466 32.38855 0.7559055 0 32.57953
3 16 0.7559055 -3.522466 32.38855 1.51 0 32.58 1.51 -3.93 32.34
3 16 0.7559055 -3.522466 32.38855 1.51 -3.93 32.34 0.7559055 -3.927028 32.34199
2 24 0.7559055 -3.927028 32.34199 0.7559055 -3.522466 32.38855
3 16 0.7559055 -3.927028 32.34199 1.51 -3.93 32.34 0.7559055 -7.003635 31.81783
2 24 0.7559055 -7.003635 31.81783 0.7559055 -3.927028 32.34199
3 16 1.51 0 32.58 0.7559055 0 32.57953 0.7559055 3.522466 32.38855
3 16 1.51 0 32.58 0.7559055 3.522466 32.38855 1.51 3.93 32.34
3 16 1.51 3.93 32.34 0.7559055 3.522466 32.38855 0.7559055 3.927028 32.34199
3 16 1.51 3.93 32.34 0.7559055 3.927028 32.34199 1.51 7.8 31.63
3 16 0.7559055 3.927028 32.34199 0.7559055 7.003635 31.81783 1.51 7.8 31.63
2 24 0.7559055 3.927028 32.34199 0.7559055 7.003635 31.81783
3 16 1.51 7.8 31.63 0.7559055 7.003635 31.81783 0.7559055 7.796791 31.63283
2 24 0.7559055 7.003635 31.81783 0.7559055 7.796791 31.63283
3 16 1.51 7.8 31.63 0.7559055 7.796791 31.63283 1.51 11.55 30.46
3 16 0.7559055 7.796791 31.63283 0.7559055 10.40269 30.87409 1.51 11.55 30.46
2 24 0.7559055 7.796791 31.63283 0.7559055 10.40269 30.87409
3 16 1.51 11.55 30.46 0.7559055 10.40269 30.87409 0.7559055 11.55286 30.46239
2 24 0.7559055 10.40269 30.87409 0.7559055 11.55286 30.46239
3 16 1.51 11.55 30.46 0.7559055 11.55286 30.46239 1.51 15.14 28.85
3 16 1.51 15.14 28.85 0.7559055 11.55286 30.46239 0.7559055 13.67979 29.56838
2 24 0.7559055 11.55286 30.46239 0.7559055 13.67979 29.56838
3 16 0.7559055 13.67979 29.56838 0.7559055 15.14046 28.84774 1.51 15.14 28.85
2 24 0.7559055 13.67979 29.56838 0.7559055 15.14046 28.84774
3 16 1.51 15.14 28.85 0.7559055 15.14046 28.84774 0.7559055 16.7965 27.916
2 24 0.7559055 15.14046 28.84774 0.7559055 16.7965 27.916
3 16 1.51 15.14 28.85 0.7559055 16.7965 27.916 1.51 18.51 26.81
3 16 0.7559055 16.7965 27.916 0.7559055 18.50728 26.81242 1.51 18.51 26.81
2 24 0.7559055 16.7965 27.916 0.7559055 18.50728 26.81242
3 16 1.51 18.51 26.81 0.7559055 18.50728 26.81242 0.7559055 19.71629 25.93634
2 24 0.7559055 18.50728 26.81242 0.7559055 19.71629 25.93634
3 16 1.51 18.51 26.81 0.7559055 19.71629 25.93634 1.51 21.6 24.39
3 16 0.7559055 19.71629 25.93634 0.7559055 21.60422 24.38613 1.51 21.6 24.39
2 24 0.7559055 19.71629 25.93634 0.7559055 21.60422 24.38613
3 16 1.51 21.6 24.39 0.7559055 21.60422 24.38613 0.7559055 22.40492 23.65259
2 24 0.7559055 21.60422 24.38613 0.7559055 22.40492 23.65259
3 16 1.51 21.6 24.39 0.7559055 22.40492 23.65259 1.51 24.39 21.6
3 16 0.7559055 22.40492 23.65259 0.7559055 24.38613 21.60422 1.51 24.39 21.6
2 24 0.7559055 22.40492 23.65259 0.7559055 24.38613 21.60422
3 16 1.51 24.39 21.6 0.7559055 24.38613 21.60422 0.7559055 24.83088 21.09154
2 24 0.7559055 24.38613 21.60422 0.7559055 24.83088 21.09154
3 16 1.51 24.39 21.6 0.7559055 24.83088 21.09154 1.51 26.81 18.51
3 16 0.7559055 24.83088 21.09154 0.7559055 26.81242 18.50728 1.51 26.81 18.51
2 24 0.7559055 24.83088 21.09154 0.7559055 26.81242 18.50728
3 16 1.51 26.81 18.51 0.7559055 26.81242 18.50728 0.7559055 26.96572 18.28321
2 24 0.7559055 26.81242 18.50728 0.7559055 26.96572 18.28321
3 16 1.51 26.81 18.51 0.7559055 26.96572 18.28321 1.51 28.85 15.14
3 16 0.7559055 26.96572 18.28321 0.7559055 28.78441 15.26053 1.51 28.85 15.14
2 24 0.7559055 26.96572 18.28321 0.7559055 28.78441 15.26053
3 16 1.51 28.85 15.14 0.7559055 28.78441 15.26053 0.7559055 28.84774 15.14046
2 24 0.7559055 28.78441 15.26053 0.7559055 28.84774 15.14046
3 16 1.51 28.85 15.14 0.7559055 28.84774 15.14046 1.51 30.46 11.55
3 16 0.7559055 28.84774 15.14046 0.7559055 30.26562 12.05893 1.51 30.46 11.55
2 24 0.7559055 28.84774 15.14046 0.7559055 30.26562 12.05893
3 16 1.51 30.46 11.55 0.7559055 30.26562 12.05893 0.7559055 30.46239 11.55286
2 24 0.7559055 30.26562 12.05893 0.7559055 30.46239 11.55286
3 16 1.51 30.46 11.55 0.7559055 30.46239 11.55286 1.51 31.63 7.8
3 16 0.7559055 30.46239 11.55286 0.7559055 31.392 8.715947 1.51 31.63 7.8
2 24 0.7559055 30.46239 11.55286 0.7559055 31.392 8.715947
3 16 1.51 31.63 7.8 0.7559055 31.392 8.715947 0.7559055 31.63283 7.796791
2 24 0.7559055 31.392 8.715947 0.7559055 31.63283 7.796791
3 16 1.51 31.63 7.8 0.7559055 31.63283 7.796791 1.51 32.34 3.93
3 16 0.7559055 31.63283 7.796791 0.7559055 32.15034 5.270781 1.51 32.34 3.93
2 24 0.7559055 31.63283 7.796791 0.7559055 32.15034 5.270781
3 16 1.51 32.34 3.93 0.7559055 32.15034 5.270781 0.7559055 32.34199 3.927028
2 24 0.7559055 32.15034 5.270781 0.7559055 32.34199 3.927028
3 16 1.51 32.34 3.93 0.7559055 32.34199 3.927028 1.51 32.58 0
3 16 1.51 32.58 0 0.7559055 32.34199 3.927028 0.7559055 32.53175 1.76382
2 24 0.7559055 32.34199 3.927028 0.7559055 32.53175 1.76382
3 16 0.7559055 32.53175 1.76382 0.7559055 32.57953 0 1.51 32.58 0
2 24 0.7559055 32.53175 1.76382 0.7559055 32.57953 0
3 16 1.51 32.58 0 0.7559055 32.57953 0 0.7559055 32.53175 -1.76382
2 24 0.7559055 32.57953 0 0.7559055 32.53175 -1.76382
3 16 1.51 32.58 0 0.7559055 32.53175 -1.76382 1.51 32.34 -3.93
3 16 0.7559055 32.53175 -1.76382 0.7559055 32.34199 -3.927028 1.51 32.34 -3.93
2 24 0.7559055 32.53175 -1.76382 0.7559055 32.34199 -3.927028
3 16 1.51 32.34 -3.93 0.7559055 32.34199 -3.927028 0.7559055 32.15034 -5.270781
2 24 0.7559055 32.34199 -3.927028 0.7559055 32.15034 -5.270781
3 16 1.51 32.34 -3.93 0.7559055 32.15034 -5.270781 1.51 31.63 -7.8
3 16 0.7559055 32.15034 -5.270781 0.7559055 31.63283 -7.796791 1.51 31.63 -7.8
2 24 0.7559055 32.15034 -5.270781 0.7559055 31.63283 -7.796791
3 16 1.51 31.63 -7.8 0.7559055 31.63283 -7.796791 0.7559055 31.392 -8.715947
2 24 0.7559055 31.63283 -7.796791 0.7559055 31.392 -8.715947
3 16 1.51 31.63 -7.8 0.7559055 31.392 -8.715947 1.51 30.46 -11.55
3 16 0.7559055 28.84774 -15.14046 1.51 28.85 -15.14 0.7559055 30.26562 -12.05893
2 24 0.7559055 30.26562 -12.05893 0.7559055 28.84774 -15.14046
3 16 0.7559055 30.26562 -12.05893 1.51 28.85 -15.14 1.51 30.46 -11.55
3 16 0.7559055 30.26562 -12.05893 1.51 30.46 -11.55 0.7559055 30.46239 -11.55286
2 24 0.7559055 30.46239 -11.55286 0.7559055 30.26562 -12.05893
3 16 0.7559055 30.46239 -11.55286 1.51 30.46 -11.55 0.7559055 31.392 -8.715947
2 24 0.7559055 31.392 -8.715947 0.7559055 30.46239 -11.55286
3 16 0.7559055 28.84774 -15.14046 0.7559055 28.78441 -15.26053 1.51 28.85 -15.14
2 24 0.7559055 28.84774 -15.14046 0.7559055 28.78441 -15.26053
3 16 1.51 28.85 -15.14 0.7559055 28.78441 -15.26053 0.7559055 26.96572 -18.28321
2 24 0.7559055 28.78441 -15.26053 0.7559055 26.96572 -18.28321
3 16 1.51 28.85 -15.14 0.7559055 26.96572 -18.28321 1.51 26.81 -18.51
3 16 1.51 26.81 -18.51 0.7559055 26.96572 -18.28321 0.7559055 26.81242 -18.50728
2 24 0.7559055 26.96572 -18.28321 0.7559055 26.81242 -18.50728
3 16 1.51 26.81 -18.51 0.7559055 26.81242 -18.50728 1.51 24.39 -21.6
3 16 0.7559055 26.81242 -18.50728 0.7559055 24.83088 -21.09154 1.51 24.39 -21.6
2 24 0.7559055 26.81242 -18.50728 0.7559055 24.83088 -21.09154
3 16 1.51 24.39 -21.6 0.7559055 24.83088 -21.09154 0.7559055 24.38613 -21.60422
2 24 0.7559055 24.83088 -21.09154 0.7559055 24.38613 -21.60422
3 16 1.51 24.39 -21.6 0.7559055 24.38613 -21.60422 1.51 21.6 -24.39
3 16 0.7559055 24.38613 -21.60422 0.7559055 22.40492 -23.65259 1.51 21.6 -24.39
2 24 0.7559055 24.38613 -21.60422 0.7559055 22.40492 -23.65259
3 16 1.51 21.6 -24.39 0.7559055 22.40492 -23.65259 0.7559055 21.60422 -24.38613
2 24 0.7559055 22.40492 -23.65259 0.7559055 21.60422 -24.38613
3 16 1.51 21.6 -24.39 0.7559055 21.60422 -24.38613 1.51 18.51 -26.81
3 16 0.7559055 21.60422 -24.38613 0.7559055 19.71629 -25.93634 1.51 18.51 -26.81
2 24 0.7559055 21.60422 -24.38613 0.7559055 19.71629 -25.93634
3 16 1.51 18.51 -26.81 0.7559055 19.71629 -25.93634 0.7559055 18.50728 -26.81242
2 24 0.7559055 19.71629 -25.93634 0.7559055 18.50728 -26.81242
3 16 1.51 18.51 -26.81 0.7559055 18.50728 -26.81242 1.51 15.14 -28.85
3 16 1.51 15.14 -28.85 0.7559055 18.50728 -26.81242 0.7559055 16.7965 -27.916
2 24 0.7559055 18.50728 -26.81242 0.7559055 16.7965 -27.916
3 16 0.7559055 16.7965 -27.916 0.7559055 15.14046 -28.84774 1.51 15.14 -28.85
2 24 0.7559055 16.7965 -27.916 0.7559055 15.14046 -28.84774
3 16 1.51 15.14 -28.85 0.7559055 15.14046 -28.84774 0.7559055 13.67979 -29.56838
2 24 0.7559055 15.14046 -28.84774 0.7559055 13.67979 -29.56838
3 16 1.51 15.14 -28.85 0.7559055 13.67979 -29.56838 1.51 11.55 -30.46
3 16 0.7559055 13.67979 -29.56838 0.7559055 11.55286 -30.46239 1.51 11.55 -30.46
2 24 0.7559055 13.67979 -29.56838 0.7559055 11.55286 -30.46239
3 16 1.51 11.55 -30.46 0.7559055 11.55286 -30.46239 0.7559055 10.40269 -30.87409
2 24 0.7559055 11.55286 -30.46239 0.7559055 10.40269 -30.87409
3 16 1.51 11.55 -30.46 0.7559055 10.40269 -30.87409 1.51 7.8 -31.63
3 16 0.7559055 10.40269 -30.87409 0.7559055 7.796791 -31.63283 1.51 7.8 -31.63
2 24 0.7559055 10.40269 -30.87409 0.7559055 7.796791 -31.63283
3 16 1.51 7.8 -31.63 0.7559055 7.796791 -31.63283 0.7559055 7.003635 -31.81783
2 24 0.7559055 7.796791 -31.63283 0.7559055 7.003635 -31.81783
3 16 1.51 7.8 -31.63 0.7559055 7.003635 -31.81783 1.51 3.93 -32.34
3 16 0.7559055 0 -32.57953 1.51 0 -32.58 0.7559055 3.522466 -32.38855
2 24 0.7559055 3.522466 -32.38855 0.7559055 0 -32.57953
3 16 0.7559055 3.522466 -32.38855 1.51 0 -32.58 1.51 3.93 -32.34
3 16 0.7559055 3.522466 -32.38855 1.51 3.93 -32.34 0.7559055 3.927028 -32.34199
2 24 0.7559055 3.927028 -32.34199 0.7559055 3.522466 -32.38855
3 16 0.7559055 3.927028 -32.34199 1.51 3.93 -32.34 0.7559055 7.003635 -31.81783
2 24 0.7559055 7.003635 -31.81783 0.7559055 3.927028 -32.34199
4 16 1.51 0 31.82 0.76 0 31.82 0.76 -3.84 31.59 1.51 -3.84 31.59
4 16 1.51 -3.84 31.59 0.76 -3.84 31.59 0.76 -7.62 30.9 1.51 -7.62 30.9
4 16 1.51 -7.62 30.9 0.76 -7.62 30.9 0.76 -11.28 29.76 1.51 -11.28 29.76
4 16 1.51 -11.28 29.76 0.76 -11.28 29.76 0.76 -14.79 28.18 1.51 -14.79 28.18
4 16 1.51 -14.79 28.18 0.76 -14.79 28.18 0.76 -18.08 26.19 1.51 -18.08 26.19
4 16 1.51 -18.08 26.19 0.76 -18.08 26.19 0.76 -21.1 23.82 1.51 -21.1 23.82
4 16 1.51 -21.1 23.82 0.76 -21.1 23.82 0.76 -23.82 21.1 1.51 -23.82 21.1
4 16 1.51 -23.82 21.1 0.76 -23.82 21.1 0.76 -26.19 18.08 1.51 -26.19 18.08
4 16 1.51 -26.19 18.08 0.76 -26.19 18.08 0.76 -28.18 14.79 1.51 -28.18 14.79
4 16 1.51 -28.18 14.79 0.76 -28.18 14.79 0.76 -29.76 11.28 1.51 -29.76 11.28
4 16 1.51 -29.76 11.28 0.76 -29.76 11.28 0.76 -30.9 7.62 1.51 -30.9 7.62
4 16 1.51 -30.9 7.62 0.76 -30.9 7.62 0.76 -31.59 3.84 1.51 -31.59 3.84
4 16 1.51 -31.59 3.84 0.76 -31.59 3.84 0.76 -31.82 0 1.51 -31.82 0
4 16 1.51 -31.82 0 0.76 -31.82 0 0.76 -31.59 -3.84 1.51 -31.59 -3.84
4 16 1.51 -31.59 -3.84 0.76 -31.59 -3.84 0.76 -30.9 -7.62 1.51 -30.9 -7.62
4 16 1.51 -30.9 -7.62 0.76 -30.9 -7.62 0.76 -29.76 -11.28 1.51 -29.76 -11.28
4 16 1.51 -29.76 -11.28 0.76 -29.76 -11.28 0.76 -28.18 -14.79 1.51 -28.18 -14.79
4 16 1.51 -28.18 -14.79 0.76 -28.18 -14.79 0.76 -26.19 -18.08 1.51 -26.19 -18.08
4 16 1.51 -26.19 -18.08 0.76 -26.19 -18.08 0.76 -23.82 -21.1 1.51 -23.82 -21.1
4 16 1.51 -23.82 -21.1 0.76 -23.82 -21.1 0.76 -21.1 -23.82 1.51 -21.1 -23.82
4 16 1.51 -21.1 -23.82 0.76 -21.1 -23.82 0.76 -18.08 -26.19 1.51 -18.08 -26.19
4 16 1.51 -18.08 -26.19 0.76 -18.08 -26.19 0.76 -14.79 -28.18 1.51 -14.79 -28.18
4 16 1.51 -14.79 -28.18 0.76 -14.79 -28.18 0.76 -11.28 -29.76 1.51 -11.28 -29.76
4 16 1.51 -11.28 -29.76 0.76 -11.28 -29.76 0.76 -7.62 -30.9 1.51 -7.62 -30.9
4 16 1.51 -7.62 -30.9 0.76 -7.62 -30.9 0.76 -3.84 -31.59 1.51 -3.84 -31.59
4 16 1.51 -3.84 -31.59 0.76 -3.84 -31.59 0.76 0 -31.82 1.51 0 -31.82
4 16 1.51 0 -31.82 0.76 0 -31.82 0.76 3.84 -31.59 1.51 3.84 -31.59
4 16 1.51 3.84 -31.59 0.76 3.84 -31.59 0.76 7.62 -30.9 1.51 7.62 -30.9
4 16 1.51 7.62 -30.9 0.76 7.62 -30.9 0.76 11.28 -29.76 1.51 11.28 -29.76
4 16 1.51 11.28 -29.76 0.76 11.28 -29.76 0.76 14.79 -28.18 1.51 14.79 -28.18
4 16 1.51 14.79 -28.18 0.76 14.79 -28.18 0.76 18.08 -26.19 1.51 18.08 -26.19
4 16 1.51 18.08 -26.19 0.76 18.08 -26.19 0.76 21.1 -23.82 1.51 21.1 -23.82
4 16 1.51 21.1 -23.82 0.76 21.1 -23.82 0.76 23.82 -21.1 1.51 23.82 -21.1
4 16 1.51 23.82 -21.1 0.76 23.82 -21.1 0.76 26.19 -18.08 1.51 26.19 -18.08
4 16 1.51 26.19 -18.08 0.76 26.19 -18.08 0.76 28.18 -14.79 1.51 28.18 -14.79
4 16 1.51 28.18 -14.79 0.76 28.18 -14.79 0.76 29.76 -11.28 1.51 29.76 -11.28
4 16 1.51 29.76 -11.28 0.76 29.76 -11.28 0.76 30.9 -7.62 1.51 30.9 -7.62
4 16 1.51 30.9 -7.62 0.76 30.9 -7.62 0.76 31.59 -3.84 1.51 31.59 -3.84
4 16 1.51 31.59 -3.84 0.76 31.59 -3.84 0.76 31.82 0 1.51 31.82 0
4 16 1.51 31.82 0 0.76 31.82 0 0.76 31.59 3.84 1.51 31.59 3.84
4 16 1.51 31.59 3.84 0.76 31.59 3.84 0.76 30.9 7.62 1.51 30.9 7.62
4 16 1.51 30.9 7.62 0.76 30.9 7.62 0.76 29.76 11.28 1.51 29.76 11.28
4 16 1.51 29.76 11.28 0.76 29.76 11.28 0.76 28.18 14.79 1.51 28.18 14.79
4 16 1.51 28.18 14.79 0.76 28.18 14.79 0.76 26.19 18.08 1.51 26.19 18.08
4 16 1.51 26.19 18.08 0.76 26.19 18.08 0.76 23.82 21.1 1.51 23.82 21.1
4 16 1.51 23.82 21.1 0.76 23.82 21.1 0.76 21.1 23.82 1.51 21.1 23.82
4 16 1.51 21.1 23.82 0.76 21.1 23.82 0.76 18.08 26.19 1.51 18.08 26.19
4 16 1.51 18.08 26.19 0.76 18.08 26.19 0.76 14.79 28.18 1.51 14.79 28.18
4 16 1.51 14.79 28.18 0.76 14.79 28.18 0.76 11.28 29.76 1.51 11.28 29.76
4 16 1.51 11.28 29.76 0.76 11.28 29.76 0.76 7.62 30.9 1.51 7.62 30.9
4 16 1.51 7.62 30.9 0.76 7.62 30.9 0.76 3.84 31.59 1.51 3.84 31.59
4 16 1.51 3.84 31.59 0.76 3.84 31.59 0.76 0 31.82 1.51 0 31.82
4 16 0.7810715 0 -40.55313 -0.0027049 0 -40.55313 -0.0027049 -4.384564 -40.3154 0.7810715 -4.384564 -40.3154
4 16 0.7810715 -4.384564 -40.3154 -0.0027049 -4.384564 -40.3154 -0.0027049 -8.717724 -39.60502 0.7810715 -8.717724 -39.60502
4 16 0.7810715 -8.717724 -39.60502 -0.0027049 -8.717724 -39.60502 -0.0027049 -12.94868 -38.4303 0.7810715 -12.94868 -38.4303
4 16 0.7810715 -12.94868 -38.4303 -0.0027049 -12.94868 -38.4303 -0.0027049 -17.02782 -36.80502 0.7810715 -17.02782 -36.80502
4 16 0.7810715 -17.02782 -36.80502 -0.0027049 -17.02782 -36.80502 -0.0027049 -20.90732 -34.74824 0.7810715 -20.90732 -34.74824
4 16 0.7810715 -20.90732 -34.74824 -0.0027049 -20.90732 -34.74824 -0.0027049 -24.54171 -32.28407 0.7810715 -24.54171 -32.28407
4 16 0.7810715 -24.54171 -32.28407 -0.0027049 -24.54171 -32.28407 -0.0027049 -27.88837 -29.44139 0.7810715 -27.88837 -29.44139
4 16 0.7810715 -27.88837 -29.44139 -0.0027049 -27.88837 -29.44139 -0.0027049 -30.90806 -26.25354 0.7810715 -30.90806 -26.25354
4 16 0.7810715 -30.90806 -26.25354 -0.0027049 -30.90806 -26.25354 -0.0027049 -33.56538 -22.75789 0.7810715 -33.56538 -22.75789
4 16 0.7810715 -33.56538 -22.75789 -0.0027049 -33.56538 -22.75789 -0.0027049 -35.82918 -18.99543 0.7810715 -35.82918 -18.99543
4 16 0.7810715 -35.82918 -18.99543 -0.0027049 -35.82918 -18.99543 -0.0027049 -37.67291 -15.01026 0.7810715 -37.67291 -15.01026
4 16 0.7810715 -37.67291 -15.01026 -0.0027049 -37.67291 -15.01026 -0.0027049 -39.07496 -10.84911 0.7810715 -39.07496 -10.84911
4 16 0.7810715 -39.07496 -10.84911 -0.0027049 -39.07496 -10.84911 -0.0027049 -40.0189 -6.560766 0.7810715 -40.0189 -6.560766
4 16 0.7810715 -40.0189 -6.560766 -0.0027049 -40.0189 -6.560766 -0.0027049 -40.49365 -2.195502 0.7810715 -40.49365 -2.195502
4 16 0.7810715 -40.49365 -2.195502 -0.0027049 -40.49365 -2.195502 -0.0027049 -40.49365 2.195502 0.7810715 -40.49365 2.195502
4 16 0.7810715 -40.49365 2.195502 -0.0027049 -40.49365 2.195502 -0.0027049 -40.0189 6.560766 0.7810715 -40.0189 6.560766
4 16 0.7810715 -40.0189 6.560766 -0.0027049 -40.0189 6.560766 -0.0027049 -39.07496 10.84911 0.7810715 -39.07496 10.84911
4 16 0.7810715 -39.07496 10.84911 -0.0027049 -39.07496 10.84911 -0.0027049 -37.67291 15.01026 0.7810715 -37.67291 15.01026
4 16 0.7810715 -37.67291 15.01026 -0.0027049 -37.67291 15.01026 -0.0027049 -35.82918 18.99543 0.7810715 -35.82918 18.99543
4 16 0.7810715 -35.82918 18.99543 -0.0027049 -35.82918 18.99543 -0.0027049 -33.56538 22.75789 0.7810715 -33.56538 22.75789
4 16 0.7810715 -33.56538 22.75789 -0.0027049 -33.56538 22.75789 -0.0027049 -30.90806 26.25354 0.7810715 -30.90806 26.25354
4 16 0.7810715 -30.90806 26.25354 -0.0027049 -30.90806 26.25354 -0.0027049 -27.88837 29.44139 0.7810715 -27.88837 29.44139
4 16 0.7810715 -27.88837 29.44139 -0.0027049 -27.88837 29.44139 -0.0027049 -24.54171 32.28407 0.7810715 -24.54171 32.28407
4 16 0.7810715 -24.54171 32.28407 -0.0027049 -24.54171 32.28407 -0.0027049 -20.90732 34.74824 0.7810715 -20.90732 34.74824
4 16 0.7810715 -20.90732 34.74824 -0.0027049 -20.90732 34.74824 -0.0027049 -17.02782 36.80502 0.7810715 -17.02782 36.80502
4 16 0.7810715 -17.02782 36.80502 -0.0027049 -17.02782 36.80502 -0.0027049 -12.94868 38.4303 0.7810715 -12.94868 38.4303
4 16 0.7810715 -12.94868 38.4303 -0.0027049 -12.94868 38.4303 -0.0027049 -8.717724 39.60502 0.7810715 -8.717724 39.60502
4 16 0.7810715 -8.717724 39.60502 -0.0027049 -8.717724 39.60502 -0.0027049 -4.384564 40.3154 0.7810715 -4.384564 40.3154
4 16 0.7810715 -4.384564 40.3154 -0.0027049 -4.384564 40.3154 -0.0027049 0 40.55313 0.7810715 0 40.55313
4 16 0.7810715 0 40.55313 -0.0027049 0 40.55313 -0.0027049 4.384564 40.3154 0.7810715 4.384564 40.3154
4 16 0.7810715 4.384564 40.3154 -0.0027049 4.384564 40.3154 -0.0027049 8.717724 39.60502 0.7810715 8.717724 39.60502
4 16 0.7810715 8.717724 39.60502 -0.0027049 8.717724 39.60502 -0.0027049 12.94868 38.4303 0.7810715 12.94868 38.4303
4 16 0.7810715 12.94868 38.4303 -0.0027049 12.94868 38.4303 -0.0027049 17.02782 36.80502 0.7810715 17.02782 36.80502
4 16 0.7810715 17.02782 36.80502 -0.0027049 17.02782 36.80502 -0.0027049 20.90732 34.74824 0.7810715 20.90732 34.74824
4 16 0.7810715 20.90732 34.74824 -0.0027049 20.90732 34.74824 -0.0027049 24.54171 32.28407 0.7810715 24.54171 32.28407
4 16 0.7810715 24.54171 32.28407 -0.0027049 24.54171 32.28407 -0.0027049 27.88837 29.44139 0.7810715 27.88837 29.44139
4 16 0.7810715 27.88837 29.44139 -0.0027049 27.88837 29.44139 -0.0027049 30.90806 26.25354 0.7810715 30.90806 26.25354
4 16 0.7810715 30.90806 26.25354 -0.0027049 30.90806 26.25354 -0.0027049 33.56538 22.75789 0.7810715 33.56538 22.75789
4 16 0.7810715 33.56538 22.75789 -0.0027049 33.56538 22.75789 -0.0027049 35.82918 18.99543 0.7810715 35.82918 18.99543
4 16 0.7810715 35.82918 18.99543 -0.0027049 35.82918 18.99543 -0.0027049 37.67291 15.01026 0.7810715 37.67291 15.01026
4 16 0.7810715 37.67291 15.01026 -0.0027049 37.67291 15.01026 -0.0027049 39.07496 10.84911 0.7810715 39.07496 10.84911
4 16 0.7810715 39.07496 10.84911 -0.0027049 39.07496 10.84911 -0.0027049 40.0189 6.560766 0.7810715 40.0189 6.560766
4 16 0.7810715 40.0189 6.560766 -0.0027049 40.0189 6.560766 -0.0027049 40.49365 2.195502 0.7810715 40.49365 2.195502
4 16 0.7810715 40.49365 2.195502 -0.0027049 40.49365 2.195502 -0.0027049 40.49365 -2.195502 0.7810715 40.49365 -2.195502
4 16 0.7810715 40.49365 -2.195502 -0.0027049 40.49365 -2.195502 -0.0027049 40.0189 -6.560766 0.7810715 40.0189 -6.560766
4 16 0.7810715 40.0189 -6.560766 -0.0027049 40.0189 -6.560766 -0.0027049 39.07496 -10.84911 0.7810715 39.07496 -10.84911
4 16 0.7810715 39.07496 -10.84911 -0.0027049 39.07496 -10.84911 -0.0027049 37.67291 -15.01026 0.7810715 37.67291 -15.01026
4 16 0.7810715 37.67291 -15.01026 -0.0027049 37.67291 -15.01026 -0.0027049 35.82918 -18.99543 0.7810715 35.82918 -18.99543
4 16 0.7810715 35.82918 -18.99543 -0.0027049 35.82918 -18.99543 -0.0027049 33.56538 -22.75789 0.7810715 33.56538 -22.75789
4 16 0.7810715 33.56538 -22.75789 -0.0027049 33.56538 -22.75789 -0.0027049 30.90806 -26.25354 0.7810715 30.90806 -26.25354
4 16 0.7810715 30.90806 -26.25354 -0.0027049 30.90806 -26.25354 -0.0027049 27.88837 -29.44139 0.7810715 27.88837 -29.44139
4 16 0.7810715 27.88837 -29.44139 -0.0027049 27.88837 -29.44139 -0.0027049 24.54171 -32.28407 0.7810715 24.54171 -32.28407
4 16 0.7810715 24.54171 -32.28407 -0.0027049 24.54171 -32.28407 -0.0027049 20.90732 -34.74824 0.7810715 20.90732 -34.74824
4 16 0.7810715 20.90732 -34.74824 -0.0027049 20.90732 -34.74824 -0.0027049 17.02782 -36.80502 0.7810715 17.02782 -36.80502
4 16 0.7810715 17.02782 -36.80502 -0.0027049 17.02782 -36.80502 -0.0027049 12.94868 -38.4303 0.7810715 12.94868 -38.4303
4 16 0.7810715 12.94868 -38.4303 -0.0027049 12.94868 -38.4303 -0.0027049 8.717724 -39.60502 0.7810715 8.717724 -39.60502
4 16 0.7810715 8.717724 -39.60502 -0.0027049 8.717724 -39.60502 -0.0027049 4.384564 -40.3154 0.7810715 4.384564 -40.3154
4 16 0.7810715 4.384564 -40.3154 -0.0027049 4.384564 -40.3154 -0.0027049 0 -40.55313 0.7810715 0 -40.55313
4 16 0.7810715 0 39.79722 -0.0027049 0 39.79722 -0.0027049 -4.302836 39.56393 0.7810715 -4.302836 39.56393
2 24 -0.0027049 0 39.79722 -0.0027049 -4.302836 39.56393
4 16 0.7810715 -4.302836 39.56393 -0.0027049 -4.302836 39.56393 -0.0027049 -8.555227 38.86678 0.7810715 -8.555227 38.86678
2 24 -0.0027049 -4.302836 39.56393 -0.0027049 -8.555227 38.86678
4 16 0.7810715 -8.555227 38.86678 -0.0027049 -8.555227 38.86678 -0.0027049 -12.70731 37.71396 0.7810715 -12.70731 37.71396
2 24 -0.0027049 -8.555227 38.86678 -0.0027049 -12.70731 37.71396
4 16 0.7810715 -12.70731 37.71396 -0.0027049 -12.70731 37.71396 -0.0027049 -16.71042 36.11898 0.7810715 -16.71042 36.11898
2 24 -0.0027049 -12.70731 37.71396 -0.0027049 -16.71042 36.11898
4 16 0.7810715 -16.71042 36.11898 -0.0027049 -16.71042 36.11898 -0.0027049 -20.51761 34.10054 0.7810715 -20.51761 34.10054
2 24 -0.0027049 -16.71042 36.11898 -0.0027049 -20.51761 34.10054
4 16 0.7810715 -20.51761 34.10054 -0.0027049 -20.51761 34.10054 -0.0027049 -24.08425 31.68229 0.7810715 -24.08425 31.68229
2 24 -0.0027049 -20.51761 34.10054 -0.0027049 -24.08425 31.68229
4 16 0.7810715 -24.08425 31.68229 -0.0027049 -24.08425 31.68229 -0.0027049 -27.36853 28.8926 0.7810715 -27.36853 28.8926
2 24 -0.0027049 -24.08425 31.68229 -0.0027049 -27.36853 28.8926
4 16 0.7810715 -27.36853 28.8926 -0.0027049 -27.36853 28.8926 -0.0027049 -30.33193 25.76418 0.7810715 -30.33193 25.76418
2 24 -0.0027049 -27.36853 28.8926 -0.0027049 -30.33193 25.76418
4 16 0.7810715 -30.33193 25.76418 -0.0027049 -30.33193 25.76418 -0.0027049 -32.93972 22.33369 0.7810715 -32.93972 22.33369
2 24 -0.0027049 -30.33193 25.76418 -0.0027049 -32.93972 22.33369
4 16 0.7810715 -32.93972 22.33369 -0.0027049 -32.93972 22.33369 -0.0027049 -35.16133 18.64135 0.7810715 -35.16133 18.64135
2 24 -0.0027049 -32.93972 22.33369 -0.0027049 -35.16133 18.64135
4 16 0.7810715 -35.16133 18.64135 -0.0027049 -35.16133 18.64135 -0.0027049 -36.97069 14.73047 0.7810715 -36.97069 14.73047
2 24 -0.0027049 -35.16133 18.64135 -0.0027049 -36.97069 14.73047
4 16 0.7810715 -36.97069 14.73047 -0.0027049 -36.97069 14.73047 -0.0027049 -38.34661 10.64689 0.7810715 -38.34661 10.64689
2 24 -0.0027049 -36.97069 14.73047 -0.0027049 -38.34661 10.64689
4 16 0.7810715 -38.34661 10.64689 -0.0027049 -38.34661 10.64689 -0.0027049 -39.27296 6.438474 0.7810715 -39.27296 6.438474
2 24 -0.0027049 -38.34661 10.64689 -0.0027049 -39.27296 6.438474
4 16 0.7810715 -39.27296 6.438474 -0.0027049 -39.27296 6.438474 -0.0027049 -39.73886 2.154578 0.7810715 -39.73886 2.154578
2 24 -0.0027049 -39.27296 6.438474 -0.0027049 -39.73886 2.154578
4 16 0.7810715 -39.73886 2.154578 -0.0027049 -39.73886 2.154578 -0.0027049 -39.73886 -2.154578 0.7810715 -39.73886 -2.154578
2 24 -0.0027049 -39.73886 2.154578 -0.0027049 -39.73886 -2.154578
4 16 0.7810715 -39.73886 -2.154578 -0.0027049 -39.73886 -2.154578 -0.0027049 -39.27296 -6.438474 0.7810715 -39.27296 -6.438474
2 24 -0.0027049 -39.73886 -2.154578 -0.0027049 -39.27296 -6.438474
4 16 0.7810715 -39.27296 -6.438474 -0.0027049 -39.27296 -6.438474 -0.0027049 -38.34661 -10.64689 0.7810715 -38.34661 -10.64689
2 24 -0.0027049 -39.27296 -6.438474 -0.0027049 -38.34661 -10.64689
4 16 0.7810715 -38.34661 -10.64689 -0.0027049 -38.34661 -10.64689 -0.0027049 -36.97069 -14.73047 0.7810715 -36.97069 -14.73047
2 24 -0.0027049 -38.34661 -10.64689 -0.0027049 -36.97069 -14.73047
4 16 0.7810715 -36.97069 -14.73047 -0.0027049 -36.97069 -14.73047 -0.0027049 -35.16133 -18.64135 0.7810715 -35.16133 -18.64135
2 24 -0.0027049 -36.97069 -14.73047 -0.0027049 -35.16133 -18.64135
4 16 0.7810715 -35.16133 -18.64135 -0.0027049 -35.16133 -18.64135 -0.0027049 -32.93972 -22.33369 0.7810715 -32.93972 -22.33369
2 24 -0.0027049 -35.16133 -18.64135 -0.0027049 -32.93972 -22.33369
4 16 0.7810715 -32.93972 -22.33369 -0.0027049 -32.93972 -22.33369 -0.0027049 -30.33193 -25.76418 0.7810715 -30.33193 -25.76418
2 24 -0.0027049 -32.93972 -22.33369 -0.0027049 -30.33193 -25.76418
4 16 0.7810715 -30.33193 -25.76418 -0.0027049 -30.33193 -25.76418 -0.0027049 -27.36853 -28.8926 0.7810715 -27.36853 -28.8926
2 24 -0.0027049 -30.33193 -25.76418 -0.0027049 -27.36853 -28.8926
4 16 0.7810715 -27.36853 -28.8926 -0.0027049 -27.36853 -28.8926 -0.0027049 -24.08425 -31.68229 0.7810715 -24.08425 -31.68229
2 24 -0.0027049 -27.36853 -28.8926 -0.0027049 -24.08425 -31.68229
4 16 0.7810715 -24.08425 -31.68229 -0.0027049 -24.08425 -31.68229 -0.0027049 -20.51761 -34.10054 0.7810715 -20.51761 -34.10054
2 24 -0.0027049 -24.08425 -31.68229 -0.0027049 -20.51761 -34.10054
4 16 0.7810715 -20.51761 -34.10054 -0.0027049 -20.51761 -34.10054 -0.0027049 -16.71042 -36.11898 0.7810715 -16.71042 -36.11898
2 24 -0.0027049 -20.51761 -34.10054 -0.0027049 -16.71042 -36.11898
4 16 0.7810715 -16.71042 -36.11898 -0.0027049 -16.71042 -36.11898 -0.0027049 -12.70731 -37.71396 0.7810715 -12.70731 -37.71396
2 24 -0.0027049 -16.71042 -36.11898 -0.0027049 -12.70731 -37.71396
4 16 0.7810715 -12.70731 -37.71396 -0.0027049 -12.70731 -37.71396 -0.0027049 -8.555227 -38.86678 0.7810715 -8.555227 -38.86678
2 24 -0.0027049 -12.70731 -37.71396 -0.0027049 -8.555227 -38.86678
4 16 0.7810715 -8.555227 -38.86678 -0.0027049 -8.555227 -38.86678 -0.0027049 -4.302836 -39.56393 0.7810715 -4.302836 -39.56393
2 24 -0.0027049 -8.555227 -38.86678 -0.0027049 -4.302836 -39.56393
4 16 0.7810715 -4.302836 -39.56393 -0.0027049 -4.302836 -39.56393 -0.0027049 0 -39.79722 0.7810715 0 -39.79722
4 16 -0.0027049 -4.302836 39.56393 -0.0027049 0 39.79722 0.7559055 0 32.57953 0.7559055 -3.522466 32.38855
3 16 -0.0027049 -4.302836 39.56393 0.7559055 -3.522466 32.38855 0.7559055 -3.927028 32.34199
4 16 -0.0027049 -4.302836 39.56393 0.7559055 -3.927028 32.34199 0.7559055 -7.003635 31.81783 -0.0027049 -8.555227 38.86678
3 16 -0.0027049 -8.555227 38.86678 0.7559055 -7.003635 31.81783 0.7559055 -7.796791 31.63283
3 16 -0.0027049 -8.555227 38.86678 0.7559055 -7.796791 31.63283 -0.0027049 -12.70731 37.71396
3 16 0.7559055 -7.796791 31.63283 0.7559055 -10.40269 30.87409 -0.0027049 -12.70731 37.71396
3 16 -0.0027049 -12.70731 37.71396 0.7559055 -10.40269 30.87409 0.7559055 -11.55286 30.46239
3 16 -0.0027049 -12.70731 37.71396 0.7559055 -11.55286 30.46239 -0.0027049 -16.71042 36.11898
3 16 0.7559055 -11.55286 30.46239 0.7559055 -13.67979 29.56838 -0.0027049 -16.71042 36.11898
3 16 -0.0027049 -16.71042 36.11898 0.7559055 -13.67979 29.56838 0.7559055 -15.14046 28.84774
3 16 -0.0027049 -16.71042 36.11898 0.7559055 -15.14046 28.84774 -0.0027049 -20.51761 34.10054
3 16 -0.0027049 -20.51761 34.10054 0.7559055 -15.14046 28.84774 0.7559055 -16.7965 27.916
3 16 -0.0027049 -20.51761 34.10054 0.7559055 -16.7965 27.916 -0.0027049 -24.08425 31.68229
3 16 0.7559055 -16.7965 27.916 0.7559055 -18.50728 26.81242 -0.0027049 -24.08425 31.68229
3 16 -0.0027049 -24.08425 31.68229 0.7559055 -18.50728 26.81242 0.7559055 -19.71629 25.93634
3 16 -0.0027049 -24.08425 31.68229 0.7559055 -19.71629 25.93634 -0.0027049 -27.36853 28.8926
3 16 0.7559055 -19.71629 25.93634 0.7559055 -21.60422 24.38613 -0.0027049 -27.36853 28.8926
3 16 -0.0027049 -27.36853 28.8926 0.7559055 -21.60422 24.38613 0.7559055 -22.40492 23.65259
4 16 -0.0027049 -27.36853 28.8926 0.7559055 -22.40492 23.65259 0.7559055 -24.38613 21.60422 -0.0027049 -30.33193 25.76418
3 16 -0.0027049 -30.33193 25.76418 0.7559055 -24.38613 21.60422 0.7559055 -24.83088 21.09154
4 16 -0.0027049 -30.33193 25.76418 0.7559055 -24.83088 21.09154 0.7559055 -26.81242 18.50728 -0.0027049 -32.93972 22.33369
3 16 -0.0027049 -32.93972 22.33369 0.7559055 -26.81242 18.50728 0.7559055 -26.96572 18.28321
4 16 -0.0027049 -32.93972 22.33369 0.7559055 -26.96572 18.28321 0.7559055 -28.78441 15.26053 -0.0027049 -35.16133 18.64135
3 16 -0.0027049 -35.16133 18.64135 0.7559055 -28.78441 15.26053 0.7559055 -28.84774 15.14046
4 16 -0.0027049 -35.16133 18.64135 0.7559055 -28.84774 15.14046 0.7559055 -30.26562 12.05893 -0.0027049 -36.97069 14.73047
3 16 -0.0027049 -36.97069 14.73047 0.7559055 -30.26562 12.05893 0.7559055 -30.46239 11.55286
4 16 -0.0027049 -36.97069 14.73047 0.7559055 -30.46239 11.55286 0.7559055 -31.392 8.715947 -0.0027049 -38.34661 10.64689
3 16 -0.0027049 -38.34661 10.64689 0.7559055 -31.392 8.715947 0.7559055 -31.63283 7.796791
3 16 -0.0027049 -38.34661 10.64689 0.7559055 -31.63283 7.796791 -0.0027049 -39.27296 6.438474
3 16 0.7559055 -31.63283 7.796791 0.7559055 -32.15034 5.270781 -0.0027049 -39.27296 6.438474
3 16 -0.0027049 -39.27296 6.438474 0.7559055 -32.15034 5.270781 0.7559055 -32.34199 3.927028
3 16 -0.0027049 -39.27296 6.438474 0.7559055 -32.34199 3.927028 -0.0027049 -39.73886 2.154578
3 16 -0.0027049 -39.73886 2.154578 0.7559055 -32.34199 3.927028 0.7559055 -32.53175 1.76382
3 16 -0.0027049 -39.73886 2.154578 0.7559055 -32.53175 1.76382 -0.0027049 -39.73886 -2.154578
3 16 0.7559055 -32.53175 1.76382 0.7559055 -32.57953 0 -0.0027049 -39.73886 -2.154578
3 16 -0.0027049 -39.73886 -2.154578 0.7559055 -32.57953 0 0.7559055 -32.53175 -1.76382
3 16 -0.0027049 -39.73886 -2.154578 0.7559055 -32.53175 -1.76382 -0.0027049 -39.27296 -6.438474
3 16 0.7559055 -32.53175 -1.76382 0.7559055 -32.34199 -3.927028 -0.0027049 -39.27296 -6.438474
3 16 -0.0027049 -39.27296 -6.438474 0.7559055 -32.34199 -3.927028 0.7559055 -32.15034 -5.270781
3 16 -0.0027049 -39.27296 -6.438474 0.7559055 -32.15034 -5.270781 -0.0027049 -38.34661 -10.64689
3 16 0.7559055 -32.15034 -5.270781 0.7559055 -31.63283 -7.796791 -0.0027049 -38.34661 -10.64689
3 16 -0.0027049 -38.34661 -10.64689 0.7559055 -31.63283 -7.796791 0.7559055 -31.392 -8.715947
4 16 -0.0027049 -38.34661 -10.64689 0.7559055 -31.392 -8.715947 0.7559055 -30.46239 -11.55286 -0.0027049 -36.97069 -14.73047
3 16 -0.0027049 -36.97069 -14.73047 0.7559055 -30.46239 -11.55286 0.7559055 -30.26562 -12.05893
4 16 -0.0027049 -36.97069 -14.73047 0.7559055 -30.26562 -12.05893 0.7559055 -28.84774 -15.14046 -0.0027049 -35.16133 -18.64135
3 16 -0.0027049 -35.16133 -18.64135 0.7559055 -28.84774 -15.14046 0.7559055 -28.78441 -15.26053
4 16 -0.0027049 -35.16133 -18.64135 0.7559055 -28.78441 -15.26053 0.7559055 -26.96572 -18.28321 -0.0027049 -32.93972 -22.33369
3 16 -0.0027049 -32.93972 -22.33369 0.7559055 -26.96572 -18.28321 0.7559055 -26.81242 -18.50728
4 16 -0.0027049 -32.93972 -22.33369 0.7559055 -26.81242 -18.50728 0.7559055 -24.83088 -21.09154 -0.0027049 -30.33193 -25.76418
3 16 -0.0027049 -30.33193 -25.76418 0.7559055 -24.83088 -21.09154 0.7559055 -24.38613 -21.60422
4 16 -0.0027049 -30.33193 -25.76418 0.7559055 -24.38613 -21.60422 0.7559055 -22.40492 -23.65259 -0.0027049 -27.36853 -28.8926
3 16 -0.0027049 -27.36853 -28.8926 0.7559055 -22.40492 -23.65259 0.7559055 -21.60422 -24.38613
3 16 -0.0027049 -27.36853 -28.8926 0.7559055 -21.60422 -24.38613 -0.0027049 -24.08425 -31.68229
3 16 0.7559055 -21.60422 -24.38613 0.7559055 -19.71629 -25.93634 -0.0027049 -24.08425 -31.68229
3 16 -0.0027049 -24.08425 -31.68229 0.7559055 -19.71629 -25.93634 0.7559055 -18.50728 -26.81242
3 16 -0.0027049 -24.08425 -31.68229 0.7559055 -18.50728 -26.81242 -0.0027049 -20.51761 -34.10054
3 16 -0.0027049 -20.51761 -34.10054 0.7559055 -18.50728 -26.81242 0.7559055 -16.7965 -27.916
3 16 -0.0027049 -20.51761 -34.10054 0.7559055 -16.7965 -27.916 -0.0027049 -16.71042 -36.11898
3 16 0.7559055 -16.7965 -27.916 0.7559055 -15.14046 -28.84774 -0.0027049 -16.71042 -36.11898
3 16 -0.0027049 -16.71042 -36.11898 0.7559055 -15.14046 -28.84774 0.7559055 -13.67979 -29.56838
3 16 -0.0027049 -16.71042 -36.11898 0.7559055 -13.67979 -29.56838 -0.0027049 -12.70731 -37.71396
3 16 0.7559055 -13.67979 -29.56838 0.7559055 -11.55286 -30.46239 -0.0027049 -12.70731 -37.71396
3 16 -0.0027049 -12.70731 -37.71396 0.7559055 -11.55286 -30.46239 0.7559055 -10.40269 -30.87409
3 16 -0.0027049 -12.70731 -37.71396 0.7559055 -10.40269 -30.87409 -0.0027049 -8.555227 -38.86678
3 16 0.7559055 -10.40269 -30.87409 0.7559055 -7.796791 -31.63283 -0.0027049 -8.555227 -38.86678
3 16 -0.0027049 -8.555227 -38.86678 0.7559055 -7.796791 -31.63283 0.7559055 -7.003635 -31.81783
4 16 -0.0027049 -8.555227 -38.86678 0.7559055 -7.003635 -31.81783 0.7559055 -3.927028 -32.34199 -0.0027049 -4.302836 -39.56393
4 16 0.7810715 0 -39.79722 -0.0027049 0 -39.79722 -0.0027049 4.302836 -39.56393 0.7810715 4.302836 -39.56393
2 24 -0.0027049 0 -39.79722 -0.0027049 4.302836 -39.56393
4 16 0.7810715 4.302836 -39.56393 -0.0027049 4.302836 -39.56393 -0.0027049 8.555227 -38.86678 0.7810715 8.555227 -38.86678
2 24 -0.0027049 4.302836 -39.56393 -0.0027049 8.555227 -38.86678
4 16 0.7810715 8.555227 -38.86678 -0.0027049 8.555227 -38.86678 -0.0027049 12.70731 -37.71396 0.7810715 12.70731 -37.71396
2 24 -0.0027049 8.555227 -38.86678 -0.0027049 12.70731 -37.71396
4 16 0.7810715 12.70731 -37.71396 -0.0027049 12.70731 -37.71396 -0.0027049 16.71042 -36.11898 0.7810715 16.71042 -36.11898
2 24 -0.0027049 12.70731 -37.71396 -0.0027049 16.71042 -36.11898
4 16 0.7810715 16.71042 -36.11898 -0.0027049 16.71042 -36.11898 -0.0027049 20.51761 -34.10054 0.7810715 20.51761 -34.10054
2 24 -0.0027049 16.71042 -36.11898 -0.0027049 20.51761 -34.10054
4 16 0.7810715 20.51761 -34.10054 -0.0027049 20.51761 -34.10054 -0.0027049 24.08425 -31.68229 0.7810715 24.08425 -31.68229
2 24 -0.0027049 20.51761 -34.10054 -0.0027049 24.08425 -31.68229
4 16 0.7810715 24.08425 -31.68229 -0.0027049 24.08425 -31.68229 -0.0027049 27.36853 -28.8926 0.7810715 27.36853 -28.8926
2 24 -0.0027049 24.08425 -31.68229 -0.0027049 27.36853 -28.8926
4 16 0.7810715 27.36853 -28.8926 -0.0027049 27.36853 -28.8926 -0.0027049 30.33193 -25.76418 0.7810715 30.33193 -25.76418
2 24 -0.0027049 27.36853 -28.8926 -0.0027049 30.33193 -25.76418
4 16 0.7810715 30.33193 -25.76418 -0.0027049 30.33193 -25.76418 -0.0027049 32.93972 -22.33369 0.7810715 32.93972 -22.33369
2 24 -0.0027049 30.33193 -25.76418 -0.0027049 32.93972 -22.33369
4 16 0.7810715 32.93972 -22.33369 -0.0027049 32.93972 -22.33369 -0.0027049 35.16133 -18.64135 0.7810715 35.16133 -18.64135
2 24 -0.0027049 32.93972 -22.33369 -0.0027049 35.16133 -18.64135
4 16 0.7810715 35.16133 -18.64135 -0.0027049 35.16133 -18.64135 -0.0027049 36.97069 -14.73047 0.7810715 36.97069 -14.73047
2 24 -0.0027049 35.16133 -18.64135 -0.0027049 36.97069 -14.73047
4 16 0.7810715 36.97069 -14.73047 -0.0027049 36.97069 -14.73047 -0.0027049 38.34661 -10.64689 0.7810715 38.34661 -10.64689
2 24 -0.0027049 36.97069 -14.73047 -0.0027049 38.34661 -10.64689
4 16 0.7810715 38.34661 -10.64689 -0.0027049 38.34661 -10.64689 -0.0027049 39.27296 -6.438474 0.7810715 39.27296 -6.438474
2 24 -0.0027049 38.34661 -10.64689 -0.0027049 39.27296 -6.438474
4 16 0.7810715 39.27296 -6.438474 -0.0027049 39.27296 -6.438474 -0.0027049 39.73886 -2.154578 0.7810715 39.73886 -2.154578
2 24 -0.0027049 39.27296 -6.438474 -0.0027049 39.73886 -2.154578
4 16 0.7810715 39.73886 -2.154578 -0.0027049 39.73886 -2.154578 -0.0027049 39.73886 2.154578 0.7810715 39.73886 2.154578
2 24 -0.0027049 39.73886 -2.154578 -0.0027049 39.73886 2.154578
4 16 0.7810715 39.73886 2.154578 -0.0027049 39.73886 2.154578 -0.0027049 39.27296 6.438474 0.7810715 39.27296 6.438474
2 24 -0.0027049 39.73886 2.154578 -0.0027049 39.27296 6.438474
4 16 0.7810715 39.27296 6.438474 -0.0027049 39.27296 6.438474 -0.0027049 38.34661 10.64689 0.7810715 38.34661 10.64689
2 24 -0.0027049 39.27296 6.438474 -0.0027049 38.34661 10.64689
4 16 0.7810715 38.34661 10.64689 -0.0027049 38.34661 10.64689 -0.0027049 36.97069 14.73047 0.7810715 36.97069 14.73047
2 24 -0.0027049 38.34661 10.64689 -0.0027049 36.97069 14.73047
4 16 0.7810715 36.97069 14.73047 -0.0027049 36.97069 14.73047 -0.0027049 35.16133 18.64135 0.7810715 35.16133 18.64135
2 24 -0.0027049 36.97069 14.73047 -0.0027049 35.16133 18.64135
4 16 0.7810715 35.16133 18.64135 -0.0027049 35.16133 18.64135 -0.0027049 32.93972 22.33369 0.7810715 32.93972 22.33369
2 24 -0.0027049 35.16133 18.64135 -0.0027049 32.93972 22.33369
4 16 0.7810715 32.93972 22.33369 -0.0027049 32.93972 22.33369 -0.0027049 30.33193 25.76418 0.7810715 30.33193 25.76418
2 24 -0.0027049 32.93972 22.33369 -0.0027049 30.33193 25.76418
4 16 0.7810715 30.33193 25.76418 -0.0027049 30.33193 25.76418 -0.0027049 27.36853 28.8926 0.7810715 27.36853 28.8926
2 24 -0.0027049 30.33193 25.76418 -0.0027049 27.36853 28.8926
4 16 0.7810715 27.36853 28.8926 -0.0027049 27.36853 28.8926 -0.0027049 24.08425 31.68229 0.7810715 24.08425 31.68229
2 24 -0.0027049 27.36853 28.8926 -0.0027049 24.08425 31.68229
4 16 0.7810715 24.08425 31.68229 -0.0027049 24.08425 31.68229 -0.0027049 20.51761 34.10054 0.7810715 20.51761 34.10054
2 24 -0.0027049 24.08425 31.68229 -0.0027049 20.51761 34.10054
4 16 0.7810715 20.51761 34.10054 -0.0027049 20.51761 34.10054 -0.0027049 16.71042 36.11898 0.7810715 16.71042 36.11898
2 24 -0.0027049 20.51761 34.10054 -0.0027049 16.71042 36.11898
4 16 0.7810715 16.71042 36.11898 -0.0027049 16.71042 36.11898 -0.0027049 12.70731 37.71396 0.7810715 12.70731 37.71396
2 24 -0.0027049 16.71042 36.11898 -0.0027049 12.70731 37.71396
4 16 0.7810715 12.70731 37.71396 -0.0027049 12.70731 37.71396 -0.0027049 8.555227 38.86678 0.7810715 8.555227 38.86678
2 24 -0.0027049 12.70731 37.71396 -0.0027049 8.555227 38.86678
4 16 0.7810715 8.555227 38.86678 -0.0027049 8.555227 38.86678 -0.0027049 4.302836 39.56393 0.7810715 4.302836 39.56393
2 24 -0.0027049 8.555227 38.86678 -0.0027049 4.302836 39.56393
4 16 0.7810715 4.302836 39.56393 -0.0027049 4.302836 39.56393 -0.0027049 0 39.79722 0.7810715 0 39.79722
4 16 -0.0027049 4.302836 -39.56393 -0.0027049 0 -39.79722 0.7559055 0 -32.57953 0.7559055 3.522466 -32.38855
3 16 -0.0027049 4.302836 -39.56393 0.7559055 3.522466 -32.38855 0.7559055 3.927028 -32.34199
4 16 -0.0027049 4.302836 -39.56393 0.7559055 3.927028 -32.34199 0.7559055 7.003635 -31.81783 -0.0027049 8.555227 -38.86678
3 16 -0.0027049 8.555227 -38.86678 0.7559055 7.003635 -31.81783 0.7559055 7.796791 -31.63283
3 16 -0.0027049 8.555227 -38.86678 0.7559055 7.796791 -31.63283 -0.0027049 12.70731 -37.71396
3 16 0.7559055 7.796791 -31.63283 0.7559055 10.40269 -30.87409 -0.0027049 12.70731 -37.71396
3 16 -0.0027049 12.70731 -37.71396 0.7559055 10.40269 -30.87409 0.7559055 11.55286 -30.46239
3 16 -0.0027049 12.70731 -37.71396 0.7559055 11.55286 -30.46239 -0.0027049 16.71042 -36.11898
3 16 0.7559055 11.55286 -30.46239 0.7559055 13.67979 -29.56838 -0.0027049 16.71042 -36.11898
3 16 -0.0027049 16.71042 -36.11898 0.7559055 13.67979 -29.56838 0.7559055 15.14046 -28.84774
3 16 -0.0027049 16.71042 -36.11898 0.7559055 15.14046 -28.84774 -0.0027049 20.51761 -34.10054
3 16 -0.0027049 20.51761 -34.10054 0.7559055 15.14046 -28.84774 0.7559055 16.7965 -27.916
3 16 -0.0027049 20.51761 -34.10054 0.7559055 16.7965 -27.916 -0.0027049 24.08425 -31.68229
3 16 0.7559055 16.7965 -27.916 0.7559055 18.50728 -26.81242 -0.0027049 24.08425 -31.68229
3 16 -0.0027049 24.08425 -31.68229 0.7559055 18.50728 -26.81242 0.7559055 19.71629 -25.93634
3 16 -0.0027049 24.08425 -31.68229 0.7559055 19.71629 -25.93634 -0.0027049 27.36853 -28.8926
3 16 0.7559055 19.71629 -25.93634 0.7559055 21.60422 -24.38613 -0.0027049 27.36853 -28.8926
3 16 -0.0027049 27.36853 -28.8926 0.7559055 21.60422 -24.38613 0.7559055 22.40492 -23.65259
4 16 -0.0027049 27.36853 -28.8926 0.7559055 22.40492 -23.65259 0.7559055 24.38613 -21.60422 -0.0027049 30.33193 -25.76418
3 16 -0.0027049 30.33193 -25.76418 0.7559055 24.38613 -21.60422 0.7559055 24.83088 -21.09154
4 16 -0.0027049 30.33193 -25.76418 0.7559055 24.83088 -21.09154 0.7559055 26.81242 -18.50728 -0.0027049 32.93972 -22.33369
3 16 -0.0027049 32.93972 -22.33369 0.7559055 26.81242 -18.50728 0.7559055 26.96572 -18.28321
4 16 -0.0027049 32.93972 -22.33369 0.7559055 26.96572 -18.28321 0.7559055 28.78441 -15.26053 -0.0027049 35.16133 -18.64135
3 16 -0.0027049 35.16133 -18.64135 0.7559055 28.78441 -15.26053 0.7559055 28.84774 -15.14046
4 16 -0.0027049 35.16133 -18.64135 0.7559055 28.84774 -15.14046 0.7559055 30.26562 -12.05893 -0.0027049 36.97069 -14.73047
3 16 -0.0027049 36.97069 -14.73047 0.7559055 30.26562 -12.05893 0.7559055 30.46239 -11.55286
4 16 -0.0027049 36.97069 -14.73047 0.7559055 30.46239 -11.55286 0.7559055 31.392 -8.715947 -0.0027049 38.34661 -10.64689
3 16 -0.0027049 38.34661 -10.64689 0.7559055 31.392 -8.715947 0.7559055 31.63283 -7.796791
3 16 -0.0027049 38.34661 -10.64689 0.7559055 31.63283 -7.796791 -0.0027049 39.27296 -6.438474
3 16 0.7559055 31.63283 -7.796791 0.7559055 32.15034 -5.270781 -0.0027049 39.27296 -6.438474
3 16 -0.0027049 39.27296 -6.438474 0.7559055 32.15034 -5.270781 0.7559055 32.34199 -3.927028
3 16 -0.0027049 39.27296 -6.438474 0.7559055 32.34199 -3.927028 -0.0027049 39.73886 -2.154578
3 16 -0.0027049 39.73886 -2.154578 0.7559055 32.34199 -3.927028 0.7559055 32.53175 -1.76382
3 16 -0.0027049 39.73886 -2.154578 0.7559055 32.53175 -1.76382 -0.0027049 39.73886 2.154578
3 16 0.7559055 32.53175 -1.76382 0.7559055 32.57953 0 -0.0027049 39.73886 2.154578
3 16 -0.0027049 39.73886 2.154578 0.7559055 32.57953 0 0.7559055 32.53175 1.76382
3 16 -0.0027049 39.73886 2.154578 0.7559055 32.53175 1.76382 -0.0027049 39.27296 6.438474
3 16 0.7559055 32.53175 1.76382 0.7559055 32.34199 3.927028 -0.0027049 39.27296 6.438474
3 16 -0.0027049 39.27296 6.438474 0.7559055 32.34199 3.927028 0.7559055 32.15034 5.270781
3 16 -0.0027049 39.27296 6.438474 0.7559055 32.15034 5.270781 -0.0027049 38.34661 10.64689
3 16 0.7559055 32.15034 5.270781 0.7559055 31.63283 7.796791 -0.0027049 38.34661 10.64689
3 16 -0.0027049 38.34661 10.64689 0.7559055 31.63283 7.796791 0.7559055 31.392 8.715947
4 16 -0.0027049 38.34661 10.64689 0.7559055 31.392 8.715947 0.7559055 30.46239 11.55286 -0.0027049 36.97069 14.73047
3 16 -0.0027049 36.97069 14.73047 0.7559055 30.46239 11.55286 0.7559055 30.26562 12.05893
4 16 -0.0027049 36.97069 14.73047 0.7559055 30.26562 12.05893 0.7559055 28.84774 15.14046 -0.0027049 35.16133 18.64135
3 16 -0.0027049 35.16133 18.64135 0.7559055 28.84774 15.14046 0.7559055 28.78441 15.26053
4 16 -0.0027049 35.16133 18.64135 0.7559055 28.78441 15.26053 0.7559055 26.96572 18.28321 -0.0027049 32.93972 22.33369
3 16 -0.0027049 32.93972 22.33369 0.7559055 26.96572 18.28321 0.7559055 26.81242 18.50728
4 16 -0.0027049 32.93972 22.33369 0.7559055 26.81242 18.50728 0.7559055 24.83088 21.09154 -0.0027049 30.33193 25.76418
3 16 -0.0027049 30.33193 25.76418 0.7559055 24.83088 21.09154 0.7559055 24.38613 21.60422
4 16 -0.0027049 30.33193 25.76418 0.7559055 24.38613 21.60422 0.7559055 22.40492 23.65259 -0.0027049 27.36853 28.8926
3 16 -0.0027049 27.36853 28.8926 0.7559055 22.40492 23.65259 0.7559055 21.60422 24.38613
3 16 -0.0027049 27.36853 28.8926 0.7559055 21.60422 24.38613 -0.0027049 24.08425 31.68229
3 16 0.7559055 21.60422 24.38613 0.7559055 19.71629 25.93634 -0.0027049 24.08425 31.68229
3 16 -0.0027049 24.08425 31.68229 0.7559055 19.71629 25.93634 0.7559055 18.50728 26.81242
3 16 -0.0027049 24.08425 31.68229 0.7559055 18.50728 26.81242 -0.0027049 20.51761 34.10054
3 16 -0.0027049 20.51761 34.10054 0.7559055 18.50728 26.81242 0.7559055 16.7965 27.916
3 16 -0.0027049 20.51761 34.10054 0.7559055 16.7965 27.916 -0.0027049 16.71042 36.11898
3 16 0.7559055 16.7965 27.916 0.7559055 15.14046 28.84774 -0.0027049 16.71042 36.11898
3 16 -0.0027049 16.71042 36.11898 0.7559055 15.14046 28.84774 0.7559055 13.67979 29.56838
3 16 -0.0027049 16.71042 36.11898 0.7559055 13.67979 29.56838 -0.0027049 12.70731 37.71396
3 16 0.7559055 13.67979 29.56838 0.7559055 11.55286 30.46239 -0.0027049 12.70731 37.71396
3 16 -0.0027049 12.70731 37.71396 0.7559055 11.55286 30.46239 0.7559055 10.40269 30.87409
3 16 -0.0027049 12.70731 37.71396 0.7559055 10.40269 30.87409 -0.0027049 8.555227 38.86678
3 16 0.7559055 10.40269 30.87409 0.7559055 7.796791 31.63283 -0.0027049 8.555227 38.86678
3 16 -0.0027049 8.555227 38.86678 0.7559055 7.796791 31.63283 0.7559055 7.003635 31.81783
4 16 -0.0027049 8.555227 38.86678 0.7559055 7.003635 31.81783 0.7559055 3.927028 32.34199 -0.0027049 4.302836 39.56393
3 16 0.09 3.93 43.14 0.086 3.931 43.133 0.08659925 2.748521 43.22541
3 16 0.01 4.08 42.73 0.01 4.13 42.69 0.00847756 2.721377 42.79852
3 16 0.01 4.2 -42.64 0.01 4.13 -42.68 0.00847756 2.721377 -42.79852
4 16 2.279857 2.865513 -45.06532 2.51698 2.866223 -45.07648 2.51698 0 -45.16751 2.279857 0 -45.15633
3 16 2.52 3.9 -45 2.51698 2.866223 -45.07648 2.12 3.9 -44.97
3 16 2.12 3.9 -44.97 2.51698 2.866223 -45.07648 2.279857 2.865513 -45.06532
3 16 2.12 3.9 -44.97 2.279857 2.865513 -45.06532 1.852103 2.860555 -44.98736
3 16 1.44415 2.851005 -44.83716 1.44 3.9 -44.76 1.852103 2.860555 -44.98736
3 16 1.852103 2.860555 -44.98736 1.44 3.9 -44.76 1.68 3.91 -44.86
3 16 1.68 3.91 -44.86 1.73 3.91 -44.87 1.852103 2.860555 -44.98736
3 16 1.852103 2.860555 -44.98736 1.73 3.91 -44.87 1.85 3.91 -44.91
3 16 1.852103 2.860555 -44.98736 1.85 3.91 -44.91 2.12 3.9 -44.97
3 16 0.9443114 3.901293 -44.44557 0.99 3.9 -44.48 1.068148 2.837146 -44.6192
3 16 1.068148 2.837146 -44.6192 0.99 3.9 -44.48 1.07 3.9 -44.54
3 16 1.068148 2.837146 -44.6192 1.07 3.9 -44.54 1.44415 2.851005 -44.83716
3 16 1.44415 2.851005 -44.83716 1.07 3.9 -44.54 1.32 3.9 -44.69
3 16 1.44415 2.851005 -44.83716 1.32 3.9 -44.69 1.44 3.9 -44.76
4 16 0.9443114 3.901293 -44.44557 1.068148 2.837146 -44.6192 0.7352937 2.819391 -44.33997 0.8581582 3.900472 -44.37334
3 16 0.8581582 3.900472 -44.37334 0.7352937 2.819391 -44.33997 0.7379986 3.900472 -44.26078
4 16 0.7379986 3.900472 -44.26078 0.7352937 2.819391 -44.33997 0.4555005 2.798269 -44.00779 0.4582054 3.900472 -43.92793
3 16 0.4582054 3.900472 -43.92793 0.4555005 2.798269 -44.00779 0.27 3.9 -43.62
3 16 0.27 3.9 -43.62 0.4555005 2.798269 -44.00779 0.2371009 2.774409 -43.63254
3 16 0.27 3.9 -43.62 0.2371009 2.774409 -43.63254 0.24 3.9 -43.55
3 16 0.24 3.9 -43.55 0.2371009 2.774409 -43.63254 0.13 3.92 -43.27
3 16 0.13 3.92 -43.27 0.2371009 2.774409 -43.63254 0.08659925 2.748521 -43.22541
3 16 0.13 3.92 -43.27 0.08659925 2.748521 -43.22541 0.09 3.93 -43.14
3 16 0.00847756 2.721377 -42.79852 0.01 4.08 -42.73 0.02 4.05 -42.77
3 16 0.00847756 2.721377 -42.79852 0.02 4.05 -42.77 0.02 4.01 -42.83
3 16 0.02 4.01 -42.83 0.04 3.98 -42.91 0.00847756 2.721377 -42.79852
3 16 0.00847756 2.721377 -42.79852 0.04 3.98 -42.91 0.07 3.94 -43.05
3 16 0.00847756 2.721377 -42.79852 0.07 3.94 -43.05 0.08659925 2.748521 -43.22541
3 16 0.08659925 2.748521 -43.22541 0.07 3.94 -43.05 0.09 3.93 -43.13
3 16 0.08659925 2.748521 -43.22541 0.09 3.93 -43.13 0.09 3.93 -43.14
4 16 -0.0027049 5.82563 42.24807 0 5.841574 42.3637 0 8.937845 41.82011 -0.0027049 8.91345 41.70597
4 16 -0.0027049 8.91345 41.70597 0 8.937845 41.82011 0 11.98582 41.05054 -0.0027049 11.9531 40.9385
4 16 -0.0027049 11.9531 40.9385 0 11.98582 41.05054 0 14.96902 40.05915 -0.0027049 14.92817 39.94981
4 16 -0.0027049 14.92817 39.94981 0 14.96902 40.05915 0 17.87134 38.85128 -0.0027049 17.82256 38.74524
4 16 -0.0027049 17.82256 38.74524 0 17.87134 38.85128 0 20.67708 37.43347 -0.0027049 20.62065 37.3313
4 16 -0.0027049 20.62065 37.3313 0 20.67708 37.43347 0 23.3711 35.81338 -0.0027049 23.30731 35.71564
4 16 -0.0027049 23.30731 35.71564 0 23.3711 35.81338 0 25.93882 33.99977 -0.0027049 25.86802 33.90697
4 16 -0.0027049 25.86802 33.90697 0 25.93882 33.99977 0 28.36637 32.00243 -0.0027049 28.28895 31.91509
4 16 -0.0027049 28.28895 31.91509 0 28.36637 32.00243 0 30.64064 29.83216 -0.0027049 30.55701 29.75074
4 16 -0.0027049 30.55701 29.75074 0 30.64064 29.83216 0 32.74934 27.50069 -0.0027049 32.65995 27.42563
4 16 -0.0027049 32.65995 27.42563 0 32.74934 27.50069 0 34.68106 25.0206 -0.0027049 34.58641 24.95231
4 16 -0.0027049 34.58641 24.95231 0 34.68106 25.0206 0 36.42538 22.40532 -0.0027049 36.32597 22.34416
4 16 -0.0027049 36.32597 22.34416 0 36.42538 22.40532 0 37.97287 19.66896 -0.0027049 37.86923 19.61527
4 16 -0.0027049 37.86923 19.61527 0 37.97287 19.66896 0 39.31516 16.82631 -0.0027049 39.20786 16.78039
4 16 -0.0027049 39.20786 16.78039 0 39.31516 16.82631 0 40.445 13.89274 -0.0027049 40.33462 13.85482
4 16 -0.0027049 40.33462 13.85482 0 40.445 13.89274 0 41.3563 10.8841 -0.0027049 41.24342 10.85439
4 16 -0.0027049 41.24342 10.85439 0 41.3563 10.8841 0 42.04411 7.816641 -0.0027049 41.92935 7.795306
4 16 -0.0027049 41.92935 7.795306 0 42.04411 7.816641 0 42.50472 4.706944 -0.0027049 42.38871 4.694097
4 16 -0.0027049 42.38871 4.694097 0 42.50472 4.706944 0 42.73565 1.571813 -0.0027049 42.61901 1.567523
4 16 -0.0027049 42.61901 1.567523 0 42.73565 1.571813 0 42.73565 -1.571813 -0.0027049 42.61901 -1.567523
4 16 -0.0027049 42.61901 -1.567523 0 42.73565 -1.571813 0 42.50472 -4.706944 -0.0027049 42.38871 -4.694097
4 16 -0.0027049 42.38871 -4.694097 0 42.50472 -4.706944 0 42.04411 -7.816641 -0.0027049 41.92935 -7.795306
4 16 -0.0027049 41.92935 -7.795306 0 42.04411 -7.816641 0 41.3563 -10.8841 -0.0027049 41.24342 -10.85439
4 16 -0.0027049 41.24342 -10.85439 0 41.3563 -10.8841 0 40.445 -13.89274 -0.0027049 40.33462 -13.85482
4 16 -0.0027049 40.33462 -13.85482 0 40.445 -13.89274 0 39.31516 -16.82631 -0.0027049 39.20786 -16.78039
4 16 -0.0027049 39.20786 -16.78039 0 39.31516 -16.82631 0 37.97287 -19.66896 -0.0027049 37.86923 -19.61527
4 16 -0.0027049 37.86923 -19.61527 0 37.97287 -19.66896 0 36.42538 -22.40532 -0.0027049 36.32597 -22.34416
4 16 -0.0027049 36.32597 -22.34416 0 36.42538 -22.40532 0 34.68106 -25.0206 -0.0027049 34.58641 -24.95231
4 16 -0.0027049 34.58641 -24.95231 0 34.68106 -25.0206 0 32.74934 -27.50069 -0.0027049 32.65995 -27.42563
4 16 -0.0027049 32.65995 -27.42563 0 32.74934 -27.50069 0 30.64064 -29.83216 -0.0027049 30.55701 -29.75074
4 16 -0.0027049 30.55701 -29.75074 0 30.64064 -29.83216 0 28.36637 -32.00243 -0.0027049 28.28895 -31.91509
4 16 -0.0027049 28.28895 -31.91509 0 28.36637 -32.00243 0 25.93882 -33.99977 -0.0027049 25.86802 -33.90697
4 16 -0.0027049 25.86802 -33.90697 0 25.93882 -33.99977 0 23.3711 -35.81338 -0.0027049 23.30731 -35.71564
4 16 -0.0027049 23.30731 -35.71564 0 23.3711 -35.81338 0 20.67708 -37.43347 -0.0027049 20.62065 -37.3313
4 16 -0.0027049 20.62065 -37.3313 0 20.67708 -37.43347 0 17.87134 -38.85128 -0.0027049 17.82256 -38.74524
4 16 -0.0027049 17.82256 -38.74524 0 17.87134 -38.85128 0 14.96902 -40.05915 -0.0027049 14.92817 -39.94981
4 16 -0.0027049 14.92817 -39.94981 0 14.96902 -40.05915 0 11.98582 -41.05054 -0.0027049 11.9531 -40.9385
4 16 -0.0027049 11.9531 -40.9385 0 11.98582 -41.05054 0 8.937845 -41.82011 -0.0027049 8.91345 -41.70597
4 16 -0.0027049 8.91345 -41.70597 0 8.937845 -41.82011 0 5.841574 -42.3637 -0.0027049 5.82563 -42.24807
3 16 -0.0027049 5.82563 -42.24807 0 5.841574 -42.3637 0 4.93 -42.48
3 16 -0.0027049 5.82563 -42.24807 0 4.93 -42.48 -0.0027049 2.706329 -42.56187
3 16 -0.0027049 2.706329 -42.56187 0 4.93 -42.48 0 4.56 -42.53
3 16 -0.0027049 2.706329 -42.56187 0 4.56 -42.53 0 4.31 -42.59
3 16 0.00847756 2.721377 42.79852 0.01 4.13 42.69 -0.0027049 2.706329 42.56187
3 16 -0.0027049 2.706329 42.56187 0.01 4.13 42.69 0.01 4.2 42.64
3 16 -0.0027049 2.706329 42.56187 0.01 4.2 42.64 0 4.32 42.59
3 16 0 4.32 42.59 0 4.55 42.53 -0.0027049 2.706329 42.56187
3 16 -0.0027049 2.706329 42.56187 0 4.55 42.53 0 4.93 42.48
3 16 -0.0027049 2.706329 42.56187 0 4.93 42.48 -0.0027049 5.82563 42.24807
3 16 -0.0027049 5.82563 42.24807 0 4.93 42.48 0 5.841574 42.3637
3 16 0.04 3.98 42.91 0.02 4.01 42.83 0.00847756 2.721377 42.79852
3 16 0.00847756 2.721377 42.79852 0.02 4.01 42.83 0.02 4.05 42.77
3 16 0.00847756 2.721377 42.79852 0.02 4.05 42.77 0.01 4.08 42.73
3 16 0.08659925 2.748521 43.22541 0.086 3.931 43.133 0.00847756 2.721377 42.79852
3 16 0.00847756 2.721377 42.79852 0.086 3.931 43.133 0.065 3.945 43.046
3 16 0.00847756 2.721377 42.79852 0.065 3.945 43.046 0.04 3.98 42.91
3 16 0.4582054 3.900472 43.92793 0.27 3.9 43.62 0.2371009 2.774409 43.63254
3 16 0.2371009 2.774409 43.63254 0.27 3.9 43.62 0.24 3.9 43.55
3 16 0.2371009 2.774409 43.63254 0.24 3.9 43.55 0.08659925 2.748521 43.22541
3 16 0.08659925 2.748521 43.22541 0.24 3.9 43.55 0.13 3.92 43.27
3 16 0.08659925 2.748521 43.22541 0.13 3.92 43.27 0.09 3.93 43.14
3 16 0.2371009 2.774409 43.63254 0.4555005 2.798269 44.00779 0.4582054 3.900472 43.92793
4 16 0.4582054 3.900472 43.92793 0.4555005 2.798269 44.00779 0.7352937 2.819391 44.33997 0.7379986 3.900472 44.26078
3 16 1.07 3.9 44.54 0.99 3.9 44.48 1.068148 2.837146 44.6192
3 16 1.068148 2.837146 44.6192 0.99 3.9 44.48 0.9443114 3.901293 44.44557
4 16 1.068148 2.837146 44.6192 0.9443114 3.901293 44.44557 0.8581582 3.900472 44.37334 0.7352937 2.819391 44.33997
3 16 0.7352937 2.819391 44.33997 0.8581582 3.900472 44.37334 0.7379986 3.900472 44.26078
3 16 1.07 3.9 44.54 1.068148 2.837146 44.6192 1.32 3.9 44.69
3 16 1.32 3.9 44.69 1.068148 2.837146 44.6192 1.44415 2.851005 44.83716
3 16 1.32 3.9 44.69 1.44415 2.851005 44.83716 1.44 3.9 44.76
3 16 1.44 3.9 44.76 1.44415 2.851005 44.83716 1.68 3.91 44.86
3 16 1.68 3.91 44.86 1.44415 2.851005 44.83716 1.852103 2.860555 44.98736
3 16 1.68 3.91 44.86 1.852103 2.860555 44.98736 1.73 3.91 44.87
3 16 1.73 3.91 44.87 1.852103 2.860555 44.98736 1.85 3.91 44.91
3 16 1.85 3.91 44.91 1.852103 2.860555 44.98736 2.279857 2.865513 45.06532
3 16 1.85 3.91 44.91 2.279857 2.865513 45.06532 2.12 3.9 44.97
4 16 2.279857 0 45.15633 2.51698 0 45.16751 2.51698 2.866223 45.07648 2.279857 2.865513 45.06532
3 16 2.52 3.9 45 2.12 3.9 44.97 2.51698 2.866223 45.07648
3 16 2.51698 2.866223 45.07648 2.12 3.9 44.97 2.279857 2.865513 45.06532
4 16 2.279857 0 45.15633 2.279857 2.865513 45.06532 1.852103 2.860555 44.98736 1.852103 0 45.07821
4 16 1.852103 0 45.07821 1.852103 2.860555 44.98736 1.44415 2.851005 44.83716 1.44415 0 44.92771
4 16 1.44415 0 44.92771 1.44415 2.851005 44.83716 1.068148 2.837146 44.6192 1.068148 0 44.70931
4 16 1.068148 0 44.70931 1.068148 2.837146 44.6192 0.7352937 2.819391 44.33997 0.7352937 0 44.42951
4 16 0.7352937 0 44.42951 0.7352937 2.819391 44.33997 0.4555005 2.798269 44.00779 0.4555005 0 44.09666
4 16 0.4555005 0 44.09666 0.4555005 2.798269 44.00779 0.2371009 2.774409 43.63254 0.2371009 0 43.72066
4 16 0.2371009 0 43.72066 0.2371009 2.774409 43.63254 0.08659925 2.748521 43.22541 0.08659925 0 43.31271
4 16 0.08659925 0 43.31271 0.08659925 2.748521 43.22541 0.00847756 2.721377 42.79852 0.00847756 0 42.88495
4 16 0.00847756 0 42.88495 0.00847756 2.721377 42.79852 -0.0027049 2.706329 42.56187 -0.0027049 0 42.64783
4 16 0.00847756 0 -42.88495 -0.0027049 0 -42.64783 -0.0027049 2.706329 -42.56187 0.00847756 2.721377 -42.79852
4 16 2.279857 2.865513 -45.06532 2.279857 0 -45.15633 1.852103 0 -45.07821 1.852103 2.860555 -44.98736
4 16 1.852103 2.860555 -44.98736 1.852103 0 -45.07821 1.44415 0 -44.92771 1.44415 2.851005 -44.83716
4 16 1.44415 2.851005 -44.83716 1.44415 0 -44.92771 1.068148 0 -44.70931 1.068148 2.837146 -44.6192
4 16 1.068148 2.837146 -44.6192 1.068148 0 -44.70931 0.7352937 0 -44.42951 0.7352937 2.819391 -44.33997
4 16 0.7352937 2.819391 -44.33997 0.7352937 0 -44.42951 0.4555005 0 -44.09666 0.4555005 2.798269 -44.00779
4 16 0.4555005 2.798269 -44.00779 0.4555005 0 -44.09666 0.2371009 0 -43.72066 0.2371009 2.774409 -43.63254
4 16 0.2371009 2.774409 -43.63254 0.2371009 0 -43.72066 0.08659925 0 -43.31271 0.08659925 2.748521 -43.22541
4 16 0.08659925 2.748521 -43.22541 0.08659925 0 -43.31271 0.00847756 0 -42.88495 0.00847756 2.721377 -42.79852
3 16 0.00847756 2.721377 -42.79852 -0.0027049 2.706329 -42.56187 0.01 4.2 -42.64
3 16 0.01 4.2 -42.64 -0.0027049 2.706329 -42.56187 0 4.31 -42.59
4 16 0.00847756 -2.721377 42.79852 0.00847756 0 42.88495 -0.0027049 0 42.64783 -0.0027049 -2.706329 42.56187
4 16 2.51698 0 45.16751 2.279857 0 45.15633 2.279857 -2.865513 45.06532 2.51698 -2.866223 45.07648
3 16 2.51698 -2.866223 45.07648 2.279857 -2.865513 45.06532 2.51698 -4.569522 44.93577
3 16 2.51698 -4.569522 44.93577 2.279857 -2.865513 45.06532 2.279857 -6.168287 44.73306
3 16 2.51698 -4.569522 44.93577 2.279857 -6.168287 44.73306 2.51698 -6.169815 44.74414
3 16 2.51698 -6.169815 44.74414 2.279857 -6.168287 44.73306 2.51698 -9.092154 44.24293
3 16 2.51698 -9.092154 44.24293 2.279857 -6.168287 44.73306 2.279857 -9.437731 44.15907
3 16 2.51698 -9.092154 44.24293 2.279857 -9.437731 44.15907 2.51698 -9.440067 44.17001
4 16 2.51698 -9.440067 44.17001 2.279857 -9.437731 44.15907 2.279857 -12.65617 43.34646 2.51698 -12.65931 43.35719
3 16 2.51698 -12.65931 43.35719 2.279857 -12.65617 43.34646 2.51698 -13.52149 43.0961
3 16 2.51698 -13.52149 43.0961 2.279857 -12.65617 43.34646 2.279857 -15.80623 42.29962
3 16 2.51698 -13.52149 43.0961 2.279857 -15.80623 42.29962 2.51698 -15.81014 42.31009
3 16 2.51698 -15.81014 42.31009 2.279857 -15.80623 42.29962 2.51698 -17.81207 41.50704
3 16 2.51698 -17.81207 41.50704 2.279857 -15.80623 42.29962 2.279857 -18.87087 41.0242
3 16 2.51698 -17.81207 41.50704 2.279857 -18.87087 41.0242 2.51698 -18.87554 41.03436
4 16 2.51698 -18.87554 41.03436 2.279857 -18.87087 41.0242 2.279857 -21.83354 39.52709 2.51698 -21.83894 39.53688
3 16 2.51698 -21.83894 39.53688 2.279857 -21.83354 39.52709 2.51698 -21.91988 39.49206
3 16 2.51698 -21.91988 39.49206 2.279857 -21.83354 39.52709 2.279857 -24.67822 37.81639
3 16 2.51698 -21.91988 39.49206 2.279857 -24.67822 37.81639 2.51698 -24.68433 37.82576
3 16 2.51698 -24.68433 37.82576 2.279857 -24.67822 37.81639 2.51698 -25.80277 37.07185
3 16 2.51698 -25.80277 37.07185 2.279857 -24.67822 37.81639 2.279857 -27.38955 35.90135
3 16 2.51698 -25.80277 37.07185 2.279857 -27.38955 35.90135 2.51698 -27.39633 35.91024
3 16 2.51698 -27.39633 35.91024 2.279857 -27.38955 35.90135 2.51698 -29.42088 34.27122
3 16 2.51698 -29.42088 34.27122 2.279857 -27.38955 35.90135 2.279857 -29.95288 33.7923
3 16 2.51698 -29.42088 34.27122 2.279857 -29.95288 33.7923 2.51698 -29.96029 33.80067
4 16 2.51698 -29.96029 33.80067 2.279857 -29.95288 33.7923 2.279857 -32.35434 31.50065 2.51698 -32.36236 31.50845
3 16 2.279857 -36.62074 26.41998 2.51698 -35.71738 27.64731 2.279857 -34.58098 29.03877
3 16 2.279857 -34.58098 29.03877 2.51698 -35.71738 27.64731 2.51698 -34.58954 29.04597
3 16 2.279857 -34.58098 29.03877 2.51698 -34.58954 29.04597 2.279857 -32.35434 31.50065
3 16 2.279857 -32.35434 31.50065 2.51698 -34.58954 29.04597 2.51698 -32.73709 31.11892
3 16 2.279857 -32.35434 31.50065 2.51698 -32.73709 31.11892 2.51698 -32.36236 31.50845
4 16 2.279857 -40.09666 20.76902 2.51698 -40.10659 20.77417 2.51698 -38.47215 23.66428 2.279857 -38.46262 23.65842
3 16 2.279857 -38.46262 23.65842 2.51698 -38.47215 23.66428 2.51698 -38.33115 23.89199
3 16 2.279857 -38.46262 23.65842 2.51698 -38.33115 23.89199 2.279857 -36.62074 26.41998
3 16 2.279857 -36.62074 26.41998 2.51698 -38.33115 23.89199 2.51698 -36.62981 26.42653
3 16 2.279857 -36.62074 26.41998 2.51698 -36.62981 26.42653 2.51698 -35.71738 27.64731
3 16 2.279857 -41.51402 17.76739 2.51698 -40.5516 19.89151 2.279857 -40.09666 20.76902
3 16 2.279857 -40.09666 20.76902 2.51698 -40.5516 19.89151 2.51698 -40.10659 20.77417
3 16 2.51698 -43.72564 11.32135 2.51698 -43.68013 11.49568 2.279857 -43.66931 11.49284
4 16 2.279857 -43.66931 11.49284 2.51698 -43.68013 11.49568 2.51698 -42.71763 14.67338 2.279857 -42.70706 14.66975
3 16 2.279857 -42.70706 14.66975 2.51698 -42.71763 14.67338 2.51698 -42.35593 15.68691
3 16 2.279857 -42.70706 14.66975 2.51698 -42.35593 15.68691 2.279857 -41.51402 17.76739
3 16 2.279857 -41.51402 17.76739 2.51698 -42.35593 15.68691 2.51698 -41.5243 17.77179
3 16 2.279857 -41.51402 17.76739 2.51698 -41.5243 17.77179 2.51698 -40.5516 19.89151
3 16 2.51698 -43.72564 11.32135 2.279857 -43.66931 11.49284 2.51698 -44.40659 8.255863
3 16 2.51698 -44.40659 8.255863 2.279857 -43.66931 11.49284 2.279857 -44.3956 8.253818
3 16 2.51698 -44.40659 8.255863 2.279857 -44.3956 8.253818 2.51698 -44.64666 6.839616
3 16 2.51698 -44.64666 6.839616 2.279857 -44.3956 8.253818 2.279857 -44.88197 4.970199
3 16 2.51698 -44.64666 6.839616 2.279857 -44.88197 4.970199 2.51698 -44.89309 4.97143
3 16 2.51698 -44.89309 4.97143 2.279857 -44.88197 4.970199 2.51698 -45.10954 2.287697
3 16 2.51698 -45.10954 2.287697 2.279857 -44.88197 4.970199 2.279857 -45.12582 1.659723
3 16 2.51698 -45.10954 2.287697 2.279857 -45.12582 1.659723 2.51698 -45.137 1.660134
4 16 2.51698 -45.137 1.660134 2.279857 -45.12582 1.659723 2.279857 -45.12582 -1.659723 2.51698 -45.137 -1.660134
3 16 2.279857 -44.3956 -8.253818 2.51698 -44.64666 -6.839616 2.279857 -44.88197 -4.970199
3 16 2.279857 -44.88197 -4.970199 2.51698 -44.64666 -6.839616 2.51698 -44.89309 -4.97143
3 16 2.279857 -44.88197 -4.970199 2.51698 -44.89309 -4.97143 2.279857 -45.12582 -1.659723
3 16 2.279857 -45.12582 -1.659723 2.51698 -44.89309 -4.97143 2.51698 -45.10954 -2.287697
3 16 2.279857 -45.12582 -1.659723 2.51698 -45.10954 -2.287697 2.51698 -45.137 -1.660134
4 16 2.279857 -42.70706 -14.66975 2.51698 -42.71763 -14.67338 2.51698 -43.68013 -11.49568 2.279857 -43.66931 -11.49284
3 16 2.279857 -43.66931 -11.49284 2.51698 -43.68013 -11.49568 2.51698 -43.72564 -11.32135
3 16 2.279857 -43.66931 -11.49284 2.51698 -43.72564 -11.32135 2.279857 -44.3956 -8.253818
3 16 2.279857 -44.3956 -8.253818 2.51698 -43.72564 -11.32135 2.51698 -44.40659 -8.255863
3 16 2.279857 -44.3956 -8.253818 2.51698 -44.40659 -8.255863 2.51698 -44.64666 -6.839616
3 16 2.279857 -41.51402 -17.76739 2.51698 -42.35593 -15.68691 2.279857 -42.70706 -14.66975
3 16 2.279857 -42.70706 -14.66975 2.51698 -42.35593 -15.68691 2.51698 -42.71763 -14.67338
3 16 2.51698 -38.33115 -23.89199 2.51698 -38.47215 -23.66428 2.279857 -38.46262 -23.65842
4 16 2.279857 -38.46262 -23.65842 2.51698 -38.47215 -23.66428 2.51698 -40.10659 -20.77417 2.279857 -40.09666 -20.76902
3 16 2.279857 -40.09666 -20.76902 2.51698 -40.10659 -20.77417 2.51698 -40.5516 -19.89151
3 16 2.279857 -40.09666 -20.76902 2.51698 -40.5516 -19.89151 2.279857 -41.51402 -17.76739
3 16 2.279857 -41.51402 -17.76739 2.51698 -40.5516 -19.89151 2.51698 -41.5243 -17.77179
3 16 2.279857 -41.51402 -17.76739 2.51698 -41.5243 -17.77179 2.51698 -42.35593 -15.68691
3 16 2.51698 -38.33115 -23.89199 2.279857 -38.46262 -23.65842 2.51698 -36.62981 -26.42653
3 16 2.51698 -36.62981 -26.42653 2.279857 -38.46262 -23.65842 2.279857 -36.62074 -26.41998
3 16 2.51698 -36.62981 -26.42653 2.279857 -36.62074 -26.41998 2.51698 -35.71738 -27.64731
3 16 2.51698 -35.71738 -27.64731 2.279857 -36.62074 -26.41998 2.279857 -34.58098 -29.03877
3 16 2.51698 -35.71738 -27.64731 2.279857 -34.58098 -29.03877 2.51698 -34.58954 -29.04597
3 16 2.51698 -34.58954 -29.04597 2.279857 -34.58098 -29.03877 2.51698 -32.73709 -31.11892
3 16 2.51698 -32.73709 -31.11892 2.279857 -34.58098 -29.03877 2.279857 -32.35434 -31.50065
3 16 2.51698 -32.73709 -31.11892 2.279857 -32.35434 -31.50065 2.51698 -32.36236 -31.50845
4 16 2.51698 -32.36236 -31.50845 2.279857 -32.35434 -31.50065 2.279857 -29.95288 -33.7923 2.51698 -29.96029 -33.80067
3 16 2.279857 -24.67822 -37.81639 2.51698 -25.80277 -37.07185 2.279857 -27.38955 -35.90135
3 16 2.279857 -27.38955 -35.90135 2.51698 -25.80277 -37.07185 2.51698 -27.39633 -35.91024
3 16 2.279857 -27.38955 -35.90135 2.51698 -27.39633 -35.91024 2.279857 -29.95288 -33.7923
3 16 2.279857 -29.95288 -33.7923 2.51698 -27.39633 -35.91024 2.51698 -29.42088 -34.27122
3 16 2.279857 -29.95288 -33.7923 2.51698 -29.42088 -34.27122 2.51698 -29.96029 -33.80067
4 16 2.279857 -18.87087 -41.0242 2.51698 -18.87554 -41.03436 2.51698 -21.83894 -39.53688 2.279857 -21.83354 -39.52709
3 16 2.279857 -21.83354 -39.52709 2.51698 -21.83894 -39.53688 2.51698 -21.91988 -39.49206
3 16 2.279857 -21.83354 -39.52709 2.51698 -21.91988 -39.49206 2.279857 -24.67822 -37.81639
3 16 2.279857 -24.67822 -37.81639 2.51698 -21.91988 -39.49206 2.51698 -24.68433 -37.82576
3 16 2.279857 -24.67822 -37.81639 2.51698 -24.68433 -37.82576 2.51698 -25.80277 -37.07185
3 16 2.279857 -15.80623 -42.29962 2.51698 -17.81207 -41.50704 2.279857 -18.87087 -41.0242
3 16 2.279857 -18.87087 -41.0242 2.51698 -17.81207 -41.50704 2.51698 -18.87554 -41.03436
3 16 2.51698 -9.092154 -44.24293 2.51698 -9.440067 -44.17001 2.279857 -9.437731 -44.15907
4 16 2.279857 -9.437731 -44.15907 2.51698 -9.440067 -44.17001 2.51698 -12.65931 -43.35719 2.279857 -12.65617 -43.34646
3 16 2.279857 -12.65617 -43.34646 2.51698 -12.65931 -43.35719 2.51698 -13.52149 -43.0961
3 16 2.279857 -12.65617 -43.34646 2.51698 -13.52149 -43.0961 2.279857 -15.80623 -42.29962
3 16 2.279857 -15.80623 -42.29962 2.51698 -13.52149 -43.0961 2.51698 -15.81014 -42.31009
3 16 2.279857 -15.80623 -42.29962 2.51698 -15.81014 -42.31009 2.51698 -17.81207 -41.50704
3 16 2.51698 -9.092154 -44.24293 2.279857 -9.437731 -44.15907 2.51698 -6.169815 -44.74414
3 16 2.51698 -6.169815 -44.74414 2.279857 -9.437731 -44.15907 2.279857 -6.168287 -44.73306
3 16 2.51698 -6.169815 -44.74414 2.279857 -6.168287 -44.73306 2.51698 -4.569522 -44.93577
3 16 2.51698 -4.569522 -44.93577 2.279857 -6.168287 -44.73306 2.279857 -2.865513 -45.06532
3 16 2.51698 -4.569522 -44.93577 2.279857 -2.865513 -45.06532 2.51698 -2.866223 -45.07648
4 16 2.51698 -2.866223 -45.07648 2.279857 -2.865513 -45.06532 2.279857 0 -45.15633 2.51698 0 -45.16751
4 16 -0.0027049 -2.706329 -42.56187 -0.0027049 0 -42.64783 0.00847756 0 -42.88495 0.00847756 -2.721377 -42.79852
4 16 0.00847756 -2.721377 42.79852 -0.0027049 -2.706329 42.56187 -0.0027049 -5.82563 42.24807 0.00847756 -5.85802 42.48297
4 16 0.00847756 -5.85802 42.48297 -0.0027049 -5.82563 42.24807 -0.0027049 -8.91345 41.70597 0.00847756 -8.963009 41.93785
4 16 0.00847756 -8.963009 41.93785 -0.0027049 -8.91345 41.70597 -0.0027049 -11.9531 40.9385 0.00847756 -12.01956 41.16612
4 16 0.00847756 -12.01956 41.16612 -0.0027049 -11.9531 40.9385 -0.0027049 -14.92817 39.94981 0.00847756 -15.01117 40.17193
4 16 0.00847756 -15.01117 40.17193 -0.0027049 -14.92817 39.94981 -0.0027049 -17.82256 38.74524 0.00847756 -17.92166 38.96067
4 16 0.00847756 -17.92166 38.96067 -0.0027049 -17.82256 38.74524 -0.0027049 -20.62065 37.3313 0.00847756 -20.7353 37.53887
4 16 0.00847756 -20.7353 37.53887 -0.0027049 -20.62065 37.3313 -0.0027049 -23.30731 35.71564 0.00847756 -23.4369 35.91422
4 16 0.00847756 -23.4369 35.91422 -0.0027049 -23.30731 35.71564 -0.0027049 -25.86802 33.90697 0.00847756 -26.01185 34.0955
4 16 0.00847756 -26.01185 34.0955 -0.0027049 -25.86802 33.90697 -0.0027049 -28.28895 31.91509 0.00847756 -28.44623 32.09254
4 16 0.00847756 -28.44623 32.09254 -0.0027049 -28.28895 31.91509 -0.0027049 -30.55701 29.75074 0.00847756 -30.72691 29.91615
4 16 0.00847756 -30.72691 29.91615 -0.0027049 -30.55701 29.75074 -0.0027049 -32.65995 27.42563 0.00847756 -32.84154 27.57811
4 16 0.00847756 -32.84154 27.57811 -0.0027049 -32.65995 27.42563 -0.0027049 -34.58641 24.95231 0.00847756 -34.77871 25.09105
4 16 0.00847756 -34.77871 25.09105 -0.0027049 -34.58641 24.95231 -0.0027049 -36.32597 22.34416 0.00847756 -36.52794 22.4684
4 16 0.00847756 -36.52794 22.4684 -0.0027049 -36.32597 22.34416 -0.0027049 -37.86923 19.61527 0.00847756 -38.07978 19.72433
4 16 0.00847756 -38.07978 19.72433 -0.0027049 -37.86923 19.61527 -0.0027049 -39.20786 16.78039 0.00847756 -39.42585 16.87369
4 16 0.00847756 -39.42585 16.87369 -0.0027049 -39.20786 16.78039 -0.0027049 -40.33462 13.85482 0.00847756 -40.55888 13.93186
4 16 0.00847756 -40.55888 13.93186 -0.0027049 -40.33462 13.85482 -0.0027049 -41.24342 10.85439 0.00847756 -41.47273 10.91474
4 16 0.00847756 -41.47273 10.91474 -0.0027049 -41.24342 10.85439 -0.0027049 -41.92935 7.795306 0.00847756 -42.16248 7.838649
4 16 0.00847756 -42.16248 7.838649 -0.0027049 -41.92935 7.795306 -0.0027049 -42.38871 4.694097 0.00847756 -42.62439 4.720197
4 16 0.00847756 -42.62439 4.720197 -0.0027049 -42.38871 4.694097 -0.0027049 -42.61901 1.567523 0.00847756 -42.85597 1.576238
4 16 0.00847756 -42.85597 1.576238 -0.0027049 -42.61901 1.567523 -0.0027049 -42.61901 -1.567523 0.00847756 -42.85597 -1.576238
4 16 0.00847756 -42.85597 -1.576238 -0.0027049 -42.61901 -1.567523 -0.0027049 -42.38871 -4.694097 0.00847756 -42.62439 -4.720197
4 16 0.00847756 -42.62439 -4.720197 -0.0027049 -42.38871 -4.694097 -0.0027049 -41.92935 -7.795306 0.00847756 -42.16248 -7.838649
4 16 0.00847756 -42.16248 -7.838649 -0.0027049 -41.92935 -7.795306 -0.0027049 -41.24342 -10.85439 0.00847756 -41.47273 -10.91474
4 16 0.00847756 -41.47273 -10.91474 -0.0027049 -41.24342 -10.85439 -0.0027049 -40.33462 -13.85482 0.00847756 -40.55888 -13.93186
4 16 0.00847756 -40.55888 -13.93186 -0.0027049 -40.33462 -13.85482 -0.0027049 -39.20786 -16.78039 0.00847756 -39.42585 -16.87369
4 16 0.00847756 -39.42585 -16.87369 -0.0027049 -39.20786 -16.78039 -0.0027049 -37.86923 -19.61527 0.00847756 -38.07978 -19.72433
4 16 0.00847756 -38.07978 -19.72433 -0.0027049 -37.86923 -19.61527 -0.0027049 -36.32597 -22.34416 0.00847756 -36.52794 -22.4684
4 16 0.00847756 -36.52794 -22.4684 -0.0027049 -36.32597 -22.34416 -0.0027049 -34.58641 -24.95231 0.00847756 -34.77871 -25.09105
4 16 0.00847756 -34.77871 -25.09105 -0.0027049 -34.58641 -24.95231 -0.0027049 -32.65995 -27.42563 0.00847756 -32.84154 -27.57811
4 16 0.00847756 -32.84154 -27.57811 -0.0027049 -32.65995 -27.42563 -0.0027049 -30.55701 -29.75074 0.00847756 -30.72691 -29.91615
4 16 0.00847756 -30.72691 -29.91615 -0.0027049 -30.55701 -29.75074 -0.0027049 -28.28895 -31.91509 0.00847756 -28.44623 -32.09254
4 16 0.00847756 -28.44623 -32.09254 -0.0027049 -28.28895 -31.91509 -0.0027049 -25.86802 -33.90697 0.00847756 -26.01185 -34.0955
4 16 0.00847756 -26.01185 -34.0955 -0.0027049 -25.86802 -33.90697 -0.0027049 -23.30731 -35.71564 0.00847756 -23.4369 -35.91422
4 16 0.00847756 -23.4369 -35.91422 -0.0027049 -23.30731 -35.71564 -0.0027049 -20.62065 -37.3313 0.00847756 -20.7353 -37.53887
4 16 0.00847756 -20.7353 -37.53887 -0.0027049 -20.62065 -37.3313 -0.0027049 -17.82256 -38.74524 0.00847756 -17.92166 -38.96067
4 16 0.00847756 -17.92166 -38.96067 -0.0027049 -17.82256 -38.74524 -0.0027049 -14.92817 -39.94981 0.00847756 -15.01117 -40.17193
4 16 0.00847756 -15.01117 -40.17193 -0.0027049 -14.92817 -39.94981 -0.0027049 -11.9531 -40.9385 0.00847756 -12.01956 -41.16612
4 16 0.00847756 -12.01956 -41.16612 -0.0027049 -11.9531 -40.9385 -0.0027049 -8.91345 -41.70597 0.00847756 -8.963009 -41.93785
4 16 0.00847756 -8.963009 -41.93785 -0.0027049 -8.91345 -41.70597 -0.0027049 -5.82563 -42.24807 0.00847756 -5.85802 -42.48297
4 16 0.00847756 -5.85802 -42.48297 -0.0027049 -5.82563 -42.24807 -0.0027049 -2.706329 -42.56187 0.00847756 -2.721377 -42.79852
4 16 2.279857 0 45.15633 1.852103 0 45.07821 1.852103 -2.860555 44.98736 2.279857 -2.865513 45.06532
4 16 2.279857 -2.865513 45.06532 1.852103 -2.860555 44.98736 1.852103 -6.157616 44.65567 2.279857 -6.168287 44.73306
4 16 2.279857 -6.168287 44.73306 1.852103 -6.157616 44.65567 1.852103 -9.421403 44.08268 2.279857 -9.437731 44.15907
4 16 2.279857 -9.437731 44.15907 1.852103 -9.421403 44.08268 1.852103 -12.63428 43.27147 2.279857 -12.65617 43.34646
4 16 2.279857 -12.65617 43.34646 1.852103 -12.63428 43.27147 1.852103 -15.77888 42.22644 2.279857 -15.80623 42.29962
4 16 2.279857 -15.80623 42.29962 1.852103 -15.77888 42.22644 1.852103 -18.83822 40.95322 2.279857 -18.87087 41.0242
4 16 2.279857 -18.87087 41.0242 1.852103 -18.83822 40.95322 1.852103 -21.79576 39.45871 2.279857 -21.83354 39.52709
4 16 2.279857 -21.83354 39.52709 1.852103 -21.79576 39.45871 1.852103 -24.63553 37.75097 2.279857 -24.67822 37.81639
4 16 2.279857 -24.67822 37.81639 1.852103 -24.63553 37.75097 1.852103 -27.34217 35.83924 2.279857 -27.38955 35.90135
4 16 2.279857 -27.38955 35.90135 1.852103 -27.34217 35.83924 1.852103 -29.90106 33.73384 2.279857 -29.95288 33.7923
4 16 2.279857 -29.95288 33.7923 1.852103 -29.90106 33.73384 1.852103 -32.29837 31.44615 2.279857 -32.35434 31.50065
4 16 2.279857 -32.35434 31.50065 1.852103 -32.29837 31.44615 1.852103 -34.52115 28.98854 2.279857 -34.58098 29.03877
4 16 2.279857 -34.58098 29.03877 1.852103 -34.52115 28.98854 1.852103 -36.55739 26.37427 2.279857 -36.62074 26.41998
4 16 2.279857 -36.62074 26.41998 1.852103 -36.55739 26.37427 1.852103 -38.39608 23.61749 2.279857 -38.46262 23.65842
4 16 2.279857 -38.46262 23.65842 1.852103 -38.39608 23.61749 1.852103 -40.02729 20.73309 2.279857 -40.09666 20.76902
4 16 2.279857 -40.09666 20.76902 1.852103 -40.02729 20.73309 1.852103 -41.4422 17.73665 2.279857 -41.51402 17.76739
4 16 2.279857 -41.51402 17.76739 1.852103 -41.4422 17.73665 1.852103 -42.63317 14.64437 2.279857 -42.70706 14.66975
4 16 2.279857 -42.70706 14.66975 1.852103 -42.63317 14.64437 1.852103 -43.59376 11.47295 2.279857 -43.66931 11.49284
4 16 2.279857 -43.66931 11.49284 1.852103 -43.59376 11.47295 1.852103 -44.31879 8.239539 2.279857 -44.3956 8.253818
4 16 2.279857 -44.3956 8.253818 1.852103 -44.31879 8.239539 1.852103 -44.80432 4.961601 2.279857 -44.88197 4.970199
4 16 2.279857 -44.88197 4.970199 1.852103 -44.80432 4.961601 1.852103 -45.04775 1.656851 2.279857 -45.12582 1.659723
4 16 2.279857 -45.12582 1.659723 1.852103 -45.04775 1.656851 1.852103 -45.04775 -1.656851 2.279857 -45.12582 -1.659723
4 16 2.279857 -45.12582 -1.659723 1.852103 -45.04775 -1.656851 1.852103 -44.80432 -4.961601 2.279857 -44.88197 -4.970199
4 16 2.279857 -44.88197 -4.970199 1.852103 -44.80432 -4.961601 1.852103 -44.31879 -8.239539 2.279857 -44.3956 -8.253818
4 16 2.279857 -44.3956 -8.253818 1.852103 -44.31879 -8.239539 1.852103 -43.59376 -11.47295 2.279857 -43.66931 -11.49284
4 16 2.279857 -43.66931 -11.49284 1.852103 -43.59376 -11.47295 1.852103 -42.63317 -14.64437 2.279857 -42.70706 -14.66975
4 16 2.279857 -42.70706 -14.66975 1.852103 -42.63317 -14.64437 1.852103 -41.4422 -17.73665 2.279857 -41.51402 -17.76739
4 16 2.279857 -41.51402 -17.76739 1.852103 -41.4422 -17.73665 1.852103 -40.02729 -20.73309 2.279857 -40.09666 -20.76902
4 16 2.279857 -40.09666 -20.76902 1.852103 -40.02729 -20.73309 1.852103 -38.39608 -23.61749 2.279857 -38.46262 -23.65842
4 16 2.279857 -38.46262 -23.65842 1.852103 -38.39608 -23.61749 1.852103 -36.55739 -26.37427 2.279857 -36.62074 -26.41998
4 16 2.279857 -36.62074 -26.41998 1.852103 -36.55739 -26.37427 1.852103 -34.52115 -28.98854 2.279857 -34.58098 -29.03877
4 16 2.279857 -34.58098 -29.03877 1.852103 -34.52115 -28.98854 1.852103 -32.29837 -31.44615 2.279857 -32.35434 -31.50065
4 16 2.279857 -32.35434 -31.50065 1.852103 -32.29837 -31.44615 1.852103 -29.90106 -33.73384 2.279857 -29.95288 -33.7923
4 16 2.279857 -29.95288 -33.7923 1.852103 -29.90106 -33.73384 1.852103 -27.34217 -35.83924 2.279857 -27.38955 -35.90135
4 16 2.279857 -27.38955 -35.90135 1.852103 -27.34217 -35.83924 1.852103 -24.63553 -37.75097 2.279857 -24.67822 -37.81639
4 16 2.279857 -24.67822 -37.81639 1.852103 -24.63553 -37.75097 1.852103 -21.79576 -39.45871 2.279857 -21.83354 -39.52709
4 16 2.279857 -21.83354 -39.52709 1.852103 -21.79576 -39.45871 1.852103 -18.83822 -40.95322 2.279857 -18.87087 -41.0242
4 16 2.279857 -18.87087 -41.0242 1.852103 -18.83822 -40.95322 1.852103 -15.77888 -42.22644 2.279857 -15.80623 -42.29962
4 16 2.279857 -15.80623 -42.29962 1.852103 -15.77888 -42.22644 1.852103 -12.63428 -43.27147 2.279857 -12.65617 -43.34646
4 16 2.279857 -12.65617 -43.34646 1.852103 -12.63428 -43.27147 1.852103 -9.421403 -44.08268 2.279857 -9.437731 -44.15907
4 16 2.279857 -9.437731 -44.15907 1.852103 -9.421403 -44.08268 1.852103 -6.157616 -44.65567 2.279857 -6.168287 -44.73306
4 16 2.279857 -6.168287 -44.73306 1.852103 -6.157616 -44.65567 1.852103 -2.860555 -44.98736 2.279857 -2.865513 -45.06532
4 16 2.279857 -2.865513 -45.06532 1.852103 -2.860555 -44.98736 1.852103 0 -45.07821 2.279857 0 -45.15633
4 16 1.852103 0 45.07821 1.44415 0 44.92771 1.44415 -2.851005 44.83716 1.852103 -2.860555 44.98736
4 16 1.852103 -2.860555 44.98736 1.44415 -2.851005 44.83716 1.44415 -6.137058 44.50658 1.852103 -6.157616 44.65567
4 16 1.852103 -6.157616 44.65567 1.44415 -6.137058 44.50658 1.44415 -9.389947 43.9355 1.852103 -9.421403 44.08268
4 16 1.852103 -9.421403 44.08268 1.44415 -9.389947 43.9355 1.44415 -12.5921 43.127 1.852103 -12.63428 43.27147
4 16 1.852103 -12.63428 43.27147 1.44415 -12.5921 43.127 1.44415 -15.7262 42.08546 1.852103 -15.77888 42.22644
4 16 1.852103 -15.77888 42.22644 1.44415 -15.7262 42.08546 1.44415 -18.77533 40.81649 1.852103 -18.83822 40.95322
4 16 1.852103 -18.83822 40.95322 1.44415 -18.77533 40.81649 1.44415 -21.72299 39.32697 1.852103 -21.79576 39.45871
4 16 1.852103 -21.79576 39.45871 1.44415 -21.72299 39.32697 1.44415 -24.55328 37.62493 1.852103 -24.63553 37.75097
4 16 1.852103 -24.63553 37.75097 1.44415 -24.55328 37.62493 1.44415 -27.25088 35.71958 1.852103 -27.34217 35.83924
4 16 1.852103 -27.34217 35.83924 1.44415 -27.25088 35.71958 1.44415 -29.80123 33.62121 1.852103 -29.90106 33.73384
4 16 1.852103 -29.90106 33.73384 1.44415 -29.80123 33.62121 1.44415 -32.19054 31.34116 1.852103 -32.29837 31.44615
4 16 1.852103 -32.29837 31.44615 1.44415 -32.19054 31.34116 1.44415 -34.40589 28.89175 1.852103 -34.52115 28.98854
4 16 1.852103 -34.52115 28.98854 1.44415 -34.40589 28.89175 1.44415 -36.43534 26.28622 1.852103 -36.55739 26.37427
4 16 1.852103 -36.55739 26.37427 1.44415 -36.43534 26.28622 1.44415 -38.26789 23.53864 1.852103 -38.39608 23.61749
4 16 1.852103 -38.39608 23.61749 1.44415 -38.26789 23.53864 1.44415 -39.89365 20.66387 1.852103 -40.02729 20.73309
4 16 1.852103 -40.02729 20.73309 1.44415 -39.89365 20.66387 1.44415 -41.30384 17.67744 1.852103 -41.4422 17.73665
4 16 1.852103 -41.4422 17.73665 1.44415 -41.30384 17.67744 1.44415 -42.49084 14.59548 1.852103 -42.63317 14.64437
4 16 1.852103 -42.63317 14.64437 1.44415 -42.49084 14.59548 1.44415 -43.44822 11.43465 1.852103 -43.59376 11.47295
4 16 1.852103 -43.59376 11.47295 1.44415 -43.44822 11.43465 1.44415 -44.17082 8.21203 1.852103 -44.31879 8.239539
4 16 1.852103 -44.31879 8.239539 1.44415 -44.17082 8.21203 1.44415 -44.65474 4.945036 1.852103 -44.80432 4.961601
4 16 1.852103 -44.80432 4.961601 1.44415 -44.65474 4.945036 1.44415 -44.89735 1.65132 1.852103 -45.04775 1.656851
4 16 1.852103 -45.04775 1.656851 1.44415 -44.89735 1.65132 1.44415 -44.89735 -1.65132 1.852103 -45.04775 -1.656851
4 16 1.852103 -45.04775 -1.656851 1.44415 -44.89735 -1.65132 1.44415 -44.65474 -4.945036 1.852103 -44.80432 -4.961601
4 16 1.852103 -44.80432 -4.961601 1.44415 -44.65474 -4.945036 1.44415 -44.17082 -8.21203 1.852103 -44.31879 -8.239539
4 16 1.852103 -44.31879 -8.239539 1.44415 -44.17082 -8.21203 1.44415 -43.44822 -11.43465 1.852103 -43.59376 -11.47295
4 16 1.852103 -43.59376 -11.47295 1.44415 -43.44822 -11.43465 1.44415 -42.49084 -14.59548 1.852103 -42.63317 -14.64437
4 16 1.852103 -42.63317 -14.64437 1.44415 -42.49084 -14.59548 1.44415 -41.30384 -17.67744 1.852103 -41.4422 -17.73665
4 16 1.852103 -41.4422 -17.73665 1.44415 -41.30384 -17.67744 1.44415 -39.89365 -20.66387 1.852103 -40.02729 -20.73309
4 16 1.852103 -40.02729 -20.73309 1.44415 -39.89365 -20.66387 1.44415 -38.26789 -23.53864 1.852103 -38.39608 -23.61749
4 16 1.852103 -38.39608 -23.61749 1.44415 -38.26789 -23.53864 1.44415 -36.43534 -26.28622 1.852103 -36.55739 -26.37427
4 16 1.852103 -36.55739 -26.37427 1.44415 -36.43534 -26.28622 1.44415 -34.40589 -28.89175 1.852103 -34.52115 -28.98854
4 16 1.852103 -34.52115 -28.98854 1.44415 -34.40589 -28.89175 1.44415 -32.19054 -31.34116 1.852103 -32.29837 -31.44615
4 16 1.852103 -32.29837 -31.44615 1.44415 -32.19054 -31.34116 1.44415 -29.80123 -33.62121 1.852103 -29.90106 -33.73384
4 16 1.852103 -29.90106 -33.73384 1.44415 -29.80123 -33.62121 1.44415 -27.25088 -35.71958 1.852103 -27.34217 -35.83924
4 16 1.852103 -27.34217 -35.83924 1.44415 -27.25088 -35.71958 1.44415 -24.55328 -37.62493 1.852103 -24.63553 -37.75097
4 16 1.852103 -24.63553 -37.75097 1.44415 -24.55328 -37.62493 1.44415 -21.72299 -39.32697 1.852103 -21.79576 -39.45871
4 16 1.852103 -21.79576 -39.45871 1.44415 -21.72299 -39.32697 1.44415 -18.77533 -40.81649 1.852103 -18.83822 -40.95322
4 16 1.852103 -18.83822 -40.95322 1.44415 -18.77533 -40.81649 1.44415 -15.7262 -42.08546 1.852103 -15.77888 -42.22644
4 16 1.852103 -15.77888 -42.22644 1.44415 -15.7262 -42.08546 1.44415 -12.5921 -43.127 1.852103 -12.63428 -43.27147
4 16 1.852103 -12.63428 -43.27147 1.44415 -12.5921 -43.127 1.44415 -9.389947 -43.9355 1.852103 -9.421403 -44.08268
4 16 1.852103 -9.421403 -44.08268 1.44415 -9.389947 -43.9355 1.44415 -6.137058 -44.50658 1.852103 -6.157616 -44.65567
4 16 1.852103 -6.157616 -44.65567 1.44415 -6.137058 -44.50658 1.44415 -2.851005 -44.83716 1.852103 -2.860555 -44.98736
4 16 1.852103 -2.860555 -44.98736 1.44415 -2.851005 -44.83716 1.44415 0 -44.92771 1.852103 0 -45.07821
4 16 1.44415 0 44.92771 1.068148 0 44.70931 1.068148 -2.837146 44.6192 1.44415 -2.851005 44.83716
4 16 1.44415 -2.851005 44.83716 1.068148 -2.837146 44.6192 1.068148 -6.107225 44.29023 1.44415 -6.137058 44.50658
4 16 1.44415 -6.137058 44.50658 1.068148 -6.107225 44.29023 1.068148 -9.344302 43.72192 1.44415 -9.389947 43.9355
4 16 1.44415 -9.389947 43.9355 1.068148 -9.344302 43.72192 1.068148 -12.53088 42.91735 1.44415 -12.5921 43.127
4 16 1.44415 -12.5921 43.127 1.068148 -12.53088 42.91735 1.068148 -15.64975 41.88087 1.44415 -15.7262 42.08546
4 16 1.44415 -15.7262 42.08546 1.068148 -15.64975 41.88087 1.068148 -18.68406 40.61808 1.44415 -18.77533 40.81649
4 16 1.44415 -18.77533 40.81649 1.068148 -18.68406 40.61808 1.068148 -21.6174 39.1358 1.44415 -21.72299 39.32697
4 16 1.44415 -21.72299 39.32697 1.068148 -21.6174 39.1358 1.068148 -24.43392 37.44203 1.44415 -24.55328 37.62493
4 16 1.44415 -24.55328 37.62493 1.068148 -24.43392 37.44203 1.068148 -27.11841 35.54595 1.44415 -27.25088 35.71958
4 16 1.44415 -27.25088 35.71958 1.068148 -27.11841 35.54595 1.068148 -29.65636 33.45777 1.44415 -29.80123 33.62121
4 16 1.44415 -29.80123 33.62121 1.068148 -29.65636 33.45777 1.068148 -32.03405 31.18881 1.44415 -32.19054 31.34116
4 16 1.44415 -32.19054 31.34116 1.068148 -32.03405 31.18881 1.068148 -34.23864 28.75131 1.44415 -34.40589 28.89175
4 16 1.44415 -34.40589 28.89175 1.068148 -34.23864 28.75131 1.068148 -36.25822 26.15844 1.44415 -36.43534 26.28622
4 16 1.44415 -36.43534 26.28622 1.068148 -36.25822 26.15844 1.068148 -38.08186 23.42422 1.44415 -38.26789 23.53864
4 16 1.44415 -38.26789 23.53864 1.068148 -38.08186 23.42422 1.068148 -39.69972 20.56342 1.44415 -39.89365 20.66387
4 16 1.44415 -39.89365 20.66387 1.068148 -39.69972 20.56342 1.068148 -41.10306 17.5915 1.44415 -41.30384 17.67744
4 16 1.44415 -41.30384 17.67744 1.068148 -41.10306 17.5915 1.068148 -42.28428 14.52453 1.44415 -42.49084 14.59548
4 16 1.44415 -42.49084 14.59548 1.068148 -42.28428 14.52453 1.068148 -43.23701 11.37906 1.44415 -43.44822 11.43465
4 16 1.44415 -43.44822 11.43465 1.068148 -43.23701 11.37906 1.068148 -43.9561 8.17211 1.44415 -44.17082 8.21203
4 16 1.44415 -44.17082 8.21203 1.068148 -43.9561 8.17211 1.068148 -44.43767 4.920997 1.44415 -44.65474 4.945036
4 16 1.44415 -44.65474 4.945036 1.068148 -44.43767 4.920997 1.068148 -44.6791 1.643292 1.44415 -44.89735 1.65132
4 16 1.44415 -44.89735 1.65132 1.068148 -44.6791 1.643292 1.068148 -44.6791 -1.643292 1.44415 -44.89735 -1.65132
4 16 1.44415 -44.89735 -1.65132 1.068148 -44.6791 -1.643292 1.068148 -44.43767 -4.920997 1.44415 -44.65474 -4.945036
4 16 1.44415 -44.65474 -4.945036 1.068148 -44.43767 -4.920997 1.068148 -43.9561 -8.17211 1.44415 -44.17082 -8.21203
4 16 1.44415 -44.17082 -8.21203 1.068148 -43.9561 -8.17211 1.068148 -43.23701 -11.37906 1.44415 -43.44822 -11.43465
4 16 1.44415 -43.44822 -11.43465 1.068148 -43.23701 -11.37906 1.068148 -42.28428 -14.52453 1.44415 -42.49084 -14.59548
4 16 1.44415 -42.49084 -14.59548 1.068148 -42.28428 -14.52453 1.068148 -41.10306 -17.5915 1.44415 -41.30384 -17.67744
4 16 1.44415 -41.30384 -17.67744 1.068148 -41.10306 -17.5915 1.068148 -39.69972 -20.56342 1.44415 -39.89365 -20.66387
4 16 1.44415 -39.89365 -20.66387 1.068148 -39.69972 -20.56342 1.068148 -38.08186 -23.42422 1.44415 -38.26789 -23.53864
4 16 1.44415 -38.26789 -23.53864 1.068148 -38.08186 -23.42422 1.068148 -36.25822 -26.15844 1.44415 -36.43534 -26.28622
4 16 1.44415 -36.43534 -26.28622 1.068148 -36.25822 -26.15844 1.068148 -34.23864 -28.75131 1.44415 -34.40589 -28.89175
4 16 1.44415 -34.40589 -28.89175 1.068148 -34.23864 -28.75131 1.068148 -32.03405 -31.18881 1.44415 -32.19054 -31.34116
4 16 1.44415 -32.19054 -31.34116 1.068148 -32.03405 -31.18881 1.068148 -29.65636 -33.45777 1.44415 -29.80123 -33.62121
4 16 1.44415 -29.80123 -33.62121 1.068148 -29.65636 -33.45777 1.068148 -27.11841 -35.54595 1.44415 -27.25088 -35.71958
4 16 1.44415 -27.25088 -35.71958 1.068148 -27.11841 -35.54595 1.068148 -24.43392 -37.44203 1.44415 -24.55328 -37.62493
4 16 1.44415 -24.55328 -37.62493 1.068148 -24.43392 -37.44203 1.068148 -21.6174 -39.1358 1.44415 -21.72299 -39.32697
4 16 1.44415 -21.72299 -39.32697 1.068148 -21.6174 -39.1358 1.068148 -18.68406 -40.61808 1.44415 -18.77533 -40.81649
4 16 1.44415 -18.77533 -40.81649 1.068148 -18.68406 -40.61808 1.068148 -15.64975 -41.88087 1.44415 -15.7262 -42.08546
4 16 1.44415 -15.7262 -42.08546 1.068148 -15.64975 -41.88087 1.068148 -12.53088 -42.91735 1.44415 -12.5921 -43.127
4 16 1.44415 -12.5921 -43.127 1.068148 -12.53088 -42.91735 1.068148 -9.344302 -43.72192 1.44415 -9.389947 -43.9355
4 16 1.44415 -9.389947 -43.9355 1.068148 -9.344302 -43.72192 1.068148 -6.107225 -44.29023 1.44415 -6.137058 -44.50658
4 16 1.44415 -6.137058 -44.50658 1.068148 -6.107225 -44.29023 1.068148 -2.837146 -44.6192 1.44415 -2.851005 -44.83716
4 16 1.44415 -2.851005 -44.83716 1.068148 -2.837146 -44.6192 1.068148 0 -44.70931 1.44415 0 -44.92771
4 16 1.068148 0 44.70931 0.7352937 0 44.42951 0.7352937 -2.819391 44.33997 1.068148 -2.837146 44.6192
4 16 1.068148 -2.837146 44.6192 0.7352937 -2.819391 44.33997 0.7352937 -6.069005 44.01306 1.068148 -6.107225 44.29023
4 16 1.068148 -6.107225 44.29023 0.7352937 -6.069005 44.01306 0.7352937 -9.285824 43.44831 1.068148 -9.344302 43.72192
4 16 1.068148 -9.344302 43.72192 0.7352937 -9.285824 43.44831 0.7352937 -12.45247 42.64877 1.068148 -12.53088 42.91735
4 16 1.068148 -12.53088 42.91735 0.7352937 -12.45247 42.64877 0.7352937 -15.55182 41.61878 1.068148 -15.64975 41.88087
4 16 1.068148 -15.64975 41.88087 0.7352937 -15.55182 41.61878 0.7352937 -18.56713 40.36389 1.068148 -18.68406 40.61808
4 16 1.068148 -18.68406 40.61808 0.7352937 -18.56713 40.36389 0.7352937 -21.48211 38.89088 1.068148 -21.6174 39.1358
4 16 1.068148 -21.6174 39.1358 0.7352937 -21.48211 38.89088 0.7352937 -24.28101 37.20772 1.068148 -24.43392 37.44203
4 16 1.068148 -24.43392 37.44203 0.7352937 -24.28101 37.20772 0.7352937 -26.9487 35.3235 1.068148 -27.11841 35.54595
4 16 1.068148 -27.11841 35.54595 0.7352937 -26.9487 35.3235 0.7352937 -29.47077 33.24839 1.068148 -29.65636 33.45777
4 16 1.068148 -29.65636 33.45777 0.7352937 -29.47077 33.24839 0.7352937 -31.83358 30.99363 1.068148 -32.03405 31.18881
4 16 1.068148 -32.03405 31.18881 0.7352937 -31.83358 30.99363 0.7352937 -34.02438 28.57138 1.068148 -34.23864 28.75131
4 16 1.068148 -34.23864 28.75131 0.7352937 -34.02438 28.57138 0.7352937 -36.03131 25.99474 1.068148 -36.25822 26.15844
4 16 1.068148 -36.25822 26.15844 0.7352937 -36.03131 25.99474 0.7352937 -37.84354 23.27763 1.068148 -38.08186 23.42422
4 16 1.068148 -38.08186 23.42422 0.7352937 -37.84354 23.27763 0.7352937 -39.45128 20.43474 1.068148 -39.69972 20.56342
4 16 1.068148 -39.69972 20.56342 0.7352937 -39.45128 20.43474 0.7352937 -40.84583 17.48141 1.068148 -41.10306 17.5915
4 16 1.068148 -41.10306 17.5915 0.7352937 -40.84583 17.48141 0.7352937 -42.01967 14.43363 1.068148 -42.28428 14.52453
4 16 1.068148 -42.28428 14.52453 0.7352937 -42.01967 14.43363 0.7352937 -42.96643 11.30785 1.068148 -43.23701 11.37906
4 16 1.068148 -43.23701 11.37906 0.7352937 -42.96643 11.30785 0.7352937 -43.68102 8.120969 1.068148 -43.9561 8.17211
4 16 1.068148 -43.9561 8.17211 0.7352937 -43.68102 8.120969 0.7352937 -44.15957 4.890201 1.068148 -44.43767 4.920997
4 16 1.068148 -44.43767 4.920997 0.7352937 -44.15957 4.890201 0.7352937 -44.3995 1.633008 1.068148 -44.6791 1.643292
4 16 1.068148 -44.6791 1.643292 0.7352937 -44.3995 1.633008 0.7352937 -44.3995 -1.633008 1.068148 -44.6791 -1.643292
4 16 1.068148 -44.6791 -1.643292 0.7352937 -44.3995 -1.633008 0.7352937 -44.15957 -4.890201 1.068148 -44.43767 -4.920997
4 16 1.068148 -44.43767 -4.920997 0.7352937 -44.15957 -4.890201 0.7352937 -43.68102 -8.120969 1.068148 -43.9561 -8.17211
4 16 1.068148 -43.9561 -8.17211 0.7352937 -43.68102 -8.120969 0.7352937 -42.96643 -11.30785 1.068148 -43.23701 -11.37906
4 16 1.068148 -43.23701 -11.37906 0.7352937 -42.96643 -11.30785 0.7352937 -42.01967 -14.43363 1.068148 -42.28428 -14.52453
4 16 1.068148 -42.28428 -14.52453 0.7352937 -42.01967 -14.43363 0.7352937 -40.84583 -17.48141 1.068148 -41.10306 -17.5915
4 16 1.068148 -41.10306 -17.5915 0.7352937 -40.84583 -17.48141 0.7352937 -39.45128 -20.43474 1.068148 -39.69972 -20.56342
4 16 1.068148 -39.69972 -20.56342 0.7352937 -39.45128 -20.43474 0.7352937 -37.84354 -23.27763 1.068148 -38.08186 -23.42422
4 16 1.068148 -38.08186 -23.42422 0.7352937 -37.84354 -23.27763 0.7352937 -36.03131 -25.99474 1.068148 -36.25822 -26.15844
4 16 1.068148 -36.25822 -26.15844 0.7352937 -36.03131 -25.99474 0.7352937 -34.02438 -28.57138 1.068148 -34.23864 -28.75131
4 16 1.068148 -34.23864 -28.75131 0.7352937 -34.02438 -28.57138 0.7352937 -31.83358 -30.99363 1.068148 -32.03405 -31.18881
4 16 1.068148 -32.03405 -31.18881 0.7352937 -31.83358 -30.99363 0.7352937 -29.47077 -33.24839 1.068148 -29.65636 -33.45777
4 16 1.068148 -29.65636 -33.45777 0.7352937 -29.47077 -33.24839 0.7352937 -26.9487 -35.3235 1.068148 -27.11841 -35.54595
4 16 1.068148 -27.11841 -35.54595 0.7352937 -26.9487 -35.3235 0.7352937 -24.28101 -37.20772 1.068148 -24.43392 -37.44203
4 16 1.068148 -24.43392 -37.44203 0.7352937 -24.28101 -37.20772 0.7352937 -21.48211 -38.89088 1.068148 -21.6174 -39.1358
4 16 1.068148 -21.6174 -39.1358 0.7352937 -21.48211 -38.89088 0.7352937 -18.56713 -40.36389 1.068148 -18.68406 -40.61808
4 16 1.068148 -18.68406 -40.61808 0.7352937 -18.56713 -40.36389 0.7352937 -15.55182 -41.61878 1.068148 -15.64975 -41.88087
4 16 1.068148 -15.64975 -41.88087 0.7352937 -15.55182 -41.61878 0.7352937 -12.45247 -42.64877 1.068148 -12.53088 -42.91735
4 16 1.068148 -12.53088 -42.91735 0.7352937 -12.45247 -42.64877 0.7352937 -9.285824 -43.44831 1.068148 -9.344302 -43.72192
4 16 1.068148 -9.344302 -43.72192 0.7352937 -9.285824 -43.44831 0.7352937 -6.069005 -44.01306 1.068148 -6.107225 -44.29023
4 16 1.068148 -6.107225 -44.29023 0.7352937 -6.069005 -44.01306 0.7352937 -2.819391 -44.33997 1.068148 -2.837146 -44.6192
4 16 1.068148 -2.837146 -44.6192 0.7352937 -2.819391 -44.33997 0.7352937 0 -44.42951 1.068148 0 -44.70931
4 16 0.7352937 0 44.42951 0.4555005 0 44.09666 0.4555005 -2.798269 44.00779 0.7352937 -2.819391 44.33997
4 16 0.7352937 -2.819391 44.33997 0.4555005 -2.798269 44.00779 0.4555005 -6.023538 43.68332 0.7352937 -6.069005 44.01306
4 16 0.7352937 -6.069005 44.01306 0.4555005 -6.023538 43.68332 0.4555005 -9.216257 43.1228 0.7352937 -9.285824 43.44831
4 16 0.7352937 -9.285824 43.44831 0.4555005 -9.216257 43.1228 0.4555005 -12.35917 42.32926 0.7352937 -12.45247 42.64877
4 16 0.7352937 -12.45247 42.64877 0.4555005 -12.35917 42.32926 0.4555005 -15.43531 41.30698 0.7352937 -15.55182 41.61878
4 16 0.7352937 -15.55182 41.61878 0.4555005 -15.43531 41.30698 0.4555005 -18.42803 40.06149 0.7352937 -18.56713 40.36389
4 16 0.7352937 -18.56713 40.36389 0.4555005 -18.42803 40.06149 0.4555005 -21.32117 38.59952 0.7352937 -21.48211 38.89088
4 16 0.7352937 -21.48211 38.89088 0.4555005 -21.32117 38.59952 0.4555005 -24.0991 36.92897 0.7352937 -24.28101 37.20772
4 16 0.7352937 -24.28101 37.20772 0.4555005 -24.0991 36.92897 0.4555005 -26.74681 35.05886 0.7352937 -26.9487 35.3235
4 16 0.7352937 -26.9487 35.3235 0.4555005 -26.74681 35.05886 0.4555005 -29.24998 32.99931 0.7352937 -29.47077 33.24839
4 16 0.7352937 -29.47077 33.24839 0.4555005 -29.24998 32.99931 0.4555005 -31.59509 30.76143 0.7352937 -31.83358 30.99363
4 16 0.7352937 -31.83358 30.99363 0.4555005 -31.59509 30.76143 0.4555005 -33.76947 28.35733 0.7352937 -34.02438 28.57138
4 16 0.7352937 -34.02438 28.57138 0.4555005 -33.76947 28.35733 0.4555005 -35.76137 25.79999 0.7352937 -36.03131 25.99474
4 16 0.7352937 -36.03131 25.99474 0.4555005 -35.76137 25.79999 0.4555005 -37.56003 23.10324 0.7352937 -37.84354 23.27763
4 16 0.7352937 -37.84354 23.27763 0.4555005 -37.56003 23.10324 0.4555005 -39.15572 20.28164 0.7352937 -39.45128 20.43474
4 16 0.7352937 -39.45128 20.43474 0.4555005 -39.15572 20.28164 0.4555005 -40.53983 17.35045 0.7352937 -40.84583 17.48141
4 16 0.7352937 -40.84583 17.48141 0.4555005 -40.53983 17.35045 0.4555005 -41.70486 14.3255 0.7352937 -42.01967 14.43363
4 16 0.7352937 -42.01967 14.43363 0.4555005 -41.70486 14.3255 0.4555005 -42.64454 11.22314 0.7352937 -42.96643 11.30785
4 16 0.7352937 -42.96643 11.30785 0.4555005 -42.64454 11.22314 0.4555005 -43.35378 8.060128 0.7352937 -43.68102 8.120969
4 16 0.7352937 -43.68102 8.120969 0.4555005 -43.35378 8.060128 0.4555005 -43.82874 4.853565 0.7352937 -44.15957 4.890201
4 16 0.7352937 -44.15957 4.890201 0.4555005 -43.82874 4.853565 0.4555005 -44.06686 1.620775 0.7352937 -44.3995 1.633008
4 16 0.7352937 -44.3995 1.633008 0.4555005 -44.06686 1.620775 0.4555005 -44.06686 -1.620775 0.7352937 -44.3995 -1.633008
4 16 0.7352937 -44.3995 -1.633008 0.4555005 -44.06686 -1.620775 0.4555005 -43.82874 -4.853565 0.7352937 -44.15957 -4.890201
4 16 0.7352937 -44.15957 -4.890201 0.4555005 -43.82874 -4.853565 0.4555005 -43.35378 -8.060128 0.7352937 -43.68102 -8.120969
4 16 0.7352937 -43.68102 -8.120969 0.4555005 -43.35378 -8.060128 0.4555005 -42.64454 -11.22314 0.7352937 -42.96643 -11.30785
4 16 0.7352937 -42.96643 -11.30785 0.4555005 -42.64454 -11.22314 0.4555005 -41.70486 -14.3255 0.7352937 -42.01967 -14.43363
4 16 0.7352937 -42.01967 -14.43363 0.4555005 -41.70486 -14.3255 0.4555005 -40.53983 -17.35045 0.7352937 -40.84583 -17.48141
4 16 0.7352937 -40.84583 -17.48141 0.4555005 -40.53983 -17.35045 0.4555005 -39.15572 -20.28164 0.7352937 -39.45128 -20.43474
4 16 0.7352937 -39.45128 -20.43474 0.4555005 -39.15572 -20.28164 0.4555005 -37.56003 -23.10324 0.7352937 -37.84354 -23.27763
4 16 0.7352937 -37.84354 -23.27763 0.4555005 -37.56003 -23.10324 0.4555005 -35.76137 -25.79999 0.7352937 -36.03131 -25.99474
4 16 0.7352937 -36.03131 -25.99474 0.4555005 -35.76137 -25.79999 0.4555005 -33.76947 -28.35733 0.7352937 -34.02438 -28.57138
4 16 0.7352937 -34.02438 -28.57138 0.4555005 -33.76947 -28.35733 0.4555005 -31.59509 -30.76143 0.7352937 -31.83358 -30.99363
4 16 0.7352937 -31.83358 -30.99363 0.4555005 -31.59509 -30.76143 0.4555005 -29.24998 -32.99931 0.7352937 -29.47077 -33.24839
4 16 0.7352937 -29.47077 -33.24839 0.4555005 -29.24998 -32.99931 0.4555005 -26.74681 -35.05886 0.7352937 -26.9487 -35.3235
4 16 0.7352937 -26.9487 -35.3235 0.4555005 -26.74681 -35.05886 0.4555005 -24.0991 -36.92897 0.7352937 -24.28101 -37.20772
4 16 0.7352937 -24.28101 -37.20772 0.4555005 -24.0991 -36.92897 0.4555005 -21.32117 -38.59952 0.7352937 -21.48211 -38.89088
4 16 0.7352937 -21.48211 -38.89088 0.4555005 -21.32117 -38.59952 0.4555005 -18.42803 -40.06149 0.7352937 -18.56713 -40.36389
4 16 0.7352937 -18.56713 -40.36389 0.4555005 -18.42803 -40.06149 0.4555005 -15.43531 -41.30698 0.7352937 -15.55182 -41.61878
4 16 0.7352937 -15.55182 -41.61878 0.4555005 -15.43531 -41.30698 0.4555005 -12.35917 -42.32926 0.7352937 -12.45247 -42.64877
4 16 0.7352937 -12.45247 -42.64877 0.4555005 -12.35917 -42.32926 0.4555005 -9.216257 -43.1228 0.7352937 -9.285824 -43.44831
4 16 0.7352937 -9.285824 -43.44831 0.4555005 -9.216257 -43.1228 0.4555005 -6.023538 -43.68332 0.7352937 -6.069005 -44.01306
4 16 0.7352937 -6.069005 -44.01306 0.4555005 -6.023538 -43.68332 0.4555005 -2.798269 -44.00779 0.7352937 -2.819391 -44.33997
4 16 0.7352937 -2.819391 -44.33997 0.4555005 -2.798269 -44.00779 0.4555005 0 -44.09666 0.7352937 0 -44.42951
4 16 0.4555005 0 44.09666 0.2371009 0 43.72066 0.2371009 -2.774409 43.63254 0.4555005 -2.798269 44.00779
4 16 0.4555005 -2.798269 44.00779 0.2371009 -2.774409 43.63254 0.2371009 -5.972177 43.31084 0.4555005 -6.023538 43.68332
4 16 0.4555005 -6.023538 43.68332 0.2371009 -5.972177 43.31084 0.2371009 -9.137672 42.7551 0.4555005 -9.216257 43.1228
4 16 0.4555005 -9.216257 43.1228 0.2371009 -9.137672 42.7551 0.2371009 -12.25379 41.96833 0.4555005 -12.35917 42.32926
4 16 0.4555005 -12.35917 42.32926 0.2371009 -12.25379 41.96833 0.2371009 -15.30369 40.95477 0.4555005 -15.43531 41.30698
4 16 0.4555005 -15.43531 41.30698 0.2371009 -15.30369 40.95477 0.2371009 -18.2709 39.7199 0.4555005 -18.42803 40.06149
4 16 0.4555005 -18.42803 40.06149 0.2371009 -18.2709 39.7199 0.2371009 -21.13937 38.27039 0.4555005 -21.32117 38.59952
4 16 0.4555005 -21.32117 38.59952 0.2371009 -21.13937 38.27039 0.2371009 -23.89362 36.61408 0.4555005 -24.0991 36.92897
4 16 0.4555005 -24.0991 36.92897 0.2371009 -23.89362 36.61408 0.2371009 -26.51874 34.75992 0.4555005 -26.74681 35.05886
4 16 0.4555005 -26.74681 35.05886 0.2371009 -26.51874 34.75992 0.2371009 -29.00057 32.71793 0.4555005 -29.24998 32.99931
4 16 0.4555005 -29.24998 32.99931 0.2371009 -29.00057 32.71793 0.2371009 -31.32569 30.49914 0.4555005 -31.59509 30.76143
4 16 0.4555005 -31.59509 30.76143 0.2371009 -31.32569 30.49914 0.2371009 -33.48153 28.11553 0.4555005 -33.76947 28.35733
4 16 0.4555005 -33.76947 28.35733 0.2371009 -33.48153 28.11553 0.2371009 -35.45645 25.58 0.4555005 -35.76137 25.79999
4 16 0.4555005 -35.76137 25.79999 0.2371009 -35.45645 25.58 0.2371009 -37.23976 22.90624 0.4555005 -37.56003 23.10324
4 16 0.4555005 -37.56003 23.10324 0.2371009 -37.23976 22.90624 0.2371009 -38.82185 20.10871 0.4555005 -39.15572 20.28164
4 16 0.4555005 -39.15572 20.28164 0.2371009 -38.82185 20.10871 0.2371009 -40.19415 17.20251 0.4555005 -40.53983 17.35045
4 16 0.4555005 -40.53983 17.35045 0.2371009 -40.19415 17.20251 0.2371009 -41.34925 14.20335 0.4555005 -41.70486 14.3255
4 16 0.4555005 -41.70486 14.3255 0.2371009 -41.34925 14.20335 0.2371009 -42.28092 11.12744 0.4555005 -42.64454 11.22314
4 16 0.4555005 -42.64454 11.22314 0.2371009 -42.28092 11.12744 0.2371009 -42.98411 7.991401 0.4555005 -43.35378 8.060128
4 16 0.4555005 -43.35378 8.060128 0.2371009 -42.98411 7.991401 0.2371009 -43.45502 4.81218 0.4555005 -43.82874 4.853565
4 16 0.4555005 -43.82874 4.853565 0.2371009 -43.45502 4.81218 0.2371009 -43.69112 1.606954 0.4555005 -44.06686 1.620775
4 16 0.4555005 -44.06686 1.620775 0.2371009 -43.69112 1.606954 0.2371009 -43.69112 -1.606954 0.4555005 -44.06686 -1.620775
4 16 0.4555005 -44.06686 -1.620775 0.2371009 -43.69112 -1.606954 0.2371009 -43.45502 -4.81218 0.4555005 -43.82874 -4.853565
4 16 0.4555005 -43.82874 -4.853565 0.2371009 -43.45502 -4.81218 0.2371009 -42.98411 -7.991401 0.4555005 -43.35378 -8.060128
4 16 0.4555005 -43.35378 -8.060128 0.2371009 -42.98411 -7.991401 0.2371009 -42.28092 -11.12744 0.4555005 -42.64454 -11.22314
4 16 0.4555005 -42.64454 -11.22314 0.2371009 -42.28092 -11.12744 0.2371009 -41.34925 -14.20335 0.4555005 -41.70486 -14.3255
4 16 0.4555005 -41.70486 -14.3255 0.2371009 -41.34925 -14.20335 0.2371009 -40.19415 -17.20251 0.4555005 -40.53983 -17.35045
4 16 0.4555005 -40.53983 -17.35045 0.2371009 -40.19415 -17.20251 0.2371009 -38.82185 -20.10871 0.4555005 -39.15572 -20.28164
4 16 0.4555005 -39.15572 -20.28164 0.2371009 -38.82185 -20.10871 0.2371009 -37.23976 -22.90624 0.4555005 -37.56003 -23.10324
4 16 0.4555005 -37.56003 -23.10324 0.2371009 -37.23976 -22.90624 0.2371009 -35.45645 -25.58 0.4555005 -35.76137 -25.79999
4 16 0.4555005 -35.76137 -25.79999 0.2371009 -35.45645 -25.58 0.2371009 -33.48153 -28.11553 0.4555005 -33.76947 -28.35733
4 16 0.4555005 -33.76947 -28.35733 0.2371009 -33.48153 -28.11553 0.2371009 -31.32569 -30.49914 0.4555005 -31.59509 -30.76143
4 16 0.4555005 -31.59509 -30.76143 0.2371009 -31.32569 -30.49914 0.2371009 -29.00057 -32.71793 0.4555005 -29.24998 -32.99931
4 16 0.4555005 -29.24998 -32.99931 0.2371009 -29.00057 -32.71793 0.2371009 -26.51874 -34.75992 0.4555005 -26.74681 -35.05886
4 16 0.4555005 -26.74681 -35.05886 0.2371009 -26.51874 -34.75992 0.2371009 -23.89362 -36.61408 0.4555005 -24.0991 -36.92897
4 16 0.4555005 -24.0991 -36.92897 0.2371009 -23.89362 -36.61408 0.2371009 -21.13937 -38.27039 0.4555005 -21.32117 -38.59952
4 16 0.4555005 -21.32117 -38.59952 0.2371009 -21.13937 -38.27039 0.2371009 -18.2709 -39.7199 0.4555005 -18.42803 -40.06149
4 16 0.4555005 -18.42803 -40.06149 0.2371009 -18.2709 -39.7199 0.2371009 -15.30369 -40.95477 0.4555005 -15.43531 -41.30698
4 16 0.4555005 -15.43531 -41.30698 0.2371009 -15.30369 -40.95477 0.2371009 -12.25379 -41.96833 0.4555005 -12.35917 -42.32926
4 16 0.4555005 -12.35917 -42.32926 0.2371009 -12.25379 -41.96833 0.2371009 -9.137672 -42.7551 0.4555005 -9.216257 -43.1228
4 16 0.4555005 -9.216257 -43.1228 0.2371009 -9.137672 -42.7551 0.2371009 -5.972177 -43.31084 0.4555005 -6.023538 -43.68332
4 16 0.4555005 -6.023538 -43.68332 0.2371009 -5.972177 -43.31084 0.2371009 -2.774409 -43.63254 0.4555005 -2.798269 -44.00779
4 16 0.4555005 -2.798269 -44.00779 0.2371009 -2.774409 -43.63254 0.2371009 0 -43.72066 0.4555005 0 -44.09666
4 16 0.2371009 0 43.72066 0.08659925 0 43.31271 0.08659925 -2.748521 43.22541 0.2371009 -2.774409 43.63254
4 16 0.2371009 -2.774409 43.63254 0.08659925 -2.748521 43.22541 0.08659925 -5.916451 42.90671 0.2371009 -5.972177 43.31084
4 16 0.2371009 -5.972177 43.31084 0.08659925 -5.916451 42.90671 0.08659925 -9.05241 42.35616 0.2371009 -9.137672 42.7551
4 16 0.2371009 -9.137672 42.7551 0.08659925 -9.05241 42.35616 0.08659925 -12.13945 41.57673 0.2371009 -12.25379 41.96833
4 16 0.2371009 -12.25379 41.96833 0.08659925 -12.13945 41.57673 0.08659925 -15.1609 40.57262 0.2371009 -15.30369 40.95477
4 16 0.2371009 -15.30369 40.95477 0.08659925 -15.1609 40.57262 0.08659925 -18.10041 39.34928 0.2371009 -18.2709 39.7199
4 16 0.2371009 -18.2709 39.7199 0.08659925 -18.10041 39.34928 0.08659925 -20.94212 37.9133 0.2371009 -21.13937 38.27039
4 16 0.2371009 -21.13937 38.27039 0.08659925 -20.94212 37.9133 0.08659925 -23.67067 36.27244 0.2371009 -23.89362 36.61408
4 16 0.2371009 -23.89362 36.61408 0.08659925 -23.67067 36.27244 0.08659925 -26.2713 34.43558 0.2371009 -26.51874 34.75992
4 16 0.2371009 -26.51874 34.75992 0.08659925 -26.2713 34.43558 0.08659925 -28.72997 32.41264 0.2371009 -29.00057 32.71793
4 16 0.2371009 -29.00057 32.71793 0.08659925 -28.72997 32.41264 0.08659925 -31.03339 30.21455 0.2371009 -31.32569 30.49914
4 16 0.2371009 -31.32569 30.49914 0.08659925 -31.03339 30.21455 0.08659925 -33.16912 27.85319 0.2371009 -33.48153 28.11553
4 16 0.2371009 -33.48153 28.11553 0.08659925 -33.16912 27.85319 0.08659925 -35.12561 25.34132 0.2371009 -35.45645 25.58
4 16 0.2371009 -35.45645 25.58 0.08659925 -35.12561 25.34132 0.08659925 -36.89228 22.69251 0.2371009 -37.23976 22.90624
4 16 0.2371009 -37.23976 22.90624 0.08659925 -36.89228 22.69251 0.08659925 -38.45961 19.92107 0.2371009 -38.82185 20.10871
4 16 0.2371009 -38.82185 20.10871 0.08659925 -38.45961 19.92107 0.08659925 -39.8191 17.04199 0.2371009 -40.19415 17.20251
4 16 0.2371009 -40.19415 17.20251 0.08659925 -39.8191 17.04199 0.08659925 -40.96343 14.07082 0.2371009 -41.34925 14.20335
4 16 0.2371009 -41.34925 14.20335 0.08659925 -40.96343 14.07082 0.08659925 -41.8864 11.02361 0.2371009 -42.28092 11.12744
4 16 0.2371009 -42.28092 11.12744 0.08659925 -41.8864 11.02361 0.08659925 -42.58303 7.916834 0.2371009 -42.98411 7.991401
4 16 0.2371009 -42.98411 7.991401 0.08659925 -42.58303 7.916834 0.08659925 -43.04955 4.767278 0.2371009 -43.45502 4.81218
4 16 0.2371009 -43.45502 4.81218 0.08659925 -43.04955 4.767278 0.08659925 -43.28344 1.59196 0.2371009 -43.69112 1.606954
4 16 0.2371009 -43.69112 1.606954 0.08659925 -43.28344 1.59196 0.08659925 -43.28344 -1.59196 0.2371009 -43.69112 -1.606954
4 16 0.2371009 -43.69112 -1.606954 0.08659925 -43.28344 -1.59196 0.08659925 -43.04955 -4.767278 0.2371009 -43.45502 -4.81218
4 16 0.2371009 -43.45502 -4.81218 0.08659925 -43.04955 -4.767278 0.08659925 -42.58303 -7.916834 0.2371009 -42.98411 -7.991401
4 16 0.2371009 -42.98411 -7.991401 0.08659925 -42.58303 -7.916834 0.08659925 -41.8864 -11.02361 0.2371009 -42.28092 -11.12744
4 16 0.2371009 -42.28092 -11.12744 0.08659925 -41.8864 -11.02361 0.08659925 -40.96343 -14.07082 0.2371009 -41.34925 -14.20335
4 16 0.2371009 -41.34925 -14.20335 0.08659925 -40.96343 -14.07082 0.08659925 -39.8191 -17.04199 0.2371009 -40.19415 -17.20251
4 16 0.2371009 -40.19415 -17.20251 0.08659925 -39.8191 -17.04199 0.08659925 -38.45961 -19.92107 0.2371009 -38.82185 -20.10871
4 16 0.2371009 -38.82185 -20.10871 0.08659925 -38.45961 -19.92107 0.08659925 -36.89228 -22.69251 0.2371009 -37.23976 -22.90624
4 16 0.2371009 -37.23976 -22.90624 0.08659925 -36.89228 -22.69251 0.08659925 -35.12561 -25.34132 0.2371009 -35.45645 -25.58
4 16 0.2371009 -35.45645 -25.58 0.08659925 -35.12561 -25.34132 0.08659925 -33.16912 -27.85319 0.2371009 -33.48153 -28.11553
4 16 0.2371009 -33.48153 -28.11553 0.08659925 -33.16912 -27.85319 0.08659925 -31.03339 -30.21455 0.2371009 -31.32569 -30.49914
4 16 0.2371009 -31.32569 -30.49914 0.08659925 -31.03339 -30.21455 0.08659925 -28.72997 -32.41264 0.2371009 -29.00057 -32.71793
4 16 0.2371009 -29.00057 -32.71793 0.08659925 -28.72997 -32.41264 0.08659925 -26.2713 -34.43558 0.2371009 -26.51874 -34.75992
4 16 0.2371009 -26.51874 -34.75992 0.08659925 -26.2713 -34.43558 0.08659925 -23.67067 -36.27244 0.2371009 -23.89362 -36.61408
4 16 0.2371009 -23.89362 -36.61408 0.08659925 -23.67067 -36.27244 0.08659925 -20.94212 -37.9133 0.2371009 -21.13937 -38.27039
4 16 0.2371009 -21.13937 -38.27039 0.08659925 -20.94212 -37.9133 0.08659925 -18.10041 -39.34928 0.2371009 -18.2709 -39.7199
4 16 0.2371009 -18.2709 -39.7199 0.08659925 -18.10041 -39.34928 0.08659925 -15.1609 -40.57262 0.2371009 -15.30369 -40.95477
4 16 0.2371009 -15.30369 -40.95477 0.08659925 -15.1609 -40.57262 0.08659925 -12.13945 -41.57673 0.2371009 -12.25379 -41.96833
4 16 0.2371009 -12.25379 -41.96833 0.08659925 -12.13945 -41.57673 0.08659925 -9.05241 -42.35616 0.2371009 -9.137672 -42.7551
4 16 0.2371009 -9.137672 -42.7551 0.08659925 -9.05241 -42.35616 0.08659925 -5.916451 -42.90671 0.2371009 -5.972177 -43.31084
4 16 0.2371009 -5.972177 -43.31084 0.08659925 -5.916451 -42.90671 0.08659925 -2.748521 -43.22541 0.2371009 -2.774409 -43.63254
4 16 0.2371009 -2.774409 -43.63254 0.08659925 -2.748521 -43.22541 0.08659925 0 -43.31271 0.2371009 0 -43.72066
4 16 0.08659925 0 43.31271 0.00847756 0 42.88495 0.00847756 -2.721377 42.79852 0.08659925 -2.748521 43.22541
4 16 0.08659925 -2.748521 43.22541 0.00847756 -2.721377 42.79852 0.00847756 -5.85802 42.48297 0.08659925 -5.916451 42.90671
4 16 0.08659925 -5.916451 42.90671 0.00847756 -5.85802 42.48297 0.00847756 -8.963009 41.93785 0.08659925 -9.05241 42.35616
4 16 0.08659925 -9.05241 42.35616 0.00847756 -8.963009 41.93785 0.00847756 -12.01956 41.16612 0.08659925 -12.13945 41.57673
4 16 0.08659925 -12.13945 41.57673 0.00847756 -12.01956 41.16612 0.00847756 -15.01117 40.17193 0.08659925 -15.1609 40.57262
4 16 0.08659925 -15.1609 40.57262 0.00847756 -15.01117 40.17193 0.00847756 -17.92166 38.96067 0.08659925 -18.10041 39.34928
4 16 0.08659925 -18.10041 39.34928 0.00847756 -17.92166 38.96067 0.00847756 -20.7353 37.53887 0.08659925 -20.94212 37.9133
4 16 0.08659925 -20.94212 37.9133 0.00847756 -20.7353 37.53887 0.00847756 -23.4369 35.91422 0.08659925 -23.67067 36.27244
4 16 0.08659925 -23.67067 36.27244 0.00847756 -23.4369 35.91422 0.00847756 -26.01185 34.0955 0.08659925 -26.2713 34.43558
4 16 0.08659925 -26.2713 34.43558 0.00847756 -26.01185 34.0955 0.00847756 -28.44623 32.09254 0.08659925 -28.72997 32.41264
4 16 0.08659925 -28.72997 32.41264 0.00847756 -28.44623 32.09254 0.00847756 -30.72691 29.91615 0.08659925 -31.03339 30.21455
4 16 0.08659925 -31.03339 30.21455 0.00847756 -30.72691 29.91615 0.00847756 -32.84154 27.57811 0.08659925 -33.16912 27.85319
4 16 0.08659925 -33.16912 27.85319 0.00847756 -32.84154 27.57811 0.00847756 -34.77871 25.09105 0.08659925 -35.12561 25.34132
4 16 0.08659925 -35.12561 25.34132 0.00847756 -34.77871 25.09105 0.00847756 -36.52794 22.4684 0.08659925 -36.89228 22.69251
4 16 0.08659925 -36.89228 22.69251 0.00847756 -36.52794 22.4684 0.00847756 -38.07978 19.72433 0.08659925 -38.45961 19.92107
4 16 0.08659925 -38.45961 19.92107 0.00847756 -38.07978 19.72433 0.00847756 -39.42585 16.87369 0.08659925 -39.8191 17.04199
4 16 0.08659925 -39.8191 17.04199 0.00847756 -39.42585 16.87369 0.00847756 -40.55888 13.93186 0.08659925 -40.96343 14.07082
4 16 0.08659925 -40.96343 14.07082 0.00847756 -40.55888 13.93186 0.00847756 -41.47273 10.91474 0.08659925 -41.8864 11.02361
4 16 0.08659925 -41.8864 11.02361 0.00847756 -41.47273 10.91474 0.00847756 -42.16248 7.838649 0.08659925 -42.58303 7.916834
4 16 0.08659925 -42.58303 7.916834 0.00847756 -42.16248 7.838649 0.00847756 -42.62439 4.720197 0.08659925 -43.04955 4.767278
4 16 0.08659925 -43.04955 4.767278 0.00847756 -42.62439 4.720197 0.00847756 -42.85597 1.576238 0.08659925 -43.28344 1.59196
4 16 0.08659925 -43.28344 1.59196 0.00847756 -42.85597 1.576238 0.00847756 -42.85597 -1.576238 0.08659925 -43.28344 -1.59196
4 16 0.08659925 -43.28344 -1.59196 0.00847756 -42.85597 -1.576238 0.00847756 -42.62439 -4.720197 0.08659925 -43.04955 -4.767278
4 16 0.08659925 -43.04955 -4.767278 0.00847756 -42.62439 -4.720197 0.00847756 -42.16248 -7.838649 0.08659925 -42.58303 -7.916834
4 16 0.08659925 -42.58303 -7.916834 0.00847756 -42.16248 -7.838649 0.00847756 -41.47273 -10.91474 0.08659925 -41.8864 -11.02361
4 16 0.08659925 -41.8864 -11.02361 0.00847756 -41.47273 -10.91474 0.00847756 -40.55888 -13.93186 0.08659925 -40.96343 -14.07082
4 16 0.08659925 -40.96343 -14.07082 0.00847756 -40.55888 -13.93186 0.00847756 -39.42585 -16.87369 0.08659925 -39.8191 -17.04199
4 16 0.08659925 -39.8191 -17.04199 0.00847756 -39.42585 -16.87369 0.00847756 -38.07978 -19.72433 0.08659925 -38.45961 -19.92107
4 16 0.08659925 -38.45961 -19.92107 0.00847756 -38.07978 -19.72433 0.00847756 -36.52794 -22.4684 0.08659925 -36.89228 -22.69251
4 16 0.08659925 -36.89228 -22.69251 0.00847756 -36.52794 -22.4684 0.00847756 -34.77871 -25.09105 0.08659925 -35.12561 -25.34132
4 16 0.08659925 -35.12561 -25.34132 0.00847756 -34.77871 -25.09105 0.00847756 -32.84154 -27.57811 0.08659925 -33.16912 -27.85319
4 16 0.08659925 -33.16912 -27.85319 0.00847756 -32.84154 -27.57811 0.00847756 -30.72691 -29.91615 0.08659925 -31.03339 -30.21455
4 16 0.08659925 -31.03339 -30.21455 0.00847756 -30.72691 -29.91615 0.00847756 -28.44623 -32.09254 0.08659925 -28.72997 -32.41264
4 16 0.08659925 -28.72997 -32.41264 0.00847756 -28.44623 -32.09254 0.00847756 -26.01185 -34.0955 0.08659925 -26.2713 -34.43558
4 16 0.08659925 -26.2713 -34.43558 0.00847756 -26.01185 -34.0955 0.00847756 -23.4369 -35.91422 0.08659925 -23.67067 -36.27244
4 16 0.08659925 -23.67067 -36.27244 0.00847756 -23.4369 -35.91422 0.00847756 -20.7353 -37.53887 0.08659925 -20.94212 -37.9133
4 16 0.08659925 -20.94212 -37.9133 0.00847756 -20.7353 -37.53887 0.00847756 -17.92166 -38.96067 0.08659925 -18.10041 -39.34928
4 16 0.08659925 -18.10041 -39.34928 0.00847756 -17.92166 -38.96067 0.00847756 -15.01117 -40.17193 0.08659925 -15.1609 -40.57262
4 16 0.08659925 -15.1609 -40.57262 0.00847756 -15.01117 -40.17193 0.00847756 -12.01956 -41.16612 0.08659925 -12.13945 -41.57673
4 16 0.08659925 -12.13945 -41.57673 0.00847756 -12.01956 -41.16612 0.00847756 -8.963009 -41.93785 0.08659925 -9.05241 -42.35616
4 16 0.08659925 -9.05241 -42.35616 0.00847756 -8.963009 -41.93785 0.00847756 -5.85802 -42.48297 0.08659925 -5.916451 -42.90671
4 16 0.08659925 -5.916451 -42.90671 0.00847756 -5.85802 -42.48297 0.00847756 -2.721377 -42.79852 0.08659925 -2.748521 -43.22541
4 16 0.08659925 -2.748521 -43.22541 0.00847756 -2.721377 -42.79852 0.00847756 0 -42.88495 0.08659925 0 -43.31271
3 16 0.7379986 47.76819 -44.26078 0.9443114 3.901293 -44.44557 0.8581582 3.900472 -44.37334
3 16 1.070853 47.76819 -44.54058 1.446855 47.76819 -44.75898 1.44 3.9 -44.76
3 16 1.44 3.9 -44.76 1.32 3.9 -44.69 1.070853 47.76819 -44.54058
3 16 1.070853 47.76819 -44.54058 1.32 3.9 -44.69 1.07 3.9 -44.54
3 16 1.070853 47.76819 -44.54058 1.07 3.9 -44.54 0.7379986 47.76819 -44.26078
3 16 0.7379986 47.76819 -44.26078 1.07 3.9 -44.54 0.99 3.9 -44.48
3 16 0.7379986 47.76819 -44.26078 0.99 3.9 -44.48 0.9443114 3.901293 -44.44557
3 16 1.85 3.91 -44.91 1.73 3.91 -44.87 1.446855 47.76819 -44.75898
3 16 1.446855 47.76819 -44.75898 1.73 3.91 -44.87 1.68 3.91 -44.86
3 16 1.446855 47.76819 -44.75898 1.68 3.91 -44.86 1.44 3.9 -44.76
3 16 1.446855 47.76819 -44.75898 1.854808 47.76819 -44.90948 1.85 3.91 -44.91
3 16 1.85 3.91 -44.91 1.854808 47.76819 -44.90948 2.282562 47.76819 -44.9876
3 16 1.85 3.91 -44.91 2.282562 47.76819 -44.9876 2.12 3.9 -44.97
3 16 2.12 3.9 -44.97 2.282562 47.76819 -44.9876 2.52 3.9 -45
3 16 2.52 3.9 -45 2.282562 47.76819 -44.9876 2.519685 47.76819 -44.99878
3 16 0.01 4.2 -42.64 0 4.31 -42.59 0 4.32 -42.63
3 16 0 47.76819 -42.4791 0.01 47.77 -42.72 0 4.93 -42.48
3 16 0 4.93 -42.48 0.01 47.77 -42.72 0 4.32 -42.63
3 16 0 4.93 -42.48 0 4.32 -42.63 0 4.56 -42.53
3 16 0 4.56 -42.53 0 4.32 -42.63 0 4.31 -42.59
3 16 0.09 3.93 -43.13 0.07 3.94 -43.05 0.08930414 47.76819 -43.14398
3 16 0.08930414 47.76819 -43.14398 0.07 3.94 -43.05 0.04 3.98 -42.91
3 16 0.04 3.98 -42.91 0.02 4.01 -42.83 0.08930414 47.76819 -43.14398
3 16 0.08930414 47.76819 -43.14398 0.02 4.01 -42.83 0.02 4.05 -42.77
3 16 0.08930414 47.76819 -43.14398 0.02 4.05 -42.77 0.01 47.77 -42.72
3 16 0.01 47.77 -42.72 0.02 4.05 -42.77 0.01 4.08 -42.73
3 16 0.01 47.77 -42.72 0.01 4.08 -42.73 0 4.32 -42.63
3 16 0 4.32 -42.63 0.01 4.13 -42.68 0.01 4.2 -42.64
3 16 0.2398058 47.76819 -43.55193 0.13 3.92 -43.27 0.08930414 47.76819 -43.14398
3 16 0.08930414 47.76819 -43.14398 0.13 3.92 -43.27 0.09 3.93 -43.14
3 16 0.08930414 47.76819 -43.14398 0.09 3.93 -43.14 0.09 3.93 -43.13
3 16 0.8581582 3.900472 -44.37334 0.7379986 3.900472 -44.26078 0.7379986 47.76819 -44.26078
4 16 0.7379986 47.76819 -44.26078 0.7379986 3.900472 -44.26078 0.4582054 3.900472 -43.92793 0.4582054 47.76819 -43.92793
3 16 0.4582054 47.76819 -43.92793 0.4582054 3.900472 -43.92793 0.27 3.9 -43.62
3 16 0.4582054 47.76819 -43.92793 0.27 3.9 -43.62 0.2398058 47.76819 -43.55193
3 16 0.2398058 47.76819 -43.55193 0.27 3.9 -43.62 0.24 3.9 -43.55
3 16 0.2398058 47.76819 -43.55193 0.24 3.9 -43.55 0.13 3.92 -43.27
4 16 28.34375 42.98079 31.877 28.34375 42.98079 -31.877 31.24139 42.98079 -28.87641 31.24139 42.98079 28.87641
2 24 31.24139 42.98079 -28.87641 31.24139 42.98079 28.87641
3 16 2.51698 2.866223 45.07648 2.51698 0 45.16751 25.82407 0 45.16751
3 16 2.52 3.9 45 2.51698 2.866223 45.07648 2.519685 3.900481 44.99878
3 16 2.519685 3.900481 44.99878 2.51698 2.866223 45.07648 25.82407 0 45.16751
3 16 2.519685 3.900481 44.99878 25.82407 0 45.16751 15.67219 3.900472 44.99878
3 16 15.67219 3.900472 44.99878 25.82407 0 45.16751 25.82407 1.414555 45.14536
3 16 15.67219 3.900472 44.99878 25.82407 1.414555 45.14536 15.73107 4.549451 44.93781
3 16 15.73107 4.549451 44.93781 25.82407 1.414555 45.14536 25.82407 4.519741 44.94081
3 16 15.73107 4.549451 44.93781 25.82407 4.519741 44.94081 16.00782 6.809703 44.65123
3 16 16.00782 6.809703 44.65123 25.82407 4.519741 44.94081 25.82407 7.603471 44.52293
3 16 16.00782 6.809703 44.65123 25.82407 7.603471 44.52293 16.39428 9.052629 44.25104
3 16 16.39428 9.052629 44.25104 25.82407 7.603471 44.52293 25.82407 9.052629 44.25104
3 16 16.39428 9.052629 44.25104 25.82407 9.052629 44.25104 16.88947 11.27252 43.73825
3 16 16.88947 11.27252 43.73825 25.82407 9.052629 44.25104 25.82407 10.65111 43.89371
3 16 16.88947 11.27252 43.73825 25.82407 10.65111 43.89371 17.49213 13.46373 43.11418
3 16 25.82407 10.65111 43.89371 25.82407 13.46373 43.11418 17.49213 13.46373 43.11418
3 16 17.49213 13.46373 43.11418 25.82407 13.46373 43.11418 25.82407 13.64819 43.05614
3 16 17.49213 13.46373 43.11418 25.82407 13.64819 43.05614 18.20073 15.62068 42.3804
3 16 18.20073 15.62068 42.3804 25.82407 13.64819 43.05614 25.82407 16.58048 42.01419
3 16 18.20073 15.62068 42.3804 25.82407 16.58048 42.01419 19.01346 17.73789 41.5388
3 16 19.01346 17.73789 41.5388 25.82407 16.58048 42.01419 25.82407 17.73789 41.5388
4 16 19.01346 17.73789 41.5388 25.82407 17.73789 41.5388 25.82407 19.43407 40.7728 19.92826 19.80997 40.5915
3 16 19.92826 19.80997 40.5915 25.82407 19.43407 40.7728 20.94279 21.83163 39.54092
3 16 25.82407 19.43407 40.7728 25.82407 21.83163 39.54092 20.94279 21.83163 39.54092
3 16 20.94279 21.83163 39.54092 25.82407 21.83163 39.54092 25.82407 22.19541 39.33787
3 16 20.94279 21.83163 39.54092 25.82407 22.19541 39.33787 22.05448 23.79776 38.38973
3 16 22.05448 23.79776 38.38973 25.82407 22.19541 39.33787 25.82407 24.85139 37.71621
4 16 22.05448 23.79776 38.38973 25.82407 24.85139 37.71621 25.82407 25.70333 37.14086 23.2605 25.70333 37.14086
3 16 25.824 29.169 34.486 24.50183 27.46804 35.85542 25.82407 27.38941 35.91552
4 16 25.82407 27.38941 35.91552 24.50183 27.46804 35.85542 23.2605 25.70333 37.14086 25.82407 25.70333 37.14086
3 16 28.34375 42.98079 31.877 27.93 29.91 32.3 27.94858 29.89689 32.2862
2 24 27.93 29.91 32.3 27.94858 29.89689 32.2862
3 16 28.34375 28.33186 31.877 28.33257 28.29159 32.22895 28.34375 28.13515 32.05075
4 16 28.34375 28.13515 32.05075 28.33257 28.29159 32.22895 28.33257 26.00527 34.10051 28.34375 25.86148 33.91196
4 16 28.34375 25.86148 33.91196 28.33257 26.00527 34.10051 28.33257 23.59552 35.81021 28.34375 23.46505 35.6122
4 16 28.34375 23.46505 35.6122 28.33257 23.59552 35.81021 28.33257 21.07375 37.34991 28.34375 20.95723 37.14339
4 16 28.34375 20.95723 37.14339 28.33257 21.07375 37.34991 28.33257 18.45196 38.71233 28.34375 18.34994 38.49827
4 16 28.34375 18.34994 38.49827 28.33257 18.45196 38.71233 28.33257 15.74258 39.89098 28.34375 15.65553 39.67041
4 16 28.34375 15.65553 39.67041 28.33257 15.74258 39.89098 28.33257 12.95847 40.88028 28.34375 12.88682 40.65424
4 16 28.34375 12.88682 40.65424 28.33257 12.95847 40.88028 28.33257 10.11285 41.67553 28.34375 10.05693 41.44509
4 16 28.34375 10.05693 41.44509 28.33257 10.11285 41.67553 28.33257 7.219226 42.27294 28.34375 7.179309 42.03921
4 16 28.34375 7.179309 42.03921 28.33257 7.219226 42.27294 28.33257 4.291333 42.6697 28.34375 4.267605 42.43377
4 16 28.34375 4.267605 42.43377 28.33257 4.291333 42.6697 28.33257 1.34307 42.86392 28.34375 1.335644 42.62691
4 16 28.34375 1.335644 42.62691 28.33257 1.34307 42.86392 28.33257 0 42.88495 28.34375 0 42.64783
4 16 25.82407 1.414555 45.14536 25.82407 0 45.16751 26.06119 0 45.15633 26.06119 1.414205 45.13418
4 16 25.82407 1.414555 45.14536 26.06119 1.414205 45.13418 26.06119 4.518622 44.92968 25.82407 4.519741 44.94081
4 16 25.82407 4.519741 44.94081 26.06119 4.518622 44.92968 26.06119 7.601588 44.51191 25.82407 7.603471 44.52293
3 16 25.82407 7.603471 44.52293 26.06119 7.601588 44.51191 25.82407 9.052629 44.25104
3 16 25.82407 9.052629 44.25104 26.06119 7.601588 44.51191 26.06119 10.64847 43.88285
3 16 25.82407 9.052629 44.25104 26.06119 10.64847 43.88285 25.82407 10.65111 43.89371
3 16 25.82407 10.65111 43.89371 26.06119 10.64847 43.88285 25.82407 13.46373 43.11418
3 16 25.82407 13.46373 43.11418 26.06119 10.64847 43.88285 26.06119 13.64481 43.04548
3 16 25.82407 13.46373 43.11418 26.06119 13.64481 43.04548 25.82407 13.64819 43.05614
4 16 25.82407 13.64819 43.05614 26.06119 13.64481 43.04548 26.06119 16.57638 42.00378 25.82407 16.58048 42.01419
3 16 25.82407 16.58048 42.01419 26.06119 16.57638 42.00378 25.82407 17.73789 41.5388
3 16 25.82407 17.73789 41.5388 26.06119 16.57638 42.00378 26.06119 19.42926 40.7627
3 16 25.82407 17.73789 41.5388 26.06119 19.42926 40.7627 25.82407 19.43407 40.7728
3 16 25.82407 19.43407 40.7728 26.06119 19.42926 40.7627 25.82407 21.83163 39.54092
3 16 25.82407 21.83163 39.54092 26.06119 19.42926 40.7627 26.06119 22.18992 39.32813
3 16 25.82407 21.83163 39.54092 26.06119 22.18992 39.32813 25.82407 22.19541 39.33787
4 16 25.82407 22.19541 39.33787 26.06119 22.18992 39.32813 26.06119 24.84524 37.70687 25.82407 24.85139 37.71621
3 16 25.82407 24.85139 37.71621 26.06119 24.84524 37.70687 25.82407 25.70333 37.14086
3 16 25.82407 25.70333 37.14086 26.06119 24.84524 37.70687 26.06119 27.38263 35.90663
3 16 25.82407 25.70333 37.14086 26.06119 27.38263 35.90663 25.82407 27.38941 35.91552
3 16 25.82407 27.38941 35.91552 26.06119 27.38263 35.90663 26.215 29.594 34.081
3 16 25.82407 27.38941 35.91552 26.215 29.594 34.081 25.824 29.169 34.486
3 16 27.3926 30.18304 32.86195 27.27 30.18 32.99 27.2729 29.49513 33.6
3 16 27.2729 29.49513 33.6 27.27 30.18 32.99 27.18577 30.1684 33.07612
3 16 27.67 30.12 32.57 27.6 30.14 32.64 27.60575 29.31055 33.38972
3 16 27.60575 29.31055 33.38972 27.6 30.14 32.64 27.51556 30.16723 32.73461
3 16 27.7 30.1 32.55 27.88555 29.09096 33.13958 27.82 30.02 32.42
3 16 27.82 30.02 32.42 27.88555 29.09096 33.13958 27.89 29.96 32.35
4 16 28.045 29.76238 32.18636 27.94858 29.89689 32.2862 27.88555 29.09096 33.13958 28.10395 28.84291 32.857
3 16 27.88555 29.09096 33.13958 27.94858 29.89689 32.2862 27.93 29.91 32.3
3 16 27.88555 29.09096 33.13958 27.93 29.91 32.3 27.89 29.96 32.35
3 16 28.26 29.22 31.97 28.21 29.37 32.01 28.10395 28.84291 32.857
3 16 28.10395 28.84291 32.857 28.21 29.37 32.01 28.13 29.6 32.1
3 16 28.10395 28.84291 32.857 28.13 29.6 32.1 28.1 29.65 32.12
4 16 28.3227 28.79465 31.8988 28.27847 29.10859 31.9446 28.25445 28.57378 32.55042 28.33257 28.29159 32.22895
3 16 28.34375 28.33186 31.877 28.3227 28.79465 31.8988 28.33257 28.29159 32.22895
4 16 28.33257 28.29159 32.22895 28.25445 28.57378 32.55042 28.25445 26.26466 34.44065 28.33257 26.00527 34.10051
4 16 28.33257 26.00527 34.10051 28.25445 26.26466 34.44065 28.25445 23.83087 36.16739 28.33257 23.59552 35.81021
4 16 28.33257 23.59552 35.81021 28.25445 23.83087 36.16739 28.25445 21.28395 37.72246 28.33257 21.07375 37.34991
4 16 28.33257 21.07375 37.34991 28.25445 21.28395 37.72246 28.25445 18.63601 39.09846 28.33257 18.45196 38.71233
4 16 28.33257 18.45196 38.71233 28.25445 18.63601 39.09846 28.25445 15.8996 40.28887 28.33257 15.74258 39.89098
4 16 28.33257 15.74258 39.89098 28.25445 15.8996 40.28887 28.25445 13.08773 41.28804 28.33257 12.95847 40.88028
4 16 28.33257 12.95847 40.88028 28.25445 13.08773 41.28804 28.25445 10.21372 42.09122 28.33257 10.11285 41.67553
4 16 28.33257 10.11285 41.67553 28.25445 10.21372 42.09122 28.25445 7.291234 42.69459 28.33257 7.219226 42.27294
4 16 28.33257 7.219226 42.27294 28.25445 7.291234 42.69459 28.25445 4.334137 43.09531 28.33257 4.291333 42.6697
4 16 28.33257 4.291333 42.6697 28.25445 4.334137 43.09531 28.25445 1.356467 43.29146 28.33257 1.34307 42.86392
4 16 28.33257 1.34307 42.86392 28.25445 1.356467 43.29146 28.25445 0 43.31271 28.33257 0 42.88495
3 16 28.27847 29.10859 31.9446 28.26 29.22 31.97 28.25445 28.57378 32.55042
3 16 28.25445 28.57378 32.55042 28.26 29.22 31.97 28.10395 28.84291 32.857
4 16 28.25445 28.57378 32.55042 28.10395 28.84291 32.857 28.10395 26.51204 34.76503 28.25445 26.26466 34.44065
4 16 28.25445 26.26466 34.44065 28.10395 26.51204 34.76503 28.10395 24.05533 36.50805 28.25445 23.83087 36.16739
4 16 28.25445 23.83087 36.16739 28.10395 24.05533 36.50805 28.10395 21.48442 38.07776 28.25445 21.28395 37.72246
4 16 28.25445 21.28395 37.72246 28.10395 21.48442 38.07776 28.10395 18.81154 39.46672 28.25445 18.63601 39.09846
4 16 28.25445 18.63601 39.09846 28.10395 18.81154 39.46672 28.10395 16.04936 40.66834 28.25445 15.8996 40.28887
4 16 28.25445 15.8996 40.28887 28.10395 16.04936 40.66834 28.10395 13.211 41.67692 28.25445 13.08773 41.28804
4 16 28.25445 13.08773 41.28804 28.10395 13.211 41.67692 28.10395 10.30992 42.48766 28.25445 10.21372 42.09122
4 16 28.25445 10.21372 42.09122 28.10395 10.30992 42.48766 28.10395 7.359908 43.09672 28.25445 7.291234 42.69459
4 16 28.25445 7.291234 42.69459 28.10395 7.359908 43.09672 28.10395 4.374959 43.50122 28.25445 4.334137 43.09531
4 16 28.25445 4.334137 43.09531 28.10395 4.374959 43.50122 28.10395 1.369243 43.69921 28.25445 1.356467 43.29146
4 16 28.25445 1.356467 43.29146 28.10395 1.369243 43.69921 28.10395 0 43.72066 28.25445 0 43.31271
3 16 28.1 29.65 32.12 28.045 29.76238 32.18636 28.10395 28.84291 32.857
4 16 28.10395 28.84291 32.857 27.88555 29.09096 33.13958 27.88555 26.74005 35.06402 28.10395 26.51204 34.76503
4 16 28.10395 26.51204 34.76503 27.88555 26.74005 35.06402 27.88555 24.2622 36.82202 28.10395 24.05533 36.50805
4 16 28.10395 24.05533 36.50805 27.88555 24.2622 36.82202 27.88555 21.66919 38.40523 28.10395 21.48442 38.07776
4 16 28.10395 21.48442 38.07776 27.88555 21.66919 38.40523 27.88555 18.97332 39.80614 28.10395 18.81154 39.46672
4 16 28.10395 18.81154 39.46672 27.88555 18.97332 39.80614 27.88555 16.18738 41.01809 28.10395 16.04936 40.66834
4 16 28.10395 16.04936 40.66834 27.88555 16.18738 41.01809 27.88555 13.32461 42.03534 28.10395 13.211 41.67692
4 16 28.10395 13.211 41.67692 27.88555 13.32461 42.03534 27.88555 10.39859 42.85306 28.10395 10.30992 42.48766
4 16 28.10395 10.30992 42.48766 27.88555 10.39859 42.85306 27.88555 7.423204 43.46736 28.10395 7.359908 43.09672
4 16 28.10395 7.359908 43.09672 27.88555 7.423204 43.46736 27.88555 4.412584 43.87533 28.10395 4.374959 43.50122
4 16 28.10395 4.374959 43.50122 27.88555 4.412584 43.87533 27.88555 1.381018 44.07503 28.10395 1.369243 43.69921
4 16 28.10395 1.369243 43.69921 27.88555 1.381018 44.07503 27.88555 0 44.09666 28.10395 0 43.72066
3 16 27.7 30.1 32.55 27.67 30.12 32.57 27.88555 29.09096 33.13958
3 16 27.88555 29.09096 33.13958 27.67 30.12 32.57 27.60575 29.31055 33.38972
4 16 27.88555 29.09096 33.13958 27.60575 29.31055 33.38972 27.60575 26.94189 35.32869 27.88555 26.74005 35.06402
4 16 27.88555 26.74005 35.06402 27.60575 26.94189 35.32869 27.60575 24.44534 37.09996 27.88555 24.2622 36.82202
4 16 27.88555 24.2622 36.82202 27.60575 24.44534 37.09996 27.60575 21.83276 38.69512 27.88555 21.66919 38.40523
4 16 27.88555 21.66919 38.40523 27.60575 21.83276 38.69512 27.60575 19.11654 40.10661 27.88555 18.97332 39.80614
4 16 27.88555 18.97332 39.80614 27.60575 19.11654 40.10661 27.60575 16.30957 41.32771 27.88555 16.18738 41.01809
4 16 27.88555 16.18738 41.01809 27.60575 16.30957 41.32771 27.60575 13.42519 42.35264 27.88555 13.32461 42.03534
4 16 27.88555 13.32461 42.03534 27.60575 13.42519 42.35264 27.60575 10.47708 43.17653 27.88555 10.39859 42.85306
4 16 27.88555 10.39859 42.85306 27.60575 10.47708 43.17653 27.60575 7.479237 43.79547 27.88555 7.423204 43.46736
4 16 27.88555 7.423204 43.46736 27.60575 7.479237 43.79547 27.60575 4.445892 44.20651 27.88555 4.412584 43.87533
4 16 27.88555 4.412584 43.87533 27.60575 4.445892 44.20651 27.60575 1.391443 44.40772 27.88555 1.381018 44.07503
4 16 27.88555 1.381018 44.07503 27.60575 1.391443 44.40772 27.60575 0 44.42951 27.88555 0 44.09666
4 16 27.51556 30.16723 32.73461 27.3926 30.18304 32.86195 27.2729 29.49513 33.6 27.60575 29.31055 33.38972
4 16 27.60575 29.31055 33.38972 27.2729 29.49513 33.6 27.2729 27.11155 35.55117 27.60575 26.94189 35.32869
4 16 27.60575 26.94189 35.32869 27.2729 27.11155 35.55117 27.2729 24.59929 37.3336 27.60575 24.44534 37.09996
4 16 27.60575 24.44534 37.09996 27.2729 24.59929 37.3336 27.2729 21.97025 38.93881 27.60575 21.83276 38.69512
4 16 27.60575 21.83276 38.69512 27.2729 21.97025 38.93881 27.2729 19.23692 40.35918 27.60575 19.11654 40.10661
4 16 27.60575 19.11654 40.10661 27.2729 19.23692 40.35918 27.2729 16.41228 41.58797 27.60575 16.30957 41.32771
4 16 27.60575 16.30957 41.32771 27.2729 16.41228 41.58797 27.2729 13.50973 42.61936 27.60575 13.42519 42.35264
4 16 27.60575 13.42519 42.35264 27.2729 13.50973 42.61936 27.2729 10.54306 43.44843 27.60575 10.47708 43.17653
4 16 27.60575 10.47708 43.17653 27.2729 10.54306 43.44843 27.2729 7.526337 44.07127 27.60575 7.479237 43.79547
4 16 27.60575 7.479237 43.79547 27.2729 7.526337 44.07127 27.2729 4.47389 44.4849 27.60575 4.445892 44.20651
4 16 27.60575 4.445892 44.20651 27.2729 4.47389 44.4849 27.2729 1.400205 44.68738 27.60575 1.391443 44.40772
4 16 27.60575 1.391443 44.40772 27.2729 1.400205 44.68738 27.2729 0 44.70931 27.60575 0 44.42951
4 16 27.18577 30.1684 33.07612 26.93067 30.09101 33.34029 26.8969 29.63921 33.76413 27.2729 29.49513 33.6
4 16 27.2729 29.49513 33.6 26.8969 29.63921 33.76413 26.8969 27.24399 35.72484 27.2729 27.11155 35.55117
4 16 27.2729 27.11155 35.55117 26.8969 27.24399 35.72484 26.8969 24.71945 37.51597 27.2729 24.59929 37.3336
4 16 27.2729 24.59929 37.3336 26.8969 24.71945 37.51597 26.8969 22.07757 39.12902 27.2729 21.97025 38.93881
4 16 27.2729 21.97025 38.93881 26.8969 22.07757 39.12902 26.8969 19.33089 40.55633 27.2729 19.23692 40.35918
4 16 27.2729 19.23692 40.35918 26.8969 19.33089 40.55633 26.8969 16.49245 41.79112 27.2729 16.41228 41.58797
4 16 27.2729 16.41228 41.58797 26.8969 16.49245 41.79112 26.8969 13.57573 42.82755 27.2729 13.50973 42.61936
4 16 27.2729 13.50973 42.61936 26.8969 13.57573 42.82755 26.8969 10.59456 43.66067 27.2729 10.54306 43.44843
4 16 27.2729 10.54306 43.44843 26.8969 10.59456 43.66067 26.8969 7.563103 44.28655 27.2729 7.526337 44.07127
4 16 27.2729 7.526337 44.07127 26.8969 7.563103 44.28655 26.8969 4.495744 44.70221 27.2729 4.47389 44.4849
4 16 27.2729 4.47389 44.4849 26.8969 4.495744 44.70221 26.8969 1.407045 44.90567 27.2729 1.400205 44.68738
4 16 27.2729 1.400205 44.68738 26.8969 1.407045 44.90567 26.8969 0 44.92771 27.2729 0 44.70931
4 16 26.8969 27.24399 35.72484 26.48894 27.33525 35.84451 26.48894 24.80226 37.64164 26.8969 24.71945 37.51597
4 16 26.8969 24.71945 37.51597 26.48894 24.80226 37.64164 26.48894 22.15153 39.26009 26.8969 22.07757 39.12902
4 16 26.8969 22.07757 39.12902 26.48894 22.15153 39.26009 26.48894 19.39565 40.69218 26.8969 19.33089 40.55633
4 16 26.8969 19.33089 40.55633 26.48894 19.39565 40.69218 26.48894 16.5477 41.93112 26.8969 16.49245 41.79112
4 16 26.8969 16.49245 41.79112 26.48894 16.5477 41.93112 26.48894 13.6212 42.97101 26.8969 13.57573 42.82755
4 16 26.8969 13.57573 42.82755 26.48894 13.6212 42.97101 26.48894 10.63005 43.80693 26.8969 10.59456 43.66067
4 16 26.8969 10.59456 43.66067 26.48894 10.63005 43.80693 26.48894 7.588438 44.43491 26.8969 7.563103 44.28655
4 16 26.8969 7.563103 44.28655 26.48894 7.588438 44.43491 26.48894 4.510804 44.85195 26.8969 4.495744 44.70221
4 16 26.8969 4.495744 44.70221 26.48894 4.510804 44.85195 26.48894 1.411759 45.0561 26.8969 1.407045 44.90567
4 16 26.8969 1.407045 44.90567 26.48894 1.411759 45.0561 26.48894 0 45.07821 26.8969 0 44.92771
3 16 26.93067 30.09101 33.34029 26.895 30.07557 33.37722 26.8969 29.63921 33.76413
3 16 26.8969 29.63921 33.76413 26.895 30.07557 33.37722 26.59481 29.90522 33.68808
3 16 26.48894 29.7385 33.87723 26.59481 29.90522 33.68808 26.215 29.594 34.081
3 16 26.48894 29.7385 33.87723 26.215 29.594 34.081 26.48894 27.33525 35.84451
3 16 26.48894 27.33525 35.84451 26.215 29.594 34.081 26.06119 27.38263 35.90663
4 16 26.48894 27.33525 35.84451 26.06119 27.38263 35.90663 26.06119 24.84524 37.70687 26.48894 24.80226 37.64164
4 16 26.48894 24.80226 37.64164 26.06119 24.84524 37.70687 26.06119 22.18992 39.32813 26.48894 22.15153 39.26009
4 16 26.48894 22.15153 39.26009 26.06119 22.18992 39.32813 26.06119 19.42926 40.7627 26.48894 19.39565 40.69218
4 16 26.48894 19.39565 40.69218 26.06119 19.42926 40.7627 26.06119 16.57638 42.00378 26.48894 16.5477 41.93112
4 16 26.48894 16.5477 41.93112 26.06119 16.57638 42.00378 26.06119 13.64481 43.04548 26.48894 13.6212 42.97101
4 16 26.48894 13.6212 42.97101 26.06119 13.64481 43.04548 26.06119 10.64847 43.88285 26.48894 10.63005 43.80693
4 16 26.48894 10.63005 43.80693 26.06119 10.64847 43.88285 26.06119 7.601588 44.51191 26.48894 7.588438 44.43491
4 16 26.48894 7.588438 44.43491 26.06119 7.601588 44.51191 26.06119 4.518622 44.92968 26.48894 4.510804 44.85195
4 16 26.48894 4.510804 44.85195 26.06119 4.518622 44.92968 26.06119 1.414205 45.13418 26.48894 1.411759 45.0561
4 16 26.48894 1.411759 45.0561 26.06119 1.414205 45.13418 26.06119 0 45.15633 26.48894 0 45.07821
4 16 31.24139 42.98079 -28.87641 31.24139 47.76819 -28.87641 31.24139 47.76819 28.87641 31.24139 42.98079 28.87641
4 16 26.06119 -2.865513 45.06532 26.06119 0 45.15633 25.82407 0 45.16751 25.82407 -2.866223 45.07648
4 16 28.34375 -2.706329 42.56187 28.34375 0 42.64783 28.33257 0 42.88495 28.33257 -2.721377 42.79852
4 16 28.34375 -2.706329 42.56187 28.33257 -2.721377 42.79852 28.33257 -5.85802 42.48297 28.34375 -5.82563 42.24807
4 16 28.34375 -5.82563 42.24807 28.33257 -5.85802 42.48297 28.33257 -8.963009 41.93785 28.34375 -8.91345 41.70597
4 16 28.34375 -8.91345 41.70597 28.33257 -8.963009 41.93785 28.33257 -12.01956 41.16612 28.34375 -11.9531 40.9385
4 16 28.34375 -11.9531 40.9385 28.33257 -12.01956 41.16612 28.33257 -15.01117 40.17193 28.34375 -14.92817 39.94981
4 16 28.34375 -14.92817 39.94981 28.33257 -15.01117 40.17193 28.33257 -17.92166 38.96067 28.34375 -17.82256 38.74524
4 16 28.34375 -17.82256 38.74524 28.33257 -17.92166 38.96067 28.33257 -20.7353 37.53887 28.34375 -20.62065 37.3313
4 16 28.34375 -20.62065 37.3313 28.33257 -20.7353 37.53887 28.33257 -23.4369 35.91422 28.34375 -23.30731 35.71564
4 16 28.34375 -23.30731 35.71564 28.33257 -23.4369 35.91422 28.33257 -26.01185 34.0955 28.34375 -25.86802 33.90697
4 16 28.34375 -25.86802 33.90697 28.33257 -26.01185 34.0955 28.33257 -28.44623 32.09254 28.34375 -28.28895 31.91509
4 16 28.34375 -28.28895 31.91509 28.33257 -28.44623 32.09254 28.33257 -30.72691 29.91615 28.34375 -30.55701 29.75074
4 16 28.34375 -30.55701 29.75074 28.33257 -30.72691 29.91615 28.33257 -32.84154 27.57811 28.34375 -32.65995 27.42563
4 16 28.34375 -32.65995 27.42563 28.33257 -32.84154 27.57811 28.33257 -34.77871 25.09105 28.34375 -34.58641 24.95231
4 16 28.34375 -34.58641 24.95231 28.33257 -34.77871 25.09105 28.33257 -36.52794 22.4684 28.34375 -36.32597 22.34416
4 16 28.34375 -36.32597 22.34416 28.33257 -36.52794 22.4684 28.33257 -38.07978 19.72433 28.34375 -37.86923 19.61527
4 16 28.34375 -37.86923 19.61527 28.33257 -38.07978 19.72433 28.33257 -39.42585 16.87369 28.34375 -39.20786 16.78039
4 16 28.34375 -39.20786 16.78039 28.33257 -39.42585 16.87369 28.33257 -40.55888 13.93186 28.34375 -40.33462 13.85482
4 16 28.34375 -40.33462 13.85482 28.33257 -40.55888 13.93186 28.33257 -41.47273 10.91474 28.34375 -41.24342 10.85439
4 16 28.34375 -41.24342 10.85439 28.33257 -41.47273 10.91474 28.33257 -42.16248 7.838649 28.34375 -41.92935 7.795306
4 16 28.34375 -41.92935 7.795306 28.33257 -42.16248 7.838649 28.33257 -42.62439 4.720197 28.34375 -42.38871 4.694097
4 16 28.34375 -42.38871 4.694097 28.33257 -42.62439 4.720197 28.33257 -42.85597 1.576238 28.34375 -42.61901 1.567523
4 16 28.34375 -42.61901 1.567523 28.33257 -42.85597 1.576238 28.33257 -42.85597 -1.576238 28.34375 -42.61901 -1.567523
4 16 28.34375 -42.61901 -1.567523 28.33257 -42.85597 -1.576238 28.33257 -42.62439 -4.720197 28.34375 -42.38871 -4.694097
4 16 28.34375 -42.38871 -4.694097 28.33257 -42.62439 -4.720197 28.33257 -42.16248 -7.838649 28.34375 -41.92935 -7.795306
4 16 28.34375 -41.92935 -7.795306 28.33257 -42.16248 -7.838649 28.33257 -41.47273 -10.91474 28.34375 -41.24342 -10.85439
4 16 28.34375 -41.24342 -10.85439 28.33257 -41.47273 -10.91474 28.33257 -40.55888 -13.93186 28.34375 -40.33462 -13.85482
4 16 28.34375 -40.33462 -13.85482 28.33257 -40.55888 -13.93186 28.33257 -39.42585 -16.87369 28.34375 -39.20786 -16.78039
4 16 28.34375 -39.20786 -16.78039 28.33257 -39.42585 -16.87369 28.33257 -38.07978 -19.72433 28.34375 -37.86923 -19.61527
4 16 28.34375 -37.86923 -19.61527 28.33257 -38.07978 -19.72433 28.33257 -36.52794 -22.4684 28.34375 -36.32597 -22.34416
4 16 28.34375 -36.32597 -22.34416 28.33257 -36.52794 -22.4684 28.33257 -34.77871 -25.09105 28.34375 -34.58641 -24.95231
4 16 28.34375 -34.58641 -24.95231 28.33257 -34.77871 -25.09105 28.33257 -32.84154 -27.57811 28.34375 -32.65995 -27.42563
4 16 28.34375 -32.65995 -27.42563 28.33257 -32.84154 -27.57811 28.33257 -30.72691 -29.91615 28.34375 -30.55701 -29.75074
4 16 28.34375 -30.55701 -29.75074 28.33257 -30.72691 -29.91615 28.33257 -28.44623 -32.09254 28.34375 -28.28895 -31.91509
4 16 28.34375 -28.28895 -31.91509 28.33257 -28.44623 -32.09254 28.33257 -26.01185 -34.0955 28.34375 -25.86802 -33.90697
4 16 28.34375 -25.86802 -33.90697 28.33257 -26.01185 -34.0955 28.33257 -23.4369 -35.91422 28.34375 -23.30731 -35.71564
4 16 28.34375 -23.30731 -35.71564 28.33257 -23.4369 -35.91422 28.33257 -20.7353 -37.53887 28.34375 -20.62065 -37.3313
4 16 28.34375 -20.62065 -37.3313 28.33257 -20.7353 -37.53887 28.33257 -17.92166 -38.96067 28.34375 -17.82256 -38.74524
4 16 28.34375 -17.82256 -38.74524 28.33257 -17.92166 -38.96067 28.33257 -15.01117 -40.17193 28.34375 -14.92817 -39.94981
4 16 28.34375 -14.92817 -39.94981 28.33257 -15.01117 -40.17193 28.33257 -12.01956 -41.16612 28.34375 -11.9531 -40.9385
4 16 28.34375 -11.9531 -40.9385 28.33257 -12.01956 -41.16612 28.33257 -8.963009 -41.93785 28.34375 -8.91345 -41.70597
4 16 28.34375 -8.91345 -41.70597 28.33257 -8.963009 -41.93785 28.33257 -5.85802 -42.48297 28.34375 -5.82563 -42.24807
4 16 28.34375 -5.82563 -42.24807 28.33257 -5.85802 -42.48297 28.33257 -2.721377 -42.79852 28.34375 -2.706329 -42.56187
4 16 28.34375 -2.706329 -42.56187 28.33257 -2.721377 -42.79852 28.33257 0 -42.88495 28.34375 0 -42.64783
4 16 25.82407 0 -45.16751 26.06119 0 -45.15633 26.06119 -2.865513 -45.06532 25.82407 -2.866223 -45.07648
3 16 25.82407 -2.866223 -45.07648 26.06119 -2.865513 -45.06532 25.82407 -4.569522 -44.93577
3 16 25.82407 -4.569522 -44.93577 26.06119 -2.865513 -45.06532 26.06119 -6.168287 -44.73306
4 16 26.06119 -12.65617 -43.34646 25.82407 -12.65931 -43.35719 25.82407 -9.440067 -44.17001 26.06119 -9.437731 -44.15907
3 16 26.06119 -9.437731 -44.15907 25.82407 -9.440067 -44.17001 25.82407 -9.092154 -44.24293
3 16 26.06119 -9.437731 -44.15907 25.82407 -9.092154 -44.24293 26.06119 -6.168287 -44.73306
3 16 26.06119 -6.168287 -44.73306 25.82407 -9.092154 -44.24293 25.82407 -6.169815 -44.74414
3 16 26.06119 -6.168287 -44.73306 25.82407 -6.169815 -44.74414 25.82407 -4.569522 -44.93577
3 16 26.06119 -15.80623 -42.29962 25.82407 -13.52149 -43.0961 26.06119 -12.65617 -43.34646
3 16 26.06119 -12.65617 -43.34646 25.82407 -13.52149 -43.0961 25.82407 -12.65931 -43.35719
4 16 26.06119 -21.83354 -39.52709 25.82407 -21.83894 -39.53688 25.82407 -18.87554 -41.03436 26.06119 -18.87087 -41.0242
3 16 26.06119 -18.87087 -41.0242 25.82407 -18.87554 -41.03436 25.82407 -17.81207 -41.50704
3 16 26.06119 -18.87087 -41.0242 25.82407 -17.81207 -41.50704 26.06119 -15.80623 -42.29962
3 16 26.06119 -15.80623 -42.29962 25.82407 -17.81207 -41.50704 25.82407 -15.81014 -42.31009
3 16 26.06119 -15.80623 -42.29962 25.82407 -15.81014 -42.31009 25.82407 -13.52149 -43.0961
3 16 26.06119 -24.67822 -37.81639 25.82407 -21.91988 -39.49206 26.06119 -21.83354 -39.52709
3 16 26.06119 -21.83354 -39.52709 25.82407 -21.91988 -39.49206 25.82407 -21.83894 -39.53688
3 16 26.06119 -27.38955 -35.90135 25.82407 -25.80277 -37.07185 26.06119 -24.67822 -37.81639
3 16 26.06119 -24.67822 -37.81639 25.82407 -25.80277 -37.07185 25.82407 -24.68433 -37.82576
3 16 26.06119 -24.67822 -37.81639 25.82407 -24.68433 -37.82576 25.82407 -21.91988 -39.49206
3 16 25.82407 -32.73709 -31.11892 25.82407 -32.36236 -31.50845 26.06119 -32.35434 -31.50065
4 16 26.06119 -32.35434 -31.50065 25.82407 -32.36236 -31.50845 25.82407 -29.96029 -33.80067 26.06119 -29.95288 -33.7923
3 16 26.06119 -29.95288 -33.7923 25.82407 -29.96029 -33.80067 25.82407 -29.42088 -34.27122
3 16 26.06119 -29.95288 -33.7923 25.82407 -29.42088 -34.27122 26.06119 -27.38955 -35.90135
3 16 26.06119 -27.38955 -35.90135 25.82407 -29.42088 -34.27122 25.82407 -27.39633 -35.91024
3 16 26.06119 -27.38955 -35.90135 25.82407 -27.39633 -35.91024 25.82407 -25.80277 -37.07185
3 16 25.82407 -32.73709 -31.11892 26.06119 -32.35434 -31.50065 25.82407 -34.58954 -29.04597
3 16 25.82407 -34.58954 -29.04597 26.06119 -32.35434 -31.50065 26.06119 -34.58098 -29.03877
3 16 25.82407 -34.58954 -29.04597 26.06119 -34.58098 -29.03877 25.82407 -35.71738 -27.64731
3 16 25.82407 -35.71738 -27.64731 26.06119 -34.58098 -29.03877 26.06119 -36.62074 -26.41998
3 16 25.82407 -35.71738 -27.64731 26.06119 -36.62074 -26.41998 25.82407 -36.62981 -26.42653
3 16 25.82407 -36.62981 -26.42653 26.06119 -36.62074 -26.41998 25.82407 -38.33115 -23.89199
3 16 25.82407 -38.33115 -23.89199 26.06119 -36.62074 -26.41998 26.06119 -38.46262 -23.65842
3 16 25.82407 -38.33115 -23.89199 26.06119 -38.46262 -23.65842 25.82407 -38.47215 -23.66428
4 16 25.82407 -38.47215 -23.66428 26.06119 -38.46262 -23.65842 26.06119 -40.09666 -20.76902 25.82407 -40.10659 -20.77417
3 16 25.82407 -40.10659 -20.77417 26.06119 -40.09666 -20.76902 25.82407 -40.5516 -19.89151
3 16 25.82407 -40.5516 -19.89151 26.06119 -40.09666 -20.76902 26.06119 -41.51402 -17.76739
3 16 25.82407 -40.5516 -19.89151 26.06119 -41.51402 -17.76739 25.82407 -41.5243 -17.77179
3 16 25.82407 -41.5243 -17.77179 26.06119 -41.51402 -17.76739 25.82407 -42.35593 -15.68691
3 16 25.82407 -42.35593 -15.68691 26.06119 -41.51402 -17.76739 26.06119 -42.70706 -14.66975
3 16 25.82407 -42.35593 -15.68691 26.06119 -42.70706 -14.66975 25.82407 -42.71763 -14.67338
4 16 25.82407 -42.71763 -14.67338 26.06119 -42.70706 -14.66975 26.06119 -43.66931 -11.49284 25.82407 -43.68013 -11.49568
3 16 26.06119 -44.88197 -4.970199 25.82407 -44.64666 -6.839616 26.06119 -44.3956 -8.253818
3 16 26.06119 -44.3956 -8.253818 25.82407 -44.64666 -6.839616 25.82407 -44.40659 -8.255863
3 16 26.06119 -44.3956 -8.253818 25.82407 -44.40659 -8.255863 26.06119 -43.66931 -11.49284
3 16 26.06119 -43.66931 -11.49284 25.82407 -44.40659 -8.255863 25.82407 -43.72564 -11.32135
3 16 26.06119 -43.66931 -11.49284 25.82407 -43.72564 -11.32135 25.82407 -43.68013 -11.49568
3 16 25.82407 -45.10954 2.287697 25.82407 -45.137 1.660134 26.06119 -45.12582 1.659723
4 16 26.06119 -45.12582 1.659723 25.82407 -45.137 1.660134 25.82407 -45.137 -1.660134 26.06119 -45.12582 -1.659723
3 16 26.06119 -45.12582 -1.659723 25.82407 -45.137 -1.660134 25.82407 -45.10954 -2.287697
3 16 26.06119 -45.12582 -1.659723 25.82407 -45.10954 -2.287697 26.06119 -44.88197 -4.970199
3 16 26.06119 -44.88197 -4.970199 25.82407 -45.10954 -2.287697 25.82407 -44.89309 -4.97143
3 16 26.06119 -44.88197 -4.970199 25.82407 -44.89309 -4.97143 25.82407 -44.64666 -6.839616
3 16 25.82407 -45.10954 2.287697 26.06119 -45.12582 1.659723 25.82407 -44.89309 4.97143
3 16 25.82407 -44.89309 4.97143 26.06119 -45.12582 1.659723 26.06119 -44.88197 4.970199
3 16 25.82407 -44.89309 4.97143 26.06119 -44.88197 4.970199 25.82407 -44.64666 6.839616
3 16 25.82407 -44.64666 6.839616 26.06119 -44.88197 4.970199 26.06119 -44.3956 8.253818
3 16 25.82407 -44.64666 6.839616 26.06119 -44.3956 8.253818 25.82407 -44.40659 8.255863
3 16 25.82407 -44.40659 8.255863 26.06119 -44.3956 8.253818 25.82407 -43.72564 11.32135
3 16 25.82407 -43.72564 11.32135 26.06119 -44.3956 8.253818 26.06119 -43.66931 11.49284
3 16 25.82407 -43.72564 11.32135 26.06119 -43.66931 11.49284 25.82407 -43.68013 11.49568
4 16 25.82407 -43.68013 11.49568 26.06119 -43.66931 11.49284 26.06119 -42.70706 14.66975 25.82407 -42.71763 14.67338
3 16 25.82407 -42.71763 14.67338 26.06119 -42.70706 14.66975 25.82407 -42.35593 15.68691
3 16 25.82407 -42.35593 15.68691 26.06119 -42.70706 14.66975 26.06119 -41.51402 17.76739
3 16 25.82407 -42.35593 15.68691 26.06119 -41.51402 17.76739 25.82407 -41.5243 17.77179
3 16 25.82407 -41.5243 17.77179 26.06119 -41.51402 17.76739 25.82407 -40.5516 19.89151
3 16 25.82407 -40.5516 19.89151 26.06119 -41.51402 17.76739 26.06119 -40.09666 20.76902
3 16 25.82407 -40.5516 19.89151 26.06119 -40.09666 20.76902 25.82407 -40.10659 20.77417
4 16 25.82407 -40.10659 20.77417 26.06119 -40.09666 20.76902 26.06119 -38.46262 23.65842 25.82407 -38.47215 23.66428
3 16 26.06119 -34.58098 29.03877 25.82407 -35.71738 27.64731 26.06119 -36.62074 26.41998
3 16 26.06119 -36.62074 26.41998 25.82407 -35.71738 27.64731 25.82407 -36.62981 26.42653
3 16 26.06119 -36.62074 26.41998 25.82407 -36.62981 26.42653 26.06119 -38.46262 23.65842
3 16 26.06119 -38.46262 23.65842 25.82407 -36.62981 26.42653 25.82407 -38.33115 23.89199
3 16 26.06119 -38.46262 23.65842 25.82407 -38.33115 23.89199 25.82407 -38.47215 23.66428
3 16 25.82407 -29.42088 34.27122 25.82407 -29.96029 33.80067 26.06119 -29.95288 33.7923
4 16 26.06119 -29.95288 33.7923 25.82407 -29.96029 33.80067 25.82407 -32.36236 31.50845 26.06119 -32.35434 31.50065
3 16 26.06119 -32.35434 31.50065 25.82407 -32.36236 31.50845 25.82407 -32.73709 31.11892
3 16 26.06119 -32.35434 31.50065 25.82407 -32.73709 31.11892 26.06119 -34.58098 29.03877
3 16 26.06119 -34.58098 29.03877 25.82407 -32.73709 31.11892 25.82407 -34.58954 29.04597
3 16 26.06119 -34.58098 29.03877 25.82407 -34.58954 29.04597 25.82407 -35.71738 27.64731
3 16 25.82407 -29.42088 34.27122 26.06119 -29.95288 33.7923 25.82407 -27.39633 35.91024
3 16 25.82407 -27.39633 35.91024 26.06119 -29.95288 33.7923 26.06119 -27.38955 35.90135
3 16 25.82407 -27.39633 35.91024 26.06119 -27.38955 35.90135 25.82407 -25.80277 37.07185
3 16 25.82407 -25.80277 37.07185 26.06119 -27.38955 35.90135 26.06119 -24.67822 37.81639
3 16 25.82407 -25.80277 37.07185 26.06119 -24.67822 37.81639 25.82407 -24.68433 37.82576
3 16 25.82407 -24.68433 37.82576 26.06119 -24.67822 37.81639 25.82407 -21.91988 39.49206
3 16 25.82407 -21.91988 39.49206 26.06119 -24.67822 37.81639 26.06119 -21.83354 39.52709
3 16 25.82407 -21.91988 39.49206 26.06119 -21.83354 39.52709 25.82407 -21.83894 39.53688
4 16 25.82407 -21.83894 39.53688 26.06119 -21.83354 39.52709 26.06119 -18.87087 41.0242 25.82407 -18.87554 41.03436
3 16 25.82407 -18.87554 41.03436 26.06119 -18.87087 41.0242 25.82407 -17.81207 41.50704
3 16 25.82407 -17.81207 41.50704 26.06119 -18.87087 41.0242 26.06119 -15.80623 42.29962
3 16 25.82407 -17.81207 41.50704 26.06119 -15.80623 42.29962 25.82407 -15.81014 42.31009
3 16 25.82407 -15.81014 42.31009 26.06119 -15.80623 42.29962 25.82407 -13.52149 43.0961
3 16 25.82407 -13.52149 43.0961 26.06119 -15.80623 42.29962 26.06119 -12.65617 43.34646
3 16 25.82407 -13.52149 43.0961 26.06119 -12.65617 43.34646 25.82407 -12.65931 43.35719
4 16 25.82407 -12.65931 43.35719 26.06119 -12.65617 43.34646 26.06119 -9.437731 44.15907 25.82407 -9.440067 44.17001
3 16 26.06119 -2.865513 45.06532 25.82407 -2.866223 45.07648 25.82407 -4.569522 44.93577
3 16 26.06119 -2.865513 45.06532 25.82407 -4.569522 44.93577 26.06119 -6.168287 44.73306
3 16 26.06119 -6.168287 44.73306 25.82407 -4.569522 44.93577 25.82407 -6.169815 44.74414
3 16 26.06119 -6.168287 44.73306 25.82407 -6.169815 44.74414 26.06119 -9.437731 44.15907
3 16 26.06119 -9.437731 44.15907 25.82407 -6.169815 44.74414 25.82407 -9.092154 44.24293
3 16 26.06119 -9.437731 44.15907 25.82407 -9.092154 44.24293 25.82407 -9.440067 44.17001
4 16 28.33257 0 42.88495 28.25445 0 43.31271 28.25445 -2.748521 43.22541 28.33257 -2.721377 42.79852
4 16 28.33257 -2.721377 42.79852 28.25445 -2.748521 43.22541 28.25445 -5.916451 42.90671 28.33257 -5.85802 42.48297
4 16 28.33257 -5.85802 42.48297 28.25445 -5.916451 42.90671 28.25445 -9.05241 42.35616 28.33257 -8.963009 41.93785
4 16 28.33257 -8.963009 41.93785 28.25445 -9.05241 42.35616 28.25445 -12.13945 41.57673 28.33257 -12.01956 41.16612
4 16 28.33257 -12.01956 41.16612 28.25445 -12.13945 41.57673 28.25445 -15.1609 40.57262 28.33257 -15.01117 40.17193
4 16 28.33257 -15.01117 40.17193 28.25445 -15.1609 40.57262 28.25445 -18.10041 39.34928 28.33257 -17.92166 38.96067
4 16 28.33257 -17.92166 38.96067 28.25445 -18.10041 39.34928 28.25445 -20.94212 37.9133 28.33257 -20.7353 37.53887
4 16 28.33257 -20.7353 37.53887 28.25445 -20.94212 37.9133 28.25445 -23.67067 36.27244 28.33257 -23.4369 35.91422
4 16 28.33257 -23.4369 35.91422 28.25445 -23.67067 36.27244 28.25445 -26.2713 34.43558 28.33257 -26.01185 34.0955
4 16 28.33257 -26.01185 34.0955 28.25445 -26.2713 34.43558 28.25445 -28.72997 32.41264 28.33257 -28.44623 32.09254
4 16 28.33257 -28.44623 32.09254 28.25445 -28.72997 32.41264 28.25445 -31.03339 30.21455 28.33257 -30.72691 29.91615
4 16 28.33257 -30.72691 29.91615 28.25445 -31.03339 30.21455 28.25445 -33.16912 27.85319 28.33257 -32.84154 27.57811
4 16 28.33257 -32.84154 27.57811 28.25445 -33.16912 27.85319 28.25445 -35.12561 25.34132 28.33257 -34.77871 25.09105
4 16 28.33257 -34.77871 25.09105 28.25445 -35.12561 25.34132 28.25445 -36.89228 22.69251 28.33257 -36.52794 22.4684
4 16 28.33257 -36.52794 22.4684 28.25445 -36.89228 22.69251 28.25445 -38.45961 19.92107 28.33257 -38.07978 19.72433
4 16 28.33257 -38.07978 19.72433 28.25445 -38.45961 19.92107 28.25445 -39.8191 17.04199 28.33257 -39.42585 16.87369
4 16 28.33257 -39.42585 16.87369 28.25445 -39.8191 17.04199 28.25445 -40.96343 14.07082 28.33257 -40.55888 13.93186
4 16 28.33257 -40.55888 13.93186 28.25445 -40.96343 14.07082 28.25445 -41.8864 11.02361 28.33257 -41.47273 10.91474
4 16 28.33257 -41.47273 10.91474 28.25445 -41.8864 11.02361 28.25445 -42.58303 7.916834 28.33257 -42.16248 7.838649
4 16 28.33257 -42.16248 7.838649 28.25445 -42.58303 7.916834 28.25445 -43.04955 4.767278 28.33257 -42.62439 4.720197
4 16 28.33257 -42.62439 4.720197 28.25445 -43.04955 4.767278 28.25445 -43.28344 1.59196 28.33257 -42.85597 1.576238
4 16 28.33257 -42.85597 1.576238 28.25445 -43.28344 1.59196 28.25445 -43.28344 -1.59196 28.33257 -42.85597 -1.576238
4 16 28.33257 -42.85597 -1.576238 28.25445 -43.28344 -1.59196 28.25445 -43.04955 -4.767278 28.33257 -42.62439 -4.720197
4 16 28.33257 -42.62439 -4.720197 28.25445 -43.04955 -4.767278 28.25445 -42.58303 -7.916834 28.33257 -42.16248 -7.838649
4 16 28.33257 -42.16248 -7.838649 28.25445 -42.58303 -7.916834 28.25445 -41.8864 -11.02361 28.33257 -41.47273 -10.91474
4 16 28.33257 -41.47273 -10.91474 28.25445 -41.8864 -11.02361 28.25445 -40.96343 -14.07082 28.33257 -40.55888 -13.93186
4 16 28.33257 -40.55888 -13.93186 28.25445 -40.96343 -14.07082 28.25445 -39.8191 -17.04199 28.33257 -39.42585 -16.87369
4 16 28.33257 -39.42585 -16.87369 28.25445 -39.8191 -17.04199 28.25445 -38.45961 -19.92107 28.33257 -38.07978 -19.72433
4 16 28.33257 -38.07978 -19.72433 28.25445 -38.45961 -19.92107 28.25445 -36.89228 -22.69251 28.33257 -36.52794 -22.4684
4 16 28.33257 -36.52794 -22.4684 28.25445 -36.89228 -22.69251 28.25445 -35.12561 -25.34132 28.33257 -34.77871 -25.09105
4 16 28.33257 -34.77871 -25.09105 28.25445 -35.12561 -25.34132 28.25445 -33.16912 -27.85319 28.33257 -32.84154 -27.57811
4 16 28.33257 -32.84154 -27.57811 28.25445 -33.16912 -27.85319 28.25445 -31.03339 -30.21455 28.33257 -30.72691 -29.91615
4 16 28.33257 -30.72691 -29.91615 28.25445 -31.03339 -30.21455 28.25445 -28.72997 -32.41264 28.33257 -28.44623 -32.09254
4 16 28.33257 -28.44623 -32.09254 28.25445 -28.72997 -32.41264 28.25445 -26.2713 -34.43558 28.33257 -26.01185 -34.0955
4 16 28.33257 -26.01185 -34.0955 28.25445 -26.2713 -34.43558 28.25445 -23.67067 -36.27244 28.33257 -23.4369 -35.91422
4 16 28.33257 -23.4369 -35.91422 28.25445 -23.67067 -36.27244 28.25445 -20.94212 -37.9133 28.33257 -20.7353 -37.53887
4 16 28.33257 -20.7353 -37.53887 28.25445 -20.94212 -37.9133 28.25445 -18.10041 -39.34928 28.33257 -17.92166 -38.96067
4 16 28.33257 -17.92166 -38.96067 28.25445 -18.10041 -39.34928 28.25445 -15.1609 -40.57262 28.33257 -15.01117 -40.17193
4 16 28.33257 -15.01117 -40.17193 28.25445 -15.1609 -40.57262 28.25445 -12.13945 -41.57673 28.33257 -12.01956 -41.16612
4 16 28.33257 -12.01956 -41.16612 28.25445 -12.13945 -41.57673 28.25445 -9.05241 -42.35616 28.33257 -8.963009 -41.93785
4 16 28.33257 -8.963009 -41.93785 28.25445 -9.05241 -42.35616 28.25445 -5.916451 -42.90671 28.33257 -5.85802 -42.48297
4 16 28.33257 -5.85802 -42.48297 28.25445 -5.916451 -42.90671 28.25445 -2.748521 -43.22541 28.33257 -2.721377 -42.79852
4 16 28.33257 -2.721377 -42.79852 28.25445 -2.748521 -43.22541 28.25445 0 -43.31271 28.33257 0 -42.88495
4 16 28.25445 0 43.31271 28.10395 0 43.72066 28.10395 -2.774409 43.63254 28.25445 -2.748521 43.22541
4 16 28.25445 -2.748521 43.22541 28.10395 -2.774409 43.63254 28.10395 -5.972177 43.31084 28.25445 -5.916451 42.90671
4 16 28.25445 -5.916451 42.90671 28.10395 -5.972177 43.31084 28.10395 -9.137672 42.7551 28.25445 -9.05241 42.35616
4 16 28.25445 -9.05241 42.35616 28.10395 -9.137672 42.7551 28.10395 -12.25379 41.96833 28.25445 -12.13945 41.57673
4 16 28.25445 -12.13945 41.57673 28.10395 -12.25379 41.96833 28.10395 -15.30369 40.95477 28.25445 -15.1609 40.57262
4 16 28.25445 -15.1609 40.57262 28.10395 -15.30369 40.95477 28.10395 -18.2709 39.7199 28.25445 -18.10041 39.34928
4 16 28.25445 -18.10041 39.34928 28.10395 -18.2709 39.7199 28.10395 -21.13937 38.27039 28.25445 -20.94212 37.9133
4 16 28.25445 -20.94212 37.9133 28.10395 -21.13937 38.27039 28.10395 -23.89362 36.61408 28.25445 -23.67067 36.27244
4 16 28.25445 -23.67067 36.27244 28.10395 -23.89362 36.61408 28.10395 -26.51874 34.75992 28.25445 -26.2713 34.43558
4 16 28.25445 -26.2713 34.43558 28.10395 -26.51874 34.75992 28.10395 -29.00057 32.71793 28.25445 -28.72997 32.41264
4 16 28.25445 -28.72997 32.41264 28.10395 -29.00057 32.71793 28.10395 -31.32569 30.49914 28.25445 -31.03339 30.21455
4 16 28.25445 -31.03339 30.21455 28.10395 -31.32569 30.49914 28.10395 -33.48153 28.11553 28.25445 -33.16912 27.85319
4 16 28.25445 -33.16912 27.85319 28.10395 -33.48153 28.11553 28.10395 -35.45645 25.58 28.25445 -35.12561 25.34132
4 16 28.25445 -35.12561 25.34132 28.10395 -35.45645 25.58 28.10395 -37.23976 22.90624 28.25445 -36.89228 22.69251
4 16 28.25445 -36.89228 22.69251 28.10395 -37.23976 22.90624 28.10395 -38.82185 20.10871 28.25445 -38.45961 19.92107
4 16 28.25445 -38.45961 19.92107 28.10395 -38.82185 20.10871 28.10395 -40.19415 17.20251 28.25445 -39.8191 17.04199
4 16 28.25445 -39.8191 17.04199 28.10395 -40.19415 17.20251 28.10395 -41.34925 14.20335 28.25445 -40.96343 14.07082
4 16 28.25445 -40.96343 14.07082 28.10395 -41.34925 14.20335 28.10395 -42.28092 11.12744 28.25445 -41.8864 11.02361
4 16 28.25445 -41.8864 11.02361 28.10395 -42.28092 11.12744 28.10395 -42.98411 7.991401 28.25445 -42.58303 7.916834
4 16 28.25445 -42.58303 7.916834 28.10395 -42.98411 7.991401 28.10395 -43.45502 4.81218 28.25445 -43.04955 4.767278
4 16 28.25445 -43.04955 4.767278 28.10395 -43.45502 4.81218 28.10395 -43.69112 1.606954 28.25445 -43.28344 1.59196
4 16 28.25445 -43.28344 1.59196 28.10395 -43.69112 1.606954 28.10395 -43.69112 -1.606954 28.25445 -43.28344 -1.59196
4 16 28.25445 -43.28344 -1.59196 28.10395 -43.69112 -1.606954 28.10395 -43.45502 -4.81218 28.25445 -43.04955 -4.767278
4 16 28.25445 -43.04955 -4.767278 28.10395 -43.45502 -4.81218 28.10395 -42.98411 -7.991401 28.25445 -42.58303 -7.916834
4 16 28.25445 -42.58303 -7.916834 28.10395 -42.98411 -7.991401 28.10395 -42.28092 -11.12744 28.25445 -41.8864 -11.02361
4 16 28.25445 -41.8864 -11.02361 28.10395 -42.28092 -11.12744 28.10395 -41.34925 -14.20335 28.25445 -40.96343 -14.07082
4 16 28.25445 -40.96343 -14.07082 28.10395 -41.34925 -14.20335 28.10395 -40.19415 -17.20251 28.25445 -39.8191 -17.04199
4 16 28.25445 -39.8191 -17.04199 28.10395 -40.19415 -17.20251 28.10395 -38.82185 -20.10871 28.25445 -38.45961 -19.92107
4 16 28.25445 -38.45961 -19.92107 28.10395 -38.82185 -20.10871 28.10395 -37.23976 -22.90624 28.25445 -36.89228 -22.69251
4 16 28.25445 -36.89228 -22.69251 28.10395 -37.23976 -22.90624 28.10395 -35.45645 -25.58 28.25445 -35.12561 -25.34132
4 16 28.25445 -35.12561 -25.34132 28.10395 -35.45645 -25.58 28.10395 -33.48153 -28.11553 28.25445 -33.16912 -27.85319
4 16 28.25445 -33.16912 -27.85319 28.10395 -33.48153 -28.11553 28.10395 -31.32569 -30.49914 28.25445 -31.03339 -30.21455
4 16 28.25445 -31.03339 -30.21455 28.10395 -31.32569 -30.49914 28.10395 -29.00057 -32.71793 28.25445 -28.72997 -32.41264
4 16 28.25445 -28.72997 -32.41264 28.10395 -29.00057 -32.71793 28.10395 -26.51874 -34.75992 28.25445 -26.2713 -34.43558
4 16 28.25445 -26.2713 -34.43558 28.10395 -26.51874 -34.75992 28.10395 -23.89362 -36.61408 28.25445 -23.67067 -36.27244
4 16 28.25445 -23.67067 -36.27244 28.10395 -23.89362 -36.61408 28.10395 -21.13937 -38.27039 28.25445 -20.94212 -37.9133
4 16 28.25445 -20.94212 -37.9133 28.10395 -21.13937 -38.27039 28.10395 -18.2709 -39.7199 28.25445 -18.10041 -39.34928
4 16 28.25445 -18.10041 -39.34928 28.10395 -18.2709 -39.7199 28.10395 -15.30369 -40.95477 28.25445 -15.1609 -40.57262
4 16 28.25445 -15.1609 -40.57262 28.10395 -15.30369 -40.95477 28.10395 -12.25379 -41.96833 28.25445 -12.13945 -41.57673
4 16 28.25445 -12.13945 -41.57673 28.10395 -12.25379 -41.96833 28.10395 -9.137672 -42.7551 28.25445 -9.05241 -42.35616
4 16 28.25445 -9.05241 -42.35616 28.10395 -9.137672 -42.7551 28.10395 -5.972177 -43.31084 28.25445 -5.916451 -42.90671
4 16 28.25445 -5.916451 -42.90671 28.10395 -5.972177 -43.31084 28.10395 -2.774409 -43.63254 28.25445 -2.748521 -43.22541
4 16 28.25445 -2.748521 -43.22541 28.10395 -2.774409 -43.63254 28.10395 0 -43.72066 28.25445 0 -43.31271
4 16 28.10395 0 43.72066 27.88555 0 44.09666 27.88555 -2.798269 44.00779 28.10395 -2.774409 43.63254
4 16 28.10395 -2.774409 43.63254 27.88555 -2.798269 44.00779 27.88555 -6.023538 43.68332 28.10395 -5.972177 43.31084
4 16 28.10395 -5.972177 43.31084 27.88555 -6.023538 43.68332 27.88555 -9.216257 43.1228 28.10395 -9.137672 42.7551
4 16 28.10395 -9.137672 42.7551 27.88555 -9.216257 43.1228 27.88555 -12.35917 42.32926 28.10395 -12.25379 41.96833
4 16 28.10395 -12.25379 41.96833 27.88555 -12.35917 42.32926 27.88555 -15.43531 41.30698 28.10395 -15.30369 40.95477
4 16 28.10395 -15.30369 40.95477 27.88555 -15.43531 41.30698 27.88555 -18.42803 40.06149 28.10395 -18.2709 39.7199
4 16 28.10395 -18.2709 39.7199 27.88555 -18.42803 40.06149 27.88555 -21.32117 38.59952 28.10395 -21.13937 38.27039
4 16 28.10395 -21.13937 38.27039 27.88555 -21.32117 38.59952 27.88555 -24.0991 36.92897 28.10395 -23.89362 36.61408
4 16 28.10395 -23.89362 36.61408 27.88555 -24.0991 36.92897 27.88555 -26.74681 35.05886 28.10395 -26.51874 34.75992
4 16 28.10395 -26.51874 34.75992 27.88555 -26.74681 35.05886 27.88555 -29.24998 32.99931 28.10395 -29.00057 32.71793
4 16 28.10395 -29.00057 32.71793 27.88555 -29.24998 32.99931 27.88555 -31.59509 30.76143 28.10395 -31.32569 30.49914
4 16 28.10395 -31.32569 30.49914 27.88555 -31.59509 30.76143 27.88555 -33.76947 28.35733 28.10395 -33.48153 28.11553
4 16 28.10395 -33.48153 28.11553 27.88555 -33.76947 28.35733 27.88555 -35.76137 25.79999 28.10395 -35.45645 25.58
4 16 28.10395 -35.45645 25.58 27.88555 -35.76137 25.79999 27.88555 -37.56003 23.10324 28.10395 -37.23976 22.90624
4 16 28.10395 -37.23976 22.90624 27.88555 -37.56003 23.10324 27.88555 -39.15572 20.28164 28.10395 -38.82185 20.10871
4 16 28.10395 -38.82185 20.10871 27.88555 -39.15572 20.28164 27.88555 -40.53983 17.35045 28.10395 -40.19415 17.20251
4 16 28.10395 -40.19415 17.20251 27.88555 -40.53983 17.35045 27.88555 -41.70486 14.3255 28.10395 -41.34925 14.20335
4 16 28.10395 -41.34925 14.20335 27.88555 -41.70486 14.3255 27.88555 -42.64454 11.22314 28.10395 -42.28092 11.12744
4 16 28.10395 -42.28092 11.12744 27.88555 -42.64454 11.22314 27.88555 -43.35378 8.060128 28.10395 -42.98411 7.991401
4 16 28.10395 -42.98411 7.991401 27.88555 -43.35378 8.060128 27.88555 -43.82874 4.853565 28.10395 -43.45502 4.81218
4 16 28.10395 -43.45502 4.81218 27.88555 -43.82874 4.853565 27.88555 -44.06686 1.620775 28.10395 -43.69112 1.606954
4 16 28.10395 -43.69112 1.606954 27.88555 -44.06686 1.620775 27.88555 -44.06686 -1.620775 28.10395 -43.69112 -1.606954
4 16 28.10395 -43.69112 -1.606954 27.88555 -44.06686 -1.620775 27.88555 -43.82874 -4.853565 28.10395 -43.45502 -4.81218
4 16 28.10395 -43.45502 -4.81218 27.88555 -43.82874 -4.853565 27.88555 -43.35378 -8.060128 28.10395 -42.98411 -7.991401
4 16 28.10395 -42.98411 -7.991401 27.88555 -43.35378 -8.060128 27.88555 -42.64454 -11.22314 28.10395 -42.28092 -11.12744
4 16 28.10395 -42.28092 -11.12744 27.88555 -42.64454 -11.22314 27.88555 -41.70486 -14.3255 28.10395 -41.34925 -14.20335
4 16 28.10395 -41.34925 -14.20335 27.88555 -41.70486 -14.3255 27.88555 -40.53983 -17.35045 28.10395 -40.19415 -17.20251
4 16 28.10395 -40.19415 -17.20251 27.88555 -40.53983 -17.35045 27.88555 -39.15572 -20.28164 28.10395 -38.82185 -20.10871
4 16 28.10395 -38.82185 -20.10871 27.88555 -39.15572 -20.28164 27.88555 -37.56003 -23.10324 28.10395 -37.23976 -22.90624
4 16 28.10395 -37.23976 -22.90624 27.88555 -37.56003 -23.10324 27.88555 -35.76137 -25.79999 28.10395 -35.45645 -25.58
4 16 28.10395 -35.45645 -25.58 27.88555 -35.76137 -25.79999 27.88555 -33.76947 -28.35733 28.10395 -33.48153 -28.11553
4 16 28.10395 -33.48153 -28.11553 27.88555 -33.76947 -28.35733 27.88555 -31.59509 -30.76143 28.10395 -31.32569 -30.49914
4 16 28.10395 -31.32569 -30.49914 27.88555 -31.59509 -30.76143 27.88555 -29.24998 -32.99931 28.10395 -29.00057 -32.71793
4 16 28.10395 -29.00057 -32.71793 27.88555 -29.24998 -32.99931 27.88555 -26.74681 -35.05886 28.10395 -26.51874 -34.75992
4 16 28.10395 -26.51874 -34.75992 27.88555 -26.74681 -35.05886 27.88555 -24.0991 -36.92897 28.10395 -23.89362 -36.61408
4 16 28.10395 -23.89362 -36.61408 27.88555 -24.0991 -36.92897 27.88555 -21.32117 -38.59952 28.10395 -21.13937 -38.27039
4 16 28.10395 -21.13937 -38.27039 27.88555 -21.32117 -38.59952 27.88555 -18.42803 -40.06149 28.10395 -18.2709 -39.7199
4 16 28.10395 -18.2709 -39.7199 27.88555 -18.42803 -40.06149 27.88555 -15.43531 -41.30698 28.10395 -15.30369 -40.95477
4 16 28.10395 -15.30369 -40.95477 27.88555 -15.43531 -41.30698 27.88555 -12.35917 -42.32926 28.10395 -12.25379 -41.96833
4 16 28.10395 -12.25379 -41.96833 27.88555 -12.35917 -42.32926 27.88555 -9.216257 -43.1228 28.10395 -9.137672 -42.7551
4 16 28.10395 -9.137672 -42.7551 27.88555 -9.216257 -43.1228 27.88555 -6.023538 -43.68332 28.10395 -5.972177 -43.31084
4 16 28.10395 -5.972177 -43.31084 27.88555 -6.023538 -43.68332 27.88555 -2.798269 -44.00779 28.10395 -2.774409 -43.63254
4 16 28.10395 -2.774409 -43.63254 27.88555 -2.798269 -44.00779 27.88555 0 -44.09666 28.10395 0 -43.72066
4 16 27.88555 0 44.09666 27.60575 0 44.42951 27.60575 -2.819391 44.33997 27.88555 -2.798269 44.00779
4 16 27.88555 -2.798269 44.00779 27.60575 -2.819391 44.33997 27.60575 -6.069005 44.01306 27.88555 -6.023538 43.68332
4 16 27.88555 -6.023538 43.68332 27.60575 -6.069005 44.01306 27.60575 -9.285824 43.44831 27.88555 -9.216257 43.1228
4 16 27.88555 -9.216257 43.1228 27.60575 -9.285824 43.44831 27.60575 -12.45247 42.64877 27.88555 -12.35917 42.32926
4 16 27.88555 -12.35917 42.32926 27.60575 -12.45247 42.64877 27.60575 -15.55182 41.61878 27.88555 -15.43531 41.30698
4 16 27.88555 -15.43531 41.30698 27.60575 -15.55182 41.61878 27.60575 -18.56713 40.36389 27.88555 -18.42803 40.06149
4 16 27.88555 -18.42803 40.06149 27.60575 -18.56713 40.36389 27.60575 -21.48211 38.89088 27.88555 -21.32117 38.59952
4 16 27.88555 -21.32117 38.59952 27.60575 -21.48211 38.89088 27.60575 -24.28101 37.20772 27.88555 -24.0991 36.92897
4 16 27.88555 -24.0991 36.92897 27.60575 -24.28101 37.20772 27.60575 -26.9487 35.3235 27.88555 -26.74681 35.05886
4 16 27.88555 -26.74681 35.05886 27.60575 -26.9487 35.3235 27.60575 -29.47077 33.24839 27.88555 -29.24998 32.99931
4 16 27.88555 -29.24998 32.99931 27.60575 -29.47077 33.24839 27.60575 -31.83358 30.99363 27.88555 -31.59509 30.76143
4 16 27.88555 -31.59509 30.76143 27.60575 -31.83358 30.99363 27.60575 -34.02438 28.57138 27.88555 -33.76947 28.35733
4 16 27.88555 -33.76947 28.35733 27.60575 -34.02438 28.57138 27.60575 -36.03131 25.99474 27.88555 -35.76137 25.79999
4 16 27.88555 -35.76137 25.79999 27.60575 -36.03131 25.99474 27.60575 -37.84354 23.27763 27.88555 -37.56003 23.10324
4 16 27.88555 -37.56003 23.10324 27.60575 -37.84354 23.27763 27.60575 -39.45128 20.43474 27.88555 -39.15572 20.28164
4 16 27.88555 -39.15572 20.28164 27.60575 -39.45128 20.43474 27.60575 -40.84583 17.48141 27.88555 -40.53983 17.35045
4 16 27.88555 -40.53983 17.35045 27.60575 -40.84583 17.48141 27.60575 -42.01967 14.43363 27.88555 -41.70486 14.3255
4 16 27.88555 -41.70486 14.3255 27.60575 -42.01967 14.43363 27.60575 -42.96643 11.30785 27.88555 -42.64454 11.22314
4 16 27.88555 -42.64454 11.22314 27.60575 -42.96643 11.30785 27.60575 -43.68102 8.120969 27.88555 -43.35378 8.060128
4 16 27.88555 -43.35378 8.060128 27.60575 -43.68102 8.120969 27.60575 -44.15957 4.890201 27.88555 -43.82874 4.853565
4 16 27.88555 -43.82874 4.853565 27.60575 -44.15957 4.890201 27.60575 -44.3995 1.633008 27.88555 -44.06686 1.620775
4 16 27.88555 -44.06686 1.620775 27.60575 -44.3995 1.633008 27.60575 -44.3995 -1.633008 27.88555 -44.06686 -1.620775
4 16 27.88555 -44.06686 -1.620775 27.60575 -44.3995 -1.633008 27.60575 -44.15957 -4.890201 27.88555 -43.82874 -4.853565
4 16 27.88555 -43.82874 -4.853565 27.60575 -44.15957 -4.890201 27.60575 -43.68102 -8.120969 27.88555 -43.35378 -8.060128
4 16 27.88555 -43.35378 -8.060128 27.60575 -43.68102 -8.120969 27.60575 -42.96643 -11.30785 27.88555 -42.64454 -11.22314
4 16 27.88555 -42.64454 -11.22314 27.60575 -42.96643 -11.30785 27.60575 -42.01967 -14.43363 27.88555 -41.70486 -14.3255
4 16 27.88555 -41.70486 -14.3255 27.60575 -42.01967 -14.43363 27.60575 -40.84583 -17.48141 27.88555 -40.53983 -17.35045
4 16 27.88555 -40.53983 -17.35045 27.60575 -40.84583 -17.48141 27.60575 -39.45128 -20.43474 27.88555 -39.15572 -20.28164
4 16 27.88555 -39.15572 -20.28164 27.60575 -39.45128 -20.43474 27.60575 -37.84354 -23.27763 27.88555 -37.56003 -23.10324
4 16 27.88555 -37.56003 -23.10324 27.60575 -37.84354 -23.27763 27.60575 -36.03131 -25.99474 27.88555 -35.76137 -25.79999
4 16 27.88555 -35.76137 -25.79999 27.60575 -36.03131 -25.99474 27.60575 -34.02438 -28.57138 27.88555 -33.76947 -28.35733
4 16 27.88555 -33.76947 -28.35733 27.60575 -34.02438 -28.57138 27.60575 -31.83358 -30.99363 27.88555 -31.59509 -30.76143
4 16 27.88555 -31.59509 -30.76143 27.60575 -31.83358 -30.99363 27.60575 -29.47077 -33.24839 27.88555 -29.24998 -32.99931
4 16 27.88555 -29.24998 -32.99931 27.60575 -29.47077 -33.24839 27.60575 -26.9487 -35.3235 27.88555 -26.74681 -35.05886
4 16 27.88555 -26.74681 -35.05886 27.60575 -26.9487 -35.3235 27.60575 -24.28101 -37.20772 27.88555 -24.0991 -36.92897
4 16 27.88555 -24.0991 -36.92897 27.60575 -24.28101 -37.20772 27.60575 -21.48211 -38.89088 27.88555 -21.32117 -38.59952
4 16 27.88555 -21.32117 -38.59952 27.60575 -21.48211 -38.89088 27.60575 -18.56713 -40.36389 27.88555 -18.42803 -40.06149
4 16 27.88555 -18.42803 -40.06149 27.60575 -18.56713 -40.36389 27.60575 -15.55182 -41.61878 27.88555 -15.43531 -41.30698
4 16 27.88555 -15.43531 -41.30698 27.60575 -15.55182 -41.61878 27.60575 -12.45247 -42.64877 27.88555 -12.35917 -42.32926
4 16 27.88555 -12.35917 -42.32926 27.60575 -12.45247 -42.64877 27.60575 -9.285824 -43.44831 27.88555 -9.216257 -43.1228
4 16 27.88555 -9.216257 -43.1228 27.60575 -9.285824 -43.44831 27.60575 -6.069005 -44.01306 27.88555 -6.023538 -43.68332
4 16 27.88555 -6.023538 -43.68332 27.60575 -6.069005 -44.01306 27.60575 -2.819391 -44.33997 27.88555 -2.798269 -44.00779
4 16 27.88555 -2.798269 -44.00779 27.60575 -2.819391 -44.33997 27.60575 0 -44.42951 27.88555 0 -44.09666
4 16 27.60575 0 44.42951 27.2729 0 44.70931 27.2729 -2.837146 44.6192 27.60575 -2.819391 44.33997
4 16 27.60575 -2.819391 44.33997 27.2729 -2.837146 44.6192 27.2729 -6.107225 44.29023 27.60575 -6.069005 44.01306
4 16 27.60575 -6.069005 44.01306 27.2729 -6.107225 44.29023 27.2729 -9.344302 43.72192 27.60575 -9.285824 43.44831
4 16 27.60575 -9.285824 43.44831 27.2729 -9.344302 43.72192 27.2729 -12.53088 42.91735 27.60575 -12.45247 42.64877
4 16 27.60575 -12.45247 42.64877 27.2729 -12.53088 42.91735 27.2729 -15.64975 41.88087 27.60575 -15.55182 41.61878
4 16 27.60575 -15.55182 41.61878 27.2729 -15.64975 41.88087 27.2729 -18.68406 40.61808 27.60575 -18.56713 40.36389
4 16 27.60575 -18.56713 40.36389 27.2729 -18.68406 40.61808 27.2729 -21.6174 39.1358 27.60575 -21.48211 38.89088
4 16 27.60575 -21.48211 38.89088 27.2729 -21.6174 39.1358 27.2729 -24.43392 37.44203 27.60575 -24.28101 37.20772
4 16 27.60575 -24.28101 37.20772 27.2729 -24.43392 37.44203 27.2729 -27.11841 35.54595 27.60575 -26.9487 35.3235
4 16 27.60575 -26.9487 35.3235 27.2729 -27.11841 35.54595 27.2729 -29.65636 33.45777 27.60575 -29.47077 33.24839
4 16 27.60575 -29.47077 33.24839 27.2729 -29.65636 33.45777 27.2729 -32.03405 31.18881 27.60575 -31.83358 30.99363
4 16 27.60575 -31.83358 30.99363 27.2729 -32.03405 31.18881 27.2729 -34.23864 28.75131 27.60575 -34.02438 28.57138
4 16 27.60575 -34.02438 28.57138 27.2729 -34.23864 28.75131 27.2729 -36.25822 26.15844 27.60575 -36.03131 25.99474
4 16 27.60575 -36.03131 25.99474 27.2729 -36.25822 26.15844 27.2729 -38.08186 23.42422 27.60575 -37.84354 23.27763
4 16 27.60575 -37.84354 23.27763 27.2729 -38.08186 23.42422 27.2729 -39.69972 20.56342 27.60575 -39.45128 20.43474
4 16 27.60575 -39.45128 20.43474 27.2729 -39.69972 20.56342 27.2729 -41.10306 17.5915 27.60575 -40.84583 17.48141
4 16 27.60575 -40.84583 17.48141 27.2729 -41.10306 17.5915 27.2729 -42.28428 14.52453 27.60575 -42.01967 14.43363
4 16 27.60575 -42.01967 14.43363 27.2729 -42.28428 14.52453 27.2729 -43.23701 11.37906 27.60575 -42.96643 11.30785
4 16 27.60575 -42.96643 11.30785 27.2729 -43.23701 11.37906 27.2729 -43.9561 8.17211 27.60575 -43.68102 8.120969
4 16 27.60575 -43.68102 8.120969 27.2729 -43.9561 8.17211 27.2729 -44.43767 4.920997 27.60575 -44.15957 4.890201
4 16 27.60575 -44.15957 4.890201 27.2729 -44.43767 4.920997 27.2729 -44.6791 1.643292 27.60575 -44.3995 1.633008
4 16 27.60575 -44.3995 1.633008 27.2729 -44.6791 1.643292 27.2729 -44.6791 -1.643292 27.60575 -44.3995 -1.633008
4 16 27.60575 -44.3995 -1.633008 27.2729 -44.6791 -1.643292 27.2729 -44.43767 -4.920997 27.60575 -44.15957 -4.890201
4 16 27.60575 -44.15957 -4.890201 27.2729 -44.43767 -4.920997 27.2729 -43.9561 -8.17211 27.60575 -43.68102 -8.120969
4 16 27.60575 -43.68102 -8.120969 27.2729 -43.9561 -8.17211 27.2729 -43.23701 -11.37906 27.60575 -42.96643 -11.30785
4 16 27.60575 -42.96643 -11.30785 27.2729 -43.23701 -11.37906 27.2729 -42.28428 -14.52453 27.60575 -42.01967 -14.43363
4 16 27.60575 -42.01967 -14.43363 27.2729 -42.28428 -14.52453 27.2729 -41.10306 -17.5915 27.60575 -40.84583 -17.48141
4 16 27.60575 -40.84583 -17.48141 27.2729 -41.10306 -17.5915 27.2729 -39.69972 -20.56342 27.60575 -39.45128 -20.43474
4 16 27.60575 -39.45128 -20.43474 27.2729 -39.69972 -20.56342 27.2729 -38.08186 -23.42422 27.60575 -37.84354 -23.27763
4 16 27.60575 -37.84354 -23.27763 27.2729 -38.08186 -23.42422 27.2729 -36.25822 -26.15844 27.60575 -36.03131 -25.99474
4 16 27.60575 -36.03131 -25.99474 27.2729 -36.25822 -26.15844 27.2729 -34.23864 -28.75131 27.60575 -34.02438 -28.57138
4 16 27.60575 -34.02438 -28.57138 27.2729 -34.23864 -28.75131 27.2729 -32.03405 -31.18881 27.60575 -31.83358 -30.99363
4 16 27.60575 -31.83358 -30.99363 27.2729 -32.03405 -31.18881 27.2729 -29.65636 -33.45777 27.60575 -29.47077 -33.24839
4 16 27.60575 -29.47077 -33.24839 27.2729 -29.65636 -33.45777 27.2729 -27.11841 -35.54595 27.60575 -26.9487 -35.3235
4 16 27.60575 -26.9487 -35.3235 27.2729 -27.11841 -35.54595 27.2729 -24.43392 -37.44203 27.60575 -24.28101 -37.20772
4 16 27.60575 -24.28101 -37.20772 27.2729 -24.43392 -37.44203 27.2729 -21.6174 -39.1358 27.60575 -21.48211 -38.89088
4 16 27.60575 -21.48211 -38.89088 27.2729 -21.6174 -39.1358 27.2729 -18.68406 -40.61808 27.60575 -18.56713 -40.36389
4 16 27.60575 -18.56713 -40.36389 27.2729 -18.68406 -40.61808 27.2729 -15.64975 -41.88087 27.60575 -15.55182 -41.61878
4 16 27.60575 -15.55182 -41.61878 27.2729 -15.64975 -41.88087 27.2729 -12.53088 -42.91735 27.60575 -12.45247 -42.64877
4 16 27.60575 -12.45247 -42.64877 27.2729 -12.53088 -42.91735 27.2729 -9.344302 -43.72192 27.60575 -9.285824 -43.44831
4 16 27.60575 -9.285824 -43.44831 27.2729 -9.344302 -43.72192 27.2729 -6.107225 -44.29023 27.60575 -6.069005 -44.01306
4 16 27.60575 -6.069005 -44.01306 27.2729 -6.107225 -44.29023 27.2729 -2.837146 -44.6192 27.60575 -2.819391 -44.33997
4 16 27.60575 -2.819391 -44.33997 27.2729 -2.837146 -44.6192 27.2729 0 -44.70931 27.60575 0 -44.42951
4 16 27.2729 0 44.70931 26.8969 0 44.92771 26.8969 -2.851005 44.83716 27.2729 -2.837146 44.6192
4 16 27.2729 -2.837146 44.6192 26.8969 -2.851005 44.83716 26.8969 -6.137058 44.50658 27.2729 -6.107225 44.29023
4 16 27.2729 -6.107225 44.29023 26.8969 -6.137058 44.50658 26.8969 -9.389947 43.9355 27.2729 -9.344302 43.72192
4 16 27.2729 -9.344302 43.72192 26.8969 -9.389947 43.9355 26.8969 -12.5921 43.127 27.2729 -12.53088 42.91735
4 16 27.2729 -12.53088 42.91735 26.8969 -12.5921 43.127 26.8969 -15.7262 42.08546 27.2729 -15.64975 41.88087
4 16 27.2729 -15.64975 41.88087 26.8969 -15.7262 42.08546 26.8969 -18.77533 40.81649 27.2729 -18.68406 40.61808
4 16 27.2729 -18.68406 40.61808 26.8969 -18.77533 40.81649 26.8969 -21.72299 39.32697 27.2729 -21.6174 39.1358
4 16 27.2729 -21.6174 39.1358 26.8969 -21.72299 39.32697 26.8969 -24.55328 37.62493 27.2729 -24.43392 37.44203
4 16 27.2729 -24.43392 37.44203 26.8969 -24.55328 37.62493 26.8969 -27.25088 35.71958 27.2729 -27.11841 35.54595
4 16 27.2729 -27.11841 35.54595 26.8969 -27.25088 35.71958 26.8969 -29.80123 33.62121 27.2729 -29.65636 33.45777
4 16 27.2729 -29.65636 33.45777 26.8969 -29.80123 33.62121 26.8969 -32.19054 31.34116 27.2729 -32.03405 31.18881
4 16 27.2729 -32.03405 31.18881 26.8969 -32.19054 31.34116 26.8969 -34.40589 28.89175 27.2729 -34.23864 28.75131
4 16 27.2729 -34.23864 28.75131 26.8969 -34.40589 28.89175 26.8969 -36.43534 26.28622 27.2729 -36.25822 26.15844
4 16 27.2729 -36.25822 26.15844 26.8969 -36.43534 26.28622 26.8969 -38.26789 23.53864 27.2729 -38.08186 23.42422
4 16 27.2729 -38.08186 23.42422 26.8969 -38.26789 23.53864 26.8969 -39.89365 20.66387 27.2729 -39.69972 20.56342
4 16 27.2729 -39.69972 20.56342 26.8969 -39.89365 20.66387 26.8969 -41.30384 17.67744 27.2729 -41.10306 17.5915
4 16 27.2729 -41.10306 17.5915 26.8969 -41.30384 17.67744 26.8969 -42.49084 14.59548 27.2729 -42.28428 14.52453
4 16 27.2729 -42.28428 14.52453 26.8969 -42.49084 14.59548 26.8969 -43.44822 11.43465 27.2729 -43.23701 11.37906
4 16 27.2729 -43.23701 11.37906 26.8969 -43.44822 11.43465 26.8969 -44.17082 8.21203 27.2729 -43.9561 8.17211
4 16 27.2729 -43.9561 8.17211 26.8969 -44.17082 8.21203 26.8969 -44.65474 4.945036 27.2729 -44.43767 4.920997
4 16 27.2729 -44.43767 4.920997 26.8969 -44.65474 4.945036 26.8969 -44.89735 1.65132 27.2729 -44.6791 1.643292
4 16 27.2729 -44.6791 1.643292 26.8969 -44.89735 1.65132 26.8969 -44.89735 -1.65132 27.2729 -44.6791 -1.643292
4 16 27.2729 -44.6791 -1.643292 26.8969 -44.89735 -1.65132 26.8969 -44.65474 -4.945036 27.2729 -44.43767 -4.920997
4 16 27.2729 -44.43767 -4.920997 26.8969 -44.65474 -4.945036 26.8969 -44.17082 -8.21203 27.2729 -43.9561 -8.17211
4 16 27.2729 -43.9561 -8.17211 26.8969 -44.17082 -8.21203 26.8969 -43.44822 -11.43465 27.2729 -43.23701 -11.37906
4 16 27.2729 -43.23701 -11.37906 26.8969 -43.44822 -11.43465 26.8969 -42.49084 -14.59548 27.2729 -42.28428 -14.52453
4 16 27.2729 -42.28428 -14.52453 26.8969 -42.49084 -14.59548 26.8969 -41.30384 -17.67744 27.2729 -41.10306 -17.5915
4 16 27.2729 -41.10306 -17.5915 26.8969 -41.30384 -17.67744 26.8969 -39.89365 -20.66387 27.2729 -39.69972 -20.56342
4 16 27.2729 -39.69972 -20.56342 26.8969 -39.89365 -20.66387 26.8969 -38.26789 -23.53864 27.2729 -38.08186 -23.42422
4 16 27.2729 -38.08186 -23.42422 26.8969 -38.26789 -23.53864 26.8969 -36.43534 -26.28622 27.2729 -36.25822 -26.15844
4 16 27.2729 -36.25822 -26.15844 26.8969 -36.43534 -26.28622 26.8969 -34.40589 -28.89175 27.2729 -34.23864 -28.75131
4 16 27.2729 -34.23864 -28.75131 26.8969 -34.40589 -28.89175 26.8969 -32.19054 -31.34116 27.2729 -32.03405 -31.18881
4 16 27.2729 -32.03405 -31.18881 26.8969 -32.19054 -31.34116 26.8969 -29.80123 -33.62121 27.2729 -29.65636 -33.45777
4 16 27.2729 -29.65636 -33.45777 26.8969 -29.80123 -33.62121 26.8969 -27.25088 -35.71958 27.2729 -27.11841 -35.54595
4 16 27.2729 -27.11841 -35.54595 26.8969 -27.25088 -35.71958 26.8969 -24.55328 -37.62493 27.2729 -24.43392 -37.44203
4 16 27.2729 -24.43392 -37.44203 26.8969 -24.55328 -37.62493 26.8969 -21.72299 -39.32697 27.2729 -21.6174 -39.1358
4 16 27.2729 -21.6174 -39.1358 26.8969 -21.72299 -39.32697 26.8969 -18.77533 -40.81649 27.2729 -18.68406 -40.61808
4 16 27.2729 -18.68406 -40.61808 26.8969 -18.77533 -40.81649 26.8969 -15.7262 -42.08546 27.2729 -15.64975 -41.88087
4 16 27.2729 -15.64975 -41.88087 26.8969 -15.7262 -42.08546 26.8969 -12.5921 -43.127 27.2729 -12.53088 -42.91735
4 16 27.2729 -12.53088 -42.91735 26.8969 -12.5921 -43.127 26.8969 -9.389947 -43.9355 27.2729 -9.344302 -43.72192
4 16 27.2729 -9.344302 -43.72192 26.8969 -9.389947 -43.9355 26.8969 -6.137058 -44.50658 27.2729 -6.107225 -44.29023
4 16 27.2729 -6.107225 -44.29023 26.8969 -6.137058 -44.50658 26.8969 -2.851005 -44.83716 27.2729 -2.837146 -44.6192
4 16 27.2729 -2.837146 -44.6192 26.8969 -2.851005 -44.83716 26.8969 0 -44.92771 27.2729 0 -44.70931
4 16 26.8969 0 44.92771 26.48894 0 45.07821 26.48894 -2.860555 44.98736 26.8969 -2.851005 44.83716
4 16 26.8969 -2.851005 44.83716 26.48894 -2.860555 44.98736 26.48894 -6.157616 44.65567 26.8969 -6.137058 44.50658
4 16 26.8969 -6.137058 44.50658 26.48894 -6.157616 44.65567 26.48894 -9.421403 44.08268 26.8969 -9.389947 43.9355
4 16 26.8969 -9.389947 43.9355 26.48894 -9.421403 44.08268 26.48894 -12.63428 43.27147 26.8969 -12.5921 43.127
4 16 26.8969 -12.5921 43.127 26.48894 -12.63428 43.27147 26.48894 -15.77888 42.22644 26.8969 -15.7262 42.08546
4 16 26.8969 -15.7262 42.08546 26.48894 -15.77888 42.22644 26.48894 -18.83822 40.95322 26.8969 -18.77533 40.81649
4 16 26.8969 -18.77533 40.81649 26.48894 -18.83822 40.95322 26.48894 -21.79576 39.45871 26.8969 -21.72299 39.32697
4 16 26.8969 -21.72299 39.32697 26.48894 -21.79576 39.45871 26.48894 -24.63553 37.75097 26.8969 -24.55328 37.62493
4 16 26.8969 -24.55328 37.62493 26.48894 -24.63553 37.75097 26.48894 -27.34217 35.83924 26.8969 -27.25088 35.71958
4 16 26.8969 -27.25088 35.71958 26.48894 -27.34217 35.83924 26.48894 -29.90106 33.73384 26.8969 -29.80123 33.62121
4 16 26.8969 -29.80123 33.62121 26.48894 -29.90106 33.73384 26.48894 -32.29837 31.44615 26.8969 -32.19054 31.34116
4 16 26.8969 -32.19054 31.34116 26.48894 -32.29837 31.44615 26.48894 -34.52115 28.98854 26.8969 -34.40589 28.89175
4 16 26.8969 -34.40589 28.89175 26.48894 -34.52115 28.98854 26.48894 -36.55739 26.37427 26.8969 -36.43534 26.28622
4 16 26.8969 -36.43534 26.28622 26.48894 -36.55739 26.37427 26.48894 -38.39608 23.61749 26.8969 -38.26789 23.53864
4 16 26.8969 -38.26789 23.53864 26.48894 -38.39608 23.61749 26.48894 -40.02729 20.73309 26.8969 -39.89365 20.66387
4 16 26.8969 -39.89365 20.66387 26.48894 -40.02729 20.73309 26.48894 -41.4422 17.73665 26.8969 -41.30384 17.67744
4 16 26.8969 -41.30384 17.67744 26.48894 -41.4422 17.73665 26.48894 -42.63317 14.64437 26.8969 -42.49084 14.59548
4 16 26.8969 -42.49084 14.59548 26.48894 -42.63317 14.64437 26.48894 -43.59376 11.47295 26.8969 -43.44822 11.43465
4 16 26.8969 -43.44822 11.43465 26.48894 -43.59376 11.47295 26.48894 -44.31879 8.239539 26.8969 -44.17082 8.21203
4 16 26.8969 -44.17082 8.21203 26.48894 -44.31879 8.239539 26.48894 -44.80432 4.961601 26.8969 -44.65474 4.945036
4 16 26.8969 -44.65474 4.945036 26.48894 -44.80432 4.961601 26.48894 -45.04775 1.656851 26.8969 -44.89735 1.65132
4 16 26.8969 -44.89735 1.65132 26.48894 -45.04775 1.656851 26.48894 -45.04775 -1.656851 26.8969 -44.89735 -1.65132
4 16 26.8969 -44.89735 -1.65132 26.48894 -45.04775 -1.656851 26.48894 -44.80432 -4.961601 26.8969 -44.65474 -4.945036
4 16 26.8969 -44.65474 -4.945036 26.48894 -44.80432 -4.961601 26.48894 -44.31879 -8.239539 26.8969 -44.17082 -8.21203
4 16 26.8969 -44.17082 -8.21203 26.48894 -44.31879 -8.239539 26.48894 -43.59376 -11.47295 26.8969 -43.44822 -11.43465
4 16 26.8969 -43.44822 -11.43465 26.48894 -43.59376 -11.47295 26.48894 -42.63317 -14.64437 26.8969 -42.49084 -14.59548
4 16 26.8969 -42.49084 -14.59548 26.48894 -42.63317 -14.64437 26.48894 -41.4422 -17.73665 26.8969 -41.30384 -17.67744
4 16 26.8969 -41.30384 -17.67744 26.48894 -41.4422 -17.73665 26.48894 -40.02729 -20.73309 26.8969 -39.89365 -20.66387
4 16 26.8969 -39.89365 -20.66387 26.48894 -40.02729 -20.73309 26.48894 -38.39608 -23.61749 26.8969 -38.26789 -23.53864
4 16 26.8969 -38.26789 -23.53864 26.48894 -38.39608 -23.61749 26.48894 -36.55739 -26.37427 26.8969 -36.43534 -26.28622
4 16 26.8969 -36.43534 -26.28622 26.48894 -36.55739 -26.37427 26.48894 -34.52115 -28.98854 26.8969 -34.40589 -28.89175
4 16 26.8969 -34.40589 -28.89175 26.48894 -34.52115 -28.98854 26.48894 -32.29837 -31.44615 26.8969 -32.19054 -31.34116
4 16 26.8969 -32.19054 -31.34116 26.48894 -32.29837 -31.44615 26.48894 -29.90106 -33.73384 26.8969 -29.80123 -33.62121
4 16 26.8969 -29.80123 -33.62121 26.48894 -29.90106 -33.73384 26.48894 -27.34217 -35.83924 26.8969 -27.25088 -35.71958
4 16 26.8969 -27.25088 -35.71958 26.48894 -27.34217 -35.83924 26.48894 -24.63553 -37.75097 26.8969 -24.55328 -37.62493
4 16 26.8969 -24.55328 -37.62493 26.48894 -24.63553 -37.75097 26.48894 -21.79576 -39.45871 26.8969 -21.72299 -39.32697
4 16 26.8969 -21.72299 -39.32697 26.48894 -21.79576 -39.45871 26.48894 -18.83822 -40.95322 26.8969 -18.77533 -40.81649
4 16 26.8969 -18.77533 -40.81649 26.48894 -18.83822 -40.95322 26.48894 -15.77888 -42.22644 26.8969 -15.7262 -42.08546
4 16 26.8969 -15.7262 -42.08546 26.48894 -15.77888 -42.22644 26.48894 -12.63428 -43.27147 26.8969 -12.5921 -43.127
4 16 26.8969 -12.5921 -43.127 26.48894 -12.63428 -43.27147 26.48894 -9.421403 -44.08268 26.8969 -9.389947 -43.9355
4 16 26.8969 -9.389947 -43.9355 26.48894 -9.421403 -44.08268 26.48894 -6.157616 -44.65567 26.8969 -6.137058 -44.50658
4 16 26.8969 -6.137058 -44.50658 26.48894 -6.157616 -44.65567 26.48894 -2.860555 -44.98736 26.8969 -2.851005 -44.83716
4 16 26.8969 -2.851005 -44.83716 26.48894 -2.860555 -44.98736 26.48894 0 -45.07821 26.8969 0 -44.92771
4 16 26.48894 0 45.07821 26.06119 0 45.15633 26.06119 -2.865513 45.06532 26.48894 -2.860555 44.98736
4 16 26.48894 -2.860555 44.98736 26.06119 -2.865513 45.06532 26.06119 -6.168287 44.73306 26.48894 -6.157616 44.65567
4 16 26.48894 -6.157616 44.65567 26.06119 -6.168287 44.73306 26.06119 -9.437731 44.15907 26.48894 -9.421403 44.08268
4 16 26.48894 -9.421403 44.08268 26.06119 -9.437731 44.15907 26.06119 -12.65617 43.34646 26.48894 -12.63428 43.27147
4 16 26.48894 -12.63428 43.27147 26.06119 -12.65617 43.34646 26.06119 -15.80623 42.29962 26.48894 -15.77888 42.22644
4 16 26.48894 -15.77888 42.22644 26.06119 -15.80623 42.29962 26.06119 -18.87087 41.0242 26.48894 -18.83822 40.95322
4 16 26.48894 -18.83822 40.95322 26.06119 -18.87087 41.0242 26.06119 -21.83354 39.52709 26.48894 -21.79576 39.45871
4 16 26.48894 -21.79576 39.45871 26.06119 -21.83354 39.52709 26.06119 -24.67822 37.81639 26.48894 -24.63553 37.75097
4 16 26.48894 -24.63553 37.75097 26.06119 -24.67822 37.81639 26.06119 -27.38955 35.90135 26.48894 -27.34217 35.83924
4 16 26.48894 -27.34217 35.83924 26.06119 -27.38955 35.90135 26.06119 -29.95288 33.7923 26.48894 -29.90106 33.73384
4 16 26.48894 -29.90106 33.73384 26.06119 -29.95288 33.7923 26.06119 -32.35434 31.50065 26.48894 -32.29837 31.44615
4 16 26.48894 -32.29837 31.44615 26.06119 -32.35434 31.50065 26.06119 -34.58098 29.03877 26.48894 -34.52115 28.98854
4 16 26.48894 -34.52115 28.98854 26.06119 -34.58098 29.03877 26.06119 -36.62074 26.41998 26.48894 -36.55739 26.37427
4 16 26.48894 -36.55739 26.37427 26.06119 -36.62074 26.41998 26.06119 -38.46262 23.65842 26.48894 -38.39608 23.61749
4 16 26.48894 -38.39608 23.61749 26.06119 -38.46262 23.65842 26.06119 -40.09666 20.76902 26.48894 -40.02729 20.73309
4 16 26.48894 -40.02729 20.73309 26.06119 -40.09666 20.76902 26.06119 -41.51402 17.76739 26.48894 -41.4422 17.73665
4 16 26.48894 -41.4422 17.73665 26.06119 -41.51402 17.76739 26.06119 -42.70706 14.66975 26.48894 -42.63317 14.64437
4 16 26.48894 -42.63317 14.64437 26.06119 -42.70706 14.66975 26.06119 -43.66931 11.49284 26.48894 -43.59376 11.47295
4 16 26.48894 -43.59376 11.47295 26.06119 -43.66931 11.49284 26.06119 -44.3956 8.253818 26.48894 -44.31879 8.239539
4 16 26.48894 -44.31879 8.239539 26.06119 -44.3956 8.253818 26.06119 -44.88197 4.970199 26.48894 -44.80432 4.961601
4 16 26.48894 -44.80432 4.961601 26.06119 -44.88197 4.970199 26.06119 -45.12582 1.659723 26.48894 -45.04775 1.656851
4 16 26.48894 -45.04775 1.656851 26.06119 -45.12582 1.659723 26.06119 -45.12582 -1.659723 26.48894 -45.04775 -1.656851
4 16 26.48894 -45.04775 -1.656851 26.06119 -45.12582 -1.659723 26.06119 -44.88197 -4.970199 26.48894 -44.80432 -4.961601
4 16 26.48894 -44.80432 -4.961601 26.06119 -44.88197 -4.970199 26.06119 -44.3956 -8.253818 26.48894 -44.31879 -8.239539
4 16 26.48894 -44.31879 -8.239539 26.06119 -44.3956 -8.253818 26.06119 -43.66931 -11.49284 26.48894 -43.59376 -11.47295
4 16 26.48894 -43.59376 -11.47295 26.06119 -43.66931 -11.49284 26.06119 -42.70706 -14.66975 26.48894 -42.63317 -14.64437
4 16 26.48894 -42.63317 -14.64437 26.06119 -42.70706 -14.66975 26.06119 -41.51402 -17.76739 26.48894 -41.4422 -17.73665
4 16 26.48894 -41.4422 -17.73665 26.06119 -41.51402 -17.76739 26.06119 -40.09666 -20.76902 26.48894 -40.02729 -20.73309
4 16 26.48894 -40.02729 -20.73309 26.06119 -40.09666 -20.76902 26.06119 -38.46262 -23.65842 26.48894 -38.39608 -23.61749
4 16 26.48894 -38.39608 -23.61749 26.06119 -38.46262 -23.65842 26.06119 -36.62074 -26.41998 26.48894 -36.55739 -26.37427
4 16 26.48894 -36.55739 -26.37427 26.06119 -36.62074 -26.41998 26.06119 -34.58098 -29.03877 26.48894 -34.52115 -28.98854
4 16 26.48894 -34.52115 -28.98854 26.06119 -34.58098 -29.03877 26.06119 -32.35434 -31.50065 26.48894 -32.29837 -31.44615
4 16 26.48894 -32.29837 -31.44615 26.06119 -32.35434 -31.50065 26.06119 -29.95288 -33.7923 26.48894 -29.90106 -33.73384
4 16 26.48894 -29.90106 -33.73384 26.06119 -29.95288 -33.7923 26.06119 -27.38955 -35.90135 26.48894 -27.34217 -35.83924
4 16 26.48894 -27.34217 -35.83924 26.06119 -27.38955 -35.90135 26.06119 -24.67822 -37.81639 26.48894 -24.63553 -37.75097
4 16 26.48894 -24.63553 -37.75097 26.06119 -24.67822 -37.81639 26.06119 -21.83354 -39.52709 26.48894 -21.79576 -39.45871
4 16 26.48894 -21.79576 -39.45871 26.06119 -21.83354 -39.52709 26.06119 -18.87087 -41.0242 26.48894 -18.83822 -40.95322
4 16 26.48894 -18.83822 -40.95322 26.06119 -18.87087 -41.0242 26.06119 -15.80623 -42.29962 26.48894 -15.77888 -42.22644
4 16 26.48894 -15.77888 -42.22644 26.06119 -15.80623 -42.29962 26.06119 -12.65617 -43.34646 26.48894 -12.63428 -43.27147
4 16 26.48894 -12.63428 -43.27147 26.06119 -12.65617 -43.34646 26.06119 -9.437731 -44.15907 26.48894 -9.421403 -44.08268
4 16 26.48894 -9.421403 -44.08268 26.06119 -9.437731 -44.15907 26.06119 -6.168287 -44.73306 26.48894 -6.157616 -44.65567
4 16 26.48894 -6.157616 -44.65567 26.06119 -6.168287 -44.73306 26.06119 -2.865513 -45.06532 26.48894 -2.860555 -44.98736
4 16 26.48894 -2.860555 -44.98736 26.06119 -2.865513 -45.06532 26.06119 0 -45.15633 26.48894 0 -45.07821
3 16 26.175 29.555 -34.123 26.48894 29.7343 -33.88092 26.48894 27.33124 -35.84757
3 16 28.09 29.68 -32.14 28.1 29.66 -32.13 28.10395 28.83884 -32.86058
3 16 28.1779 29.48234 -32.04874 28.25 29.22 -31.97 28.25445 28.56974 -32.55396
3 16 28.26 29.21 -31.97 28.32 28.84 -31.9 28.33257 28.28759 -32.23246
4 16 26.06119 1.413962 -45.13419 26.06119 0 -45.15633 25.82407 0 -45.16751 25.82407 1.414312 -45.14537
4 16 28.34375 1.335414 -42.62692 28.34375 0 -42.64783 28.33257 0 -42.88495 28.33257 1.342839 -42.86392
4 16 28.34375 1.335414 -42.62692 28.33257 1.342839 -42.86392 28.33257 4.290598 -42.66978 28.34375 4.266873 -42.43384
4 16 28.34375 4.266873 -42.43384 28.33257 4.290598 -42.66978 28.33257 7.217996 -42.27316 28.34375 7.178085 -42.03942
4 16 28.34375 7.178085 -42.03942 28.33257 7.217996 -42.27316 28.33257 10.11114 -41.67594 28.34375 10.05524 -41.4455
4 16 28.34375 10.05524 -41.4455 28.33257 10.11114 -41.67594 28.33257 12.95631 -40.88096 28.34375 12.88467 -40.65492
4 16 28.34375 12.88467 -40.65492 28.33257 12.95631 -40.88096 28.33257 15.74 -39.892 28.34375 15.65297 -39.67142
4 16 28.34375 15.65297 -39.67142 28.33257 15.74 -39.892 28.33257 18.449 -38.71374 28.34375 18.34699 -38.49968
4 16 28.34375 18.34699 -38.49968 28.33257 18.449 -38.71374 28.33257 21.07045 -37.35178 28.34375 20.95395 -37.14525
4 16 28.34375 20.95395 -37.14525 28.33257 21.07045 -37.35178 28.33257 23.59193 -35.81257 28.34375 23.46148 -35.61455
4 16 28.34375 23.46148 -35.61455 28.33257 23.59193 -35.81257 28.33257 26.00145 -34.10343 28.34375 25.85768 -33.91486
4 16 28.34375 25.85768 -33.91486 28.33257 26.00145 -34.10343 28.33257 28.28759 -32.23246 28.34375 28.13118 -32.05423
3 16 28.34375 28.13118 -32.05423 28.33257 28.28759 -32.23246 28.32 28.84 -31.9
3 16 28.34375 28.13118 -32.05423 28.32 28.84 -31.9 28.34 28.33 -31.88
3 16 27.88555 29.08685 -33.14318 27.89 29.96 -32.35 27.99 29.84 -32.24
3 16 27.61 30.14 -32.64 27.63 30.13 -32.62 27.88555 29.08685 -33.14318
2 24 27.61 30.14 -32.64 27.63 30.13 -32.62
3 16 27.63 30.13 -32.62 27.75 30.07 -32.49 27.88555 29.08685 -33.14318
3 16 27.88555 29.08685 -33.14318 27.75 30.07 -32.49 27.87 29.98 -32.37
3 16 27.88555 29.08685 -33.14318 27.87 29.98 -32.37 27.89 29.96 -32.35
3 16 27.42 30.18 -32.84 27.58 30.15 -32.67 27.60575 29.30641 -33.39336
3 16 26.89554 30.07581 -33.37666 27.12 30.15 -33.15 27.2729 29.49096 -33.60365
3 16 27.2729 29.49096 -33.60365 27.12 30.15 -33.15 27.24 30.18 -33.02
3 16 27.2729 29.49096 -33.60365 27.24 30.18 -33.02 27.27 30.18 -32.99
3 16 26.534 29.863 -33.751 26.86303 30.06083 -33.41033 26.8969 29.63503 -33.7678
3 16 25.82407 21.83163 -39.54092 25.82407 22.19193 -39.33983 26.06119 22.18644 -39.33009
4 16 26.06119 22.18644 -39.33009 25.82407 22.19193 -39.33983 25.82407 24.84761 -37.7187 26.06119 24.84146 -37.70936
3 16 26.06119 24.84146 -37.70936 25.82407 24.84761 -37.7187 25.824 25.703 -37.141
3 16 26.06119 24.84146 -37.70936 25.824 25.703 -37.141 26.06119 27.3786 -35.9097
3 16 26.06119 27.3786 -35.9097 25.824 25.703 -37.141 25.824 27.385 -35.919
3 16 25.82407 21.83163 -39.54092 26.06119 22.18644 -39.33009 25.82407 19.43095 -40.77429
3 16 25.82407 19.43095 -40.77429 26.06119 22.18644 -39.33009 26.06119 19.42614 -40.76419
3 16 25.82407 19.43095 -40.77429 26.06119 19.42614 -40.76419 25.82407 17.73789 -41.5388
3 16 25.82407 17.73789 -41.5388 26.06119 19.42614 -40.76419 26.06119 16.57366 -42.00486
3 16 25.82407 17.73789 -41.5388 26.06119 16.57366 -42.00486 25.82407 16.57777 -42.01526
4 16 25.82407 16.57777 -42.01526 26.06119 16.57366 -42.00486 26.06119 13.64254 -43.0462 25.82407 13.64592 -43.05686
4 16 26.06119 1.413962 -45.13419 25.82407 1.414312 -45.14537 25.82407 4.518965 -44.94089 26.06119 4.517847 -44.92976
4 16 26.06119 4.517847 -44.92976 25.82407 4.518965 -44.94089 25.82407 7.602176 -44.52315 26.06119 7.600293 -44.51213
3 16 26.06119 7.600293 -44.51213 25.82407 7.602176 -44.52315 25.82407 9.052629 -44.25104
3 16 26.06119 7.600293 -44.51213 25.82407 9.052629 -44.25104 26.06119 10.64667 -43.88328
3 16 26.06119 10.64667 -43.88328 25.82407 9.052629 -44.25104 25.82407 10.64931 -43.89415
3 16 26.06119 10.64667 -43.88328 25.82407 10.64931 -43.89415 26.06119 13.64254 -43.0462
3 16 26.06119 13.64254 -43.0462 25.82407 10.64931 -43.89415 25.82407 13.46373 -43.11418
3 16 26.06119 13.64254 -43.0462 25.82407 13.46373 -43.11418 25.82407 13.64592 -43.05686
4 16 28.33257 0 -42.88495 28.25445 0 -43.31271 28.25445 1.356233 -43.29147 28.33257 1.342839 -42.86392
4 16 28.33257 1.342839 -42.86392 28.25445 1.356233 -43.29147 28.25445 4.333394 -43.09538 28.33257 4.290598 -42.66978
4 16 28.33257 4.290598 -42.66978 28.25445 4.333394 -43.09538 28.25445 7.289991 -42.69481 28.33257 7.217996 -42.27316
4 16 28.33257 7.217996 -42.27316 28.25445 7.289991 -42.69481 28.25445 10.212 -42.09163 28.33257 10.11114 -41.67594
4 16 28.33257 10.11114 -41.67594 28.25445 10.212 -42.09163 28.25445 13.08554 -41.28873 28.33257 12.95631 -40.88096
4 16 28.33257 12.95631 -40.88096 28.25445 13.08554 -41.28873 28.25445 15.897 -40.2899 28.33257 15.74 -39.892
4 16 28.33257 15.74 -39.892 28.25445 15.897 -40.2899 28.25445 18.63302 -39.09989 28.33257 18.449 -38.71374
4 16 28.33257 18.449 -38.71374 28.25445 18.63302 -39.09989 28.25445 21.28062 -37.72434 28.33257 21.07045 -37.35178
4 16 28.33257 21.07045 -37.35178 28.25445 21.28062 -37.72434 28.25445 23.82724 -36.16978 28.33257 23.59193 -35.81257
4 16 28.33257 23.59193 -35.81257 28.25445 23.82724 -36.16978 28.25445 26.2608 -34.44359 28.33257 26.00145 -34.10343
4 16 28.33257 26.00145 -34.10343 28.25445 26.2608 -34.44359 28.25445 28.56974 -32.55396 28.33257 28.28759 -32.23246
3 16 28.33257 28.28759 -32.23246 28.25445 28.56974 -32.55396 28.26 29.21 -31.97
3 16 28.26 29.21 -31.97 28.25445 28.56974 -32.55396 28.25 29.22 -31.97
4 16 28.25445 0 -43.31271 28.10395 0 -43.72066 28.10395 1.369007 -43.69922 28.25445 1.356233 -43.29147
4 16 28.25445 1.356233 -43.29147 28.10395 1.369007 -43.69922 28.10395 4.374209 -43.50129 28.25445 4.333394 -43.09538
4 16 28.25445 4.333394 -43.09538 28.10395 4.374209 -43.50129 28.10395 7.358654 -43.09694 28.25445 7.289991 -42.69481
4 16 28.25445 7.289991 -42.69481 28.10395 7.358654 -43.09694 28.10395 10.30818 -42.48809 28.25445 10.212 -42.09163
4 16 28.25445 10.212 -42.09163 28.10395 10.30818 -42.48809 28.10395 13.20879 -41.67762 28.25445 13.08554 -41.28873
4 16 28.25445 13.08554 -41.28873 28.10395 13.20879 -41.67762 28.10395 16.04673 -40.66938 28.25445 15.897 -40.2899
4 16 28.25445 15.897 -40.2899 28.10395 16.04673 -40.66938 28.10395 18.80852 -39.46816 28.25445 18.63302 -39.09989
4 16 28.25445 18.63302 -39.09989 28.10395 18.80852 -39.46816 28.10395 21.48106 -38.07966 28.25445 21.28062 -37.72434
4 16 28.25445 21.28062 -37.72434 28.10395 21.48106 -38.07966 28.10395 24.05167 -36.51046 28.25445 23.82724 -36.16978
4 16 28.25445 23.82724 -36.16978 28.10395 24.05167 -36.51046 28.10395 26.50815 -34.76801 28.25445 26.2608 -34.44359
3 16 28.25445 26.2608 -34.44359 28.10395 26.50815 -34.76801 28.25445 28.56974 -32.55396
4 16 28.25445 28.56974 -32.55396 28.10395 26.50815 -34.76801 28.10395 28.83884 -32.86058 28.1779 29.48234 -32.04874
3 16 28.1779 29.48234 -32.04874 28.10395 28.83884 -32.86058 28.1 29.66 -32.13
4 16 28.10395 0 -43.72066 27.88555 0 -44.09666 27.88555 1.380781 -44.07504 28.10395 1.369007 -43.69922
4 16 28.10395 1.369007 -43.69922 27.88555 1.380781 -44.07504 27.88555 4.411828 -43.87541 28.10395 4.374209 -43.50129
4 16 28.10395 4.374209 -43.50129 27.88555 4.411828 -43.87541 27.88555 7.42194 -43.46758 28.10395 7.358654 -43.09694
4 16 28.10395 7.358654 -43.09694 27.88555 7.42194 -43.46758 27.88555 10.39683 -42.85349 28.10395 10.30818 -42.48809
4 16 28.10395 10.30818 -42.48809 27.88555 10.39683 -42.85349 27.88555 13.32239 -42.03605 28.10395 13.20879 -41.67762
4 16 28.10395 13.20879 -41.67762 27.88555 13.32239 -42.03605 27.88555 16.18473 -41.01914 28.10395 16.04673 -40.66938
4 16 28.10395 16.04673 -40.66938 27.88555 16.18473 -41.01914 27.88555 18.97027 -39.80759 28.10395 18.80852 -39.46816
4 16 28.10395 18.80852 -39.46816 27.88555 18.97027 -39.80759 27.88555 21.6658 -38.40714 28.10395 21.48106 -38.07966
4 16 28.10395 21.48106 -38.07966 27.88555 21.6658 -38.40714 27.88555 24.25851 -36.82445 28.10395 24.05167 -36.51046
4 16 28.10395 24.05167 -36.51046 27.88555 24.25851 -36.82445 27.88555 26.73612 -35.06701 28.10395 26.50815 -34.76801
4 16 28.10395 26.50815 -34.76801 27.88555 26.73612 -35.06701 27.88555 29.08685 -33.14318 28.10395 28.83884 -32.86058
3 16 28.10395 28.83884 -32.86058 27.88555 29.08685 -33.14318 28.09 29.68 -32.14
3 16 28.09 29.68 -32.14 27.88555 29.08685 -33.14318 27.99 29.84 -32.24
4 16 27.88555 0 -44.09666 27.60575 0 -44.42951 27.60575 1.391203 -44.40773 27.88555 1.380781 -44.07504
4 16 27.88555 1.380781 -44.07504 27.60575 1.391203 -44.40773 27.60575 4.44513 -44.20659 27.88555 4.411828 -43.87541
4 16 27.88555 4.411828 -43.87541 27.60575 4.44513 -44.20659 27.60575 7.477962 -43.79568 27.88555 7.42194 -43.46758
4 16 27.88555 7.42194 -43.46758 27.60575 7.477962 -43.79568 27.60575 10.47531 -43.17696 27.88555 10.39683 -42.85349
4 16 27.88555 10.39683 -42.85349 27.60575 10.47531 -43.17696 27.60575 13.42295 -42.35335 27.88555 13.32239 -42.03605
4 16 27.88555 13.32239 -42.03605 27.60575 13.42295 -42.35335 27.60575 16.3069 -41.32877 27.88555 16.18473 -41.01914
4 16 27.88555 16.18473 -41.01914 27.60575 16.3069 -41.32877 27.60575 19.11347 -40.10807 27.88555 18.97027 -39.80759
4 16 27.88555 18.97027 -39.80759 27.60575 19.11347 -40.10807 27.60575 21.82934 -38.69705 27.88555 21.6658 -38.40714
4 16 27.88555 21.6658 -38.40714 27.60575 21.82934 -38.69705 27.60575 24.44162 -37.10241 27.88555 24.25851 -36.82445
4 16 27.88555 24.25851 -36.82445 27.60575 24.44162 -37.10241 27.60575 26.93793 -35.33171 27.88555 26.73612 -35.06701
4 16 27.88555 26.73612 -35.06701 27.60575 26.93793 -35.33171 27.60575 29.30641 -33.39336 27.88555 29.08685 -33.14318
3 16 27.88555 29.08685 -33.14318 27.60575 29.30641 -33.39336 27.61 30.14 -32.64
3 16 27.61 30.14 -32.64 27.60575 29.30641 -33.39336 27.58 30.15 -32.67
2 24 27.58 30.15 -32.67 27.61 30.14 -32.64
4 16 27.60575 0 -44.42951 27.2729 0 -44.70931 27.2729 1.399965 -44.68739 27.60575 1.391203 -44.40773
4 16 27.60575 1.391203 -44.40773 27.2729 1.399965 -44.68739 27.2729 4.473122 -44.48498 27.60575 4.44513 -44.20659
4 16 27.60575 4.44513 -44.20659 27.2729 4.473122 -44.48498 27.2729 7.525055 -44.07148 27.60575 7.477962 -43.79568
4 16 27.60575 7.477962 -43.79568 27.2729 7.525055 -44.07148 27.2729 10.54128 -43.44887 27.60575 10.47531 -43.17696
4 16 27.60575 10.47531 -43.17696 27.2729 10.54128 -43.44887 27.2729 13.50748 -42.62007 27.60575 13.42295 -42.35335
4 16 27.60575 13.42295 -42.35335 27.2729 13.50748 -42.62007 27.2729 16.40959 -41.58903 27.60575 16.3069 -41.32877
4 16 27.60575 16.3069 -41.32877 27.2729 16.40959 -41.58903 27.2729 19.23383 -40.36065 27.60575 19.11347 -40.10807
4 16 27.60575 19.11347 -40.10807 27.2729 19.23383 -40.36065 27.2729 21.96681 -38.94075 27.60575 21.82934 -38.69705
4 16 27.60575 21.82934 -38.69705 27.2729 21.96681 -38.94075 27.2729 24.59554 -37.33606 27.60575 24.44162 -37.10241
4 16 27.60575 24.44162 -37.10241 27.2729 24.59554 -37.33606 27.2729 27.10757 -35.55421 27.60575 26.93793 -35.33171
4 16 27.60575 26.93793 -35.33171 27.2729 27.10757 -35.55421 27.2729 29.49096 -33.60365 27.60575 29.30641 -33.39336
3 16 27.60575 29.30641 -33.39336 27.2729 29.49096 -33.60365 27.42 30.18 -32.84
3 16 27.42 30.18 -32.84 27.2729 29.49096 -33.60365 27.27 30.18 -32.99
4 16 27.2729 0 -44.70931 26.8969 0 -44.92771 26.8969 1.406803 -44.90568 27.2729 1.399965 -44.68739
4 16 27.2729 1.399965 -44.68739 26.8969 1.406803 -44.90568 26.8969 4.494973 -44.70228 27.2729 4.473122 -44.48498
4 16 27.2729 4.473122 -44.48498 26.8969 4.494973 -44.70228 26.8969 7.561814 -44.28677 27.2729 7.525055 -44.07148
4 16 27.2729 7.525055 -44.07148 26.8969 7.561814 -44.28677 26.8969 10.59277 -43.66111 27.2729 10.54128 -43.44887
4 16 27.2729 10.54128 -43.44887 26.8969 10.59277 -43.66111 26.8969 13.57346 -42.82826 27.2729 13.50748 -42.62007
4 16 27.2729 13.50748 -42.62007 26.8969 13.57346 -42.82826 26.8969 16.48975 -41.79219 27.2729 16.40959 -41.58903
4 16 27.2729 16.40959 -41.58903 26.8969 16.48975 -41.79219 26.8969 19.32779 -40.55781 27.2729 19.23383 -40.36065
4 16 27.2729 19.23383 -40.36065 26.8969 19.32779 -40.55781 26.8969 22.07411 -39.13097 27.2729 21.96681 -38.94075
4 16 27.2729 21.96681 -38.94075 26.8969 22.07411 -39.13097 26.8969 24.71569 -37.51845 27.2729 24.59554 -37.33606
4 16 27.2729 24.59554 -37.33606 26.8969 24.71569 -37.51845 26.8969 27.23999 -35.72789 27.2729 27.10757 -35.55421
4 16 27.2729 27.10757 -35.55421 26.8969 27.23999 -35.72789 26.8969 29.63503 -33.7678 27.2729 29.49096 -33.60365
3 16 27.2729 29.49096 -33.60365 26.8969 29.63503 -33.7678 26.89554 30.07581 -33.37666
3 16 26.89554 30.07581 -33.37666 26.8969 29.63503 -33.7678 26.86303 30.06083 -33.41033
4 16 26.8969 0 -44.92771 26.48894 0 -45.07821 26.48894 1.411516 -45.0561 26.8969 1.406803 -44.90568
4 16 26.8969 1.406803 -44.90568 26.48894 1.411516 -45.0561 26.48894 4.510031 -44.85203 26.8969 4.494973 -44.70228
4 16 26.8969 4.494973 -44.70228 26.48894 4.510031 -44.85203 26.48894 7.587145 -44.43512 26.8969 7.561814 -44.28677
4 16 26.8969 7.561814 -44.28677 26.48894 7.587145 -44.43512 26.48894 10.62826 -43.80737 26.8969 10.59277 -43.66111
4 16 26.8969 10.59277 -43.66111 26.48894 10.62826 -43.80737 26.48894 13.61893 -42.97173 26.8969 13.57346 -42.82826
4 16 26.8969 13.57346 -42.82826 26.48894 13.61893 -42.97173 26.48894 16.54499 -41.93219 26.8969 16.48975 -41.79219
4 16 26.8969 16.48975 -41.79219 26.48894 16.54499 -41.93219 26.48894 19.39253 -40.69367 26.8969 19.32779 -40.55781
4 16 26.8969 19.32779 -40.55781 26.48894 19.39253 -40.69367 26.48894 22.14806 -39.26205 26.8969 22.07411 -39.13097
4 16 26.8969 22.07411 -39.13097 26.48894 22.14806 -39.26205 26.48894 24.79848 -37.64413 26.8969 24.71569 -37.51845
4 16 26.8969 24.71569 -37.51845 26.48894 24.79848 -37.64413 26.48894 27.33124 -35.84757 26.8969 27.23999 -35.72789
4 16 26.8969 27.23999 -35.72789 26.48894 27.33124 -35.84757 26.48894 29.7343 -33.88092 26.8969 29.63503 -33.7678
3 16 26.8969 29.63503 -33.7678 26.48894 29.7343 -33.88092 26.534 29.863 -33.751
3 16 26.534 29.863 -33.751 26.48894 29.7343 -33.88092 26.175 29.555 -34.123
4 16 26.48894 0 -45.07821 26.06119 0 -45.15633 26.06119 1.413962 -45.13419 26.48894 1.411516 -45.0561
4 16 26.48894 1.411516 -45.0561 26.06119 1.413962 -45.13419 26.06119 4.517847 -44.92976 26.48894 4.510031 -44.85203
4 16 26.48894 4.510031 -44.85203 26.06119 4.517847 -44.92976 26.06119 7.600293 -44.51213 26.48894 7.587145 -44.43512
4 16 26.48894 7.587145 -44.43512 26.06119 7.600293 -44.51213 26.06119 10.64667 -43.88328 26.48894 10.62826 -43.80737
4 16 26.48894 10.62826 -43.80737 26.06119 10.64667 -43.88328 26.06119 13.64254 -43.0462 26.48894 13.61893 -42.97173
4 16 26.48894 13.61893 -42.97173 26.06119 13.64254 -43.0462 26.06119 16.57366 -42.00486 26.48894 16.54499 -41.93219
4 16 26.48894 16.54499 -41.93219 26.06119 16.57366 -42.00486 26.06119 19.42614 -40.76419 26.48894 19.39253 -40.69367
4 16 26.48894 19.39253 -40.69367 26.06119 19.42614 -40.76419 26.06119 22.18644 -39.33009 26.48894 22.14806 -39.26205
4 16 26.48894 22.14806 -39.26205 26.06119 22.18644 -39.33009 26.06119 24.84146 -37.70936 26.48894 24.79848 -37.64413
4 16 26.48894 24.79848 -37.64413 26.06119 24.84146 -37.70936 26.06119 27.3786 -35.9097 26.48894 27.33124 -35.84757
3 16 26.48894 27.33124 -35.84757 26.06119 27.3786 -35.9097 26.175 29.555 -34.123
3 16 26.175 29.555 -34.123 26.06119 27.3786 -35.9097 25.824 27.385 -35.919
3 16 26.175 29.555 -34.123 25.824 27.385 -35.919 25.824 29.169 -34.486
3 16 28.34375 42.98079 -31.877 27.63 30.13 -32.62 27.61 30.14 -32.64
3 16 28.34375 42.98079 -31.877 27.61 30.14 -32.64 27.58 30.15 -32.67
3 16 25.82407 0 -45.16751 2.51698 0 -45.16751 2.51698 2.866223 -45.07648
3 16 15.73107 4.549451 -44.93781 25.82407 1.414312 -45.14537 15.67219 3.900472 -44.99878
3 16 15.67219 3.900472 -44.99878 25.82407 1.414312 -45.14537 25.82407 0 -45.16751
3 16 15.67219 3.900472 -44.99878 25.82407 0 -45.16751 2.519685 3.900472 -44.99878
3 16 2.519685 3.900472 -44.99878 25.82407 0 -45.16751 2.51698 2.866223 -45.07648
3 16 2.519685 3.900472 -44.99878 2.51698 2.866223 -45.07648 2.52 3.9 -45
3 16 24.502 27.468 -35.855 25.824 29.169 -34.486 25.824 27.385 -35.919
4 16 24.502 27.468 -35.855 25.824 27.385 -35.919 25.824 25.703 -37.141 23.26 25.703 -37.141
3 16 23.26 25.703 -37.141 25.824 25.703 -37.141 22.054 23.798 -38.39
3 16 22.054 23.798 -38.39 25.824 25.703 -37.141 25.82407 24.84761 -37.7187
3 16 22.054 23.798 -38.39 25.82407 24.84761 -37.7187 20.94279 21.83163 -39.54092
3 16 25.82407 24.84761 -37.7187 25.82407 22.19193 -39.33983 20.94279 21.83163 -39.54092
3 16 20.94279 21.83163 -39.54092 25.82407 22.19193 -39.33983 25.82407 21.83163 -39.54092
3 16 20.94279 21.83163 -39.54092 25.82407 21.83163 -39.54092 19.92826 19.80997 -40.5915
3 16 19.92826 19.80997 -40.5915 25.82407 21.83163 -39.54092 25.82407 19.43095 -40.77429
4 16 19.92826 19.80997 -40.5915 25.82407 19.43095 -40.77429 25.82407 17.73789 -41.5388 19.01346 17.73789 -41.5388
3 16 19.01346 17.73789 -41.5388 25.82407 17.73789 -41.5388 18.201 15.621 -42.38
3 16 25.82407 17.73789 -41.5388 25.82407 16.57777 -42.01526 18.201 15.621 -42.38
3 16 18.201 15.621 -42.38 25.82407 16.57777 -42.01526 25.82407 13.64592 -43.05686
3 16 18.201 15.621 -42.38 25.82407 13.64592 -43.05686 17.49213 13.46373 -43.11418
3 16 17.49213 13.46373 -43.11418 25.82407 13.64592 -43.05686 25.82407 13.46373 -43.11418
3 16 17.49213 13.46373 -43.11418 25.82407 13.46373 -43.11418 16.88947 11.27252 -43.73825
3 16 16.88947 11.27252 -43.73825 25.82407 13.46373 -43.11418 25.82407 10.64931 -43.89415
3 16 16.88947 11.27252 -43.73825 25.82407 10.64931 -43.89415 16.39428 9.052629 -44.25104
3 16 16.39428 9.052629 -44.25104 25.82407 10.64931 -43.89415 25.82407 9.052629 -44.25104
3 16 16.39428 9.052629 -44.25104 25.82407 9.052629 -44.25104 16.00782 6.809703 -44.65123
3 16 16.00782 6.809703 -44.65123 25.82407 9.052629 -44.25104 25.82407 7.602176 -44.52315
3 16 16.00782 6.809703 -44.65123 25.82407 7.602176 -44.52315 15.73107 4.549451 -44.93781
3 16 15.73107 4.549451 -44.93781 25.82407 7.602176 -44.52315 25.82407 4.518965 -44.94089
3 16 15.73107 4.549451 -44.93781 25.82407 4.518965 -44.94089 25.82407 1.414312 -45.14537
4 16 25.82407 0 45.16751 2.51698 0 45.16751 2.51698 -2.866223 45.07648 25.82407 -2.866223 45.07648
4 16 25.82407 -2.866223 45.07648 2.51698 -2.866223 45.07648 2.51698 -4.569522 44.93577 25.82407 -4.569522 44.93577
4 16 25.82407 -4.569522 44.93577 2.51698 -4.569522 44.93577 2.51698 -6.169815 44.74414 25.82407 -6.169815 44.74414
4 16 25.82407 -6.169815 44.74414 2.51698 -6.169815 44.74414 2.51698 -9.092154 44.24293 25.82407 -9.092154 44.24293
4 16 25.82407 -9.092154 44.24293 2.51698 -9.092154 44.24293 2.51698 -9.440067 44.17001 25.82407 -9.440067 44.17001
4 16 25.82407 -9.440067 44.17001 2.51698 -9.440067 44.17001 2.51698 -12.65931 43.35719 25.82407 -12.65931 43.35719
4 16 25.82407 -12.65931 43.35719 2.51698 -12.65931 43.35719 2.51698 -13.52149 43.0961 25.82407 -13.52149 43.0961
4 16 25.82407 -13.52149 43.0961 2.51698 -13.52149 43.0961 2.51698 -15.81014 42.31009 25.82407 -15.81014 42.31009
4 16 25.82407 -15.81014 42.31009 2.51698 -15.81014 42.31009 2.51698 -17.81207 41.50704 25.82407 -17.81207 41.50704
4 16 25.82407 -17.81207 41.50704 2.51698 -17.81207 41.50704 2.51698 -18.87554 41.03436 25.82407 -18.87554 41.03436
4 16 25.82407 -18.87554 41.03436 2.51698 -18.87554 41.03436 2.51698 -21.83894 39.53688 25.82407 -21.83894 39.53688
4 16 25.82407 -21.83894 39.53688 2.51698 -21.83894 39.53688 2.51698 -21.91988 39.49206 25.82407 -21.91988 39.49206
4 16 25.82407 -21.91988 39.49206 2.51698 -21.91988 39.49206 2.51698 -24.68433 37.82576 25.82407 -24.68433 37.82576
4 16 25.82407 -24.68433 37.82576 2.51698 -24.68433 37.82576 2.51698 -25.80277 37.07185 25.82407 -25.80277 37.07185
4 16 25.82407 -25.80277 37.07185 2.51698 -25.80277 37.07185 2.51698 -27.39633 35.91024 25.82407 -27.39633 35.91024
4 16 25.82407 -27.39633 35.91024 2.51698 -27.39633 35.91024 2.51698 -29.42088 34.27122 25.82407 -29.42088 34.27122
4 16 25.82407 -29.42088 34.27122 2.51698 -29.42088 34.27122 2.51698 -29.96029 33.80067 25.82407 -29.96029 33.80067
4 16 25.82407 -29.96029 33.80067 2.51698 -29.96029 33.80067 2.51698 -32.36236 31.50845 25.82407 -32.36236 31.50845
4 16 25.82407 -32.36236 31.50845 2.51698 -32.36236 31.50845 2.51698 -32.73709 31.11892 25.82407 -32.73709 31.11892
4 16 25.82407 -32.73709 31.11892 2.51698 -32.73709 31.11892 2.51698 -34.58954 29.04597 25.82407 -34.58954 29.04597
4 16 25.82407 -34.58954 29.04597 2.51698 -34.58954 29.04597 2.51698 -35.71738 27.64731 25.82407 -35.71738 27.64731
4 16 25.82407 -35.71738 27.64731 2.51698 -35.71738 27.64731 2.51698 -36.62981 26.42653 25.82407 -36.62981 26.42653
4 16 25.82407 -36.62981 26.42653 2.51698 -36.62981 26.42653 2.51698 -38.33115 23.89199 25.82407 -38.33115 23.89199
4 16 25.82407 -38.33115 23.89199 2.51698 -38.33115 23.89199 2.51698 -38.47215 23.66428 25.82407 -38.47215 23.66428
4 16 25.82407 -38.47215 23.66428 2.51698 -38.47215 23.66428 2.51698 -40.10659 20.77417 25.82407 -40.10659 20.77417
4 16 25.82407 -40.10659 20.77417 2.51698 -40.10659 20.77417 2.51698 -40.5516 19.89151 25.82407 -40.5516 19.89151
4 16 25.82407 -40.5516 19.89151 2.51698 -40.5516 19.89151 2.51698 -41.5243 17.77179 25.82407 -41.5243 17.77179
4 16 25.82407 -41.5243 17.77179 2.51698 -41.5243 17.77179 2.51698 -42.35593 15.68691 25.82407 -42.35593 15.68691
4 16 25.82407 -42.35593 15.68691 2.51698 -42.35593 15.68691 2.51698 -42.71763 14.67338 25.82407 -42.71763 14.67338
4 16 25.82407 -42.71763 14.67338 2.51698 -42.71763 14.67338 2.51698 -43.68013 11.49568 25.82407 -43.68013 11.49568
4 16 25.82407 -43.68013 11.49568 2.51698 -43.68013 11.49568 2.51698 -43.72564 11.32135 25.82407 -43.72564 11.32135
4 16 25.82407 -43.72564 11.32135 2.51698 -43.72564 11.32135 2.51698 -44.40659 8.255863 25.82407 -44.40659 8.255863
4 16 25.82407 -44.40659 8.255863 2.51698 -44.40659 8.255863 2.51698 -44.64666 6.839616 25.82407 -44.64666 6.839616
4 16 25.82407 -44.64666 6.839616 2.51698 -44.64666 6.839616 2.51698 -44.89309 4.97143 25.82407 -44.89309 4.97143
4 16 25.82407 -44.89309 4.97143 2.51698 -44.89309 4.97143 2.51698 -45.10954 2.287697 25.82407 -45.10954 2.287697
4 16 25.82407 -45.10954 2.287697 2.51698 -45.10954 2.287697 2.51698 -45.137 1.660134 25.82407 -45.137 1.660134
4 16 25.82407 -45.137 1.660134 2.51698 -45.137 1.660134 2.51698 -45.137 -1.660134 25.82407 -45.137 -1.660134
4 16 25.82407 -45.137 -1.660134 2.51698 -45.137 -1.660134 2.51698 -45.10954 -2.287697 25.82407 -45.10954 -2.287697
4 16 25.82407 -45.10954 -2.287697 2.51698 -45.10954 -2.287697 2.51698 -44.89309 -4.97143 25.82407 -44.89309 -4.97143
4 16 25.82407 -44.89309 -4.97143 2.51698 -44.89309 -4.97143 2.51698 -44.64666 -6.839616 25.82407 -44.64666 -6.839616
4 16 25.82407 -44.64666 -6.839616 2.51698 -44.64666 -6.839616 2.51698 -44.40659 -8.255863 25.82407 -44.40659 -8.255863
4 16 25.82407 -44.40659 -8.255863 2.51698 -44.40659 -8.255863 2.51698 -43.72564 -11.32135 25.82407 -43.72564 -11.32135
4 16 25.82407 -43.72564 -11.32135 2.51698 -43.72564 -11.32135 2.51698 -43.68013 -11.49568 25.82407 -43.68013 -11.49568
4 16 25.82407 -43.68013 -11.49568 2.51698 -43.68013 -11.49568 2.51698 -42.71763 -14.67338 25.82407 -42.71763 -14.67338
4 16 25.82407 -42.71763 -14.67338 2.51698 -42.71763 -14.67338 2.51698 -42.35593 -15.68691 25.82407 -42.35593 -15.68691
4 16 25.82407 -42.35593 -15.68691 2.51698 -42.35593 -15.68691 2.51698 -41.5243 -17.77179 25.82407 -41.5243 -17.77179
4 16 25.82407 -41.5243 -17.77179 2.51698 -41.5243 -17.77179 2.51698 -40.5516 -19.89151 25.82407 -40.5516 -19.89151
4 16 25.82407 -40.5516 -19.89151 2.51698 -40.5516 -19.89151 2.51698 -40.10659 -20.77417 25.82407 -40.10659 -20.77417
4 16 25.82407 -40.10659 -20.77417 2.51698 -40.10659 -20.77417 2.51698 -38.47215 -23.66428 25.82407 -38.47215 -23.66428
4 16 25.82407 -38.47215 -23.66428 2.51698 -38.47215 -23.66428 2.51698 -38.33115 -23.89199 25.82407 -38.33115 -23.89199
4 16 25.82407 -38.33115 -23.89199 2.51698 -38.33115 -23.89199 2.51698 -36.62981 -26.42653 25.82407 -36.62981 -26.42653
4 16 25.82407 -36.62981 -26.42653 2.51698 -36.62981 -26.42653 2.51698 -35.71738 -27.64731 25.82407 -35.71738 -27.64731
4 16 25.82407 -35.71738 -27.64731 2.51698 -35.71738 -27.64731 2.51698 -34.58954 -29.04597 25.82407 -34.58954 -29.04597
4 16 25.82407 -34.58954 -29.04597 2.51698 -34.58954 -29.04597 2.51698 -32.73709 -31.11892 25.82407 -32.73709 -31.11892
4 16 25.82407 -32.73709 -31.11892 2.51698 -32.73709 -31.11892 2.51698 -32.36236 -31.50845 25.82407 -32.36236 -31.50845
4 16 25.82407 -32.36236 -31.50845 2.51698 -32.36236 -31.50845 2.51698 -29.96029 -33.80067 25.82407 -29.96029 -33.80067
4 16 25.82407 -29.96029 -33.80067 2.51698 -29.96029 -33.80067 2.51698 -29.42088 -34.27122 25.82407 -29.42088 -34.27122
4 16 25.82407 -29.42088 -34.27122 2.51698 -29.42088 -34.27122 2.51698 -27.39633 -35.91024 25.82407 -27.39633 -35.91024
4 16 25.82407 -27.39633 -35.91024 2.51698 -27.39633 -35.91024 2.51698 -25.80277 -37.07185 25.82407 -25.80277 -37.07185
4 16 25.82407 -25.80277 -37.07185 2.51698 -25.80277 -37.07185 2.51698 -24.68433 -37.82576 25.82407 -24.68433 -37.82576
4 16 25.82407 -24.68433 -37.82576 2.51698 -24.68433 -37.82576 2.51698 -21.91988 -39.49206 25.82407 -21.91988 -39.49206
4 16 25.82407 -21.91988 -39.49206 2.51698 -21.91988 -39.49206 2.51698 -21.83894 -39.53688 25.82407 -21.83894 -39.53688
4 16 25.82407 -21.83894 -39.53688 2.51698 -21.83894 -39.53688 2.51698 -18.87554 -41.03436 25.82407 -18.87554 -41.03436
4 16 25.82407 -18.87554 -41.03436 2.51698 -18.87554 -41.03436 2.51698 -17.81207 -41.50704 25.82407 -17.81207 -41.50704
4 16 25.82407 -17.81207 -41.50704 2.51698 -17.81207 -41.50704 2.51698 -15.81014 -42.31009 25.82407 -15.81014 -42.31009
4 16 25.82407 -15.81014 -42.31009 2.51698 -15.81014 -42.31009 2.51698 -13.52149 -43.0961 25.82407 -13.52149 -43.0961
4 16 25.82407 -13.52149 -43.0961 2.51698 -13.52149 -43.0961 2.51698 -12.65931 -43.35719 25.82407 -12.65931 -43.35719
4 16 25.82407 -12.65931 -43.35719 2.51698 -12.65931 -43.35719 2.51698 -9.440067 -44.17001 25.82407 -9.440067 -44.17001
4 16 25.82407 -9.440067 -44.17001 2.51698 -9.440067 -44.17001 2.51698 -9.092154 -44.24293 25.82407 -9.092154 -44.24293
4 16 25.82407 -9.092154 -44.24293 2.51698 -9.092154 -44.24293 2.51698 -6.169815 -44.74414 25.82407 -6.169815 -44.74414
4 16 25.82407 -6.169815 -44.74414 2.51698 -6.169815 -44.74414 2.51698 -4.569522 -44.93577 25.82407 -4.569522 -44.93577
4 16 25.82407 -4.569522 -44.93577 2.51698 -4.569522 -44.93577 2.51698 -2.866223 -45.07648 25.82407 -2.866223 -45.07648
4 16 25.82407 -2.866223 -45.07648 2.51698 -2.866223 -45.07648 2.51698 0 -45.16751 25.82407 0 -45.16751
2 24 0.76 -3.84 31.59 0.76 0 31.82
5 24 0 0.1 6.24 0 0.1 6.24 0 0 0 0 0 6.26
5 24 0 0.1 -6.24 0 0.1 -6.24 0 0 -3.62 0 0.1 -6.24
