0 228-7721-000s2
0 Name: 228-7721-000s2.dat
0 Author: 
0 !LDRAW_ORG Unofficial_Part
0 !LICENSE Redistributable under CCAL version 2.0 : see CAreadme.txt

0 BFC CERTIFY CCW

0 // Created with stl2dat conversion tool

3 16 -20.79 -1.62 3.37 -20.79 -1.1 3.58 -20.79 1.1 -3.58
2 24 -20.79 -1.62 3.37 -20.79 -1.1 3.58
4 16 -20.79 -2.55 2.74 -20.79 -2.11 3.09 -20.79 -3.24 -1.87 -20.79 -3.48 -1.37
2 24 -20.79 -2.55 2.74 -20.79 -2.11 3.09
2 24 -20.79 -3.24 -1.87 -20.79 -3.48 -1.37
3 16 -20.79 -2.11 -3.09 -20.79 -2.55 -2.74 -20.79 -2.11 3.09
2 24 -20.79 -2.11 -3.09 -20.79 -2.55 -2.74
3 16 -20.79 -1.1 3.58 -20.79 -0.56 3.7 -20.79 1.1 -3.58
2 24 -20.79 -1.1 3.58 -20.79 -0.56 3.7
3 16 -20.79 1.1 -3.58 -20.79 -0.56 3.7 -20.79 0 3.74
2 24 -20.79 -0.56 3.7 -20.79 0 3.74
3 16 -20.79 1.1 -3.58 -20.79 0 3.74 -20.79 0.56 3.7
2 24 -20.79 0.56 3.7 -20.79 0 3.74
3 16 -20.79 1.1 -3.58 -20.79 2.11 3.09 -20.79 2.55 2.74
2 24 -20.79 2.55 2.74 -20.79 2.11 3.09
3 16 -20.79 0 -3.74 -20.79 -0.56 -3.7 -20.79 -2.11 3.09
2 24 -20.79 0 -3.74 -20.79 -0.56 -3.7
3 16 -20.79 -0.56 -3.7 -20.79 -1.1 -3.58 -20.79 -2.11 3.09
2 24 -20.79 -0.56 -3.7 -20.79 -1.1 -3.58
3 16 -20.79 -2.11 3.09 -20.79 -1.1 -3.58 -20.79 -1.62 -3.37
2 24 -20.79 -1.1 -3.58 -20.79 -1.62 -3.37
3 16 -20.79 -2.11 3.09 -20.79 -1.62 -3.37 -20.79 -2.11 -3.09
2 24 -20.79 -1.62 -3.37 -20.79 -2.11 -3.09
3 16 -20.79 -2.55 -2.74 -20.79 -2.93 -2.33 -20.79 -2.11 3.09
2 24 -20.79 -2.55 -2.74 -20.79 -2.93 -2.33
3 16 -20.79 -2.11 3.09 -20.79 -2.93 -2.33 -20.79 -3.24 -1.87
2 24 -20.79 -2.93 -2.33 -20.79 -3.24 -1.87
3 16 -20.79 -3.65 -0.83 -20.79 -3.73 -0.28 -20.79 -3.24 1.87
2 24 -20.79 -3.65 -0.83 -20.79 -3.73 -0.28
3 16 -20.79 0.56 3.7 -20.79 1.1 3.58 -20.79 1.1 -3.58
2 24 -20.79 1.1 3.58 -20.79 0.56 3.7
3 16 -20.79 1.1 -3.58 -20.79 1.1 3.58 -20.79 1.62 3.37
2 24 -20.79 1.62 3.37 -20.79 1.1 3.58
3 16 -20.79 1.1 -3.58 -20.79 1.62 3.37 -20.79 2.11 3.09
2 24 -20.79 2.11 3.09 -20.79 1.62 3.37
3 16 -20.79 2.55 2.74 -20.79 2.93 2.33 -20.79 1.1 -3.58
2 24 -20.79 2.93 2.33 -20.79 2.55 2.74
3 16 -20.79 1.1 -3.58 -20.79 2.93 2.33 -20.79 3.24 1.87
2 24 -20.79 3.24 1.87 -20.79 2.93 2.33
3 16 -20.79 1.1 -3.58 -20.79 3.24 1.87 -20.79 3.48 1.37
2 24 -20.79 3.48 1.37 -20.79 3.24 1.87
4 16 -20.79 -1.62 3.37 -20.79 1.1 -3.58 -20.79 0.56 -3.7 -20.79 -2.11 3.09
2 24 -20.79 0.56 -3.7 -20.79 1.1 -3.58
2 24 -20.79 -2.11 3.09 -20.79 -1.62 3.37
3 16 -20.79 -2.11 3.09 -20.79 0.56 -3.7 -20.79 0 -3.74
2 24 -20.79 0 -3.74 -20.79 0.56 -3.7
4 16 -20.79 -3.65 -0.83 -20.79 -3.24 1.87 -20.79 -2.93 2.33 -20.79 -3.48 -1.37
2 24 -20.79 -3.24 1.87 -20.79 -2.93 2.33
2 24 -20.79 -3.48 -1.37 -20.79 -3.65 -0.83
3 16 -20.79 -3.48 -1.37 -20.79 -2.93 2.33 -20.79 -2.55 2.74
2 24 -20.79 -2.93 2.33 -20.79 -2.55 2.74
3 16 -20.79 3.48 1.37 -20.79 3.65 0.83 -20.79 1.1 -3.58
2 24 -20.79 3.65 0.83 -20.79 3.48 1.37
3 16 -20.79 1.1 -3.58 -20.79 3.65 0.83 -20.79 3.73 0.28
2 24 -20.79 3.73 0.28 -20.79 3.65 0.83
3 16 -20.79 1.1 -3.58 -20.79 3.73 0.28 -20.79 3.73 -0.28
2 24 -20.79 3.73 -0.28 -20.79 3.73 0.28
3 16 -20.79 3.73 -0.28 -20.79 3.65 -0.83 -20.79 1.1 -3.58
2 24 -20.79 3.65 -0.83 -20.79 3.73 -0.28
3 16 -20.79 1.1 -3.58 -20.79 3.65 -0.83 -20.79 3.48 -1.37
2 24 -20.79 3.48 -1.37 -20.79 3.65 -0.83
3 16 -20.79 1.1 -3.58 -20.79 3.48 -1.37 -20.79 3.24 -1.87
2 24 -20.79 3.24 -1.87 -20.79 3.48 -1.37
3 16 -20.79 3.24 -1.87 -20.79 2.93 -2.33 -20.79 1.1 -3.58
2 24 -20.79 2.93 -2.33 -20.79 3.24 -1.87
4 16 -20.79 1.1 -3.58 -20.79 2.93 -2.33 -20.79 2.55 -2.74 -20.79 1.62 -3.37
2 24 -20.79 2.55 -2.74 -20.79 2.93 -2.33
2 24 -20.79 1.1 -3.58 -20.79 1.62 -3.37
3 16 -20.79 1.62 -3.37 -20.79 2.55 -2.74 -20.79 2.11 -3.09
2 24 -20.79 2.11 -3.09 -20.79 2.55 -2.74
2 24 -20.79 1.62 -3.37 -20.79 2.11 -3.09
3 16 -20.79 -3.73 -0.28 -20.79 -3.73 0.28 -20.79 -3.24 1.87
2 24 -20.79 -3.73 -0.28 -20.79 -3.73 0.28
3 16 -20.79 -3.24 1.87 -20.79 -3.73 0.28 -20.79 -3.65 0.83
2 24 -20.79 -3.73 0.28 -20.79 -3.65 0.83
3 16 -20.79 -3.24 1.87 -20.79 -3.65 0.83 -20.79 -3.48 1.37
2 24 -20.79 -3.65 0.83 -20.79 -3.48 1.37
2 24 -20.79 -3.48 1.37 -20.79 -3.24 1.87

3 16 231.811 -16.771 .909 231.811 -16.771 -.909 231.811 16.771 -.909
2 24 231.811 -16.771 -0.909 231.811 -16.771 0.909
3 16 231.811 16.574 2.717 231.811 16.183 4.493 231.811 -1.816 16.697
2 24 231.811 16.183 4.493 231.811 16.574 2.717
3 16 231.811 15.603 -6.217 231.811 16.183 -4.493 231.811 -16.574 -2.717
2 24 231.811 16.183 -4.493 231.811 15.603 -6.217
3 16 231.811 16.771 -.909 231.811 -13.901 9.425 231.811 -14.839 7.867
2 24 231.811 -14.839 7.867 231.811 -13.901 9.425
3 16 231.811 16.771 -.909 231.811 -14.839 7.867 231.811 -15.603 6.217
2 24 231.811 -15.603 6.217 231.811 -14.839 7.867
3 16 231.811 -12.801 10.873 231.811 -13.901 9.425 231.811 16.771 -.909
2 24 231.811 -13.901 9.425 231.811 -12.801 10.873
3 16 231.811 -12.801 10.873 231.811 16.771 -.909 231.811 -11.55 12.193
2 24 231.811 -12.801 10.873 231.811 -11.55 12.193
3 16 231.811 -11.55 12.193 231.811 16.771 -.909 231.811 -10.164 13.371
2 24 231.811 -11.55 12.193 231.811 -10.164 13.371
3 16 231.811 -3.611 16.403 231.811 -5.363 15.916 231.811 16.771 -.909
2 24 231.811 -5.363 15.916 231.811 -3.611 16.403
4 16 231.811 -1.816 16.697 231.811 -3.611 16.403 231.811 16.771 -.909 231.811 16.771 .909
2 24 231.811 -3.611 16.403 231.811 -1.816 16.697
2 24 231.811 16.771 0.909 231.811 16.771 -0.909
3 16 231.811 -1.816 16.697 231.811 16.771 .909 231.811 16.574 2.717
2 24 231.811 16.574 2.717 231.811 16.771 0.909
3 16 231.811 5.363 -15.916 231.811 7.052 -15.243 231.811 -16.574 -2.717
2 24 231.811 7.052 -15.243 231.811 5.363 -15.916
3 16 231.811 -16.574 2.717 231.811 -16.771 .909 231.811 16.771 -.909
2 24 231.811 -16.771 0.909 231.811 -16.574 2.717
3 16 231.811 -16.574 2.717 231.811 16.771 -.909 231.811 -16.183 4.493
2 24 231.811 -16.574 2.717 231.811 -16.183 4.493
3 16 231.811 -16.183 4.493 231.811 16.771 -.909 231.811 -15.603 6.217
2 24 231.811 -16.183 4.493 231.811 -15.603 6.217
3 16 231.811 -8.659 14.391 231.811 -10.164 13.371 231.811 16.771 -.909
2 24 231.811 -10.164 13.371 231.811 -8.659 14.391
3 16 231.811 -8.659 14.391 231.811 16.771 -.909 231.811 -7.052 15.243
2 24 231.811 -8.659 14.391 231.811 -7.052 15.243
3 16 231.811 -7.052 15.243 231.811 16.771 -.909 231.811 -5.363 15.916
2 24 231.811 -7.052 15.243 231.811 -5.363 15.916
4 16 231.811 16.574 -2.717 231.811 16.771 -.909 231.811 -16.771 -.909 231.811 -16.574 -2.717
2 24 231.811 16.771 -0.909 231.811 16.574 -2.717
2 24 231.811 -16.574 -2.717 231.811 -16.771 -0.909
3 16 231.811 16.574 -2.717 231.811 -16.574 -2.717 231.811 16.183 -4.493
2 24 231.811 16.574 -2.717 231.811 16.183 -4.493
3 16 231.811 -16.574 -2.717 231.811 7.052 -15.243 231.811 8.659 -14.391
2 24 231.811 8.659 -14.391 231.811 7.052 -15.243
3 16 231.811 8.659 14.391 231.811 -1.816 16.697 231.811 10.164 13.371
2 24 231.811 8.659 14.391 231.811 10.164 13.371
3 16 231.811 14.839 -7.867 231.811 15.603 -6.217 231.811 -16.574 -2.717
2 24 231.811 15.603 -6.217 231.811 14.839 -7.867
3 16 231.811 14.839 -7.867 231.811 -16.574 -2.717 231.811 13.901 -9.425
2 24 231.811 14.839 -7.867 231.811 13.901 -9.425
3 16 231.811 13.901 -9.425 231.811 -16.574 -2.717 231.811 12.801 -10.873
2 24 231.811 13.901 -9.425 231.811 12.801 -10.873
3 16 231.811 -10.164 -13.371 231.811 -8.659 -14.391 231.811 1.816 -16.697
2 24 231.811 -8.659 -14.391 231.811 -10.164 -13.371
3 16 231.811 -10.164 -13.371 231.811 1.816 -16.697 231.811 -11.55 -12.193
2 24 231.811 -10.164 -13.371 231.811 -11.55 -12.193
3 16 231.811 -11.55 -12.193 231.811 1.816 -16.697 231.811 -12.801 -10.873
2 24 231.811 -11.55 -12.193 231.811 -12.801 -10.873
3 16 231.811 -1.816 16.697 231.811 3.611 16.403 231.811 1.816 16.697
2 24 231.811 1.816 16.697 231.811 3.611 16.403
3 16 231.811 -1.816 16.697 231.811 1.816 16.697 231.811 0 16.795
2 24 231.811 -1.816 16.697 231.811 0 16.795
2 24 231.811 0 16.795 231.811 1.816 16.697
3 16 231.811 11.55 12.193 231.811 10.164 13.371 231.811 -1.816 16.697
2 24 231.811 10.164 13.371 231.811 11.55 12.193
3 16 231.811 11.55 12.193 231.811 -1.816 16.697 231.811 12.801 10.873
2 24 231.811 11.55 12.193 231.811 12.801 10.873
3 16 231.811 12.801 10.873 231.811 -1.816 16.697 231.811 13.901 9.425
2 24 231.811 12.801 10.873 231.811 13.901 9.425
3 16 231.811 14.839 7.867 231.811 13.901 9.425 231.811 -1.816 16.697
2 24 231.811 13.901 9.425 231.811 14.839 7.867
3 16 231.811 14.839 7.867 231.811 -1.816 16.697 231.811 15.603 6.217
2 24 231.811 14.839 7.867 231.811 15.603 6.217
3 16 231.811 15.603 6.217 231.811 -1.816 16.697 231.811 16.183 4.493
2 24 231.811 15.603 6.217 231.811 16.183 4.493
3 16 231.811 11.55 -12.193 231.811 12.801 -10.873 231.811 -16.574 -2.717
2 24 231.811 12.801 -10.873 231.811 11.55 -12.193
3 16 231.811 11.55 -12.193 231.811 -16.574 -2.717 231.811 10.164 -13.371
2 24 231.811 11.55 -12.193 231.811 10.164 -13.371
3 16 231.811 10.164 -13.371 231.811 -16.574 -2.717 231.811 8.659 -14.391
2 24 231.811 10.164 -13.371 231.811 8.659 -14.391
3 16 231.811 -13.901 -9.425 231.811 -12.801 -10.873 231.811 1.816 -16.697
2 24 231.811 -12.801 -10.873 231.811 -13.901 -9.425
3 16 231.811 -13.901 -9.425 231.811 1.816 -16.697 231.811 -14.839 -7.867
2 24 231.811 -13.901 -9.425 231.811 -14.839 -7.867
3 16 231.811 -14.839 -7.867 231.811 1.816 -16.697 231.811 -15.603 -6.217
2 24 231.811 -14.839 -7.867 231.811 -15.603 -6.217
3 16 231.811 3.611 -16.403 231.811 5.363 -15.916 231.811 -16.574 -2.717
2 24 231.811 5.363 -15.916 231.811 3.611 -16.403
4 16 231.811 1.816 -16.697 231.811 3.611 -16.403 231.811 -16.574 -2.717 231.811 -16.183 -4.493
2 24 231.811 3.611 -16.403 231.811 1.816 -16.697
2 24 231.811 -16.183 -4.493 231.811 -16.574 -2.717
3 16 231.811 1.816 -16.697 231.811 -16.183 -4.493 231.811 -15.603 -6.217
2 24 231.811 -15.603 -6.217 231.811 -16.183 -4.493
3 16 231.811 5.363 15.916 231.811 3.611 16.403 231.811 -1.816 16.697
2 24 231.811 3.611 16.403 231.811 5.363 15.916
3 16 231.811 5.363 15.916 231.811 -1.816 16.697 231.811 7.052 15.243
2 24 231.811 5.363 15.916 231.811 7.052 15.243
3 16 231.811 7.052 15.243 231.811 -1.816 16.697 231.811 8.659 14.391
2 24 231.811 7.052 15.243 231.811 8.659 14.391
3 16 231.811 -3.611 -16.403 231.811 -1.816 -16.697 231.811 0 -16.795
2 24 231.811 -1.816 -16.697 231.811 -3.611 -16.403
2 24 231.811 0 -16.795 231.811 -1.816 -16.697
3 16 231.811 -3.611 -16.403 231.811 0 -16.795 231.811 -5.363 -15.916
2 24 231.811 -3.611 -16.403 231.811 -5.363 -15.916
4 16 231.811 -7.052 -15.243 231.811 -5.363 -15.916 231.811 0 -16.795 231.811 1.816 -16.697
2 24 231.811 -5.363 -15.916 231.811 -7.052 -15.243
2 24 231.811 1.816 -16.697 231.811 0 -16.795
3 16 231.811 -7.052 -15.243 231.811 1.816 -16.697 231.811 -8.659 -14.391
2 24 231.811 -7.052 -15.243 231.811 -8.659 -14.391

3 16 242.52 3.79 38.74 242.52 3.674 33.781 242.52 5.671 38.514
4 16 242.52 7.571 38.186 242.52 5.671 38.514 242.52 3.674 33.781 242.52 7.305 33.185
2 24 242.52 7.305 33.185 242.52 3.674 33.781
3 16 242.52 3.674 33.781 242.52 3.79 38.74 242.52 1.9 38.883
4 16 242.52 0 33.98 242.52 3.674 33.781 242.52 1.9 38.883 242.52 0 38.929
2 24 242.52 3.674 33.781 242.52 0 33.98
3 16 242.52 -10.325 37.535 242.52 -12.14 36.99 242.52 -10.85 32.201
4 16 242.52 -8.486 37.993 242.52 -10.325 37.535 242.52 -10.85 32.201 242.52 -7.305 33.185
2 24 242.52 -7.305 33.185 242.52 -10.85 32.201
3 16 242.52 -10.85 32.201 242.52 -12.14 36.99 242.52 -13.875 36.372
4 16 242.52 -14.268 30.839 242.52 -10.85 32.201 242.52 -13.875 36.372 242.52 -15.616 35.66
2 24 242.52 -10.85 32.201 242.52 -14.268 30.839
4 16 242.52 -14.268 -30.839 242.52 -17.518 -29.116 242.52 -18.4 -34.307 242.52 -16.71 -35.161
2 24 242.52 -17.518 -29.116 242.52 -14.268 -30.839
4 16 242.52 -2.967 38.816 242.52 -4.852 38.626 242.52 -3.674 33.781 242.52 0 33.98
2 24 242.52 0 33.98 242.52 -3.674 33.781
3 16 242.52 -2.967 38.816 242.52 0 33.98 242.52 -1.07 38.91
3 16 242.52 -1.07 38.91 242.52 0 33.98 242.52 0 38.929
3 16 242.52 -8.486 37.993 242.52 -7.305 33.185 242.52 -6.649 38.357
4 16 242.52 -4.852 38.626 242.52 -6.649 38.357 242.52 -7.305 33.185 242.52 -3.674 33.781
2 24 242.52 -3.674 33.781 242.52 -7.305 33.185
3 16 242.52 -14.268 30.839 242.52 -15.616 35.66 242.52 -17.332 34.859
4 16 242.52 -17.518 29.116 242.52 -14.268 30.839 242.52 -17.332 34.859 242.52 -19.007 33.974
2 24 242.52 -14.268 30.839 242.52 -17.518 29.116
3 16 242.52 -20.05 -33.37 242.52 -18.4 -34.307 242.52 -17.518 -29.116
3 16 242.52 -20.05 -33.37 242.52 -17.518 -29.116 242.52 -21.659 -32.347
4 16 242.52 -23.237 -31.234 242.52 -21.659 -32.347 242.52 -17.518 -29.116 242.52 -20.564 -27.051
2 24 242.52 -20.564 -27.051 242.52 -17.518 -29.116
3 16 242.52 -13.13 -36.65 242.52 -11.33 -37.24 242.52 -10.85 -32.201
3 16 242.52 -13.13 -36.65 242.52 -10.85 -32.201 242.52 -14.927 -35.954
4 16 242.52 -16.71 -35.161 242.52 -14.927 -35.954 242.52 -10.85 -32.201 242.52 -14.268 -30.839
2 24 242.52 -14.268 -30.839 242.52 -10.85 -32.201
3 16 242.52 13.875 -36.372 242.52 15.62 -35.66 242.52 14.268 -30.839
4 16 242.52 12.139 -36.989 242.52 13.875 -36.372 242.52 14.268 -30.839 242.52 10.85 -32.201
2 24 242.52 10.85 -32.201 242.52 14.268 -30.839
4 16 242.52 -23.368 24.669 242.52 -20.564 27.051 242.52 -25.198 29.675 242.52 -26.614 28.411
2 24 242.52 -20.564 27.051 242.52 -23.368 24.669
3 16 242.52 -28.847 -26.141 242.52 -27.54 -27.52 242.52 -23.368 -24.669
4 16 242.52 -30.086 -24.706 242.52 -28.847 -26.141 242.52 -23.368 -24.669 242.52 -25.898 -21.998
2 24 242.52 -25.898 -21.998 242.52 -23.368 -24.669
3 16 242.52 -23.237 -31.234 242.52 -20.564 -27.051 242.52 -24.729 -30.066
4 16 242.52 -26.162 -28.828 242.52 -24.729 -30.066 242.52 -20.564 -27.051 242.52 -23.368 -24.669
2 24 242.52 -23.368 -24.669 242.52 -20.564 -27.051
3 16 242.52 -26.162 -28.828 242.52 -23.368 -24.669 242.52 -27.54 -27.52
3 16 242.52 12.139 -36.989 242.52 10.85 -32.201 242.52 10.325 -37.535
4 16 242.52 8.486 -37.993 242.52 10.325 -37.535 242.52 10.85 -32.201 242.52 7.305 -33.185
2 24 242.52 7.305 -33.185 242.52 10.85 -32.201
3 16 242.52 14.268 -30.839 242.52 15.62 -35.66 242.52 17.332 -34.859
4 16 242.52 17.518 -29.116 242.52 14.268 -30.839 242.52 17.332 -34.859 242.52 19.007 -33.974
2 24 242.52 14.268 -30.839 242.52 17.518 -29.116
3 16 242.52 25.198 -29.675 242.52 26.61 -28.41 242.52 23.368 -24.669
4 16 242.52 23.725 -30.865 242.52 25.198 -29.675 242.52 23.368 -24.669 242.52 20.564 -27.051
2 24 242.52 20.564 -27.051 242.52 23.368 -24.669
3 16 242.52 23.368 -24.669 242.52 26.61 -28.41 242.52 27.969 -27.077
4 16 242.52 25.898 -21.998 242.52 23.368 -24.669 242.52 27.969 -27.077 242.52 29.255 -25.683
2 24 242.52 23.368 -24.669 242.52 25.898 -21.998
3 16 242.52 37.903 -8.881 242.52 38.27 -7.12 242.52 33.532 -5.497
4 16 242.52 37.426 -10.716 242.52 37.903 -8.881 242.52 33.532 -5.497 242.52 32.741 -9.091
2 24 242.52 32.741 -9.091 242.52 33.532 -5.497
3 16 242.52 31.251 23.214 242.52 30.09 24.71 242.52 25.898 21.998
4 16 242.52 32.345 21.663 242.52 31.251 23.214 242.52 25.898 21.998 242.52 28.125 19.069
2 24 242.52 28.125 19.069 242.52 25.898 21.998
3 16 242.52 -23.73 30.86 242.52 -25.198 29.675 242.52 -20.564 27.051
3 16 242.52 -23.73 30.86 242.52 -20.564 27.051 242.52 -22.195 31.982
4 16 242.52 -20.621 33.019 242.52 -22.195 31.982 242.52 -20.564 27.051 242.52 -17.518 29.116
2 24 242.52 -17.518 29.116 242.52 -20.564 27.051
3 16 242.52 -20.621 33.019 242.52 -17.518 29.116 242.52 -19.007 33.974
3 16 242.52 -29.26 25.68 242.52 -30.47 24.23 242.52 -25.898 21.998
3 16 242.52 -29.26 25.68 242.52 -25.898 21.998 242.52 -27.969 27.077
4 16 242.52 -26.614 28.411 242.52 -27.969 27.077 242.52 -25.898 21.998 242.52 -23.368 24.669
2 24 242.52 -23.368 24.669 242.52 -25.898 21.998
3 16 242.52 -10.85 -32.201 242.52 -11.33 -37.24 242.52 -9.506 -37.751
4 16 242.52 -7.305 -33.185 242.52 -10.85 -32.201 242.52 -9.506 -37.751 242.52 -7.571 -38.186
2 24 242.52 -10.85 -32.201 242.52 -7.305 -33.185
3 16 242.52 -7.305 -33.185 242.52 -7.571 -38.186 242.52 -5.671 -38.514
4 16 242.52 -3.674 -33.781 242.52 -7.305 -33.185 242.52 -5.671 -38.514 242.52 -3.79 -38.744
2 24 242.52 -7.305 -33.185 242.52 -3.674 -33.781
3 16 242.52 8.486 -37.993 242.52 7.305 -33.185 242.52 6.649 -38.357
4 16 242.52 4.852 -38.626 242.52 6.649 -38.357 242.52 7.305 -33.185 242.52 3.674 -33.781
2 24 242.52 3.674 -33.781 242.52 7.305 -33.185
3 16 242.52 23.725 -30.865 242.52 20.564 -27.051 242.52 22.195 -31.982
4 16 242.52 20.621 -33.019 242.52 22.195 -31.982 242.52 20.564 -27.051 242.52 17.518 -29.116
2 24 242.52 17.518 -29.116 242.52 20.564 -27.051
3 16 242.52 20.621 -33.019 242.52 17.518 -29.116 242.52 19.007 -33.974
3 16 242.52 38.128 7.858 242.52 37.7 9.71 242.52 32.741 9.091
4 16 242.52 38.456 6.05 242.52 38.128 7.858 242.52 32.741 9.091 242.52 33.532 5.497
2 24 242.52 33.532 5.497 242.52 32.741 9.091
3 16 242.52 32.345 21.663 242.52 28.125 19.069 242.52 33.348 20.085
4 16 242.52 34.283 18.444 242.52 33.348 20.085 242.52 28.125 19.069 242.52 30.021 15.916
2 24 242.52 30.021 15.916 242.52 28.125 19.069
3 16 242.52 14.927 35.954 242.52 13.13 36.65 242.52 10.85 32.201
4 16 242.52 16.71 35.161 242.52 14.927 35.954 242.52 10.85 32.201 242.52 14.268 30.839
2 24 242.52 14.268 30.839 242.52 10.85 32.201
3 16 242.52 -3.674 -33.781 242.52 -3.79 -38.744 242.52 -1.9 -38.883
4 16 242.52 0 -33.98 242.52 -3.674 -33.781 242.52 -1.9 -38.883 242.52 0 -38.929
2 24 242.52 -3.674 -33.781 242.52 0 -33.98
3 16 242.52 37.426 -10.716 242.52 32.741 -9.091 242.52 36.86 -12.523
4 16 242.52 36.205 -14.305 242.52 36.86 -12.523 242.52 32.741 -9.091 242.52 31.566 -12.577
2 24 242.52 31.566 -12.577 242.52 32.741 -9.091
4 16 242.52 38.927 .432 242.52 33.93 1.84 242.52 33.93 -1.84 242.52 38.902 -1.468
2 24 242.52 33.93 -1.84 242.52 33.93 1.84
3 16 242.52 38.456 6.05 242.52 33.532 5.497 242.52 38.701 4.215
4 16 242.52 38.86 2.327 242.52 38.701 4.215 242.52 33.532 5.497 242.52 33.93 1.84
2 24 242.52 33.93 1.84 242.52 33.532 5.497
3 16 242.52 38.86 2.327 242.52 33.93 1.84 242.52 38.927 .432
3 16 242.52 32.741 9.091 242.52 37.7 9.71 242.52 37.184 11.527
4 16 242.52 31.566 12.577 242.52 32.741 9.091 242.52 37.184 11.527 242.52 36.588 13.297
2 24 242.52 32.741 9.091 242.52 31.566 12.577
3 16 242.52 34.283 18.444 242.52 30.021 15.916 242.52 35.139 16.756
4 16 242.52 35.913 15.025 242.52 35.139 16.756 242.52 30.021 15.916 242.52 31.566 12.577
2 24 242.52 31.566 12.577 242.52 30.021 15.916
3 16 242.52 35.913 15.025 242.52 31.566 12.577 242.52 36.588 13.297
3 16 242.52 16.71 35.161 242.52 14.268 30.839 242.52 18.4 34.307
4 16 242.52 20.047 33.371 242.52 18.4 34.307 242.52 14.268 30.839 242.52 17.518 29.116
2 24 242.52 17.518 29.116 242.52 14.268 30.839
3 16 242.52 -25.898 21.998 242.52 -30.47 24.23 242.52 -31.616 22.714
4 16 242.52 -28.125 19.069 242.52 -25.898 21.998 242.52 -31.616 22.714 242.52 -32.706 21.114
2 24 242.52 -25.898 21.998 242.52 -28.125 19.069
3 16 242.52 -28.125 19.069 242.52 -32.706 21.114 242.52 -33.697 19.495
4 16 242.52 -30.021 15.916 242.52 -28.125 19.069 242.52 -33.697 19.495 242.52 -34.605 17.833
2 24 242.52 -28.125 19.069 242.52 -30.021 15.916
3 16 242.52 -30.021 15.916 242.52 -34.605 17.833 242.52 -35.432 16.127
4 16 242.52 -31.566 12.577 242.52 -30.021 15.916 242.52 -35.432 16.127 242.52 -36.205 14.305
2 24 242.52 -30.021 15.916 242.52 -31.566 12.577
3 16 242.52 -38.46 -6.05 242.52 -33.532 -5.497 242.52 -38.701 -4.215
3 16 242.52 4.852 -38.626 242.52 3.674 -33.781 242.52 2.967 -38.816
4 16 242.52 1.074 -38.914 242.52 2.967 -38.816 242.52 3.674 -33.781 242.52 0 -33.98
2 24 242.52 0 -33.98 242.52 3.674 -33.781
3 16 242.52 1.074 -38.914 242.52 0 -33.98 242.52 0 -38.929
4 16 242.52 31.616 -22.714 242.52 32.706 -21.114 242.52 28.125 -19.069 242.52 25.898 -21.998
2 24 242.52 25.898 -21.998 242.52 28.125 -19.069
3 16 242.52 31.616 -22.714 242.52 25.898 -21.998 242.52 30.47 -24.23
3 16 242.52 30.47 -24.23 242.52 25.898 -21.998 242.52 29.255 -25.683
3 16 242.52 38.902 -1.468 242.52 33.93 -1.84 242.52 38.784 -3.361
4 16 242.52 38.575 -5.244 242.52 38.784 -3.361 242.52 33.93 -1.84 242.52 33.532 -5.497
2 24 242.52 33.532 -5.497 242.52 33.93 -1.84
3 16 242.52 38.575 -5.244 242.52 33.532 -5.497 242.52 38.27 -7.12
3 16 242.52 25.898 21.998 242.52 30.09 24.71 242.52 28.847 26.141
4 16 242.52 23.368 24.669 242.52 25.898 21.998 242.52 28.847 26.141 242.52 27.536 27.518
2 24 242.52 25.898 21.998 242.52 23.368 24.669
4 16 242.52 24.729 30.066 242.52 23.237 31.234 242.52 20.564 27.051 242.52 23.368 24.669
2 24 242.52 23.368 24.669 242.52 20.564 27.051
3 16 242.52 24.729 30.066 242.52 23.368 24.669 242.52 26.16 28.83
3 16 242.52 26.16 28.83 242.52 23.368 24.669 242.52 27.536 27.518
3 16 242.52 20.047 33.371 242.52 17.518 29.116 242.52 21.659 32.347
4 16 242.52 23.237 31.234 242.52 21.659 32.347 242.52 17.518 29.116 242.52 20.564 27.051
2 24 242.52 20.564 27.051 242.52 17.518 29.116
3 16 242.52 7.571 38.186 242.52 7.305 33.185 242.52 9.506 37.751
4 16 242.52 11.331 37.244 242.52 9.506 37.751 242.52 7.305 33.185 242.52 10.85 32.201
2 24 242.52 10.85 32.201 242.52 7.305 33.185
3 16 242.52 11.331 37.244 242.52 10.85 32.201 242.52 13.13 36.65
3 16 242.52 -31.566 12.577 242.52 -36.205 14.305 242.52 -36.86 12.523
4 16 242.52 -32.741 9.091 242.52 -31.566 12.577 242.52 -36.86 12.523 242.52 -37.426 10.716
2 24 242.52 -31.566 12.577 242.52 -32.741 9.091
3 16 242.52 -32.741 9.091 242.52 -37.426 10.716 242.52 -37.903 8.881
4 16 242.52 -33.532 5.497 242.52 -32.741 9.091 242.52 -37.903 8.881 242.52 -38.272 7.12
2 24 242.52 -32.741 9.091 242.52 -33.532 5.497
4 16 242.52 -38.86 -2.327 242.52 -38.701 -4.215 242.52 -33.532 -5.497 242.52 -33.93 -1.84
2 24 242.52 -33.93 -1.84 242.52 -33.532 -5.497
4 16 242.52 33.697 -19.495 242.52 34.605 -17.833 242.52 30.021 -15.916 242.52 28.125 -19.069
2 24 242.52 28.125 -19.069 242.52 30.021 -15.916
3 16 242.52 33.697 -19.495 242.52 28.125 -19.069 242.52 32.706 -21.114
3 16 242.52 36.205 -14.305 242.52 31.566 -12.577 242.52 35.432 -16.127
4 16 242.52 34.605 -17.833 242.52 35.432 -16.127 242.52 31.566 -12.577 242.52 30.021 -15.916
2 24 242.52 30.021 -15.916 242.52 31.566 -12.577
3 16 242.52 -38.86 -2.327 242.52 -33.93 -1.84 242.52 -38.927 -.432
4 16 242.52 -38.902 1.468 242.52 -38.927 -.432 242.52 -33.93 -1.84 242.52 -33.93 1.84
2 24 242.52 -33.93 1.84 242.52 -33.93 -1.84
3 16 242.52 -33.532 -5.497 242.52 -38.46 -6.05 242.52 -38.128 -7.858
4 16 242.52 -32.741 -9.091 242.52 -33.532 -5.497 242.52 -38.128 -7.858 242.52 -37.7 -9.705
2 24 242.52 -33.532 -5.497 242.52 -32.741 -9.091
3 16 242.52 -38.902 1.468 242.52 -33.93 1.84 242.52 -38.784 3.361
4 16 242.52 -38.575 5.244 242.52 -38.784 3.361 242.52 -33.93 1.84 242.52 -33.532 5.497
2 24 242.52 -33.532 5.497 242.52 -33.93 1.84
3 16 242.52 -38.575 5.244 242.52 -33.532 5.497 242.52 -38.272 7.12
3 16 242.52 -32.741 -9.091 242.52 -37.7 -9.705 242.52 -37.184 -11.527
4 16 242.52 -31.566 -12.577 242.52 -32.741 -9.091 242.52 -37.184 -11.527 242.52 -36.588 -13.297
2 24 242.52 -32.741 -9.091 242.52 -31.566 -12.577
4 16 242.52 -35.139 -16.756 242.52 -34.283 -18.444 242.52 -30.021 -15.916 242.52 -31.566 -12.577
2 24 242.52 -31.566 -12.577 242.52 -30.021 -15.916
3 16 242.52 -35.139 -16.756 242.52 -31.566 -12.577 242.52 -35.91 -15.02
3 16 242.52 -35.91 -15.02 242.52 -31.566 -12.577 242.52 -36.588 -13.297
3 16 242.52 -30.086 -24.706 242.52 -25.898 -21.998 242.52 -31.251 -23.214
4 16 242.52 -32.345 -21.663 242.52 -31.251 -23.214 242.52 -25.898 -21.998 242.52 -28.125 -19.069
2 24 242.52 -28.125 -19.069 242.52 -25.898 -21.998
3 16 242.52 -32.345 -21.663 242.52 -28.125 -19.069 242.52 -33.348 -20.085
4 16 242.52 -34.283 -18.444 242.52 -33.348 -20.085 242.52 -28.125 -19.069 242.52 -30.021 -15.916
2 24 242.52 -30.021 -15.916 242.52 -28.125 -19.069

4 16 242.46 0 -39.74 242.52 0 -38.93 242.52 -2.78 -38.83 242.46 -2.83 -39.64
4 16 242.46 -2.83 -39.64 242.52 -2.78 -38.83 242.52 -5.54 -38.53 242.46 -5.66 -39.33
4 16 242.46 -5.66 -39.33 242.52 -5.54 -38.53 242.52 -8.27 -38.04 242.46 -8.45 -38.83
4 16 242.46 -8.45 -38.83 242.52 -8.27 -38.04 242.52 -10.97 -37.35 242.46 -11.2 -38.13
4 16 242.46 -11.2 -38.13 242.52 -10.97 -37.35 242.52 -13.6 -36.47 242.46 -13.89 -37.23
4 16 242.46 -13.89 -37.23 242.52 -13.6 -36.47 242.52 -16.17 -35.41 242.46 -16.51 -36.15
4 16 242.46 -16.51 -36.15 242.52 -16.17 -35.41 242.52 -18.66 -34.17 242.46 -19.04 -34.88
4 16 242.46 -19.04 -34.88 242.52 -18.66 -34.17 242.52 -21.05 -32.75 242.46 -21.48 -33.43
4 16 242.46 -21.48 -33.43 242.52 -21.05 -32.75 242.52 -23.33 -31.16 242.46 -23.81 -31.81
4 16 242.46 -23.81 -31.81 242.52 -23.33 -31.16 242.52 -25.49 -29.42 242.46 -26.02 -30.03
4 16 242.46 -26.02 -30.03 242.52 -25.49 -29.42 242.52 -27.53 -27.53 242.46 -28.1 -28.1
4 16 242.46 -28.1 -28.1 242.52 -27.53 -27.53 242.52 -29.42 -25.49 242.46 -30.03 -26.02
4 16 242.46 -30.03 -26.02 242.52 -29.42 -25.49 242.52 -31.16 -23.33 242.46 -31.81 -23.81
4 16 242.46 -31.81 -23.81 242.52 -31.16 -23.33 242.52 -32.75 -21.05 242.46 -33.43 -21.48
4 16 242.46 -33.43 -21.48 242.52 -32.75 -21.05 242.52 -34.17 -18.66 242.46 -34.88 -19.04
4 16 242.46 -34.88 -19.04 242.52 -34.17 -18.66 242.52 -35.41 -16.17 242.46 -36.15 -16.51
4 16 242.46 -36.15 -16.51 242.52 -35.41 -16.17 242.52 -36.47 -13.6 242.46 -37.23 -13.89
4 16 242.46 -37.23 -13.89 242.52 -36.47 -13.6 242.52 -37.35 -10.97 242.46 -38.13 -11.2
4 16 242.46 -38.13 -11.2 242.52 -37.35 -10.97 242.52 -38.04 -8.27 242.46 -38.83 -8.45
4 16 242.46 -38.83 -8.45 242.52 -38.04 -8.27 242.52 -38.53 -5.54 242.46 -39.33 -5.66
4 16 242.46 -39.33 -5.66 242.52 -38.53 -5.54 242.52 -38.83 -2.78 242.46 -39.64 -2.83
4 16 242.46 -39.64 -2.83 242.52 -38.83 -2.78 242.52 -38.93 0 242.46 -39.74 0
4 16 242.46 -39.74 0 242.52 -38.93 0 242.52 -38.83 2.78 242.46 -39.64 2.83
4 16 242.46 -39.64 2.83 242.52 -38.83 2.78 242.52 -38.53 5.54 242.46 -39.33 5.66
4 16 242.46 -39.33 5.66 242.52 -38.53 5.54 242.52 -38.04 8.27 242.46 -38.83 8.45
4 16 242.46 -38.83 8.45 242.52 -38.04 8.27 242.52 -37.35 10.97 242.46 -38.13 11.2
4 16 242.46 -38.13 11.2 242.52 -37.35 10.97 242.52 -36.47 13.6 242.46 -37.23 13.89
4 16 242.46 -37.23 13.89 242.52 -36.47 13.6 242.52 -35.41 16.17 242.46 -36.15 16.51
4 16 242.46 -36.15 16.51 242.52 -35.41 16.17 242.52 -34.17 18.66 242.46 -34.88 19.04
4 16 242.46 -34.88 19.04 242.52 -34.17 18.66 242.52 -32.75 21.05 242.46 -33.43 21.48
4 16 242.46 -33.43 21.48 242.52 -32.75 21.05 242.52 -31.16 23.33 242.46 -31.81 23.81
4 16 242.46 -31.81 23.81 242.52 -31.16 23.33 242.52 -29.42 25.49 242.46 -30.03 26.02
4 16 242.46 -30.03 26.02 242.52 -29.42 25.49 242.52 -27.53 27.53 242.46 -28.1 28.1
4 16 242.46 -28.1 28.1 242.52 -27.53 27.53 242.52 -25.49 29.42 242.46 -26.02 30.03
4 16 242.46 -26.02 30.03 242.52 -25.49 29.42 242.52 -23.33 31.16 242.46 -23.81 31.81
4 16 242.46 -23.81 31.81 242.52 -23.33 31.16 242.52 -21.05 32.75 242.46 -21.48 33.43
4 16 242.46 -21.48 33.43 242.52 -21.05 32.75 242.52 -18.66 34.17 242.46 -19.04 34.88
4 16 242.46 -19.04 34.88 242.52 -18.66 34.17 242.52 -16.17 35.41 242.46 -16.51 36.15
4 16 242.46 -16.51 36.15 242.52 -16.17 35.41 242.52 -13.6 36.47 242.46 -13.89 37.23
4 16 242.46 -13.89 37.23 242.52 -13.6 36.47 242.52 -10.97 37.35 242.46 -11.2 38.13
4 16 242.46 -11.2 38.13 242.52 -10.97 37.35 242.52 -8.27 38.04 242.46 -8.45 38.83
4 16 242.46 -8.45 38.83 242.52 -8.27 38.04 242.52 -5.54 38.53 242.46 -5.66 39.33
4 16 242.46 -5.66 39.33 242.52 -5.54 38.53 242.52 -2.78 38.83 242.46 -2.83 39.64
4 16 242.46 -2.83 39.64 242.52 -2.78 38.83 242.52 0 38.93 242.46 0 39.74
4 16 242.27 0 -40.53 242.46 0 -39.74 242.46 -2.83 -39.64 242.27 -2.89 -40.42
4 16 242.27 -2.89 -40.42 242.46 -2.83 -39.64 242.46 -5.66 -39.33 242.27 -5.77 -40.11
4 16 242.27 -5.77 -40.11 242.46 -5.66 -39.33 242.46 -8.45 -38.83 242.27 -8.61 -39.6
4 16 242.27 -8.61 -39.6 242.46 -8.45 -38.83 242.46 -11.2 -38.13 242.27 -11.42 -38.88
4 16 242.27 -11.42 -38.88 242.46 -11.2 -38.13 242.46 -13.89 -37.23 242.27 -14.16 -37.97
4 16 242.27 -14.16 -37.97 242.46 -13.89 -37.23 242.46 -16.51 -36.15 242.27 -16.83 -36.86
4 16 242.27 -16.83 -36.86 242.46 -16.51 -36.15 242.46 -19.04 -34.88 242.27 -19.42 -35.57
4 16 242.27 -19.42 -35.57 242.46 -19.04 -34.88 242.46 -21.48 -33.43 242.27 -21.91 -34.09
4 16 242.27 -21.91 -34.09 242.46 -21.48 -33.43 242.46 -23.81 -31.81 242.27 -24.29 -32.44
4 16 242.27 -24.29 -32.44 242.46 -23.81 -31.81 242.46 -26.02 -30.03 242.27 -26.54 -30.63
4 16 242.27 -26.54 -30.63 242.46 -26.02 -30.03 242.46 -28.1 -28.1 242.27 -28.66 -28.66
4 16 242.27 -28.66 -28.66 242.46 -28.1 -28.1 242.46 -30.03 -26.02 242.27 -30.63 -26.54
4 16 242.27 -30.63 -26.54 242.46 -30.03 -26.02 242.46 -31.81 -23.81 242.27 -32.44 -24.29
4 16 242.27 -32.44 -24.29 242.46 -31.81 -23.81 242.46 -33.43 -21.48 242.27 -34.09 -21.91
4 16 242.27 -34.09 -21.91 242.46 -33.43 -21.48 242.46 -34.88 -19.04 242.27 -35.57 -19.42
4 16 242.27 -35.57 -19.42 242.46 -34.88 -19.04 242.46 -36.15 -16.51 242.27 -36.86 -16.83
4 16 242.27 -36.86 -16.83 242.46 -36.15 -16.51 242.46 -37.23 -13.89 242.27 -37.97 -14.16
4 16 242.27 -37.97 -14.16 242.46 -37.23 -13.89 242.46 -38.13 -11.2 242.27 -38.88 -11.42
4 16 242.27 -38.88 -11.42 242.46 -38.13 -11.2 242.46 -38.83 -8.45 242.27 -39.6 -8.61
4 16 242.27 -39.6 -8.61 242.46 -38.83 -8.45 242.46 -39.33 -5.66 242.27 -40.11 -5.77
4 16 242.27 -40.11 -5.77 242.46 -39.33 -5.66 242.46 -39.64 -2.83 242.27 -40.42 -2.89
4 16 242.27 -40.42 -2.89 242.46 -39.64 -2.83 242.46 -39.74 0 242.27 -40.53 0
4 16 242.27 -40.53 0 242.46 -39.74 0 242.46 -39.64 2.83 242.27 -40.42 2.89
4 16 242.27 -40.42 2.89 242.46 -39.64 2.83 242.46 -39.33 5.66 242.27 -40.11 5.77
4 16 242.27 -40.11 5.77 242.46 -39.33 5.66 242.46 -38.83 8.45 242.27 -39.6 8.61
4 16 242.27 -39.6 8.61 242.46 -38.83 8.45 242.46 -38.13 11.2 242.27 -38.88 11.42
4 16 242.27 -38.88 11.42 242.46 -38.13 11.2 242.46 -37.23 13.89 242.27 -37.97 14.16
4 16 242.27 -37.97 14.16 242.46 -37.23 13.89 242.46 -36.15 16.51 242.27 -36.86 16.83
4 16 242.27 -36.86 16.83 242.46 -36.15 16.51 242.46 -34.88 19.04 242.27 -35.57 19.42
4 16 242.27 -35.57 19.42 242.46 -34.88 19.04 242.46 -33.43 21.48 242.27 -34.09 21.91
4 16 242.27 -34.09 21.91 242.46 -33.43 21.48 242.46 -31.81 23.81 242.27 -32.44 24.29
4 16 242.27 -32.44 24.29 242.46 -31.81 23.81 242.46 -30.03 26.02 242.27 -30.63 26.54
4 16 242.27 -30.63 26.54 242.46 -30.03 26.02 242.46 -28.1 28.1 242.27 -28.66 28.66
4 16 242.27 -28.66 28.66 242.46 -28.1 28.1 242.46 -26.02 30.03 242.27 -26.54 30.63
4 16 242.27 -26.54 30.63 242.46 -26.02 30.03 242.46 -23.81 31.81 242.27 -24.29 32.44
4 16 242.27 -24.29 32.44 242.46 -23.81 31.81 242.46 -21.48 33.43 242.27 -21.91 34.09
4 16 242.27 -21.91 34.09 242.46 -21.48 33.43 242.46 -19.04 34.88 242.27 -19.42 35.57
4 16 242.27 -19.42 35.57 242.46 -19.04 34.88 242.46 -16.51 36.15 242.27 -16.83 36.86
4 16 242.27 -16.83 36.86 242.46 -16.51 36.15 242.46 -13.89 37.23 242.27 -14.16 37.97
4 16 242.27 -14.16 37.97 242.46 -13.89 37.23 242.46 -11.2 38.13 242.27 -11.42 38.88
4 16 242.27 -11.42 38.88 242.46 -11.2 38.13 242.46 -8.45 38.83 242.27 -8.61 39.6
4 16 242.27 -8.61 39.6 242.46 -8.45 38.83 242.46 -5.66 39.33 242.27 -5.77 40.11
4 16 242.27 -5.77 40.11 242.46 -5.66 39.33 242.46 -2.83 39.64 242.27 -2.89 40.42
4 16 242.27 -2.89 40.42 242.46 -2.83 39.64 242.46 0 39.74 242.27 0 40.53
4 16 241.96 0 -41.27 242.27 0 -40.53 242.27 -2.89 -40.42 241.96 -2.94 -41.17
4 16 241.96 -2.94 -41.17 242.27 -2.89 -40.42 242.27 -5.77 -40.11 241.96 -5.87 -40.85
4 16 241.96 -5.87 -40.85 242.27 -5.77 -40.11 242.27 -8.61 -39.6 241.96 -8.77 -40.33
4 16 241.96 -8.77 -40.33 242.27 -8.61 -39.6 242.27 -11.42 -38.88 241.96 -11.63 -39.6
4 16 241.96 -11.63 -39.6 242.27 -11.42 -38.88 242.27 -14.16 -37.97 241.96 -14.42 -38.67
4 16 241.96 -14.42 -38.67 242.27 -14.16 -37.97 242.27 -16.83 -36.86 241.96 -17.15 -37.54
4 16 241.96 -17.15 -37.54 242.27 -16.83 -36.86 242.27 -19.42 -35.57 241.96 -19.78 -36.23
4 16 241.96 -19.78 -36.23 242.27 -19.42 -35.57 242.27 -21.91 -34.09 241.96 -22.31 -34.72
4 16 241.96 -22.31 -34.72 242.27 -21.91 -34.09 242.27 -24.29 -32.44 241.96 -24.73 -33.04
4 16 241.96 -24.73 -33.04 242.27 -24.29 -32.44 242.27 -26.54 -30.63 241.96 -27.03 -31.19
4 16 241.96 -27.03 -31.19 242.27 -26.54 -30.63 242.27 -28.66 -28.66 241.96 -29.19 -29.19
4 16 241.96 -29.19 -29.19 242.27 -28.66 -28.66 242.27 -30.63 -26.54 241.96 -31.19 -27.03
4 16 241.96 -31.19 -27.03 242.27 -30.63 -26.54 242.27 -32.44 -24.29 241.96 -33.04 -24.73
4 16 241.96 -33.04 -24.73 242.27 -32.44 -24.29 242.27 -34.09 -21.91 241.96 -34.72 -22.31
4 16 241.96 -34.72 -22.31 242.27 -34.09 -21.91 242.27 -35.57 -19.42 241.96 -36.23 -19.78
4 16 241.96 -36.23 -19.78 242.27 -35.57 -19.42 242.27 -36.86 -16.83 241.96 -37.54 -17.15
4 16 241.96 -37.54 -17.15 242.27 -36.86 -16.83 242.27 -37.97 -14.16 241.96 -38.67 -14.42
4 16 241.96 -38.67 -14.42 242.27 -37.97 -14.16 242.27 -38.88 -11.42 241.96 -39.6 -11.63
4 16 241.96 -39.6 -11.63 242.27 -38.88 -11.42 242.27 -39.6 -8.61 241.96 -40.33 -8.77
4 16 241.96 -40.33 -8.77 242.27 -39.6 -8.61 242.27 -40.11 -5.77 241.96 -40.85 -5.87
4 16 241.96 -40.85 -5.87 242.27 -40.11 -5.77 242.27 -40.42 -2.89 241.96 -41.17 -2.94
4 16 241.96 -41.17 -2.94 242.27 -40.42 -2.89 242.27 -40.53 0 241.96 -41.27 0
4 16 241.96 -41.27 0 242.27 -40.53 0 242.27 -40.42 2.89 241.96 -41.17 2.94
4 16 241.96 -41.17 2.94 242.27 -40.42 2.89 242.27 -40.11 5.77 241.96 -40.85 5.87
4 16 241.96 -40.85 5.87 242.27 -40.11 5.77 242.27 -39.6 8.61 241.96 -40.33 8.77
4 16 241.96 -40.33 8.77 242.27 -39.6 8.61 242.27 -38.88 11.42 241.96 -39.6 11.63
4 16 241.96 -39.6 11.63 242.27 -38.88 11.42 242.27 -37.97 14.16 241.96 -38.67 14.42
4 16 241.96 -38.67 14.42 242.27 -37.97 14.16 242.27 -36.86 16.83 241.96 -37.54 17.15
4 16 241.96 -37.54 17.15 242.27 -36.86 16.83 242.27 -35.57 19.42 241.96 -36.23 19.78
4 16 241.96 -36.23 19.78 242.27 -35.57 19.42 242.27 -34.09 21.91 241.96 -34.72 22.31
4 16 241.96 -34.72 22.31 242.27 -34.09 21.91 242.27 -32.44 24.29 241.96 -33.04 24.73
4 16 241.96 -33.04 24.73 242.27 -32.44 24.29 242.27 -30.63 26.54 241.96 -31.19 27.03
4 16 241.96 -31.19 27.03 242.27 -30.63 26.54 242.27 -28.66 28.66 241.96 -29.19 29.19
4 16 241.96 -29.19 29.19 242.27 -28.66 28.66 242.27 -26.54 30.63 241.96 -27.03 31.19
4 16 241.96 -27.03 31.19 242.27 -26.54 30.63 242.27 -24.29 32.44 241.96 -24.73 33.04
4 16 241.96 -24.73 33.04 242.27 -24.29 32.44 242.27 -21.91 34.09 241.96 -22.31 34.72
4 16 241.96 -22.31 34.72 242.27 -21.91 34.09 242.27 -19.42 35.57 241.96 -19.78 36.23
4 16 241.96 -19.78 36.23 242.27 -19.42 35.57 242.27 -16.83 36.86 241.96 -17.15 37.54
4 16 241.96 -17.15 37.54 242.27 -16.83 36.86 242.27 -14.16 37.97 241.96 -14.42 38.67
4 16 241.96 -14.42 38.67 242.27 -14.16 37.97 242.27 -11.42 38.88 241.96 -11.63 39.6
4 16 241.96 -11.63 39.6 242.27 -11.42 38.88 242.27 -8.61 39.6 241.96 -8.77 40.33
4 16 241.96 -8.77 40.33 242.27 -8.61 39.6 242.27 -5.77 40.11 241.96 -5.87 40.85
4 16 241.96 -5.87 40.85 242.27 -5.77 40.11 242.27 -2.89 40.42 241.96 -2.94 41.17
4 16 241.96 -2.94 41.17 242.27 -2.89 40.42 242.27 0 40.53 241.96 0 41.27
4 16 241.53 0 -41.97 241.96 0 -41.27 241.96 -2.94 -41.17 241.53 -2.99 -41.86
4 16 241.53 -2.99 -41.86 241.96 -2.94 -41.17 241.96 -5.87 -40.85 241.53 -5.97 -41.54
4 16 241.53 -5.97 -41.54 241.96 -5.87 -40.85 241.96 -8.77 -40.33 241.53 -8.92 -41.01
4 16 241.53 -8.92 -41.01 241.96 -8.77 -40.33 241.96 -11.63 -39.6 241.53 -11.82 -40.27
4 16 241.53 -11.82 -40.27 241.96 -11.63 -39.6 241.96 -14.42 -38.67 241.53 -14.67 -39.32
4 16 241.53 -14.67 -39.32 241.96 -14.42 -38.67 241.96 -17.15 -37.54 241.53 -17.43 -38.17
4 16 241.53 -17.43 -38.17 241.96 -17.15 -37.54 241.96 -19.78 -36.23 241.53 -20.11 -36.83
4 16 241.53 -20.11 -36.83 241.96 -19.78 -36.23 241.96 -22.31 -34.72 241.53 -22.69 -35.3
4 16 241.53 -22.69 -35.3 241.96 -22.31 -34.72 241.96 -24.73 -33.04 241.53 -25.15 -33.59
4 16 241.53 -25.15 -33.59 241.96 -24.73 -33.04 241.96 -27.03 -31.19 241.53 -27.48 -31.72
4 16 241.53 -27.48 -31.72 241.96 -27.03 -31.19 241.96 -29.19 -29.19 241.53 -29.67 -29.67
4 16 241.53 -29.67 -29.67 241.96 -29.19 -29.19 241.96 -31.19 -27.03 241.53 -31.72 -27.48
4 16 241.53 -31.72 -27.48 241.96 -31.19 -27.03 241.96 -33.04 -24.73 241.53 -33.59 -25.15
4 16 241.53 -33.59 -25.15 241.96 -33.04 -24.73 241.96 -34.72 -22.31 241.53 -35.3 -22.69
4 16 241.53 -35.3 -22.69 241.96 -34.72 -22.31 241.96 -36.23 -19.78 241.53 -36.83 -20.11
4 16 241.53 -36.83 -20.11 241.96 -36.23 -19.78 241.96 -37.54 -17.15 241.53 -38.17 -17.43
4 16 241.53 -38.17 -17.43 241.96 -37.54 -17.15 241.96 -38.67 -14.42 241.53 -39.32 -14.67
4 16 241.53 -39.32 -14.67 241.96 -38.67 -14.42 241.96 -39.6 -11.63 241.53 -40.27 -11.82
4 16 241.53 -40.27 -11.82 241.96 -39.6 -11.63 241.96 -40.33 -8.77 241.53 -41.01 -8.92
4 16 241.53 -41.01 -8.92 241.96 -40.33 -8.77 241.96 -40.85 -5.87 241.53 -41.54 -5.97
4 16 241.53 -41.54 -5.97 241.96 -40.85 -5.87 241.96 -41.17 -2.94 241.53 -41.86 -2.99
4 16 241.53 -41.86 -2.99 241.96 -41.17 -2.94 241.96 -41.27 0 241.53 -41.97 0
4 16 241.53 -41.97 0 241.96 -41.27 0 241.96 -41.17 2.94 241.53 -41.86 2.99
4 16 241.53 -41.86 2.99 241.96 -41.17 2.94 241.96 -40.85 5.87 241.53 -41.54 5.97
4 16 241.53 -41.54 5.97 241.96 -40.85 5.87 241.96 -40.33 8.77 241.53 -41.01 8.92
4 16 241.53 -41.01 8.92 241.96 -40.33 8.77 241.96 -39.6 11.63 241.53 -40.27 11.82
4 16 241.53 -40.27 11.82 241.96 -39.6 11.63 241.96 -38.67 14.42 241.53 -39.32 14.67
4 16 241.53 -39.32 14.67 241.96 -38.67 14.42 241.96 -37.54 17.15 241.53 -38.17 17.43
4 16 241.53 -38.17 17.43 241.96 -37.54 17.15 241.96 -36.23 19.78 241.53 -36.83 20.11
4 16 241.53 -36.83 20.11 241.96 -36.23 19.78 241.96 -34.72 22.31 241.53 -35.3 22.69
4 16 241.53 -35.3 22.69 241.96 -34.72 22.31 241.96 -33.04 24.73 241.53 -33.59 25.15
4 16 241.53 -33.59 25.15 241.96 -33.04 24.73 241.96 -31.19 27.03 241.53 -31.72 27.48
4 16 241.53 -31.72 27.48 241.96 -31.19 27.03 241.96 -29.19 29.19 241.53 -29.67 29.67
4 16 241.53 -29.67 29.67 241.96 -29.19 29.19 241.96 -27.03 31.19 241.53 -27.48 31.72
4 16 241.53 -27.48 31.72 241.96 -27.03 31.19 241.96 -24.73 33.04 241.53 -25.15 33.59
4 16 241.53 -25.15 33.59 241.96 -24.73 33.04 241.96 -22.31 34.72 241.53 -22.69 35.3
4 16 241.53 -22.69 35.3 241.96 -22.31 34.72 241.96 -19.78 36.23 241.53 -20.11 36.83
4 16 241.53 -20.11 36.83 241.96 -19.78 36.23 241.96 -17.15 37.54 241.53 -17.43 38.17
4 16 241.53 -17.43 38.17 241.96 -17.15 37.54 241.96 -14.42 38.67 241.53 -14.67 39.32
4 16 241.53 -14.67 39.32 241.96 -14.42 38.67 241.96 -11.63 39.6 241.53 -11.82 40.27
4 16 241.53 -11.82 40.27 241.96 -11.63 39.6 241.96 -8.77 40.33 241.53 -8.92 41.01
4 16 241.53 -8.92 41.01 241.96 -8.77 40.33 241.96 -5.87 40.85 241.53 -5.97 41.54
4 16 241.53 -5.97 41.54 241.96 -5.87 40.85 241.96 -2.94 41.17 241.53 -2.99 41.86
4 16 241.53 -2.99 41.86 241.96 -2.94 41.17 241.96 0 41.27 241.53 0 41.97
4 16 241.01 0 -42.58 241.53 0 -41.97 241.53 -2.99 -41.86 241.01 -3.04 -42.47
4 16 241.01 -3.04 -42.47 241.53 -2.99 -41.86 241.53 -5.97 -41.54 241.01 -6.06 -42.15
4 16 241.01 -6.06 -42.15 241.53 -5.97 -41.54 241.53 -8.92 -41.01 241.01 -9.05 -41.61
4 16 241.01 -9.05 -41.61 241.53 -8.92 -41.01 241.53 -11.82 -40.27 241.01 -12 -40.86
4 16 241.01 -12 -40.86 241.53 -11.82 -40.27 241.53 -14.67 -39.32 241.01 -14.88 -39.9
4 16 241.01 -14.88 -39.9 241.53 -14.67 -39.32 241.53 -17.43 -38.17 241.01 -17.69 -38.73
4 16 241.01 -17.69 -38.73 241.53 -17.43 -38.17 241.53 -20.11 -36.83 241.01 -20.41 -37.37
4 16 241.01 -20.41 -37.37 241.53 -20.11 -36.83 241.53 -22.69 -35.3 241.01 -23.02 -35.82
4 16 241.01 -23.02 -35.82 241.53 -22.69 -35.3 241.53 -25.15 -33.59 241.01 -25.52 -34.09
4 16 241.01 -25.52 -34.09 241.53 -25.15 -33.59 241.53 -27.48 -31.72 241.01 -27.89 -32.18
4 16 241.01 -27.89 -32.18 241.53 -27.48 -31.72 241.53 -29.67 -29.67 241.01 -30.11 -30.11
4 16 241.01 -30.11 -30.11 241.53 -29.67 -29.67 241.53 -31.72 -27.48 241.01 -32.18 -27.89
4 16 241.01 -32.18 -27.89 241.53 -31.72 -27.48 241.53 -33.59 -25.15 241.01 -34.09 -25.52
4 16 241.01 -34.09 -25.52 241.53 -33.59 -25.15 241.53 -35.3 -22.69 241.01 -35.82 -23.02
4 16 241.01 -35.82 -23.02 241.53 -35.3 -22.69 241.53 -36.83 -20.11 241.01 -37.37 -20.41
4 16 241.01 -37.37 -20.41 241.53 -36.83 -20.11 241.53 -38.17 -17.43 241.01 -38.73 -17.69
4 16 241.01 -38.73 -17.69 241.53 -38.17 -17.43 241.53 -39.32 -14.67 241.01 -39.9 -14.88
4 16 241.01 -39.9 -14.88 241.53 -39.32 -14.67 241.53 -40.27 -11.82 241.01 -40.86 -12
4 16 241.01 -40.86 -12 241.53 -40.27 -11.82 241.53 -41.01 -8.92 241.01 -41.61 -9.05
4 16 241.01 -41.61 -9.05 241.53 -41.01 -8.92 241.53 -41.54 -5.97 241.01 -42.15 -6.06
4 16 241.01 -42.15 -6.06 241.53 -41.54 -5.97 241.53 -41.86 -2.99 241.01 -42.47 -3.04
4 16 241.01 -42.47 -3.04 241.53 -41.86 -2.99 241.53 -41.97 0 241.01 -42.58 0
4 16 241.01 -42.58 0 241.53 -41.97 0 241.53 -41.86 2.99 241.01 -42.47 3.04
4 16 241.01 -42.47 3.04 241.53 -41.86 2.99 241.53 -41.54 5.97 241.01 -42.15 6.06
4 16 241.01 -42.15 6.06 241.53 -41.54 5.97 241.53 -41.01 8.92 241.01 -41.61 9.05
4 16 241.01 -41.61 9.05 241.53 -41.01 8.92 241.53 -40.27 11.82 241.01 -40.86 12
4 16 241.01 -40.86 12 241.53 -40.27 11.82 241.53 -39.32 14.67 241.01 -39.9 14.88
4 16 241.01 -39.9 14.88 241.53 -39.32 14.67 241.53 -38.17 17.43 241.01 -38.73 17.69
4 16 241.01 -38.73 17.69 241.53 -38.17 17.43 241.53 -36.83 20.11 241.01 -37.37 20.41
4 16 241.01 -37.37 20.41 241.53 -36.83 20.11 241.53 -35.3 22.69 241.01 -35.82 23.02
4 16 241.01 -35.82 23.02 241.53 -35.3 22.69 241.53 -33.59 25.15 241.01 -34.09 25.52
4 16 241.01 -34.09 25.52 241.53 -33.59 25.15 241.53 -31.72 27.48 241.01 -32.18 27.89
4 16 241.01 -32.18 27.89 241.53 -31.72 27.48 241.53 -29.67 29.67 241.01 -30.11 30.11
4 16 241.01 -30.11 30.11 241.53 -29.67 29.67 241.53 -27.48 31.72 241.01 -27.89 32.18
4 16 241.01 -27.89 32.18 241.53 -27.48 31.72 241.53 -25.15 33.59 241.01 -25.52 34.09
4 16 241.01 -25.52 34.09 241.53 -25.15 33.59 241.53 -22.69 35.3 241.01 -23.02 35.82
4 16 241.01 -23.02 35.82 241.53 -22.69 35.3 241.53 -20.11 36.83 241.01 -20.41 37.37
4 16 241.01 -20.41 37.37 241.53 -20.11 36.83 241.53 -17.43 38.17 241.01 -17.69 38.73
4 16 241.01 -17.69 38.73 241.53 -17.43 38.17 241.53 -14.67 39.32 241.01 -14.88 39.9
4 16 241.01 -14.88 39.9 241.53 -14.67 39.32 241.53 -11.82 40.27 241.01 -12 40.86
4 16 241.01 -12 40.86 241.53 -11.82 40.27 241.53 -8.92 41.01 241.01 -9.05 41.61
4 16 241.01 -9.05 41.61 241.53 -8.92 41.01 241.53 -5.97 41.54 241.01 -6.06 42.15
4 16 241.01 -6.06 42.15 241.53 -5.97 41.54 241.53 -2.99 41.86 241.01 -3.04 42.47
4 16 241.01 -3.04 42.47 241.53 -2.99 41.86 241.53 0 41.97 241.01 0 42.58
4 16 240.39 0 -43.11 241.01 0 -42.58 241.01 -3.04 -42.47 240.39 -3.08 -43
4 16 240.39 -3.08 -43 241.01 -3.04 -42.47 241.01 -6.06 -42.15 240.39 -6.13 -42.67
4 16 240.39 -6.13 -42.67 241.01 -6.06 -42.15 241.01 -9.05 -41.61 240.39 -9.16 -42.12
4 16 240.39 -9.16 -42.12 241.01 -9.05 -41.61 241.01 -12 -40.86 240.39 -12.14 -41.36
4 16 240.39 -12.14 -41.36 241.01 -12 -40.86 241.01 -14.88 -39.9 240.39 -15.06 -40.39
4 16 240.39 -15.06 -40.39 241.01 -14.88 -39.9 241.01 -17.69 -38.73 240.39 -17.91 -39.21
4 16 240.39 -17.91 -39.21 241.01 -17.69 -38.73 241.01 -20.41 -37.37 240.39 -20.66 -37.83
4 16 240.39 -20.66 -37.83 241.01 -20.41 -37.37 241.01 -23.02 -35.82 240.39 -23.31 -36.26
4 16 240.39 -23.31 -36.26 241.01 -23.02 -35.82 241.01 -25.52 -34.09 240.39 -25.83 -34.51
4 16 240.39 -25.83 -34.51 241.01 -25.52 -34.09 241.01 -27.89 -32.18 240.39 -28.23 -32.58
4 16 240.39 -28.23 -32.58 241.01 -27.89 -32.18 241.01 -30.11 -30.11 240.39 -30.48 -30.48
4 16 240.39 -30.48 -30.48 241.01 -30.11 -30.11 241.01 -32.18 -27.89 240.39 -32.58 -28.23
4 16 240.39 -32.58 -28.23 241.01 -32.18 -27.89 241.01 -34.09 -25.52 240.39 -34.51 -25.83
4 16 240.39 -34.51 -25.83 241.01 -34.09 -25.52 241.01 -35.82 -23.02 240.39 -36.26 -23.31
4 16 240.39 -36.26 -23.31 241.01 -35.82 -23.02 241.01 -37.37 -20.41 240.39 -37.83 -20.66
4 16 240.39 -37.83 -20.66 241.01 -37.37 -20.41 241.01 -38.73 -17.69 240.39 -39.21 -17.91
4 16 240.39 -39.21 -17.91 241.01 -38.73 -17.69 241.01 -39.9 -14.88 240.39 -40.39 -15.06
4 16 240.39 -40.39 -15.06 241.01 -39.9 -14.88 241.01 -40.86 -12 240.39 -41.36 -12.14
4 16 240.39 -41.36 -12.14 241.01 -40.86 -12 241.01 -41.61 -9.05 240.39 -42.12 -9.16
4 16 240.39 -42.12 -9.16 241.01 -41.61 -9.05 241.01 -42.15 -6.06 240.39 -42.67 -6.13
4 16 240.39 -42.67 -6.13 241.01 -42.15 -6.06 241.01 -42.47 -3.04 240.39 -43 -3.08
4 16 240.39 -43 -3.08 241.01 -42.47 -3.04 241.01 -42.58 0 240.39 -43.11 0
4 16 240.39 -43.11 0 241.01 -42.58 0 241.01 -42.47 3.04 240.39 -43 3.08
4 16 240.39 -43 3.08 241.01 -42.47 3.04 241.01 -42.15 6.06 240.39 -42.67 6.13
4 16 240.39 -42.67 6.13 241.01 -42.15 6.06 241.01 -41.61 9.05 240.39 -42.12 9.16
4 16 240.39 -42.12 9.16 241.01 -41.61 9.05 241.01 -40.86 12 240.39 -41.36 12.14
4 16 240.39 -41.36 12.14 241.01 -40.86 12 241.01 -39.9 14.88 240.39 -40.39 15.06
4 16 240.39 -40.39 15.06 241.01 -39.9 14.88 241.01 -38.73 17.69 240.39 -39.21 17.91
4 16 240.39 -39.21 17.91 241.01 -38.73 17.69 241.01 -37.37 20.41 240.39 -37.83 20.66
4 16 240.39 -37.83 20.66 241.01 -37.37 20.41 241.01 -35.82 23.02 240.39 -36.26 23.31
4 16 240.39 -36.26 23.31 241.01 -35.82 23.02 241.01 -34.09 25.52 240.39 -34.51 25.83
4 16 240.39 -34.51 25.83 241.01 -34.09 25.52 241.01 -32.18 27.89 240.39 -32.58 28.23
4 16 240.39 -32.58 28.23 241.01 -32.18 27.89 241.01 -30.11 30.11 240.39 -30.48 30.48
4 16 240.39 -30.48 30.48 241.01 -30.11 30.11 241.01 -27.89 32.18 240.39 -28.23 32.58
4 16 240.39 -28.23 32.58 241.01 -27.89 32.18 241.01 -25.52 34.09 240.39 -25.83 34.51
4 16 240.39 -25.83 34.51 241.01 -25.52 34.09 241.01 -23.02 35.82 240.39 -23.31 36.26
4 16 240.39 -23.31 36.26 241.01 -23.02 35.82 241.01 -20.41 37.37 240.39 -20.66 37.83
4 16 240.39 -20.66 37.83 241.01 -20.41 37.37 241.01 -17.69 38.73 240.39 -17.91 39.21
4 16 240.39 -17.91 39.21 241.01 -17.69 38.73 241.01 -14.88 39.9 240.39 -15.06 40.39
4 16 240.39 -15.06 40.39 241.01 -14.88 39.9 241.01 -12 40.86 240.39 -12.14 41.36
4 16 240.39 -12.14 41.36 241.01 -12 40.86 241.01 -9.05 41.61 240.39 -9.16 42.12
4 16 240.39 -9.16 42.12 241.01 -9.05 41.61 241.01 -6.06 42.15 240.39 -6.13 42.67
4 16 240.39 -6.13 42.67 241.01 -6.06 42.15 241.01 -3.04 42.47 240.39 -3.08 43
4 16 240.39 -3.08 43 241.01 -3.04 42.47 241.01 0 42.58 240.39 0 43.11
4 16 239.7 0 -43.53 240.39 0 -43.11 240.39 -3.08 -43 239.7 -3.11 -43.42
4 16 239.7 -3.11 -43.42 240.39 -3.08 -43 240.39 -6.13 -42.67 239.7 -6.2 -43.09
4 16 239.7 -6.2 -43.09 240.39 -6.13 -42.67 240.39 -9.16 -42.12 239.7 -9.25 -42.54
4 16 239.7 -9.25 -42.54 240.39 -9.16 -42.12 240.39 -12.14 -41.36 239.7 -12.26 -41.77
4 16 239.7 -12.26 -41.77 240.39 -12.14 -41.36 240.39 -15.06 -40.39 239.7 -15.21 -40.79
4 16 239.7 -15.21 -40.79 240.39 -15.06 -40.39 240.39 -17.91 -39.21 239.7 -18.08 -39.6
4 16 239.7 -18.08 -39.6 240.39 -17.91 -39.21 240.39 -20.66 -37.83 239.7 -20.86 -38.21
4 16 239.7 -20.86 -38.21 240.39 -20.66 -37.83 240.39 -23.31 -36.26 239.7 -23.53 -36.62
4 16 239.7 -23.53 -36.62 240.39 -23.31 -36.26 240.39 -25.83 -34.51 239.7 -26.09 -34.85
4 16 239.7 -26.09 -34.85 240.39 -25.83 -34.51 240.39 -28.23 -32.58 239.7 -28.51 -32.9
4 16 239.7 -28.51 -32.9 240.39 -28.23 -32.58 240.39 -30.48 -30.48 239.7 -30.78 -30.78
4 16 239.7 -30.78 -30.78 240.39 -30.48 -30.48 240.39 -32.58 -28.23 239.7 -32.9 -28.51
4 16 239.7 -32.9 -28.51 240.39 -32.58 -28.23 240.39 -34.51 -25.83 239.7 -34.85 -26.09
4 16 239.7 -34.85 -26.09 240.39 -34.51 -25.83 240.39 -36.26 -23.31 239.7 -36.62 -23.53
4 16 239.7 -36.62 -23.53 240.39 -36.26 -23.31 240.39 -37.83 -20.66 239.7 -38.21 -20.86
4 16 239.7 -38.21 -20.86 240.39 -37.83 -20.66 240.39 -39.21 -17.91 239.7 -39.6 -18.08
4 16 239.7 -39.6 -18.08 240.39 -39.21 -17.91 240.39 -40.39 -15.06 239.7 -40.79 -15.21
4 16 239.7 -40.79 -15.21 240.39 -40.39 -15.06 240.39 -41.36 -12.14 239.7 -41.77 -12.26
4 16 239.7 -41.77 -12.26 240.39 -41.36 -12.14 240.39 -42.12 -9.16 239.7 -42.54 -9.25
4 16 239.7 -42.54 -9.25 240.39 -42.12 -9.16 240.39 -42.67 -6.13 239.7 -43.09 -6.2
4 16 239.7 -43.09 -6.2 240.39 -42.67 -6.13 240.39 -43 -3.08 239.7 -43.42 -3.11
4 16 239.7 -43.42 -3.11 240.39 -43 -3.08 240.39 -43.11 0 239.7 -43.53 0
4 16 239.7 -43.53 0 240.39 -43.11 0 240.39 -43 3.08 239.7 -43.42 3.11
4 16 239.7 -43.42 3.11 240.39 -43 3.08 240.39 -42.67 6.13 239.7 -43.09 6.2
4 16 239.7 -43.09 6.2 240.39 -42.67 6.13 240.39 -42.12 9.16 239.7 -42.54 9.25
4 16 239.7 -42.54 9.25 240.39 -42.12 9.16 240.39 -41.36 12.14 239.7 -41.77 12.26
4 16 239.7 -41.77 12.26 240.39 -41.36 12.14 240.39 -40.39 15.06 239.7 -40.79 15.21
4 16 239.7 -40.79 15.21 240.39 -40.39 15.06 240.39 -39.21 17.91 239.7 -39.6 18.08
4 16 239.7 -39.6 18.08 240.39 -39.21 17.91 240.39 -37.83 20.66 239.7 -38.21 20.86
4 16 239.7 -38.21 20.86 240.39 -37.83 20.66 240.39 -36.26 23.31 239.7 -36.62 23.53
4 16 239.7 -36.62 23.53 240.39 -36.26 23.31 240.39 -34.51 25.83 239.7 -34.85 26.09
4 16 239.7 -34.85 26.09 240.39 -34.51 25.83 240.39 -32.58 28.23 239.7 -32.9 28.51
4 16 239.7 -32.9 28.51 240.39 -32.58 28.23 240.39 -30.48 30.48 239.7 -30.78 30.78
4 16 239.7 -30.78 30.78 240.39 -30.48 30.48 240.39 -28.23 32.58 239.7 -28.51 32.9
4 16 239.7 -28.51 32.9 240.39 -28.23 32.58 240.39 -25.83 34.51 239.7 -26.09 34.85
4 16 239.7 -26.09 34.85 240.39 -25.83 34.51 240.39 -23.31 36.26 239.7 -23.53 36.62
4 16 239.7 -23.53 36.62 240.39 -23.31 36.26 240.39 -20.66 37.83 239.7 -20.86 38.21
4 16 239.7 -20.86 38.21 240.39 -20.66 37.83 240.39 -17.91 39.21 239.7 -18.08 39.6
4 16 239.7 -18.08 39.6 240.39 -17.91 39.21 240.39 -15.06 40.39 239.7 -15.21 40.79
4 16 239.7 -15.21 40.79 240.39 -15.06 40.39 240.39 -12.14 41.36 239.7 -12.26 41.77
4 16 239.7 -12.26 41.77 240.39 -12.14 41.36 240.39 -9.16 42.12 239.7 -9.25 42.54
4 16 239.7 -9.25 42.54 240.39 -9.16 42.12 240.39 -6.13 42.67 239.7 -6.2 43.09
4 16 239.7 -6.2 43.09 240.39 -6.13 42.67 240.39 -3.08 43 239.7 -3.11 43.42
4 16 239.7 -3.11 43.42 240.39 -3.08 43 240.39 0 43.11 239.7 0 43.53
4 16 238.95 0 -43.84 239.7 0 -43.53 239.7 -3.11 -43.42 238.95 -3.13 -43.73
4 16 238.95 -3.13 -43.73 239.7 -3.11 -43.42 239.7 -6.2 -43.09 238.95 -6.24 -43.4
4 16 238.95 -6.24 -43.4 239.7 -6.2 -43.09 239.7 -9.25 -42.54 238.95 -9.32 -42.84
4 16 238.95 -9.32 -42.84 239.7 -9.25 -42.54 239.7 -12.26 -41.77 238.95 -12.35 -42.07
4 16 238.95 -12.35 -42.07 239.7 -12.26 -41.77 239.7 -15.21 -40.79 238.95 -15.32 -41.08
4 16 238.95 -15.32 -41.08 239.7 -15.21 -40.79 239.7 -18.08 -39.6 238.95 -18.21 -39.88
4 16 238.95 -18.21 -39.88 239.7 -18.08 -39.6 239.7 -20.86 -38.21 238.95 -21.01 -38.48
4 16 238.95 -21.01 -38.48 239.7 -20.86 -38.21 239.7 -23.53 -36.62 238.95 -23.7 -36.88
4 16 238.95 -23.7 -36.88 239.7 -23.53 -36.62 239.7 -26.09 -34.85 238.95 -26.27 -35.1
4 16 238.95 -26.27 -35.1 239.7 -26.09 -34.85 239.7 -28.51 -32.9 238.95 -28.71 -33.13
4 16 238.95 -28.71 -33.13 239.7 -28.51 -32.9 239.7 -30.78 -30.78 238.95 -31 -31
4 16 238.95 -31 -31 239.7 -30.78 -30.78 239.7 -32.9 -28.51 238.95 -33.13 -28.71
4 16 238.95 -33.13 -28.71 239.7 -32.9 -28.51 239.7 -34.85 -26.09 238.95 -35.1 -26.27
4 16 238.95 -35.1 -26.27 239.7 -34.85 -26.09 239.7 -36.62 -23.53 238.95 -36.88 -23.7
4 16 238.95 -36.88 -23.7 239.7 -36.62 -23.53 239.7 -38.21 -20.86 238.95 -38.48 -21.01
4 16 238.95 -38.48 -21.01 239.7 -38.21 -20.86 239.7 -39.6 -18.08 238.95 -39.88 -18.21
4 16 238.95 -39.88 -18.21 239.7 -39.6 -18.08 239.7 -40.79 -15.21 238.95 -41.08 -15.32
4 16 238.95 -41.08 -15.32 239.7 -40.79 -15.21 239.7 -41.77 -12.26 238.95 -42.07 -12.35
4 16 238.95 -42.07 -12.35 239.7 -41.77 -12.26 239.7 -42.54 -9.25 238.95 -42.84 -9.32
4 16 238.95 -42.84 -9.32 239.7 -42.54 -9.25 239.7 -43.09 -6.2 238.95 -43.4 -6.24
4 16 238.95 -43.4 -6.24 239.7 -43.09 -6.2 239.7 -43.42 -3.11 238.95 -43.73 -3.13
4 16 238.95 -43.73 -3.13 239.7 -43.42 -3.11 239.7 -43.53 0 238.95 -43.84 0
4 16 238.95 -43.84 0 239.7 -43.53 0 239.7 -43.42 3.11 238.95 -43.73 3.13
4 16 238.95 -43.73 3.13 239.7 -43.42 3.11 239.7 -43.09 6.2 238.95 -43.4 6.24
4 16 238.95 -43.4 6.24 239.7 -43.09 6.2 239.7 -42.54 9.25 238.95 -42.84 9.32
4 16 238.95 -42.84 9.32 239.7 -42.54 9.25 239.7 -41.77 12.26 238.95 -42.07 12.35
4 16 238.95 -42.07 12.35 239.7 -41.77 12.26 239.7 -40.79 15.21 238.95 -41.08 15.32
4 16 238.95 -41.08 15.32 239.7 -40.79 15.21 239.7 -39.6 18.08 238.95 -39.88 18.21
4 16 238.95 -39.88 18.21 239.7 -39.6 18.08 239.7 -38.21 20.86 238.95 -38.48 21.01
4 16 238.95 -38.48 21.01 239.7 -38.21 20.86 239.7 -36.62 23.53 238.95 -36.88 23.7
4 16 238.95 -36.88 23.7 239.7 -36.62 23.53 239.7 -34.85 26.09 238.95 -35.1 26.27
4 16 238.95 -35.1 26.27 239.7 -34.85 26.09 239.7 -32.9 28.51 238.95 -33.13 28.71
4 16 238.95 -33.13 28.71 239.7 -32.9 28.51 239.7 -30.78 30.78 238.95 -31 31
4 16 238.95 -31 31 239.7 -30.78 30.78 239.7 -28.51 32.9 238.95 -28.71 33.13
4 16 238.95 -28.71 33.13 239.7 -28.51 32.9 239.7 -26.09 34.85 238.95 -26.27 35.1
4 16 238.95 -26.27 35.1 239.7 -26.09 34.85 239.7 -23.53 36.62 238.95 -23.7 36.88
4 16 238.95 -23.7 36.88 239.7 -23.53 36.62 239.7 -20.86 38.21 238.95 -21.01 38.48
4 16 238.95 -21.01 38.48 239.7 -20.86 38.21 239.7 -18.08 39.6 238.95 -18.21 39.88
4 16 238.95 -18.21 39.88 239.7 -18.08 39.6 239.7 -15.21 40.79 238.95 -15.32 41.08
4 16 238.95 -15.32 41.08 239.7 -15.21 40.79 239.7 -12.26 41.77 238.95 -12.35 42.07
4 16 238.95 -12.35 42.07 239.7 -12.26 41.77 239.7 -9.25 42.54 238.95 -9.32 42.84
4 16 238.95 -9.32 42.84 239.7 -9.25 42.54 239.7 -6.2 43.09 238.95 -6.24 43.4
4 16 238.95 -6.24 43.4 239.7 -6.2 43.09 239.7 -3.11 43.42 238.95 -3.13 43.73
4 16 238.95 -3.13 43.73 239.7 -3.11 43.42 239.7 0 43.53 238.95 0 43.84
4 16 238.16 0 -44.03 238.95 0 -43.84 238.95 -3.13 -43.73 238.16 -3.14 -43.92
4 16 238.16 -3.14 -43.92 238.95 -3.13 -43.73 238.95 -6.24 -43.4 238.16 -6.27 -43.58
4 16 238.16 -6.27 -43.58 238.95 -6.24 -43.4 238.95 -9.32 -42.84 238.16 -9.36 -43.02
4 16 238.16 -9.36 -43.02 238.95 -9.32 -42.84 238.95 -12.35 -42.07 238.16 -12.4 -42.25
4 16 238.16 -12.4 -42.25 238.95 -12.35 -42.07 238.95 -15.32 -41.08 238.16 -15.39 -41.25
4 16 238.16 -15.39 -41.25 238.95 -15.32 -41.08 238.95 -18.21 -39.88 238.16 -18.29 -40.05
4 16 238.16 -18.29 -40.05 238.95 -18.21 -39.88 238.95 -21.01 -38.48 238.16 -21.1 -38.64
4 16 238.16 -21.1 -38.64 238.95 -21.01 -38.48 238.95 -23.7 -36.88 238.16 -23.8 -37.04
4 16 238.16 -23.8 -37.04 238.95 -23.7 -36.88 238.95 -26.27 -35.1 238.16 -26.39 -35.25
4 16 238.16 -26.39 -35.25 238.95 -26.27 -35.1 238.95 -28.71 -33.13 238.16 -28.83 -33.28
4 16 238.16 -28.83 -33.28 238.95 -28.71 -33.13 238.95 -31 -31 238.16 -31.13 -31.13
4 16 238.16 -31.13 -31.13 238.95 -31 -31 238.95 -33.13 -28.71 238.16 -33.28 -28.83
4 16 238.16 -33.28 -28.83 238.95 -33.13 -28.71 238.95 -35.1 -26.27 238.16 -35.25 -26.39
4 16 238.16 -35.25 -26.39 238.95 -35.1 -26.27 238.95 -36.88 -23.7 238.16 -37.04 -23.8
4 16 238.16 -37.04 -23.8 238.95 -36.88 -23.7 238.95 -38.48 -21.01 238.16 -38.64 -21.1
4 16 238.16 -38.64 -21.1 238.95 -38.48 -21.01 238.95 -39.88 -18.21 238.16 -40.05 -18.29
4 16 238.16 -40.05 -18.29 238.95 -39.88 -18.21 238.95 -41.08 -15.32 238.16 -41.25 -15.39
4 16 238.16 -41.25 -15.39 238.95 -41.08 -15.32 238.95 -42.07 -12.35 238.16 -42.25 -12.4
4 16 238.16 -42.25 -12.4 238.95 -42.07 -12.35 238.95 -42.84 -9.32 238.16 -43.02 -9.36
4 16 238.16 -43.02 -9.36 238.95 -42.84 -9.32 238.95 -43.4 -6.24 238.16 -43.58 -6.27
4 16 238.16 -43.58 -6.27 238.95 -43.4 -6.24 238.95 -43.73 -3.13 238.16 -43.92 -3.14
4 16 238.16 -43.92 -3.14 238.95 -43.73 -3.13 238.95 -43.84 0 238.16 -44.03 0
4 16 238.16 -44.03 0 238.95 -43.84 0 238.95 -43.73 3.13 238.16 -43.92 3.14
4 16 238.16 -43.92 3.14 238.95 -43.73 3.13 238.95 -43.4 6.24 238.16 -43.58 6.27
4 16 238.16 -43.58 6.27 238.95 -43.4 6.24 238.95 -42.84 9.32 238.16 -43.02 9.36
4 16 238.16 -43.02 9.36 238.95 -42.84 9.32 238.95 -42.07 12.35 238.16 -42.25 12.4
4 16 238.16 -42.25 12.4 238.95 -42.07 12.35 238.95 -41.08 15.32 238.16 -41.25 15.39
4 16 238.16 -41.25 15.39 238.95 -41.08 15.32 238.95 -39.88 18.21 238.16 -40.05 18.29
4 16 238.16 -40.05 18.29 238.95 -39.88 18.21 238.95 -38.48 21.01 238.16 -38.64 21.1
4 16 238.16 -38.64 21.1 238.95 -38.48 21.01 238.95 -36.88 23.7 238.16 -37.04 23.8
4 16 238.16 -37.04 23.8 238.95 -36.88 23.7 238.95 -35.1 26.27 238.16 -35.25 26.39
4 16 238.16 -35.25 26.39 238.95 -35.1 26.27 238.95 -33.13 28.71 238.16 -33.28 28.83
4 16 238.16 -33.28 28.83 238.95 -33.13 28.71 238.95 -31 31 238.16 -31.13 31.13
4 16 238.16 -31.13 31.13 238.95 -31 31 238.95 -28.71 33.13 238.16 -28.83 33.28
4 16 238.16 -28.83 33.28 238.95 -28.71 33.13 238.95 -26.27 35.1 238.16 -26.39 35.25
4 16 238.16 -26.39 35.25 238.95 -26.27 35.1 238.95 -23.7 36.88 238.16 -23.8 37.04
4 16 238.16 -23.8 37.04 238.95 -23.7 36.88 238.95 -21.01 38.48 238.16 -21.1 38.64
4 16 238.16 -21.1 38.64 238.95 -21.01 38.48 238.95 -18.21 39.88 238.16 -18.29 40.05
4 16 238.16 -18.29 40.05 238.95 -18.21 39.88 238.95 -15.32 41.08 238.16 -15.39 41.25
4 16 238.16 -15.39 41.25 238.95 -15.32 41.08 238.95 -12.35 42.07 238.16 -12.4 42.25
4 16 238.16 -12.4 42.25 238.95 -12.35 42.07 238.95 -9.32 42.84 238.16 -9.36 43.02
4 16 238.16 -9.36 43.02 238.95 -9.32 42.84 238.95 -6.24 43.4 238.16 -6.27 43.58
4 16 238.16 -6.27 43.58 238.95 -6.24 43.4 238.95 -3.13 43.73 238.16 -3.14 43.92
4 16 238.16 -3.14 43.92 238.95 -3.13 43.73 238.95 0 43.84 238.16 0 44.03
4 16 237.35 0 -44.09 238.16 0 -44.03 238.16 -3.14 -43.92 237.35 -3.15 -43.98
4 16 237.35 -3.15 -43.98 238.16 -3.14 -43.92 238.16 -6.27 -43.58 237.35 -6.28 -43.65
4 16 237.35 -6.28 -43.65 238.16 -6.27 -43.58 238.16 -9.36 -43.02 237.35 -9.37 -43.09
4 16 237.35 -9.37 -43.09 238.16 -9.36 -43.02 238.16 -12.4 -42.25 237.35 -12.42 -42.31
4 16 237.35 -12.42 -42.31 238.16 -12.4 -42.25 238.16 -15.39 -41.25 237.35 -15.41 -41.31
4 16 237.35 -15.41 -41.31 238.16 -15.39 -41.25 238.16 -18.29 -40.05 237.35 -18.32 -40.11
4 16 237.35 -18.32 -40.11 238.16 -18.29 -40.05 238.16 -21.1 -38.64 237.35 -21.13 -38.7
4 16 237.35 -21.13 -38.7 238.16 -21.1 -38.64 238.16 -23.8 -37.04 237.35 -23.84 -37.09
4 16 237.35 -23.84 -37.09 238.16 -23.8 -37.04 238.16 -26.39 -35.25 237.35 -26.42 -35.3
4 16 237.35 -26.42 -35.3 238.16 -26.39 -35.25 238.16 -28.83 -33.28 237.35 -28.88 -33.32
4 16 237.35 -28.88 -33.32 238.16 -28.83 -33.28 238.16 -31.13 -31.13 237.35 -31.18 -31.18
4 16 237.35 -31.18 -31.18 238.16 -31.13 -31.13 238.16 -33.28 -28.83 237.35 -33.32 -28.88
4 16 237.35 -33.32 -28.88 238.16 -33.28 -28.83 238.16 -35.25 -26.39 237.35 -35.3 -26.42
4 16 237.35 -35.3 -26.42 238.16 -35.25 -26.39 238.16 -37.04 -23.8 237.35 -37.09 -23.84
4 16 237.35 -37.09 -23.84 238.16 -37.04 -23.8 238.16 -38.64 -21.1 237.35 -38.7 -21.13
4 16 237.35 -38.7 -21.13 238.16 -38.64 -21.1 238.16 -40.05 -18.29 237.35 -40.11 -18.32
4 16 237.35 -40.11 -18.32 238.16 -40.05 -18.29 238.16 -41.25 -15.39 237.35 -41.31 -15.41
4 16 237.35 -41.31 -15.41 238.16 -41.25 -15.39 238.16 -42.25 -12.4 237.35 -42.31 -12.42
4 16 237.35 -42.31 -12.42 238.16 -42.25 -12.4 238.16 -43.02 -9.36 237.35 -43.09 -9.37
4 16 237.35 -43.09 -9.37 238.16 -43.02 -9.36 238.16 -43.58 -6.27 237.35 -43.65 -6.28
4 16 237.35 -43.65 -6.28 238.16 -43.58 -6.27 238.16 -43.92 -3.14 237.35 -43.98 -3.15
4 16 237.35 -43.98 -3.15 238.16 -43.92 -3.14 238.16 -44.03 0 237.35 -44.09 0
4 16 237.35 -44.09 0 238.16 -44.03 0 238.16 -43.92 3.14 237.35 -43.98 3.15
4 16 237.35 -43.98 3.15 238.16 -43.92 3.14 238.16 -43.58 6.27 237.35 -43.65 6.28
4 16 237.35 -43.65 6.28 238.16 -43.58 6.27 238.16 -43.02 9.36 237.35 -43.09 9.37
4 16 237.35 -43.09 9.37 238.16 -43.02 9.36 238.16 -42.25 12.4 237.35 -42.31 12.42
4 16 237.35 -42.31 12.42 238.16 -42.25 12.4 238.16 -41.25 15.39 237.35 -41.31 15.41
4 16 237.35 -41.31 15.41 238.16 -41.25 15.39 238.16 -40.05 18.29 237.35 -40.11 18.32
4 16 237.35 -40.11 18.32 238.16 -40.05 18.29 238.16 -38.64 21.1 237.35 -38.7 21.13
4 16 237.35 -38.7 21.13 238.16 -38.64 21.1 238.16 -37.04 23.8 237.35 -37.09 23.84
4 16 237.35 -37.09 23.84 238.16 -37.04 23.8 238.16 -35.25 26.39 237.35 -35.3 26.42
4 16 237.35 -35.3 26.42 238.16 -35.25 26.39 238.16 -33.28 28.83 237.35 -33.32 28.88
4 16 237.35 -33.32 28.88 238.16 -33.28 28.83 238.16 -31.13 31.13 237.35 -31.18 31.18
4 16 237.35 -31.18 31.18 238.16 -31.13 31.13 238.16 -28.83 33.28 237.35 -28.88 33.32
4 16 237.35 -28.88 33.32 238.16 -28.83 33.28 238.16 -26.39 35.25 237.35 -26.42 35.3
4 16 237.35 -26.42 35.3 238.16 -26.39 35.25 238.16 -23.8 37.04 237.35 -23.84 37.09
4 16 237.35 -23.84 37.09 238.16 -23.8 37.04 238.16 -21.1 38.64 237.35 -21.13 38.7
4 16 237.35 -21.13 38.7 238.16 -21.1 38.64 238.16 -18.29 40.05 237.35 -18.32 40.11
4 16 237.35 -18.32 40.11 238.16 -18.29 40.05 238.16 -15.39 41.25 237.35 -15.41 41.31
4 16 237.35 -15.41 41.31 238.16 -15.39 41.25 238.16 -12.4 42.25 237.35 -12.42 42.31
4 16 237.35 -12.42 42.31 238.16 -12.4 42.25 238.16 -9.36 43.02 237.35 -9.37 43.09
4 16 237.35 -9.37 43.09 238.16 -9.36 43.02 238.16 -6.27 43.58 237.35 -6.28 43.65
4 16 237.35 -6.28 43.65 238.16 -6.27 43.58 238.16 -3.14 43.92 237.35 -3.15 43.98
4 16 237.35 -3.15 43.98 238.16 -3.14 43.92 238.16 0 44.03 237.35 0 44.09
4 16 242.46 0 39.74 242.52 0 38.93 242.52 2.78 38.83 242.46 2.83 39.64
4 16 242.46 2.83 39.64 242.52 2.78 38.83 242.52 5.54 38.53 242.46 5.66 39.33
4 16 242.46 5.66 39.33 242.52 5.54 38.53 242.52 8.27 38.04 242.46 8.45 38.83
4 16 242.46 8.45 38.83 242.52 8.27 38.04 242.52 10.97 37.35 242.46 11.2 38.13
4 16 242.46 11.2 38.13 242.52 10.97 37.35 242.52 13.6 36.47 242.46 13.89 37.23
4 16 242.46 13.89 37.23 242.52 13.6 36.47 242.52 16.17 35.41 242.46 16.51 36.15
4 16 242.46 16.51 36.15 242.52 16.17 35.41 242.52 18.66 34.17 242.46 19.04 34.88
4 16 242.46 19.04 34.88 242.52 18.66 34.17 242.52 21.05 32.75 242.46 21.48 33.43
4 16 242.46 21.48 33.43 242.52 21.05 32.75 242.52 23.33 31.16 242.46 23.81 31.81
4 16 242.46 23.81 31.81 242.52 23.33 31.16 242.52 25.49 29.42 242.46 26.02 30.03
4 16 242.46 26.02 30.03 242.52 25.49 29.42 242.52 27.53 27.53 242.46 28.1 28.1
4 16 242.46 28.1 28.1 242.52 27.53 27.53 242.52 29.42 25.49 242.46 30.03 26.02
4 16 242.46 30.03 26.02 242.52 29.42 25.49 242.52 31.16 23.33 242.46 31.81 23.81
4 16 242.46 31.81 23.81 242.52 31.16 23.33 242.52 32.75 21.05 242.46 33.43 21.48
4 16 242.46 33.43 21.48 242.52 32.75 21.05 242.52 34.17 18.66 242.46 34.88 19.04
4 16 242.46 34.88 19.04 242.52 34.17 18.66 242.52 35.41 16.17 242.46 36.15 16.51
4 16 242.46 36.15 16.51 242.52 35.41 16.17 242.52 36.47 13.6 242.46 37.23 13.89
4 16 242.46 37.23 13.89 242.52 36.47 13.6 242.52 37.35 10.97 242.46 38.13 11.2
4 16 242.46 38.13 11.2 242.52 37.35 10.97 242.52 38.04 8.27 242.46 38.83 8.45
4 16 242.46 38.83 8.45 242.52 38.04 8.27 242.52 38.53 5.54 242.46 39.33 5.66
4 16 242.46 39.33 5.66 242.52 38.53 5.54 242.52 38.83 2.78 242.46 39.64 2.83
4 16 242.46 39.64 2.83 242.52 38.83 2.78 242.52 38.93 0 242.46 39.74 0
4 16 242.46 39.74 0 242.52 38.93 0 242.52 38.83 -2.78 242.46 39.64 -2.83
4 16 242.46 39.64 -2.83 242.52 38.83 -2.78 242.52 38.53 -5.54 242.46 39.33 -5.66
4 16 242.46 39.33 -5.66 242.52 38.53 -5.54 242.52 38.04 -8.27 242.46 38.83 -8.45
4 16 242.46 38.83 -8.45 242.52 38.04 -8.27 242.52 37.35 -10.97 242.46 38.13 -11.2
4 16 242.46 38.13 -11.2 242.52 37.35 -10.97 242.52 36.47 -13.6 242.46 37.23 -13.89
4 16 242.46 37.23 -13.89 242.52 36.47 -13.6 242.52 35.41 -16.17 242.46 36.15 -16.51
4 16 242.46 36.15 -16.51 242.52 35.41 -16.17 242.52 34.17 -18.66 242.46 34.88 -19.04
4 16 242.46 34.88 -19.04 242.52 34.17 -18.66 242.52 32.75 -21.05 242.46 33.43 -21.48
4 16 242.46 33.43 -21.48 242.52 32.75 -21.05 242.52 31.16 -23.33 242.46 31.81 -23.81
4 16 242.46 31.81 -23.81 242.52 31.16 -23.33 242.52 29.42 -25.49 242.46 30.03 -26.02
4 16 242.46 30.03 -26.02 242.52 29.42 -25.49 242.52 27.53 -27.53 242.46 28.1 -28.1
4 16 242.46 28.1 -28.1 242.52 27.53 -27.53 242.52 25.49 -29.42 242.46 26.02 -30.03
4 16 242.46 26.02 -30.03 242.52 25.49 -29.42 242.52 23.33 -31.16 242.46 23.81 -31.81
4 16 242.46 23.81 -31.81 242.52 23.33 -31.16 242.52 21.05 -32.75 242.46 21.48 -33.43
4 16 242.46 21.48 -33.43 242.52 21.05 -32.75 242.52 18.66 -34.17 242.46 19.04 -34.88
4 16 242.46 19.04 -34.88 242.52 18.66 -34.17 242.52 16.17 -35.41 242.46 16.51 -36.15
4 16 242.46 16.51 -36.15 242.52 16.17 -35.41 242.52 13.6 -36.47 242.46 13.89 -37.23
4 16 242.46 13.89 -37.23 242.52 13.6 -36.47 242.52 10.97 -37.35 242.46 11.2 -38.13
4 16 242.46 11.2 -38.13 242.52 10.97 -37.35 242.52 8.27 -38.04 242.46 8.45 -38.83
4 16 242.46 8.45 -38.83 242.52 8.27 -38.04 242.52 5.54 -38.53 242.46 5.66 -39.33
4 16 242.46 5.66 -39.33 242.52 5.54 -38.53 242.52 2.78 -38.83 242.46 2.83 -39.64
4 16 242.46 2.83 -39.64 242.52 2.78 -38.83 242.52 0 -38.93 242.46 0 -39.74
4 16 242.27 0 40.53 242.46 0 39.74 242.46 2.83 39.64 242.27 2.89 40.42
4 16 242.27 2.89 40.42 242.46 2.83 39.64 242.46 5.66 39.33 242.27 5.77 40.11
4 16 242.27 5.77 40.11 242.46 5.66 39.33 242.46 8.45 38.83 242.27 8.61 39.6
4 16 242.27 8.61 39.6 242.46 8.45 38.83 242.46 11.2 38.13 242.27 11.42 38.88
4 16 242.27 11.42 38.88 242.46 11.2 38.13 242.46 13.89 37.23 242.27 14.16 37.97
4 16 242.27 14.16 37.97 242.46 13.89 37.23 242.46 16.51 36.15 242.27 16.83 36.86
4 16 242.27 16.83 36.86 242.46 16.51 36.15 242.46 19.04 34.88 242.27 19.42 35.57
4 16 242.27 19.42 35.57 242.46 19.04 34.88 242.46 21.48 33.43 242.27 21.91 34.09
4 16 242.27 21.91 34.09 242.46 21.48 33.43 242.46 23.81 31.81 242.27 24.29 32.44
4 16 242.27 24.29 32.44 242.46 23.81 31.81 242.46 26.02 30.03 242.27 26.54 30.63
4 16 242.27 26.54 30.63 242.46 26.02 30.03 242.46 28.1 28.1 242.27 28.66 28.66
4 16 242.27 28.66 28.66 242.46 28.1 28.1 242.46 30.03 26.02 242.27 30.63 26.54
4 16 242.27 30.63 26.54 242.46 30.03 26.02 242.46 31.81 23.81 242.27 32.44 24.29
4 16 242.27 32.44 24.29 242.46 31.81 23.81 242.46 33.43 21.48 242.27 34.09 21.91
4 16 242.27 34.09 21.91 242.46 33.43 21.48 242.46 34.88 19.04 242.27 35.57 19.42
4 16 242.27 35.57 19.42 242.46 34.88 19.04 242.46 36.15 16.51 242.27 36.86 16.83
4 16 242.27 36.86 16.83 242.46 36.15 16.51 242.46 37.23 13.89 242.27 37.97 14.16
4 16 242.27 37.97 14.16 242.46 37.23 13.89 242.46 38.13 11.2 242.27 38.88 11.42
4 16 242.27 38.88 11.42 242.46 38.13 11.2 242.46 38.83 8.45 242.27 39.6 8.61
4 16 242.27 39.6 8.61 242.46 38.83 8.45 242.46 39.33 5.66 242.27 40.11 5.77
4 16 242.27 40.11 5.77 242.46 39.33 5.66 242.46 39.64 2.83 242.27 40.42 2.89
4 16 242.27 40.42 2.89 242.46 39.64 2.83 242.46 39.74 0 242.27 40.53 0
4 16 242.27 40.53 0 242.46 39.74 0 242.46 39.64 -2.83 242.27 40.42 -2.89
4 16 242.27 40.42 -2.89 242.46 39.64 -2.83 242.46 39.33 -5.66 242.27 40.11 -5.77
4 16 242.27 40.11 -5.77 242.46 39.33 -5.66 242.46 38.83 -8.45 242.27 39.6 -8.61
4 16 242.27 39.6 -8.61 242.46 38.83 -8.45 242.46 38.13 -11.2 242.27 38.88 -11.42
4 16 242.27 38.88 -11.42 242.46 38.13 -11.2 242.46 37.23 -13.89 242.27 37.97 -14.16
4 16 242.27 37.97 -14.16 242.46 37.23 -13.89 242.46 36.15 -16.51 242.27 36.86 -16.83
4 16 242.27 36.86 -16.83 242.46 36.15 -16.51 242.46 34.88 -19.04 242.27 35.57 -19.42
4 16 242.27 35.57 -19.42 242.46 34.88 -19.04 242.46 33.43 -21.48 242.27 34.09 -21.91
4 16 242.27 34.09 -21.91 242.46 33.43 -21.48 242.46 31.81 -23.81 242.27 32.44 -24.29
4 16 242.27 32.44 -24.29 242.46 31.81 -23.81 242.46 30.03 -26.02 242.27 30.63 -26.54
4 16 242.27 30.63 -26.54 242.46 30.03 -26.02 242.46 28.1 -28.1 242.27 28.66 -28.66
4 16 242.27 28.66 -28.66 242.46 28.1 -28.1 242.46 26.02 -30.03 242.27 26.54 -30.63
4 16 242.27 26.54 -30.63 242.46 26.02 -30.03 242.46 23.81 -31.81 242.27 24.29 -32.44
4 16 242.27 24.29 -32.44 242.46 23.81 -31.81 242.46 21.48 -33.43 242.27 21.91 -34.09
4 16 242.27 21.91 -34.09 242.46 21.48 -33.43 242.46 19.04 -34.88 242.27 19.42 -35.57
4 16 242.27 19.42 -35.57 242.46 19.04 -34.88 242.46 16.51 -36.15 242.27 16.83 -36.86
4 16 242.27 16.83 -36.86 242.46 16.51 -36.15 242.46 13.89 -37.23 242.27 14.16 -37.97
4 16 242.27 14.16 -37.97 242.46 13.89 -37.23 242.46 11.2 -38.13 242.27 11.42 -38.88
4 16 242.27 11.42 -38.88 242.46 11.2 -38.13 242.46 8.45 -38.83 242.27 8.61 -39.6
4 16 242.27 8.61 -39.6 242.46 8.45 -38.83 242.46 5.66 -39.33 242.27 5.77 -40.11
4 16 242.27 5.77 -40.11 242.46 5.66 -39.33 242.46 2.83 -39.64 242.27 2.89 -40.42
4 16 242.27 2.89 -40.42 242.46 2.83 -39.64 242.46 0 -39.74 242.27 0 -40.53
4 16 241.96 0 41.27 242.27 0 40.53 242.27 2.89 40.42 241.96 2.94 41.17
4 16 241.96 2.94 41.17 242.27 2.89 40.42 242.27 5.77 40.11 241.96 5.87 40.85
4 16 241.96 5.87 40.85 242.27 5.77 40.11 242.27 8.61 39.6 241.96 8.77 40.33
4 16 241.96 8.77 40.33 242.27 8.61 39.6 242.27 11.42 38.88 241.96 11.63 39.6
4 16 241.96 11.63 39.6 242.27 11.42 38.88 242.27 14.16 37.97 241.96 14.42 38.67
4 16 241.96 14.42 38.67 242.27 14.16 37.97 242.27 16.83 36.86 241.96 17.15 37.54
4 16 241.96 17.15 37.54 242.27 16.83 36.86 242.27 19.42 35.57 241.96 19.78 36.23
4 16 241.96 19.78 36.23 242.27 19.42 35.57 242.27 21.91 34.09 241.96 22.31 34.72
4 16 241.96 22.31 34.72 242.27 21.91 34.09 242.27 24.29 32.44 241.96 24.73 33.04
4 16 241.96 24.73 33.04 242.27 24.29 32.44 242.27 26.54 30.63 241.96 27.03 31.19
4 16 241.96 27.03 31.19 242.27 26.54 30.63 242.27 28.66 28.66 241.96 29.19 29.19
4 16 241.96 29.19 29.19 242.27 28.66 28.66 242.27 30.63 26.54 241.96 31.19 27.03
4 16 241.96 31.19 27.03 242.27 30.63 26.54 242.27 32.44 24.29 241.96 33.04 24.73
4 16 241.96 33.04 24.73 242.27 32.44 24.29 242.27 34.09 21.91 241.96 34.72 22.31
4 16 241.96 34.72 22.31 242.27 34.09 21.91 242.27 35.57 19.42 241.96 36.23 19.78
4 16 241.96 36.23 19.78 242.27 35.57 19.42 242.27 36.86 16.83 241.96 37.54 17.15
4 16 241.96 37.54 17.15 242.27 36.86 16.83 242.27 37.97 14.16 241.96 38.67 14.42
4 16 241.96 38.67 14.42 242.27 37.97 14.16 242.27 38.88 11.42 241.96 39.6 11.63
4 16 241.96 39.6 11.63 242.27 38.88 11.42 242.27 39.6 8.61 241.96 40.33 8.77
4 16 241.96 40.33 8.77 242.27 39.6 8.61 242.27 40.11 5.77 241.96 40.85 5.87
4 16 241.96 40.85 5.87 242.27 40.11 5.77 242.27 40.42 2.89 241.96 41.17 2.94
4 16 241.96 41.17 2.94 242.27 40.42 2.89 242.27 40.53 0 241.96 41.27 0
4 16 241.96 41.27 0 242.27 40.53 0 242.27 40.42 -2.89 241.96 41.17 -2.94
4 16 241.96 41.17 -2.94 242.27 40.42 -2.89 242.27 40.11 -5.77 241.96 40.85 -5.87
4 16 241.96 40.85 -5.87 242.27 40.11 -5.77 242.27 39.6 -8.61 241.96 40.33 -8.77
4 16 241.96 40.33 -8.77 242.27 39.6 -8.61 242.27 38.88 -11.42 241.96 39.6 -11.63
4 16 241.96 39.6 -11.63 242.27 38.88 -11.42 242.27 37.97 -14.16 241.96 38.67 -14.42
4 16 241.96 38.67 -14.42 242.27 37.97 -14.16 242.27 36.86 -16.83 241.96 37.54 -17.15
4 16 241.96 37.54 -17.15 242.27 36.86 -16.83 242.27 35.57 -19.42 241.96 36.23 -19.78
4 16 241.96 36.23 -19.78 242.27 35.57 -19.42 242.27 34.09 -21.91 241.96 34.72 -22.31
4 16 241.96 34.72 -22.31 242.27 34.09 -21.91 242.27 32.44 -24.29 241.96 33.04 -24.73
4 16 241.96 33.04 -24.73 242.27 32.44 -24.29 242.27 30.63 -26.54 241.96 31.19 -27.03
4 16 241.96 31.19 -27.03 242.27 30.63 -26.54 242.27 28.66 -28.66 241.96 29.19 -29.19
4 16 241.96 29.19 -29.19 242.27 28.66 -28.66 242.27 26.54 -30.63 241.96 27.03 -31.19
4 16 241.96 27.03 -31.19 242.27 26.54 -30.63 242.27 24.29 -32.44 241.96 24.73 -33.04
4 16 241.96 24.73 -33.04 242.27 24.29 -32.44 242.27 21.91 -34.09 241.96 22.31 -34.72
4 16 241.96 22.31 -34.72 242.27 21.91 -34.09 242.27 19.42 -35.57 241.96 19.78 -36.23
4 16 241.96 19.78 -36.23 242.27 19.42 -35.57 242.27 16.83 -36.86 241.96 17.15 -37.54
4 16 241.96 17.15 -37.54 242.27 16.83 -36.86 242.27 14.16 -37.97 241.96 14.42 -38.67
4 16 241.96 14.42 -38.67 242.27 14.16 -37.97 242.27 11.42 -38.88 241.96 11.63 -39.6
4 16 241.96 11.63 -39.6 242.27 11.42 -38.88 242.27 8.61 -39.6 241.96 8.77 -40.33
4 16 241.96 8.77 -40.33 242.27 8.61 -39.6 242.27 5.77 -40.11 241.96 5.87 -40.85
4 16 241.96 5.87 -40.85 242.27 5.77 -40.11 242.27 2.89 -40.42 241.96 2.94 -41.17
4 16 241.96 2.94 -41.17 242.27 2.89 -40.42 242.27 0 -40.53 241.96 0 -41.27
4 16 241.53 0 41.97 241.96 0 41.27 241.96 2.94 41.17 241.53 2.99 41.86
4 16 241.53 2.99 41.86 241.96 2.94 41.17 241.96 5.87 40.85 241.53 5.97 41.54
4 16 241.53 5.97 41.54 241.96 5.87 40.85 241.96 8.77 40.33 241.53 8.92 41.01
4 16 241.53 8.92 41.01 241.96 8.77 40.33 241.96 11.63 39.6 241.53 11.82 40.27
4 16 241.53 11.82 40.27 241.96 11.63 39.6 241.96 14.42 38.67 241.53 14.67 39.32
4 16 241.53 14.67 39.32 241.96 14.42 38.67 241.96 17.15 37.54 241.53 17.43 38.17
4 16 241.53 17.43 38.17 241.96 17.15 37.54 241.96 19.78 36.23 241.53 20.11 36.83
4 16 241.53 20.11 36.83 241.96 19.78 36.23 241.96 22.31 34.72 241.53 22.69 35.3
4 16 241.53 22.69 35.3 241.96 22.31 34.72 241.96 24.73 33.04 241.53 25.15 33.59
4 16 241.53 25.15 33.59 241.96 24.73 33.04 241.96 27.03 31.19 241.53 27.48 31.72
4 16 241.53 27.48 31.72 241.96 27.03 31.19 241.96 29.19 29.19 241.53 29.67 29.67
4 16 241.53 29.67 29.67 241.96 29.19 29.19 241.96 31.19 27.03 241.53 31.72 27.48
4 16 241.53 31.72 27.48 241.96 31.19 27.03 241.96 33.04 24.73 241.53 33.59 25.15
4 16 241.53 33.59 25.15 241.96 33.04 24.73 241.96 34.72 22.31 241.53 35.3 22.69
4 16 241.53 35.3 22.69 241.96 34.72 22.31 241.96 36.23 19.78 241.53 36.83 20.11
4 16 241.53 36.83 20.11 241.96 36.23 19.78 241.96 37.54 17.15 241.53 38.17 17.43
4 16 241.53 38.17 17.43 241.96 37.54 17.15 241.96 38.67 14.42 241.53 39.32 14.67
4 16 241.53 39.32 14.67 241.96 38.67 14.42 241.96 39.6 11.63 241.53 40.27 11.82
4 16 241.53 40.27 11.82 241.96 39.6 11.63 241.96 40.33 8.77 241.53 41.01 8.92
4 16 241.53 41.01 8.92 241.96 40.33 8.77 241.96 40.85 5.87 241.53 41.54 5.97
4 16 241.53 41.54 5.97 241.96 40.85 5.87 241.96 41.17 2.94 241.53 41.86 2.99
4 16 241.53 41.86 2.99 241.96 41.17 2.94 241.96 41.27 0 241.53 41.97 0
4 16 241.53 41.97 0 241.96 41.27 0 241.96 41.17 -2.94 241.53 41.86 -2.99
4 16 241.53 41.86 -2.99 241.96 41.17 -2.94 241.96 40.85 -5.87 241.53 41.54 -5.97
4 16 241.53 41.54 -5.97 241.96 40.85 -5.87 241.96 40.33 -8.77 241.53 41.01 -8.92
4 16 241.53 41.01 -8.92 241.96 40.33 -8.77 241.96 39.6 -11.63 241.53 40.27 -11.82
4 16 241.53 40.27 -11.82 241.96 39.6 -11.63 241.96 38.67 -14.42 241.53 39.32 -14.67
4 16 241.53 39.32 -14.67 241.96 38.67 -14.42 241.96 37.54 -17.15 241.53 38.17 -17.43
4 16 241.53 38.17 -17.43 241.96 37.54 -17.15 241.96 36.23 -19.78 241.53 36.83 -20.11
4 16 241.53 36.83 -20.11 241.96 36.23 -19.78 241.96 34.72 -22.31 241.53 35.3 -22.69
4 16 241.53 35.3 -22.69 241.96 34.72 -22.31 241.96 33.04 -24.73 241.53 33.59 -25.15
4 16 241.53 33.59 -25.15 241.96 33.04 -24.73 241.96 31.19 -27.03 241.53 31.72 -27.48
4 16 241.53 31.72 -27.48 241.96 31.19 -27.03 241.96 29.19 -29.19 241.53 29.67 -29.67
4 16 241.53 29.67 -29.67 241.96 29.19 -29.19 241.96 27.03 -31.19 241.53 27.48 -31.72
4 16 241.53 27.48 -31.72 241.96 27.03 -31.19 241.96 24.73 -33.04 241.53 25.15 -33.59
4 16 241.53 25.15 -33.59 241.96 24.73 -33.04 241.96 22.31 -34.72 241.53 22.69 -35.3
4 16 241.53 22.69 -35.3 241.96 22.31 -34.72 241.96 19.78 -36.23 241.53 20.11 -36.83
4 16 241.53 20.11 -36.83 241.96 19.78 -36.23 241.96 17.15 -37.54 241.53 17.43 -38.17
4 16 241.53 17.43 -38.17 241.96 17.15 -37.54 241.96 14.42 -38.67 241.53 14.67 -39.32
4 16 241.53 14.67 -39.32 241.96 14.42 -38.67 241.96 11.63 -39.6 241.53 11.82 -40.27
4 16 241.53 11.82 -40.27 241.96 11.63 -39.6 241.96 8.77 -40.33 241.53 8.92 -41.01
4 16 241.53 8.92 -41.01 241.96 8.77 -40.33 241.96 5.87 -40.85 241.53 5.97 -41.54
4 16 241.53 5.97 -41.54 241.96 5.87 -40.85 241.96 2.94 -41.17 241.53 2.99 -41.86
4 16 241.53 2.99 -41.86 241.96 2.94 -41.17 241.96 0 -41.27 241.53 0 -41.97
4 16 241.01 0 42.58 241.53 0 41.97 241.53 2.99 41.86 241.01 3.04 42.47
4 16 241.01 3.04 42.47 241.53 2.99 41.86 241.53 5.97 41.54 241.01 6.06 42.15
4 16 241.01 6.06 42.15 241.53 5.97 41.54 241.53 8.92 41.01 241.01 9.05 41.61
4 16 241.01 9.05 41.61 241.53 8.92 41.01 241.53 11.82 40.27 241.01 12 40.86
4 16 241.01 12 40.86 241.53 11.82 40.27 241.53 14.67 39.32 241.01 14.88 39.9
4 16 241.01 14.88 39.9 241.53 14.67 39.32 241.53 17.43 38.17 241.01 17.69 38.73
4 16 241.01 17.69 38.73 241.53 17.43 38.17 241.53 20.11 36.83 241.01 20.41 37.37
4 16 241.01 20.41 37.37 241.53 20.11 36.83 241.53 22.69 35.3 241.01 23.02 35.82
4 16 241.01 23.02 35.82 241.53 22.69 35.3 241.53 25.15 33.59 241.01 25.52 34.09
4 16 241.01 25.52 34.09 241.53 25.15 33.59 241.53 27.48 31.72 241.01 27.89 32.18
4 16 241.01 27.89 32.18 241.53 27.48 31.72 241.53 29.67 29.67 241.01 30.11 30.11
4 16 241.01 30.11 30.11 241.53 29.67 29.67 241.53 31.72 27.48 241.01 32.18 27.89
4 16 241.01 32.18 27.89 241.53 31.72 27.48 241.53 33.59 25.15 241.01 34.09 25.52
4 16 241.01 34.09 25.52 241.53 33.59 25.15 241.53 35.3 22.69 241.01 35.82 23.02
4 16 241.01 35.82 23.02 241.53 35.3 22.69 241.53 36.83 20.11 241.01 37.37 20.41
4 16 241.01 37.37 20.41 241.53 36.83 20.11 241.53 38.17 17.43 241.01 38.73 17.69
4 16 241.01 38.73 17.69 241.53 38.17 17.43 241.53 39.32 14.67 241.01 39.9 14.88
4 16 241.01 39.9 14.88 241.53 39.32 14.67 241.53 40.27 11.82 241.01 40.86 12
4 16 241.01 40.86 12 241.53 40.27 11.82 241.53 41.01 8.92 241.01 41.61 9.05
4 16 241.01 41.61 9.05 241.53 41.01 8.92 241.53 41.54 5.97 241.01 42.15 6.06
4 16 241.01 42.15 6.06 241.53 41.54 5.97 241.53 41.86 2.99 241.01 42.47 3.04
4 16 241.01 42.47 3.04 241.53 41.86 2.99 241.53 41.97 0 241.01 42.58 0
4 16 241.01 42.58 0 241.53 41.97 0 241.53 41.86 -2.99 241.01 42.47 -3.04
4 16 241.01 42.47 -3.04 241.53 41.86 -2.99 241.53 41.54 -5.97 241.01 42.15 -6.06
4 16 241.01 42.15 -6.06 241.53 41.54 -5.97 241.53 41.01 -8.92 241.01 41.61 -9.05
4 16 241.01 41.61 -9.05 241.53 41.01 -8.92 241.53 40.27 -11.82 241.01 40.86 -12
4 16 241.01 40.86 -12 241.53 40.27 -11.82 241.53 39.32 -14.67 241.01 39.9 -14.88
4 16 241.01 39.9 -14.88 241.53 39.32 -14.67 241.53 38.17 -17.43 241.01 38.73 -17.69
4 16 241.01 38.73 -17.69 241.53 38.17 -17.43 241.53 36.83 -20.11 241.01 37.37 -20.41
4 16 241.01 37.37 -20.41 241.53 36.83 -20.11 241.53 35.3 -22.69 241.01 35.82 -23.02
4 16 241.01 35.82 -23.02 241.53 35.3 -22.69 241.53 33.59 -25.15 241.01 34.09 -25.52
4 16 241.01 34.09 -25.52 241.53 33.59 -25.15 241.53 31.72 -27.48 241.01 32.18 -27.89
4 16 241.01 32.18 -27.89 241.53 31.72 -27.48 241.53 29.67 -29.67 241.01 30.11 -30.11
4 16 241.01 30.11 -30.11 241.53 29.67 -29.67 241.53 27.48 -31.72 241.01 27.89 -32.18
4 16 241.01 27.89 -32.18 241.53 27.48 -31.72 241.53 25.15 -33.59 241.01 25.52 -34.09
4 16 241.01 25.52 -34.09 241.53 25.15 -33.59 241.53 22.69 -35.3 241.01 23.02 -35.82
4 16 241.01 23.02 -35.82 241.53 22.69 -35.3 241.53 20.11 -36.83 241.01 20.41 -37.37
4 16 241.01 20.41 -37.37 241.53 20.11 -36.83 241.53 17.43 -38.17 241.01 17.69 -38.73
4 16 241.01 17.69 -38.73 241.53 17.43 -38.17 241.53 14.67 -39.32 241.01 14.88 -39.9
4 16 241.01 14.88 -39.9 241.53 14.67 -39.32 241.53 11.82 -40.27 241.01 12 -40.86
4 16 241.01 12 -40.86 241.53 11.82 -40.27 241.53 8.92 -41.01 241.01 9.05 -41.61
4 16 241.01 9.05 -41.61 241.53 8.92 -41.01 241.53 5.97 -41.54 241.01 6.06 -42.15
4 16 241.01 6.06 -42.15 241.53 5.97 -41.54 241.53 2.99 -41.86 241.01 3.04 -42.47
4 16 241.01 3.04 -42.47 241.53 2.99 -41.86 241.53 0 -41.97 241.01 0 -42.58
4 16 240.39 0 43.11 241.01 0 42.58 241.01 3.04 42.47 240.39 3.08 43
4 16 240.39 3.08 43 241.01 3.04 42.47 241.01 6.06 42.15 240.39 6.13 42.67
4 16 240.39 6.13 42.67 241.01 6.06 42.15 241.01 9.05 41.61 240.39 9.16 42.12
4 16 240.39 9.16 42.12 241.01 9.05 41.61 241.01 12 40.86 240.39 12.14 41.36
4 16 240.39 12.14 41.36 241.01 12 40.86 241.01 14.88 39.9 240.39 15.06 40.39
4 16 240.39 15.06 40.39 241.01 14.88 39.9 241.01 17.69 38.73 240.39 17.91 39.21
4 16 240.39 17.91 39.21 241.01 17.69 38.73 241.01 20.41 37.37 240.39 20.66 37.83
4 16 240.39 20.66 37.83 241.01 20.41 37.37 241.01 23.02 35.82 240.39 23.31 36.26
4 16 240.39 23.31 36.26 241.01 23.02 35.82 241.01 25.52 34.09 240.39 25.83 34.51
4 16 240.39 25.83 34.51 241.01 25.52 34.09 241.01 27.89 32.18 240.39 28.23 32.58
4 16 240.39 28.23 32.58 241.01 27.89 32.18 241.01 30.11 30.11 240.39 30.48 30.48
4 16 240.39 30.48 30.48 241.01 30.11 30.11 241.01 32.18 27.89 240.39 32.58 28.23
4 16 240.39 32.58 28.23 241.01 32.18 27.89 241.01 34.09 25.52 240.39 34.51 25.83
4 16 240.39 34.51 25.83 241.01 34.09 25.52 241.01 35.82 23.02 240.39 36.26 23.31
4 16 240.39 36.26 23.31 241.01 35.82 23.02 241.01 37.37 20.41 240.39 37.83 20.66
4 16 240.39 37.83 20.66 241.01 37.37 20.41 241.01 38.73 17.69 240.39 39.21 17.91
4 16 240.39 39.21 17.91 241.01 38.73 17.69 241.01 39.9 14.88 240.39 40.39 15.06
4 16 240.39 40.39 15.06 241.01 39.9 14.88 241.01 40.86 12 240.39 41.36 12.14
4 16 240.39 41.36 12.14 241.01 40.86 12 241.01 41.61 9.05 240.39 42.12 9.16
4 16 240.39 42.12 9.16 241.01 41.61 9.05 241.01 42.15 6.06 240.39 42.67 6.13
4 16 240.39 42.67 6.13 241.01 42.15 6.06 241.01 42.47 3.04 240.39 43 3.08
4 16 240.39 43 3.08 241.01 42.47 3.04 241.01 42.58 0 240.39 43.11 0
4 16 240.39 43.11 0 241.01 42.58 0 241.01 42.47 -3.04 240.39 43 -3.08
4 16 240.39 43 -3.08 241.01 42.47 -3.04 241.01 42.15 -6.06 240.39 42.67 -6.13
4 16 240.39 42.67 -6.13 241.01 42.15 -6.06 241.01 41.61 -9.05 240.39 42.12 -9.16
4 16 240.39 42.12 -9.16 241.01 41.61 -9.05 241.01 40.86 -12 240.39 41.36 -12.14
4 16 240.39 41.36 -12.14 241.01 40.86 -12 241.01 39.9 -14.88 240.39 40.39 -15.06
4 16 240.39 40.39 -15.06 241.01 39.9 -14.88 241.01 38.73 -17.69 240.39 39.21 -17.91
4 16 240.39 39.21 -17.91 241.01 38.73 -17.69 241.01 37.37 -20.41 240.39 37.83 -20.66
4 16 240.39 37.83 -20.66 241.01 37.37 -20.41 241.01 35.82 -23.02 240.39 36.26 -23.31
4 16 240.39 36.26 -23.31 241.01 35.82 -23.02 241.01 34.09 -25.52 240.39 34.51 -25.83
4 16 240.39 34.51 -25.83 241.01 34.09 -25.52 241.01 32.18 -27.89 240.39 32.58 -28.23
4 16 240.39 32.58 -28.23 241.01 32.18 -27.89 241.01 30.11 -30.11 240.39 30.48 -30.48
4 16 240.39 30.48 -30.48 241.01 30.11 -30.11 241.01 27.89 -32.18 240.39 28.23 -32.58
4 16 240.39 28.23 -32.58 241.01 27.89 -32.18 241.01 25.52 -34.09 240.39 25.83 -34.51
4 16 240.39 25.83 -34.51 241.01 25.52 -34.09 241.01 23.02 -35.82 240.39 23.31 -36.26
4 16 240.39 23.31 -36.26 241.01 23.02 -35.82 241.01 20.41 -37.37 240.39 20.66 -37.83
4 16 240.39 20.66 -37.83 241.01 20.41 -37.37 241.01 17.69 -38.73 240.39 17.91 -39.21
4 16 240.39 17.91 -39.21 241.01 17.69 -38.73 241.01 14.88 -39.9 240.39 15.06 -40.39
4 16 240.39 15.06 -40.39 241.01 14.88 -39.9 241.01 12 -40.86 240.39 12.14 -41.36
4 16 240.39 12.14 -41.36 241.01 12 -40.86 241.01 9.05 -41.61 240.39 9.16 -42.12
4 16 240.39 9.16 -42.12 241.01 9.05 -41.61 241.01 6.06 -42.15 240.39 6.13 -42.67
4 16 240.39 6.13 -42.67 241.01 6.06 -42.15 241.01 3.04 -42.47 240.39 3.08 -43
4 16 240.39 3.08 -43 241.01 3.04 -42.47 241.01 0 -42.58 240.39 0 -43.11
4 16 239.7 0 43.53 240.39 0 43.11 240.39 3.08 43 239.7 3.11 43.42
4 16 239.7 3.11 43.42 240.39 3.08 43 240.39 6.13 42.67 239.7 6.2 43.09
4 16 239.7 6.2 43.09 240.39 6.13 42.67 240.39 9.16 42.12 239.7 9.25 42.54
4 16 239.7 9.25 42.54 240.39 9.16 42.12 240.39 12.14 41.36 239.7 12.26 41.77
4 16 239.7 12.26 41.77 240.39 12.14 41.36 240.39 15.06 40.39 239.7 15.21 40.79
4 16 239.7 15.21 40.79 240.39 15.06 40.39 240.39 17.91 39.21 239.7 18.08 39.6
4 16 239.7 18.08 39.6 240.39 17.91 39.21 240.39 20.66 37.83 239.7 20.86 38.21
4 16 239.7 20.86 38.21 240.39 20.66 37.83 240.39 23.31 36.26 239.7 23.53 36.62
4 16 239.7 23.53 36.62 240.39 23.31 36.26 240.39 25.83 34.51 239.7 26.09 34.85
4 16 239.7 26.09 34.85 240.39 25.83 34.51 240.39 28.23 32.58 239.7 28.51 32.9
4 16 239.7 28.51 32.9 240.39 28.23 32.58 240.39 30.48 30.48 239.7 30.78 30.78
4 16 239.7 30.78 30.78 240.39 30.48 30.48 240.39 32.58 28.23 239.7 32.9 28.51
4 16 239.7 32.9 28.51 240.39 32.58 28.23 240.39 34.51 25.83 239.7 34.85 26.09
4 16 239.7 34.85 26.09 240.39 34.51 25.83 240.39 36.26 23.31 239.7 36.62 23.53
4 16 239.7 36.62 23.53 240.39 36.26 23.31 240.39 37.83 20.66 239.7 38.21 20.86
4 16 239.7 38.21 20.86 240.39 37.83 20.66 240.39 39.21 17.91 239.7 39.6 18.08
4 16 239.7 39.6 18.08 240.39 39.21 17.91 240.39 40.39 15.06 239.7 40.79 15.21
4 16 239.7 40.79 15.21 240.39 40.39 15.06 240.39 41.36 12.14 239.7 41.77 12.26
4 16 239.7 41.77 12.26 240.39 41.36 12.14 240.39 42.12 9.16 239.7 42.54 9.25
4 16 239.7 42.54 9.25 240.39 42.12 9.16 240.39 42.67 6.13 239.7 43.09 6.2
4 16 239.7 43.09 6.2 240.39 42.67 6.13 240.39 43 3.08 239.7 43.42 3.11
4 16 239.7 43.42 3.11 240.39 43 3.08 240.39 43.11 0 239.7 43.53 0
4 16 239.7 43.53 0 240.39 43.11 0 240.39 43 -3.08 239.7 43.42 -3.11
4 16 239.7 43.42 -3.11 240.39 43 -3.08 240.39 42.67 -6.13 239.7 43.09 -6.2
4 16 239.7 43.09 -6.2 240.39 42.67 -6.13 240.39 42.12 -9.16 239.7 42.54 -9.25
4 16 239.7 42.54 -9.25 240.39 42.12 -9.16 240.39 41.36 -12.14 239.7 41.77 -12.26
4 16 239.7 41.77 -12.26 240.39 41.36 -12.14 240.39 40.39 -15.06 239.7 40.79 -15.21
4 16 239.7 40.79 -15.21 240.39 40.39 -15.06 240.39 39.21 -17.91 239.7 39.6 -18.08
4 16 239.7 39.6 -18.08 240.39 39.21 -17.91 240.39 37.83 -20.66 239.7 38.21 -20.86
4 16 239.7 38.21 -20.86 240.39 37.83 -20.66 240.39 36.26 -23.31 239.7 36.62 -23.53
4 16 239.7 36.62 -23.53 240.39 36.26 -23.31 240.39 34.51 -25.83 239.7 34.85 -26.09
4 16 239.7 34.85 -26.09 240.39 34.51 -25.83 240.39 32.58 -28.23 239.7 32.9 -28.51
4 16 239.7 32.9 -28.51 240.39 32.58 -28.23 240.39 30.48 -30.48 239.7 30.78 -30.78
4 16 239.7 30.78 -30.78 240.39 30.48 -30.48 240.39 28.23 -32.58 239.7 28.51 -32.9
4 16 239.7 28.51 -32.9 240.39 28.23 -32.58 240.39 25.83 -34.51 239.7 26.09 -34.85
4 16 239.7 26.09 -34.85 240.39 25.83 -34.51 240.39 23.31 -36.26 239.7 23.53 -36.62
4 16 239.7 23.53 -36.62 240.39 23.31 -36.26 240.39 20.66 -37.83 239.7 20.86 -38.21
4 16 239.7 20.86 -38.21 240.39 20.66 -37.83 240.39 17.91 -39.21 239.7 18.08 -39.6
4 16 239.7 18.08 -39.6 240.39 17.91 -39.21 240.39 15.06 -40.39 239.7 15.21 -40.79
4 16 239.7 15.21 -40.79 240.39 15.06 -40.39 240.39 12.14 -41.36 239.7 12.26 -41.77
4 16 239.7 12.26 -41.77 240.39 12.14 -41.36 240.39 9.16 -42.12 239.7 9.25 -42.54
4 16 239.7 9.25 -42.54 240.39 9.16 -42.12 240.39 6.13 -42.67 239.7 6.2 -43.09
4 16 239.7 6.2 -43.09 240.39 6.13 -42.67 240.39 3.08 -43 239.7 3.11 -43.42
4 16 239.7 3.11 -43.42 240.39 3.08 -43 240.39 0 -43.11 239.7 0 -43.53
4 16 238.95 0 43.84 239.7 0 43.53 239.7 3.11 43.42 238.95 3.13 43.73
4 16 238.95 3.13 43.73 239.7 3.11 43.42 239.7 6.2 43.09 238.95 6.24 43.4
4 16 238.95 6.24 43.4 239.7 6.2 43.09 239.7 9.25 42.54 238.95 9.32 42.84
4 16 238.95 9.32 42.84 239.7 9.25 42.54 239.7 12.26 41.77 238.95 12.35 42.07
4 16 238.95 12.35 42.07 239.7 12.26 41.77 239.7 15.21 40.79 238.95 15.32 41.08
4 16 238.95 15.32 41.08 239.7 15.21 40.79 239.7 18.08 39.6 238.95 18.21 39.88
4 16 238.95 18.21 39.88 239.7 18.08 39.6 239.7 20.86 38.21 238.95 21.01 38.48
4 16 238.95 21.01 38.48 239.7 20.86 38.21 239.7 23.53 36.62 238.95 23.7 36.88
4 16 238.95 23.7 36.88 239.7 23.53 36.62 239.7 26.09 34.85 238.95 26.27 35.1
4 16 238.95 26.27 35.1 239.7 26.09 34.85 239.7 28.51 32.9 238.95 28.71 33.13
4 16 238.95 28.71 33.13 239.7 28.51 32.9 239.7 30.78 30.78 238.95 31 31
4 16 238.95 31 31 239.7 30.78 30.78 239.7 32.9 28.51 238.95 33.13 28.71
4 16 238.95 33.13 28.71 239.7 32.9 28.51 239.7 34.85 26.09 238.95 35.1 26.27
4 16 238.95 35.1 26.27 239.7 34.85 26.09 239.7 36.62 23.53 238.95 36.88 23.7
4 16 238.95 36.88 23.7 239.7 36.62 23.53 239.7 38.21 20.86 238.95 38.48 21.01
4 16 238.95 38.48 21.01 239.7 38.21 20.86 239.7 39.6 18.08 238.95 39.88 18.21
4 16 238.95 39.88 18.21 239.7 39.6 18.08 239.7 40.79 15.21 238.95 41.08 15.32
4 16 238.95 41.08 15.32 239.7 40.79 15.21 239.7 41.77 12.26 238.95 42.07 12.35
4 16 238.95 42.07 12.35 239.7 41.77 12.26 239.7 42.54 9.25 238.95 42.84 9.32
4 16 238.95 42.84 9.32 239.7 42.54 9.25 239.7 43.09 6.2 238.95 43.4 6.24
4 16 238.95 43.4 6.24 239.7 43.09 6.2 239.7 43.42 3.11 238.95 43.73 3.13
4 16 238.95 43.73 3.13 239.7 43.42 3.11 239.7 43.53 0 238.95 43.84 0
4 16 238.95 43.84 0 239.7 43.53 0 239.7 43.42 -3.11 238.95 43.73 -3.13
4 16 238.95 43.73 -3.13 239.7 43.42 -3.11 239.7 43.09 -6.2 238.95 43.4 -6.24
4 16 238.95 43.4 -6.24 239.7 43.09 -6.2 239.7 42.54 -9.25 238.95 42.84 -9.32
4 16 238.95 42.84 -9.32 239.7 42.54 -9.25 239.7 41.77 -12.26 238.95 42.07 -12.35
4 16 238.95 42.07 -12.35 239.7 41.77 -12.26 239.7 40.79 -15.21 238.95 41.08 -15.32
4 16 238.95 41.08 -15.32 239.7 40.79 -15.21 239.7 39.6 -18.08 238.95 39.88 -18.21
4 16 238.95 39.88 -18.21 239.7 39.6 -18.08 239.7 38.21 -20.86 238.95 38.48 -21.01
4 16 238.95 38.48 -21.01 239.7 38.21 -20.86 239.7 36.62 -23.53 238.95 36.88 -23.7
4 16 238.95 36.88 -23.7 239.7 36.62 -23.53 239.7 34.85 -26.09 238.95 35.1 -26.27
4 16 238.95 35.1 -26.27 239.7 34.85 -26.09 239.7 32.9 -28.51 238.95 33.13 -28.71
4 16 238.95 33.13 -28.71 239.7 32.9 -28.51 239.7 30.78 -30.78 238.95 31 -31
4 16 238.95 31 -31 239.7 30.78 -30.78 239.7 28.51 -32.9 238.95 28.71 -33.13
4 16 238.95 28.71 -33.13 239.7 28.51 -32.9 239.7 26.09 -34.85 238.95 26.27 -35.1
4 16 238.95 26.27 -35.1 239.7 26.09 -34.85 239.7 23.53 -36.62 238.95 23.7 -36.88
4 16 238.95 23.7 -36.88 239.7 23.53 -36.62 239.7 20.86 -38.21 238.95 21.01 -38.48
4 16 238.95 21.01 -38.48 239.7 20.86 -38.21 239.7 18.08 -39.6 238.95 18.21 -39.88
4 16 238.95 18.21 -39.88 239.7 18.08 -39.6 239.7 15.21 -40.79 238.95 15.32 -41.08
4 16 238.95 15.32 -41.08 239.7 15.21 -40.79 239.7 12.26 -41.77 238.95 12.35 -42.07
4 16 238.95 12.35 -42.07 239.7 12.26 -41.77 239.7 9.25 -42.54 238.95 9.32 -42.84
4 16 238.95 9.32 -42.84 239.7 9.25 -42.54 239.7 6.2 -43.09 238.95 6.24 -43.4
4 16 238.95 6.24 -43.4 239.7 6.2 -43.09 239.7 3.11 -43.42 238.95 3.13 -43.73
4 16 238.95 3.13 -43.73 239.7 3.11 -43.42 239.7 0 -43.53 238.95 0 -43.84
4 16 238.16 0 44.03 238.95 0 43.84 238.95 3.13 43.73 238.16 3.14 43.92
4 16 238.16 3.14 43.92 238.95 3.13 43.73 238.95 6.24 43.4 238.16 6.27 43.58
4 16 238.16 6.27 43.58 238.95 6.24 43.4 238.95 9.32 42.84 238.16 9.36 43.02
4 16 238.16 9.36 43.02 238.95 9.32 42.84 238.95 12.35 42.07 238.16 12.4 42.25
4 16 238.16 12.4 42.25 238.95 12.35 42.07 238.95 15.32 41.08 238.16 15.39 41.25
4 16 238.16 15.39 41.25 238.95 15.32 41.08 238.95 18.21 39.88 238.16 18.29 40.05
4 16 238.16 18.29 40.05 238.95 18.21 39.88 238.95 21.01 38.48 238.16 21.1 38.64
4 16 238.16 21.1 38.64 238.95 21.01 38.48 238.95 23.7 36.88 238.16 23.8 37.04
4 16 238.16 23.8 37.04 238.95 23.7 36.88 238.95 26.27 35.1 238.16 26.39 35.25
4 16 238.16 26.39 35.25 238.95 26.27 35.1 238.95 28.71 33.13 238.16 28.83 33.28
4 16 238.16 28.83 33.28 238.95 28.71 33.13 238.95 31 31 238.16 31.13 31.13
4 16 238.16 31.13 31.13 238.95 31 31 238.95 33.13 28.71 238.16 33.28 28.83
4 16 238.16 33.28 28.83 238.95 33.13 28.71 238.95 35.1 26.27 238.16 35.25 26.39
4 16 238.16 35.25 26.39 238.95 35.1 26.27 238.95 36.88 23.7 238.16 37.04 23.8
4 16 238.16 37.04 23.8 238.95 36.88 23.7 238.95 38.48 21.01 238.16 38.64 21.1
4 16 238.16 38.64 21.1 238.95 38.48 21.01 238.95 39.88 18.21 238.16 40.05 18.29
4 16 238.16 40.05 18.29 238.95 39.88 18.21 238.95 41.08 15.32 238.16 41.25 15.39
4 16 238.16 41.25 15.39 238.95 41.08 15.32 238.95 42.07 12.35 238.16 42.25 12.4
4 16 238.16 42.25 12.4 238.95 42.07 12.35 238.95 42.84 9.32 238.16 43.02 9.36
4 16 238.16 43.02 9.36 238.95 42.84 9.32 238.95 43.4 6.24 238.16 43.58 6.27
4 16 238.16 43.58 6.27 238.95 43.4 6.24 238.95 43.73 3.13 238.16 43.92 3.14
4 16 238.16 43.92 3.14 238.95 43.73 3.13 238.95 43.84 0 238.16 44.03 0
4 16 238.16 44.03 0 238.95 43.84 0 238.95 43.73 -3.13 238.16 43.92 -3.14
4 16 238.16 43.92 -3.14 238.95 43.73 -3.13 238.95 43.4 -6.24 238.16 43.58 -6.27
4 16 238.16 43.58 -6.27 238.95 43.4 -6.24 238.95 42.84 -9.32 238.16 43.02 -9.36
4 16 238.16 43.02 -9.36 238.95 42.84 -9.32 238.95 42.07 -12.35 238.16 42.25 -12.4
4 16 238.16 42.25 -12.4 238.95 42.07 -12.35 238.95 41.08 -15.32 238.16 41.25 -15.39
4 16 238.16 41.25 -15.39 238.95 41.08 -15.32 238.95 39.88 -18.21 238.16 40.05 -18.29
4 16 238.16 40.05 -18.29 238.95 39.88 -18.21 238.95 38.48 -21.01 238.16 38.64 -21.1
4 16 238.16 38.64 -21.1 238.95 38.48 -21.01 238.95 36.88 -23.7 238.16 37.04 -23.8
4 16 238.16 37.04 -23.8 238.95 36.88 -23.7 238.95 35.1 -26.27 238.16 35.25 -26.39
4 16 238.16 35.25 -26.39 238.95 35.1 -26.27 238.95 33.13 -28.71 238.16 33.28 -28.83
4 16 238.16 33.28 -28.83 238.95 33.13 -28.71 238.95 31 -31 238.16 31.13 -31.13
4 16 238.16 31.13 -31.13 238.95 31 -31 238.95 28.71 -33.13 238.16 28.83 -33.28
4 16 238.16 28.83 -33.28 238.95 28.71 -33.13 238.95 26.27 -35.1 238.16 26.39 -35.25
4 16 238.16 26.39 -35.25 238.95 26.27 -35.1 238.95 23.7 -36.88 238.16 23.8 -37.04
4 16 238.16 23.8 -37.04 238.95 23.7 -36.88 238.95 21.01 -38.48 238.16 21.1 -38.64
4 16 238.16 21.1 -38.64 238.95 21.01 -38.48 238.95 18.21 -39.88 238.16 18.29 -40.05
4 16 238.16 18.29 -40.05 238.95 18.21 -39.88 238.95 15.32 -41.08 238.16 15.39 -41.25
4 16 238.16 15.39 -41.25 238.95 15.32 -41.08 238.95 12.35 -42.07 238.16 12.4 -42.25
4 16 238.16 12.4 -42.25 238.95 12.35 -42.07 238.95 9.32 -42.84 238.16 9.36 -43.02
4 16 238.16 9.36 -43.02 238.95 9.32 -42.84 238.95 6.24 -43.4 238.16 6.27 -43.58
4 16 238.16 6.27 -43.58 238.95 6.24 -43.4 238.95 3.13 -43.73 238.16 3.14 -43.92
4 16 238.16 3.14 -43.92 238.95 3.13 -43.73 238.95 0 -43.84 238.16 0 -44.03
4 16 237.35 0 44.09 238.16 0 44.03 238.16 3.14 43.92 237.35 3.15 43.98
4 16 237.35 3.15 43.98 238.16 3.14 43.92 238.16 6.27 43.58 237.35 6.28 43.65
4 16 237.35 6.28 43.65 238.16 6.27 43.58 238.16 9.36 43.02 237.35 9.37 43.09
4 16 237.35 9.37 43.09 238.16 9.36 43.02 238.16 12.4 42.25 237.35 12.42 42.31
4 16 237.35 12.42 42.31 238.16 12.4 42.25 238.16 15.39 41.25 237.35 15.41 41.31
4 16 237.35 15.41 41.31 238.16 15.39 41.25 238.16 18.29 40.05 237.35 18.32 40.11
4 16 237.35 18.32 40.11 238.16 18.29 40.05 238.16 21.1 38.64 237.35 21.13 38.7
4 16 237.35 21.13 38.7 238.16 21.1 38.64 238.16 23.8 37.04 237.35 23.84 37.09
4 16 237.35 23.84 37.09 238.16 23.8 37.04 238.16 26.39 35.25 237.35 26.42 35.3
4 16 237.35 26.42 35.3 238.16 26.39 35.25 238.16 28.83 33.28 237.35 28.88 33.32
4 16 237.35 28.88 33.32 238.16 28.83 33.28 238.16 31.13 31.13 237.35 31.18 31.18
4 16 237.35 31.18 31.18 238.16 31.13 31.13 238.16 33.28 28.83 237.35 33.32 28.88
4 16 237.35 33.32 28.88 238.16 33.28 28.83 238.16 35.25 26.39 237.35 35.3 26.42
4 16 237.35 35.3 26.42 238.16 35.25 26.39 238.16 37.04 23.8 237.35 37.09 23.84
4 16 237.35 37.09 23.84 238.16 37.04 23.8 238.16 38.64 21.1 237.35 38.7 21.13
4 16 237.35 38.7 21.13 238.16 38.64 21.1 238.16 40.05 18.29 237.35 40.11 18.32
4 16 237.35 40.11 18.32 238.16 40.05 18.29 238.16 41.25 15.39 237.35 41.31 15.41
4 16 237.35 41.31 15.41 238.16 41.25 15.39 238.16 42.25 12.4 237.35 42.31 12.42
4 16 237.35 42.31 12.42 238.16 42.25 12.4 238.16 43.02 9.36 237.35 43.09 9.37
4 16 237.35 43.09 9.37 238.16 43.02 9.36 238.16 43.58 6.27 237.35 43.65 6.28
4 16 237.35 43.65 6.28 238.16 43.58 6.27 238.16 43.92 3.14 237.35 43.98 3.15
4 16 237.35 43.98 3.15 238.16 43.92 3.14 238.16 44.03 0 237.35 44.09 0
4 16 237.35 44.09 0 238.16 44.03 0 238.16 43.92 -3.14 237.35 43.98 -3.15
4 16 237.35 43.98 -3.15 238.16 43.92 -3.14 238.16 43.58 -6.27 237.35 43.65 -6.28
4 16 237.35 43.65 -6.28 238.16 43.58 -6.27 238.16 43.02 -9.36 237.35 43.09 -9.37
4 16 237.35 43.09 -9.37 238.16 43.02 -9.36 238.16 42.25 -12.4 237.35 42.31 -12.42
4 16 237.35 42.31 -12.42 238.16 42.25 -12.4 238.16 41.25 -15.39 237.35 41.31 -15.41
4 16 237.35 41.31 -15.41 238.16 41.25 -15.39 238.16 40.05 -18.29 237.35 40.11 -18.32
4 16 237.35 40.11 -18.32 238.16 40.05 -18.29 238.16 38.64 -21.1 237.35 38.7 -21.13
4 16 237.35 38.7 -21.13 238.16 38.64 -21.1 238.16 37.04 -23.8 237.35 37.09 -23.84
4 16 237.35 37.09 -23.84 238.16 37.04 -23.8 238.16 35.25 -26.39 237.35 35.3 -26.42
4 16 237.35 35.3 -26.42 238.16 35.25 -26.39 238.16 33.28 -28.83 237.35 33.32 -28.88
4 16 237.35 33.32 -28.88 238.16 33.28 -28.83 238.16 31.13 -31.13 237.35 31.18 -31.18
4 16 237.35 31.18 -31.18 238.16 31.13 -31.13 238.16 28.83 -33.28 237.35 28.88 -33.32
4 16 237.35 28.88 -33.32 238.16 28.83 -33.28 238.16 26.39 -35.25 237.35 26.42 -35.3
4 16 237.35 26.42 -35.3 238.16 26.39 -35.25 238.16 23.8 -37.04 237.35 23.84 -37.09
4 16 237.35 23.84 -37.09 238.16 23.8 -37.04 238.16 21.1 -38.64 237.35 21.13 -38.7
4 16 237.35 21.13 -38.7 238.16 21.1 -38.64 238.16 18.29 -40.05 237.35 18.32 -40.11
4 16 237.35 18.32 -40.11 238.16 18.29 -40.05 238.16 15.39 -41.25 237.35 15.41 -41.31
4 16 237.35 15.41 -41.31 238.16 15.39 -41.25 238.16 12.4 -42.25 237.35 12.42 -42.31
4 16 237.35 12.42 -42.31 238.16 12.4 -42.25 238.16 9.36 -43.02 237.35 9.37 -43.09
4 16 237.35 9.37 -43.09 238.16 9.36 -43.02 238.16 6.27 -43.58 237.35 6.28 -43.65
4 16 237.35 6.28 -43.65 238.16 6.27 -43.58 238.16 3.14 -43.92 237.35 3.15 -43.98
4 16 237.35 3.15 -43.98 238.16 3.14 -43.92 238.16 0 -44.03 237.35 0 -44.09
4 16 46.2 0 43.99 48.38 0 44.09 48.38 3.15 43.98 46.2 3.14 43.88
4 16 46.2 3.14 43.88 48.38 3.15 43.98 48.38 6.28 43.65 46.2 6.26 43.54
4 16 46.2 6.26 43.54 48.38 6.28 43.65 48.38 9.37 43.09 46.2 9.35 42.98
4 16 46.2 9.35 42.98 48.38 9.37 43.09 48.38 12.42 42.31 46.2 12.39 42.21
4 16 46.2 12.39 42.21 48.38 12.42 42.31 48.38 15.41 41.31 46.2 15.37 41.22
4 16 46.2 15.37 41.22 48.38 15.41 41.31 48.38 18.32 40.11 46.2 18.27 40.01
4 16 46.2 18.27 40.01 48.38 18.32 40.11 48.38 21.13 38.7 46.2 21.08 38.61
4 16 46.2 21.08 38.61 48.38 21.13 38.7 48.38 23.84 37.09 46.2 23.78 37.01
4 16 46.2 23.78 37.01 48.38 23.84 37.09 48.38 26.42 35.3 46.2 26.36 35.22
4 16 46.2 26.36 35.22 48.38 26.42 35.3 48.38 28.88 33.32 46.2 28.81 33.24
4 16 46.2 28.81 33.24 48.38 28.88 33.32 48.38 31.18 31.18 46.2 31.11 31.11
4 16 46.2 31.11 31.11 48.38 31.18 31.18 48.38 33.32 28.88 46.2 33.24 28.81
4 16 46.2 33.24 28.81 48.38 33.32 28.88 48.38 35.3 26.42 46.2 35.22 26.36
4 16 46.2 35.22 26.36 48.38 35.3 26.42 48.38 37.09 23.84 46.2 37.01 23.78
4 16 46.2 37.01 23.78 48.38 37.09 23.84 48.38 38.7 21.13 46.2 38.61 21.08
4 16 46.2 38.61 21.08 48.38 38.7 21.13 48.38 40.11 18.32 46.2 40.01 18.27
4 16 46.2 40.01 18.27 48.38 40.11 18.32 48.38 41.31 15.41 46.2 41.22 15.37
4 16 46.2 41.22 15.37 48.38 41.31 15.41 48.38 42.31 12.42 46.2 42.21 12.39
4 16 46.2 42.21 12.39 48.38 42.31 12.42 48.38 43.09 9.37 46.2 42.98 9.35
4 16 46.2 42.98 9.35 48.38 43.09 9.37 48.38 43.65 6.28 46.2 43.54 6.26
4 16 46.2 43.54 6.26 48.38 43.65 6.28 48.38 43.98 3.15 46.2 43.88 3.14
4 16 46.2 43.88 3.14 48.38 43.98 3.15 48.38 44.09 0 46.2 43.99 0
4 16 46.2 43.99 0 48.38 44.09 0 48.38 43.98 -3.15 46.2 43.88 -3.14
4 16 46.2 43.88 -3.14 48.38 43.98 -3.15 48.38 43.65 -6.28 46.2 43.54 -6.26
4 16 46.2 43.54 -6.26 48.38 43.65 -6.28 48.38 43.09 -9.37 46.2 42.98 -9.35
4 16 46.2 42.98 -9.35 48.38 43.09 -9.37 48.38 42.31 -12.42 46.2 42.21 -12.39
4 16 46.2 42.21 -12.39 48.38 42.31 -12.42 48.38 41.31 -15.41 46.2 41.22 -15.37
4 16 46.2 41.22 -15.37 48.38 41.31 -15.41 48.38 40.11 -18.32 46.2 40.01 -18.27
4 16 46.2 40.01 -18.27 48.38 40.11 -18.32 48.38 38.7 -21.13 46.2 38.61 -21.08
4 16 46.2 38.61 -21.08 48.38 38.7 -21.13 48.38 37.09 -23.84 46.2 37.01 -23.78
4 16 46.2 37.01 -23.78 48.38 37.09 -23.84 48.38 35.3 -26.42 46.2 35.22 -26.36
4 16 46.2 35.22 -26.36 48.38 35.3 -26.42 48.38 33.32 -28.88 46.2 33.24 -28.81
4 16 46.2 33.24 -28.81 48.38 33.32 -28.88 48.38 31.18 -31.18 46.2 31.11 -31.11
4 16 46.2 31.11 -31.11 48.38 31.18 -31.18 48.38 28.88 -33.32 46.2 28.81 -33.24
4 16 46.2 28.81 -33.24 48.38 28.88 -33.32 48.38 26.42 -35.3 46.2 26.36 -35.22
4 16 46.2 26.36 -35.22 48.38 26.42 -35.3 48.38 23.84 -37.09 46.2 23.78 -37.01
4 16 46.2 23.78 -37.01 48.38 23.84 -37.09 48.38 21.13 -38.7 46.2 21.08 -38.61
4 16 46.2 21.08 -38.61 48.38 21.13 -38.7 48.38 18.32 -40.11 46.2 18.27 -40.01
4 16 46.2 18.27 -40.01 48.38 18.32 -40.11 48.38 15.41 -41.31 46.2 15.37 -41.22
4 16 46.2 15.37 -41.22 48.38 15.41 -41.31 48.38 12.42 -42.31 46.2 12.39 -42.21
4 16 46.2 12.39 -42.21 48.38 12.42 -42.31 48.38 9.37 -43.09 46.2 9.35 -42.98
4 16 46.2 9.35 -42.98 48.38 9.37 -43.09 48.38 6.28 -43.65 46.2 6.26 -43.54
4 16 46.2 6.26 -43.54 48.38 6.28 -43.65 48.38 3.15 -43.98 46.2 3.14 -43.88
4 16 46.2 3.14 -43.88 48.38 3.15 -43.98 48.38 0 -44.09 46.2 0 -43.99
4 16 44.04 0 43.67 46.2 0 43.99 46.2 3.14 43.88 44.04 3.12 43.56
4 16 44.04 3.12 43.56 46.2 3.14 43.88 46.2 6.26 43.54 44.04 6.22 43.23
4 16 44.04 6.22 43.23 46.2 6.26 43.54 46.2 9.35 42.98 44.04 9.28 42.68
4 16 44.04 9.28 42.68 46.2 9.35 42.98 46.2 12.39 42.21 44.04 12.3 41.91
4 16 44.04 12.3 41.91 46.2 12.39 42.21 46.2 15.37 41.22 44.04 15.26 40.92
4 16 44.04 15.26 40.92 46.2 15.37 41.22 46.2 18.27 40.01 44.04 18.14 39.73
4 16 44.04 18.14 39.73 46.2 18.27 40.01 46.2 21.08 38.61 44.04 20.93 38.33
4 16 44.04 20.93 38.33 46.2 21.08 38.61 46.2 23.78 37.01 44.04 23.61 36.74
4 16 44.04 23.61 36.74 46.2 23.78 37.01 46.2 26.36 35.22 44.04 26.17 34.96
4 16 44.04 26.17 34.96 46.2 26.36 35.22 46.2 28.81 33.24 44.04 28.6 33.01
4 16 44.04 28.6 33.01 46.2 28.81 33.24 46.2 31.11 31.11 44.04 30.88 30.88
4 16 44.04 30.88 30.88 46.2 31.11 31.11 46.2 33.24 28.81 44.04 33.01 28.6
4 16 44.04 33.01 28.6 46.2 33.24 28.81 46.2 35.22 26.36 44.04 34.96 26.17
4 16 44.04 34.96 26.17 46.2 35.22 26.36 46.2 37.01 23.78 44.04 36.74 23.61
4 16 44.04 36.74 23.61 46.2 37.01 23.78 46.2 38.61 21.08 44.04 38.33 20.93
4 16 44.04 38.33 20.93 46.2 38.61 21.08 46.2 40.01 18.27 44.04 39.73 18.14
4 16 44.04 39.73 18.14 46.2 40.01 18.27 46.2 41.22 15.37 44.04 40.92 15.26
4 16 44.04 40.92 15.26 46.2 41.22 15.37 46.2 42.21 12.39 44.04 41.91 12.3
4 16 44.04 41.91 12.3 46.2 42.21 12.39 46.2 42.98 9.35 44.04 42.68 9.28
4 16 44.04 42.68 9.28 46.2 42.98 9.35 46.2 43.54 6.26 44.04 43.23 6.22
4 16 44.04 43.23 6.22 46.2 43.54 6.26 46.2 43.88 3.14 44.04 43.56 3.12
4 16 44.04 43.56 3.12 46.2 43.88 3.14 46.2 43.99 0 44.04 43.67 0
4 16 44.04 43.67 0 46.2 43.99 0 46.2 43.88 -3.14 44.04 43.56 -3.12
4 16 44.04 43.56 -3.12 46.2 43.88 -3.14 46.2 43.54 -6.26 44.04 43.23 -6.22
4 16 44.04 43.23 -6.22 46.2 43.54 -6.26 46.2 42.98 -9.35 44.04 42.68 -9.28
4 16 44.04 42.68 -9.28 46.2 42.98 -9.35 46.2 42.21 -12.39 44.04 41.91 -12.3
4 16 44.04 41.91 -12.3 46.2 42.21 -12.39 46.2 41.22 -15.37 44.04 40.92 -15.26
4 16 44.04 40.92 -15.26 46.2 41.22 -15.37 46.2 40.01 -18.27 44.04 39.73 -18.14
4 16 44.04 39.73 -18.14 46.2 40.01 -18.27 46.2 38.61 -21.08 44.04 38.33 -20.93
4 16 44.04 38.33 -20.93 46.2 38.61 -21.08 46.2 37.01 -23.78 44.04 36.74 -23.61
4 16 44.04 36.74 -23.61 46.2 37.01 -23.78 46.2 35.22 -26.36 44.04 34.96 -26.17
4 16 44.04 34.96 -26.17 46.2 35.22 -26.36 46.2 33.24 -28.81 44.04 33.01 -28.6
4 16 44.04 33.01 -28.6 46.2 33.24 -28.81 46.2 31.11 -31.11 44.04 30.88 -30.88
4 16 44.04 30.88 -30.88 46.2 31.11 -31.11 46.2 28.81 -33.24 44.04 28.6 -33.01
4 16 44.04 28.6 -33.01 46.2 28.81 -33.24 46.2 26.36 -35.22 44.04 26.17 -34.96
4 16 44.04 26.17 -34.96 46.2 26.36 -35.22 46.2 23.78 -37.01 44.04 23.61 -36.74
4 16 44.04 23.61 -36.74 46.2 23.78 -37.01 46.2 21.08 -38.61 44.04 20.93 -38.33
4 16 44.04 20.93 -38.33 46.2 21.08 -38.61 46.2 18.27 -40.01 44.04 18.14 -39.73
4 16 44.04 18.14 -39.73 46.2 18.27 -40.01 46.2 15.37 -41.22 44.04 15.26 -40.92
4 16 44.04 15.26 -40.92 46.2 15.37 -41.22 46.2 12.39 -42.21 44.04 12.3 -41.91
4 16 44.04 12.3 -41.91 46.2 12.39 -42.21 46.2 9.35 -42.98 44.04 9.28 -42.68
4 16 44.04 9.28 -42.68 46.2 9.35 -42.98 46.2 6.26 -43.54 44.04 6.22 -43.23
4 16 44.04 6.22 -43.23 46.2 6.26 -43.54 46.2 3.14 -43.88 44.04 3.12 -43.56
4 16 44.04 3.12 -43.56 46.2 3.14 -43.88 46.2 0 -43.99 44.04 0 -43.67
4 16 41.93 0 43.15 44.04 0 43.67 44.04 3.12 43.56 41.93 3.08 43.04
4 16 41.93 3.08 43.04 44.04 3.12 43.56 44.04 6.22 43.23 41.93 6.14 42.71
4 16 41.93 6.14 42.71 44.04 6.22 43.23 44.04 9.28 42.68 41.93 9.17 42.17
4 16 41.93 9.17 42.17 44.04 9.28 42.68 44.04 12.3 41.91 41.93 12.16 41.41
4 16 41.93 12.16 41.41 44.04 12.3 41.91 44.04 15.26 40.92 41.93 15.08 40.43
4 16 41.93 15.08 40.43 44.04 15.26 40.92 44.04 18.14 39.73 41.93 17.93 39.25
4 16 41.93 17.93 39.25 44.04 18.14 39.73 44.04 20.93 38.33 41.93 20.68 37.87
4 16 41.93 20.68 37.87 44.04 20.93 38.33 44.04 23.61 36.74 41.93 23.33 36.3
4 16 41.93 23.33 36.3 44.04 23.61 36.74 44.04 26.17 34.96 41.93 25.86 34.55
4 16 41.93 25.86 34.55 44.04 26.17 34.96 44.04 28.6 33.01 41.93 28.26 32.61
4 16 41.93 28.26 32.61 44.04 28.6 33.01 44.04 30.88 30.88 41.93 30.51 30.51
4 16 41.93 30.51 30.51 44.04 30.88 30.88 44.04 33.01 28.6 41.93 32.61 28.26
4 16 41.93 32.61 28.26 44.04 33.01 28.6 44.04 34.96 26.17 41.93 34.55 25.86
4 16 41.93 34.55 25.86 44.04 34.96 26.17 44.04 36.74 23.61 41.93 36.3 23.33
4 16 41.93 36.3 23.33 44.04 36.74 23.61 44.04 38.33 20.93 41.93 37.87 20.68
4 16 41.93 37.87 20.68 44.04 38.33 20.93 44.04 39.73 18.14 41.93 39.25 17.93
4 16 41.93 39.25 17.93 44.04 39.73 18.14 44.04 40.92 15.26 41.93 40.43 15.08
4 16 41.93 40.43 15.08 44.04 40.92 15.26 44.04 41.91 12.3 41.93 41.41 12.16
4 16 41.93 41.41 12.16 44.04 41.91 12.3 44.04 42.68 9.28 41.93 42.17 9.17
4 16 41.93 42.17 9.17 44.04 42.68 9.28 44.04 43.23 6.22 41.93 42.71 6.14
4 16 41.93 42.71 6.14 44.04 43.23 6.22 44.04 43.56 3.12 41.93 43.04 3.08
4 16 41.93 43.04 3.08 44.04 43.56 3.12 44.04 43.67 0 41.93 43.15 0
4 16 41.93 43.15 0 44.04 43.67 0 44.04 43.56 -3.12 41.93 43.04 -3.08
4 16 41.93 43.04 -3.08 44.04 43.56 -3.12 44.04 43.23 -6.22 41.93 42.71 -6.14
4 16 41.93 42.71 -6.14 44.04 43.23 -6.22 44.04 42.68 -9.28 41.93 42.17 -9.17
4 16 41.93 42.17 -9.17 44.04 42.68 -9.28 44.04 41.91 -12.3 41.93 41.41 -12.16
4 16 41.93 41.41 -12.16 44.04 41.91 -12.3 44.04 40.92 -15.26 41.93 40.43 -15.08
4 16 41.93 40.43 -15.08 44.04 40.92 -15.26 44.04 39.73 -18.14 41.93 39.25 -17.93
4 16 41.93 39.25 -17.93 44.04 39.73 -18.14 44.04 38.33 -20.93 41.93 37.87 -20.68
4 16 41.93 37.87 -20.68 44.04 38.33 -20.93 44.04 36.74 -23.61 41.93 36.3 -23.33
4 16 41.93 36.3 -23.33 44.04 36.74 -23.61 44.04 34.96 -26.17 41.93 34.55 -25.86
4 16 41.93 34.55 -25.86 44.04 34.96 -26.17 44.04 33.01 -28.6 41.93 32.61 -28.26
4 16 41.93 32.61 -28.26 44.04 33.01 -28.6 44.04 30.88 -30.88 41.93 30.51 -30.51
4 16 41.93 30.51 -30.51 44.04 30.88 -30.88 44.04 28.6 -33.01 41.93 28.26 -32.61
4 16 41.93 28.26 -32.61 44.04 28.6 -33.01 44.04 26.17 -34.96 41.93 25.86 -34.55
4 16 41.93 25.86 -34.55 44.04 26.17 -34.96 44.04 23.61 -36.74 41.93 23.33 -36.3
4 16 41.93 23.33 -36.3 44.04 23.61 -36.74 44.04 20.93 -38.33 41.93 20.68 -37.87
4 16 41.93 20.68 -37.87 44.04 20.93 -38.33 44.04 18.14 -39.73 41.93 17.93 -39.25
4 16 41.93 17.93 -39.25 44.04 18.14 -39.73 44.04 15.26 -40.92 41.93 15.08 -40.43
4 16 41.93 15.08 -40.43 44.04 15.26 -40.92 44.04 12.3 -41.91 41.93 12.16 -41.41
4 16 41.93 12.16 -41.41 44.04 12.3 -41.91 44.04 9.28 -42.68 41.93 9.17 -42.17
4 16 41.93 9.17 -42.17 44.04 9.28 -42.68 44.04 6.22 -43.23 41.93 6.14 -42.71
4 16 41.93 6.14 -42.71 44.04 6.22 -43.23 44.04 3.12 -43.56 41.93 3.08 -43.04
4 16 41.93 3.08 -43.04 44.04 3.12 -43.56 44.04 0 -43.67 41.93 0 -43.15
4 16 39.87 0 42.43 41.93 0 43.15 41.93 3.08 43.04 39.87 3.03 42.32
4 16 39.87 3.03 42.32 41.93 3.08 43.04 41.93 6.14 42.71 39.87 6.04 42
4 16 39.87 6.04 42 41.93 6.14 42.71 41.93 9.17 42.17 39.87 9.02 41.46
4 16 39.87 9.02 41.46 41.93 9.17 42.17 41.93 12.16 41.41 39.87 11.95 40.71
4 16 39.87 11.95 40.71 41.93 12.16 41.41 41.93 15.08 40.43 39.87 14.83 39.76
4 16 39.87 14.83 39.76 41.93 15.08 40.43 41.93 17.93 39.25 39.87 17.63 38.6
4 16 39.87 17.63 38.6 41.93 17.93 39.25 41.93 20.68 37.87 39.87 20.33 37.24
4 16 39.87 20.33 37.24 41.93 20.68 37.87 41.93 23.33 36.3 39.87 22.94 35.69
4 16 39.87 22.94 35.69 41.93 23.33 36.3 41.93 25.86 34.55 39.87 25.43 33.97
4 16 39.87 25.43 33.97 41.93 25.86 34.55 41.93 28.26 32.61 39.87 27.79 32.07
4 16 39.87 27.79 32.07 41.93 28.26 32.61 41.93 30.51 30.51 39.87 30 30
4 16 39.87 30 30 41.93 30.51 30.51 41.93 32.61 28.26 39.87 32.07 27.79
4 16 39.87 32.07 27.79 41.93 32.61 28.26 41.93 34.55 25.86 39.87 33.97 25.43
4 16 39.87 33.97 25.43 41.93 34.55 25.86 41.93 36.3 23.33 39.87 35.69 22.94
4 16 39.87 35.69 22.94 41.93 36.3 23.33 41.93 37.87 20.68 39.87 37.24 20.33
4 16 39.87 37.24 20.33 41.93 37.87 20.68 41.93 39.25 17.93 39.87 38.6 17.63
4 16 39.87 38.6 17.63 41.93 39.25 17.93 41.93 40.43 15.08 39.87 39.76 14.83
4 16 39.87 39.76 14.83 41.93 40.43 15.08 41.93 41.41 12.16 39.87 40.71 11.95
4 16 39.87 40.71 11.95 41.93 41.41 12.16 41.93 42.17 9.17 39.87 41.46 9.02
4 16 39.87 41.46 9.02 41.93 42.17 9.17 41.93 42.71 6.14 39.87 42 6.04
4 16 39.87 42 6.04 41.93 42.71 6.14 41.93 43.04 3.08 39.87 42.32 3.03
4 16 39.87 42.32 3.03 41.93 43.04 3.08 41.93 43.15 0 39.87 42.43 0
4 16 39.87 42.43 0 41.93 43.15 0 41.93 43.04 -3.08 39.87 42.32 -3.03
4 16 39.87 42.32 -3.03 41.93 43.04 -3.08 41.93 42.71 -6.14 39.87 42 -6.04
4 16 39.87 42 -6.04 41.93 42.71 -6.14 41.93 42.17 -9.17 39.87 41.46 -9.02
4 16 39.87 41.46 -9.02 41.93 42.17 -9.17 41.93 41.41 -12.16 39.87 40.71 -11.95
4 16 39.87 40.71 -11.95 41.93 41.41 -12.16 41.93 40.43 -15.08 39.87 39.76 -14.83
4 16 39.87 39.76 -14.83 41.93 40.43 -15.08 41.93 39.25 -17.93 39.87 38.6 -17.63
4 16 39.87 38.6 -17.63 41.93 39.25 -17.93 41.93 37.87 -20.68 39.87 37.24 -20.33
4 16 39.87 37.24 -20.33 41.93 37.87 -20.68 41.93 36.3 -23.33 39.87 35.69 -22.94
4 16 39.87 35.69 -22.94 41.93 36.3 -23.33 41.93 34.55 -25.86 39.87 33.97 -25.43
4 16 39.87 33.97 -25.43 41.93 34.55 -25.86 41.93 32.61 -28.26 39.87 32.07 -27.79
4 16 39.87 32.07 -27.79 41.93 32.61 -28.26 41.93 30.51 -30.51 39.87 30 -30
4 16 39.87 30 -30 41.93 30.51 -30.51 41.93 28.26 -32.61 39.87 27.79 -32.07
4 16 39.87 27.79 -32.07 41.93 28.26 -32.61 41.93 25.86 -34.55 39.87 25.43 -33.97
4 16 39.87 25.43 -33.97 41.93 25.86 -34.55 41.93 23.33 -36.3 39.87 22.94 -35.69
4 16 39.87 22.94 -35.69 41.93 23.33 -36.3 41.93 20.68 -37.87 39.87 20.33 -37.24
4 16 39.87 20.33 -37.24 41.93 20.68 -37.87 41.93 17.93 -39.25 39.87 17.63 -38.6
4 16 39.87 17.63 -38.6 41.93 17.93 -39.25 41.93 15.08 -40.43 39.87 14.83 -39.76
4 16 39.87 14.83 -39.76 41.93 15.08 -40.43 41.93 12.16 -41.41 39.87 11.95 -40.71
4 16 39.87 11.95 -40.71 41.93 12.16 -41.41 41.93 9.17 -42.17 39.87 9.02 -41.46
4 16 39.87 9.02 -41.46 41.93 9.17 -42.17 41.93 6.14 -42.71 39.87 6.04 -42
4 16 39.87 6.04 -42 41.93 6.14 -42.71 41.93 3.08 -43.04 39.87 3.03 -42.32
4 16 39.87 3.03 -42.32 41.93 3.08 -43.04 41.93 0 -43.15 39.87 0 -42.43
4 16 37.89 0 41.51 39.87 0 42.43 39.87 3.03 42.32 37.89 2.96 41.41
4 16 37.89 2.96 41.41 39.87 3.03 42.32 39.87 6.04 42 37.89 5.91 41.09
4 16 37.89 5.91 41.09 39.87 6.04 42 39.87 9.02 41.46 37.89 8.82 40.56
4 16 37.89 8.82 40.56 39.87 9.02 41.46 39.87 11.95 40.71 37.89 11.7 39.83
4 16 37.89 11.7 39.83 39.87 11.95 40.71 39.87 14.83 39.76 37.89 14.51 38.9
4 16 37.89 14.51 38.9 39.87 14.83 39.76 39.87 17.63 38.6 37.89 17.24 37.76
4 16 37.89 17.24 37.76 39.87 17.63 38.6 39.87 20.33 37.24 37.89 19.89 36.43
4 16 37.89 19.89 36.43 39.87 20.33 37.24 39.87 22.94 35.69 37.89 22.44 34.92
4 16 37.89 22.44 34.92 39.87 22.94 35.69 39.87 25.43 33.97 37.89 24.88 33.23
4 16 37.89 24.88 33.23 39.87 25.43 33.97 39.87 27.79 32.07 37.89 27.18 31.37
4 16 37.89 27.18 31.37 39.87 27.79 32.07 39.87 30 30 37.89 29.35 29.35
4 16 37.89 29.35 29.35 39.87 30 30 39.87 32.07 27.79 37.89 31.37 27.18
4 16 37.89 31.37 27.18 39.87 32.07 27.79 39.87 33.97 25.43 37.89 33.23 24.88
4 16 37.89 33.23 24.88 39.87 33.97 25.43 39.87 35.69 22.94 37.89 34.92 22.44
4 16 37.89 34.92 22.44 39.87 35.69 22.94 39.87 37.24 20.33 37.89 36.43 19.89
4 16 37.89 36.43 19.89 39.87 37.24 20.33 39.87 38.6 17.63 37.89 37.76 17.24
4 16 37.89 37.76 17.24 39.87 38.6 17.63 39.87 39.76 14.83 37.89 38.9 14.51
4 16 37.89 38.9 14.51 39.87 39.76 14.83 39.87 40.71 11.95 37.89 39.83 11.7
4 16 37.89 39.83 11.7 39.87 40.71 11.95 39.87 41.46 9.02 37.89 40.56 8.82
4 16 37.89 40.56 8.82 39.87 41.46 9.02 39.87 42 6.04 37.89 41.09 5.91
4 16 37.89 41.09 5.91 39.87 42 6.04 39.87 42.32 3.03 37.89 41.41 2.96
4 16 37.89 41.41 2.96 39.87 42.32 3.03 39.87 42.43 0 37.89 41.51 0
4 16 37.89 41.51 0 39.87 42.43 0 39.87 42.32 -3.03 37.89 41.41 -2.96
4 16 37.89 41.41 -2.96 39.87 42.32 -3.03 39.87 42 -6.04 37.89 41.09 -5.91
4 16 37.89 41.09 -5.91 39.87 42 -6.04 39.87 41.46 -9.02 37.89 40.56 -8.82
4 16 37.89 40.56 -8.82 39.87 41.46 -9.02 39.87 40.71 -11.95 37.89 39.83 -11.7
4 16 37.89 39.83 -11.7 39.87 40.71 -11.95 39.87 39.76 -14.83 37.89 38.9 -14.51
4 16 37.89 38.9 -14.51 39.87 39.76 -14.83 39.87 38.6 -17.63 37.89 37.76 -17.24
4 16 37.89 37.76 -17.24 39.87 38.6 -17.63 39.87 37.24 -20.33 37.89 36.43 -19.89
4 16 37.89 36.43 -19.89 39.87 37.24 -20.33 39.87 35.69 -22.94 37.89 34.92 -22.44
4 16 37.89 34.92 -22.44 39.87 35.69 -22.94 39.87 33.97 -25.43 37.89 33.23 -24.88
4 16 37.89 33.23 -24.88 39.87 33.97 -25.43 39.87 32.07 -27.79 37.89 31.37 -27.18
4 16 37.89 31.37 -27.18 39.87 32.07 -27.79 39.87 30 -30 37.89 29.35 -29.35
4 16 37.89 29.35 -29.35 39.87 30 -30 39.87 27.79 -32.07 37.89 27.18 -31.37
4 16 37.89 27.18 -31.37 39.87 27.79 -32.07 39.87 25.43 -33.97 37.89 24.88 -33.23
4 16 37.89 24.88 -33.23 39.87 25.43 -33.97 39.87 22.94 -35.69 37.89 22.44 -34.92
4 16 37.89 22.44 -34.92 39.87 22.94 -35.69 39.87 20.33 -37.24 37.89 19.89 -36.43
4 16 37.89 19.89 -36.43 39.87 20.33 -37.24 39.87 17.63 -38.6 37.89 17.24 -37.76
4 16 37.89 17.24 -37.76 39.87 17.63 -38.6 39.87 14.83 -39.76 37.89 14.51 -38.9
4 16 37.89 14.51 -38.9 39.87 14.83 -39.76 39.87 11.95 -40.71 37.89 11.7 -39.83
4 16 37.89 11.7 -39.83 39.87 11.95 -40.71 39.87 9.02 -41.46 37.89 8.82 -40.56
4 16 37.89 8.82 -40.56 39.87 9.02 -41.46 39.87 6.04 -42 37.89 5.91 -41.09
4 16 37.89 5.91 -41.09 39.87 6.04 -42 39.87 3.03 -42.32 37.89 2.96 -41.41
4 16 37.89 2.96 -41.41 39.87 3.03 -42.32 39.87 0 -42.43 37.89 0 -41.51
4 16 36.01 0 40.41 37.89 0 41.51 37.89 2.96 41.41 36.01 2.88 40.31
4 16 36.01 2.88 40.31 37.89 2.96 41.41 37.89 5.91 41.09 36.01 5.75 40
4 16 36.01 5.75 40 37.89 5.91 41.09 37.89 8.82 40.56 36.01 8.59 39.48
4 16 36.01 8.59 39.48 37.89 8.82 40.56 37.89 11.7 39.83 36.01 11.38 38.77
4 16 36.01 11.38 38.77 37.89 11.7 39.83 37.89 14.51 38.9 36.01 14.12 37.86
4 16 36.01 14.12 37.86 37.89 14.51 38.9 37.89 17.24 37.76 36.01 16.79 36.76
4 16 36.01 16.79 36.76 37.89 17.24 37.76 37.89 19.89 36.43 36.01 19.37 35.47
4 16 36.01 19.37 35.47 37.89 19.89 36.43 37.89 22.44 34.92 36.01 21.85 33.99
4 16 36.01 21.85 33.99 37.89 22.44 34.92 37.89 24.88 33.23 36.01 24.22 32.35
4 16 36.01 24.22 32.35 37.89 24.88 33.23 37.89 27.18 31.37 36.01 26.46 30.54
4 16 36.01 26.46 30.54 37.89 27.18 31.37 37.89 29.35 29.35 36.01 28.57 28.57
4 16 36.01 28.57 28.57 37.89 29.35 29.35 37.89 31.37 27.18 36.01 30.54 26.46
4 16 36.01 30.54 26.46 37.89 31.37 27.18 37.89 33.23 24.88 36.01 32.35 24.22
4 16 36.01 32.35 24.22 37.89 33.23 24.88 37.89 34.92 22.44 36.01 33.99 21.85
4 16 36.01 33.99 21.85 37.89 34.92 22.44 37.89 36.43 19.89 36.01 35.47 19.37
4 16 36.01 35.47 19.37 37.89 36.43 19.89 37.89 37.76 17.24 36.01 36.76 16.79
4 16 36.01 36.76 16.79 37.89 37.76 17.24 37.89 38.9 14.51 36.01 37.86 14.12
4 16 36.01 37.86 14.12 37.89 38.9 14.51 37.89 39.83 11.7 36.01 38.77 11.38
4 16 36.01 38.77 11.38 37.89 39.83 11.7 37.89 40.56 8.82 36.01 39.48 8.59
4 16 36.01 39.48 8.59 37.89 40.56 8.82 37.89 41.09 5.91 36.01 40 5.75
4 16 36.01 40 5.75 37.89 41.09 5.91 37.89 41.41 2.96 36.01 40.31 2.88
4 16 36.01 40.31 2.88 37.89 41.41 2.96 37.89 41.51 0 36.01 40.41 0
4 16 36.01 40.41 0 37.89 41.51 0 37.89 41.41 -2.96 36.01 40.31 -2.88
4 16 36.01 40.31 -2.88 37.89 41.41 -2.96 37.89 41.09 -5.91 36.01 40 -5.75
4 16 36.01 40 -5.75 37.89 41.09 -5.91 37.89 40.56 -8.82 36.01 39.48 -8.59
4 16 36.01 39.48 -8.59 37.89 40.56 -8.82 37.89 39.83 -11.7 36.01 38.77 -11.38
4 16 36.01 38.77 -11.38 37.89 39.83 -11.7 37.89 38.9 -14.51 36.01 37.86 -14.12
4 16 36.01 37.86 -14.12 37.89 38.9 -14.51 37.89 37.76 -17.24 36.01 36.76 -16.79
4 16 36.01 36.76 -16.79 37.89 37.76 -17.24 37.89 36.43 -19.89 36.01 35.47 -19.37
4 16 36.01 35.47 -19.37 37.89 36.43 -19.89 37.89 34.92 -22.44 36.01 33.99 -21.85
4 16 36.01 33.99 -21.85 37.89 34.92 -22.44 37.89 33.23 -24.88 36.01 32.35 -24.22
4 16 36.01 32.35 -24.22 37.89 33.23 -24.88 37.89 31.37 -27.18 36.01 30.54 -26.46
4 16 36.01 30.54 -26.46 37.89 31.37 -27.18 37.89 29.35 -29.35 36.01 28.57 -28.57
4 16 36.01 28.57 -28.57 37.89 29.35 -29.35 37.89 27.18 -31.37 36.01 26.46 -30.54
4 16 36.01 26.46 -30.54 37.89 27.18 -31.37 37.89 24.88 -33.23 36.01 24.22 -32.35
4 16 36.01 24.22 -32.35 37.89 24.88 -33.23 37.89 22.44 -34.92 36.01 21.85 -33.99
4 16 36.01 21.85 -33.99 37.89 22.44 -34.92 37.89 19.89 -36.43 36.01 19.37 -35.47
4 16 36.01 19.37 -35.47 37.89 19.89 -36.43 37.89 17.24 -37.76 36.01 16.79 -36.76
4 16 36.01 16.79 -36.76 37.89 17.24 -37.76 37.89 14.51 -38.9 36.01 14.12 -37.86
4 16 36.01 14.12 -37.86 37.89 14.51 -38.9 37.89 11.7 -39.83 36.01 11.38 -38.77
4 16 36.01 11.38 -38.77 37.89 11.7 -39.83 37.89 8.82 -40.56 36.01 8.59 -39.48
4 16 36.01 8.59 -39.48 37.89 8.82 -40.56 37.89 5.91 -41.09 36.01 5.75 -40
4 16 36.01 5.75 -40 37.89 5.91 -41.09 37.89 2.96 -41.41 36.01 2.88 -40.31
4 16 36.01 2.88 -40.31 37.89 2.96 -41.41 37.89 0 -41.51 36.01 0 -40.41
4 16 34.25 0 39.13 36.01 0 40.41 36.01 2.88 40.31 34.25 2.79 39.03
4 16 34.25 2.79 39.03 36.01 2.88 40.31 36.01 5.75 40 34.25 5.57 38.73
4 16 34.25 5.57 38.73 36.01 5.75 40 36.01 8.59 39.48 34.25 8.32 38.23
4 16 34.25 8.32 38.23 36.01 8.59 39.48 36.01 11.38 38.77 34.25 11.02 37.54
4 16 34.25 11.02 37.54 36.01 11.38 38.77 36.01 14.12 37.86 34.25 13.67 36.66
4 16 34.25 13.67 36.66 36.01 14.12 37.86 36.01 16.79 36.76 34.25 16.25 35.59
4 16 34.25 16.25 35.59 36.01 16.79 36.76 36.01 19.37 35.47 34.25 18.75 34.34
4 16 34.25 18.75 34.34 36.01 19.37 35.47 36.01 21.85 33.99 34.25 21.15 32.92
4 16 34.25 21.15 32.92 36.01 21.85 33.99 36.01 24.22 32.35 34.25 23.45 31.32
4 16 34.25 23.45 31.32 36.01 24.22 32.35 36.01 26.46 30.54 34.25 25.62 29.57
4 16 34.25 25.62 29.57 36.01 26.46 30.54 36.01 28.57 28.57 34.25 27.67 27.67
4 16 34.25 27.67 27.67 36.01 28.57 28.57 36.01 30.54 26.46 34.25 29.57 25.62
4 16 34.25 29.57 25.62 36.01 30.54 26.46 36.01 32.35 24.22 34.25 31.32 23.45
4 16 34.25 31.32 23.45 36.01 32.35 24.22 36.01 33.99 21.85 34.25 32.92 21.15
4 16 34.25 32.92 21.15 36.01 33.99 21.85 36.01 35.47 19.37 34.25 34.34 18.75
4 16 34.25 34.34 18.75 36.01 35.47 19.37 36.01 36.76 16.79 34.25 35.59 16.25
4 16 34.25 35.59 16.25 36.01 36.76 16.79 36.01 37.86 14.12 34.25 36.66 13.67
4 16 34.25 36.66 13.67 36.01 37.86 14.12 36.01 38.77 11.38 34.25 37.54 11.02
4 16 34.25 37.54 11.02 36.01 38.77 11.38 36.01 39.48 8.59 34.25 38.23 8.32
4 16 34.25 38.23 8.32 36.01 39.48 8.59 36.01 40 5.75 34.25 38.73 5.57
4 16 34.25 38.73 5.57 36.01 40 5.75 36.01 40.31 2.88 34.25 39.03 2.79
4 16 34.25 39.03 2.79 36.01 40.31 2.88 36.01 40.41 0 34.25 39.13 0
4 16 34.25 39.13 0 36.01 40.41 0 36.01 40.31 -2.88 34.25 39.03 -2.79
4 16 34.25 39.03 -2.79 36.01 40.31 -2.88 36.01 40 -5.75 34.25 38.73 -5.57
4 16 34.25 38.73 -5.57 36.01 40 -5.75 36.01 39.48 -8.59 34.25 38.23 -8.32
4 16 34.25 38.23 -8.32 36.01 39.48 -8.59 36.01 38.77 -11.38 34.25 37.54 -11.02
4 16 34.25 37.54 -11.02 36.01 38.77 -11.38 36.01 37.86 -14.12 34.25 36.66 -13.67
4 16 34.25 36.66 -13.67 36.01 37.86 -14.12 36.01 36.76 -16.79 34.25 35.59 -16.25
4 16 34.25 35.59 -16.25 36.01 36.76 -16.79 36.01 35.47 -19.37 34.25 34.34 -18.75
4 16 34.25 34.34 -18.75 36.01 35.47 -19.37 36.01 33.99 -21.85 34.25 32.92 -21.15
4 16 34.25 32.92 -21.15 36.01 33.99 -21.85 36.01 32.35 -24.22 34.25 31.32 -23.45
4 16 34.25 31.32 -23.45 36.01 32.35 -24.22 36.01 30.54 -26.46 34.25 29.57 -25.62
4 16 34.25 29.57 -25.62 36.01 30.54 -26.46 36.01 28.57 -28.57 34.25 27.67 -27.67
4 16 34.25 27.67 -27.67 36.01 28.57 -28.57 36.01 26.46 -30.54 34.25 25.62 -29.57
4 16 34.25 25.62 -29.57 36.01 26.46 -30.54 36.01 24.22 -32.35 34.25 23.45 -31.32
4 16 34.25 23.45 -31.32 36.01 24.22 -32.35 36.01 21.85 -33.99 34.25 21.15 -32.92
4 16 34.25 21.15 -32.92 36.01 21.85 -33.99 36.01 19.37 -35.47 34.25 18.75 -34.34
4 16 34.25 18.75 -34.34 36.01 19.37 -35.47 36.01 16.79 -36.76 34.25 16.25 -35.59
4 16 34.25 16.25 -35.59 36.01 16.79 -36.76 36.01 14.12 -37.86 34.25 13.67 -36.66
4 16 34.25 13.67 -36.66 36.01 14.12 -37.86 36.01 11.38 -38.77 34.25 11.02 -37.54
4 16 34.25 11.02 -37.54 36.01 11.38 -38.77 36.01 8.59 -39.48 34.25 8.32 -38.23
4 16 34.25 8.32 -38.23 36.01 8.59 -39.48 36.01 5.75 -40 34.25 5.57 -38.73
4 16 34.25 5.57 -38.73 36.01 5.75 -40 36.01 2.88 -40.31 34.25 2.79 -39.03
4 16 34.25 2.79 -39.03 36.01 2.88 -40.31 36.01 0 -40.41 34.25 0 -39.13
4 16 32.62 0 37.68 34.25 0 39.13 34.25 2.79 39.03 32.62 2.69 37.59
4 16 32.62 2.69 37.59 34.25 2.79 39.03 34.25 5.57 38.73 32.62 5.36 37.3
4 16 32.62 5.36 37.3 34.25 5.57 38.73 34.25 8.32 38.23 32.62 8.01 36.82
4 16 32.62 8.01 36.82 34.25 8.32 38.23 34.25 11.02 37.54 32.62 10.62 36.16
4 16 32.62 10.62 36.16 34.25 11.02 37.54 34.25 13.67 36.66 32.62 13.17 35.31
4 16 32.62 13.17 35.31 34.25 13.67 36.66 34.25 16.25 35.59 32.62 15.65 34.28
4 16 32.62 15.65 34.28 34.25 16.25 35.59 34.25 18.75 34.34 32.62 18.06 33.07
4 16 32.62 18.06 33.07 34.25 18.75 34.34 34.25 21.15 32.92 32.62 20.37 31.7
4 16 32.62 20.37 31.7 34.25 21.15 32.92 34.25 23.45 31.32 32.62 22.58 30.17
4 16 32.62 22.58 30.17 34.25 23.45 31.32 34.25 25.62 29.57 32.62 24.68 28.48
4 16 32.62 24.68 28.48 34.25 25.62 29.57 34.25 27.67 27.67 32.62 26.65 26.65
4 16 32.62 26.65 26.65 34.25 27.67 27.67 34.25 29.57 25.62 32.62 28.48 24.68
4 16 32.62 28.48 24.68 34.25 29.57 25.62 34.25 31.32 23.45 32.62 30.17 22.58
4 16 32.62 30.17 22.58 34.25 31.32 23.45 34.25 32.92 21.15 32.62 31.7 20.37
4 16 32.62 31.7 20.37 34.25 32.92 21.15 34.25 34.34 18.75 32.62 33.07 18.06
4 16 32.62 33.07 18.06 34.25 34.34 18.75 34.25 35.59 16.25 32.62 34.28 15.65
4 16 32.62 34.28 15.65 34.25 35.59 16.25 34.25 36.66 13.67 32.62 35.31 13.17
4 16 32.62 35.31 13.17 34.25 36.66 13.67 34.25 37.54 11.02 32.62 36.16 10.62
4 16 32.62 36.16 10.62 34.25 37.54 11.02 34.25 38.23 8.32 32.62 36.82 8.01
4 16 32.62 36.82 8.01 34.25 38.23 8.32 34.25 38.73 5.57 32.62 37.3 5.36
4 16 32.62 37.3 5.36 34.25 38.73 5.57 34.25 39.03 2.79 32.62 37.59 2.69
4 16 32.62 37.59 2.69 34.25 39.03 2.79 34.25 39.13 0 32.62 37.68 0
4 16 32.62 37.68 0 34.25 39.13 0 34.25 39.03 -2.79 32.62 37.59 -2.69
4 16 32.62 37.59 -2.69 34.25 39.03 -2.79 34.25 38.73 -5.57 32.62 37.3 -5.36
4 16 32.62 37.3 -5.36 34.25 38.73 -5.57 34.25 38.23 -8.32 32.62 36.82 -8.01
4 16 32.62 36.82 -8.01 34.25 38.23 -8.32 34.25 37.54 -11.02 32.62 36.16 -10.62
4 16 32.62 36.16 -10.62 34.25 37.54 -11.02 34.25 36.66 -13.67 32.62 35.31 -13.17
4 16 32.62 35.31 -13.17 34.25 36.66 -13.67 34.25 35.59 -16.25 32.62 34.28 -15.65
4 16 32.62 34.28 -15.65 34.25 35.59 -16.25 34.25 34.34 -18.75 32.62 33.07 -18.06
4 16 32.62 33.07 -18.06 34.25 34.34 -18.75 34.25 32.92 -21.15 32.62 31.7 -20.37
4 16 32.62 31.7 -20.37 34.25 32.92 -21.15 34.25 31.32 -23.45 32.62 30.17 -22.58
4 16 32.62 30.17 -22.58 34.25 31.32 -23.45 34.25 29.57 -25.62 32.62 28.48 -24.68
4 16 32.62 28.48 -24.68 34.25 29.57 -25.62 34.25 27.67 -27.67 32.62 26.65 -26.65
4 16 32.62 26.65 -26.65 34.25 27.67 -27.67 34.25 25.62 -29.57 32.62 24.68 -28.48
4 16 32.62 24.68 -28.48 34.25 25.62 -29.57 34.25 23.45 -31.32 32.62 22.58 -30.17
4 16 32.62 22.58 -30.17 34.25 23.45 -31.32 34.25 21.15 -32.92 32.62 20.37 -31.7
4 16 32.62 20.37 -31.7 34.25 21.15 -32.92 34.25 18.75 -34.34 32.62 18.06 -33.07
4 16 32.62 18.06 -33.07 34.25 18.75 -34.34 34.25 16.25 -35.59 32.62 15.65 -34.28
4 16 32.62 15.65 -34.28 34.25 16.25 -35.59 34.25 13.67 -36.66 32.62 13.17 -35.31
4 16 32.62 13.17 -35.31 34.25 13.67 -36.66 34.25 11.02 -37.54 32.62 10.62 -36.16
4 16 32.62 10.62 -36.16 34.25 11.02 -37.54 34.25 8.32 -38.23 32.62 8.01 -36.82
4 16 32.62 8.01 -36.82 34.25 8.32 -38.23 34.25 5.57 -38.73 32.62 5.36 -37.3
4 16 32.62 5.36 -37.3 34.25 5.57 -38.73 34.25 2.79 -39.03 32.62 2.69 -37.59
4 16 32.62 2.69 -37.59 34.25 2.79 -39.03 34.25 0 -39.13 32.62 0 -37.68
4 16 31.13 0 36.09 32.62 0 37.68 32.62 2.69 37.59 31.13 2.57 36
4 16 31.13 2.57 36 32.62 2.69 37.59 32.62 5.36 37.3 31.13 5.14 35.72
4 16 31.13 5.14 35.72 32.62 5.36 37.3 32.62 8.01 36.82 31.13 7.67 35.26
4 16 31.13 7.67 35.26 32.62 8.01 36.82 32.62 10.62 36.16 31.13 10.17 34.63
4 16 31.13 10.17 34.63 32.62 10.62 36.16 32.62 13.17 35.31 31.13 12.61 33.81
4 16 31.13 12.61 33.81 32.62 13.17 35.31 32.62 15.65 34.28 31.13 14.99 32.83
4 16 31.13 14.99 32.83 32.62 15.65 34.28 32.62 18.06 33.07 31.13 17.3 31.67
4 16 31.13 17.3 31.67 32.62 18.06 33.07 32.62 20.37 31.7 31.13 19.51 30.36
4 16 31.13 19.51 30.36 32.62 20.37 31.7 32.62 22.58 30.17 31.13 21.63 28.89
4 16 31.13 21.63 28.89 32.62 22.58 30.17 32.62 24.68 28.48 31.13 23.63 27.27
4 16 31.13 23.63 27.27 32.62 24.68 28.48 32.62 26.65 26.65 31.13 25.52 25.52
4 16 31.13 25.52 25.52 32.62 26.65 26.65 32.62 28.48 24.68 31.13 27.27 23.63
4 16 31.13 27.27 23.63 32.62 28.48 24.68 32.62 30.17 22.58 31.13 28.89 21.63
4 16 31.13 28.89 21.63 32.62 30.17 22.58 32.62 31.7 20.37 31.13 30.36 19.51
4 16 31.13 30.36 19.51 32.62 31.7 20.37 32.62 33.07 18.06 31.13 31.67 17.3
4 16 31.13 31.67 17.3 32.62 33.07 18.06 32.62 34.28 15.65 31.13 32.83 14.99
4 16 31.13 32.83 14.99 32.62 34.28 15.65 32.62 35.31 13.17 31.13 33.81 12.61
4 16 31.13 33.81 12.61 32.62 35.31 13.17 32.62 36.16 10.62 31.13 34.63 10.17
4 16 31.13 34.63 10.17 32.62 36.16 10.62 32.62 36.82 8.01 31.13 35.26 7.67
4 16 31.13 35.26 7.67 32.62 36.82 8.01 32.62 37.3 5.36 31.13 35.72 5.14
4 16 31.13 35.72 5.14 32.62 37.3 5.36 32.62 37.59 2.69 31.13 36 2.57
4 16 31.13 36 2.57 32.62 37.59 2.69 32.62 37.68 0 31.13 36.09 0
4 16 31.13 36.09 0 32.62 37.68 0 32.62 37.59 -2.69 31.13 36 -2.57
4 16 31.13 36 -2.57 32.62 37.59 -2.69 32.62 37.3 -5.36 31.13 35.72 -5.14
4 16 31.13 35.72 -5.14 32.62 37.3 -5.36 32.62 36.82 -8.01 31.13 35.26 -7.67
4 16 31.13 35.26 -7.67 32.62 36.82 -8.01 32.62 36.16 -10.62 31.13 34.63 -10.17
4 16 31.13 34.63 -10.17 32.62 36.16 -10.62 32.62 35.31 -13.17 31.13 33.81 -12.61
4 16 31.13 33.81 -12.61 32.62 35.31 -13.17 32.62 34.28 -15.65 31.13 32.83 -14.99
4 16 31.13 32.83 -14.99 32.62 34.28 -15.65 32.62 33.07 -18.06 31.13 31.67 -17.3
4 16 31.13 31.67 -17.3 32.62 33.07 -18.06 32.62 31.7 -20.37 31.13 30.36 -19.51
4 16 31.13 30.36 -19.51 32.62 31.7 -20.37 32.62 30.17 -22.58 31.13 28.89 -21.63
4 16 31.13 28.89 -21.63 32.62 30.17 -22.58 32.62 28.48 -24.68 31.13 27.27 -23.63
4 16 31.13 27.27 -23.63 32.62 28.48 -24.68 32.62 26.65 -26.65 31.13 25.52 -25.52
4 16 31.13 25.52 -25.52 32.62 26.65 -26.65 32.62 24.68 -28.48 31.13 23.63 -27.27
4 16 31.13 23.63 -27.27 32.62 24.68 -28.48 32.62 22.58 -30.17 31.13 21.63 -28.89
4 16 31.13 21.63 -28.89 32.62 22.58 -30.17 32.62 20.37 -31.7 31.13 19.51 -30.36
4 16 31.13 19.51 -30.36 32.62 20.37 -31.7 32.62 18.06 -33.07 31.13 17.3 -31.67
4 16 31.13 17.3 -31.67 32.62 18.06 -33.07 32.62 15.65 -34.28 31.13 14.99 -32.83
4 16 31.13 14.99 -32.83 32.62 15.65 -34.28 32.62 13.17 -35.31 31.13 12.61 -33.81
4 16 31.13 12.61 -33.81 32.62 13.17 -35.31 32.62 10.62 -36.16 31.13 10.17 -34.63
4 16 31.13 10.17 -34.63 32.62 10.62 -36.16 32.62 8.01 -36.82 31.13 7.67 -35.26
4 16 31.13 7.67 -35.26 32.62 8.01 -36.82 32.62 5.36 -37.3 31.13 5.14 -35.72
4 16 31.13 5.14 -35.72 32.62 5.36 -37.3 32.62 2.69 -37.59 31.13 2.57 -36
4 16 31.13 2.57 -36 32.62 2.69 -37.59 32.62 0 -37.68 31.13 0 -36.09
4 16 29.81 0 34.36 31.13 0 36.09 31.13 2.57 36 29.81 2.45 34.27
4 16 29.81 2.45 34.27 31.13 2.57 36 31.13 5.14 35.72 29.81 4.89 34.01
4 16 29.81 4.89 34.01 31.13 5.14 35.72 31.13 7.67 35.26 29.81 7.3 33.57
4 16 29.81 7.3 33.57 31.13 7.67 35.26 31.13 10.17 34.63 29.81 9.68 32.97
4 16 29.81 9.68 32.97 31.13 10.17 34.63 31.13 12.61 33.81 29.81 12.01 32.19
4 16 29.81 12.01 32.19 31.13 12.61 33.81 31.13 14.99 32.83 29.81 14.27 31.25
4 16 29.81 14.27 31.25 31.13 14.99 32.83 31.13 17.3 31.67 29.81 16.47 30.15
4 16 29.81 16.47 30.15 31.13 17.3 31.67 31.13 19.51 30.36 29.81 18.57 28.9
4 16 29.81 18.57 28.9 31.13 19.51 30.36 31.13 21.63 28.89 29.81 20.59 27.5
4 16 29.81 20.59 27.5 31.13 21.63 28.89 31.13 23.63 27.27 29.81 22.5 25.97
4 16 29.81 22.5 25.97 31.13 23.63 27.27 31.13 25.52 25.52 29.81 24.29 24.29
4 16 29.81 24.29 24.29 31.13 25.52 25.52 31.13 27.27 23.63 29.81 25.97 22.5
4 16 29.81 25.97 22.5 31.13 27.27 23.63 31.13 28.89 21.63 29.81 27.5 20.59
4 16 29.81 27.5 20.59 31.13 28.89 21.63 31.13 30.36 19.51 29.81 28.9 18.57
4 16 29.81 28.9 18.57 31.13 30.36 19.51 31.13 31.67 17.3 29.81 30.15 16.47
4 16 29.81 30.15 16.47 31.13 31.67 17.3 31.13 32.83 14.99 29.81 31.25 14.27
4 16 29.81 31.25 14.27 31.13 32.83 14.99 31.13 33.81 12.61 29.81 32.19 12.01
4 16 29.81 32.19 12.01 31.13 33.81 12.61 31.13 34.63 10.17 29.81 32.97 9.68
4 16 29.81 32.97 9.68 31.13 34.63 10.17 31.13 35.26 7.67 29.81 33.57 7.3
4 16 29.81 33.57 7.3 31.13 35.26 7.67 31.13 35.72 5.14 29.81 34.01 4.89
4 16 29.81 34.01 4.89 31.13 35.72 5.14 31.13 36 2.57 29.81 34.27 2.45
4 16 29.81 34.27 2.45 31.13 36 2.57 31.13 36.09 0 29.81 34.36 0
4 16 29.81 34.36 0 31.13 36.09 0 31.13 36 -2.57 29.81 34.27 -2.45
4 16 29.81 34.27 -2.45 31.13 36 -2.57 31.13 35.72 -5.14 29.81 34.01 -4.89
4 16 29.81 34.01 -4.89 31.13 35.72 -5.14 31.13 35.26 -7.67 29.81 33.57 -7.3
4 16 29.81 33.57 -7.3 31.13 35.26 -7.67 31.13 34.63 -10.17 29.81 32.97 -9.68
4 16 29.81 32.97 -9.68 31.13 34.63 -10.17 31.13 33.81 -12.61 29.81 32.19 -12.01
4 16 29.81 32.19 -12.01 31.13 33.81 -12.61 31.13 32.83 -14.99 29.81 31.25 -14.27
4 16 29.81 31.25 -14.27 31.13 32.83 -14.99 31.13 31.67 -17.3 29.81 30.15 -16.47
4 16 29.81 30.15 -16.47 31.13 31.67 -17.3 31.13 30.36 -19.51 29.81 28.9 -18.57
4 16 29.81 28.9 -18.57 31.13 30.36 -19.51 31.13 28.89 -21.63 29.81 27.5 -20.59
4 16 29.81 27.5 -20.59 31.13 28.89 -21.63 31.13 27.27 -23.63 29.81 25.97 -22.5
4 16 29.81 25.97 -22.5 31.13 27.27 -23.63 31.13 25.52 -25.52 29.81 24.29 -24.29
4 16 29.81 24.29 -24.29 31.13 25.52 -25.52 31.13 23.63 -27.27 29.81 22.5 -25.97
4 16 29.81 22.5 -25.97 31.13 23.63 -27.27 31.13 21.63 -28.89 29.81 20.59 -27.5
4 16 29.81 20.59 -27.5 31.13 21.63 -28.89 31.13 19.51 -30.36 29.81 18.57 -28.9
4 16 29.81 18.57 -28.9 31.13 19.51 -30.36 31.13 17.3 -31.67 29.81 16.47 -30.15
4 16 29.81 16.47 -30.15 31.13 17.3 -31.67 31.13 14.99 -32.83 29.81 14.27 -31.25
4 16 29.81 14.27 -31.25 31.13 14.99 -32.83 31.13 12.61 -33.81 29.81 12.01 -32.19
4 16 29.81 12.01 -32.19 31.13 12.61 -33.81 31.13 10.17 -34.63 29.81 9.68 -32.97
4 16 29.81 9.68 -32.97 31.13 10.17 -34.63 31.13 7.67 -35.26 29.81 7.3 -33.57
4 16 29.81 7.3 -33.57 31.13 7.67 -35.26 31.13 5.14 -35.72 29.81 4.89 -34.01
4 16 29.81 4.89 -34.01 31.13 5.14 -35.72 31.13 2.57 -36 29.81 2.45 -34.27
4 16 29.81 2.45 -34.27 31.13 2.57 -36 31.13 0 -36.09 29.81 0 -34.36
4 16 46.2 0 -43.99 48.38 0 -44.09 48.38 -3.15 -43.98 46.2 -3.14 -43.88
4 16 46.2 -3.14 -43.88 48.38 -3.15 -43.98 48.38 -6.28 -43.65 46.2 -6.26 -43.54
4 16 46.2 -6.26 -43.54 48.38 -6.28 -43.65 48.38 -9.37 -43.09 46.2 -9.35 -42.98
4 16 46.2 -9.35 -42.98 48.38 -9.37 -43.09 48.38 -12.42 -42.31 46.2 -12.39 -42.21
4 16 46.2 -12.39 -42.21 48.38 -12.42 -42.31 48.38 -15.41 -41.31 46.2 -15.37 -41.22
4 16 46.2 -15.37 -41.22 48.38 -15.41 -41.31 48.38 -18.32 -40.11 46.2 -18.27 -40.01
4 16 46.2 -18.27 -40.01 48.38 -18.32 -40.11 48.38 -21.13 -38.7 46.2 -21.08 -38.61
4 16 46.2 -21.08 -38.61 48.38 -21.13 -38.7 48.38 -23.84 -37.09 46.2 -23.78 -37.01
4 16 46.2 -23.78 -37.01 48.38 -23.84 -37.09 48.38 -26.42 -35.3 46.2 -26.36 -35.22
4 16 46.2 -26.36 -35.22 48.38 -26.42 -35.3 48.38 -28.88 -33.32 46.2 -28.81 -33.24
4 16 46.2 -28.81 -33.24 48.38 -28.88 -33.32 48.38 -31.18 -31.18 46.2 -31.11 -31.11
4 16 46.2 -31.11 -31.11 48.38 -31.18 -31.18 48.38 -33.32 -28.88 46.2 -33.24 -28.81
4 16 46.2 -33.24 -28.81 48.38 -33.32 -28.88 48.38 -35.3 -26.42 46.2 -35.22 -26.36
4 16 46.2 -35.22 -26.36 48.38 -35.3 -26.42 48.38 -37.09 -23.84 46.2 -37.01 -23.78
4 16 46.2 -37.01 -23.78 48.38 -37.09 -23.84 48.38 -38.7 -21.13 46.2 -38.61 -21.08
4 16 46.2 -38.61 -21.08 48.38 -38.7 -21.13 48.38 -40.11 -18.32 46.2 -40.01 -18.27
4 16 46.2 -40.01 -18.27 48.38 -40.11 -18.32 48.38 -41.31 -15.41 46.2 -41.22 -15.37
4 16 46.2 -41.22 -15.37 48.38 -41.31 -15.41 48.38 -42.31 -12.42 46.2 -42.21 -12.39
4 16 46.2 -42.21 -12.39 48.38 -42.31 -12.42 48.38 -43.09 -9.37 46.2 -42.98 -9.35
4 16 46.2 -42.98 -9.35 48.38 -43.09 -9.37 48.38 -43.65 -6.28 46.2 -43.54 -6.26
4 16 46.2 -43.54 -6.26 48.38 -43.65 -6.28 48.38 -43.98 -3.15 46.2 -43.88 -3.14
4 16 46.2 -43.88 -3.14 48.38 -43.98 -3.15 48.38 -44.09 0 46.2 -43.99 0
4 16 46.2 -43.99 0 48.38 -44.09 0 48.38 -43.98 3.15 46.2 -43.88 3.14
4 16 46.2 -43.88 3.14 48.38 -43.98 3.15 48.38 -43.65 6.28 46.2 -43.54 6.26
4 16 46.2 -43.54 6.26 48.38 -43.65 6.28 48.38 -43.09 9.37 46.2 -42.98 9.35
4 16 46.2 -42.98 9.35 48.38 -43.09 9.37 48.38 -42.31 12.42 46.2 -42.21 12.39
4 16 46.2 -42.21 12.39 48.38 -42.31 12.42 48.38 -41.31 15.41 46.2 -41.22 15.37
4 16 46.2 -41.22 15.37 48.38 -41.31 15.41 48.38 -40.11 18.32 46.2 -40.01 18.27
4 16 46.2 -40.01 18.27 48.38 -40.11 18.32 48.38 -38.7 21.13 46.2 -38.61 21.08
4 16 46.2 -38.61 21.08 48.38 -38.7 21.13 48.38 -37.09 23.84 46.2 -37.01 23.78
4 16 46.2 -37.01 23.78 48.38 -37.09 23.84 48.38 -35.3 26.42 46.2 -35.22 26.36
4 16 46.2 -35.22 26.36 48.38 -35.3 26.42 48.38 -33.32 28.88 46.2 -33.24 28.81
4 16 46.2 -33.24 28.81 48.38 -33.32 28.88 48.38 -31.18 31.18 46.2 -31.11 31.11
4 16 46.2 -31.11 31.11 48.38 -31.18 31.18 48.38 -28.88 33.32 46.2 -28.81 33.24
4 16 46.2 -28.81 33.24 48.38 -28.88 33.32 48.38 -26.42 35.3 46.2 -26.36 35.22
4 16 46.2 -26.36 35.22 48.38 -26.42 35.3 48.38 -23.84 37.09 46.2 -23.78 37.01
4 16 46.2 -23.78 37.01 48.38 -23.84 37.09 48.38 -21.13 38.7 46.2 -21.08 38.61
4 16 46.2 -21.08 38.61 48.38 -21.13 38.7 48.38 -18.32 40.11 46.2 -18.27 40.01
4 16 46.2 -18.27 40.01 48.38 -18.32 40.11 48.38 -15.41 41.31 46.2 -15.37 41.22
4 16 46.2 -15.37 41.22 48.38 -15.41 41.31 48.38 -12.42 42.31 46.2 -12.39 42.21
4 16 46.2 -12.39 42.21 48.38 -12.42 42.31 48.38 -9.37 43.09 46.2 -9.35 42.98
4 16 46.2 -9.35 42.98 48.38 -9.37 43.09 48.38 -6.28 43.65 46.2 -6.26 43.54
4 16 46.2 -6.26 43.54 48.38 -6.28 43.65 48.38 -3.15 43.98 46.2 -3.14 43.88
4 16 46.2 -3.14 43.88 48.38 -3.15 43.98 48.38 0 44.09 46.2 0 43.99
4 16 44.04 0 -43.67 46.2 0 -43.99 46.2 -3.14 -43.88 44.04 -3.12 -43.56
4 16 44.04 -3.12 -43.56 46.2 -3.14 -43.88 46.2 -6.26 -43.54 44.04 -6.22 -43.23
4 16 44.04 -6.22 -43.23 46.2 -6.26 -43.54 46.2 -9.35 -42.98 44.04 -9.28 -42.68
4 16 44.04 -9.28 -42.68 46.2 -9.35 -42.98 46.2 -12.39 -42.21 44.04 -12.3 -41.91
4 16 44.04 -12.3 -41.91 46.2 -12.39 -42.21 46.2 -15.37 -41.22 44.04 -15.26 -40.92
4 16 44.04 -15.26 -40.92 46.2 -15.37 -41.22 46.2 -18.27 -40.01 44.04 -18.14 -39.73
4 16 44.04 -18.14 -39.73 46.2 -18.27 -40.01 46.2 -21.08 -38.61 44.04 -20.93 -38.33
4 16 44.04 -20.93 -38.33 46.2 -21.08 -38.61 46.2 -23.78 -37.01 44.04 -23.61 -36.74
4 16 44.04 -23.61 -36.74 46.2 -23.78 -37.01 46.2 -26.36 -35.22 44.04 -26.17 -34.96
4 16 44.04 -26.17 -34.96 46.2 -26.36 -35.22 46.2 -28.81 -33.24 44.04 -28.6 -33.01
4 16 44.04 -28.6 -33.01 46.2 -28.81 -33.24 46.2 -31.11 -31.11 44.04 -30.88 -30.88
4 16 44.04 -30.88 -30.88 46.2 -31.11 -31.11 46.2 -33.24 -28.81 44.04 -33.01 -28.6
4 16 44.04 -33.01 -28.6 46.2 -33.24 -28.81 46.2 -35.22 -26.36 44.04 -34.96 -26.17
4 16 44.04 -34.96 -26.17 46.2 -35.22 -26.36 46.2 -37.01 -23.78 44.04 -36.74 -23.61
4 16 44.04 -36.74 -23.61 46.2 -37.01 -23.78 46.2 -38.61 -21.08 44.04 -38.33 -20.93
4 16 44.04 -38.33 -20.93 46.2 -38.61 -21.08 46.2 -40.01 -18.27 44.04 -39.73 -18.14
4 16 44.04 -39.73 -18.14 46.2 -40.01 -18.27 46.2 -41.22 -15.37 44.04 -40.92 -15.26
4 16 44.04 -40.92 -15.26 46.2 -41.22 -15.37 46.2 -42.21 -12.39 44.04 -41.91 -12.3
4 16 44.04 -41.91 -12.3 46.2 -42.21 -12.39 46.2 -42.98 -9.35 44.04 -42.68 -9.28
4 16 44.04 -42.68 -9.28 46.2 -42.98 -9.35 46.2 -43.54 -6.26 44.04 -43.23 -6.22
4 16 44.04 -43.23 -6.22 46.2 -43.54 -6.26 46.2 -43.88 -3.14 44.04 -43.56 -3.12
4 16 44.04 -43.56 -3.12 46.2 -43.88 -3.14 46.2 -43.99 0 44.04 -43.67 0
4 16 44.04 -43.67 0 46.2 -43.99 0 46.2 -43.88 3.14 44.04 -43.56 3.12
4 16 44.04 -43.56 3.12 46.2 -43.88 3.14 46.2 -43.54 6.26 44.04 -43.23 6.22
4 16 44.04 -43.23 6.22 46.2 -43.54 6.26 46.2 -42.98 9.35 44.04 -42.68 9.28
4 16 44.04 -42.68 9.28 46.2 -42.98 9.35 46.2 -42.21 12.39 44.04 -41.91 12.3
4 16 44.04 -41.91 12.3 46.2 -42.21 12.39 46.2 -41.22 15.37 44.04 -40.92 15.26
4 16 44.04 -40.92 15.26 46.2 -41.22 15.37 46.2 -40.01 18.27 44.04 -39.73 18.14
4 16 44.04 -39.73 18.14 46.2 -40.01 18.27 46.2 -38.61 21.08 44.04 -38.33 20.93
4 16 44.04 -38.33 20.93 46.2 -38.61 21.08 46.2 -37.01 23.78 44.04 -36.74 23.61
4 16 44.04 -36.74 23.61 46.2 -37.01 23.78 46.2 -35.22 26.36 44.04 -34.96 26.17
4 16 44.04 -34.96 26.17 46.2 -35.22 26.36 46.2 -33.24 28.81 44.04 -33.01 28.6
4 16 44.04 -33.01 28.6 46.2 -33.24 28.81 46.2 -31.11 31.11 44.04 -30.88 30.88
4 16 44.04 -30.88 30.88 46.2 -31.11 31.11 46.2 -28.81 33.24 44.04 -28.6 33.01
4 16 44.04 -28.6 33.01 46.2 -28.81 33.24 46.2 -26.36 35.22 44.04 -26.17 34.96
4 16 44.04 -26.17 34.96 46.2 -26.36 35.22 46.2 -23.78 37.01 44.04 -23.61 36.74
4 16 44.04 -23.61 36.74 46.2 -23.78 37.01 46.2 -21.08 38.61 44.04 -20.93 38.33
4 16 44.04 -20.93 38.33 46.2 -21.08 38.61 46.2 -18.27 40.01 44.04 -18.14 39.73
4 16 44.04 -18.14 39.73 46.2 -18.27 40.01 46.2 -15.37 41.22 44.04 -15.26 40.92
4 16 44.04 -15.26 40.92 46.2 -15.37 41.22 46.2 -12.39 42.21 44.04 -12.3 41.91
4 16 44.04 -12.3 41.91 46.2 -12.39 42.21 46.2 -9.35 42.98 44.04 -9.28 42.68
4 16 44.04 -9.28 42.68 46.2 -9.35 42.98 46.2 -6.26 43.54 44.04 -6.22 43.23
4 16 44.04 -6.22 43.23 46.2 -6.26 43.54 46.2 -3.14 43.88 44.04 -3.12 43.56
4 16 44.04 -3.12 43.56 46.2 -3.14 43.88 46.2 0 43.99 44.04 0 43.67
4 16 41.93 0 -43.15 44.04 0 -43.67 44.04 -3.12 -43.56 41.93 -3.08 -43.04
4 16 41.93 -3.08 -43.04 44.04 -3.12 -43.56 44.04 -6.22 -43.23 41.93 -6.14 -42.71
4 16 41.93 -6.14 -42.71 44.04 -6.22 -43.23 44.04 -9.28 -42.68 41.93 -9.17 -42.17
4 16 41.93 -9.17 -42.17 44.04 -9.28 -42.68 44.04 -12.3 -41.91 41.93 -12.16 -41.41
4 16 41.93 -12.16 -41.41 44.04 -12.3 -41.91 44.04 -15.26 -40.92 41.93 -15.08 -40.43
4 16 41.93 -15.08 -40.43 44.04 -15.26 -40.92 44.04 -18.14 -39.73 41.93 -17.93 -39.25
4 16 41.93 -17.93 -39.25 44.04 -18.14 -39.73 44.04 -20.93 -38.33 41.93 -20.68 -37.87
4 16 41.93 -20.68 -37.87 44.04 -20.93 -38.33 44.04 -23.61 -36.74 41.93 -23.33 -36.3
4 16 41.93 -23.33 -36.3 44.04 -23.61 -36.74 44.04 -26.17 -34.96 41.93 -25.86 -34.55
4 16 41.93 -25.86 -34.55 44.04 -26.17 -34.96 44.04 -28.6 -33.01 41.93 -28.26 -32.61
4 16 41.93 -28.26 -32.61 44.04 -28.6 -33.01 44.04 -30.88 -30.88 41.93 -30.51 -30.51
4 16 41.93 -30.51 -30.51 44.04 -30.88 -30.88 44.04 -33.01 -28.6 41.93 -32.61 -28.26
4 16 41.93 -32.61 -28.26 44.04 -33.01 -28.6 44.04 -34.96 -26.17 41.93 -34.55 -25.86
4 16 41.93 -34.55 -25.86 44.04 -34.96 -26.17 44.04 -36.74 -23.61 41.93 -36.3 -23.33
4 16 41.93 -36.3 -23.33 44.04 -36.74 -23.61 44.04 -38.33 -20.93 41.93 -37.87 -20.68
4 16 41.93 -37.87 -20.68 44.04 -38.33 -20.93 44.04 -39.73 -18.14 41.93 -39.25 -17.93
4 16 41.93 -39.25 -17.93 44.04 -39.73 -18.14 44.04 -40.92 -15.26 41.93 -40.43 -15.08
4 16 41.93 -40.43 -15.08 44.04 -40.92 -15.26 44.04 -41.91 -12.3 41.93 -41.41 -12.16
4 16 41.93 -41.41 -12.16 44.04 -41.91 -12.3 44.04 -42.68 -9.28 41.93 -42.17 -9.17
4 16 41.93 -42.17 -9.17 44.04 -42.68 -9.28 44.04 -43.23 -6.22 41.93 -42.71 -6.14
4 16 41.93 -42.71 -6.14 44.04 -43.23 -6.22 44.04 -43.56 -3.12 41.93 -43.04 -3.08
4 16 41.93 -43.04 -3.08 44.04 -43.56 -3.12 44.04 -43.67 0 41.93 -43.15 0
4 16 41.93 -43.15 0 44.04 -43.67 0 44.04 -43.56 3.12 41.93 -43.04 3.08
4 16 41.93 -43.04 3.08 44.04 -43.56 3.12 44.04 -43.23 6.22 41.93 -42.71 6.14
4 16 41.93 -42.71 6.14 44.04 -43.23 6.22 44.04 -42.68 9.28 41.93 -42.17 9.17
4 16 41.93 -42.17 9.17 44.04 -42.68 9.28 44.04 -41.91 12.3 41.93 -41.41 12.16
4 16 41.93 -41.41 12.16 44.04 -41.91 12.3 44.04 -40.92 15.26 41.93 -40.43 15.08
4 16 41.93 -40.43 15.08 44.04 -40.92 15.26 44.04 -39.73 18.14 41.93 -39.25 17.93
4 16 41.93 -39.25 17.93 44.04 -39.73 18.14 44.04 -38.33 20.93 41.93 -37.87 20.68
4 16 41.93 -37.87 20.68 44.04 -38.33 20.93 44.04 -36.74 23.61 41.93 -36.3 23.33
4 16 41.93 -36.3 23.33 44.04 -36.74 23.61 44.04 -34.96 26.17 41.93 -34.55 25.86
4 16 41.93 -34.55 25.86 44.04 -34.96 26.17 44.04 -33.01 28.6 41.93 -32.61 28.26
4 16 41.93 -32.61 28.26 44.04 -33.01 28.6 44.04 -30.88 30.88 41.93 -30.51 30.51
4 16 41.93 -30.51 30.51 44.04 -30.88 30.88 44.04 -28.6 33.01 41.93 -28.26 32.61
4 16 41.93 -28.26 32.61 44.04 -28.6 33.01 44.04 -26.17 34.96 41.93 -25.86 34.55
4 16 41.93 -25.86 34.55 44.04 -26.17 34.96 44.04 -23.61 36.74 41.93 -23.33 36.3
4 16 41.93 -23.33 36.3 44.04 -23.61 36.74 44.04 -20.93 38.33 41.93 -20.68 37.87
4 16 41.93 -20.68 37.87 44.04 -20.93 38.33 44.04 -18.14 39.73 41.93 -17.93 39.25
4 16 41.93 -17.93 39.25 44.04 -18.14 39.73 44.04 -15.26 40.92 41.93 -15.08 40.43
4 16 41.93 -15.08 40.43 44.04 -15.26 40.92 44.04 -12.3 41.91 41.93 -12.16 41.41
4 16 41.93 -12.16 41.41 44.04 -12.3 41.91 44.04 -9.28 42.68 41.93 -9.17 42.17
4 16 41.93 -9.17 42.17 44.04 -9.28 42.68 44.04 -6.22 43.23 41.93 -6.14 42.71
4 16 41.93 -6.14 42.71 44.04 -6.22 43.23 44.04 -3.12 43.56 41.93 -3.08 43.04
4 16 41.93 -3.08 43.04 44.04 -3.12 43.56 44.04 0 43.67 41.93 0 43.15
4 16 39.87 0 -42.43 41.93 0 -43.15 41.93 -3.08 -43.04 39.87 -3.03 -42.32
4 16 39.87 -3.03 -42.32 41.93 -3.08 -43.04 41.93 -6.14 -42.71 39.87 -6.04 -42
4 16 39.87 -6.04 -42 41.93 -6.14 -42.71 41.93 -9.17 -42.17 39.87 -9.02 -41.46
4 16 39.87 -9.02 -41.46 41.93 -9.17 -42.17 41.93 -12.16 -41.41 39.87 -11.95 -40.71
4 16 39.87 -11.95 -40.71 41.93 -12.16 -41.41 41.93 -15.08 -40.43 39.87 -14.83 -39.76
4 16 39.87 -14.83 -39.76 41.93 -15.08 -40.43 41.93 -17.93 -39.25 39.87 -17.63 -38.6
4 16 39.87 -17.63 -38.6 41.93 -17.93 -39.25 41.93 -20.68 -37.87 39.87 -20.33 -37.24
4 16 39.87 -20.33 -37.24 41.93 -20.68 -37.87 41.93 -23.33 -36.3 39.87 -22.94 -35.69
4 16 39.87 -22.94 -35.69 41.93 -23.33 -36.3 41.93 -25.86 -34.55 39.87 -25.43 -33.97
4 16 39.87 -25.43 -33.97 41.93 -25.86 -34.55 41.93 -28.26 -32.61 39.87 -27.79 -32.07
4 16 39.87 -27.79 -32.07 41.93 -28.26 -32.61 41.93 -30.51 -30.51 39.87 -30 -30
4 16 39.87 -30 -30 41.93 -30.51 -30.51 41.93 -32.61 -28.26 39.87 -32.07 -27.79
4 16 39.87 -32.07 -27.79 41.93 -32.61 -28.26 41.93 -34.55 -25.86 39.87 -33.97 -25.43
4 16 39.87 -33.97 -25.43 41.93 -34.55 -25.86 41.93 -36.3 -23.33 39.87 -35.69 -22.94
4 16 39.87 -35.69 -22.94 41.93 -36.3 -23.33 41.93 -37.87 -20.68 39.87 -37.24 -20.33
4 16 39.87 -37.24 -20.33 41.93 -37.87 -20.68 41.93 -39.25 -17.93 39.87 -38.6 -17.63
4 16 39.87 -38.6 -17.63 41.93 -39.25 -17.93 41.93 -40.43 -15.08 39.87 -39.76 -14.83
4 16 39.87 -39.76 -14.83 41.93 -40.43 -15.08 41.93 -41.41 -12.16 39.87 -40.71 -11.95
4 16 39.87 -40.71 -11.95 41.93 -41.41 -12.16 41.93 -42.17 -9.17 39.87 -41.46 -9.02
4 16 39.87 -41.46 -9.02 41.93 -42.17 -9.17 41.93 -42.71 -6.14 39.87 -42 -6.04
4 16 39.87 -42 -6.04 41.93 -42.71 -6.14 41.93 -43.04 -3.08 39.87 -42.32 -3.03
4 16 39.87 -42.32 -3.03 41.93 -43.04 -3.08 41.93 -43.15 0 39.87 -42.43 0
4 16 39.87 -42.43 0 41.93 -43.15 0 41.93 -43.04 3.08 39.87 -42.32 3.03
4 16 39.87 -42.32 3.03 41.93 -43.04 3.08 41.93 -42.71 6.14 39.87 -42 6.04
4 16 39.87 -42 6.04 41.93 -42.71 6.14 41.93 -42.17 9.17 39.87 -41.46 9.02
4 16 39.87 -41.46 9.02 41.93 -42.17 9.17 41.93 -41.41 12.16 39.87 -40.71 11.95
4 16 39.87 -40.71 11.95 41.93 -41.41 12.16 41.93 -40.43 15.08 39.87 -39.76 14.83
4 16 39.87 -39.76 14.83 41.93 -40.43 15.08 41.93 -39.25 17.93 39.87 -38.6 17.63
4 16 39.87 -38.6 17.63 41.93 -39.25 17.93 41.93 -37.87 20.68 39.87 -37.24 20.33
4 16 39.87 -37.24 20.33 41.93 -37.87 20.68 41.93 -36.3 23.33 39.87 -35.69 22.94
4 16 39.87 -35.69 22.94 41.93 -36.3 23.33 41.93 -34.55 25.86 39.87 -33.97 25.43
4 16 39.87 -33.97 25.43 41.93 -34.55 25.86 41.93 -32.61 28.26 39.87 -32.07 27.79
4 16 39.87 -32.07 27.79 41.93 -32.61 28.26 41.93 -30.51 30.51 39.87 -30 30
4 16 39.87 -30 30 41.93 -30.51 30.51 41.93 -28.26 32.61 39.87 -27.79 32.07
4 16 39.87 -27.79 32.07 41.93 -28.26 32.61 41.93 -25.86 34.55 39.87 -25.43 33.97
4 16 39.87 -25.43 33.97 41.93 -25.86 34.55 41.93 -23.33 36.3 39.87 -22.94 35.69
4 16 39.87 -22.94 35.69 41.93 -23.33 36.3 41.93 -20.68 37.87 39.87 -20.33 37.24
4 16 39.87 -20.33 37.24 41.93 -20.68 37.87 41.93 -17.93 39.25 39.87 -17.63 38.6
4 16 39.87 -17.63 38.6 41.93 -17.93 39.25 41.93 -15.08 40.43 39.87 -14.83 39.76
4 16 39.87 -14.83 39.76 41.93 -15.08 40.43 41.93 -12.16 41.41 39.87 -11.95 40.71
4 16 39.87 -11.95 40.71 41.93 -12.16 41.41 41.93 -9.17 42.17 39.87 -9.02 41.46
4 16 39.87 -9.02 41.46 41.93 -9.17 42.17 41.93 -6.14 42.71 39.87 -6.04 42
4 16 39.87 -6.04 42 41.93 -6.14 42.71 41.93 -3.08 43.04 39.87 -3.03 42.32
4 16 39.87 -3.03 42.32 41.93 -3.08 43.04 41.93 0 43.15 39.87 0 42.43
4 16 37.89 0 -41.51 39.87 0 -42.43 39.87 -3.03 -42.32 37.89 -2.96 -41.41
4 16 37.89 -2.96 -41.41 39.87 -3.03 -42.32 39.87 -6.04 -42 37.89 -5.91 -41.09
4 16 37.89 -5.91 -41.09 39.87 -6.04 -42 39.87 -9.02 -41.46 37.89 -8.82 -40.56
4 16 37.89 -8.82 -40.56 39.87 -9.02 -41.46 39.87 -11.95 -40.71 37.89 -11.7 -39.83
4 16 37.89 -11.7 -39.83 39.87 -11.95 -40.71 39.87 -14.83 -39.76 37.89 -14.51 -38.9
4 16 37.89 -14.51 -38.9 39.87 -14.83 -39.76 39.87 -17.63 -38.6 37.89 -17.24 -37.76
4 16 37.89 -17.24 -37.76 39.87 -17.63 -38.6 39.87 -20.33 -37.24 37.89 -19.89 -36.43
4 16 37.89 -19.89 -36.43 39.87 -20.33 -37.24 39.87 -22.94 -35.69 37.89 -22.44 -34.92
4 16 37.89 -22.44 -34.92 39.87 -22.94 -35.69 39.87 -25.43 -33.97 37.89 -24.88 -33.23
4 16 37.89 -24.88 -33.23 39.87 -25.43 -33.97 39.87 -27.79 -32.07 37.89 -27.18 -31.37
4 16 37.89 -27.18 -31.37 39.87 -27.79 -32.07 39.87 -30 -30 37.89 -29.35 -29.35
4 16 37.89 -29.35 -29.35 39.87 -30 -30 39.87 -32.07 -27.79 37.89 -31.37 -27.18
4 16 37.89 -31.37 -27.18 39.87 -32.07 -27.79 39.87 -33.97 -25.43 37.89 -33.23 -24.88
4 16 37.89 -33.23 -24.88 39.87 -33.97 -25.43 39.87 -35.69 -22.94 37.89 -34.92 -22.44
4 16 37.89 -34.92 -22.44 39.87 -35.69 -22.94 39.87 -37.24 -20.33 37.89 -36.43 -19.89
4 16 37.89 -36.43 -19.89 39.87 -37.24 -20.33 39.87 -38.6 -17.63 37.89 -37.76 -17.24
4 16 37.89 -37.76 -17.24 39.87 -38.6 -17.63 39.87 -39.76 -14.83 37.89 -38.9 -14.51
4 16 37.89 -38.9 -14.51 39.87 -39.76 -14.83 39.87 -40.71 -11.95 37.89 -39.83 -11.7
4 16 37.89 -39.83 -11.7 39.87 -40.71 -11.95 39.87 -41.46 -9.02 37.89 -40.56 -8.82
4 16 37.89 -40.56 -8.82 39.87 -41.46 -9.02 39.87 -42 -6.04 37.89 -41.09 -5.91
4 16 37.89 -41.09 -5.91 39.87 -42 -6.04 39.87 -42.32 -3.03 37.89 -41.41 -2.96
4 16 37.89 -41.41 -2.96 39.87 -42.32 -3.03 39.87 -42.43 0 37.89 -41.51 0
4 16 37.89 -41.51 0 39.87 -42.43 0 39.87 -42.32 3.03 37.89 -41.41 2.96
4 16 37.89 -41.41 2.96 39.87 -42.32 3.03 39.87 -42 6.04 37.89 -41.09 5.91
4 16 37.89 -41.09 5.91 39.87 -42 6.04 39.87 -41.46 9.02 37.89 -40.56 8.82
4 16 37.89 -40.56 8.82 39.87 -41.46 9.02 39.87 -40.71 11.95 37.89 -39.83 11.7
4 16 37.89 -39.83 11.7 39.87 -40.71 11.95 39.87 -39.76 14.83 37.89 -38.9 14.51
4 16 37.89 -38.9 14.51 39.87 -39.76 14.83 39.87 -38.6 17.63 37.89 -37.76 17.24
4 16 37.89 -37.76 17.24 39.87 -38.6 17.63 39.87 -37.24 20.33 37.89 -36.43 19.89
4 16 37.89 -36.43 19.89 39.87 -37.24 20.33 39.87 -35.69 22.94 37.89 -34.92 22.44
4 16 37.89 -34.92 22.44 39.87 -35.69 22.94 39.87 -33.97 25.43 37.89 -33.23 24.88
4 16 37.89 -33.23 24.88 39.87 -33.97 25.43 39.87 -32.07 27.79 37.89 -31.37 27.18
4 16 37.89 -31.37 27.18 39.87 -32.07 27.79 39.87 -30 30 37.89 -29.35 29.35
4 16 37.89 -29.35 29.35 39.87 -30 30 39.87 -27.79 32.07 37.89 -27.18 31.37
4 16 37.89 -27.18 31.37 39.87 -27.79 32.07 39.87 -25.43 33.97 37.89 -24.88 33.23
4 16 37.89 -24.88 33.23 39.87 -25.43 33.97 39.87 -22.94 35.69 37.89 -22.44 34.92
4 16 37.89 -22.44 34.92 39.87 -22.94 35.69 39.87 -20.33 37.24 37.89 -19.89 36.43
4 16 37.89 -19.89 36.43 39.87 -20.33 37.24 39.87 -17.63 38.6 37.89 -17.24 37.76
4 16 37.89 -17.24 37.76 39.87 -17.63 38.6 39.87 -14.83 39.76 37.89 -14.51 38.9
4 16 37.89 -14.51 38.9 39.87 -14.83 39.76 39.87 -11.95 40.71 37.89 -11.7 39.83
4 16 37.89 -11.7 39.83 39.87 -11.95 40.71 39.87 -9.02 41.46 37.89 -8.82 40.56
4 16 37.89 -8.82 40.56 39.87 -9.02 41.46 39.87 -6.04 42 37.89 -5.91 41.09
4 16 37.89 -5.91 41.09 39.87 -6.04 42 39.87 -3.03 42.32 37.89 -2.96 41.41
4 16 37.89 -2.96 41.41 39.87 -3.03 42.32 39.87 0 42.43 37.89 0 41.51
4 16 36.01 0 -40.41 37.89 0 -41.51 37.89 -2.96 -41.41 36.01 -2.88 -40.31
4 16 36.01 -2.88 -40.31 37.89 -2.96 -41.41 37.89 -5.91 -41.09 36.01 -5.75 -40
4 16 36.01 -5.75 -40 37.89 -5.91 -41.09 37.89 -8.82 -40.56 36.01 -8.59 -39.48
4 16 36.01 -8.59 -39.48 37.89 -8.82 -40.56 37.89 -11.7 -39.83 36.01 -11.38 -38.77
4 16 36.01 -11.38 -38.77 37.89 -11.7 -39.83 37.89 -14.51 -38.9 36.01 -14.12 -37.86
4 16 36.01 -14.12 -37.86 37.89 -14.51 -38.9 37.89 -17.24 -37.76 36.01 -16.79 -36.76
4 16 36.01 -16.79 -36.76 37.89 -17.24 -37.76 37.89 -19.89 -36.43 36.01 -19.37 -35.47
4 16 36.01 -19.37 -35.47 37.89 -19.89 -36.43 37.89 -22.44 -34.92 36.01 -21.85 -33.99
4 16 36.01 -21.85 -33.99 37.89 -22.44 -34.92 37.89 -24.88 -33.23 36.01 -24.22 -32.35
4 16 36.01 -24.22 -32.35 37.89 -24.88 -33.23 37.89 -27.18 -31.37 36.01 -26.46 -30.54
4 16 36.01 -26.46 -30.54 37.89 -27.18 -31.37 37.89 -29.35 -29.35 36.01 -28.57 -28.57
4 16 36.01 -28.57 -28.57 37.89 -29.35 -29.35 37.89 -31.37 -27.18 36.01 -30.54 -26.46
4 16 36.01 -30.54 -26.46 37.89 -31.37 -27.18 37.89 -33.23 -24.88 36.01 -32.35 -24.22
4 16 36.01 -32.35 -24.22 37.89 -33.23 -24.88 37.89 -34.92 -22.44 36.01 -33.99 -21.85
4 16 36.01 -33.99 -21.85 37.89 -34.92 -22.44 37.89 -36.43 -19.89 36.01 -35.47 -19.37
4 16 36.01 -35.47 -19.37 37.89 -36.43 -19.89 37.89 -37.76 -17.24 36.01 -36.76 -16.79
4 16 36.01 -36.76 -16.79 37.89 -37.76 -17.24 37.89 -38.9 -14.51 36.01 -37.86 -14.12
4 16 36.01 -37.86 -14.12 37.89 -38.9 -14.51 37.89 -39.83 -11.7 36.01 -38.77 -11.38
4 16 36.01 -38.77 -11.38 37.89 -39.83 -11.7 37.89 -40.56 -8.82 36.01 -39.48 -8.59
4 16 36.01 -39.48 -8.59 37.89 -40.56 -8.82 37.89 -41.09 -5.91 36.01 -40 -5.75
4 16 36.01 -40 -5.75 37.89 -41.09 -5.91 37.89 -41.41 -2.96 36.01 -40.31 -2.88
4 16 36.01 -40.31 -2.88 37.89 -41.41 -2.96 37.89 -41.51 0 36.01 -40.41 0
4 16 36.01 -40.41 0 37.89 -41.51 0 37.89 -41.41 2.96 36.01 -40.31 2.88
4 16 36.01 -40.31 2.88 37.89 -41.41 2.96 37.89 -41.09 5.91 36.01 -40 5.75
4 16 36.01 -40 5.75 37.89 -41.09 5.91 37.89 -40.56 8.82 36.01 -39.48 8.59
4 16 36.01 -39.48 8.59 37.89 -40.56 8.82 37.89 -39.83 11.7 36.01 -38.77 11.38
4 16 36.01 -38.77 11.38 37.89 -39.83 11.7 37.89 -38.9 14.51 36.01 -37.86 14.12
4 16 36.01 -37.86 14.12 37.89 -38.9 14.51 37.89 -37.76 17.24 36.01 -36.76 16.79
4 16 36.01 -36.76 16.79 37.89 -37.76 17.24 37.89 -36.43 19.89 36.01 -35.47 19.37
4 16 36.01 -35.47 19.37 37.89 -36.43 19.89 37.89 -34.92 22.44 36.01 -33.99 21.85
4 16 36.01 -33.99 21.85 37.89 -34.92 22.44 37.89 -33.23 24.88 36.01 -32.35 24.22
4 16 36.01 -32.35 24.22 37.89 -33.23 24.88 37.89 -31.37 27.18 36.01 -30.54 26.46
4 16 36.01 -30.54 26.46 37.89 -31.37 27.18 37.89 -29.35 29.35 36.01 -28.57 28.57
4 16 36.01 -28.57 28.57 37.89 -29.35 29.35 37.89 -27.18 31.37 36.01 -26.46 30.54
4 16 36.01 -26.46 30.54 37.89 -27.18 31.37 37.89 -24.88 33.23 36.01 -24.22 32.35
4 16 36.01 -24.22 32.35 37.89 -24.88 33.23 37.89 -22.44 34.92 36.01 -21.85 33.99
4 16 36.01 -21.85 33.99 37.89 -22.44 34.92 37.89 -19.89 36.43 36.01 -19.37 35.47
4 16 36.01 -19.37 35.47 37.89 -19.89 36.43 37.89 -17.24 37.76 36.01 -16.79 36.76
4 16 36.01 -16.79 36.76 37.89 -17.24 37.76 37.89 -14.51 38.9 36.01 -14.12 37.86
4 16 36.01 -14.12 37.86 37.89 -14.51 38.9 37.89 -11.7 39.83 36.01 -11.38 38.77
4 16 36.01 -11.38 38.77 37.89 -11.7 39.83 37.89 -8.82 40.56 36.01 -8.59 39.48
4 16 36.01 -8.59 39.48 37.89 -8.82 40.56 37.89 -5.91 41.09 36.01 -5.75 40
4 16 36.01 -5.75 40 37.89 -5.91 41.09 37.89 -2.96 41.41 36.01 -2.88 40.31
4 16 36.01 -2.88 40.31 37.89 -2.96 41.41 37.89 0 41.51 36.01 0 40.41
4 16 34.25 0 -39.13 36.01 0 -40.41 36.01 -2.88 -40.31 34.25 -2.79 -39.03
4 16 34.25 -2.79 -39.03 36.01 -2.88 -40.31 36.01 -5.75 -40 34.25 -5.57 -38.73
4 16 34.25 -5.57 -38.73 36.01 -5.75 -40 36.01 -8.59 -39.48 34.25 -8.32 -38.23
4 16 34.25 -8.32 -38.23 36.01 -8.59 -39.48 36.01 -11.38 -38.77 34.25 -11.02 -37.54
4 16 34.25 -11.02 -37.54 36.01 -11.38 -38.77 36.01 -14.12 -37.86 34.25 -13.67 -36.66
4 16 34.25 -13.67 -36.66 36.01 -14.12 -37.86 36.01 -16.79 -36.76 34.25 -16.25 -35.59
4 16 34.25 -16.25 -35.59 36.01 -16.79 -36.76 36.01 -19.37 -35.47 34.25 -18.75 -34.34
4 16 34.25 -18.75 -34.34 36.01 -19.37 -35.47 36.01 -21.85 -33.99 34.25 -21.15 -32.92
4 16 34.25 -21.15 -32.92 36.01 -21.85 -33.99 36.01 -24.22 -32.35 34.25 -23.45 -31.32
4 16 34.25 -23.45 -31.32 36.01 -24.22 -32.35 36.01 -26.46 -30.54 34.25 -25.62 -29.57
4 16 34.25 -25.62 -29.57 36.01 -26.46 -30.54 36.01 -28.57 -28.57 34.25 -27.67 -27.67
4 16 34.25 -27.67 -27.67 36.01 -28.57 -28.57 36.01 -30.54 -26.46 34.25 -29.57 -25.62
4 16 34.25 -29.57 -25.62 36.01 -30.54 -26.46 36.01 -32.35 -24.22 34.25 -31.32 -23.45
4 16 34.25 -31.32 -23.45 36.01 -32.35 -24.22 36.01 -33.99 -21.85 34.25 -32.92 -21.15
4 16 34.25 -32.92 -21.15 36.01 -33.99 -21.85 36.01 -35.47 -19.37 34.25 -34.34 -18.75
4 16 34.25 -34.34 -18.75 36.01 -35.47 -19.37 36.01 -36.76 -16.79 34.25 -35.59 -16.25
4 16 34.25 -35.59 -16.25 36.01 -36.76 -16.79 36.01 -37.86 -14.12 34.25 -36.66 -13.67
4 16 34.25 -36.66 -13.67 36.01 -37.86 -14.12 36.01 -38.77 -11.38 34.25 -37.54 -11.02
4 16 34.25 -37.54 -11.02 36.01 -38.77 -11.38 36.01 -39.48 -8.59 34.25 -38.23 -8.32
4 16 34.25 -38.23 -8.32 36.01 -39.48 -8.59 36.01 -40 -5.75 34.25 -38.73 -5.57
4 16 34.25 -38.73 -5.57 36.01 -40 -5.75 36.01 -40.31 -2.88 34.25 -39.03 -2.79
4 16 34.25 -39.03 -2.79 36.01 -40.31 -2.88 36.01 -40.41 0 34.25 -39.13 0
4 16 34.25 -39.13 0 36.01 -40.41 0 36.01 -40.31 2.88 34.25 -39.03 2.79
4 16 34.25 -39.03 2.79 36.01 -40.31 2.88 36.01 -40 5.75 34.25 -38.73 5.57
4 16 34.25 -38.73 5.57 36.01 -40 5.75 36.01 -39.48 8.59 34.25 -38.23 8.32
4 16 34.25 -38.23 8.32 36.01 -39.48 8.59 36.01 -38.77 11.38 34.25 -37.54 11.02
4 16 34.25 -37.54 11.02 36.01 -38.77 11.38 36.01 -37.86 14.12 34.25 -36.66 13.67
4 16 34.25 -36.66 13.67 36.01 -37.86 14.12 36.01 -36.76 16.79 34.25 -35.59 16.25
4 16 34.25 -35.59 16.25 36.01 -36.76 16.79 36.01 -35.47 19.37 34.25 -34.34 18.75
4 16 34.25 -34.34 18.75 36.01 -35.47 19.37 36.01 -33.99 21.85 34.25 -32.92 21.15
4 16 34.25 -32.92 21.15 36.01 -33.99 21.85 36.01 -32.35 24.22 34.25 -31.32 23.45
4 16 34.25 -31.32 23.45 36.01 -32.35 24.22 36.01 -30.54 26.46 34.25 -29.57 25.62
4 16 34.25 -29.57 25.62 36.01 -30.54 26.46 36.01 -28.57 28.57 34.25 -27.67 27.67
4 16 34.25 -27.67 27.67 36.01 -28.57 28.57 36.01 -26.46 30.54 34.25 -25.62 29.57
4 16 34.25 -25.62 29.57 36.01 -26.46 30.54 36.01 -24.22 32.35 34.25 -23.45 31.32
4 16 34.25 -23.45 31.32 36.01 -24.22 32.35 36.01 -21.85 33.99 34.25 -21.15 32.92
4 16 34.25 -21.15 32.92 36.01 -21.85 33.99 36.01 -19.37 35.47 34.25 -18.75 34.34
4 16 34.25 -18.75 34.34 36.01 -19.37 35.47 36.01 -16.79 36.76 34.25 -16.25 35.59
4 16 34.25 -16.25 35.59 36.01 -16.79 36.76 36.01 -14.12 37.86 34.25 -13.67 36.66
4 16 34.25 -13.67 36.66 36.01 -14.12 37.86 36.01 -11.38 38.77 34.25 -11.02 37.54
4 16 34.25 -11.02 37.54 36.01 -11.38 38.77 36.01 -8.59 39.48 34.25 -8.32 38.23
4 16 34.25 -8.32 38.23 36.01 -8.59 39.48 36.01 -5.75 40 34.25 -5.57 38.73
4 16 34.25 -5.57 38.73 36.01 -5.75 40 36.01 -2.88 40.31 34.25 -2.79 39.03
4 16 34.25 -2.79 39.03 36.01 -2.88 40.31 36.01 0 40.41 34.25 0 39.13
4 16 32.62 0 -37.68 34.25 0 -39.13 34.25 -2.79 -39.03 32.62 -2.69 -37.59
4 16 32.62 -2.69 -37.59 34.25 -2.79 -39.03 34.25 -5.57 -38.73 32.62 -5.36 -37.3
4 16 32.62 -5.36 -37.3 34.25 -5.57 -38.73 34.25 -8.32 -38.23 32.62 -8.01 -36.82
4 16 32.62 -8.01 -36.82 34.25 -8.32 -38.23 34.25 -11.02 -37.54 32.62 -10.62 -36.16
4 16 32.62 -10.62 -36.16 34.25 -11.02 -37.54 34.25 -13.67 -36.66 32.62 -13.17 -35.31
4 16 32.62 -13.17 -35.31 34.25 -13.67 -36.66 34.25 -16.25 -35.59 32.62 -15.65 -34.28
4 16 32.62 -15.65 -34.28 34.25 -16.25 -35.59 34.25 -18.75 -34.34 32.62 -18.06 -33.07
4 16 32.62 -18.06 -33.07 34.25 -18.75 -34.34 34.25 -21.15 -32.92 32.62 -20.37 -31.7
4 16 32.62 -20.37 -31.7 34.25 -21.15 -32.92 34.25 -23.45 -31.32 32.62 -22.58 -30.17
4 16 32.62 -22.58 -30.17 34.25 -23.45 -31.32 34.25 -25.62 -29.57 32.62 -24.68 -28.48
4 16 32.62 -24.68 -28.48 34.25 -25.62 -29.57 34.25 -27.67 -27.67 32.62 -26.65 -26.65
4 16 32.62 -26.65 -26.65 34.25 -27.67 -27.67 34.25 -29.57 -25.62 32.62 -28.48 -24.68
4 16 32.62 -28.48 -24.68 34.25 -29.57 -25.62 34.25 -31.32 -23.45 32.62 -30.17 -22.58
4 16 32.62 -30.17 -22.58 34.25 -31.32 -23.45 34.25 -32.92 -21.15 32.62 -31.7 -20.37
4 16 32.62 -31.7 -20.37 34.25 -32.92 -21.15 34.25 -34.34 -18.75 32.62 -33.07 -18.06
4 16 32.62 -33.07 -18.06 34.25 -34.34 -18.75 34.25 -35.59 -16.25 32.62 -34.28 -15.65
4 16 32.62 -34.28 -15.65 34.25 -35.59 -16.25 34.25 -36.66 -13.67 32.62 -35.31 -13.17
4 16 32.62 -35.31 -13.17 34.25 -36.66 -13.67 34.25 -37.54 -11.02 32.62 -36.16 -10.62
4 16 32.62 -36.16 -10.62 34.25 -37.54 -11.02 34.25 -38.23 -8.32 32.62 -36.82 -8.01
4 16 32.62 -36.82 -8.01 34.25 -38.23 -8.32 34.25 -38.73 -5.57 32.62 -37.3 -5.36
4 16 32.62 -37.3 -5.36 34.25 -38.73 -5.57 34.25 -39.03 -2.79 32.62 -37.59 -2.69
4 16 32.62 -37.59 -2.69 34.25 -39.03 -2.79 34.25 -39.13 0 32.62 -37.68 0
4 16 32.62 -37.68 0 34.25 -39.13 0 34.25 -39.03 2.79 32.62 -37.59 2.69
4 16 32.62 -37.59 2.69 34.25 -39.03 2.79 34.25 -38.73 5.57 32.62 -37.3 5.36
4 16 32.62 -37.3 5.36 34.25 -38.73 5.57 34.25 -38.23 8.32 32.62 -36.82 8.01
4 16 32.62 -36.82 8.01 34.25 -38.23 8.32 34.25 -37.54 11.02 32.62 -36.16 10.62
4 16 32.62 -36.16 10.62 34.25 -37.54 11.02 34.25 -36.66 13.67 32.62 -35.31 13.17
4 16 32.62 -35.31 13.17 34.25 -36.66 13.67 34.25 -35.59 16.25 32.62 -34.28 15.65
4 16 32.62 -34.28 15.65 34.25 -35.59 16.25 34.25 -34.34 18.75 32.62 -33.07 18.06
4 16 32.62 -33.07 18.06 34.25 -34.34 18.75 34.25 -32.92 21.15 32.62 -31.7 20.37
4 16 32.62 -31.7 20.37 34.25 -32.92 21.15 34.25 -31.32 23.45 32.62 -30.17 22.58
4 16 32.62 -30.17 22.58 34.25 -31.32 23.45 34.25 -29.57 25.62 32.62 -28.48 24.68
4 16 32.62 -28.48 24.68 34.25 -29.57 25.62 34.25 -27.67 27.67 32.62 -26.65 26.65
4 16 32.62 -26.65 26.65 34.25 -27.67 27.67 34.25 -25.62 29.57 32.62 -24.68 28.48
4 16 32.62 -24.68 28.48 34.25 -25.62 29.57 34.25 -23.45 31.32 32.62 -22.58 30.17
4 16 32.62 -22.58 30.17 34.25 -23.45 31.32 34.25 -21.15 32.92 32.62 -20.37 31.7
4 16 32.62 -20.37 31.7 34.25 -21.15 32.92 34.25 -18.75 34.34 32.62 -18.06 33.07
4 16 32.62 -18.06 33.07 34.25 -18.75 34.34 34.25 -16.25 35.59 32.62 -15.65 34.28
4 16 32.62 -15.65 34.28 34.25 -16.25 35.59 34.25 -13.67 36.66 32.62 -13.17 35.31
4 16 32.62 -13.17 35.31 34.25 -13.67 36.66 34.25 -11.02 37.54 32.62 -10.62 36.16
4 16 32.62 -10.62 36.16 34.25 -11.02 37.54 34.25 -8.32 38.23 32.62 -8.01 36.82
4 16 32.62 -8.01 36.82 34.25 -8.32 38.23 34.25 -5.57 38.73 32.62 -5.36 37.3
4 16 32.62 -5.36 37.3 34.25 -5.57 38.73 34.25 -2.79 39.03 32.62 -2.69 37.59
4 16 32.62 -2.69 37.59 34.25 -2.79 39.03 34.25 0 39.13 32.62 0 37.68
4 16 31.13 0 -36.09 32.62 0 -37.68 32.62 -2.69 -37.59 31.13 -2.57 -36
4 16 31.13 -2.57 -36 32.62 -2.69 -37.59 32.62 -5.36 -37.3 31.13 -5.14 -35.72
4 16 31.13 -5.14 -35.72 32.62 -5.36 -37.3 32.62 -8.01 -36.82 31.13 -7.67 -35.26
4 16 31.13 -7.67 -35.26 32.62 -8.01 -36.82 32.62 -10.62 -36.16 31.13 -10.17 -34.63
4 16 31.13 -10.17 -34.63 32.62 -10.62 -36.16 32.62 -13.17 -35.31 31.13 -12.61 -33.81
4 16 31.13 -12.61 -33.81 32.62 -13.17 -35.31 32.62 -15.65 -34.28 31.13 -14.99 -32.83
4 16 31.13 -14.99 -32.83 32.62 -15.65 -34.28 32.62 -18.06 -33.07 31.13 -17.3 -31.67
4 16 31.13 -17.3 -31.67 32.62 -18.06 -33.07 32.62 -20.37 -31.7 31.13 -19.51 -30.36
4 16 31.13 -19.51 -30.36 32.62 -20.37 -31.7 32.62 -22.58 -30.17 31.13 -21.63 -28.89
4 16 31.13 -21.63 -28.89 32.62 -22.58 -30.17 32.62 -24.68 -28.48 31.13 -23.63 -27.27
4 16 31.13 -23.63 -27.27 32.62 -24.68 -28.48 32.62 -26.65 -26.65 31.13 -25.52 -25.52
4 16 31.13 -25.52 -25.52 32.62 -26.65 -26.65 32.62 -28.48 -24.68 31.13 -27.27 -23.63
4 16 31.13 -27.27 -23.63 32.62 -28.48 -24.68 32.62 -30.17 -22.58 31.13 -28.89 -21.63
4 16 31.13 -28.89 -21.63 32.62 -30.17 -22.58 32.62 -31.7 -20.37 31.13 -30.36 -19.51
4 16 31.13 -30.36 -19.51 32.62 -31.7 -20.37 32.62 -33.07 -18.06 31.13 -31.67 -17.3
4 16 31.13 -31.67 -17.3 32.62 -33.07 -18.06 32.62 -34.28 -15.65 31.13 -32.83 -14.99
4 16 31.13 -32.83 -14.99 32.62 -34.28 -15.65 32.62 -35.31 -13.17 31.13 -33.81 -12.61
4 16 31.13 -33.81 -12.61 32.62 -35.31 -13.17 32.62 -36.16 -10.62 31.13 -34.63 -10.17
4 16 31.13 -34.63 -10.17 32.62 -36.16 -10.62 32.62 -36.82 -8.01 31.13 -35.26 -7.67
4 16 31.13 -35.26 -7.67 32.62 -36.82 -8.01 32.62 -37.3 -5.36 31.13 -35.72 -5.14
4 16 31.13 -35.72 -5.14 32.62 -37.3 -5.36 32.62 -37.59 -2.69 31.13 -36 -2.57
4 16 31.13 -36 -2.57 32.62 -37.59 -2.69 32.62 -37.68 0 31.13 -36.09 0
4 16 31.13 -36.09 0 32.62 -37.68 0 32.62 -37.59 2.69 31.13 -36 2.57
4 16 31.13 -36 2.57 32.62 -37.59 2.69 32.62 -37.3 5.36 31.13 -35.72 5.14
4 16 31.13 -35.72 5.14 32.62 -37.3 5.36 32.62 -36.82 8.01 31.13 -35.26 7.67
4 16 31.13 -35.26 7.67 32.62 -36.82 8.01 32.62 -36.16 10.62 31.13 -34.63 10.17
4 16 31.13 -34.63 10.17 32.62 -36.16 10.62 32.62 -35.31 13.17 31.13 -33.81 12.61
4 16 31.13 -33.81 12.61 32.62 -35.31 13.17 32.62 -34.28 15.65 31.13 -32.83 14.99
4 16 31.13 -32.83 14.99 32.62 -34.28 15.65 32.62 -33.07 18.06 31.13 -31.67 17.3
4 16 31.13 -31.67 17.3 32.62 -33.07 18.06 32.62 -31.7 20.37 31.13 -30.36 19.51
4 16 31.13 -30.36 19.51 32.62 -31.7 20.37 32.62 -30.17 22.58 31.13 -28.89 21.63
4 16 31.13 -28.89 21.63 32.62 -30.17 22.58 32.62 -28.48 24.68 31.13 -27.27 23.63
4 16 31.13 -27.27 23.63 32.62 -28.48 24.68 32.62 -26.65 26.65 31.13 -25.52 25.52
4 16 31.13 -25.52 25.52 32.62 -26.65 26.65 32.62 -24.68 28.48 31.13 -23.63 27.27
4 16 31.13 -23.63 27.27 32.62 -24.68 28.48 32.62 -22.58 30.17 31.13 -21.63 28.89
4 16 31.13 -21.63 28.89 32.62 -22.58 30.17 32.62 -20.37 31.7 31.13 -19.51 30.36
4 16 31.13 -19.51 30.36 32.62 -20.37 31.7 32.62 -18.06 33.07 31.13 -17.3 31.67
4 16 31.13 -17.3 31.67 32.62 -18.06 33.07 32.62 -15.65 34.28 31.13 -14.99 32.83
4 16 31.13 -14.99 32.83 32.62 -15.65 34.28 32.62 -13.17 35.31 31.13 -12.61 33.81
4 16 31.13 -12.61 33.81 32.62 -13.17 35.31 32.62 -10.62 36.16 31.13 -10.17 34.63
4 16 31.13 -10.17 34.63 32.62 -10.62 36.16 32.62 -8.01 36.82 31.13 -7.67 35.26
4 16 31.13 -7.67 35.26 32.62 -8.01 36.82 32.62 -5.36 37.3 31.13 -5.14 35.72
4 16 31.13 -5.14 35.72 32.62 -5.36 37.3 32.62 -2.69 37.59 31.13 -2.57 36
4 16 31.13 -2.57 36 32.62 -2.69 37.59 32.62 0 37.68 31.13 0 36.09
4 16 29.81 0 -34.36 31.13 0 -36.09 31.13 -2.57 -36 29.81 -2.45 -34.27
4 16 29.81 -2.45 -34.27 31.13 -2.57 -36 31.13 -5.14 -35.72 29.81 -4.89 -34.01
4 16 29.81 -4.89 -34.01 31.13 -5.14 -35.72 31.13 -7.67 -35.26 29.81 -7.3 -33.57
4 16 29.81 -7.3 -33.57 31.13 -7.67 -35.26 31.13 -10.17 -34.63 29.81 -9.68 -32.97
4 16 29.81 -9.68 -32.97 31.13 -10.17 -34.63 31.13 -12.61 -33.81 29.81 -12.01 -32.19
4 16 29.81 -12.01 -32.19 31.13 -12.61 -33.81 31.13 -14.99 -32.83 29.81 -14.27 -31.25
4 16 29.81 -14.27 -31.25 31.13 -14.99 -32.83 31.13 -17.3 -31.67 29.81 -16.47 -30.15
4 16 29.81 -16.47 -30.15 31.13 -17.3 -31.67 31.13 -19.51 -30.36 29.81 -18.57 -28.9
4 16 29.81 -18.57 -28.9 31.13 -19.51 -30.36 31.13 -21.63 -28.89 29.81 -20.59 -27.5
4 16 29.81 -20.59 -27.5 31.13 -21.63 -28.89 31.13 -23.63 -27.27 29.81 -22.5 -25.97
4 16 29.81 -22.5 -25.97 31.13 -23.63 -27.27 31.13 -25.52 -25.52 29.81 -24.29 -24.29
4 16 29.81 -24.29 -24.29 31.13 -25.52 -25.52 31.13 -27.27 -23.63 29.81 -25.97 -22.5
4 16 29.81 -25.97 -22.5 31.13 -27.27 -23.63 31.13 -28.89 -21.63 29.81 -27.5 -20.59
4 16 29.81 -27.5 -20.59 31.13 -28.89 -21.63 31.13 -30.36 -19.51 29.81 -28.9 -18.57
4 16 29.81 -28.9 -18.57 31.13 -30.36 -19.51 31.13 -31.67 -17.3 29.81 -30.15 -16.47
4 16 29.81 -30.15 -16.47 31.13 -31.67 -17.3 31.13 -32.83 -14.99 29.81 -31.25 -14.27
4 16 29.81 -31.25 -14.27 31.13 -32.83 -14.99 31.13 -33.81 -12.61 29.81 -32.19 -12.01
4 16 29.81 -32.19 -12.01 31.13 -33.81 -12.61 31.13 -34.63 -10.17 29.81 -32.97 -9.68
4 16 29.81 -32.97 -9.68 31.13 -34.63 -10.17 31.13 -35.26 -7.67 29.81 -33.57 -7.3
4 16 29.81 -33.57 -7.3 31.13 -35.26 -7.67 31.13 -35.72 -5.14 29.81 -34.01 -4.89
4 16 29.81 -34.01 -4.89 31.13 -35.72 -5.14 31.13 -36 -2.57 29.81 -34.27 -2.45
4 16 29.81 -34.27 -2.45 31.13 -36 -2.57 31.13 -36.09 0 29.81 -34.36 0
4 16 29.81 -34.36 0 31.13 -36.09 0 31.13 -36 2.57 29.81 -34.27 2.45
4 16 29.81 -34.27 2.45 31.13 -36 2.57 31.13 -35.72 5.14 29.81 -34.01 4.89
4 16 29.81 -34.01 4.89 31.13 -35.72 5.14 31.13 -35.26 7.67 29.81 -33.57 7.3
4 16 29.81 -33.57 7.3 31.13 -35.26 7.67 31.13 -34.63 10.17 29.81 -32.97 9.68
4 16 29.81 -32.97 9.68 31.13 -34.63 10.17 31.13 -33.81 12.61 29.81 -32.19 12.01
4 16 29.81 -32.19 12.01 31.13 -33.81 12.61 31.13 -32.83 14.99 29.81 -31.25 14.27
4 16 29.81 -31.25 14.27 31.13 -32.83 14.99 31.13 -31.67 17.3 29.81 -30.15 16.47
4 16 29.81 -30.15 16.47 31.13 -31.67 17.3 31.13 -30.36 19.51 29.81 -28.9 18.57
4 16 29.81 -28.9 18.57 31.13 -30.36 19.51 31.13 -28.89 21.63 29.81 -27.5 20.59
4 16 29.81 -27.5 20.59 31.13 -28.89 21.63 31.13 -27.27 23.63 29.81 -25.97 22.5
4 16 29.81 -25.97 22.5 31.13 -27.27 23.63 31.13 -25.52 25.52 29.81 -24.29 24.29
4 16 29.81 -24.29 24.29 31.13 -25.52 25.52 31.13 -23.63 27.27 29.81 -22.5 25.97
4 16 29.81 -22.5 25.97 31.13 -23.63 27.27 31.13 -21.63 28.89 29.81 -20.59 27.5
4 16 29.81 -20.59 27.5 31.13 -21.63 28.89 31.13 -19.51 30.36 29.81 -18.57 28.9
4 16 29.81 -18.57 28.9 31.13 -19.51 30.36 31.13 -17.3 31.67 29.81 -16.47 30.15
4 16 29.81 -16.47 30.15 31.13 -17.3 31.67 31.13 -14.99 32.83 29.81 -14.27 31.25
4 16 29.81 -14.27 31.25 31.13 -14.99 32.83 31.13 -12.61 33.81 29.81 -12.01 32.19
4 16 29.81 -12.01 32.19 31.13 -12.61 33.81 31.13 -10.17 34.63 29.81 -9.68 32.97
4 16 29.81 -9.68 32.97 31.13 -10.17 34.63 31.13 -7.67 35.26 29.81 -7.3 33.57
4 16 29.81 -7.3 33.57 31.13 -7.67 35.26 31.13 -5.14 35.72 29.81 -4.89 34.01
4 16 29.81 -4.89 34.01 31.13 -5.14 35.72 31.13 -2.57 36 29.81 -2.45 34.27
4 16 29.81 -2.45 34.27 31.13 -2.57 36 31.13 0 36.09 29.81 0 34.36
4 16 242.52 -3.674 -33.781 242.52 0 -33.98 231.811 0 -16.795 231.811 -1.816 -16.697
4 16 242.52 -7.305 -33.185 242.52 -3.674 -33.781 231.811 -1.816 -16.697 231.811 -3.611 -16.403
4 16 242.52 -10.85 -32.201 242.52 -7.305 -33.185 231.811 -3.611 -16.403 231.811 -5.363 -15.916
4 16 242.52 -14.268 -30.839 242.52 -10.85 -32.201 231.811 -5.363 -15.916 231.811 -7.052 -15.243
4 16 242.52 -17.518 -29.116 242.52 -14.268 -30.839 231.811 -7.052 -15.243 231.811 -8.659 -14.391
4 16 242.52 -20.564 -27.051 242.52 -17.518 -29.116 231.811 -8.659 -14.391 231.811 -10.164 -13.371
4 16 242.52 -23.368 -24.669 242.52 -20.564 -27.051 231.811 -10.164 -13.371 231.811 -11.55 -12.193
4 16 242.52 -25.898 -21.998 242.52 -23.368 -24.669 231.811 -11.55 -12.193 231.811 -12.801 -10.873
4 16 242.52 -28.125 -19.069 242.52 -25.898 -21.998 231.811 -12.801 -10.873 231.811 -13.901 -9.425
4 16 242.52 -30.021 -15.916 242.52 -28.125 -19.069 231.811 -13.901 -9.425 231.811 -14.839 -7.867
4 16 242.52 -31.566 -12.577 242.52 -30.021 -15.916 231.811 -14.839 -7.867 231.811 -15.603 -6.217
4 16 242.52 -32.741 -9.091 242.52 -31.566 -12.577 231.811 -15.603 -6.217 231.811 -16.183 -4.493
4 16 242.52 -33.532 -5.497 242.52 -32.741 -9.091 231.811 -16.183 -4.493 231.811 -16.574 -2.717
4 16 242.52 -33.93 -1.84 242.52 -33.532 -5.497 231.811 -16.574 -2.717 231.811 -16.771 -.909
4 16 242.52 -33.93 1.84 242.52 -33.93 -1.84 231.811 -16.771 -.909 231.811 -16.771 .909
4 16 242.52 -33.532 5.497 242.52 -33.93 1.84 231.811 -16.771 .909 231.811 -16.574 2.717
4 16 242.52 -32.741 9.091 242.52 -33.532 5.497 231.811 -16.574 2.717 231.811 -16.183 4.493
4 16 242.52 -31.566 12.577 242.52 -32.741 9.091 231.811 -16.183 4.493 231.811 -15.603 6.217
4 16 242.52 -30.021 15.916 242.52 -31.566 12.577 231.811 -15.603 6.217 231.811 -14.839 7.867
4 16 242.52 -28.125 19.069 242.52 -30.021 15.916 231.811 -14.839 7.867 231.811 -13.901 9.425
4 16 242.52 -25.898 21.998 242.52 -28.125 19.069 231.811 -13.901 9.425 231.811 -12.801 10.873
4 16 242.52 -23.368 24.669 242.52 -25.898 21.998 231.811 -12.801 10.873 231.811 -11.55 12.193
4 16 242.52 -20.564 27.051 242.52 -23.368 24.669 231.811 -11.55 12.193 231.811 -10.164 13.371
4 16 242.52 -17.518 29.116 242.52 -20.564 27.051 231.811 -10.164 13.371 231.811 -8.659 14.391
4 16 242.52 -14.268 30.839 242.52 -17.518 29.116 231.811 -8.659 14.391 231.811 -7.052 15.243
4 16 242.52 -10.85 32.201 242.52 -14.268 30.839 231.811 -7.052 15.243 231.811 -5.363 15.916
4 16 242.52 -7.305 33.185 242.52 -10.85 32.201 231.811 -5.363 15.916 231.811 -3.611 16.403
4 16 242.52 -3.674 33.781 242.52 -7.305 33.185 231.811 -3.611 16.403 231.811 -1.816 16.697
4 16 242.52 0 33.98 242.52 -3.674 33.781 231.811 -1.816 16.697 231.811 0 16.795
4 16 242.52 3.674 33.781 242.52 0 33.98 231.811 0 16.795 231.811 1.816 16.697
4 16 242.52 7.305 33.185 242.52 3.674 33.781 231.811 1.816 16.697 231.811 3.611 16.403
4 16 242.52 10.85 32.201 242.52 7.305 33.185 231.811 3.611 16.403 231.811 5.363 15.916
4 16 242.52 14.268 30.839 242.52 10.85 32.201 231.811 5.363 15.916 231.811 7.052 15.243
4 16 242.52 17.518 29.116 242.52 14.268 30.839 231.811 7.052 15.243 231.811 8.659 14.391
4 16 242.52 20.564 27.051 242.52 17.518 29.116 231.811 8.659 14.391 231.811 10.164 13.371
4 16 242.52 23.368 24.669 242.52 20.564 27.051 231.811 10.164 13.371 231.811 11.55 12.193
4 16 242.52 25.898 21.998 242.52 23.368 24.669 231.811 11.55 12.193 231.811 12.801 10.873
4 16 242.52 28.125 19.069 242.52 25.898 21.998 231.811 12.801 10.873 231.811 13.901 9.425
4 16 242.52 30.021 15.916 242.52 28.125 19.069 231.811 13.901 9.425 231.811 14.839 7.867
4 16 242.52 31.566 12.577 242.52 30.021 15.916 231.811 14.839 7.867 231.811 15.603 6.217
4 16 242.52 32.741 9.091 242.52 31.566 12.577 231.811 15.603 6.217 231.811 16.183 4.493
4 16 242.52 33.532 5.497 242.52 32.741 9.091 231.811 16.183 4.493 231.811 16.574 2.717
4 16 242.52 33.93 1.84 242.52 33.532 5.497 231.811 16.574 2.717 231.811 16.771 .909
4 16 242.52 33.93 -1.84 242.52 33.93 1.84 231.811 16.771 .909 231.811 16.771 -.909
4 16 242.52 33.532 -5.497 242.52 33.93 -1.84 231.811 16.771 -.909 231.811 16.574 -2.717
4 16 242.52 32.741 -9.091 242.52 33.532 -5.497 231.811 16.574 -2.717 231.811 16.183 -4.493
4 16 242.52 31.566 -12.577 242.52 32.741 -9.091 231.811 16.183 -4.493 231.811 15.603 -6.217
4 16 242.52 30.021 -15.916 242.52 31.566 -12.577 231.811 15.603 -6.217 231.811 14.839 -7.867
4 16 242.52 28.125 -19.069 242.52 30.021 -15.916 231.811 14.839 -7.867 231.811 13.901 -9.425
4 16 242.52 25.898 -21.998 242.52 28.125 -19.069 231.811 13.901 -9.425 231.811 12.801 -10.873
4 16 242.52 23.368 -24.669 242.52 25.898 -21.998 231.811 12.801 -10.873 231.811 11.55 -12.193
4 16 242.52 20.564 -27.051 242.52 23.368 -24.669 231.811 11.55 -12.193 231.811 10.164 -13.371
4 16 242.52 17.518 -29.116 242.52 20.564 -27.051 231.811 10.164 -13.371 231.811 8.659 -14.391
4 16 242.52 14.268 -30.839 242.52 17.518 -29.116 231.811 8.659 -14.391 231.811 7.052 -15.243
4 16 242.52 10.85 -32.201 242.52 14.268 -30.839 231.811 7.052 -15.243 231.811 5.363 -15.916
4 16 242.52 7.305 -33.185 242.52 10.85 -32.201 231.811 5.363 -15.916 231.811 3.611 -16.403
4 16 242.52 3.674 -33.781 242.52 7.305 -33.185 231.811 3.611 -16.403 231.811 1.816 -16.697
4 16 242.52 0 -33.98 242.52 3.674 -33.781 231.811 1.816 -16.697 231.811 0 -16.795
4 16 29.98 0 35.15 30.04 0 34.28 30.04 2.45 34.2 29.98 2.51 35.06
4 16 29.98 2.51 35.06 30.04 2.45 34.2 30.04 4.88 33.94 29.98 5 34.79
4 16 29.98 5 34.79 30.04 4.88 33.94 30.04 7.29 33.5 29.98 7.47 34.35
4 16 29.98 7.47 34.35 30.04 7.29 33.5 30.04 9.66 32.9 29.98 9.9 33.73
4 16 29.98 9.9 33.73 30.04 9.66 32.9 30.04 11.98 32.12 29.98 12.28 32.93
4 16 29.98 12.28 32.93 30.04 11.98 32.12 30.04 14.24 31.19 29.98 14.6 31.97
4 16 29.98 14.6 31.97 30.04 14.24 31.19 30.04 16.43 30.09 29.98 16.85 30.85
4 16 29.98 16.85 30.85 30.04 16.43 30.09 30.04 18.54 28.84 29.98 19 29.57
4 16 29.98 19 29.57 30.04 18.54 28.84 30.04 20.55 27.45 29.98 21.06 28.14
4 16 29.98 21.06 28.14 30.04 20.55 27.45 30.04 22.45 25.91 29.98 23.02 26.56
4 16 29.98 23.02 26.56 30.04 22.45 25.91 30.04 24.24 24.24 29.98 24.85 24.85
4 16 29.98 24.85 24.85 30.04 24.24 24.24 30.04 25.91 22.45 29.98 26.56 23.02
4 16 29.98 26.56 23.02 30.04 25.91 22.45 30.04 27.45 20.55 29.98 28.14 21.06
4 16 29.98 28.14 21.06 30.04 27.45 20.55 30.04 28.84 18.54 29.98 29.57 19
4 16 29.98 29.57 19 30.04 28.84 18.54 30.04 30.09 16.43 29.98 30.85 16.85
4 16 29.98 30.85 16.85 30.04 30.09 16.43 30.04 31.19 14.24 29.98 31.97 14.6
4 16 29.98 31.97 14.6 30.04 31.19 14.24 30.04 32.12 11.98 29.98 32.93 12.28
4 16 29.98 32.93 12.28 30.04 32.12 11.98 30.04 32.9 9.66 29.98 33.73 9.9
4 16 29.98 33.73 9.9 30.04 32.9 9.66 30.04 33.5 7.29 29.98 34.35 7.47
4 16 29.98 34.35 7.47 30.04 33.5 7.29 30.04 33.94 4.88 29.98 34.79 5
4 16 29.98 34.79 5 30.04 33.94 4.88 30.04 34.2 2.45 29.98 35.06 2.51
4 16 29.98 35.06 2.51 30.04 34.2 2.45 30.04 34.28 0 29.98 35.15 0
4 16 29.98 35.15 0 30.04 34.28 0 30.04 34.2 -2.45 29.98 35.06 -2.51
4 16 29.98 35.06 -2.51 30.04 34.2 -2.45 30.04 33.94 -4.88 29.98 34.79 -5
4 16 29.98 34.79 -5 30.04 33.94 -4.88 30.04 33.5 -7.29 29.98 34.35 -7.47
4 16 29.98 34.35 -7.47 30.04 33.5 -7.29 30.04 32.9 -9.66 29.98 33.73 -9.9
4 16 29.98 33.73 -9.9 30.04 32.9 -9.66 30.04 32.12 -11.98 29.98 32.93 -12.28
4 16 29.98 32.93 -12.28 30.04 32.12 -11.98 30.04 31.19 -14.24 29.98 31.97 -14.6
4 16 29.98 31.97 -14.6 30.04 31.19 -14.24 30.04 30.09 -16.43 29.98 30.85 -16.85
4 16 29.98 30.85 -16.85 30.04 30.09 -16.43 30.04 28.84 -18.54 29.98 29.57 -19
4 16 29.98 29.57 -19 30.04 28.84 -18.54 30.04 27.45 -20.55 29.98 28.14 -21.06
4 16 29.98 28.14 -21.06 30.04 27.45 -20.55 30.04 25.91 -22.45 29.98 26.56 -23.02
4 16 29.98 26.56 -23.02 30.04 25.91 -22.45 30.04 24.24 -24.24 29.98 24.85 -24.85
4 16 29.98 24.85 -24.85 30.04 24.24 -24.24 30.04 22.45 -25.91 29.98 23.02 -26.56
4 16 29.98 23.02 -26.56 30.04 22.45 -25.91 30.04 20.55 -27.45 29.98 21.06 -28.14
4 16 29.98 21.06 -28.14 30.04 20.55 -27.45 30.04 18.54 -28.84 29.98 19 -29.57
4 16 29.98 19 -29.57 30.04 18.54 -28.84 30.04 16.43 -30.09 29.98 16.85 -30.85
4 16 29.98 16.85 -30.85 30.04 16.43 -30.09 30.04 14.24 -31.19 29.98 14.6 -31.97
4 16 29.98 14.6 -31.97 30.04 14.24 -31.19 30.04 11.98 -32.12 29.98 12.28 -32.93
4 16 29.98 12.28 -32.93 30.04 11.98 -32.12 30.04 9.66 -32.9 29.98 9.9 -33.73
4 16 29.98 9.9 -33.73 30.04 9.66 -32.9 30.04 7.29 -33.5 29.98 7.47 -34.35
4 16 29.98 7.47 -34.35 30.04 7.29 -33.5 30.04 4.88 -33.94 29.98 5 -34.79
4 16 29.98 5 -34.79 30.04 4.88 -33.94 30.04 2.45 -34.2 29.98 2.51 -35.06
4 16 29.98 2.51 -35.06 30.04 2.45 -34.2 30.04 0 -34.28 29.98 0 -35.15
4 16 29.78 0 36 29.98 0 35.15 29.98 2.51 35.06 29.78 2.57 35.9
4 16 29.78 2.57 35.9 29.98 2.51 35.06 29.98 5 34.79 29.78 5.12 35.63
4 16 29.78 5.12 35.63 29.98 5 34.79 29.98 7.47 34.35 29.78 7.65 35.17
4 16 29.78 7.65 35.17 29.98 7.47 34.35 29.98 9.9 33.73 29.78 10.14 34.54
4 16 29.78 10.14 34.54 29.98 9.9 33.73 29.98 12.28 32.93 29.78 12.58 33.73
4 16 29.78 12.58 33.73 29.98 12.28 32.93 29.98 14.6 31.97 29.78 14.95 32.74
4 16 29.78 14.95 32.74 29.98 14.6 31.97 29.98 16.85 30.85 29.78 17.25 31.59
4 16 29.78 17.25 31.59 29.98 16.85 30.85 29.98 19 29.57 29.78 19.46 30.28
4 16 29.78 19.46 30.28 29.98 19 29.57 29.98 21.06 28.14 29.78 21.57 28.82
4 16 29.78 21.57 28.82 29.98 21.06 28.14 29.98 23.02 26.56 29.78 23.57 27.2
4 16 29.78 23.57 27.2 29.98 23.02 26.56 29.98 24.85 24.85 29.78 25.45 25.45
4 16 29.78 25.45 25.45 29.98 24.85 24.85 29.98 26.56 23.02 29.78 27.2 23.57
4 16 29.78 27.2 23.57 29.98 26.56 23.02 29.98 28.14 21.06 29.78 28.82 21.57
4 16 29.78 28.82 21.57 29.98 28.14 21.06 29.98 29.57 19 29.78 30.28 19.46
4 16 29.78 30.28 19.46 29.98 29.57 19 29.98 30.85 16.85 29.78 31.59 17.25
4 16 29.78 31.59 17.25 29.98 30.85 16.85 29.98 31.97 14.6 29.78 32.74 14.95
4 16 29.78 32.74 14.95 29.98 31.97 14.6 29.98 32.93 12.28 29.78 33.73 12.58
4 16 29.78 33.73 12.58 29.98 32.93 12.28 29.98 33.73 9.9 29.78 34.54 10.14
4 16 29.78 34.54 10.14 29.98 33.73 9.9 29.98 34.35 7.47 29.78 35.17 7.65
4 16 29.78 35.17 7.65 29.98 34.35 7.47 29.98 34.79 5 29.78 35.63 5.12
4 16 29.78 35.63 5.12 29.98 34.79 5 29.98 35.06 2.51 29.78 35.9 2.57
4 16 29.78 35.9 2.57 29.98 35.06 2.51 29.98 35.15 0 29.78 36 0
4 16 29.78 36 0 29.98 35.15 0 29.98 35.06 -2.51 29.78 35.9 -2.57
4 16 29.78 35.9 -2.57 29.98 35.06 -2.51 29.98 34.79 -5 29.78 35.63 -5.12
4 16 29.78 35.63 -5.12 29.98 34.79 -5 29.98 34.35 -7.47 29.78 35.17 -7.65
4 16 29.78 35.17 -7.65 29.98 34.35 -7.47 29.98 33.73 -9.9 29.78 34.54 -10.14
4 16 29.78 34.54 -10.14 29.98 33.73 -9.9 29.98 32.93 -12.28 29.78 33.73 -12.58
4 16 29.78 33.73 -12.58 29.98 32.93 -12.28 29.98 31.97 -14.6 29.78 32.74 -14.95
4 16 29.78 32.74 -14.95 29.98 31.97 -14.6 29.98 30.85 -16.85 29.78 31.59 -17.25
4 16 29.78 31.59 -17.25 29.98 30.85 -16.85 29.98 29.57 -19 29.78 30.28 -19.46
4 16 29.78 30.28 -19.46 29.98 29.57 -19 29.98 28.14 -21.06 29.78 28.82 -21.57
4 16 29.78 28.82 -21.57 29.98 28.14 -21.06 29.98 26.56 -23.02 29.78 27.2 -23.57
4 16 29.78 27.2 -23.57 29.98 26.56 -23.02 29.98 24.85 -24.85 29.78 25.45 -25.45
4 16 29.78 25.45 -25.45 29.98 24.85 -24.85 29.98 23.02 -26.56 29.78 23.57 -27.2
4 16 29.78 23.57 -27.2 29.98 23.02 -26.56 29.98 21.06 -28.14 29.78 21.57 -28.82
4 16 29.78 21.57 -28.82 29.98 21.06 -28.14 29.98 19 -29.57 29.78 19.46 -30.28
4 16 29.78 19.46 -30.28 29.98 19 -29.57 29.98 16.85 -30.85 29.78 17.25 -31.59
4 16 29.78 17.25 -31.59 29.98 16.85 -30.85 29.98 14.6 -31.97 29.78 14.95 -32.74
4 16 29.78 14.95 -32.74 29.98 14.6 -31.97 29.98 12.28 -32.93 29.78 12.58 -33.73
4 16 29.78 12.58 -33.73 29.98 12.28 -32.93 29.98 9.9 -33.73 29.78 10.14 -34.54
4 16 29.78 10.14 -34.54 29.98 9.9 -33.73 29.98 7.47 -34.35 29.78 7.65 -35.17
4 16 29.78 7.65 -35.17 29.98 7.47 -34.35 29.98 5 -34.79 29.78 5.12 -35.63
4 16 29.78 5.12 -35.63 29.98 5 -34.79 29.98 2.51 -35.06 29.78 2.57 -35.9
4 16 29.78 2.57 -35.9 29.98 2.51 -35.06 29.98 0 -35.15 29.78 0 -36
4 16 29.45 0 36.8 29.78 0 36 29.78 2.57 35.9 29.45 2.63 36.7
4 16 29.45 2.63 36.7 29.78 2.57 35.9 29.78 5.12 35.63 29.45 5.24 36.42
4 16 29.45 5.24 36.42 29.78 5.12 35.63 29.78 7.65 35.17 29.45 7.82 35.96
4 16 29.45 7.82 35.96 29.78 7.65 35.17 29.78 10.14 34.54 29.45 10.37 35.31
4 16 29.45 10.37 35.31 29.78 10.14 34.54 29.78 12.58 33.73 29.45 12.86 34.48
4 16 29.45 12.86 34.48 29.78 12.58 33.73 29.78 14.95 32.74 29.45 15.29 33.47
4 16 29.45 15.29 33.47 29.78 14.95 32.74 29.78 17.25 31.59 29.45 17.64 32.3
4 16 29.45 17.64 32.3 29.78 17.25 31.59 29.78 19.46 30.28 29.45 19.89 30.96
4 16 29.45 19.89 30.96 29.78 19.46 30.28 29.78 21.57 28.82 29.45 22.05 29.46
4 16 29.45 22.05 29.46 29.78 21.57 28.82 29.78 23.57 27.2 29.45 24.1 27.81
4 16 29.45 24.1 27.81 29.78 23.57 27.2 29.78 25.45 25.45 29.45 26.02 26.02
4 16 29.45 26.02 26.02 29.78 25.45 25.45 29.78 27.2 23.57 29.45 27.81 24.1
4 16 29.45 27.81 24.1 29.78 27.2 23.57 29.78 28.82 21.57 29.45 29.46 22.05
4 16 29.45 29.46 22.05 29.78 28.82 21.57 29.78 30.28 19.46 29.45 30.96 19.89
4 16 29.45 30.96 19.89 29.78 30.28 19.46 29.78 31.59 17.25 29.45 32.3 17.64
4 16 29.45 32.3 17.64 29.78 31.59 17.25 29.78 32.74 14.95 29.45 33.47 15.29
4 16 29.45 33.47 15.29 29.78 32.74 14.95 29.78 33.73 12.58 29.45 34.48 12.86
4 16 29.45 34.48 12.86 29.78 33.73 12.58 29.78 34.54 10.14 29.45 35.31 10.37
4 16 29.45 35.31 10.37 29.78 34.54 10.14 29.78 35.17 7.65 29.45 35.96 7.82
4 16 29.45 35.96 7.82 29.78 35.17 7.65 29.78 35.63 5.12 29.45 36.42 5.24
4 16 29.45 36.42 5.24 29.78 35.63 5.12 29.78 35.9 2.57 29.45 36.7 2.63
4 16 29.45 36.7 2.63 29.78 35.9 2.57 29.78 36 0 29.45 36.8 0
4 16 29.45 36.8 0 29.78 36 0 29.78 35.9 -2.57 29.45 36.7 -2.63
4 16 29.45 36.7 -2.63 29.78 35.9 -2.57 29.78 35.63 -5.12 29.45 36.42 -5.24
4 16 29.45 36.42 -5.24 29.78 35.63 -5.12 29.78 35.17 -7.65 29.45 35.96 -7.82
4 16 29.45 35.96 -7.82 29.78 35.17 -7.65 29.78 34.54 -10.14 29.45 35.31 -10.37
4 16 29.45 35.31 -10.37 29.78 34.54 -10.14 29.78 33.73 -12.58 29.45 34.48 -12.86
4 16 29.45 34.48 -12.86 29.78 33.73 -12.58 29.78 32.74 -14.95 29.45 33.47 -15.29
4 16 29.45 33.47 -15.29 29.78 32.74 -14.95 29.78 31.59 -17.25 29.45 32.3 -17.64
4 16 29.45 32.3 -17.64 29.78 31.59 -17.25 29.78 30.28 -19.46 29.45 30.96 -19.89
4 16 29.45 30.96 -19.89 29.78 30.28 -19.46 29.78 28.82 -21.57 29.45 29.46 -22.05
4 16 29.45 29.46 -22.05 29.78 28.82 -21.57 29.78 27.2 -23.57 29.45 27.81 -24.1
4 16 29.45 27.81 -24.1 29.78 27.2 -23.57 29.78 25.45 -25.45 29.45 26.02 -26.02
4 16 29.45 26.02 -26.02 29.78 25.45 -25.45 29.78 23.57 -27.2 29.45 24.1 -27.81
4 16 29.45 24.1 -27.81 29.78 23.57 -27.2 29.78 21.57 -28.82 29.45 22.05 -29.46
4 16 29.45 22.05 -29.46 29.78 21.57 -28.82 29.78 19.46 -30.28 29.45 19.89 -30.96
4 16 29.45 19.89 -30.96 29.78 19.46 -30.28 29.78 17.25 -31.59 29.45 17.64 -32.3
4 16 29.45 17.64 -32.3 29.78 17.25 -31.59 29.78 14.95 -32.74 29.45 15.29 -33.47
4 16 29.45 15.29 -33.47 29.78 14.95 -32.74 29.78 12.58 -33.73 29.45 12.86 -34.48
4 16 29.45 12.86 -34.48 29.78 12.58 -33.73 29.78 10.14 -34.54 29.45 10.37 -35.31
4 16 29.45 10.37 -35.31 29.78 10.14 -34.54 29.78 7.65 -35.17 29.45 7.82 -35.96
4 16 29.45 7.82 -35.96 29.78 7.65 -35.17 29.78 5.12 -35.63 29.45 5.24 -36.42
4 16 29.45 5.24 -36.42 29.78 5.12 -35.63 29.78 2.57 -35.9 29.45 2.63 -36.7
4 16 29.45 2.63 -36.7 29.78 2.57 -35.9 29.78 0 -36 29.45 0 -36.8
4 16 29 0 37.54 29.45 0 36.8 29.45 2.63 36.7 29 2.68 37.44
4 16 29 2.68 37.44 29.45 2.63 36.7 29.45 5.24 36.42 29 5.34 37.16
4 16 29 5.34 37.16 29.45 5.24 36.42 29.45 7.82 35.96 29 7.98 36.68
4 16 29 7.98 36.68 29.45 7.82 35.96 29.45 10.37 35.31 29 10.58 36.02
4 16 29 10.58 36.02 29.45 10.37 35.31 29.45 12.86 34.48 29 13.12 35.17
4 16 29 13.12 35.17 29.45 12.86 34.48 29.45 15.29 33.47 29 15.59 34.15
4 16 29 15.59 34.15 29.45 15.29 33.47 29.45 17.64 32.3 29 17.99 32.95
4 16 29 17.99 32.95 29.45 17.64 32.3 29.45 19.89 30.96 29 20.29 31.58
4 16 29 20.29 31.58 29.45 19.89 30.96 29.45 22.05 29.46 29 22.5 30.05
4 16 29 22.5 30.05 29.45 22.05 29.46 29.45 24.1 27.81 29 24.58 28.37
4 16 29 24.58 28.37 29.45 24.1 27.81 29.45 26.02 26.02 29 26.54 26.54
4 16 29 26.54 26.54 29.45 26.02 26.02 29.45 27.81 24.1 29 28.37 24.58
4 16 29 28.37 24.58 29.45 27.81 24.1 29.45 29.46 22.05 29 30.05 22.5
4 16 29 30.05 22.5 29.45 29.46 22.05 29.45 30.96 19.89 29 31.58 20.29
4 16 29 31.58 20.29 29.45 30.96 19.89 29.45 32.3 17.64 29 32.95 17.99
4 16 29 32.95 17.99 29.45 32.3 17.64 29.45 33.47 15.29 29 34.15 15.59
4 16 29 34.15 15.59 29.45 33.47 15.29 29.45 34.48 12.86 29 35.17 13.12
4 16 29 35.17 13.12 29.45 34.48 12.86 29.45 35.31 10.37 29 36.02 10.58
4 16 29 36.02 10.58 29.45 35.31 10.37 29.45 35.96 7.82 29 36.68 7.98
4 16 29 36.68 7.98 29.45 35.96 7.82 29.45 36.42 5.24 29 37.16 5.34
4 16 29 37.16 5.34 29.45 36.42 5.24 29.45 36.7 2.63 29 37.44 2.68
4 16 29 37.44 2.68 29.45 36.7 2.63 29.45 36.8 0 29 37.54 0
4 16 29 37.54 0 29.45 36.8 0 29.45 36.7 -2.63 29 37.44 -2.68
4 16 29 37.44 -2.68 29.45 36.7 -2.63 29.45 36.42 -5.24 29 37.16 -5.34
4 16 29 37.16 -5.34 29.45 36.42 -5.24 29.45 35.96 -7.82 29 36.68 -7.98
4 16 29 36.68 -7.98 29.45 35.96 -7.82 29.45 35.31 -10.37 29 36.02 -10.58
4 16 29 36.02 -10.58 29.45 35.31 -10.37 29.45 34.48 -12.86 29 35.17 -13.12
4 16 29 35.17 -13.12 29.45 34.48 -12.86 29.45 33.47 -15.29 29 34.15 -15.59
4 16 29 34.15 -15.59 29.45 33.47 -15.29 29.45 32.3 -17.64 29 32.95 -17.99
4 16 29 32.95 -17.99 29.45 32.3 -17.64 29.45 30.96 -19.89 29 31.58 -20.29
4 16 29 31.58 -20.29 29.45 30.96 -19.89 29.45 29.46 -22.05 29 30.05 -22.5
4 16 29 30.05 -22.5 29.45 29.46 -22.05 29.45 27.81 -24.1 29 28.37 -24.58
4 16 29 28.37 -24.58 29.45 27.81 -24.1 29.45 26.02 -26.02 29 26.54 -26.54
4 16 29 26.54 -26.54 29.45 26.02 -26.02 29.45 24.1 -27.81 29 24.58 -28.37
4 16 29 24.58 -28.37 29.45 24.1 -27.81 29.45 22.05 -29.46 29 22.5 -30.05
4 16 29 22.5 -30.05 29.45 22.05 -29.46 29.45 19.89 -30.96 29 20.29 -31.58
4 16 29 20.29 -31.58 29.45 19.89 -30.96 29.45 17.64 -32.3 29 17.99 -32.95
4 16 29 17.99 -32.95 29.45 17.64 -32.3 29.45 15.29 -33.47 29 15.59 -34.15
4 16 29 15.59 -34.15 29.45 15.29 -33.47 29.45 12.86 -34.48 29 13.12 -35.17
4 16 29 13.12 -35.17 29.45 12.86 -34.48 29.45 10.37 -35.31 29 10.58 -36.02
4 16 29 10.58 -36.02 29.45 10.37 -35.31 29.45 7.82 -35.96 29 7.98 -36.68
4 16 29 7.98 -36.68 29.45 7.82 -35.96 29.45 5.24 -36.42 29 5.34 -37.16
4 16 29 5.34 -37.16 29.45 5.24 -36.42 29.45 2.63 -36.7 29 2.68 -37.44
4 16 29 2.68 -37.44 29.45 2.63 -36.7 29.45 0 -36.8 29 0 -37.54
4 16 28.43 0 38.2 29 0 37.54 29 2.68 37.44 28.43 2.73 38.1
4 16 28.43 2.73 38.1 29 2.68 37.44 29 5.34 37.16 28.43 5.44 37.81
4 16 28.43 5.44 37.81 29 5.34 37.16 29 7.98 36.68 28.43 8.12 37.32
4 16 28.43 8.12 37.32 29 7.98 36.68 29 10.58 36.02 28.43 10.76 36.65
4 16 28.43 10.76 36.65 29 10.58 36.02 29 13.12 35.17 28.43 13.35 35.79
4 16 28.43 13.35 35.79 29 13.12 35.17 29 15.59 34.15 28.43 15.87 34.75
4 16 28.43 15.87 34.75 29 15.59 34.15 29 17.99 32.95 28.43 18.31 33.53
4 16 28.43 18.31 33.53 29 17.99 32.95 29 20.29 31.58 28.43 20.65 32.13
4 16 28.43 20.65 32.13 29 20.29 31.58 29 22.5 30.05 28.43 22.89 30.58
4 16 28.43 22.89 30.58 29 22.5 30.05 29 24.58 28.37 28.43 25.01 28.87
4 16 28.43 25.01 28.87 29 24.58 28.37 29 26.54 26.54 28.43 27.01 27.01
4 16 28.43 27.01 27.01 29 26.54 26.54 29 28.37 24.58 28.43 28.87 25.01
4 16 28.43 28.87 25.01 29 28.37 24.58 29 30.05 22.5 28.43 30.58 22.89
4 16 28.43 30.58 22.89 29 30.05 22.5 29 31.58 20.29 28.43 32.13 20.65
4 16 28.43 32.13 20.65 29 31.58 20.29 29 32.95 17.99 28.43 33.53 18.31
4 16 28.43 33.53 18.31 29 32.95 17.99 29 34.15 15.59 28.43 34.75 15.87
4 16 28.43 34.75 15.87 29 34.15 15.59 29 35.17 13.12 28.43 35.79 13.35
4 16 28.43 35.79 13.35 29 35.17 13.12 29 36.02 10.58 28.43 36.65 10.76
4 16 28.43 36.65 10.76 29 36.02 10.58 29 36.68 7.98 28.43 37.32 8.12
4 16 28.43 37.32 8.12 29 36.68 7.98 29 37.16 5.34 28.43 37.81 5.44
4 16 28.43 37.81 5.44 29 37.16 5.34 29 37.44 2.68 28.43 38.1 2.73
4 16 28.43 38.1 2.73 29 37.44 2.68 29 37.54 0 28.43 38.2 0
4 16 28.43 38.2 0 29 37.54 0 29 37.44 -2.68 28.43 38.1 -2.73
4 16 28.43 38.1 -2.73 29 37.44 -2.68 29 37.16 -5.34 28.43 37.81 -5.44
4 16 28.43 37.81 -5.44 29 37.16 -5.34 29 36.68 -7.98 28.43 37.32 -8.12
4 16 28.43 37.32 -8.12 29 36.68 -7.98 29 36.02 -10.58 28.43 36.65 -10.76
4 16 28.43 36.65 -10.76 29 36.02 -10.58 29 35.17 -13.12 28.43 35.79 -13.35
4 16 28.43 35.79 -13.35 29 35.17 -13.12 29 34.15 -15.59 28.43 34.75 -15.87
4 16 28.43 34.75 -15.87 29 34.15 -15.59 29 32.95 -17.99 28.43 33.53 -18.31
4 16 28.43 33.53 -18.31 29 32.95 -17.99 29 31.58 -20.29 28.43 32.13 -20.65
4 16 28.43 32.13 -20.65 29 31.58 -20.29 29 30.05 -22.5 28.43 30.58 -22.89
4 16 28.43 30.58 -22.89 29 30.05 -22.5 29 28.37 -24.58 28.43 28.87 -25.01
4 16 28.43 28.87 -25.01 29 28.37 -24.58 29 26.54 -26.54 28.43 27.01 -27.01
4 16 28.43 27.01 -27.01 29 26.54 -26.54 29 24.58 -28.37 28.43 25.01 -28.87
4 16 28.43 25.01 -28.87 29 24.58 -28.37 29 22.5 -30.05 28.43 22.89 -30.58
4 16 28.43 22.89 -30.58 29 22.5 -30.05 29 20.29 -31.58 28.43 20.65 -32.13
4 16 28.43 20.65 -32.13 29 20.29 -31.58 29 17.99 -32.95 28.43 18.31 -33.53
4 16 28.43 18.31 -33.53 29 17.99 -32.95 29 15.59 -34.15 28.43 15.87 -34.75
4 16 28.43 15.87 -34.75 29 15.59 -34.15 29 13.12 -35.17 28.43 13.35 -35.79
4 16 28.43 13.35 -35.79 29 13.12 -35.17 29 10.58 -36.02 28.43 10.76 -36.65
4 16 28.43 10.76 -36.65 29 10.58 -36.02 29 7.98 -36.68 28.43 8.12 -37.32
4 16 28.43 8.12 -37.32 29 7.98 -36.68 29 5.34 -37.16 28.43 5.44 -37.81
4 16 28.43 5.44 -37.81 29 5.34 -37.16 29 2.68 -37.44 28.43 2.73 -38.1
4 16 28.43 2.73 -38.1 29 2.68 -37.44 29 0 -37.54 28.43 0 -38.2
4 16 29.98 0 -35.15 30.04 0 -34.28 30.04 -2.45 -34.2 29.98 -2.51 -35.06
4 16 29.98 -2.51 -35.06 30.04 -2.45 -34.2 30.04 -4.88 -33.94 29.98 -5 -34.79
4 16 29.98 -5 -34.79 30.04 -4.88 -33.94 30.04 -7.29 -33.5 29.98 -7.47 -34.35
4 16 29.98 -7.47 -34.35 30.04 -7.29 -33.5 30.04 -9.66 -32.9 29.98 -9.9 -33.73
4 16 29.98 -9.9 -33.73 30.04 -9.66 -32.9 30.04 -11.98 -32.12 29.98 -12.28 -32.93
4 16 29.98 -12.28 -32.93 30.04 -11.98 -32.12 30.04 -14.24 -31.19 29.98 -14.6 -31.97
4 16 29.98 -14.6 -31.97 30.04 -14.24 -31.19 30.04 -16.43 -30.09 29.98 -16.85 -30.85
4 16 29.98 -16.85 -30.85 30.04 -16.43 -30.09 30.04 -18.54 -28.84 29.98 -19 -29.57
4 16 29.98 -19 -29.57 30.04 -18.54 -28.84 30.04 -20.55 -27.45 29.98 -21.06 -28.14
4 16 29.98 -21.06 -28.14 30.04 -20.55 -27.45 30.04 -22.45 -25.91 29.98 -23.02 -26.56
4 16 29.98 -23.02 -26.56 30.04 -22.45 -25.91 30.04 -24.24 -24.24 29.98 -24.85 -24.85
4 16 29.98 -24.85 -24.85 30.04 -24.24 -24.24 30.04 -25.91 -22.45 29.98 -26.56 -23.02
4 16 29.98 -26.56 -23.02 30.04 -25.91 -22.45 30.04 -27.45 -20.55 29.98 -28.14 -21.06
4 16 29.98 -28.14 -21.06 30.04 -27.45 -20.55 30.04 -28.84 -18.54 29.98 -29.57 -19
4 16 29.98 -29.57 -19 30.04 -28.84 -18.54 30.04 -30.09 -16.43 29.98 -30.85 -16.85
4 16 29.98 -30.85 -16.85 30.04 -30.09 -16.43 30.04 -31.19 -14.24 29.98 -31.97 -14.6
4 16 29.98 -31.97 -14.6 30.04 -31.19 -14.24 30.04 -32.12 -11.98 29.98 -32.93 -12.28
4 16 29.98 -32.93 -12.28 30.04 -32.12 -11.98 30.04 -32.9 -9.66 29.98 -33.73 -9.9
4 16 29.98 -33.73 -9.9 30.04 -32.9 -9.66 30.04 -33.5 -7.29 29.98 -34.35 -7.47
4 16 29.98 -34.35 -7.47 30.04 -33.5 -7.29 30.04 -33.94 -4.88 29.98 -34.79 -5
4 16 29.98 -34.79 -5 30.04 -33.94 -4.88 30.04 -34.2 -2.45 29.98 -35.06 -2.51
4 16 29.98 -35.06 -2.51 30.04 -34.2 -2.45 30.04 -34.28 0 29.98 -35.15 0
4 16 29.98 -35.15 0 30.04 -34.28 0 30.04 -34.2 2.45 29.98 -35.06 2.51
4 16 29.98 -35.06 2.51 30.04 -34.2 2.45 30.04 -33.94 4.88 29.98 -34.79 5
4 16 29.98 -34.79 5 30.04 -33.94 4.88 30.04 -33.5 7.29 29.98 -34.35 7.47
4 16 29.98 -34.35 7.47 30.04 -33.5 7.29 30.04 -32.9 9.66 29.98 -33.73 9.9
4 16 29.98 -33.73 9.9 30.04 -32.9 9.66 30.04 -32.12 11.98 29.98 -32.93 12.28
4 16 29.98 -32.93 12.28 30.04 -32.12 11.98 30.04 -31.19 14.24 29.98 -31.97 14.6
4 16 29.98 -31.97 14.6 30.04 -31.19 14.24 30.04 -30.09 16.43 29.98 -30.85 16.85
4 16 29.98 -30.85 16.85 30.04 -30.09 16.43 30.04 -28.84 18.54 29.98 -29.57 19
4 16 29.98 -29.57 19 30.04 -28.84 18.54 30.04 -27.45 20.55 29.98 -28.14 21.06
4 16 29.98 -28.14 21.06 30.04 -27.45 20.55 30.04 -25.91 22.45 29.98 -26.56 23.02
4 16 29.98 -26.56 23.02 30.04 -25.91 22.45 30.04 -24.24 24.24 29.98 -24.85 24.85
4 16 29.98 -24.85 24.85 30.04 -24.24 24.24 30.04 -22.45 25.91 29.98 -23.02 26.56
4 16 29.98 -23.02 26.56 30.04 -22.45 25.91 30.04 -20.55 27.45 29.98 -21.06 28.14
4 16 29.98 -21.06 28.14 30.04 -20.55 27.45 30.04 -18.54 28.84 29.98 -19 29.57
4 16 29.98 -19 29.57 30.04 -18.54 28.84 30.04 -16.43 30.09 29.98 -16.85 30.85
4 16 29.98 -16.85 30.85 30.04 -16.43 30.09 30.04 -14.24 31.19 29.98 -14.6 31.97
4 16 29.98 -14.6 31.97 30.04 -14.24 31.19 30.04 -11.98 32.12 29.98 -12.28 32.93
4 16 29.98 -12.28 32.93 30.04 -11.98 32.12 30.04 -9.66 32.9 29.98 -9.9 33.73
4 16 29.98 -9.9 33.73 30.04 -9.66 32.9 30.04 -7.29 33.5 29.98 -7.47 34.35
4 16 29.98 -7.47 34.35 30.04 -7.29 33.5 30.04 -4.88 33.94 29.98 -5 34.79
4 16 29.98 -5 34.79 30.04 -4.88 33.94 30.04 -2.45 34.2 29.98 -2.51 35.06
4 16 29.98 -2.51 35.06 30.04 -2.45 34.2 30.04 0 34.28 29.98 0 35.15
4 16 29.78 0 -36 29.98 0 -35.15 29.98 -2.51 -35.06 29.78 -2.57 -35.9
4 16 29.78 -2.57 -35.9 29.98 -2.51 -35.06 29.98 -5 -34.79 29.78 -5.12 -35.63
4 16 29.78 -5.12 -35.63 29.98 -5 -34.79 29.98 -7.47 -34.35 29.78 -7.65 -35.17
4 16 29.78 -7.65 -35.17 29.98 -7.47 -34.35 29.98 -9.9 -33.73 29.78 -10.14 -34.54
4 16 29.78 -10.14 -34.54 29.98 -9.9 -33.73 29.98 -12.28 -32.93 29.78 -12.58 -33.73
4 16 29.78 -12.58 -33.73 29.98 -12.28 -32.93 29.98 -14.6 -31.97 29.78 -14.95 -32.74
4 16 29.78 -14.95 -32.74 29.98 -14.6 -31.97 29.98 -16.85 -30.85 29.78 -17.25 -31.59
4 16 29.78 -17.25 -31.59 29.98 -16.85 -30.85 29.98 -19 -29.57 29.78 -19.46 -30.28
4 16 29.78 -19.46 -30.28 29.98 -19 -29.57 29.98 -21.06 -28.14 29.78 -21.57 -28.82
4 16 29.78 -21.57 -28.82 29.98 -21.06 -28.14 29.98 -23.02 -26.56 29.78 -23.57 -27.2
4 16 29.78 -23.57 -27.2 29.98 -23.02 -26.56 29.98 -24.85 -24.85 29.78 -25.45 -25.45
4 16 29.78 -25.45 -25.45 29.98 -24.85 -24.85 29.98 -26.56 -23.02 29.78 -27.2 -23.57
4 16 29.78 -27.2 -23.57 29.98 -26.56 -23.02 29.98 -28.14 -21.06 29.78 -28.82 -21.57
4 16 29.78 -28.82 -21.57 29.98 -28.14 -21.06 29.98 -29.57 -19 29.78 -30.28 -19.46
4 16 29.78 -30.28 -19.46 29.98 -29.57 -19 29.98 -30.85 -16.85 29.78 -31.59 -17.25
4 16 29.78 -31.59 -17.25 29.98 -30.85 -16.85 29.98 -31.97 -14.6 29.78 -32.74 -14.95
4 16 29.78 -32.74 -14.95 29.98 -31.97 -14.6 29.98 -32.93 -12.28 29.78 -33.73 -12.58
4 16 29.78 -33.73 -12.58 29.98 -32.93 -12.28 29.98 -33.73 -9.9 29.78 -34.54 -10.14
4 16 29.78 -34.54 -10.14 29.98 -33.73 -9.9 29.98 -34.35 -7.47 29.78 -35.17 -7.65
4 16 29.78 -35.17 -7.65 29.98 -34.35 -7.47 29.98 -34.79 -5 29.78 -35.63 -5.12
4 16 29.78 -35.63 -5.12 29.98 -34.79 -5 29.98 -35.06 -2.51 29.78 -35.9 -2.57
4 16 29.78 -35.9 -2.57 29.98 -35.06 -2.51 29.98 -35.15 0 29.78 -36 0
4 16 29.78 -36 0 29.98 -35.15 0 29.98 -35.06 2.51 29.78 -35.9 2.57
4 16 29.78 -35.9 2.57 29.98 -35.06 2.51 29.98 -34.79 5 29.78 -35.63 5.12
4 16 29.78 -35.63 5.12 29.98 -34.79 5 29.98 -34.35 7.47 29.78 -35.17 7.65
4 16 29.78 -35.17 7.65 29.98 -34.35 7.47 29.98 -33.73 9.9 29.78 -34.54 10.14
4 16 29.78 -34.54 10.14 29.98 -33.73 9.9 29.98 -32.93 12.28 29.78 -33.73 12.58
4 16 29.78 -33.73 12.58 29.98 -32.93 12.28 29.98 -31.97 14.6 29.78 -32.74 14.95
4 16 29.78 -32.74 14.95 29.98 -31.97 14.6 29.98 -30.85 16.85 29.78 -31.59 17.25
4 16 29.78 -31.59 17.25 29.98 -30.85 16.85 29.98 -29.57 19 29.78 -30.28 19.46
4 16 29.78 -30.28 19.46 29.98 -29.57 19 29.98 -28.14 21.06 29.78 -28.82 21.57
4 16 29.78 -28.82 21.57 29.98 -28.14 21.06 29.98 -26.56 23.02 29.78 -27.2 23.57
4 16 29.78 -27.2 23.57 29.98 -26.56 23.02 29.98 -24.85 24.85 29.78 -25.45 25.45
4 16 29.78 -25.45 25.45 29.98 -24.85 24.85 29.98 -23.02 26.56 29.78 -23.57 27.2
4 16 29.78 -23.57 27.2 29.98 -23.02 26.56 29.98 -21.06 28.14 29.78 -21.57 28.82
4 16 29.78 -21.57 28.82 29.98 -21.06 28.14 29.98 -19 29.57 29.78 -19.46 30.28
4 16 29.78 -19.46 30.28 29.98 -19 29.57 29.98 -16.85 30.85 29.78 -17.25 31.59
4 16 29.78 -17.25 31.59 29.98 -16.85 30.85 29.98 -14.6 31.97 29.78 -14.95 32.74
4 16 29.78 -14.95 32.74 29.98 -14.6 31.97 29.98 -12.28 32.93 29.78 -12.58 33.73
4 16 29.78 -12.58 33.73 29.98 -12.28 32.93 29.98 -9.9 33.73 29.78 -10.14 34.54
4 16 29.78 -10.14 34.54 29.98 -9.9 33.73 29.98 -7.47 34.35 29.78 -7.65 35.17
4 16 29.78 -7.65 35.17 29.98 -7.47 34.35 29.98 -5 34.79 29.78 -5.12 35.63
4 16 29.78 -5.12 35.63 29.98 -5 34.79 29.98 -2.51 35.06 29.78 -2.57 35.9
4 16 29.78 -2.57 35.9 29.98 -2.51 35.06 29.98 0 35.15 29.78 0 36
4 16 29.45 0 -36.8 29.78 0 -36 29.78 -2.57 -35.9 29.45 -2.63 -36.7
4 16 29.45 -2.63 -36.7 29.78 -2.57 -35.9 29.78 -5.12 -35.63 29.45 -5.24 -36.42
4 16 29.45 -5.24 -36.42 29.78 -5.12 -35.63 29.78 -7.65 -35.17 29.45 -7.82 -35.96
4 16 29.45 -7.82 -35.96 29.78 -7.65 -35.17 29.78 -10.14 -34.54 29.45 -10.37 -35.31
4 16 29.45 -10.37 -35.31 29.78 -10.14 -34.54 29.78 -12.58 -33.73 29.45 -12.86 -34.48
4 16 29.45 -12.86 -34.48 29.78 -12.58 -33.73 29.78 -14.95 -32.74 29.45 -15.29 -33.47
4 16 29.45 -15.29 -33.47 29.78 -14.95 -32.74 29.78 -17.25 -31.59 29.45 -17.64 -32.3
4 16 29.45 -17.64 -32.3 29.78 -17.25 -31.59 29.78 -19.46 -30.28 29.45 -19.89 -30.96
4 16 29.45 -19.89 -30.96 29.78 -19.46 -30.28 29.78 -21.57 -28.82 29.45 -22.05 -29.46
4 16 29.45 -22.05 -29.46 29.78 -21.57 -28.82 29.78 -23.57 -27.2 29.45 -24.1 -27.81
4 16 29.45 -24.1 -27.81 29.78 -23.57 -27.2 29.78 -25.45 -25.45 29.45 -26.02 -26.02
4 16 29.45 -26.02 -26.02 29.78 -25.45 -25.45 29.78 -27.2 -23.57 29.45 -27.81 -24.1
4 16 29.45 -27.81 -24.1 29.78 -27.2 -23.57 29.78 -28.82 -21.57 29.45 -29.46 -22.05
4 16 29.45 -29.46 -22.05 29.78 -28.82 -21.57 29.78 -30.28 -19.46 29.45 -30.96 -19.89
4 16 29.45 -30.96 -19.89 29.78 -30.28 -19.46 29.78 -31.59 -17.25 29.45 -32.3 -17.64
4 16 29.45 -32.3 -17.64 29.78 -31.59 -17.25 29.78 -32.74 -14.95 29.45 -33.47 -15.29
4 16 29.45 -33.47 -15.29 29.78 -32.74 -14.95 29.78 -33.73 -12.58 29.45 -34.48 -12.86
4 16 29.45 -34.48 -12.86 29.78 -33.73 -12.58 29.78 -34.54 -10.14 29.45 -35.31 -10.37
4 16 29.45 -35.31 -10.37 29.78 -34.54 -10.14 29.78 -35.17 -7.65 29.45 -35.96 -7.82
4 16 29.45 -35.96 -7.82 29.78 -35.17 -7.65 29.78 -35.63 -5.12 29.45 -36.42 -5.24
4 16 29.45 -36.42 -5.24 29.78 -35.63 -5.12 29.78 -35.9 -2.57 29.45 -36.7 -2.63
4 16 29.45 -36.7 -2.63 29.78 -35.9 -2.57 29.78 -36 0 29.45 -36.8 0
4 16 29.45 -36.8 0 29.78 -36 0 29.78 -35.9 2.57 29.45 -36.7 2.63
4 16 29.45 -36.7 2.63 29.78 -35.9 2.57 29.78 -35.63 5.12 29.45 -36.42 5.24
4 16 29.45 -36.42 5.24 29.78 -35.63 5.12 29.78 -35.17 7.65 29.45 -35.96 7.82
4 16 29.45 -35.96 7.82 29.78 -35.17 7.65 29.78 -34.54 10.14 29.45 -35.31 10.37
4 16 29.45 -35.31 10.37 29.78 -34.54 10.14 29.78 -33.73 12.58 29.45 -34.48 12.86
4 16 29.45 -34.48 12.86 29.78 -33.73 12.58 29.78 -32.74 14.95 29.45 -33.47 15.29
4 16 29.45 -33.47 15.29 29.78 -32.74 14.95 29.78 -31.59 17.25 29.45 -32.3 17.64
4 16 29.45 -32.3 17.64 29.78 -31.59 17.25 29.78 -30.28 19.46 29.45 -30.96 19.89
4 16 29.45 -30.96 19.89 29.78 -30.28 19.46 29.78 -28.82 21.57 29.45 -29.46 22.05
4 16 29.45 -29.46 22.05 29.78 -28.82 21.57 29.78 -27.2 23.57 29.45 -27.81 24.1
4 16 29.45 -27.81 24.1 29.78 -27.2 23.57 29.78 -25.45 25.45 29.45 -26.02 26.02
4 16 29.45 -26.02 26.02 29.78 -25.45 25.45 29.78 -23.57 27.2 29.45 -24.1 27.81
4 16 29.45 -24.1 27.81 29.78 -23.57 27.2 29.78 -21.57 28.82 29.45 -22.05 29.46
4 16 29.45 -22.05 29.46 29.78 -21.57 28.82 29.78 -19.46 30.28 29.45 -19.89 30.96
4 16 29.45 -19.89 30.96 29.78 -19.46 30.28 29.78 -17.25 31.59 29.45 -17.64 32.3
4 16 29.45 -17.64 32.3 29.78 -17.25 31.59 29.78 -14.95 32.74 29.45 -15.29 33.47
4 16 29.45 -15.29 33.47 29.78 -14.95 32.74 29.78 -12.58 33.73 29.45 -12.86 34.48
4 16 29.45 -12.86 34.48 29.78 -12.58 33.73 29.78 -10.14 34.54 29.45 -10.37 35.31
4 16 29.45 -10.37 35.31 29.78 -10.14 34.54 29.78 -7.65 35.17 29.45 -7.82 35.96
4 16 29.45 -7.82 35.96 29.78 -7.65 35.17 29.78 -5.12 35.63 29.45 -5.24 36.42
4 16 29.45 -5.24 36.42 29.78 -5.12 35.63 29.78 -2.57 35.9 29.45 -2.63 36.7
4 16 29.45 -2.63 36.7 29.78 -2.57 35.9 29.78 0 36 29.45 0 36.8
4 16 29 0 -37.54 29.45 0 -36.8 29.45 -2.63 -36.7 29 -2.68 -37.44
4 16 29 -2.68 -37.44 29.45 -2.63 -36.7 29.45 -5.24 -36.42 29 -5.34 -37.16
4 16 29 -5.34 -37.16 29.45 -5.24 -36.42 29.45 -7.82 -35.96 29 -7.98 -36.68
4 16 29 -7.98 -36.68 29.45 -7.82 -35.96 29.45 -10.37 -35.31 29 -10.58 -36.02
4 16 29 -10.58 -36.02 29.45 -10.37 -35.31 29.45 -12.86 -34.48 29 -13.12 -35.17
4 16 29 -13.12 -35.17 29.45 -12.86 -34.48 29.45 -15.29 -33.47 29 -15.59 -34.15
4 16 29 -15.59 -34.15 29.45 -15.29 -33.47 29.45 -17.64 -32.3 29 -17.99 -32.95
4 16 29 -17.99 -32.95 29.45 -17.64 -32.3 29.45 -19.89 -30.96 29 -20.29 -31.58
4 16 29 -20.29 -31.58 29.45 -19.89 -30.96 29.45 -22.05 -29.46 29 -22.5 -30.05
4 16 29 -22.5 -30.05 29.45 -22.05 -29.46 29.45 -24.1 -27.81 29 -24.58 -28.37
4 16 29 -24.58 -28.37 29.45 -24.1 -27.81 29.45 -26.02 -26.02 29 -26.54 -26.54
4 16 29 -26.54 -26.54 29.45 -26.02 -26.02 29.45 -27.81 -24.1 29 -28.37 -24.58
4 16 29 -28.37 -24.58 29.45 -27.81 -24.1 29.45 -29.46 -22.05 29 -30.05 -22.5
4 16 29 -30.05 -22.5 29.45 -29.46 -22.05 29.45 -30.96 -19.89 29 -31.58 -20.29
4 16 29 -31.58 -20.29 29.45 -30.96 -19.89 29.45 -32.3 -17.64 29 -32.95 -17.99
4 16 29 -32.95 -17.99 29.45 -32.3 -17.64 29.45 -33.47 -15.29 29 -34.15 -15.59
4 16 29 -34.15 -15.59 29.45 -33.47 -15.29 29.45 -34.48 -12.86 29 -35.17 -13.12
4 16 29 -35.17 -13.12 29.45 -34.48 -12.86 29.45 -35.31 -10.37 29 -36.02 -10.58
4 16 29 -36.02 -10.58 29.45 -35.31 -10.37 29.45 -35.96 -7.82 29 -36.68 -7.98
4 16 29 -36.68 -7.98 29.45 -35.96 -7.82 29.45 -36.42 -5.24 29 -37.16 -5.34
4 16 29 -37.16 -5.34 29.45 -36.42 -5.24 29.45 -36.7 -2.63 29 -37.44 -2.68
4 16 29 -37.44 -2.68 29.45 -36.7 -2.63 29.45 -36.8 0 29 -37.54 0
4 16 29 -37.54 0 29.45 -36.8 0 29.45 -36.7 2.63 29 -37.44 2.68
4 16 29 -37.44 2.68 29.45 -36.7 2.63 29.45 -36.42 5.24 29 -37.16 5.34
4 16 29 -37.16 5.34 29.45 -36.42 5.24 29.45 -35.96 7.82 29 -36.68 7.98
4 16 29 -36.68 7.98 29.45 -35.96 7.82 29.45 -35.31 10.37 29 -36.02 10.58
4 16 29 -36.02 10.58 29.45 -35.31 10.37 29.45 -34.48 12.86 29 -35.17 13.12
4 16 29 -35.17 13.12 29.45 -34.48 12.86 29.45 -33.47 15.29 29 -34.15 15.59
4 16 29 -34.15 15.59 29.45 -33.47 15.29 29.45 -32.3 17.64 29 -32.95 17.99
4 16 29 -32.95 17.99 29.45 -32.3 17.64 29.45 -30.96 19.89 29 -31.58 20.29
4 16 29 -31.58 20.29 29.45 -30.96 19.89 29.45 -29.46 22.05 29 -30.05 22.5
4 16 29 -30.05 22.5 29.45 -29.46 22.05 29.45 -27.81 24.1 29 -28.37 24.58
4 16 29 -28.37 24.58 29.45 -27.81 24.1 29.45 -26.02 26.02 29 -26.54 26.54
4 16 29 -26.54 26.54 29.45 -26.02 26.02 29.45 -24.1 27.81 29 -24.58 28.37
4 16 29 -24.58 28.37 29.45 -24.1 27.81 29.45 -22.05 29.46 29 -22.5 30.05
4 16 29 -22.5 30.05 29.45 -22.05 29.46 29.45 -19.89 30.96 29 -20.29 31.58
4 16 29 -20.29 31.58 29.45 -19.89 30.96 29.45 -17.64 32.3 29 -17.99 32.95
4 16 29 -17.99 32.95 29.45 -17.64 32.3 29.45 -15.29 33.47 29 -15.59 34.15
4 16 29 -15.59 34.15 29.45 -15.29 33.47 29.45 -12.86 34.48 29 -13.12 35.17
4 16 29 -13.12 35.17 29.45 -12.86 34.48 29.45 -10.37 35.31 29 -10.58 36.02
4 16 29 -10.58 36.02 29.45 -10.37 35.31 29.45 -7.82 35.96 29 -7.98 36.68
4 16 29 -7.98 36.68 29.45 -7.82 35.96 29.45 -5.24 36.42 29 -5.34 37.16
4 16 29 -5.34 37.16 29.45 -5.24 36.42 29.45 -2.63 36.7 29 -2.68 37.44
4 16 29 -2.68 37.44 29.45 -2.63 36.7 29.45 0 36.8 29 0 37.54
4 16 28.43 0 -38.2 29 0 -37.54 29 -2.68 -37.44 28.43 -2.73 -38.1
4 16 28.43 -2.73 -38.1 29 -2.68 -37.44 29 -5.34 -37.16 28.43 -5.44 -37.81
4 16 28.43 -5.44 -37.81 29 -5.34 -37.16 29 -7.98 -36.68 28.43 -8.12 -37.32
4 16 28.43 -8.12 -37.32 29 -7.98 -36.68 29 -10.58 -36.02 28.43 -10.76 -36.65
4 16 28.43 -10.76 -36.65 29 -10.58 -36.02 29 -13.12 -35.17 28.43 -13.35 -35.79
4 16 28.43 -13.35 -35.79 29 -13.12 -35.17 29 -15.59 -34.15 28.43 -15.87 -34.75
4 16 28.43 -15.87 -34.75 29 -15.59 -34.15 29 -17.99 -32.95 28.43 -18.31 -33.53
4 16 28.43 -18.31 -33.53 29 -17.99 -32.95 29 -20.29 -31.58 28.43 -20.65 -32.13
4 16 28.43 -20.65 -32.13 29 -20.29 -31.58 29 -22.5 -30.05 28.43 -22.89 -30.58
4 16 28.43 -22.89 -30.58 29 -22.5 -30.05 29 -24.58 -28.37 28.43 -25.01 -28.87
4 16 28.43 -25.01 -28.87 29 -24.58 -28.37 29 -26.54 -26.54 28.43 -27.01 -27.01
4 16 28.43 -27.01 -27.01 29 -26.54 -26.54 29 -28.37 -24.58 28.43 -28.87 -25.01
4 16 28.43 -28.87 -25.01 29 -28.37 -24.58 29 -30.05 -22.5 28.43 -30.58 -22.89
4 16 28.43 -30.58 -22.89 29 -30.05 -22.5 29 -31.58 -20.29 28.43 -32.13 -20.65
4 16 28.43 -32.13 -20.65 29 -31.58 -20.29 29 -32.95 -17.99 28.43 -33.53 -18.31
4 16 28.43 -33.53 -18.31 29 -32.95 -17.99 29 -34.15 -15.59 28.43 -34.75 -15.87
4 16 28.43 -34.75 -15.87 29 -34.15 -15.59 29 -35.17 -13.12 28.43 -35.79 -13.35
4 16 28.43 -35.79 -13.35 29 -35.17 -13.12 29 -36.02 -10.58 28.43 -36.65 -10.76
4 16 28.43 -36.65 -10.76 29 -36.02 -10.58 29 -36.68 -7.98 28.43 -37.32 -8.12
4 16 28.43 -37.32 -8.12 29 -36.68 -7.98 29 -37.16 -5.34 28.43 -37.81 -5.44
4 16 28.43 -37.81 -5.44 29 -37.16 -5.34 29 -37.44 -2.68 28.43 -38.1 -2.73
4 16 28.43 -38.1 -2.73 29 -37.44 -2.68 29 -37.54 0 28.43 -38.2 0
4 16 28.43 -38.2 0 29 -37.54 0 29 -37.44 2.68 28.43 -38.1 2.73
4 16 28.43 -38.1 2.73 29 -37.44 2.68 29 -37.16 5.34 28.43 -37.81 5.44
4 16 28.43 -37.81 5.44 29 -37.16 5.34 29 -36.68 7.98 28.43 -37.32 8.12
4 16 28.43 -37.32 8.12 29 -36.68 7.98 29 -36.02 10.58 28.43 -36.65 10.76
4 16 28.43 -36.65 10.76 29 -36.02 10.58 29 -35.17 13.12 28.43 -35.79 13.35
4 16 28.43 -35.79 13.35 29 -35.17 13.12 29 -34.15 15.59 28.43 -34.75 15.87
4 16 28.43 -34.75 15.87 29 -34.15 15.59 29 -32.95 17.99 28.43 -33.53 18.31
4 16 28.43 -33.53 18.31 29 -32.95 17.99 29 -31.58 20.29 28.43 -32.13 20.65
4 16 28.43 -32.13 20.65 29 -31.58 20.29 29 -30.05 22.5 28.43 -30.58 22.89
4 16 28.43 -30.58 22.89 29 -30.05 22.5 29 -28.37 24.58 28.43 -28.87 25.01
4 16 28.43 -28.87 25.01 29 -28.37 24.58 29 -26.54 26.54 28.43 -27.01 27.01
4 16 28.43 -27.01 27.01 29 -26.54 26.54 29 -24.58 28.37 28.43 -25.01 28.87
4 16 28.43 -25.01 28.87 29 -24.58 28.37 29 -22.5 30.05 28.43 -22.89 30.58
4 16 28.43 -22.89 30.58 29 -22.5 30.05 29 -20.29 31.58 28.43 -20.65 32.13
4 16 28.43 -20.65 32.13 29 -20.29 31.58 29 -17.99 32.95 28.43 -18.31 33.53
4 16 28.43 -18.31 33.53 29 -17.99 32.95 29 -15.59 34.15 28.43 -15.87 34.75
4 16 28.43 -15.87 34.75 29 -15.59 34.15 29 -13.12 35.17 28.43 -13.35 35.79
4 16 28.43 -13.35 35.79 29 -13.12 35.17 29 -10.58 36.02 28.43 -10.76 36.65
4 16 28.43 -10.76 36.65 29 -10.58 36.02 29 -7.98 36.68 28.43 -8.12 37.32
4 16 28.43 -8.12 37.32 29 -7.98 36.68 29 -5.34 37.16 28.43 -5.44 37.81
4 16 28.43 -5.44 37.81 29 -5.34 37.16 29 -2.68 37.44 28.43 -2.73 38.1
4 16 28.43 -2.73 38.1 29 -2.68 37.44 29 0 37.54 28.43 0 38.2
4 16 0 0 -3.74 -20.79 0 -3.74 -20.79 0.56 -3.7 0 0.56 -3.7
4 16 0 0.56 -3.7 -20.79 0.56 -3.7 -20.79 1.1 -3.58 0 1.1 -3.58
4 16 0 1.1 -3.58 -20.79 1.1 -3.58 -20.79 1.62 -3.37 0 1.62 -3.37
4 16 0 1.62 -3.37 -20.79 1.62 -3.37 -20.79 2.11 -3.09 0 2.11 -3.09
4 16 0 2.11 -3.09 -20.79 2.11 -3.09 -20.79 2.55 -2.74 0 2.55 -2.74
4 16 0 2.55 -2.74 -20.79 2.55 -2.74 -20.79 2.93 -2.33 0 2.93 -2.33
4 16 0 2.93 -2.33 -20.79 2.93 -2.33 -20.79 3.24 -1.87 0 3.24 -1.87
4 16 0 3.24 -1.87 -20.79 3.24 -1.87 -20.79 3.48 -1.37 0 3.48 -1.37
4 16 0 3.48 -1.37 -20.79 3.48 -1.37 -20.79 3.65 -0.83 0 3.65 -0.83
4 16 0 3.65 -0.83 -20.79 3.65 -0.83 -20.79 3.73 -0.28 0 3.73 -0.28
4 16 0 3.73 -0.28 -20.79 3.73 -0.28 -20.79 3.73 0.28 0 3.73 0.28
4 16 0 3.73 0.28 -20.79 3.73 0.28 -20.79 3.65 0.83 0 3.65 0.83
4 16 0 3.65 0.83 -20.79 3.65 0.83 -20.79 3.48 1.37 0 3.48 1.37
4 16 0 3.48 1.37 -20.79 3.48 1.37 -20.79 3.24 1.87 0 3.24 1.87
4 16 0 3.24 1.87 -20.79 3.24 1.87 -20.79 2.93 2.33 0 2.93 2.33
4 16 0 2.93 2.33 -20.79 2.93 2.33 -20.79 2.55 2.74 0 2.55 2.74
4 16 0 2.55 2.74 -20.79 2.55 2.74 -20.79 2.11 3.09 0 2.11 3.09
4 16 0 2.11 3.09 -20.79 2.11 3.09 -20.79 1.62 3.37 0 1.62 3.37
4 16 0 1.62 3.37 -20.79 1.62 3.37 -20.79 1.1 3.58 0 1.1 3.58
4 16 0 1.1 3.58 -20.79 1.1 3.58 -20.79 0.56 3.7 0 0.56 3.7
4 16 0 0.56 3.7 -20.79 0.56 3.7 -20.79 0 3.74 0 0 3.74
4 16 0 0 3.74 -20.79 0 3.74 -20.79 -0.56 3.7 0 -0.56 3.7
4 16 0 -0.56 3.7 -20.79 -0.56 3.7 -20.79 -1.1 3.58 0 -1.1 3.58
4 16 0 -1.1 3.58 -20.79 -1.1 3.58 -20.79 -1.62 3.37 0 -1.62 3.37
4 16 0 -1.62 3.37 -20.79 -1.62 3.37 -20.79 -2.11 3.09 0 -2.11 3.09
4 16 0 -2.11 3.09 -20.79 -2.11 3.09 -20.79 -2.55 2.74 0 -2.55 2.74
4 16 0 -2.55 2.74 -20.79 -2.55 2.74 -20.79 -2.93 2.33 0 -2.93 2.33
4 16 0 -2.93 2.33 -20.79 -2.93 2.33 -20.79 -3.24 1.87 0 -3.24 1.87
4 16 0 -3.24 1.87 -20.79 -3.24 1.87 -20.79 -3.48 1.37 0 -3.48 1.37
4 16 0 -3.48 1.37 -20.79 -3.48 1.37 -20.79 -3.65 0.83 0 -3.65 0.83
4 16 0 -3.65 0.83 -20.79 -3.65 0.83 -20.79 -3.73 0.28 0 -3.73 0.28
4 16 0 -3.73 0.28 -20.79 -3.73 0.28 -20.79 -3.73 -0.28 0 -3.73 -0.28
4 16 0 -3.73 -0.28 -20.79 -3.73 -0.28 -20.79 -3.65 -0.83 0 -3.65 -0.83
4 16 0 -3.65 -0.83 -20.79 -3.65 -0.83 -20.79 -3.48 -1.37 0 -3.48 -1.37
4 16 0 -3.48 -1.37 -20.79 -3.48 -1.37 -20.79 -3.24 -1.87 0 -3.24 -1.87
4 16 0 -3.24 -1.87 -20.79 -3.24 -1.87 -20.79 -2.93 -2.33 0 -2.93 -2.33
4 16 0 -2.93 -2.33 -20.79 -2.93 -2.33 -20.79 -2.55 -2.74 0 -2.55 -2.74
4 16 0 -2.55 -2.74 -20.79 -2.55 -2.74 -20.79 -2.11 -3.09 0 -2.11 -3.09
4 16 0 -2.11 -3.09 -20.79 -2.11 -3.09 -20.79 -1.62 -3.37 0 -1.62 -3.37
4 16 0 -1.62 -3.37 -20.79 -1.62 -3.37 -20.79 -1.1 -3.58 0 -1.1 -3.58
4 16 0 -1.1 -3.58 -20.79 -1.1 -3.58 -20.79 -0.56 -3.7 0 -0.56 -3.7
4 16 0 -0.56 -3.7 -20.79 -0.56 -3.7 -20.79 0 -3.74 0 0 -3.74
