0 228-7722-000 Pneumatic Control Unit sub 1
0 Name: s/228-7722-000s1.dat
0 Author: 
0 !LDRAW_ORG Subpart
0 !LICENSE Redistributable under CCAL version 2.0 : see CAreadme.txt

0 BFC CERTIFY CCW

0 // Created with stl2dat conversion tool

3 16 0 -3.81 0 0 -3.81 -5.29 -0.92 -3.81 -5.21
2 24 -0.92 -3.81 -5.21 0 -3.81 -5.29
4 16 -0.92 -3.81 -5.21 -1.81 -3.81 -4.97 -2.65 -3.81 -4.58 0 -3.81 0
2 24 -1.81 -3.81 -4.97 -0.92 -3.81 -5.21
2 24 -2.65 -3.81 -4.58 -1.81 -3.81 -4.97
4 16 0 -3.81 0 -2.65 -3.81 -4.58 -3.4 -3.81 -4.05 -4.05 -3.81 -3.4
2 24 -3.4 -3.81 -4.05 -2.65 -3.81 -4.58
2 24 -4.05 -3.81 -3.4 -3.4 -3.81 -4.05
4 16 -5.29 -3.81 0 0 -3.81 0 -4.97 -3.81 -1.81 -5.21 -3.81 -0.92
2 24 -5.21 -3.81 -0.92 -4.97 -3.81 -1.81
2 24 -5.29 -3.81 0 -5.21 -3.81 -0.92
4 16 0 -3.81 0 -4.05 -3.81 -3.4 -4.58 -3.81 -2.65 -4.97 -3.81 -1.81
2 24 -4.58 -3.81 -2.65 -4.05 -3.81 -3.4
2 24 -4.97 -3.81 -1.81 -4.58 -3.81 -2.65

4 16 -34 -1.93 -60.22 -37.56 -1.93 -60.22 -43.53 -1.93 -54.25 -41.75 -1.93 -52.47
2 24 -37.56 -1.93 -60.22 -34 -1.93 -60.22
2 24 -43.53 -1.93 -54.25 -37.56 -1.93 -60.22
2 24 -34 -1.93 -60.22 -41.75 -1.93 -52.47
4 16 -52.47 -1.93 -41.75 -54.25 -1.93 -43.53 -60.22 -1.93 -37.56 -60.22 -1.93 -34
2 24 -60.22 -1.93 -37.56 -54.25 -1.93 -43.53
2 24 -60.22 -1.93 -34 -60.22 -1.93 -37.56
2 24 -52.47 -1.93 -41.75 -60.22 -1.93 -34
4 16 -60.22 -1.93 -30 -60.22 -1.93 -26.44 -54.25 -1.93 -20.47 -52.47 -1.93 -22.25
2 24 -60.22 -1.93 -26.44 -60.22 -1.93 -30
2 24 -54.25 -1.93 -20.47 -60.22 -1.93 -26.44
2 24 -60.22 -1.93 -30 -52.47 -1.93 -22.25
3 16 -17.26 -1.93 -8.42 -17.26 -1.93 0 -14.74 -1.93 0
2 24 -17.26 -1.93 0 -17.26 -1.93 -8.42
3 16 -8.42 -1.93 -14.74 0 -1.93 -14.74 0 -1.93 -17.26
2 24 0 -1.93 -14.74 -8.42 -1.93 -14.74
3 16 -50.65 -1.93 -52.58 -49.81 -1.93 -52.97 -54.25 -1.93 -52.47
2 24 -49.81 -1.93 -52.97 -50.65 -1.93 -52.58
3 16 -43.03 -1.93 -46.19 -43.42 -1.93 -45.35 -42.23 -1.93 -42.23
2 24 -43.42 -1.93 -45.35 -43.03 -1.93 -46.19
4 16 -48 -1.93 -42.71 -50.02 -1.93 -42.23 -43.53 -1.93 -41.75 -42.23 -1.93 -42.23
3 16 -43.03 -1.93 -49.81 -42.79 -1.93 -48.92 -42.23 -1.93 -50.02
2 24 -42.79 -1.93 -48.92 -43.03 -1.93 -49.81
3 16 -42.23 -1.93 -50.02 -42.79 -1.93 -48.92 -42.71 -1.93 -48
2 24 -42.71 -1.93 -48 -42.79 -1.93 -48.92
3 16 -42.23 -1.93 -50.02 -42.71 -1.93 -48 -42.23 -1.93 -42.23
3 16 -42.23 -1.93 -42.23 -42.71 -1.93 -48 -42.79 -1.93 -47.08
2 24 -42.79 -1.93 -47.08 -42.71 -1.93 -48
3 16 -42.23 -1.93 -42.23 -42.79 -1.93 -47.08 -43.03 -1.93 -46.19
2 24 -43.03 -1.93 -46.19 -42.79 -1.93 -47.08
3 16 -45.35 -1.93 -43.42 -46.19 -1.93 -43.03 -42.23 -1.93 -42.23
2 24 -46.19 -1.93 -43.03 -45.35 -1.93 -43.42
3 16 -42.23 -1.93 -42.23 -46.19 -1.93 -43.03 -47.08 -1.93 -42.79
2 24 -47.08 -1.93 -42.79 -46.19 -1.93 -43.03
3 16 -42.23 -1.93 -42.23 -47.08 -1.93 -42.79 -48 -1.93 -42.71
2 24 -48 -1.93 -42.71 -47.08 -1.93 -42.79
3 16 -43.42 -1.93 -45.35 -43.95 -1.93 -44.6 -42.23 -1.93 -42.23
2 24 -43.95 -1.93 -44.6 -43.42 -1.93 -45.35
3 16 -42.23 -1.93 -42.23 -43.95 -1.93 -44.6 -44.6 -1.93 -43.95
2 24 -44.6 -1.93 -43.95 -43.95 -1.93 -44.6
3 16 -42.23 -1.93 -42.23 -44.6 -1.93 -43.95 -45.35 -1.93 -43.42
2 24 -45.35 -1.93 -43.42 -44.6 -1.93 -43.95
4 16 -50.35 -1.93 -55.32 -49.81 -1.93 -52.97 -48.92 -1.93 -53.21 -49.19 -1.93 -55.59
2 24 -48.92 -1.93 -53.21 -49.81 -1.93 -52.97
2 24 -50.35 -1.93 -55.32 -49.19 -1.93 -55.59
4 16 -49.19 -1.93 -55.59 -48.92 -1.93 -53.21 -48 -1.93 -53.29 -48 -1.93 -55.69
2 24 -48 -1.93 -53.29 -48.92 -1.93 -53.21
2 24 -49.19 -1.93 -55.59 -48 -1.93 -55.69
4 16 -48 -1.93 -55.69 -48 -1.93 -53.29 -47.08 -1.93 -53.21 -46.81 -1.93 -55.59
2 24 -47.08 -1.93 -53.21 -48 -1.93 -53.29
2 24 -48 -1.93 -55.69 -46.81 -1.93 -55.59
4 16 -46.81 -1.93 -55.59 -47.08 -1.93 -53.21 -46.19 -1.93 -52.97 -45.65 -1.93 -55.32
2 24 -46.19 -1.93 -52.97 -47.08 -1.93 -53.21
2 24 -46.81 -1.93 -55.59 -45.65 -1.93 -55.32
4 16 -45.65 -1.93 -55.32 -46.19 -1.93 -52.97 -45.35 -1.93 -52.58 -44.55 -1.93 -54.87
2 24 -45.35 -1.93 -52.58 -46.19 -1.93 -52.97
2 24 -45.65 -1.93 -55.32 -44.55 -1.93 -54.87
4 16 -44.55 -1.93 -54.87 -45.35 -1.93 -52.58 -44.6 -1.93 -52.05 -43.53 -1.93 -54.25
2 24 -44.6 -1.93 -52.05 -45.35 -1.93 -52.58
2 24 -44.55 -1.93 -54.87 -43.53 -1.93 -54.25
3 16 -43.53 -1.93 -54.25 -44.6 -1.93 -52.05 -43.95 -1.93 -51.4
2 24 -43.95 -1.93 -51.4 -44.6 -1.93 -52.05
3 16 -52.47 -1.93 -54.25 -55.7 -1.93 -57.49 -56.64 -1.93 -56.64
2 24 -55.7 -1.93 -57.49 -52.47 -1.93 -54.25
2 24 -56.64 -1.93 -56.64 -55.7 -1.93 -57.49
3 16 -50.65 -1.93 -52.58 -54.25 -1.93 -52.47 -51.4 -1.93 -52.05
2 24 -50.65 -1.93 -52.58 -51.4 -1.93 -52.05
3 16 -50.35 -1.93 -55.32 -51.45 -1.93 -54.87 -49.81 -1.93 -52.97
2 24 -51.45 -1.93 -54.87 -50.35 -1.93 -55.32
4 16 -49.81 -1.93 -52.97 -51.45 -1.93 -54.87 -52.47 -1.93 -54.25 -54.25 -1.93 -52.47
2 24 -52.47 -1.93 -54.25 -51.45 -1.93 -54.87
4 16 -54.25 -1.93 -52.47 -52.47 -1.93 -54.25 -56.64 -1.93 -56.64 -57.49 -1.93 -55.7
2 24 -57.49 -1.93 -55.7 -56.64 -1.93 -56.64
2 24 -54.25 -1.93 -52.47 -57.49 -1.93 -55.7
3 16 -48 -1.93 -42.71 -48.92 -1.93 -42.79 -50.02 -1.93 -42.23
2 24 -48.92 -1.93 -42.79 -48 -1.93 -42.71
3 16 -50.02 -1.93 -42.23 -48.92 -1.93 -42.79 -49.81 -1.93 -43.03
2 24 -49.81 -1.93 -43.03 -48.92 -1.93 -42.79
4 16 -50.02 -1.93 -42.23 -49.81 -1.93 -43.03 -50.65 -1.93 -43.42 -54.25 -1.93 -43.53
2 24 -50.65 -1.93 -43.42 -49.81 -1.93 -43.03
3 16 -50.65 -1.93 -43.42 -51.4 -1.93 -43.95 -54.25 -1.93 -43.53
2 24 -51.4 -1.93 -43.95 -50.65 -1.93 -43.42
3 16 -54.25 -1.93 -43.53 -51.4 -1.93 -43.95 -52.05 -1.93 -44.6
2 24 -52.05 -1.93 -44.6 -51.4 -1.93 -43.95
4 16 -54.25 -1.93 -43.53 -52.05 -1.93 -44.6 -52.58 -1.93 -45.35 -54.87 -1.93 -44.55
2 24 -52.58 -1.93 -45.35 -52.05 -1.93 -44.6
2 24 -54.25 -1.93 -43.53 -54.87 -1.93 -44.55
4 16 -54.87 -1.93 -44.55 -52.58 -1.93 -45.35 -52.97 -1.93 -46.19 -55.32 -1.93 -45.65
2 24 -52.97 -1.93 -46.19 -52.58 -1.93 -45.35
2 24 -54.87 -1.93 -44.55 -55.32 -1.93 -45.65
4 16 -55.32 -1.93 -45.65 -52.97 -1.93 -46.19 -53.21 -1.93 -47.08 -55.59 -1.93 -46.81
2 24 -53.21 -1.93 -47.08 -52.97 -1.93 -46.19
2 24 -55.32 -1.93 -45.65 -55.59 -1.93 -46.81
4 16 -55.59 -1.93 -46.81 -53.21 -1.93 -47.08 -53.29 -1.93 -48 -55.69 -1.93 -48
2 24 -53.29 -1.93 -48 -53.21 -1.93 -47.08
2 24 -55.59 -1.93 -46.81 -55.69 -1.93 -48
4 16 -55.69 -1.93 -48 -53.29 -1.93 -48 -53.21 -1.93 -48.92 -55.59 -1.93 -49.19
2 24 -53.21 -1.93 -48.92 -53.29 -1.93 -48
2 24 -55.69 -1.93 -48 -55.59 -1.93 -49.19
4 16 -55.59 -1.93 -49.19 -53.21 -1.93 -48.92 -52.97 -1.93 -49.81 -55.32 -1.93 -50.35
2 24 -52.97 -1.93 -49.81 -53.21 -1.93 -48.92
2 24 -55.59 -1.93 -49.19 -55.32 -1.93 -50.35
4 16 -55.32 -1.93 -50.35 -52.97 -1.93 -49.81 -52.58 -1.93 -50.65 -54.87 -1.93 -51.45
2 24 -52.58 -1.93 -50.65 -52.97 -1.93 -49.81
2 24 -55.32 -1.93 -50.35 -54.87 -1.93 -51.45
4 16 -54.87 -1.93 -51.45 -52.58 -1.93 -50.65 -52.05 -1.93 -51.4 -54.25 -1.93 -52.47
2 24 -52.05 -1.93 -51.4 -52.58 -1.93 -50.65
2 24 -54.87 -1.93 -51.45 -54.25 -1.93 -52.47
3 16 -54.25 -1.93 -52.47 -52.05 -1.93 -51.4 -51.4 -1.93 -52.05
2 24 -51.4 -1.93 -52.05 -52.05 -1.93 -51.4
3 16 -32 -1.93 -39.69 -28.55 -1.93 -38.87 -30.81 -1.93 -39.59
2 24 -32 -1.93 -39.69 -30.81 -1.93 -39.59
3 16 -30.81 -1.93 -39.59 -28.55 -1.93 -38.87 -29.65 -1.93 -39.32
2 24 -29.65 -1.93 -39.32 -28.55 -1.93 -38.87
2 24 -30.81 -1.93 -39.59 -29.65 -1.93 -39.32
3 16 -32 -1.93 -39.69 -33.19 -1.93 -39.59 -28.55 -1.93 -38.87
2 24 -33.19 -1.93 -39.59 -32 -1.93 -39.69
3 16 -28.55 -1.93 -38.87 -33.19 -1.93 -39.59 -34.35 -1.93 -39.32
2 24 -34.35 -1.93 -39.32 -33.19 -1.93 -39.59
4 16 -28.55 -1.93 -38.87 -34.35 -1.93 -39.32 -35.45 -1.93 -38.87 -27.53 -1.93 -38.25
2 24 -35.45 -1.93 -38.87 -34.35 -1.93 -39.32
2 24 -28.55 -1.93 -38.87 -27.53 -1.93 -38.25
3 16 -22.25 -1.93 -43.53 -27.53 -1.93 -38.25 -26.23 -1.93 -37.77
2 24 -27.53 -1.93 -38.25 -22.25 -1.93 -43.53
3 16 -23.58 -1.93 -49.26 -23.3 -1.93 -45.61 -22.86 -1.93 -44.53
2 24 -22.86 -1.93 -44.53 -23.3 -1.93 -45.61
3 16 -40.42 -1.93 -49.26 -41.75 -1.93 -43.53 -41.14 -1.93 -44.53
2 24 -41.14 -1.93 -44.53 -41.75 -1.93 -43.53
3 16 -41.14 -1.93 -44.53 -40.7 -1.93 -45.61 -40.42 -1.93 -49.26
2 24 -40.7 -1.93 -45.61 -41.14 -1.93 -44.53
3 16 -40.42 -1.93 -49.26 -40.7 -1.93 -45.61 -40.42 -1.93 -46.74
2 24 -40.42 -1.93 -46.74 -40.7 -1.93 -45.61
4 16 -40.42 -1.93 -49.26 -40.42 -1.93 -46.74 -37.77 -1.93 -46.74 -37.77 -1.93 -49.26
2 24 -37.77 -1.93 -46.74 -40.42 -1.93 -46.74
2 24 -40.42 -1.93 -49.26 -37.77 -1.93 -49.26
4 16 -37.77 -1.93 -49.26 -37.77 -1.93 -46.74 -26.23 -1.93 -46.74 -23.58 -1.93 -49.26
2 24 -26.23 -1.93 -46.74 -37.77 -1.93 -46.74
2 24 -37.77 -1.93 -49.26 -23.58 -1.93 -49.26
3 16 -23.58 -1.93 -49.26 -26.23 -1.93 -46.74 -23.58 -1.93 -46.74
2 24 -23.58 -1.93 -46.74 -26.23 -1.93 -46.74
3 16 -23.58 -1.93 -49.26 -23.58 -1.93 -46.74 -23.3 -1.93 -45.61
2 24 -23.3 -1.93 -45.61 -23.58 -1.93 -46.74
3 16 -37.77 -1.93 -37.77 -36.47 -1.93 -38.25 -41.75 -1.93 -43.53
2 24 -41.75 -1.93 -43.53 -36.47 -1.93 -38.25
4 16 -8.42 -1.93 -46.74 -8.42 -1.93 -49.26 -11.03 -1.93 -49.81 -10.79 -1.93 -48.92
2 24 -10.79 -1.93 -48.92 -11.03 -1.93 -49.81
3 16 -16 -1.93 -42.71 -16 -1.93 -42.23 -15.08 -1.93 -42.79
2 24 -16 -1.93 -42.71 -15.08 -1.93 -42.79
3 16 -15.08 -1.93 -42.79 -16 -1.93 -42.23 -9.75 -1.93 -43.53
3 16 -15.08 -1.93 -42.79 -9.75 -1.93 -43.53 -14.19 -1.93 -43.03
2 24 -15.08 -1.93 -42.79 -14.19 -1.93 -43.03
3 16 -14.19 -1.93 -43.03 -9.75 -1.93 -43.53 -13.35 -1.93 -43.42
2 24 -14.19 -1.93 -43.03 -13.35 -1.93 -43.42
3 16 -13.35 -1.93 -43.42 -9.75 -1.93 -43.53 -12.6 -1.93 -43.95
2 24 -13.35 -1.93 -43.42 -12.6 -1.93 -43.95
3 16 -10.79 -1.93 -48.92 -10.71 -1.93 -48 -8.42 -1.93 -46.74
2 24 -10.71 -1.93 -48 -10.79 -1.93 -48.92
3 16 -8.42 -1.93 -46.74 -10.71 -1.93 -48 -10.79 -1.93 -47.08
2 24 -10.79 -1.93 -47.08 -10.71 -1.93 -48
4 16 -8.42 -1.93 -46.74 -10.79 -1.93 -47.08 -11.03 -1.93 -46.19 -8.7 -1.93 -45.61
2 24 -11.03 -1.93 -46.19 -10.79 -1.93 -47.08
2 24 -8.42 -1.93 -46.74 -8.7 -1.93 -45.61
4 16 -8.7 -1.93 -45.61 -11.03 -1.93 -46.19 -11.42 -1.93 -45.35 -9.14 -1.93 -44.53
2 24 -11.42 -1.93 -45.35 -11.03 -1.93 -46.19
2 24 -8.7 -1.93 -45.61 -9.14 -1.93 -44.53
4 16 -9.14 -1.93 -44.53 -11.42 -1.93 -45.35 -11.95 -1.93 -44.6 -9.75 -1.93 -43.53
2 24 -11.95 -1.93 -44.6 -11.42 -1.93 -45.35
2 24 -9.14 -1.93 -44.53 -9.75 -1.93 -43.53
3 16 -9.75 -1.93 -43.53 -11.95 -1.93 -44.6 -12.6 -1.93 -43.95
2 24 -12.6 -1.93 -43.95 -11.95 -1.93 -44.6
3 16 -9.75 -1.93 -52.47 -14.19 -1.93 -52.97 -13.35 -1.93 -52.58
2 24 -13.35 -1.93 -52.58 -14.19 -1.93 -52.97
4 16 0 -1.93 -46.74 0 -1.93 -49.26 -8.42 -1.93 -49.26 -8.42 -1.93 -46.74
2 24 -8.42 -1.93 -49.26 0 -1.93 -49.26
2 24 0 -1.93 -46.74 -8.42 -1.93 -46.74
4 16 -11.03 -1.93 -49.81 -8.42 -1.93 -49.26 -8.7 -1.93 -50.39 -11.42 -1.93 -50.65
2 24 -8.7 -1.93 -50.39 -8.42 -1.93 -49.26
2 24 -11.03 -1.93 -49.81 -11.42 -1.93 -50.65
4 16 -11.42 -1.93 -50.65 -8.7 -1.93 -50.39 -9.14 -1.93 -51.47 -11.95 -1.93 -51.4
2 24 -9.14 -1.93 -51.47 -8.7 -1.93 -50.39
2 24 -11.42 -1.93 -50.65 -11.95 -1.93 -51.4
4 16 -11.95 -1.93 -51.4 -9.14 -1.93 -51.47 -9.75 -1.93 -52.47 -12.6 -1.93 -52.05
2 24 -9.75 -1.93 -52.47 -9.14 -1.93 -51.47
2 24 -11.95 -1.93 -51.4 -12.6 -1.93 -52.05
3 16 -12.6 -1.93 -52.05 -9.75 -1.93 -52.47 -13.35 -1.93 -52.58
2 24 -12.6 -1.93 -52.05 -13.35 -1.93 -52.58
4 16 -2 -1.93 -60.22 -5.56 -1.93 -60.22 -11.53 -1.93 -54.25 -9.75 -1.93 -52.47
2 24 -5.56 -1.93 -60.22 -2 -1.93 -60.22
2 24 -11.53 -1.93 -54.25 -5.56 -1.93 -60.22
2 24 -2 -1.93 -60.22 -9.75 -1.93 -52.47
4 16 -9.75 -1.93 -52.47 -11.53 -1.93 -54.25 -12.55 -1.93 -54.87 -14.19 -1.93 -52.97
2 24 -12.55 -1.93 -54.87 -11.53 -1.93 -54.25
4 16 -20.47 -1.93 -54.25 -21.77 -1.93 -50.02 -20.97 -1.93 -49.81 -20.58 -1.93 -50.65
2 24 -20.58 -1.93 -50.65 -20.97 -1.93 -49.81
4 16 -14.19 -1.93 -52.97 -12.55 -1.93 -54.87 -13.65 -1.93 -55.32 -15.08 -1.93 -53.21
2 24 -13.65 -1.93 -55.32 -12.55 -1.93 -54.87
2 24 -14.19 -1.93 -52.97 -15.08 -1.93 -53.21
4 16 -15.08 -1.93 -53.21 -13.65 -1.93 -55.32 -14.81 -1.93 -55.59 -16 -1.93 -53.29
2 24 -14.81 -1.93 -55.59 -13.65 -1.93 -55.32
2 24 -15.08 -1.93 -53.21 -16 -1.93 -53.29
4 16 -16 -1.93 -53.29 -14.81 -1.93 -55.59 -16 -1.93 -55.69 -16.92 -1.93 -53.21
2 24 -16 -1.93 -55.69 -14.81 -1.93 -55.59
2 24 -16 -1.93 -53.29 -16.92 -1.93 -53.21
4 16 -16.92 -1.93 -53.21 -16 -1.93 -55.69 -17.19 -1.93 -55.59 -17.81 -1.93 -52.97
2 24 -17.19 -1.93 -55.59 -16 -1.93 -55.69
2 24 -16.92 -1.93 -53.21 -17.81 -1.93 -52.97
4 16 -17.81 -1.93 -52.97 -17.19 -1.93 -55.59 -18.35 -1.93 -55.32 -18.65 -1.93 -52.58
2 24 -18.35 -1.93 -55.32 -17.19 -1.93 -55.59
2 24 -17.81 -1.93 -52.97 -18.65 -1.93 -52.58
4 16 -18.65 -1.93 -52.58 -18.35 -1.93 -55.32 -19.45 -1.93 -54.87 -19.4 -1.93 -52.05
2 24 -19.45 -1.93 -54.87 -18.35 -1.93 -55.32
2 24 -18.65 -1.93 -52.58 -19.4 -1.93 -52.05
4 16 -19.4 -1.93 -52.05 -19.45 -1.93 -54.87 -20.47 -1.93 -54.25 -20.05 -1.93 -51.4
2 24 -20.47 -1.93 -54.25 -19.45 -1.93 -54.87
2 24 -19.4 -1.93 -52.05 -20.05 -1.93 -51.4
3 16 -20.05 -1.93 -51.4 -20.47 -1.93 -54.25 -20.58 -1.93 -50.65
2 24 -20.05 -1.93 -51.4 -20.58 -1.93 -50.65
3 16 -19.4 -1.93 -43.95 -20.05 -1.93 -44.6 -22.25 -1.93 -43.53
2 24 -20.05 -1.93 -44.6 -19.4 -1.93 -43.95
3 16 -22.25 -1.93 -43.53 -20.05 -1.93 -44.6 -20.58 -1.93 -45.35
2 24 -20.58 -1.93 -45.35 -20.05 -1.93 -44.6
3 16 -22.25 -1.93 -43.53 -20.58 -1.93 -45.35 -20.97 -1.93 -46.19
2 24 -20.97 -1.93 -46.19 -20.58 -1.93 -45.35
3 16 -20.97 -1.93 -46.19 -21.21 -1.93 -47.08 -22.25 -1.93 -43.53
2 24 -21.21 -1.93 -47.08 -20.97 -1.93 -46.19
3 16 -22.25 -1.93 -43.53 -21.21 -1.93 -47.08 -21.29 -1.93 -48
2 24 -21.29 -1.93 -48 -21.21 -1.93 -47.08
3 16 -22.25 -1.93 -43.53 -21.29 -1.93 -48 -21.77 -1.93 -50.02
3 16 -21.77 -1.93 -50.02 -21.29 -1.93 -48 -21.21 -1.93 -48.92
2 24 -21.21 -1.93 -48.92 -21.29 -1.93 -48
3 16 -21.77 -1.93 -50.02 -21.21 -1.93 -48.92 -20.97 -1.93 -49.81
2 24 -20.97 -1.93 -49.81 -21.21 -1.93 -48.92
3 16 -16.92 -1.93 -42.79 -17.81 -1.93 -43.03 -22.25 -1.93 -43.53
2 24 -17.81 -1.93 -43.03 -16.92 -1.93 -42.79
3 16 -22.25 -1.93 -43.53 -17.81 -1.93 -43.03 -18.65 -1.93 -43.42
2 24 -18.65 -1.93 -43.42 -17.81 -1.93 -43.03
3 16 -22.25 -1.93 -43.53 -18.65 -1.93 -43.42 -19.4 -1.93 -43.95
2 24 -19.4 -1.93 -43.95 -18.65 -1.93 -43.42
4 16 -49.26 -1.93 0 -46.74 -1.93 0 -46.74 -1.93 -8.42 -49.26 -1.93 -8.42
2 24 -46.74 -1.93 -8.42 -46.74 -1.93 0
2 24 -49.26 -1.93 0 -49.26 -1.93 -8.42
3 16 -50.39 -1.93 -8.7 -49.26 -1.93 -8.42 -49.81 -1.93 -11.03
2 24 -49.26 -1.93 -8.42 -50.39 -1.93 -8.7
4 16 -49.81 -1.93 -11.03 -49.26 -1.93 -8.42 -46.74 -1.93 -8.42 -48.92 -1.93 -10.79
2 24 -49.81 -1.93 -11.03 -48.92 -1.93 -10.79
3 16 -48.92 -1.93 -10.79 -46.74 -1.93 -8.42 -48 -1.93 -10.71
2 24 -48.92 -1.93 -10.79 -48 -1.93 -10.71
3 16 -43.42 -1.93 -13.35 -43.53 -1.93 -9.75 -43.03 -1.93 -14.19
2 24 -43.42 -1.93 -13.35 -43.03 -1.93 -14.19
3 16 -43.03 -1.93 -14.19 -43.53 -1.93 -9.75 -42.79 -1.93 -15.08
2 24 -43.03 -1.93 -14.19 -42.79 -1.93 -15.08
3 16 -42.79 -1.93 -15.08 -43.53 -1.93 -9.75 -42.23 -1.93 -16
3 16 -43.42 -1.93 -13.35 -43.95 -1.93 -12.6 -43.53 -1.93 -9.75
2 24 -43.95 -1.93 -12.6 -43.42 -1.93 -13.35
3 16 -43.53 -1.93 -9.75 -43.95 -1.93 -12.6 -44.6 -1.93 -11.95
2 24 -44.6 -1.93 -11.95 -43.95 -1.93 -12.6
4 16 -43.53 -1.93 -9.75 -44.6 -1.93 -11.95 -45.35 -1.93 -11.42 -44.53 -1.93 -9.14
2 24 -45.35 -1.93 -11.42 -44.6 -1.93 -11.95
2 24 -43.53 -1.93 -9.75 -44.53 -1.93 -9.14
4 16 -44.53 -1.93 -9.14 -45.35 -1.93 -11.42 -46.19 -1.93 -11.03 -45.61 -1.93 -8.7
2 24 -46.19 -1.93 -11.03 -45.35 -1.93 -11.42
2 24 -44.53 -1.93 -9.14 -45.61 -1.93 -8.7
4 16 -45.61 -1.93 -8.7 -46.19 -1.93 -11.03 -47.08 -1.93 -10.79 -46.74 -1.93 -8.42
2 24 -47.08 -1.93 -10.79 -46.19 -1.93 -11.03
2 24 -45.61 -1.93 -8.7 -46.74 -1.93 -8.42
3 16 -46.74 -1.93 -8.42 -47.08 -1.93 -10.79 -48 -1.93 -10.71
2 24 -48 -1.93 -10.71 -47.08 -1.93 -10.79
3 16 -46.19 -1.93 -20.97 -45.35 -1.93 -20.58 -43.53 -1.93 -22.25
2 24 -45.35 -1.93 -20.58 -46.19 -1.93 -20.97
3 16 -45.35 -1.93 -20.58 -44.6 -1.93 -20.05 -43.53 -1.93 -22.25
2 24 -44.6 -1.93 -20.05 -45.35 -1.93 -20.58
3 16 -43.53 -1.93 -22.25 -44.6 -1.93 -20.05 -43.95 -1.93 -19.4
2 24 -43.95 -1.93 -19.4 -44.6 -1.93 -20.05
3 16 -43.53 -1.93 -22.25 -43.95 -1.93 -19.4 -43.42 -1.93 -18.65
2 24 -43.42 -1.93 -18.65 -43.95 -1.93 -19.4
3 16 -43.42 -1.93 -18.65 -43.03 -1.93 -17.81 -43.53 -1.93 -22.25
2 24 -43.03 -1.93 -17.81 -43.42 -1.93 -18.65
3 16 -43.53 -1.93 -22.25 -43.03 -1.93 -17.81 -42.79 -1.93 -16.92
2 24 -42.79 -1.93 -16.92 -43.03 -1.93 -17.81
3 16 -43.53 -1.93 -22.25 -42.79 -1.93 -16.92 -42.23 -1.93 -16
3 16 -42.23 -1.93 -16 -42.79 -1.93 -16.92 -42.71 -1.93 -16
2 24 -42.71 -1.93 -16 -42.79 -1.93 -16.92
3 16 -42.23 -1.93 -16 -42.71 -1.93 -16 -42.79 -1.93 -15.08
2 24 -42.79 -1.93 -15.08 -42.71 -1.93 -16
3 16 -49.81 -1.93 -20.97 -48.92 -1.93 -21.21 -50.02 -1.93 -21.77
2 24 -48.92 -1.93 -21.21 -49.81 -1.93 -20.97
3 16 -50.02 -1.93 -21.77 -48.92 -1.93 -21.21 -48 -1.93 -21.29
2 24 -48 -1.93 -21.29 -48.92 -1.93 -21.21
3 16 -50.02 -1.93 -21.77 -48 -1.93 -21.29 -43.53 -1.93 -22.25
3 16 -43.53 -1.93 -22.25 -48 -1.93 -21.29 -47.08 -1.93 -21.21
2 24 -47.08 -1.93 -21.21 -48 -1.93 -21.29
3 16 -43.53 -1.93 -22.25 -47.08 -1.93 -21.21 -46.19 -1.93 -20.97
2 24 -46.19 -1.93 -20.97 -47.08 -1.93 -21.21
3 16 -54.25 -1.93 -20.47 -52.05 -1.93 -19.4 -51.4 -1.93 -20.05
2 24 -51.4 -1.93 -20.05 -52.05 -1.93 -19.4
4 16 -60.22 -1.93 -5.56 -60.22 -1.93 -2 -52.47 -1.93 -9.75 -54.25 -1.93 -11.53
2 24 -60.22 -1.93 -2 -60.22 -1.93 -5.56
2 24 -52.47 -1.93 -9.75 -60.22 -1.93 -2
2 24 -60.22 -1.93 -5.56 -54.25 -1.93 -11.53
4 16 -52.05 -1.93 -19.4 -54.25 -1.93 -20.47 -54.87 -1.93 -19.45 -52.58 -1.93 -18.65
2 24 -54.87 -1.93 -19.45 -54.25 -1.93 -20.47
2 24 -52.05 -1.93 -19.4 -52.58 -1.93 -18.65
4 16 -52.58 -1.93 -18.65 -54.87 -1.93 -19.45 -55.32 -1.93 -18.35 -52.97 -1.93 -17.81
2 24 -55.32 -1.93 -18.35 -54.87 -1.93 -19.45
2 24 -52.58 -1.93 -18.65 -52.97 -1.93 -17.81
4 16 -52.97 -1.93 -17.81 -55.32 -1.93 -18.35 -55.59 -1.93 -17.19 -53.21 -1.93 -16.92
2 24 -55.59 -1.93 -17.19 -55.32 -1.93 -18.35
2 24 -52.97 -1.93 -17.81 -53.21 -1.93 -16.92
4 16 -53.21 -1.93 -16.92 -55.59 -1.93 -17.19 -55.69 -1.93 -16 -53.29 -1.93 -16
2 24 -55.69 -1.93 -16 -55.59 -1.93 -17.19
2 24 -53.21 -1.93 -16.92 -53.29 -1.93 -16
4 16 -53.29 -1.93 -16 -55.69 -1.93 -16 -55.59 -1.93 -14.81 -53.21 -1.93 -15.08
2 24 -55.59 -1.93 -14.81 -55.69 -1.93 -16
2 24 -53.29 -1.93 -16 -53.21 -1.93 -15.08
4 16 -53.21 -1.93 -15.08 -55.59 -1.93 -14.81 -55.32 -1.93 -13.65 -52.97 -1.93 -14.19
2 24 -55.32 -1.93 -13.65 -55.59 -1.93 -14.81
2 24 -53.21 -1.93 -15.08 -52.97 -1.93 -14.19
3 16 -52.97 -1.93 -14.19 -55.32 -1.93 -13.65 -54.87 -1.93 -12.55
2 24 -54.87 -1.93 -12.55 -55.32 -1.93 -13.65
4 16 -50.39 -1.93 -8.7 -49.81 -1.93 -11.03 -50.65 -1.93 -11.42 -51.47 -1.93 -9.14
2 24 -50.65 -1.93 -11.42 -49.81 -1.93 -11.03
2 24 -50.39 -1.93 -8.7 -51.47 -1.93 -9.14
4 16 -51.47 -1.93 -9.14 -50.65 -1.93 -11.42 -51.4 -1.93 -11.95 -52.47 -1.93 -9.75
2 24 -51.4 -1.93 -11.95 -50.65 -1.93 -11.42
2 24 -51.47 -1.93 -9.14 -52.47 -1.93 -9.75
3 16 -52.47 -1.93 -9.75 -51.4 -1.93 -11.95 -52.05 -1.93 -12.6
2 24 -52.05 -1.93 -12.6 -51.4 -1.93 -11.95
3 16 -52.05 -1.93 -12.6 -52.58 -1.93 -13.35 -52.47 -1.93 -9.75
2 24 -52.58 -1.93 -13.35 -52.05 -1.93 -12.6
3 16 -52.47 -1.93 -9.75 -52.58 -1.93 -13.35 -52.97 -1.93 -14.19
2 24 -52.97 -1.93 -14.19 -52.58 -1.93 -13.35
4 16 -52.47 -1.93 -9.75 -52.97 -1.93 -14.19 -54.87 -1.93 -12.55 -54.25 -1.93 -11.53
2 24 -54.25 -1.93 -11.53 -54.87 -1.93 -12.55
4 16 -36.47 -1.93 -25.75 -35.45 -1.93 -25.13 -30.81 -1.93 -24.41 -29.65 -1.93 -24.68
2 24 -35.45 -1.93 -25.13 -36.47 -1.93 -25.75
2 24 -29.65 -1.93 -24.68 -30.81 -1.93 -24.41
4 16 -30.81 -1.93 -24.41 -35.45 -1.93 -25.13 -34.35 -1.93 -24.68 -32 -1.93 -24.31
2 24 -34.35 -1.93 -24.68 -35.45 -1.93 -25.13
2 24 -30.81 -1.93 -24.41 -32 -1.93 -24.31
3 16 -32 -1.93 -24.31 -34.35 -1.93 -24.68 -33.19 -1.93 -24.41
2 24 -33.19 -1.93 -24.41 -34.35 -1.93 -24.68
2 24 -32 -1.93 -24.31 -33.19 -1.93 -24.41
3 16 -40.7 -1.93 -18.39 -41.14 -1.93 -19.47 -42.23 -1.93 -16
2 24 -41.14 -1.93 -19.47 -40.7 -1.93 -18.39
4 16 -42.23 -1.93 -16 -41.14 -1.93 -19.47 -41.75 -1.93 -20.47 -43.53 -1.93 -22.25
2 24 -41.75 -1.93 -20.47 -41.14 -1.93 -19.47
4 16 -43.53 -1.93 -22.25 -41.75 -1.93 -20.47 -36.47 -1.93 -25.75 -37.77 -1.93 -26.23
2 24 -36.47 -1.93 -25.75 -41.75 -1.93 -20.47
3 16 -22.86 -1.93 -19.47 -23.3 -1.93 -18.39 -21.77 -1.93 -16
2 24 -23.3 -1.93 -18.39 -22.86 -1.93 -19.47
3 16 -21.77 -1.93 -16 -23.3 -1.93 -18.39 -23.58 -1.93 -17.26
2 24 -23.58 -1.93 -17.26 -23.3 -1.93 -18.39
3 16 -21.77 -1.93 -16 -23.58 -1.93 -17.26 -26.23 -1.93 -16
4 16 -26.23 -1.93 -16 -23.58 -1.93 -17.26 -37.77 -1.93 -17.26 -37.77 -1.93 -16
2 24 -37.77 -1.93 -17.26 -23.58 -1.93 -17.26
4 16 -37.77 -1.93 -16 -37.77 -1.93 -17.26 -42.23 -1.93 -16 -40.42 -1.93 -14.74
3 16 -42.23 -1.93 -16 -37.77 -1.93 -17.26 -40.42 -1.93 -17.26
2 24 -40.42 -1.93 -17.26 -37.77 -1.93 -17.26
3 16 -42.23 -1.93 -16 -40.42 -1.93 -17.26 -40.7 -1.93 -18.39
2 24 -40.7 -1.93 -18.39 -40.42 -1.93 -17.26
3 16 -26.23 -1.93 -26.23 -27.53 -1.93 -25.75 -22.25 -1.93 -20.47
2 24 -22.25 -1.93 -20.47 -27.53 -1.93 -25.75
3 16 -22.86 -1.93 -19.47 -21.77 -1.93 -16 -22.25 -1.93 -20.47
2 24 -22.86 -1.93 -19.47 -22.25 -1.93 -20.47
4 16 -22.25 -1.93 -20.47 -21.77 -1.93 -16 -21.21 -1.93 -16.92 -20.47 -1.93 -22.25
4 16 -22.25 -1.93 -20.47 -20.47 -1.93 -22.25 -25.75 -1.93 -27.53 -26.23 -1.93 -26.23
2 24 -25.75 -1.93 -27.53 -20.47 -1.93 -22.25
3 16 -18.39 -1.93 -40.7 -16 -1.93 -42.23 -19.47 -1.93 -41.14
2 24 -18.39 -1.93 -40.7 -19.47 -1.93 -41.14
3 16 -19.47 -1.93 -41.14 -16 -1.93 -42.23 -20.47 -1.93 -41.75
2 24 -19.47 -1.93 -41.14 -20.47 -1.93 -41.75
3 16 -26.23 -1.93 -26.23 -25.75 -1.93 -27.53 -25.75 -1.93 -36.47
4 16 -26.23 -1.93 -26.23 -25.75 -1.93 -36.47 -26.23 -1.93 -37.77 -26.71 -1.93 -32
4 16 -26.23 -1.93 -37.77 -25.75 -1.93 -36.47 -20.47 -1.93 -41.75 -22.25 -1.93 -43.53
2 24 -20.47 -1.93 -41.75 -25.75 -1.93 -36.47
4 16 -22.25 -1.93 -43.53 -20.47 -1.93 -41.75 -16 -1.93 -42.23 -16.92 -1.93 -42.79
3 16 -16.92 -1.93 -42.79 -16 -1.93 -42.23 -16 -1.93 -42.71
2 24 -16.92 -1.93 -42.79 -16 -1.93 -42.71
3 16 -25.75 -1.93 -27.53 -25.13 -1.93 -28.55 -25.75 -1.93 -36.47
2 24 -25.13 -1.93 -28.55 -25.75 -1.93 -27.53
3 16 -25.75 -1.93 -36.47 -25.13 -1.93 -28.55 -24.68 -1.93 -29.65
2 24 -24.68 -1.93 -29.65 -25.13 -1.93 -28.55
3 16 -25.75 -1.93 -36.47 -24.68 -1.93 -29.65 -24.41 -1.93 -30.81
2 24 -24.41 -1.93 -30.81 -24.68 -1.93 -29.65
3 16 -24.41 -1.93 -30.81 -24.31 -1.93 -32 -25.75 -1.93 -36.47
2 24 -24.31 -1.93 -32 -24.41 -1.93 -30.81
4 16 -25.75 -1.93 -36.47 -24.31 -1.93 -32 -24.41 -1.93 -33.19 -25.13 -1.93 -35.45
2 24 -24.41 -1.93 -33.19 -24.31 -1.93 -32
2 24 -25.75 -1.93 -36.47 -25.13 -1.93 -35.45
3 16 -25.13 -1.93 -35.45 -24.41 -1.93 -33.19 -24.68 -1.93 -34.35
2 24 -24.68 -1.93 -34.35 -24.41 -1.93 -33.19
2 24 -25.13 -1.93 -35.45 -24.68 -1.93 -34.35
3 16 -17.26 -1.93 -26.23 -17.26 -1.93 -23.58 -16 -1.93 -21.77
2 24 -17.26 -1.93 -23.58 -17.26 -1.93 -26.23
3 16 -17.26 -1.93 -23.58 -18.39 -1.93 -23.3 -16 -1.93 -21.77
2 24 -18.39 -1.93 -23.3 -17.26 -1.93 -23.58
3 16 -16 -1.93 -21.77 -18.39 -1.93 -23.3 -19.47 -1.93 -22.86
2 24 -19.47 -1.93 -22.86 -18.39 -1.93 -23.3
3 16 -16 -1.93 -21.77 -19.47 -1.93 -22.86 -20.47 -1.93 -22.25
2 24 -20.47 -1.93 -22.25 -19.47 -1.93 -22.86
4 16 -49.26 -1.93 -23.58 -46.74 -1.93 -23.58 -46.74 -1.93 -37.77 -49.26 -1.93 -26.23
2 24 -46.74 -1.93 -37.77 -46.74 -1.93 -23.58
2 24 -49.26 -1.93 -23.58 -49.26 -1.93 -26.23
3 16 -43.53 -1.93 -22.25 -44.53 -1.93 -22.86 -49.26 -1.93 -23.58
2 24 -44.53 -1.93 -22.86 -43.53 -1.93 -22.25
3 16 -49.26 -1.93 -23.58 -44.53 -1.93 -22.86 -45.61 -1.93 -23.3
2 24 -45.61 -1.93 -23.3 -44.53 -1.93 -22.86
3 16 -49.26 -1.93 -23.58 -45.61 -1.93 -23.3 -46.74 -1.93 -23.58
2 24 -46.74 -1.93 -23.58 -45.61 -1.93 -23.3
4 16 -38.87 -1.93 -35.45 -39.32 -1.93 -29.65 -38.87 -1.93 -28.55 -38.25 -1.93 -36.47
2 24 -38.87 -1.93 -28.55 -39.32 -1.93 -29.65
2 24 -38.87 -1.93 -35.45 -38.25 -1.93 -36.47
4 16 -38.25 -1.93 -36.47 -38.87 -1.93 -28.55 -38.25 -1.93 -27.53 -37.77 -1.93 -37.77
2 24 -38.25 -1.93 -27.53 -38.87 -1.93 -28.55
3 16 -39.69 -1.93 -32 -39.59 -1.93 -30.81 -39.59 -1.93 -33.19
2 24 -39.59 -1.93 -30.81 -39.69 -1.93 -32
2 24 -39.69 -1.93 -32 -39.59 -1.93 -33.19
4 16 -39.59 -1.93 -33.19 -39.59 -1.93 -30.81 -39.32 -1.93 -29.65 -39.32 -1.93 -34.35
2 24 -39.32 -1.93 -29.65 -39.59 -1.93 -30.81
2 24 -39.59 -1.93 -33.19 -39.32 -1.93 -34.35
3 16 -39.32 -1.93 -34.35 -39.32 -1.93 -29.65 -38.87 -1.93 -35.45
2 24 -39.32 -1.93 -34.35 -38.87 -1.93 -35.45
3 16 -50.02 -1.93 -42.23 -50.39 -1.93 -40.7 -49.26 -1.93 -40.42
2 24 -49.26 -1.93 -40.42 -50.39 -1.93 -40.7
4 16 -45.61 -1.93 -40.7 -50.02 -1.93 -42.23 -49.26 -1.93 -40.42 -46.74 -1.93 -40.42
2 24 -45.61 -1.93 -40.7 -46.74 -1.93 -40.42
4 16 -46.74 -1.93 -40.42 -49.26 -1.93 -40.42 -49.26 -1.93 -26.23 -46.74 -1.93 -37.77
2 24 -49.26 -1.93 -26.23 -49.26 -1.93 -40.42
2 24 -46.74 -1.93 -40.42 -46.74 -1.93 -37.77
4 16 -4.47 -1.93 -38.25 -6.25 -1.93 -36.47 -0.92 -1.93 -37.21 0 -1.93 -37.77
3 16 -14.74 -1.93 -37.77 -14.74 -1.93 -40.42 -16 -1.93 -42.23
2 24 -14.74 -1.93 -40.42 -14.74 -1.93 -37.77
3 16 -16 -1.93 -42.23 -14.74 -1.93 -40.42 -13.61 -1.93 -40.7
2 24 -13.61 -1.93 -40.7 -14.74 -1.93 -40.42
4 16 -6.25 -1.93 -36.47 -4.47 -1.93 -38.25 -9.75 -1.93 -43.53 -11.53 -1.93 -41.75
2 24 -9.75 -1.93 -43.53 -4.47 -1.93 -38.25
2 24 -6.25 -1.93 -36.47 -11.53 -1.93 -41.75
4 16 -11.53 -1.93 -41.75 -9.75 -1.93 -43.53 -16 -1.93 -42.23 -12.53 -1.93 -41.14
2 24 -11.53 -1.93 -41.75 -12.53 -1.93 -41.14
3 16 -12.53 -1.93 -41.14 -16 -1.93 -42.23 -13.61 -1.93 -40.7
2 24 -12.53 -1.93 -41.14 -13.61 -1.93 -40.7
3 16 0 -1.93 -37.77 0 -1.93 -39.69 -1.19 -1.93 -39.59
2 24 -1.19 -1.93 -39.59 0 -1.93 -39.69
3 16 -1.19 -1.93 -39.59 -2.35 -1.93 -39.32 0 -1.93 -37.77
2 24 -2.35 -1.93 -39.32 -1.19 -1.93 -39.59
3 16 0 -1.93 -37.77 -2.35 -1.93 -39.32 -3.45 -1.93 -38.87
2 24 -3.45 -1.93 -38.87 -2.35 -1.93 -39.32
3 16 0 -1.93 -37.77 -3.45 -1.93 -38.87 -4.47 -1.93 -38.25
2 24 -4.47 -1.93 -38.25 -3.45 -1.93 -38.87
3 16 -18.39 -1.93 -40.7 -17.26 -1.93 -40.42 -16 -1.93 -42.23
2 24 -17.26 -1.93 -40.42 -18.39 -1.93 -40.7
4 16 -16 -1.93 -42.23 -17.26 -1.93 -40.42 -16 -1.93 -37.77 -14.74 -1.93 -37.77
4 16 -14.74 -1.93 -37.77 -16 -1.93 -37.77 -16 -1.93 -26.23 -14.74 -1.93 -23.58
2 24 -14.74 -1.93 -37.77 -14.74 -1.93 -23.58
3 16 -13.61 -1.93 -23.3 -14.74 -1.93 -23.58 -16 -1.93 -21.77
2 24 -14.74 -1.93 -23.58 -13.61 -1.93 -23.3
4 16 -16 -1.93 -21.77 -14.74 -1.93 -23.58 -16 -1.93 -26.23 -17.26 -1.93 -26.23
4 16 -17.26 -1.93 -26.23 -16 -1.93 -26.23 -16 -1.93 -37.77 -17.26 -1.93 -40.42
2 24 -17.26 -1.93 -26.23 -17.26 -1.93 -40.42
3 16 -3.45 -1.93 -25.13 0 -1.93 -26.23 -4.47 -1.93 -25.75
2 24 -3.45 -1.93 -25.13 -4.47 -1.93 -25.75
4 16 -4.47 -1.93 -25.75 0 -1.93 -26.23 -0.92 -1.93 -26.79 -6.25 -1.93 -27.53
4 16 -4.47 -1.93 -25.75 -6.25 -1.93 -27.53 -11.53 -1.93 -22.25 -8.45 -1.93 -21.77
2 24 -11.53 -1.93 -22.25 -6.25 -1.93 -27.53
2 24 -4.47 -1.93 -25.75 -8.45 -1.93 -21.77
3 16 -8.45 -1.93 -21.77 -11.53 -1.93 -22.25 -16 -1.93 -21.77
3 16 -16 -1.93 -21.77 -11.53 -1.93 -22.25 -12.53 -1.93 -22.86
2 24 -12.53 -1.93 -22.86 -11.53 -1.93 -22.25
3 16 -16 -1.93 -21.77 -12.53 -1.93 -22.86 -13.61 -1.93 -23.3
2 24 -13.61 -1.93 -23.3 -12.53 -1.93 -22.86
3 16 -3.45 -1.93 -25.13 -2.35 -1.93 -24.68 0 -1.93 -26.23
2 24 -2.35 -1.93 -24.68 -3.45 -1.93 -25.13
3 16 0 -1.93 -26.23 -2.35 -1.93 -24.68 -1.19 -1.93 -24.41
2 24 -1.19 -1.93 -24.41 -2.35 -1.93 -24.68
3 16 0 -1.93 -26.23 -1.19 -1.93 -24.41 0 -1.93 -24.31
2 24 0 -1.93 -24.31 -1.19 -1.93 -24.41
3 16 0 -1.93 -37.29 0 -1.93 -37.77 -0.92 -1.93 -37.21
2 24 0 -1.93 -37.29 -0.92 -1.93 -37.21
3 16 -0.92 -1.93 -37.21 -6.25 -1.93 -36.47 -1.81 -1.93 -36.97
2 24 -0.92 -1.93 -37.21 -1.81 -1.93 -36.97
3 16 -1.81 -1.93 -36.97 -6.25 -1.93 -36.47 -2.65 -1.93 -36.58
2 24 -1.81 -1.93 -36.97 -2.65 -1.93 -36.58
3 16 -2.65 -1.93 -36.58 -6.25 -1.93 -36.47 -3.4 -1.93 -36.05
2 24 -2.65 -1.93 -36.58 -3.4 -1.93 -36.05
3 16 -2.65 -1.93 -27.42 -6.25 -1.93 -27.53 -1.81 -1.93 -27.03
2 24 -2.65 -1.93 -27.42 -1.81 -1.93 -27.03
3 16 -1.81 -1.93 -27.03 -6.25 -1.93 -27.53 -0.92 -1.93 -26.79
2 24 -1.81 -1.93 -27.03 -0.92 -1.93 -26.79
3 16 -0.92 -1.93 -26.79 0 -1.93 -26.23 0 -1.93 -26.71
2 24 -0.92 -1.93 -26.79 0 -1.93 -26.71
3 16 -2.65 -1.93 -27.42 -3.4 -1.93 -27.95 -6.25 -1.93 -27.53
2 24 -3.4 -1.93 -27.95 -2.65 -1.93 -27.42
3 16 -6.25 -1.93 -27.53 -3.4 -1.93 -27.95 -4.05 -1.93 -28.6
2 24 -4.05 -1.93 -28.6 -3.4 -1.93 -27.95
4 16 -6.25 -1.93 -27.53 -4.05 -1.93 -28.6 -4.58 -1.93 -29.35 -6.87 -1.93 -28.55
2 24 -4.58 -1.93 -29.35 -4.05 -1.93 -28.6
2 24 -6.25 -1.93 -27.53 -6.87 -1.93 -28.55
4 16 -6.87 -1.93 -28.55 -4.58 -1.93 -29.35 -4.97 -1.93 -30.19 -7.32 -1.93 -29.65
2 24 -4.97 -1.93 -30.19 -4.58 -1.93 -29.35
2 24 -6.87 -1.93 -28.55 -7.32 -1.93 -29.65
4 16 -7.32 -1.93 -29.65 -4.97 -1.93 -30.19 -5.21 -1.93 -31.08 -7.59 -1.93 -30.81
2 24 -5.21 -1.93 -31.08 -4.97 -1.93 -30.19
2 24 -7.32 -1.93 -29.65 -7.59 -1.93 -30.81
4 16 -7.59 -1.93 -30.81 -5.21 -1.93 -31.08 -5.29 -1.93 -32 -7.69 -1.93 -32
2 24 -5.29 -1.93 -32 -5.21 -1.93 -31.08
2 24 -7.59 -1.93 -30.81 -7.69 -1.93 -32
4 16 -7.69 -1.93 -32 -5.29 -1.93 -32 -5.21 -1.93 -32.92 -7.59 -1.93 -33.19
2 24 -5.21 -1.93 -32.92 -5.29 -1.93 -32
2 24 -7.69 -1.93 -32 -7.59 -1.93 -33.19
4 16 -7.59 -1.93 -33.19 -5.21 -1.93 -32.92 -4.97 -1.93 -33.81 -7.32 -1.93 -34.35
2 24 -4.97 -1.93 -33.81 -5.21 -1.93 -32.92
2 24 -7.59 -1.93 -33.19 -7.32 -1.93 -34.35
4 16 -7.32 -1.93 -34.35 -4.97 -1.93 -33.81 -4.58 -1.93 -34.65 -6.87 -1.93 -35.45
2 24 -4.58 -1.93 -34.65 -4.97 -1.93 -33.81
2 24 -7.32 -1.93 -34.35 -6.87 -1.93 -35.45
4 16 -6.87 -1.93 -35.45 -4.58 -1.93 -34.65 -4.05 -1.93 -35.4 -6.25 -1.93 -36.47
2 24 -4.05 -1.93 -35.4 -4.58 -1.93 -34.65
2 24 -6.87 -1.93 -35.45 -6.25 -1.93 -36.47
3 16 -6.25 -1.93 -36.47 -4.05 -1.93 -35.4 -3.4 -1.93 -36.05
2 24 -3.4 -1.93 -36.05 -4.05 -1.93 -35.4
3 16 -16 -1.93 -10.71 -14.74 -1.93 0 -14.74 -1.93 -8.42
2 24 -14.74 -1.93 -8.42 -14.74 -1.93 0
3 16 -16 -1.93 -10.71 -14.74 -1.93 -8.42 -15.08 -1.93 -10.79
2 24 -16 -1.93 -10.71 -15.08 -1.93 -10.79
4 16 -15.08 -1.93 -10.79 -14.74 -1.93 -8.42 -13.61 -1.93 -8.7 -14.19 -1.93 -11.03
2 24 -13.61 -1.93 -8.7 -14.74 -1.93 -8.42
2 24 -15.08 -1.93 -10.79 -14.19 -1.93 -11.03
3 16 -8.42 -1.93 -14.74 -10.71 -1.93 -16 -10.79 -1.93 -15.08
2 24 -10.79 -1.93 -15.08 -10.71 -1.93 -16
3 16 -14.19 -1.93 -11.03 -13.61 -1.93 -8.7 -12.53 -1.93 -9.14
2 24 -12.53 -1.93 -9.14 -13.61 -1.93 -8.7
3 16 -14.19 -1.93 -11.03 -12.53 -1.93 -9.14 -11.53 -1.93 -9.75
2 24 -11.53 -1.93 -9.75 -12.53 -1.93 -9.14
3 16 -4.47 -1.93 -6.25 -4.97 -1.93 -1.81 -4.58 -1.93 -2.65
2 24 -4.97 -1.93 -1.81 -4.58 -1.93 -2.65
4 16 -8.42 -1.93 -14.74 -10.79 -1.93 -15.08 -11.03 -1.93 -14.19 -8.7 -1.93 -13.61
2 24 -11.03 -1.93 -14.19 -10.79 -1.93 -15.08
2 24 -8.42 -1.93 -14.74 -8.7 -1.93 -13.61
4 16 -8.7 -1.93 -13.61 -11.03 -1.93 -14.19 -11.42 -1.93 -13.35 -9.14 -1.93 -12.53
2 24 -11.42 -1.93 -13.35 -11.03 -1.93 -14.19
2 24 -8.7 -1.93 -13.61 -9.14 -1.93 -12.53
4 16 -9.14 -1.93 -12.53 -11.42 -1.93 -13.35 -11.95 -1.93 -12.6 -9.75 -1.93 -11.53
2 24 -11.95 -1.93 -12.6 -11.42 -1.93 -13.35
2 24 -9.14 -1.93 -12.53 -9.75 -1.93 -11.53
3 16 -9.75 -1.93 -11.53 -11.95 -1.93 -12.6 -12.6 -1.93 -11.95
2 24 -12.6 -1.93 -11.95 -11.95 -1.93 -12.6
3 16 -9.75 -1.93 -11.53 -12.6 -1.93 -11.95 -13.35 -1.93 -11.42
2 24 -13.35 -1.93 -11.42 -12.6 -1.93 -11.95
3 16 -7.69 -1.93 0 -5.29 -1.93 0 -7.59 -1.93 -1.19
2 24 -7.69 -1.93 0 -7.59 -1.93 -1.19
4 16 -7.59 -1.93 -1.19 -5.29 -1.93 0 -5.21 -1.93 -0.92 -7.32 -1.93 -2.35
2 24 -5.29 -1.93 0 -5.21 -1.93 -0.92
2 24 -7.59 -1.93 -1.19 -7.32 -1.93 -2.35
4 16 -7.32 -1.93 -2.35 -5.21 -1.93 -0.92 -4.97 -1.93 -1.81 -6.87 -1.93 -3.45
2 24 -5.21 -1.93 -0.92 -4.97 -1.93 -1.81
2 24 -7.32 -1.93 -2.35 -6.87 -1.93 -3.45
3 16 0 -1.93 -5.29 0 -1.93 -7.69 -0.92 -1.93 -5.21
2 24 -0.92 -1.93 -5.21 0 -1.93 -5.29
4 16 -0.92 -1.93 -5.21 0 -1.93 -7.69 -1.19 -1.93 -7.59 -1.81 -1.93 -4.97
2 24 -1.19 -1.93 -7.59 0 -1.93 -7.69
2 24 -1.81 -1.93 -4.97 -0.92 -1.93 -5.21
4 16 -1.81 -1.93 -4.97 -1.19 -1.93 -7.59 -2.35 -1.93 -7.32 -2.65 -1.93 -4.58
2 24 -2.35 -1.93 -7.32 -1.19 -1.93 -7.59
2 24 -2.65 -1.93 -4.58 -1.81 -1.93 -4.97
4 16 -2.65 -1.93 -4.58 -2.35 -1.93 -7.32 -3.45 -1.93 -6.87 -3.4 -1.93 -4.05
2 24 -3.45 -1.93 -6.87 -2.35 -1.93 -7.32
2 24 -3.4 -1.93 -4.05 -2.65 -1.93 -4.58
4 16 -3.4 -1.93 -4.05 -3.45 -1.93 -6.87 -4.47 -1.93 -6.25 -4.05 -1.93 -3.4
2 24 -4.47 -1.93 -6.25 -3.45 -1.93 -6.87
2 24 -4.05 -1.93 -3.4 -3.4 -1.93 -4.05
3 16 -4.05 -1.93 -3.4 -4.47 -1.93 -6.25 -4.58 -1.93 -2.65
2 24 -4.58 -1.93 -2.65 -4.05 -1.93 -3.4
4 16 -13.35 -1.93 -11.42 -14.19 -1.93 -11.03 -11.53 -1.93 -9.75 -9.75 -1.93 -11.53
2 24 -14.19 -1.93 -11.03 -13.35 -1.93 -11.42
4 16 -9.75 -1.93 -11.53 -11.53 -1.93 -9.75 -6.25 -1.93 -4.47 -4.47 -1.93 -6.25
2 24 -6.25 -1.93 -4.47 -11.53 -1.93 -9.75
2 24 -9.75 -1.93 -11.53 -4.47 -1.93 -6.25
4 16 -4.47 -1.93 -6.25 -6.25 -1.93 -4.47 -6.87 -1.93 -3.45 -4.97 -1.93 -1.81
2 24 -6.87 -1.93 -3.45 -6.25 -1.93 -4.47
4 16 -8.42 -1.93 -14.74 0 -1.93 -17.26 -8.42 -1.93 -17.26 -10.71 -1.93 -16
2 24 -8.42 -1.93 -17.26 0 -1.93 -17.26
4 16 -13.35 -1.93 -20.58 -9.75 -1.93 -20.47 -8.45 -1.93 -21.77 -14.19 -1.93 -20.97
2 24 -8.45 -1.93 -21.77 -9.75 -1.93 -20.47
2 24 -13.35 -1.93 -20.58 -14.19 -1.93 -20.97
3 16 -14.19 -1.93 -20.97 -8.45 -1.93 -21.77 -15.08 -1.93 -21.21
2 24 -14.19 -1.93 -20.97 -15.08 -1.93 -21.21
4 16 -15.08 -1.93 -21.21 -8.45 -1.93 -21.77 -16 -1.93 -21.77 -16 -1.93 -21.29
2 24 -15.08 -1.93 -21.21 -16 -1.93 -21.29
3 16 -13.35 -1.93 -20.58 -12.6 -1.93 -20.05 -9.75 -1.93 -20.47
2 24 -12.6 -1.93 -20.05 -13.35 -1.93 -20.58
3 16 -9.75 -1.93 -20.47 -12.6 -1.93 -20.05 -11.95 -1.93 -19.4
2 24 -11.95 -1.93 -19.4 -12.6 -1.93 -20.05
4 16 -9.75 -1.93 -20.47 -11.95 -1.93 -19.4 -11.42 -1.93 -18.65 -9.14 -1.93 -19.47
2 24 -11.42 -1.93 -18.65 -11.95 -1.93 -19.4
2 24 -9.75 -1.93 -20.47 -9.14 -1.93 -19.47
4 16 -9.14 -1.93 -19.47 -11.42 -1.93 -18.65 -11.03 -1.93 -17.81 -8.7 -1.93 -18.39
2 24 -11.03 -1.93 -17.81 -11.42 -1.93 -18.65
2 24 -9.14 -1.93 -19.47 -8.7 -1.93 -18.39
4 16 -8.7 -1.93 -18.39 -11.03 -1.93 -17.81 -10.79 -1.93 -16.92 -8.42 -1.93 -17.26
2 24 -10.79 -1.93 -16.92 -11.03 -1.93 -17.81
2 24 -8.7 -1.93 -18.39 -8.42 -1.93 -17.26
3 16 -8.42 -1.93 -17.26 -10.79 -1.93 -16.92 -10.71 -1.93 -16
2 24 -10.71 -1.93 -16 -10.79 -1.93 -16.92
3 16 -20.58 -1.93 -18.65 -20.05 -1.93 -19.4 -20.47 -1.93 -22.25
2 24 -20.05 -1.93 -19.4 -20.58 -1.93 -18.65
3 16 -20.47 -1.93 -22.25 -20.05 -1.93 -19.4 -19.4 -1.93 -20.05
2 24 -19.4 -1.93 -20.05 -20.05 -1.93 -19.4
3 16 -20.47 -1.93 -22.25 -19.4 -1.93 -20.05 -18.65 -1.93 -20.58
2 24 -18.65 -1.93 -20.58 -19.4 -1.93 -20.05
3 16 -18.65 -1.93 -20.58 -17.81 -1.93 -20.97 -20.47 -1.93 -22.25
2 24 -17.81 -1.93 -20.97 -18.65 -1.93 -20.58
3 16 -20.47 -1.93 -22.25 -17.81 -1.93 -20.97 -16.92 -1.93 -21.21
2 24 -16.92 -1.93 -21.21 -17.81 -1.93 -20.97
4 16 -20.47 -1.93 -22.25 -16.92 -1.93 -21.21 -16 -1.93 -21.29 -16 -1.93 -21.77
2 24 -16 -1.93 -21.29 -16.92 -1.93 -21.21
3 16 -21.21 -1.93 -15.08 -21.29 -1.93 -16 -21.77 -1.93 -16
2 24 -21.29 -1.93 -16 -21.21 -1.93 -15.08
3 16 -21.77 -1.93 -16 -21.29 -1.93 -16 -21.21 -1.93 -16.92
2 24 -21.21 -1.93 -16.92 -21.29 -1.93 -16
3 16 -20.47 -1.93 -22.25 -21.21 -1.93 -16.92 -20.97 -1.93 -17.81
2 24 -20.97 -1.93 -17.81 -21.21 -1.93 -16.92
3 16 -20.47 -1.93 -22.25 -20.97 -1.93 -17.81 -20.58 -1.93 -18.65
2 24 -20.58 -1.93 -18.65 -20.97 -1.93 -17.81
3 16 -21.21 -1.93 -15.08 -20.47 -1.93 -9.75 -20.97 -1.93 -14.19
2 24 -21.21 -1.93 -15.08 -20.97 -1.93 -14.19
3 16 -20.97 -1.93 -14.19 -20.47 -1.93 -9.75 -20.58 -1.93 -13.35
2 24 -20.97 -1.93 -14.19 -20.58 -1.93 -13.35
3 16 -20.58 -1.93 -13.35 -20.47 -1.93 -9.75 -20.05 -1.93 -12.6
2 24 -20.58 -1.93 -13.35 -20.05 -1.93 -12.6
4 16 -14.74 -1.93 0 -16 -1.93 -10.71 -16.92 -1.93 -10.79 -17.26 -1.93 -8.42
2 24 -16.92 -1.93 -10.79 -16 -1.93 -10.71
4 16 -17.26 -1.93 -8.42 -16.92 -1.93 -10.79 -17.81 -1.93 -11.03 -18.39 -1.93 -8.7
2 24 -17.81 -1.93 -11.03 -16.92 -1.93 -10.79
2 24 -17.26 -1.93 -8.42 -18.39 -1.93 -8.7
4 16 -18.39 -1.93 -8.7 -17.81 -1.93 -11.03 -18.65 -1.93 -11.42 -19.47 -1.93 -9.14
2 24 -18.65 -1.93 -11.42 -17.81 -1.93 -11.03
2 24 -18.39 -1.93 -8.7 -19.47 -1.93 -9.14
4 16 -19.47 -1.93 -9.14 -18.65 -1.93 -11.42 -19.4 -1.93 -11.95 -20.47 -1.93 -9.75
2 24 -19.4 -1.93 -11.95 -18.65 -1.93 -11.42
2 24 -19.47 -1.93 -9.14 -20.47 -1.93 -9.75
3 16 -20.47 -1.93 -9.75 -19.4 -1.93 -11.95 -20.05 -1.93 -12.6
2 24 -20.05 -1.93 -12.6 -19.4 -1.93 -11.95
3 16 -39.59 -1.93 -1.19 -39.69 -1.93 0 -37.29 -1.93 0
2 24 -39.69 -1.93 0 -39.59 -1.93 -1.19
3 16 -39.59 -1.93 -1.19 -37.29 -1.93 0 -39.32 -1.93 -2.35
2 24 -39.59 -1.93 -1.19 -39.32 -1.93 -2.35
4 16 -41.14 -1.93 -12.53 -42.23 -1.93 -16 -43.53 -1.93 -9.75 -41.75 -1.93 -11.53
2 24 -41.14 -1.93 -12.53 -41.75 -1.93 -11.53
4 16 -41.75 -1.93 -11.53 -43.53 -1.93 -9.75 -38.25 -1.93 -4.47 -37.77 -1.93 -7.55
2 24 -38.25 -1.93 -4.47 -43.53 -1.93 -9.75
2 24 -41.75 -1.93 -11.53 -37.77 -1.93 -7.55
4 16 -37.77 -1.93 -7.55 -38.25 -1.93 -4.47 -37.29 -1.93 0 -37.21 -1.93 -0.92
2 24 -37.21 -1.93 -0.92 -37.29 -1.93 0
3 16 -37.29 -1.93 0 -38.25 -1.93 -4.47 -38.87 -1.93 -3.45
2 24 -38.87 -1.93 -3.45 -38.25 -1.93 -4.47
3 16 -37.29 -1.93 0 -38.87 -1.93 -3.45 -39.32 -1.93 -2.35
2 24 -39.32 -1.93 -2.35 -38.87 -1.93 -3.45
4 16 -36.58 -1.93 -2.65 -36.47 -1.93 -6.25 -37.77 -1.93 -7.55 -36.97 -1.93 -1.81
2 24 -37.77 -1.93 -7.55 -36.47 -1.93 -6.25
2 24 -36.58 -1.93 -2.65 -36.97 -1.93 -1.81
3 16 -36.97 -1.93 -1.81 -37.77 -1.93 -7.55 -37.21 -1.93 -0.92
2 24 -36.97 -1.93 -1.81 -37.21 -1.93 -0.92
3 16 -26.79 -1.93 -0.92 -27.53 -1.93 -6.25 -27.03 -1.93 -1.81
2 24 -26.79 -1.93 -0.92 -27.03 -1.93 -1.81
3 16 -27.03 -1.93 -1.81 -27.53 -1.93 -6.25 -27.42 -1.93 -2.65
2 24 -27.03 -1.93 -1.81 -27.42 -1.93 -2.65
3 16 -27.42 -1.93 -2.65 -27.53 -1.93 -6.25 -27.95 -1.93 -3.4
2 24 -27.42 -1.93 -2.65 -27.95 -1.93 -3.4
3 16 -36.58 -1.93 -2.65 -36.05 -1.93 -3.4 -36.47 -1.93 -6.25
2 24 -36.05 -1.93 -3.4 -36.58 -1.93 -2.65
3 16 -36.47 -1.93 -6.25 -36.05 -1.93 -3.4 -35.4 -1.93 -4.05
2 24 -35.4 -1.93 -4.05 -36.05 -1.93 -3.4
4 16 -36.47 -1.93 -6.25 -35.4 -1.93 -4.05 -34.65 -1.93 -4.58 -35.45 -1.93 -6.87
2 24 -34.65 -1.93 -4.58 -35.4 -1.93 -4.05
2 24 -36.47 -1.93 -6.25 -35.45 -1.93 -6.87
4 16 -35.45 -1.93 -6.87 -34.65 -1.93 -4.58 -33.81 -1.93 -4.97 -34.35 -1.93 -7.32
2 24 -33.81 -1.93 -4.97 -34.65 -1.93 -4.58
2 24 -35.45 -1.93 -6.87 -34.35 -1.93 -7.32
4 16 -34.35 -1.93 -7.32 -33.81 -1.93 -4.97 -32.92 -1.93 -5.21 -33.19 -1.93 -7.59
2 24 -32.92 -1.93 -5.21 -33.81 -1.93 -4.97
2 24 -34.35 -1.93 -7.32 -33.19 -1.93 -7.59
4 16 -33.19 -1.93 -7.59 -32.92 -1.93 -5.21 -32 -1.93 -5.29 -32 -1.93 -7.69
2 24 -32 -1.93 -5.29 -32.92 -1.93 -5.21
2 24 -33.19 -1.93 -7.59 -32 -1.93 -7.69
4 16 -32 -1.93 -7.69 -32 -1.93 -5.29 -31.08 -1.93 -5.21 -30.81 -1.93 -7.59
2 24 -31.08 -1.93 -5.21 -32 -1.93 -5.29
2 24 -32 -1.93 -7.69 -30.81 -1.93 -7.59
4 16 -30.81 -1.93 -7.59 -31.08 -1.93 -5.21 -30.19 -1.93 -4.97 -29.65 -1.93 -7.32
2 24 -30.19 -1.93 -4.97 -31.08 -1.93 -5.21
2 24 -30.81 -1.93 -7.59 -29.65 -1.93 -7.32
4 16 -29.65 -1.93 -7.32 -30.19 -1.93 -4.97 -29.35 -1.93 -4.58 -28.55 -1.93 -6.87
2 24 -29.35 -1.93 -4.58 -30.19 -1.93 -4.97
2 24 -29.65 -1.93 -7.32 -28.55 -1.93 -6.87
4 16 -28.55 -1.93 -6.87 -29.35 -1.93 -4.58 -28.6 -1.93 -4.05 -27.53 -1.93 -6.25
2 24 -28.6 -1.93 -4.05 -29.35 -1.93 -4.58
2 24 -28.55 -1.93 -6.87 -27.53 -1.93 -6.25
3 16 -27.53 -1.93 -6.25 -28.6 -1.93 -4.05 -27.95 -1.93 -3.4
2 24 -27.95 -1.93 -3.4 -28.6 -1.93 -4.05
3 16 -22.86 -1.93 -12.53 -22.25 -1.93 -11.53 -21.77 -1.93 -16
2 24 -22.25 -1.93 -11.53 -22.86 -1.93 -12.53
3 16 -22.86 -1.93 -12.53 -21.77 -1.93 -16 -23.3 -1.93 -13.61
2 24 -22.86 -1.93 -12.53 -23.3 -1.93 -13.61
4 16 -21.21 -1.93 -15.08 -21.77 -1.93 -16 -22.25 -1.93 -11.53 -20.47 -1.93 -9.75
4 16 -20.47 -1.93 -9.75 -22.25 -1.93 -11.53 -27.53 -1.93 -6.25 -25.75 -1.93 -4.47
2 24 -27.53 -1.93 -6.25 -22.25 -1.93 -11.53
2 24 -20.47 -1.93 -9.75 -25.75 -1.93 -4.47
4 16 -25.75 -1.93 -4.47 -27.53 -1.93 -6.25 -26.23 -1.93 0 -25.13 -1.93 -3.45
2 24 -25.75 -1.93 -4.47 -25.13 -1.93 -3.45
3 16 -26.23 -1.93 0 -27.53 -1.93 -6.25 -26.79 -1.93 -0.92
3 16 -26.23 -1.93 0 -26.79 -1.93 -0.92 -26.71 -1.93 0
2 24 -26.71 -1.93 0 -26.79 -1.93 -0.92
3 16 -26.23 -1.93 0 -24.31 -1.93 0 -24.41 -1.93 -1.19
2 24 -24.41 -1.93 -1.19 -24.31 -1.93 0
3 16 -24.41 -1.93 -1.19 -24.68 -1.93 -2.35 -26.23 -1.93 0
2 24 -24.68 -1.93 -2.35 -24.41 -1.93 -1.19
3 16 -26.23 -1.93 0 -24.68 -1.93 -2.35 -25.13 -1.93 -3.45
2 24 -25.13 -1.93 -3.45 -24.68 -1.93 -2.35
3 16 -41.14 -1.93 -12.53 -40.7 -1.93 -13.61 -42.23 -1.93 -16
2 24 -40.7 -1.93 -13.61 -41.14 -1.93 -12.53
3 16 -42.23 -1.93 -16 -40.7 -1.93 -13.61 -40.42 -1.93 -14.74
2 24 -40.42 -1.93 -14.74 -40.7 -1.93 -13.61
4 16 -37.77 -1.93 -16 -40.42 -1.93 -14.74 -26.23 -1.93 -14.74 -26.23 -1.93 -16
2 24 -26.23 -1.93 -14.74 -40.42 -1.93 -14.74
4 16 -26.23 -1.93 -16 -26.23 -1.93 -14.74 -23.58 -1.93 -14.74 -21.77 -1.93 -16
2 24 -23.58 -1.93 -14.74 -26.23 -1.93 -14.74
3 16 -21.77 -1.93 -16 -23.58 -1.93 -14.74 -23.3 -1.93 -13.61
2 24 -23.3 -1.93 -13.61 -23.58 -1.93 -14.74
3 16 -45.61 -1.93 -40.7 -44.53 -1.93 -41.14 -50.02 -1.93 -42.23
2 24 -44.53 -1.93 -41.14 -45.61 -1.93 -40.7
3 16 -50.02 -1.93 -42.23 -44.53 -1.93 -41.14 -43.53 -1.93 -41.75
2 24 -43.53 -1.93 -41.75 -44.53 -1.93 -41.14
3 16 -42.23 -1.93 -42.23 -43.53 -1.93 -41.75 -38.25 -1.93 -36.47
2 24 -38.25 -1.93 -36.47 -43.53 -1.93 -41.75
4 16 -42.23 -1.93 -42.23 -38.25 -1.93 -36.47 -37.77 -1.93 -37.77 -41.75 -1.93 -43.53
4 16 -37.77 -1.93 -37.77 -38.25 -1.93 -27.53 -37.77 -1.93 -26.23 -37.29 -1.93 -32
3 16 -37.77 -1.93 -26.23 -38.25 -1.93 -27.53 -43.53 -1.93 -22.25
2 24 -43.53 -1.93 -22.25 -38.25 -1.93 -27.53
4 16 -43.53 -1.93 -22.25 -49.26 -1.93 -23.58 -50.39 -1.93 -23.3 -50.02 -1.93 -21.77
2 24 -50.39 -1.93 -23.3 -49.26 -1.93 -23.58
3 16 -50.02 -1.93 -21.77 -50.39 -1.93 -23.3 -51.47 -1.93 -22.86
2 24 -51.47 -1.93 -22.86 -50.39 -1.93 -23.3
4 16 -51.47 -1.93 -22.86 -52.47 -1.93 -22.25 -54.25 -1.93 -20.47 -50.02 -1.93 -21.77
2 24 -52.47 -1.93 -22.25 -51.47 -1.93 -22.86
4 16 -50.02 -1.93 -21.77 -54.25 -1.93 -20.47 -50.65 -1.93 -20.58 -49.81 -1.93 -20.97
2 24 -49.81 -1.93 -20.97 -50.65 -1.93 -20.58
3 16 -50.65 -1.93 -20.58 -54.25 -1.93 -20.47 -51.4 -1.93 -20.05
2 24 -50.65 -1.93 -20.58 -51.4 -1.93 -20.05
4 16 -54.25 -1.93 -43.53 -52.47 -1.93 -41.75 -51.47 -1.93 -41.14 -50.02 -1.93 -42.23
2 24 -51.47 -1.93 -41.14 -52.47 -1.93 -41.75
3 16 -50.02 -1.93 -42.23 -51.47 -1.93 -41.14 -50.39 -1.93 -40.7
2 24 -50.39 -1.93 -40.7 -51.47 -1.93 -41.14
3 16 -42.23 -1.93 -42.23 -41.75 -1.93 -43.53 -40.42 -1.93 -49.26
4 16 -42.23 -1.93 -42.23 -40.42 -1.93 -49.26 -40.7 -1.93 -50.39 -42.23 -1.93 -50.02
2 24 -40.7 -1.93 -50.39 -40.42 -1.93 -49.26
3 16 -42.23 -1.93 -50.02 -40.7 -1.93 -50.39 -41.14 -1.93 -51.47
2 24 -41.14 -1.93 -51.47 -40.7 -1.93 -50.39
4 16 -41.14 -1.93 -51.47 -41.75 -1.93 -52.47 -43.53 -1.93 -54.25 -42.23 -1.93 -50.02
2 24 -41.75 -1.93 -52.47 -41.14 -1.93 -51.47
4 16 -42.23 -1.93 -50.02 -43.53 -1.93 -54.25 -43.42 -1.93 -50.65 -43.03 -1.93 -49.81
2 24 -43.03 -1.93 -49.81 -43.42 -1.93 -50.65
3 16 -43.42 -1.93 -50.65 -43.53 -1.93 -54.25 -43.95 -1.93 -51.4
2 24 -43.42 -1.93 -50.65 -43.95 -1.93 -51.4
4 16 -21.77 -1.93 -50.02 -20.47 -1.93 -54.25 -22.25 -1.93 -52.47 -22.86 -1.93 -51.47
2 24 -22.86 -1.93 -51.47 -22.25 -1.93 -52.47
4 16 -22.25 -1.93 -52.47 -20.47 -1.93 -54.25 -26.44 -1.93 -60.22 -30 -1.93 -60.22
2 24 -26.44 -1.93 -60.22 -20.47 -1.93 -54.25
2 24 -30 -1.93 -60.22 -26.44 -1.93 -60.22
2 24 -22.25 -1.93 -52.47 -30 -1.93 -60.22
4 16 -22.86 -1.93 -44.53 -22.25 -1.93 -43.53 -23.3 -1.93 -50.39 -23.58 -1.93 -49.26
2 24 -22.25 -1.93 -43.53 -22.86 -1.93 -44.53
2 24 -23.58 -1.93 -49.26 -23.3 -1.93 -50.39
4 16 -23.3 -1.93 -50.39 -22.25 -1.93 -43.53 -21.77 -1.93 -50.02 -22.86 -1.93 -51.47
2 24 -23.3 -1.93 -50.39 -22.86 -1.93 -51.47
3 16 -36.97 -1.93 -33.81 -36.58 -1.93 -34.65 -37.77 -1.93 -37.77
2 24 -36.58 -1.93 -34.65 -36.97 -1.93 -33.81
3 16 -37.77 -1.93 -26.23 -32 -1.93 -26.71 -32.92 -1.93 -26.79
2 24 -32.92 -1.93 -26.79 -32 -1.93 -26.71
3 16 -36.58 -1.93 -34.65 -36.05 -1.93 -35.4 -37.77 -1.93 -37.77
2 24 -36.05 -1.93 -35.4 -36.58 -1.93 -34.65
3 16 -37.77 -1.93 -37.77 -36.05 -1.93 -35.4 -35.4 -1.93 -36.05
2 24 -35.4 -1.93 -36.05 -36.05 -1.93 -35.4
3 16 -37.77 -1.93 -37.77 -35.4 -1.93 -36.05 -34.65 -1.93 -36.58
2 24 -34.65 -1.93 -36.58 -35.4 -1.93 -36.05
3 16 -32 -1.93 -37.29 -31.08 -1.93 -37.21 -26.23 -1.93 -37.77
2 24 -31.08 -1.93 -37.21 -32 -1.93 -37.29
3 16 -32.92 -1.93 -26.79 -33.81 -1.93 -27.03 -37.77 -1.93 -26.23
2 24 -33.81 -1.93 -27.03 -32.92 -1.93 -26.79
3 16 -37.77 -1.93 -26.23 -33.81 -1.93 -27.03 -34.65 -1.93 -27.42
2 24 -34.65 -1.93 -27.42 -33.81 -1.93 -27.03
3 16 -37.77 -1.93 -26.23 -34.65 -1.93 -27.42 -35.4 -1.93 -27.95
2 24 -35.4 -1.93 -27.95 -34.65 -1.93 -27.42
3 16 -35.4 -1.93 -27.95 -36.05 -1.93 -28.6 -37.77 -1.93 -26.23
2 24 -36.05 -1.93 -28.6 -35.4 -1.93 -27.95
3 16 -37.77 -1.93 -26.23 -36.05 -1.93 -28.6 -36.58 -1.93 -29.35
2 24 -36.58 -1.93 -29.35 -36.05 -1.93 -28.6
3 16 -37.77 -1.93 -26.23 -36.58 -1.93 -29.35 -36.97 -1.93 -30.19
2 24 -36.97 -1.93 -30.19 -36.58 -1.93 -29.35
3 16 -36.97 -1.93 -30.19 -37.21 -1.93 -31.08 -37.77 -1.93 -26.23
2 24 -37.21 -1.93 -31.08 -36.97 -1.93 -30.19
3 16 -37.77 -1.93 -26.23 -37.21 -1.93 -31.08 -37.29 -1.93 -32
2 24 -37.29 -1.93 -32 -37.21 -1.93 -31.08
3 16 -37.77 -1.93 -37.77 -37.29 -1.93 -32 -37.21 -1.93 -32.92
2 24 -37.21 -1.93 -32.92 -37.29 -1.93 -32
3 16 -37.77 -1.93 -37.77 -37.21 -1.93 -32.92 -36.97 -1.93 -33.81
2 24 -36.97 -1.93 -33.81 -37.21 -1.93 -32.92
4 16 -27.53 -1.93 -38.25 -35.45 -1.93 -38.87 -36.47 -1.93 -38.25 -26.23 -1.93 -37.77
2 24 -36.47 -1.93 -38.25 -35.45 -1.93 -38.87
4 16 -26.23 -1.93 -37.77 -36.47 -1.93 -38.25 -37.77 -1.93 -37.77 -32 -1.93 -37.29
3 16 -31.08 -1.93 -37.21 -30.19 -1.93 -36.97 -26.23 -1.93 -37.77
2 24 -30.19 -1.93 -36.97 -31.08 -1.93 -37.21
3 16 -26.23 -1.93 -37.77 -30.19 -1.93 -36.97 -29.35 -1.93 -36.58
2 24 -29.35 -1.93 -36.58 -30.19 -1.93 -36.97
3 16 -26.23 -1.93 -37.77 -29.35 -1.93 -36.58 -28.6 -1.93 -36.05
2 24 -28.6 -1.93 -36.05 -29.35 -1.93 -36.58
3 16 -29.65 -1.93 -24.68 -28.55 -1.93 -25.13 -36.47 -1.93 -25.75
2 24 -28.55 -1.93 -25.13 -29.65 -1.93 -24.68
4 16 -36.47 -1.93 -25.75 -28.55 -1.93 -25.13 -27.53 -1.93 -25.75 -37.77 -1.93 -26.23
2 24 -27.53 -1.93 -25.75 -28.55 -1.93 -25.13
4 16 -37.77 -1.93 -26.23 -27.53 -1.93 -25.75 -26.23 -1.93 -26.23 -32 -1.93 -26.71
3 16 -32 -1.93 -26.71 -26.23 -1.93 -26.23 -31.08 -1.93 -26.79
2 24 -32 -1.93 -26.71 -31.08 -1.93 -26.79
3 16 -34.65 -1.93 -36.58 -33.81 -1.93 -36.97 -37.77 -1.93 -37.77
2 24 -33.81 -1.93 -36.97 -34.65 -1.93 -36.58
3 16 -37.77 -1.93 -37.77 -33.81 -1.93 -36.97 -32.92 -1.93 -37.21
2 24 -32.92 -1.93 -37.21 -33.81 -1.93 -36.97
3 16 -37.77 -1.93 -37.77 -32.92 -1.93 -37.21 -32 -1.93 -37.29
2 24 -32 -1.93 -37.29 -32.92 -1.93 -37.21
3 16 -28.6 -1.93 -27.95 -29.35 -1.93 -27.42 -26.23 -1.93 -26.23
2 24 -29.35 -1.93 -27.42 -28.6 -1.93 -27.95
3 16 -26.23 -1.93 -26.23 -29.35 -1.93 -27.42 -30.19 -1.93 -27.03
2 24 -30.19 -1.93 -27.03 -29.35 -1.93 -27.42
3 16 -26.23 -1.93 -26.23 -30.19 -1.93 -27.03 -31.08 -1.93 -26.79
2 24 -31.08 -1.93 -26.79 -30.19 -1.93 -27.03
3 16 -28.6 -1.93 -36.05 -27.95 -1.93 -35.4 -26.23 -1.93 -37.77
2 24 -27.95 -1.93 -35.4 -28.6 -1.93 -36.05
3 16 -26.23 -1.93 -37.77 -27.95 -1.93 -35.4 -27.42 -1.93 -34.65
2 24 -27.42 -1.93 -34.65 -27.95 -1.93 -35.4
3 16 -26.23 -1.93 -37.77 -27.42 -1.93 -34.65 -27.03 -1.93 -33.81
2 24 -27.03 -1.93 -33.81 -27.42 -1.93 -34.65
3 16 -27.03 -1.93 -33.81 -26.79 -1.93 -32.92 -26.23 -1.93 -37.77
2 24 -26.79 -1.93 -32.92 -27.03 -1.93 -33.81
3 16 -26.23 -1.93 -37.77 -26.79 -1.93 -32.92 -26.71 -1.93 -32
2 24 -26.71 -1.93 -32 -26.79 -1.93 -32.92
3 16 -26.23 -1.93 -26.23 -26.71 -1.93 -32 -26.79 -1.93 -31.08
2 24 -26.79 -1.93 -31.08 -26.71 -1.93 -32
3 16 -26.23 -1.93 -26.23 -26.79 -1.93 -31.08 -27.03 -1.93 -30.19
2 24 -27.03 -1.93 -30.19 -26.79 -1.93 -31.08
3 16 -27.03 -1.93 -30.19 -27.42 -1.93 -29.35 -26.23 -1.93 -26.23
2 24 -27.42 -1.93 -29.35 -27.03 -1.93 -30.19
3 16 -26.23 -1.93 -26.23 -27.42 -1.93 -29.35 -27.95 -1.93 -28.6
2 24 -27.95 -1.93 -28.6 -27.42 -1.93 -29.35
3 16 -26.23 -1.93 -26.23 -27.95 -1.93 -28.6 -28.6 -1.93 -27.95
2 24 -28.6 -1.93 -27.95 -27.95 -1.93 -28.6

3 16 -14.74 -3.81 0 -7.69 -3.81 0 -7.59 -3.81 -1.19
2 24 -7.69 -3.81 0 -7.59 -3.81 -1.19
4 16 -14.74 -3.81 0 -7.59 -3.81 -1.19 -7.32 -3.81 -2.35 -14.74 -3.81 -8.42
2 24 -7.59 -3.81 -1.19 -7.32 -3.81 -2.35
2 24 -14.74 -3.81 0 -14.74 -3.81 -8.42
4 16 -6.25 -3.81 -4.47 -11.53 -3.81 -9.75 -12.53 -3.81 -9.14 -6.87 -3.81 -3.45
2 24 -11.53 -3.81 -9.75 -6.25 -3.81 -4.47
2 24 -12.53 -3.81 -9.14 -11.53 -3.81 -9.75
2 24 -6.87 -3.81 -3.45 -6.25 -3.81 -4.47
4 16 -14.74 -3.81 -8.42 -7.32 -3.81 -2.35 -6.87 -3.81 -3.45 -13.61 -3.81 -8.7
2 24 -7.32 -3.81 -2.35 -6.87 -3.81 -3.45
2 24 -14.74 -3.81 -8.42 -13.61 -3.81 -8.7
3 16 -13.61 -3.81 -8.7 -6.87 -3.81 -3.45 -12.53 -3.81 -9.14
2 24 -13.61 -3.81 -8.7 -12.53 -3.81 -9.14

3 16 -24.41 -3.81 -1.19 -24.31 -3.81 0 -17.26 -3.81 0
2 24 -24.31 -3.81 0 -24.41 -3.81 -1.19
3 16 -20.47 -3.81 -9.75 -25.75 -3.81 -4.47 -19.47 -3.81 -9.14
2 24 -25.75 -3.81 -4.47 -20.47 -3.81 -9.75
2 24 -20.47 -3.81 -9.75 -19.47 -3.81 -9.14
4 16 -19.47 -3.81 -9.14 -25.75 -3.81 -4.47 -25.13 -3.81 -3.45 -18.39 -3.81 -8.7
2 24 -25.13 -3.81 -3.45 -25.75 -3.81 -4.47
2 24 -19.47 -3.81 -9.14 -18.39 -3.81 -8.7
4 16 -24.41 -3.81 -1.19 -17.26 -3.81 0 -17.26 -3.81 -8.42 -24.68 -3.81 -2.35
2 24 -17.26 -3.81 0 -17.26 -3.81 -8.42
2 24 -24.41 -3.81 -1.19 -24.68 -3.81 -2.35
4 16 -24.68 -3.81 -2.35 -17.26 -3.81 -8.42 -18.39 -3.81 -8.7 -25.13 -3.81 -3.45
2 24 -18.39 -3.81 -8.7 -17.26 -3.81 -8.42
2 24 -24.68 -3.81 -2.35 -25.13 -3.81 -3.45

4 16 -37.21 -3.81 -0.92 -37.29 -3.81 0 -26.71 -3.81 0 -36.97 -3.81 -1.81
2 24 -37.21 -3.81 -0.92 -37.29 -3.81 0
2 24 -36.97 -3.81 -1.81 -37.21 -3.81 -0.92
4 16 -36.97 -3.81 -1.81 -26.71 -3.81 0 -26.79 -3.81 -0.92 -36.58 -3.81 -2.65
2 24 -26.71 -3.81 0 -26.79 -3.81 -0.92
2 24 -36.58 -3.81 -2.65 -36.97 -3.81 -1.81
4 16 -36.58 -3.81 -2.65 -26.79 -3.81 -0.92 -27.03 -3.81 -1.81 -27.42 -3.81 -2.65
2 24 -26.79 -3.81 -0.92 -27.03 -3.81 -1.81
2 24 -27.03 -3.81 -1.81 -27.42 -3.81 -2.65
4 16 -36.58 -3.81 -2.65 -27.42 -3.81 -2.65 -27.95 -3.81 -3.4 -28.6 -3.81 -4.05
2 24 -27.42 -3.81 -2.65 -27.95 -3.81 -3.4
2 24 -27.95 -3.81 -3.4 -28.6 -3.81 -4.05
4 16 -28.6 -3.81 -4.05 -29.35 -3.81 -4.58 -30.19 -3.81 -4.97 -36.58 -3.81 -2.65
2 24 -28.6 -3.81 -4.05 -29.35 -3.81 -4.58
2 24 -29.35 -3.81 -4.58 -30.19 -3.81 -4.97
4 16 -36.58 -3.81 -2.65 -30.19 -3.81 -4.97 -31.08 -3.81 -5.21 -32 -3.81 -5.29
2 24 -30.19 -3.81 -4.97 -31.08 -3.81 -5.21
2 24 -31.08 -3.81 -5.21 -32 -3.81 -5.29
4 16 -36.58 -3.81 -2.65 -32 -3.81 -5.29 -32.92 -3.81 -5.21 -33.81 -3.81 -4.97
2 24 -32 -3.81 -5.29 -32.92 -3.81 -5.21
2 24 -32.92 -3.81 -5.21 -33.81 -3.81 -4.97
3 16 -34.65 -3.81 -4.58 -35.4 -3.81 -4.05 -33.81 -3.81 -4.97
2 24 -34.65 -3.81 -4.58 -35.4 -3.81 -4.05
2 24 -33.81 -3.81 -4.97 -34.65 -3.81 -4.58
4 16 -33.81 -3.81 -4.97 -35.4 -3.81 -4.05 -36.05 -3.81 -3.4 -36.58 -3.81 -2.65
2 24 -35.4 -3.81 -4.05 -36.05 -3.81 -3.4
2 24 -36.05 -3.81 -3.4 -36.58 -3.81 -2.65

4 16 -38.25 -3.81 -4.47 -43.53 -3.81 -9.75 -44.53 -3.81 -9.14 -38.87 -3.81 -3.45
2 24 -43.53 -3.81 -9.75 -38.25 -3.81 -4.47
2 24 -44.53 -3.81 -9.14 -43.53 -3.81 -9.75
2 24 -38.87 -3.81 -3.45 -38.25 -3.81 -4.47
3 16 -44.53 -3.81 -9.14 -45.61 -3.81 -8.7 -38.87 -3.81 -3.45
2 24 -45.61 -3.81 -8.7 -44.53 -3.81 -9.14
4 16 -38.87 -3.81 -3.45 -45.61 -3.81 -8.7 -46.74 -3.81 -8.42 -39.32 -3.81 -2.35
2 24 -46.74 -3.81 -8.42 -45.61 -3.81 -8.7
2 24 -39.32 -3.81 -2.35 -38.87 -3.81 -3.45
3 16 -39.32 -3.81 -2.35 -46.74 -3.81 -8.42 -39.59 -3.81 -1.19
2 24 -39.59 -3.81 -1.19 -39.32 -3.81 -2.35
4 16 -39.59 -3.81 -1.19 -46.74 -3.81 -8.42 -46.74 -3.81 0 -39.69 -3.81 0
2 24 -46.74 -3.81 0 -46.74 -3.81 -8.42
2 24 -39.69 -3.81 0 -39.59 -3.81 -1.19

3 16 -52.47 -3.81 -9.75 -60.22 -3.81 -2 -51.47 -3.81 -9.14
2 24 -60.22 -3.81 -2 -52.47 -3.81 -9.75
2 24 -52.47 -3.81 -9.75 -51.47 -3.81 -9.14
4 16 -51.47 -3.81 -9.14 -60.22 -3.81 -2 -60.22 -3.81 0 -50.39 -3.81 -8.7
2 24 -60.22 -3.81 0 -60.22 -3.81 -2
2 24 -51.47 -3.81 -9.14 -50.39 -3.81 -8.7
4 16 -50.39 -3.81 -8.7 -60.22 -3.81 0 -49.26 -3.81 0 -49.26 -3.81 -8.42
2 24 -49.26 -3.81 0 -49.26 -3.81 -8.42
2 24 -50.39 -3.81 -8.7 -49.26 -3.81 -8.42

4 16 -60.22 0 0 -60.22 -3.81 0 -60.22 -3.81 -2 -60.22 -1.93 -2
2 24 -60.22 -1.93 -2 -60.22 -3.81 -2
3 16 -60.22 -1.93 -5.56 -60.22 -3.81 -5.56 -60.22 -3.81 -26.44
2 24 -60.22 -3.81 -5.56 -60.22 -1.93 -5.56
2 24 -60.22 -3.81 -26.44 -60.22 -3.81 -5.56
4 16 -60.22 -3.81 -30 -60.22 -3.81 -34 -60.22 -1.93 -34 -60.22 -1.93 -30
2 24 -60.22 -3.81 -34 -60.22 -3.81 -30
2 24 -60.22 -1.93 -34 -60.22 -3.81 -34
2 24 -60.22 -3.81 -30 -60.22 -1.93 -30
4 16 -60.22 -3.81 -26.44 -60.22 -1.93 -26.44 -60.22 0 0 -60.22 -1.93 -5.56
2 24 -60.22 -1.93 -26.44 -60.22 -3.81 -26.44
3 16 -60.22 -1.93 -5.56 -60.22 0 0 -60.22 -1.93 -2
4 16 -60.22 -3.81 -37.56 -60.22 -3.81 -48 -60.22 0 -48 -60.22 -1.93 -37.56
2 24 -60.22 -3.81 -48 -60.22 -3.81 -37.56
2 24 -60.22 -3.81 -37.56 -60.22 -1.93 -37.56
3 16 -60.22 -1.93 -37.56 -60.22 0 -48 -60.22 -1.93 -34
3 16 -60.22 -1.93 -34 -60.22 0 -48 -60.22 0 0
2 24 -60.22 0 0 -60.22 0 -48
3 16 -60.22 -1.93 -34 -60.22 0 0 -60.22 -1.93 -30
3 16 -60.22 -1.93 -30 -60.22 0 0 -60.22 -1.93 -26.44

4 16 -64 0 0 -60.22 0 0 -60.22 0 -48 -64 0 -48
2 24 -64 0 0 -64 0 -48
3 16 -64 0 -48 -60.22 0 -48 -63.84 0 -50.28
2 24 -64 0 -48 -63.84 0 -50.28
4 16 -63.84 0 -50.28 -60.22 0 -48 -60.07 0 -49.91 -63.35 0 -52.51
2 24 -60.07 0 -49.91 -60.22 0 -48
2 24 -63.84 0 -50.28 -63.35 0 -52.51
4 16 -63.35 0 -52.51 -60.07 0 -49.91 -59.62 0 -51.78 -62.55 0 -54.65
2 24 -59.62 0 -51.78 -60.07 0 -49.91
2 24 -63.35 0 -52.51 -62.55 0 -54.65
4 16 -62.55 0 -54.65 -59.62 0 -51.78 -58.89 0 -53.55 -61.46 0 -56.65
2 24 -58.89 0 -53.55 -59.62 0 -51.78
2 24 -62.55 0 -54.65 -61.46 0 -56.65
4 16 -61.46 0 -56.65 -58.89 0 -53.55 -57.89 0 -55.18 -60.09 0 -58.48
2 24 -57.89 0 -55.18 -58.89 0 -53.55
2 24 -61.46 0 -56.65 -60.09 0 -58.48
4 16 -60.09 0 -58.48 -57.89 0 -55.18 -56.64 0 -56.64 -58.48 0 -60.09
2 24 -56.64 0 -56.64 -57.89 0 -55.18
2 24 -60.09 0 -58.48 -58.48 0 -60.09
4 16 -58.48 0 -60.09 -56.64 0 -56.64 -55.18 0 -57.89 -56.65 0 -61.46
2 24 -55.18 0 -57.89 -56.64 0 -56.64
2 24 -58.48 0 -60.09 -56.65 0 -61.46
4 16 0 0 -60.22 0 0 -64 -48 0 -64 -48 0 -60.22
2 24 -48 0 -64 0 0 -64
2 24 0 0 -60.22 -48 0 -60.22
4 16 -48 0 -60.22 -48 0 -64 -50.28 0 -63.84 -49.91 0 -60.07
2 24 -50.28 0 -63.84 -48 0 -64
2 24 -48 0 -60.22 -49.91 0 -60.07
4 16 -49.91 0 -60.07 -50.28 0 -63.84 -52.51 0 -63.35 -51.78 0 -59.62
2 24 -52.51 0 -63.35 -50.28 0 -63.84
2 24 -49.91 0 -60.07 -51.78 0 -59.62
4 16 -51.78 0 -59.62 -52.51 0 -63.35 -54.65 0 -62.55 -53.55 0 -58.89
2 24 -54.65 0 -62.55 -52.51 0 -63.35
2 24 -51.78 0 -59.62 -53.55 0 -58.89
4 16 -53.55 0 -58.89 -54.65 0 -62.55 -56.65 0 -61.46 -55.18 0 -57.89
2 24 -56.65 0 -61.46 -54.65 0 -62.55
2 24 -53.55 0 -58.89 -55.18 0 -57.89

4 16 -4.47 -3.81 -25.75 -4.47 -1.93 -25.75 -8.45 -1.93 -21.77 -9.75 -3.81 -20.47
2 24 -4.47 -1.93 -25.75 -4.47 -3.81 -25.75
2 24 -4.47 -3.81 -25.75 -9.75 -3.81 -20.47
3 16 -9.75 -3.81 -20.47 -8.45 -1.93 -21.77 -9.75 -1.93 -20.47
2 24 -9.75 -1.93 -20.47 -9.75 -3.81 -20.47

4 16 -34 -1.93 -60.22 -34 -3.81 -60.22 -30 -3.81 -60.22 -30 -1.93 -60.22
2 24 -34 -3.81 -60.22 -34 -1.93 -60.22
2 24 -30 -3.81 -60.22 -34 -3.81 -60.22
2 24 -30 -1.93 -60.22 -30 -3.81 -60.22
4 16 -48 0 -60.22 -48 -3.81 -60.22 -37.56 -3.81 -60.22 -37.56 -1.93 -60.22
2 24 -37.56 -3.81 -60.22 -48 -3.81 -60.22
2 24 -37.56 -1.93 -60.22 -37.56 -3.81 -60.22
4 16 -26.44 -3.81 -60.22 -5.56 -3.81 -60.22 -5.56 -1.93 -60.22 -26.44 -1.93 -60.22
2 24 -5.56 -3.81 -60.22 -26.44 -3.81 -60.22
2 24 -5.56 -1.93 -60.22 -5.56 -3.81 -60.22
2 24 -26.44 -3.81 -60.22 -26.44 -1.93 -60.22
3 16 -34 -1.93 -60.22 -30 -1.93 -60.22 -48 0 -60.22
3 16 -34 -1.93 -60.22 -48 0 -60.22 -37.56 -1.93 -60.22
4 16 -2 -3.81 -60.22 0 -3.81 -60.22 0 0 -60.22 -2 -1.93 -60.22
2 24 0 -3.81 -60.22 -2 -3.81 -60.22
2 24 -2 -1.93 -60.22 -2 -3.81 -60.22
3 16 -2 -1.93 -60.22 0 0 -60.22 -5.56 -1.93 -60.22
3 16 -5.56 -1.93 -60.22 0 0 -60.22 -48 0 -60.22
3 16 -5.56 -1.93 -60.22 -48 0 -60.22 -26.44 -1.93 -60.22
3 16 -26.44 -1.93 -60.22 -48 0 -60.22 -30 -1.93 -60.22

3 16 -40.42 -3.81 -49.26 -40.42 -1.93 -49.26 -37.77 -1.93 -49.26
2 24 -40.42 -1.93 -49.26 -40.42 -3.81 -49.26
4 16 -40.42 -3.81 -49.26 -37.77 -1.93 -49.26 -23.58 -1.93 -49.26 -23.58 -3.81 -49.26
2 24 -23.58 -1.93 -49.26 -23.58 -3.81 -49.26
2 24 -40.42 -3.81 -49.26 -23.58 -3.81 -49.26

3 16 -49.26 -3.81 -23.58 -49.26 -1.93 -23.58 -49.26 -1.93 -26.23
2 24 -49.26 -1.93 -23.58 -49.26 -3.81 -23.58
4 16 -49.26 -3.81 -23.58 -49.26 -1.93 -26.23 -49.26 -1.93 -40.42 -49.26 -3.81 -40.42
2 24 -49.26 -1.93 -40.42 -49.26 -3.81 -40.42
2 24 -49.26 -3.81 -23.58 -49.26 -3.81 -40.42

3 16 -23.58 -3.81 -14.74 -23.58 -1.93 -14.74 -26.23 -1.93 -14.74
2 24 -23.58 -1.93 -14.74 -23.58 -3.81 -14.74
4 16 -23.58 -3.81 -14.74 -26.23 -1.93 -14.74 -40.42 -1.93 -14.74 -40.42 -3.81 -14.74
2 24 -40.42 -3.81 -14.74 -40.42 -1.93 -14.74
2 24 -23.58 -3.81 -14.74 -40.42 -3.81 -14.74

4 16 -41.75 -3.81 -11.53 -41.75 -1.93 -11.53 -37.77 -1.93 -7.55 -36.47 -3.81 -6.25
2 24 -41.75 -1.93 -11.53 -41.75 -3.81 -11.53
2 24 -41.75 -3.81 -11.53 -36.47 -3.81 -6.25
3 16 -36.47 -3.81 -6.25 -37.77 -1.93 -7.55 -36.47 -1.93 -6.25
2 24 -36.47 -1.93 -6.25 -36.47 -3.81 -6.25

3 16 -14.74 -3.81 -40.42 -14.74 -1.93 -40.42 -14.74 -1.93 -37.77
2 24 -14.74 -1.93 -40.42 -14.74 -3.81 -40.42
4 16 -14.74 -3.81 -40.42 -14.74 -1.93 -37.77 -14.74 -1.93 -23.58 -14.74 -3.81 -23.58
2 24 -14.74 -1.93 -23.58 -14.74 -3.81 -23.58
2 24 -14.74 -3.81 -40.42 -14.74 -3.81 -23.58

3 16 -46.74 -3.81 -40.42 -46.74 -1.93 -40.42 -46.74 -1.93 -37.77
2 24 -46.74 -1.93 -40.42 -46.74 -3.81 -40.42
4 16 -46.74 -3.81 -40.42 -46.74 -1.93 -37.77 -46.74 -1.93 -23.58 -46.74 -3.81 -23.58
2 24 -46.74 -1.93 -23.58 -46.74 -3.81 -23.58
2 24 -46.74 -3.81 -40.42 -46.74 -3.81 -23.58

3 16 -17.26 -3.81 -23.58 -17.26 -1.93 -23.58 -17.26 -1.93 -26.23
2 24 -17.26 -1.93 -23.58 -17.26 -3.81 -23.58
4 16 -17.26 -3.81 -23.58 -17.26 -1.93 -26.23 -17.26 -1.93 -40.42 -17.26 -3.81 -40.42
2 24 -17.26 -3.81 -40.42 -17.26 -1.93 -40.42
2 24 -17.26 -3.81 -23.58 -17.26 -3.81 -40.42

3 16 -40.42 -3.81 -17.26 -40.42 -1.93 -17.26 -37.77 -1.93 -17.26
2 24 -40.42 -1.93 -17.26 -40.42 -3.81 -17.26
4 16 -40.42 -3.81 -17.26 -37.77 -1.93 -17.26 -23.58 -1.93 -17.26 -23.58 -3.81 -17.26
2 24 -23.58 -1.93 -17.26 -23.58 -3.81 -17.26
2 24 -40.42 -3.81 -17.26 -23.58 -3.81 -17.26

3 16 -23.58 -3.81 -46.74 -23.58 -1.93 -46.74 -26.23 -1.93 -46.74
2 24 -23.58 -1.93 -46.74 -23.58 -3.81 -46.74
4 16 -23.58 -3.81 -46.74 -26.23 -1.93 -46.74 -37.77 -1.93 -46.74 -40.42 -3.81 -46.74
2 24 -23.58 -3.81 -46.74 -40.42 -3.81 -46.74
3 16 -40.42 -3.81 -46.74 -37.77 -1.93 -46.74 -40.42 -1.93 -46.74
2 24 -40.42 -1.93 -46.74 -40.42 -3.81 -46.74

3 16 -60.22 -3.81 -5.56 -54.25 -3.81 -11.53 -54.87 -3.81 -12.55
2 24 -60.22 -3.81 -5.56 -54.25 -3.81 -11.53
2 24 -54.25 -3.81 -11.53 -54.87 -3.81 -12.55
3 16 -55.59 -3.81 -17.19 -55.32 -3.81 -18.35 -60.22 -3.81 -26.44
2 24 -55.59 -3.81 -17.19 -55.32 -3.81 -18.35
3 16 -60.22 -3.81 -26.44 -55.32 -3.81 -18.35 -54.87 -3.81 -19.45
2 24 -55.32 -3.81 -18.35 -54.87 -3.81 -19.45
3 16 -60.22 -3.81 -26.44 -54.87 -3.81 -19.45 -54.25 -3.81 -20.47
2 24 -54.87 -3.81 -19.45 -54.25 -3.81 -20.47
2 24 -54.25 -3.81 -20.47 -60.22 -3.81 -26.44
3 16 -54.87 -3.81 -12.55 -55.32 -3.81 -13.65 -60.22 -3.81 -5.56
2 24 -54.87 -3.81 -12.55 -55.32 -3.81 -13.65
3 16 -60.22 -3.81 -5.56 -55.32 -3.81 -13.65 -55.59 -3.81 -14.81
2 24 -55.32 -3.81 -13.65 -55.59 -3.81 -14.81
4 16 -60.22 -3.81 -5.56 -55.59 -3.81 -14.81 -55.69 -3.81 -16 -60.22 -3.81 -26.44
2 24 -55.59 -3.81 -14.81 -55.69 -3.81 -16
3 16 -60.22 -3.81 -26.44 -55.69 -3.81 -16 -55.59 -3.81 -17.19
2 24 -55.69 -3.81 -16 -55.59 -3.81 -17.19

3 16 -49.26 -3.81 -23.58 -49.26 -3.81 -40.42 -50.39 -3.81 -23.3
2 24 -50.39 -3.81 -23.3 -49.26 -3.81 -23.58
4 16 -50.39 -3.81 -23.3 -49.26 -3.81 -40.42 -50.39 -3.81 -40.7 -51.47 -3.81 -22.86
2 24 -49.26 -3.81 -40.42 -50.39 -3.81 -40.7
2 24 -51.47 -3.81 -22.86 -50.39 -3.81 -23.3
3 16 -52.47 -3.81 -41.75 -60.22 -3.81 -34 -51.47 -3.81 -41.14
2 24 -52.47 -3.81 -41.75 -60.22 -3.81 -34
2 24 -51.47 -3.81 -41.14 -52.47 -3.81 -41.75
4 16 -51.47 -3.81 -41.14 -60.22 -3.81 -34 -60.22 -3.81 -30 -50.39 -3.81 -40.7
2 24 -50.39 -3.81 -40.7 -51.47 -3.81 -41.14
4 16 -50.39 -3.81 -40.7 -60.22 -3.81 -30 -52.47 -3.81 -22.25 -51.47 -3.81 -22.86
2 24 -60.22 -3.81 -30 -52.47 -3.81 -22.25
2 24 -52.47 -3.81 -22.25 -51.47 -3.81 -22.86

3 16 -54.25 -3.81 -43.53 -54.87 -3.81 -44.55 -60.22 -3.81 -37.56
2 24 -54.25 -3.81 -43.53 -54.87 -3.81 -44.55
2 24 -60.22 -3.81 -37.56 -54.25 -3.81 -43.53
3 16 -60.22 -3.81 -37.56 -54.87 -3.81 -44.55 -55.32 -3.81 -45.65
2 24 -54.87 -3.81 -44.55 -55.32 -3.81 -45.65
4 16 -60.22 -3.81 -37.56 -55.32 -3.81 -45.65 -55.59 -3.81 -46.81 -60.22 -3.81 -48
2 24 -55.32 -3.81 -45.65 -55.59 -3.81 -46.81
4 16 -60.22 -3.81 -48 -55.59 -3.81 -46.81 -55.69 -3.81 -48 -60.07 -3.81 -49.91
2 24 -55.59 -3.81 -46.81 -55.69 -3.81 -48
2 24 -60.07 -3.81 -49.91 -60.22 -3.81 -48
4 16 -60.07 -3.81 -49.91 -55.69 -3.81 -48 -55.59 -3.81 -49.19 -59.62 -3.81 -51.78
2 24 -55.69 -3.81 -48 -55.59 -3.81 -49.19
2 24 -59.62 -3.81 -51.78 -60.07 -3.81 -49.91
4 16 -59.62 -3.81 -51.78 -55.59 -3.81 -49.19 -55.32 -3.81 -50.35 -58.89 -3.81 -53.55
2 24 -55.59 -3.81 -49.19 -55.32 -3.81 -50.35
2 24 -58.89 -3.81 -53.55 -59.62 -3.81 -51.78
4 16 -58.89 -3.81 -53.55 -55.32 -3.81 -50.35 -54.87 -3.81 -51.45 -57.89 -3.81 -55.18
2 24 -55.32 -3.81 -50.35 -54.87 -3.81 -51.45
2 24 -57.89 -3.81 -55.18 -58.89 -3.81 -53.55
4 16 -57.89 -3.81 -55.18 -54.87 -3.81 -51.45 -54.25 -3.81 -52.47 -57.49 -3.81 -55.7
2 24 -54.87 -3.81 -51.45 -54.25 -3.81 -52.47
2 24 -54.25 -3.81 -52.47 -57.49 -3.81 -55.7
2 24 -57.49 -3.81 -55.7 -57.89 -3.81 -55.18

3 16 -1.19 -3.81 -7.59 0 -3.81 -7.69 0 -3.81 -14.74
2 24 -1.19 -3.81 -7.59 0 -3.81 -7.69
3 16 -9.75 -3.81 -11.53 -4.47 -3.81 -6.25 -9.14 -3.81 -12.53
2 24 -9.75 -3.81 -11.53 -4.47 -3.81 -6.25
2 24 -9.14 -3.81 -12.53 -9.75 -3.81 -11.53
4 16 -9.14 -3.81 -12.53 -4.47 -3.81 -6.25 -3.45 -3.81 -6.87 -8.7 -3.81 -13.61
2 24 -4.47 -3.81 -6.25 -3.45 -3.81 -6.87
2 24 -8.7 -3.81 -13.61 -9.14 -3.81 -12.53
4 16 -1.19 -3.81 -7.59 0 -3.81 -14.74 -8.42 -3.81 -14.74 -2.35 -3.81 -7.32
2 24 0 -3.81 -14.74 -8.42 -3.81 -14.74
2 24 -2.35 -3.81 -7.32 -1.19 -3.81 -7.59
4 16 -2.35 -3.81 -7.32 -8.42 -3.81 -14.74 -8.7 -3.81 -13.61 -3.45 -3.81 -6.87
2 24 -8.42 -3.81 -14.74 -8.7 -3.81 -13.61
2 24 -3.45 -3.81 -6.87 -2.35 -3.81 -7.32

3 16 0 -3.81 -17.26 0 -3.81 -24.31 -1.19 -3.81 -24.41
2 24 0 -3.81 -24.31 -1.19 -3.81 -24.41
4 16 -3.45 -3.81 -25.13 -4.47 -3.81 -25.75 -9.75 -3.81 -20.47 -9.14 -3.81 -19.47
2 24 -3.45 -3.81 -25.13 -4.47 -3.81 -25.75
2 24 -9.75 -3.81 -20.47 -9.14 -3.81 -19.47
3 16 -3.45 -3.81 -25.13 -9.14 -3.81 -19.47 -8.7 -3.81 -18.39
2 24 -9.14 -3.81 -19.47 -8.7 -3.81 -18.39
4 16 -3.45 -3.81 -25.13 -8.7 -3.81 -18.39 -8.42 -3.81 -17.26 -2.35 -3.81 -24.68
2 24 -8.7 -3.81 -18.39 -8.42 -3.81 -17.26
2 24 -2.35 -3.81 -24.68 -3.45 -3.81 -25.13
4 16 0 -3.81 -17.26 -1.19 -3.81 -24.41 -2.35 -3.81 -24.68 -8.42 -3.81 -17.26
2 24 -1.19 -3.81 -24.41 -2.35 -3.81 -24.68
2 24 -8.42 -3.81 -17.26 0 -3.81 -17.26

3 16 0 -3.81 -37.29 -0.92 -3.81 -37.21 0 -3.81 -26.71
2 24 0 -3.81 -37.29 -0.92 -3.81 -37.21
4 16 0 -3.81 -26.71 -0.92 -3.81 -37.21 -1.81 -3.81 -36.97 -0.92 -3.81 -26.79
2 24 -0.92 -3.81 -37.21 -1.81 -3.81 -36.97
2 24 -0.92 -3.81 -26.79 0 -3.81 -26.71
3 16 -3.4 -3.81 -36.05 -4.05 -3.81 -35.4 -4.05 -3.81 -28.6
2 24 -3.4 -3.81 -36.05 -4.05 -3.81 -35.4
4 16 -3.4 -3.81 -27.95 -2.65 -3.81 -27.42 -1.81 -3.81 -36.97 -4.05 -3.81 -28.6
2 24 -3.4 -3.81 -27.95 -2.65 -3.81 -27.42
2 24 -4.05 -3.81 -28.6 -3.4 -3.81 -27.95
4 16 -1.81 -3.81 -36.97 -2.65 -3.81 -27.42 -1.81 -3.81 -27.03 -0.92 -3.81 -26.79
2 24 -2.65 -3.81 -27.42 -1.81 -3.81 -27.03
2 24 -1.81 -3.81 -27.03 -0.92 -3.81 -26.79
4 16 -4.05 -3.81 -28.6 -1.81 -3.81 -36.97 -2.65 -3.81 -36.58 -3.4 -3.81 -36.05
2 24 -1.81 -3.81 -36.97 -2.65 -3.81 -36.58
2 24 -2.65 -3.81 -36.58 -3.4 -3.81 -36.05
3 16 -5.21 -3.81 -32.92 -5.29 -3.81 -32 -4.97 -3.81 -33.81
2 24 -5.21 -3.81 -32.92 -5.29 -3.81 -32
2 24 -4.97 -3.81 -33.81 -5.21 -3.81 -32.92
4 16 -4.97 -3.81 -33.81 -5.29 -3.81 -32 -5.21 -3.81 -31.08 -4.97 -3.81 -30.19
2 24 -5.29 -3.81 -32 -5.21 -3.81 -31.08
2 24 -5.21 -3.81 -31.08 -4.97 -3.81 -30.19
4 16 -4.05 -3.81 -35.4 -4.58 -3.81 -34.65 -4.97 -3.81 -33.81 -4.05 -3.81 -28.6
2 24 -4.05 -3.81 -35.4 -4.58 -3.81 -34.65
2 24 -4.58 -3.81 -34.65 -4.97 -3.81 -33.81
4 16 -4.05 -3.81 -28.6 -4.97 -3.81 -33.81 -4.97 -3.81 -30.19 -4.58 -3.81 -29.35
2 24 -4.97 -3.81 -30.19 -4.58 -3.81 -29.35
2 24 -4.58 -3.81 -29.35 -4.05 -3.81 -28.6

3 16 -9.75 -3.81 -43.53 -4.47 -3.81 -38.25 -9.14 -3.81 -44.53
2 24 -9.75 -3.81 -43.53 -4.47 -3.81 -38.25
2 24 -9.14 -3.81 -44.53 -9.75 -3.81 -43.53
4 16 -9.14 -3.81 -44.53 -4.47 -3.81 -38.25 -3.45 -3.81 -38.87 -8.7 -3.81 -45.61
2 24 -4.47 -3.81 -38.25 -3.45 -3.81 -38.87
2 24 -8.7 -3.81 -45.61 -9.14 -3.81 -44.53
4 16 -8.7 -3.81 -45.61 -3.45 -3.81 -38.87 -2.35 -3.81 -39.32 -8.42 -3.81 -46.74
2 24 -3.45 -3.81 -38.87 -2.35 -3.81 -39.32
2 24 -8.42 -3.81 -46.74 -8.7 -3.81 -45.61
4 16 -8.42 -3.81 -46.74 -2.35 -3.81 -39.32 -1.19 -3.81 -39.59 0 -3.81 -46.74
2 24 -2.35 -3.81 -39.32 -1.19 -3.81 -39.59
2 24 0 -3.81 -46.74 -8.42 -3.81 -46.74
3 16 0 -3.81 -46.74 -1.19 -3.81 -39.59 0 -3.81 -39.69
2 24 -1.19 -3.81 -39.59 0 -3.81 -39.69

4 16 -2 -3.81 -60.22 -9.75 -3.81 -52.47 -9.14 -3.81 -51.47 0 -3.81 -60.22
2 24 -2 -3.81 -60.22 -9.75 -3.81 -52.47
2 24 -9.75 -3.81 -52.47 -9.14 -3.81 -51.47
4 16 0 -3.81 -60.22 -9.14 -3.81 -51.47 -8.7 -3.81 -50.39 0 -3.81 -49.26
2 24 -9.14 -3.81 -51.47 -8.7 -3.81 -50.39
3 16 0 -3.81 -49.26 -8.7 -3.81 -50.39 -8.42 -3.81 -49.26
2 24 -8.7 -3.81 -50.39 -8.42 -3.81 -49.26
2 24 -8.42 -3.81 -49.26 0 -3.81 -49.26

3 16 -44.55 -3.81 -54.87 -43.53 -3.81 -54.25 -37.56 -3.81 -60.22
2 24 -44.55 -3.81 -54.87 -43.53 -3.81 -54.25
2 24 -43.53 -3.81 -54.25 -37.56 -3.81 -60.22
3 16 -55.7 -3.81 -57.49 -52.47 -3.81 -54.25 -55.18 -3.81 -57.89
2 24 -55.7 -3.81 -57.49 -52.47 -3.81 -54.25
2 24 -55.18 -3.81 -57.89 -55.7 -3.81 -57.49
4 16 -55.18 -3.81 -57.89 -52.47 -3.81 -54.25 -51.45 -3.81 -54.87 -53.55 -3.81 -58.89
2 24 -52.47 -3.81 -54.25 -51.45 -3.81 -54.87
2 24 -53.55 -3.81 -58.89 -55.18 -3.81 -57.89
4 16 -53.55 -3.81 -58.89 -51.45 -3.81 -54.87 -50.35 -3.81 -55.32 -51.78 -3.81 -59.62
2 24 -51.45 -3.81 -54.87 -50.35 -3.81 -55.32
2 24 -51.78 -3.81 -59.62 -53.55 -3.81 -58.89
4 16 -51.78 -3.81 -59.62 -50.35 -3.81 -55.32 -49.19 -3.81 -55.59 -49.91 -3.81 -60.07
2 24 -50.35 -3.81 -55.32 -49.19 -3.81 -55.59
2 24 -49.91 -3.81 -60.07 -51.78 -3.81 -59.62
4 16 -49.91 -3.81 -60.07 -49.19 -3.81 -55.59 -48 -3.81 -55.69 -48 -3.81 -60.22
2 24 -49.19 -3.81 -55.59 -48 -3.81 -55.69
2 24 -48 -3.81 -60.22 -49.91 -3.81 -60.07
3 16 -48 -3.81 -60.22 -48 -3.81 -55.69 -46.81 -3.81 -55.59
2 24 -48 -3.81 -55.69 -46.81 -3.81 -55.59
4 16 -48 -3.81 -60.22 -46.81 -3.81 -55.59 -45.65 -3.81 -55.32 -37.56 -3.81 -60.22
2 24 -46.81 -3.81 -55.59 -45.65 -3.81 -55.32
3 16 -37.56 -3.81 -60.22 -45.65 -3.81 -55.32 -44.55 -3.81 -54.87
2 24 -45.65 -3.81 -55.32 -44.55 -3.81 -54.87

4 16 -40.42 -3.81 -49.26 -23.58 -3.81 -49.26 -23.3 -3.81 -50.39 -40.7 -3.81 -50.39
2 24 -23.58 -3.81 -49.26 -23.3 -3.81 -50.39
2 24 -40.7 -3.81 -50.39 -40.42 -3.81 -49.26
3 16 -34 -3.81 -60.22 -41.75 -3.81 -52.47 -30 -3.81 -60.22
2 24 -34 -3.81 -60.22 -41.75 -3.81 -52.47
4 16 -30 -3.81 -60.22 -41.75 -3.81 -52.47 -41.14 -3.81 -51.47 -22.25 -3.81 -52.47
2 24 -41.75 -3.81 -52.47 -41.14 -3.81 -51.47
2 24 -22.25 -3.81 -52.47 -30 -3.81 -60.22
4 16 -22.25 -3.81 -52.47 -41.14 -3.81 -51.47 -40.7 -3.81 -50.39 -22.86 -3.81 -51.47
2 24 -41.14 -3.81 -51.47 -40.7 -3.81 -50.39
2 24 -22.86 -3.81 -51.47 -22.25 -3.81 -52.47
3 16 -22.86 -3.81 -51.47 -40.7 -3.81 -50.39 -23.3 -3.81 -50.39
2 24 -23.3 -3.81 -50.39 -22.86 -3.81 -51.47

3 16 -20.47 -3.81 -54.25 -19.45 -3.81 -54.87 -26.44 -3.81 -60.22
2 24 -20.47 -3.81 -54.25 -19.45 -3.81 -54.87
2 24 -26.44 -3.81 -60.22 -20.47 -3.81 -54.25
3 16 -26.44 -3.81 -60.22 -19.45 -3.81 -54.87 -18.35 -3.81 -55.32
2 24 -19.45 -3.81 -54.87 -18.35 -3.81 -55.32
3 16 -14.81 -3.81 -55.59 -5.56 -3.81 -60.22 -16 -3.81 -55.69
2 24 -16 -3.81 -55.69 -14.81 -3.81 -55.59
4 16 -16 -3.81 -55.69 -5.56 -3.81 -60.22 -26.44 -3.81 -60.22 -17.19 -3.81 -55.59
2 24 -17.19 -3.81 -55.59 -16 -3.81 -55.69
3 16 -17.19 -3.81 -55.59 -26.44 -3.81 -60.22 -18.35 -3.81 -55.32
2 24 -18.35 -3.81 -55.32 -17.19 -3.81 -55.59
3 16 -14.81 -3.81 -55.59 -13.65 -3.81 -55.32 -5.56 -3.81 -60.22
2 24 -14.81 -3.81 -55.59 -13.65 -3.81 -55.32
3 16 -5.56 -3.81 -60.22 -13.65 -3.81 -55.32 -12.55 -3.81 -54.87
2 24 -13.65 -3.81 -55.32 -12.55 -3.81 -54.87
3 16 -5.56 -3.81 -60.22 -12.55 -3.81 -54.87 -11.53 -3.81 -54.25
2 24 -12.55 -3.81 -54.87 -11.53 -3.81 -54.25
2 24 -11.53 -3.81 -54.25 -5.56 -3.81 -60.22

3 16 -41.75 -3.81 -11.53 -36.47 -3.81 -6.25 -41.14 -3.81 -12.53
2 24 -41.14 -3.81 -12.53 -41.75 -3.81 -11.53
4 16 -41.14 -3.81 -12.53 -36.47 -3.81 -6.25 -35.45 -3.81 -6.87 -40.7 -3.81 -13.61
2 24 -36.47 -3.81 -6.25 -35.45 -3.81 -6.87
2 24 -40.7 -3.81 -13.61 -41.14 -3.81 -12.53
4 16 -40.7 -3.81 -13.61 -35.45 -3.81 -6.87 -34.35 -3.81 -7.32 -40.42 -3.81 -14.74
2 24 -35.45 -3.81 -6.87 -34.35 -3.81 -7.32
2 24 -40.42 -3.81 -14.74 -40.7 -3.81 -13.61
3 16 -30.81 -3.81 -7.59 -29.65 -3.81 -7.32 -23.58 -3.81 -14.74
2 24 -30.81 -3.81 -7.59 -29.65 -3.81 -7.32
4 16 -23.58 -3.81 -14.74 -29.65 -3.81 -7.32 -28.55 -3.81 -6.87 -23.3 -3.81 -13.61
2 24 -29.65 -3.81 -7.32 -28.55 -3.81 -6.87
2 24 -23.3 -3.81 -13.61 -23.58 -3.81 -14.74
3 16 -40.42 -3.81 -14.74 -34.35 -3.81 -7.32 -33.19 -3.81 -7.59
2 24 -34.35 -3.81 -7.32 -33.19 -3.81 -7.59
4 16 -40.42 -3.81 -14.74 -33.19 -3.81 -7.59 -32 -3.81 -7.69 -23.58 -3.81 -14.74
2 24 -33.19 -3.81 -7.59 -32 -3.81 -7.69
3 16 -23.58 -3.81 -14.74 -32 -3.81 -7.69 -30.81 -3.81 -7.59
2 24 -32 -3.81 -7.69 -30.81 -3.81 -7.59
4 16 -27.53 -3.81 -6.25 -22.25 -3.81 -11.53 -22.86 -3.81 -12.53 -28.55 -3.81 -6.87
2 24 -27.53 -3.81 -6.25 -22.25 -3.81 -11.53
2 24 -22.25 -3.81 -11.53 -22.86 -3.81 -12.53
2 24 -28.55 -3.81 -6.87 -27.53 -3.81 -6.25
3 16 -28.55 -3.81 -6.87 -22.86 -3.81 -12.53 -23.3 -3.81 -13.61
2 24 -22.86 -3.81 -12.53 -23.3 -3.81 -13.61

4 16 -17.81 -3.81 -11.03 -16.92 -3.81 -10.79 -16 -3.81 -10.71 -13.35 -3.81 -11.42
2 24 -17.81 -3.81 -11.03 -16.92 -3.81 -10.79
2 24 -16.92 -3.81 -10.79 -16 -3.81 -10.71
4 16 -13.35 -3.81 -11.42 -16 -3.81 -10.71 -15.08 -3.81 -10.79 -14.19 -3.81 -11.03
2 24 -16 -3.81 -10.71 -15.08 -3.81 -10.79
2 24 -15.08 -3.81 -10.79 -14.19 -3.81 -11.03
2 24 -14.19 -3.81 -11.03 -13.35 -3.81 -11.42
3 16 -20.05 -3.81 -12.6 -19.4 -3.81 -11.95 -13.35 -3.81 -11.42
2 24 -20.05 -3.81 -12.6 -19.4 -3.81 -11.95
4 16 -13.35 -3.81 -11.42 -19.4 -3.81 -11.95 -18.65 -3.81 -11.42 -17.81 -3.81 -11.03
2 24 -19.4 -3.81 -11.95 -18.65 -3.81 -11.42
2 24 -18.65 -3.81 -11.42 -17.81 -3.81 -11.03
3 16 -21.21 -3.81 -15.08 -20.97 -3.81 -14.19 -13.35 -3.81 -11.42
2 24 -21.21 -3.81 -15.08 -20.97 -3.81 -14.19
4 16 -13.35 -3.81 -11.42 -20.97 -3.81 -14.19 -20.58 -3.81 -13.35 -20.05 -3.81 -12.6
2 24 -20.97 -3.81 -14.19 -20.58 -3.81 -13.35
2 24 -20.58 -3.81 -13.35 -20.05 -3.81 -12.6
3 16 -20.97 -3.81 -17.81 -21.21 -3.81 -16.92 -13.35 -3.81 -11.42
2 24 -20.97 -3.81 -17.81 -21.21 -3.81 -16.92
4 16 -13.35 -3.81 -11.42 -21.21 -3.81 -16.92 -21.29 -3.81 -16 -21.21 -3.81 -15.08
2 24 -21.21 -3.81 -16.92 -21.29 -3.81 -16
2 24 -21.29 -3.81 -16 -21.21 -3.81 -15.08
3 16 -19.4 -3.81 -20.05 -20.05 -3.81 -19.4 -13.35 -3.81 -11.42
2 24 -19.4 -3.81 -20.05 -20.05 -3.81 -19.4
4 16 -13.35 -3.81 -11.42 -20.05 -3.81 -19.4 -20.58 -3.81 -18.65 -20.97 -3.81 -17.81
2 24 -20.05 -3.81 -19.4 -20.58 -3.81 -18.65
2 24 -20.58 -3.81 -18.65 -20.97 -3.81 -17.81
3 16 -16.92 -3.81 -21.21 -17.81 -3.81 -20.97 -13.35 -3.81 -11.42
2 24 -16.92 -3.81 -21.21 -17.81 -3.81 -20.97
4 16 -13.35 -3.81 -11.42 -17.81 -3.81 -20.97 -18.65 -3.81 -20.58 -19.4 -3.81 -20.05
2 24 -17.81 -3.81 -20.97 -18.65 -3.81 -20.58
2 24 -18.65 -3.81 -20.58 -19.4 -3.81 -20.05
3 16 -14.19 -3.81 -20.97 -15.08 -3.81 -21.21 -13.35 -3.81 -11.42
2 24 -14.19 -3.81 -20.97 -15.08 -3.81 -21.21
4 16 -13.35 -3.81 -11.42 -15.08 -3.81 -21.21 -16 -3.81 -21.29 -16.92 -3.81 -21.21
2 24 -15.08 -3.81 -21.21 -16 -3.81 -21.29
2 24 -16 -3.81 -21.29 -16.92 -3.81 -21.21
3 16 -11.95 -3.81 -19.4 -12.6 -3.81 -20.05 -13.35 -3.81 -11.42
2 24 -11.95 -3.81 -19.4 -12.6 -3.81 -20.05
4 16 -13.35 -3.81 -11.42 -12.6 -3.81 -20.05 -13.35 -3.81 -20.58 -14.19 -3.81 -20.97
2 24 -12.6 -3.81 -20.05 -13.35 -3.81 -20.58
2 24 -13.35 -3.81 -20.58 -14.19 -3.81 -20.97
3 16 -10.79 -3.81 -16.92 -11.03 -3.81 -17.81 -13.35 -3.81 -11.42
2 24 -10.79 -3.81 -16.92 -11.03 -3.81 -17.81
4 16 -13.35 -3.81 -11.42 -11.03 -3.81 -17.81 -11.42 -3.81 -18.65 -11.95 -3.81 -19.4
2 24 -11.03 -3.81 -17.81 -11.42 -3.81 -18.65
2 24 -11.42 -3.81 -18.65 -11.95 -3.81 -19.4
3 16 -11.03 -3.81 -14.19 -10.79 -3.81 -15.08 -13.35 -3.81 -11.42
2 24 -11.03 -3.81 -14.19 -10.79 -3.81 -15.08
4 16 -13.35 -3.81 -11.42 -10.79 -3.81 -15.08 -10.71 -3.81 -16 -10.79 -3.81 -16.92
2 24 -10.79 -3.81 -15.08 -10.71 -3.81 -16
2 24 -10.71 -3.81 -16 -10.79 -3.81 -16.92
3 16 -12.6 -3.81 -11.95 -11.95 -3.81 -12.6 -13.35 -3.81 -11.42
2 24 -12.6 -3.81 -11.95 -11.95 -3.81 -12.6
2 24 -13.35 -3.81 -11.42 -12.6 -3.81 -11.95
4 16 -13.35 -3.81 -11.42 -11.95 -3.81 -12.6 -11.42 -3.81 -13.35 -11.03 -3.81 -14.19
2 24 -11.95 -3.81 -12.6 -11.42 -3.81 -13.35
2 24 -11.42 -3.81 -13.35 -11.03 -3.81 -14.19

4 16 -14.74 -3.81 -23.58 -13.61 -3.81 -23.3 -6.87 -3.81 -28.55 -7.32 -3.81 -29.65
2 24 -14.74 -3.81 -23.58 -13.61 -3.81 -23.3
2 24 -6.87 -3.81 -28.55 -7.32 -3.81 -29.65
3 16 -7.32 -3.81 -29.65 -7.59 -3.81 -30.81 -14.74 -3.81 -23.58
2 24 -7.32 -3.81 -29.65 -7.59 -3.81 -30.81
3 16 -14.74 -3.81 -23.58 -7.59 -3.81 -30.81 -7.69 -3.81 -32
2 24 -7.59 -3.81 -30.81 -7.69 -3.81 -32
4 16 -14.74 -3.81 -23.58 -7.69 -3.81 -32 -7.59 -3.81 -33.19 -14.74 -3.81 -40.42
2 24 -7.69 -3.81 -32 -7.59 -3.81 -33.19
3 16 -11.53 -3.81 -22.25 -6.25 -3.81 -27.53 -12.53 -3.81 -22.86
2 24 -11.53 -3.81 -22.25 -6.25 -3.81 -27.53
2 24 -12.53 -3.81 -22.86 -11.53 -3.81 -22.25
4 16 -12.53 -3.81 -22.86 -6.25 -3.81 -27.53 -6.87 -3.81 -28.55 -13.61 -3.81 -23.3
2 24 -6.25 -3.81 -27.53 -6.87 -3.81 -28.55
2 24 -13.61 -3.81 -23.3 -12.53 -3.81 -22.86
4 16 -6.25 -3.81 -36.47 -11.53 -3.81 -41.75 -12.53 -3.81 -41.14 -6.87 -3.81 -35.45
2 24 -6.25 -3.81 -36.47 -11.53 -3.81 -41.75
2 24 -11.53 -3.81 -41.75 -12.53 -3.81 -41.14
2 24 -6.87 -3.81 -35.45 -6.25 -3.81 -36.47
3 16 -7.59 -3.81 -33.19 -7.32 -3.81 -34.35 -14.74 -3.81 -40.42
2 24 -7.59 -3.81 -33.19 -7.32 -3.81 -34.35
4 16 -14.74 -3.81 -40.42 -7.32 -3.81 -34.35 -6.87 -3.81 -35.45 -13.61 -3.81 -40.7
2 24 -7.32 -3.81 -34.35 -6.87 -3.81 -35.45
2 24 -13.61 -3.81 -40.7 -14.74 -3.81 -40.42
3 16 -13.61 -3.81 -40.7 -6.87 -3.81 -35.45 -12.53 -3.81 -41.14
2 24 -12.53 -3.81 -41.14 -13.61 -3.81 -40.7

3 16 -43.53 -3.81 -22.25 -38.25 -3.81 -27.53 -44.53 -3.81 -22.86
2 24 -43.53 -3.81 -22.25 -38.25 -3.81 -27.53
2 24 -44.53 -3.81 -22.86 -43.53 -3.81 -22.25
4 16 -44.53 -3.81 -22.86 -38.25 -3.81 -27.53 -38.87 -3.81 -28.55 -45.61 -3.81 -23.3
2 24 -38.25 -3.81 -27.53 -38.87 -3.81 -28.55
2 24 -45.61 -3.81 -23.3 -44.53 -3.81 -22.86
4 16 -45.61 -3.81 -23.3 -38.87 -3.81 -28.55 -39.32 -3.81 -29.65 -46.74 -3.81 -23.58
2 24 -38.87 -3.81 -28.55 -39.32 -3.81 -29.65
2 24 -46.74 -3.81 -23.58 -45.61 -3.81 -23.3
4 16 -38.25 -3.81 -36.47 -43.53 -3.81 -41.75 -44.53 -3.81 -41.14 -38.87 -3.81 -35.45
2 24 -38.25 -3.81 -36.47 -43.53 -3.81 -41.75
2 24 -43.53 -3.81 -41.75 -44.53 -3.81 -41.14
2 24 -38.87 -3.81 -35.45 -38.25 -3.81 -36.47
3 16 -39.59 -3.81 -33.19 -39.32 -3.81 -34.35 -46.74 -3.81 -40.42
2 24 -39.59 -3.81 -33.19 -39.32 -3.81 -34.35
4 16 -46.74 -3.81 -40.42 -39.32 -3.81 -34.35 -38.87 -3.81 -35.45 -45.61 -3.81 -40.7
2 24 -39.32 -3.81 -34.35 -38.87 -3.81 -35.45
2 24 -45.61 -3.81 -40.7 -46.74 -3.81 -40.42
3 16 -45.61 -3.81 -40.7 -38.87 -3.81 -35.45 -44.53 -3.81 -41.14
2 24 -44.53 -3.81 -41.14 -45.61 -3.81 -40.7
3 16 -46.74 -3.81 -23.58 -39.32 -3.81 -29.65 -39.59 -3.81 -30.81
2 24 -39.32 -3.81 -29.65 -39.59 -3.81 -30.81
4 16 -46.74 -3.81 -23.58 -39.59 -3.81 -30.81 -39.69 -3.81 -32 -46.74 -3.81 -40.42
2 24 -39.59 -3.81 -30.81 -39.69 -3.81 -32
3 16 -46.74 -3.81 -40.42 -39.69 -3.81 -32 -39.59 -3.81 -33.19
2 24 -39.69 -3.81 -32 -39.59 -3.81 -33.19

4 16 -33.81 -3.81 -27.03 -32.92 -3.81 -26.79 -32 -3.81 -26.71 -29.35 -3.81 -27.42
2 24 -33.81 -3.81 -27.03 -32.92 -3.81 -26.79
2 24 -32.92 -3.81 -26.79 -32 -3.81 -26.71
4 16 -29.35 -3.81 -27.42 -32 -3.81 -26.71 -31.08 -3.81 -26.79 -30.19 -3.81 -27.03
2 24 -32 -3.81 -26.71 -31.08 -3.81 -26.79
2 24 -31.08 -3.81 -26.79 -30.19 -3.81 -27.03
2 24 -30.19 -3.81 -27.03 -29.35 -3.81 -27.42
3 16 -36.05 -3.81 -28.6 -35.4 -3.81 -27.95 -29.35 -3.81 -27.42
2 24 -36.05 -3.81 -28.6 -35.4 -3.81 -27.95
4 16 -29.35 -3.81 -27.42 -35.4 -3.81 -27.95 -34.65 -3.81 -27.42 -33.81 -3.81 -27.03
2 24 -35.4 -3.81 -27.95 -34.65 -3.81 -27.42
2 24 -34.65 -3.81 -27.42 -33.81 -3.81 -27.03
3 16 -37.21 -3.81 -31.08 -36.97 -3.81 -30.19 -29.35 -3.81 -27.42
2 24 -37.21 -3.81 -31.08 -36.97 -3.81 -30.19
4 16 -29.35 -3.81 -27.42 -36.97 -3.81 -30.19 -36.58 -3.81 -29.35 -36.05 -3.81 -28.6
2 24 -36.97 -3.81 -30.19 -36.58 -3.81 -29.35
2 24 -36.58 -3.81 -29.35 -36.05 -3.81 -28.6
3 16 -36.97 -3.81 -33.81 -37.21 -3.81 -32.92 -29.35 -3.81 -27.42
2 24 -36.97 -3.81 -33.81 -37.21 -3.81 -32.92
4 16 -29.35 -3.81 -27.42 -37.21 -3.81 -32.92 -37.29 -3.81 -32 -37.21 -3.81 -31.08
2 24 -37.21 -3.81 -32.92 -37.29 -3.81 -32
2 24 -37.29 -3.81 -32 -37.21 -3.81 -31.08
3 16 -35.4 -3.81 -36.05 -36.05 -3.81 -35.4 -29.35 -3.81 -27.42
2 24 -35.4 -3.81 -36.05 -36.05 -3.81 -35.4
4 16 -29.35 -3.81 -27.42 -36.05 -3.81 -35.4 -36.58 -3.81 -34.65 -36.97 -3.81 -33.81
2 24 -36.05 -3.81 -35.4 -36.58 -3.81 -34.65
2 24 -36.58 -3.81 -34.65 -36.97 -3.81 -33.81
3 16 -32.92 -3.81 -37.21 -33.81 -3.81 -36.97 -29.35 -3.81 -27.42
2 24 -32.92 -3.81 -37.21 -33.81 -3.81 -36.97
4 16 -29.35 -3.81 -27.42 -33.81 -3.81 -36.97 -34.65 -3.81 -36.58 -35.4 -3.81 -36.05
2 24 -33.81 -3.81 -36.97 -34.65 -3.81 -36.58
2 24 -34.65 -3.81 -36.58 -35.4 -3.81 -36.05
3 16 -30.19 -3.81 -36.97 -31.08 -3.81 -37.21 -29.35 -3.81 -27.42
2 24 -30.19 -3.81 -36.97 -31.08 -3.81 -37.21
4 16 -29.35 -3.81 -27.42 -31.08 -3.81 -37.21 -32 -3.81 -37.29 -32.92 -3.81 -37.21
2 24 -31.08 -3.81 -37.21 -32 -3.81 -37.29
2 24 -32 -3.81 -37.29 -32.92 -3.81 -37.21
3 16 -27.95 -3.81 -35.4 -28.6 -3.81 -36.05 -29.35 -3.81 -27.42
2 24 -27.95 -3.81 -35.4 -28.6 -3.81 -36.05
4 16 -29.35 -3.81 -27.42 -28.6 -3.81 -36.05 -29.35 -3.81 -36.58 -30.19 -3.81 -36.97
2 24 -28.6 -3.81 -36.05 -29.35 -3.81 -36.58
2 24 -29.35 -3.81 -36.58 -30.19 -3.81 -36.97
3 16 -26.79 -3.81 -32.92 -27.03 -3.81 -33.81 -29.35 -3.81 -27.42
2 24 -26.79 -3.81 -32.92 -27.03 -3.81 -33.81
4 16 -29.35 -3.81 -27.42 -27.03 -3.81 -33.81 -27.42 -3.81 -34.65 -27.95 -3.81 -35.4
2 24 -27.03 -3.81 -33.81 -27.42 -3.81 -34.65
2 24 -27.42 -3.81 -34.65 -27.95 -3.81 -35.4
3 16 -27.03 -3.81 -30.19 -26.79 -3.81 -31.08 -29.35 -3.81 -27.42
2 24 -27.03 -3.81 -30.19 -26.79 -3.81 -31.08
4 16 -29.35 -3.81 -27.42 -26.79 -3.81 -31.08 -26.71 -3.81 -32 -26.79 -3.81 -32.92
2 24 -26.79 -3.81 -31.08 -26.71 -3.81 -32
2 24 -26.71 -3.81 -32 -26.79 -3.81 -32.92
3 16 -28.6 -3.81 -27.95 -27.95 -3.81 -28.6 -29.35 -3.81 -27.42
2 24 -28.6 -3.81 -27.95 -27.95 -3.81 -28.6
2 24 -29.35 -3.81 -27.42 -28.6 -3.81 -27.95
4 16 -29.35 -3.81 -27.42 -27.95 -3.81 -28.6 -27.42 -3.81 -29.35 -27.03 -3.81 -30.19
2 24 -27.95 -3.81 -28.6 -27.42 -3.81 -29.35
2 24 -27.42 -3.81 -29.35 -27.03 -3.81 -30.19

4 16 -25.13 -3.81 -35.45 -24.68 -3.81 -34.35 -17.26 -3.81 -40.42 -18.39 -3.81 -40.7
2 24 -25.13 -3.81 -35.45 -24.68 -3.81 -34.35
2 24 -17.26 -3.81 -40.42 -18.39 -3.81 -40.7
3 16 -24.68 -3.81 -34.35 -24.41 -3.81 -33.19 -17.26 -3.81 -40.42
2 24 -24.68 -3.81 -34.35 -24.41 -3.81 -33.19
3 16 -17.26 -3.81 -40.42 -24.41 -3.81 -33.19 -24.31 -3.81 -32
2 24 -24.41 -3.81 -33.19 -24.31 -3.81 -32
4 16 -17.26 -3.81 -40.42 -24.31 -3.81 -32 -24.41 -3.81 -30.81 -17.26 -3.81 -23.58
2 24 -24.31 -3.81 -32 -24.41 -3.81 -30.81
4 16 -25.75 -3.81 -27.53 -20.47 -3.81 -22.25 -19.47 -3.81 -22.86 -25.13 -3.81 -28.55
2 24 -25.75 -3.81 -27.53 -20.47 -3.81 -22.25
2 24 -20.47 -3.81 -22.25 -19.47 -3.81 -22.86
2 24 -25.13 -3.81 -28.55 -25.75 -3.81 -27.53
3 16 -24.41 -3.81 -30.81 -24.68 -3.81 -29.65 -17.26 -3.81 -23.58
2 24 -24.41 -3.81 -30.81 -24.68 -3.81 -29.65
4 16 -17.26 -3.81 -23.58 -24.68 -3.81 -29.65 -25.13 -3.81 -28.55 -18.39 -3.81 -23.3
2 24 -24.68 -3.81 -29.65 -25.13 -3.81 -28.55
2 24 -18.39 -3.81 -23.3 -17.26 -3.81 -23.58
3 16 -18.39 -3.81 -23.3 -25.13 -3.81 -28.55 -19.47 -3.81 -22.86
2 24 -19.47 -3.81 -22.86 -18.39 -3.81 -23.3
3 16 -20.47 -3.81 -41.75 -25.75 -3.81 -36.47 -19.47 -3.81 -41.14
2 24 -20.47 -3.81 -41.75 -25.75 -3.81 -36.47
2 24 -19.47 -3.81 -41.14 -20.47 -3.81 -41.75
4 16 -19.47 -3.81 -41.14 -25.75 -3.81 -36.47 -25.13 -3.81 -35.45 -18.39 -3.81 -40.7
2 24 -25.75 -3.81 -36.47 -25.13 -3.81 -35.45
2 24 -18.39 -3.81 -40.7 -19.47 -3.81 -41.14

3 16 -33.19 -3.81 -24.41 -34.35 -3.81 -24.68 -40.42 -3.81 -17.26
2 24 -33.19 -3.81 -24.41 -34.35 -3.81 -24.68
4 16 -40.42 -3.81 -17.26 -34.35 -3.81 -24.68 -35.45 -3.81 -25.13 -40.7 -3.81 -18.39
2 24 -34.35 -3.81 -24.68 -35.45 -3.81 -25.13
2 24 -40.7 -3.81 -18.39 -40.42 -3.81 -17.26
3 16 -22.25 -3.81 -20.47 -27.53 -3.81 -25.75 -22.86 -3.81 -19.47
2 24 -22.25 -3.81 -20.47 -27.53 -3.81 -25.75
2 24 -22.86 -3.81 -19.47 -22.25 -3.81 -20.47
4 16 -22.86 -3.81 -19.47 -27.53 -3.81 -25.75 -28.55 -3.81 -25.13 -23.3 -3.81 -18.39
2 24 -27.53 -3.81 -25.75 -28.55 -3.81 -25.13
2 24 -23.3 -3.81 -18.39 -22.86 -3.81 -19.47
4 16 -23.3 -3.81 -18.39 -28.55 -3.81 -25.13 -29.65 -3.81 -24.68 -23.58 -3.81 -17.26
2 24 -28.55 -3.81 -25.13 -29.65 -3.81 -24.68
2 24 -23.58 -3.81 -17.26 -23.3 -3.81 -18.39
3 16 -23.58 -3.81 -17.26 -29.65 -3.81 -24.68 -30.81 -3.81 -24.41
2 24 -29.65 -3.81 -24.68 -30.81 -3.81 -24.41
4 16 -23.58 -3.81 -17.26 -30.81 -3.81 -24.41 -32 -3.81 -24.31 -40.42 -3.81 -17.26
2 24 -30.81 -3.81 -24.41 -32 -3.81 -24.31
3 16 -40.42 -3.81 -17.26 -32 -3.81 -24.31 -33.19 -3.81 -24.41
2 24 -32 -3.81 -24.31 -33.19 -3.81 -24.41
4 16 -36.47 -3.81 -25.75 -41.75 -3.81 -20.47 -41.14 -3.81 -19.47 -35.45 -3.81 -25.13
2 24 -36.47 -3.81 -25.75 -41.75 -3.81 -20.47
2 24 -41.75 -3.81 -20.47 -41.14 -3.81 -19.47
2 24 -35.45 -3.81 -25.13 -36.47 -3.81 -25.75
3 16 -35.45 -3.81 -25.13 -41.14 -3.81 -19.47 -40.7 -3.81 -18.39
2 24 -41.14 -3.81 -19.47 -40.7 -3.81 -18.39

4 16 -49.81 -13.45 -11.03 -48.92 -13.45 -10.79 -48 -13.45 -10.71 -45.35 -13.45 -11.42
2 24 -49.81 -13.45 -11.03 -48.92 -13.45 -10.79
2 24 -48.92 -13.45 -10.79 -48 -13.45 -10.71
4 16 -45.35 -13.45 -11.42 -48 -13.45 -10.71 -47.08 -13.45 -10.79 -46.19 -13.45 -11.03
2 24 -48 -13.45 -10.71 -47.08 -13.45 -10.79
2 24 -47.08 -13.45 -10.79 -46.19 -13.45 -11.03
2 24 -46.19 -13.45 -11.03 -45.35 -13.45 -11.42
3 16 -52.05 -13.45 -12.6 -51.4 -13.45 -11.95 -45.35 -13.45 -11.42
2 24 -52.05 -13.45 -12.6 -51.4 -13.45 -11.95
4 16 -45.35 -13.45 -11.42 -51.4 -13.45 -11.95 -50.65 -13.45 -11.42 -49.81 -13.45 -11.03
2 24 -51.4 -13.45 -11.95 -50.65 -13.45 -11.42
2 24 -50.65 -13.45 -11.42 -49.81 -13.45 -11.03
3 16 -53.21 -13.45 -15.08 -52.97 -13.45 -14.19 -45.35 -13.45 -11.42
2 24 -53.21 -13.45 -15.08 -52.97 -13.45 -14.19
4 16 -45.35 -13.45 -11.42 -52.97 -13.45 -14.19 -52.58 -13.45 -13.35 -52.05 -13.45 -12.6
2 24 -52.97 -13.45 -14.19 -52.58 -13.45 -13.35
2 24 -52.58 -13.45 -13.35 -52.05 -13.45 -12.6
3 16 -52.97 -13.45 -17.81 -53.21 -13.45 -16.92 -45.35 -13.45 -11.42
2 24 -52.97 -13.45 -17.81 -53.21 -13.45 -16.92
4 16 -45.35 -13.45 -11.42 -53.21 -13.45 -16.92 -53.29 -13.45 -16 -53.21 -13.45 -15.08
2 24 -53.21 -13.45 -16.92 -53.29 -13.45 -16
2 24 -53.29 -13.45 -16 -53.21 -13.45 -15.08
3 16 -51.4 -13.45 -20.05 -52.05 -13.45 -19.4 -45.35 -13.45 -11.42
2 24 -51.4 -13.45 -20.05 -52.05 -13.45 -19.4
4 16 -45.35 -13.45 -11.42 -52.05 -13.45 -19.4 -52.58 -13.45 -18.65 -52.97 -13.45 -17.81
2 24 -52.05 -13.45 -19.4 -52.58 -13.45 -18.65
2 24 -52.58 -13.45 -18.65 -52.97 -13.45 -17.81
3 16 -48.92 -13.45 -21.21 -49.81 -13.45 -20.97 -45.35 -13.45 -11.42
2 24 -48.92 -13.45 -21.21 -49.81 -13.45 -20.97
4 16 -45.35 -13.45 -11.42 -49.81 -13.45 -20.97 -50.65 -13.45 -20.58 -51.4 -13.45 -20.05
2 24 -49.81 -13.45 -20.97 -50.65 -13.45 -20.58
2 24 -50.65 -13.45 -20.58 -51.4 -13.45 -20.05
3 16 -46.19 -13.45 -20.97 -47.08 -13.45 -21.21 -45.35 -13.45 -11.42
2 24 -46.19 -13.45 -20.97 -47.08 -13.45 -21.21
4 16 -45.35 -13.45 -11.42 -47.08 -13.45 -21.21 -48 -13.45 -21.29 -48.92 -13.45 -21.21
2 24 -47.08 -13.45 -21.21 -48 -13.45 -21.29
2 24 -48 -13.45 -21.29 -48.92 -13.45 -21.21
3 16 -43.95 -13.45 -19.4 -44.6 -13.45 -20.05 -45.35 -13.45 -11.42
2 24 -43.95 -13.45 -19.4 -44.6 -13.45 -20.05
4 16 -45.35 -13.45 -11.42 -44.6 -13.45 -20.05 -45.35 -13.45 -20.58 -46.19 -13.45 -20.97
2 24 -44.6 -13.45 -20.05 -45.35 -13.45 -20.58
2 24 -45.35 -13.45 -20.58 -46.19 -13.45 -20.97
3 16 -42.79 -13.45 -16.92 -43.03 -13.45 -17.81 -45.35 -13.45 -11.42
2 24 -42.79 -13.45 -16.92 -43.03 -13.45 -17.81
4 16 -45.35 -13.45 -11.42 -43.03 -13.45 -17.81 -43.42 -13.45 -18.65 -43.95 -13.45 -19.4
2 24 -43.03 -13.45 -17.81 -43.42 -13.45 -18.65
2 24 -43.42 -13.45 -18.65 -43.95 -13.45 -19.4
3 16 -43.03 -13.45 -14.19 -42.79 -13.45 -15.08 -45.35 -13.45 -11.42
2 24 -43.03 -13.45 -14.19 -42.79 -13.45 -15.08
4 16 -45.35 -13.45 -11.42 -42.79 -13.45 -15.08 -42.71 -13.45 -16 -42.79 -13.45 -16.92
2 24 -42.79 -13.45 -15.08 -42.71 -13.45 -16
2 24 -42.71 -13.45 -16 -42.79 -13.45 -16.92
3 16 -44.6 -13.45 -11.95 -43.95 -13.45 -12.6 -45.35 -13.45 -11.42
2 24 -44.6 -13.45 -11.95 -43.95 -13.45 -12.6
2 24 -45.35 -13.45 -11.42 -44.6 -13.45 -11.95
4 16 -45.35 -13.45 -11.42 -43.95 -13.45 -12.6 -43.42 -13.45 -13.35 -43.03 -13.45 -14.19
2 24 -43.95 -13.45 -12.6 -43.42 -13.45 -13.35
2 24 -43.42 -13.45 -13.35 -43.03 -13.45 -14.19

4 16 -17.81 -13.45 -43.03 -16.92 -13.45 -42.79 -16 -13.45 -42.71 -13.35 -13.45 -43.42
2 24 -17.81 -13.45 -43.03 -16.92 -13.45 -42.79
2 24 -16.92 -13.45 -42.79 -16 -13.45 -42.71
4 16 -13.35 -13.45 -43.42 -16 -13.45 -42.71 -15.08 -13.45 -42.79 -14.19 -13.45 -43.03
2 24 -16 -13.45 -42.71 -15.08 -13.45 -42.79
2 24 -15.08 -13.45 -42.79 -14.19 -13.45 -43.03
2 24 -14.19 -13.45 -43.03 -13.35 -13.45 -43.42
3 16 -20.05 -13.45 -44.6 -19.4 -13.45 -43.95 -13.35 -13.45 -43.42
2 24 -20.05 -13.45 -44.6 -19.4 -13.45 -43.95
4 16 -13.35 -13.45 -43.42 -19.4 -13.45 -43.95 -18.65 -13.45 -43.42 -17.81 -13.45 -43.03
2 24 -19.4 -13.45 -43.95 -18.65 -13.45 -43.42
2 24 -18.65 -13.45 -43.42 -17.81 -13.45 -43.03
3 16 -21.21 -13.45 -47.08 -20.97 -13.45 -46.19 -13.35 -13.45 -43.42
2 24 -21.21 -13.45 -47.08 -20.97 -13.45 -46.19
4 16 -13.35 -13.45 -43.42 -20.97 -13.45 -46.19 -20.58 -13.45 -45.35 -20.05 -13.45 -44.6
2 24 -20.97 -13.45 -46.19 -20.58 -13.45 -45.35
2 24 -20.58 -13.45 -45.35 -20.05 -13.45 -44.6
3 16 -20.97 -13.45 -49.81 -21.21 -13.45 -48.92 -13.35 -13.45 -43.42
2 24 -20.97 -13.45 -49.81 -21.21 -13.45 -48.92
4 16 -13.35 -13.45 -43.42 -21.21 -13.45 -48.92 -21.29 -13.45 -48 -21.21 -13.45 -47.08
2 24 -21.21 -13.45 -48.92 -21.29 -13.45 -48
2 24 -21.29 -13.45 -48 -21.21 -13.45 -47.08
3 16 -19.4 -13.45 -52.05 -20.05 -13.45 -51.4 -13.35 -13.45 -43.42
2 24 -19.4 -13.45 -52.05 -20.05 -13.45 -51.4
4 16 -13.35 -13.45 -43.42 -20.05 -13.45 -51.4 -20.58 -13.45 -50.65 -20.97 -13.45 -49.81
2 24 -20.05 -13.45 -51.4 -20.58 -13.45 -50.65
2 24 -20.58 -13.45 -50.65 -20.97 -13.45 -49.81
3 16 -16.92 -13.45 -53.21 -17.81 -13.45 -52.97 -13.35 -13.45 -43.42
2 24 -16.92 -13.45 -53.21 -17.81 -13.45 -52.97
4 16 -13.35 -13.45 -43.42 -17.81 -13.45 -52.97 -18.65 -13.45 -52.58 -19.4 -13.45 -52.05
2 24 -17.81 -13.45 -52.97 -18.65 -13.45 -52.58
2 24 -18.65 -13.45 -52.58 -19.4 -13.45 -52.05
3 16 -14.19 -13.45 -52.97 -15.08 -13.45 -53.21 -13.35 -13.45 -43.42
2 24 -14.19 -13.45 -52.97 -15.08 -13.45 -53.21
4 16 -13.35 -13.45 -43.42 -15.08 -13.45 -53.21 -16 -13.45 -53.29 -16.92 -13.45 -53.21
2 24 -15.08 -13.45 -53.21 -16 -13.45 -53.29
2 24 -16 -13.45 -53.29 -16.92 -13.45 -53.21
3 16 -11.95 -13.45 -51.4 -12.6 -13.45 -52.05 -13.35 -13.45 -43.42
2 24 -11.95 -13.45 -51.4 -12.6 -13.45 -52.05
4 16 -13.35 -13.45 -43.42 -12.6 -13.45 -52.05 -13.35 -13.45 -52.58 -14.19 -13.45 -52.97
2 24 -12.6 -13.45 -52.05 -13.35 -13.45 -52.58
2 24 -13.35 -13.45 -52.58 -14.19 -13.45 -52.97
3 16 -10.79 -13.45 -48.92 -11.03 -13.45 -49.81 -13.35 -13.45 -43.42
2 24 -10.79 -13.45 -48.92 -11.03 -13.45 -49.81
4 16 -13.35 -13.45 -43.42 -11.03 -13.45 -49.81 -11.42 -13.45 -50.65 -11.95 -13.45 -51.4
2 24 -11.03 -13.45 -49.81 -11.42 -13.45 -50.65
2 24 -11.42 -13.45 -50.65 -11.95 -13.45 -51.4
3 16 -11.03 -13.45 -46.19 -10.79 -13.45 -47.08 -13.35 -13.45 -43.42
2 24 -11.03 -13.45 -46.19 -10.79 -13.45 -47.08
4 16 -13.35 -13.45 -43.42 -10.79 -13.45 -47.08 -10.71 -13.45 -48 -10.79 -13.45 -48.92
2 24 -10.79 -13.45 -47.08 -10.71 -13.45 -48
2 24 -10.71 -13.45 -48 -10.79 -13.45 -48.92
3 16 -12.6 -13.45 -43.95 -11.95 -13.45 -44.6 -13.35 -13.45 -43.42
2 24 -12.6 -13.45 -43.95 -11.95 -13.45 -44.6
2 24 -13.35 -13.45 -43.42 -12.6 -13.45 -43.95
4 16 -13.35 -13.45 -43.42 -11.95 -13.45 -44.6 -11.42 -13.45 -45.35 -11.03 -13.45 -46.19
2 24 -11.95 -13.45 -44.6 -11.42 -13.45 -45.35
2 24 -11.42 -13.45 -45.35 -11.03 -13.45 -46.19

4 16 -27.53 -3.81 -38.25 -22.25 -3.81 -43.53 -22.86 -3.81 -44.53 -28.55 -3.81 -38.87
2 24 -27.53 -3.81 -38.25 -22.25 -3.81 -43.53
2 24 -22.25 -3.81 -43.53 -22.86 -3.81 -44.53
2 24 -28.55 -3.81 -38.87 -27.53 -3.81 -38.25
3 16 -30.81 -3.81 -39.59 -29.65 -3.81 -39.32 -23.58 -3.81 -46.74
2 24 -30.81 -3.81 -39.59 -29.65 -3.81 -39.32
4 16 -23.58 -3.81 -46.74 -29.65 -3.81 -39.32 -28.55 -3.81 -38.87 -23.3 -3.81 -45.61
2 24 -29.65 -3.81 -39.32 -28.55 -3.81 -38.87
2 24 -23.3 -3.81 -45.61 -23.58 -3.81 -46.74
3 16 -23.3 -3.81 -45.61 -28.55 -3.81 -38.87 -22.86 -3.81 -44.53
2 24 -22.86 -3.81 -44.53 -23.3 -3.81 -45.61
3 16 -41.75 -3.81 -43.53 -36.47 -3.81 -38.25 -41.14 -3.81 -44.53
2 24 -41.75 -3.81 -43.53 -36.47 -3.81 -38.25
2 24 -41.14 -3.81 -44.53 -41.75 -3.81 -43.53
4 16 -41.14 -3.81 -44.53 -36.47 -3.81 -38.25 -35.45 -3.81 -38.87 -40.7 -3.81 -45.61
2 24 -36.47 -3.81 -38.25 -35.45 -3.81 -38.87
2 24 -40.7 -3.81 -45.61 -41.14 -3.81 -44.53
4 16 -40.7 -3.81 -45.61 -35.45 -3.81 -38.87 -34.35 -3.81 -39.32 -40.42 -3.81 -46.74
2 24 -35.45 -3.81 -38.87 -34.35 -3.81 -39.32
2 24 -40.42 -3.81 -46.74 -40.7 -3.81 -45.61
3 16 -40.42 -3.81 -46.74 -34.35 -3.81 -39.32 -33.19 -3.81 -39.59
2 24 -34.35 -3.81 -39.32 -33.19 -3.81 -39.59
4 16 -40.42 -3.81 -46.74 -33.19 -3.81 -39.59 -32 -3.81 -39.69 -23.58 -3.81 -46.74
2 24 -33.19 -3.81 -39.59 -32 -3.81 -39.69
3 16 -23.58 -3.81 -46.74 -32 -3.81 -39.69 -30.81 -3.81 -39.59
2 24 -32 -3.81 -39.69 -30.81 -3.81 -39.59

4 16 -49.81 -13.45 -43.03 -48.92 -13.45 -42.79 -48 -13.45 -42.71 -45.35 -13.45 -43.42
2 24 -49.81 -13.45 -43.03 -48.92 -13.45 -42.79
2 24 -48.92 -13.45 -42.79 -48 -13.45 -42.71
4 16 -45.35 -13.45 -43.42 -48 -13.45 -42.71 -47.08 -13.45 -42.79 -46.19 -13.45 -43.03
2 24 -48 -13.45 -42.71 -47.08 -13.45 -42.79
2 24 -47.08 -13.45 -42.79 -46.19 -13.45 -43.03
2 24 -46.19 -13.45 -43.03 -45.35 -13.45 -43.42
3 16 -52.05 -13.45 -44.6 -51.4 -13.45 -43.95 -45.35 -13.45 -43.42
2 24 -52.05 -13.45 -44.6 -51.4 -13.45 -43.95
4 16 -45.35 -13.45 -43.42 -51.4 -13.45 -43.95 -50.65 -13.45 -43.42 -49.81 -13.45 -43.03
2 24 -51.4 -13.45 -43.95 -50.65 -13.45 -43.42
2 24 -50.65 -13.45 -43.42 -49.81 -13.45 -43.03
3 16 -53.21 -13.45 -47.08 -52.97 -13.45 -46.19 -45.35 -13.45 -43.42
2 24 -53.21 -13.45 -47.08 -52.97 -13.45 -46.19
4 16 -45.35 -13.45 -43.42 -52.97 -13.45 -46.19 -52.58 -13.45 -45.35 -52.05 -13.45 -44.6
2 24 -52.97 -13.45 -46.19 -52.58 -13.45 -45.35
2 24 -52.58 -13.45 -45.35 -52.05 -13.45 -44.6
3 16 -52.97 -13.45 -49.81 -53.21 -13.45 -48.92 -45.35 -13.45 -43.42
2 24 -52.97 -13.45 -49.81 -53.21 -13.45 -48.92
4 16 -45.35 -13.45 -43.42 -53.21 -13.45 -48.92 -53.29 -13.45 -48 -53.21 -13.45 -47.08
2 24 -53.21 -13.45 -48.92 -53.29 -13.45 -48
2 24 -53.29 -13.45 -48 -53.21 -13.45 -47.08
3 16 -51.4 -13.45 -52.05 -52.05 -13.45 -51.4 -45.35 -13.45 -43.42
2 24 -51.4 -13.45 -52.05 -52.05 -13.45 -51.4
4 16 -45.35 -13.45 -43.42 -52.05 -13.45 -51.4 -52.58 -13.45 -50.65 -52.97 -13.45 -49.81
2 24 -52.05 -13.45 -51.4 -52.58 -13.45 -50.65
2 24 -52.58 -13.45 -50.65 -52.97 -13.45 -49.81
3 16 -48.92 -13.45 -53.21 -49.81 -13.45 -52.97 -45.35 -13.45 -43.42
2 24 -48.92 -13.45 -53.21 -49.81 -13.45 -52.97
4 16 -45.35 -13.45 -43.42 -49.81 -13.45 -52.97 -50.65 -13.45 -52.58 -51.4 -13.45 -52.05
2 24 -49.81 -13.45 -52.97 -50.65 -13.45 -52.58
2 24 -50.65 -13.45 -52.58 -51.4 -13.45 -52.05
3 16 -46.19 -13.45 -52.97 -47.08 -13.45 -53.21 -45.35 -13.45 -43.42
2 24 -46.19 -13.45 -52.97 -47.08 -13.45 -53.21
4 16 -45.35 -13.45 -43.42 -47.08 -13.45 -53.21 -48 -13.45 -53.29 -48.92 -13.45 -53.21
2 24 -47.08 -13.45 -53.21 -48 -13.45 -53.29
2 24 -48 -13.45 -53.29 -48.92 -13.45 -53.21
3 16 -43.95 -13.45 -51.4 -44.6 -13.45 -52.05 -45.35 -13.45 -43.42
2 24 -43.95 -13.45 -51.4 -44.6 -13.45 -52.05
4 16 -45.35 -13.45 -43.42 -44.6 -13.45 -52.05 -45.35 -13.45 -52.58 -46.19 -13.45 -52.97
2 24 -44.6 -13.45 -52.05 -45.35 -13.45 -52.58
2 24 -45.35 -13.45 -52.58 -46.19 -13.45 -52.97
3 16 -42.79 -13.45 -48.92 -43.03 -13.45 -49.81 -45.35 -13.45 -43.42
2 24 -42.79 -13.45 -48.92 -43.03 -13.45 -49.81
4 16 -45.35 -13.45 -43.42 -43.03 -13.45 -49.81 -43.42 -13.45 -50.65 -43.95 -13.45 -51.4
2 24 -43.03 -13.45 -49.81 -43.42 -13.45 -50.65
2 24 -43.42 -13.45 -50.65 -43.95 -13.45 -51.4
3 16 -43.03 -13.45 -46.19 -42.79 -13.45 -47.08 -45.35 -13.45 -43.42
2 24 -43.03 -13.45 -46.19 -42.79 -13.45 -47.08
4 16 -45.35 -13.45 -43.42 -42.79 -13.45 -47.08 -42.71 -13.45 -48 -42.79 -13.45 -48.92
2 24 -42.79 -13.45 -47.08 -42.71 -13.45 -48
2 24 -42.71 -13.45 -48 -42.79 -13.45 -48.92
3 16 -44.6 -13.45 -43.95 -43.95 -13.45 -44.6 -45.35 -13.45 -43.42
2 24 -44.6 -13.45 -43.95 -43.95 -13.45 -44.6
2 24 -45.35 -13.45 -43.42 -44.6 -13.45 -43.95
4 16 -45.35 -13.45 -43.42 -43.95 -13.45 -44.6 -43.42 -13.45 -45.35 -43.03 -13.45 -46.19
2 24 -43.95 -13.45 -44.6 -43.42 -13.45 -45.35
2 24 -43.42 -13.45 -45.35 -43.03 -13.45 -46.19

4 16 -64 -15.69 -48 -64 0 -48 -63.84 0 -50.28 -63.84 -15.69 -50.28
4 16 -63.84 -15.69 -50.28 -63.84 0 -50.28 -63.35 0 -52.51 -63.35 -15.69 -52.51
4 16 -63.35 -15.69 -52.51 -63.35 0 -52.51 -62.55 0 -54.65 -62.55 -15.69 -54.65
4 16 -62.55 -15.69 -54.65 -62.55 0 -54.65 -61.46 0 -56.65 -61.46 -15.69 -56.65
4 16 -61.46 -15.69 -56.65 -61.46 0 -56.65 -60.09 0 -58.48 -60.09 -15.69 -58.48
4 16 -60.09 -15.69 -58.48 -60.09 0 -58.48 -58.48 0 -60.09 -58.48 -15.69 -60.09
4 16 -58.48 -15.69 -60.09 -58.48 0 -60.09 -56.65 0 -61.46 -56.65 -15.69 -61.46
4 16 -56.65 -15.69 -61.46 -56.65 0 -61.46 -54.65 0 -62.55 -54.65 -15.69 -62.55
4 16 -54.65 -15.69 -62.55 -54.65 0 -62.55 -52.51 0 -63.35 -52.51 -15.69 -63.35
4 16 -52.51 -15.69 -63.35 -52.51 0 -63.35 -50.28 0 -63.84 -50.28 -15.69 -63.84
4 16 -50.28 -15.69 -63.84 -50.28 0 -63.84 -48 0 -64 -48 -15.69 -64
4 16 0 -15.69 -64 -48 -15.69 -64 -48 0 -64 0 0 -64
4 16 -48 -13.45 -42.71 -48 -1.93 -42.71 -47.08 -1.93 -42.79 -47.08 -13.45 -42.79
4 16 -47.08 -13.45 -42.79 -47.08 -1.93 -42.79 -46.19 -1.93 -43.03 -46.19 -13.45 -43.03
4 16 -46.19 -13.45 -43.03 -46.19 -1.93 -43.03 -45.35 -1.93 -43.42 -45.35 -13.45 -43.42
4 16 -45.35 -13.45 -43.42 -45.35 -1.93 -43.42 -44.6 -1.93 -43.95 -44.6 -13.45 -43.95
4 16 -44.6 -13.45 -43.95 -44.6 -1.93 -43.95 -43.95 -1.93 -44.6 -43.95 -13.45 -44.6
4 16 -43.95 -13.45 -44.6 -43.95 -1.93 -44.6 -43.42 -1.93 -45.35 -43.42 -13.45 -45.35
4 16 -43.42 -13.45 -45.35 -43.42 -1.93 -45.35 -43.03 -1.93 -46.19 -43.03 -13.45 -46.19
4 16 -43.03 -13.45 -46.19 -43.03 -1.93 -46.19 -42.79 -1.93 -47.08 -42.79 -13.45 -47.08
4 16 -42.79 -13.45 -47.08 -42.79 -1.93 -47.08 -42.71 -1.93 -48 -42.71 -13.45 -48
4 16 -42.71 -13.45 -48 -42.71 -1.93 -48 -42.79 -1.93 -48.92 -42.79 -13.45 -48.92
4 16 -42.79 -13.45 -48.92 -42.79 -1.93 -48.92 -43.03 -1.93 -49.81 -43.03 -13.45 -49.81
4 16 -43.03 -13.45 -49.81 -43.03 -1.93 -49.81 -43.42 -1.93 -50.65 -43.42 -13.45 -50.65
4 16 -43.42 -13.45 -50.65 -43.42 -1.93 -50.65 -43.95 -1.93 -51.4 -43.95 -13.45 -51.4
4 16 -43.95 -13.45 -51.4 -43.95 -1.93 -51.4 -44.6 -1.93 -52.05 -44.6 -13.45 -52.05
4 16 -44.6 -13.45 -52.05 -44.6 -1.93 -52.05 -45.35 -1.93 -52.58 -45.35 -13.45 -52.58
4 16 -45.35 -13.45 -52.58 -45.35 -1.93 -52.58 -46.19 -1.93 -52.97 -46.19 -13.45 -52.97
4 16 -46.19 -13.45 -52.97 -46.19 -1.93 -52.97 -47.08 -1.93 -53.21 -47.08 -13.45 -53.21
4 16 -47.08 -13.45 -53.21 -47.08 -1.93 -53.21 -48 -1.93 -53.29 -48 -13.45 -53.29
4 16 -48 -13.45 -53.29 -48 -1.93 -53.29 -48.92 -1.93 -53.21 -48.92 -13.45 -53.21
4 16 -48.92 -13.45 -53.21 -48.92 -1.93 -53.21 -49.81 -1.93 -52.97 -49.81 -13.45 -52.97
4 16 -49.81 -13.45 -52.97 -49.81 -1.93 -52.97 -50.65 -1.93 -52.58 -50.65 -13.45 -52.58
4 16 -50.65 -13.45 -52.58 -50.65 -1.93 -52.58 -51.4 -1.93 -52.05 -51.4 -13.45 -52.05
4 16 -51.4 -13.45 -52.05 -51.4 -1.93 -52.05 -52.05 -1.93 -51.4 -52.05 -13.45 -51.4
4 16 -52.05 -13.45 -51.4 -52.05 -1.93 -51.4 -52.58 -1.93 -50.65 -52.58 -13.45 -50.65
4 16 -52.58 -13.45 -50.65 -52.58 -1.93 -50.65 -52.97 -1.93 -49.81 -52.97 -13.45 -49.81
4 16 -52.97 -13.45 -49.81 -52.97 -1.93 -49.81 -53.21 -1.93 -48.92 -53.21 -13.45 -48.92
4 16 -53.21 -13.45 -48.92 -53.21 -1.93 -48.92 -53.29 -1.93 -48 -53.29 -13.45 -48
4 16 -53.29 -13.45 -48 -53.29 -1.93 -48 -53.21 -1.93 -47.08 -53.21 -13.45 -47.08
4 16 -53.21 -13.45 -47.08 -53.21 -1.93 -47.08 -52.97 -1.93 -46.19 -52.97 -13.45 -46.19
4 16 -52.97 -13.45 -46.19 -52.97 -1.93 -46.19 -52.58 -1.93 -45.35 -52.58 -13.45 -45.35
4 16 -52.58 -13.45 -45.35 -52.58 -1.93 -45.35 -52.05 -1.93 -44.6 -52.05 -13.45 -44.6
4 16 -52.05 -13.45 -44.6 -52.05 -1.93 -44.6 -51.4 -1.93 -43.95 -51.4 -13.45 -43.95
4 16 -51.4 -13.45 -43.95 -51.4 -1.93 -43.95 -50.65 -1.93 -43.42 -50.65 -13.45 -43.42
4 16 -50.65 -13.45 -43.42 -50.65 -1.93 -43.42 -49.81 -1.93 -43.03 -49.81 -13.45 -43.03
4 16 -49.81 -13.45 -43.03 -49.81 -1.93 -43.03 -48.92 -1.93 -42.79 -48.92 -13.45 -42.79
4 16 -48.92 -13.45 -42.79 -48.92 -1.93 -42.79 -48 -1.93 -42.71 -48 -13.45 -42.71
4 16 -27.53 -1.93 -38.25 -22.25 -1.93 -43.53 -22.25 -3.81 -43.53 -27.53 -3.81 -38.25
2 24 -22.25 -1.93 -43.53 -22.25 -3.81 -43.53
2 24 -27.53 -3.81 -38.25 -27.53 -1.93 -38.25
4 16 -22.25 -3.81 -43.53 -22.25 -1.93 -43.53 -22.86 -1.93 -44.53 -22.86 -3.81 -44.53
4 16 -22.86 -3.81 -44.53 -22.86 -1.93 -44.53 -23.3 -1.93 -45.61 -23.3 -3.81 -45.61
4 16 -23.3 -3.81 -45.61 -23.3 -1.93 -45.61 -23.58 -1.93 -46.74 -23.58 -3.81 -46.74
4 16 -40.42 -3.81 -46.74 -40.42 -1.93 -46.74 -40.7 -1.93 -45.61 -40.7 -3.81 -45.61
4 16 -40.7 -3.81 -45.61 -40.7 -1.93 -45.61 -41.14 -1.93 -44.53 -41.14 -3.81 -44.53
4 16 -41.14 -3.81 -44.53 -41.14 -1.93 -44.53 -41.75 -1.93 -43.53 -41.75 -3.81 -43.53
2 24 -41.75 -1.93 -43.53 -41.75 -3.81 -43.53
4 16 -36.47 -3.81 -38.25 -41.75 -3.81 -43.53 -41.75 -1.93 -43.53 -36.47 -1.93 -38.25
2 24 -36.47 -1.93 -38.25 -36.47 -3.81 -38.25
4 16 -36.47 -3.81 -38.25 -36.47 -1.93 -38.25 -35.45 -1.93 -38.87 -35.45 -3.81 -38.87
4 16 -35.45 -3.81 -38.87 -35.45 -1.93 -38.87 -34.35 -1.93 -39.32 -34.35 -3.81 -39.32
4 16 -34.35 -3.81 -39.32 -34.35 -1.93 -39.32 -33.19 -1.93 -39.59 -33.19 -3.81 -39.59
4 16 -33.19 -3.81 -39.59 -33.19 -1.93 -39.59 -32 -1.93 -39.69 -32 -3.81 -39.69
4 16 -32 -3.81 -39.69 -32 -1.93 -39.69 -30.81 -1.93 -39.59 -30.81 -3.81 -39.59
4 16 -30.81 -3.81 -39.59 -30.81 -1.93 -39.59 -29.65 -1.93 -39.32 -29.65 -3.81 -39.32
4 16 -29.65 -3.81 -39.32 -29.65 -1.93 -39.32 -28.55 -1.93 -38.87 -28.55 -3.81 -38.87
4 16 -28.55 -3.81 -38.87 -28.55 -1.93 -38.87 -27.53 -1.93 -38.25 -27.53 -3.81 -38.25
4 16 -16 -13.45 -42.71 -16 -1.93 -42.71 -15.08 -1.93 -42.79 -15.08 -13.45 -42.79
4 16 -15.08 -13.45 -42.79 -15.08 -1.93 -42.79 -14.19 -1.93 -43.03 -14.19 -13.45 -43.03
4 16 -14.19 -13.45 -43.03 -14.19 -1.93 -43.03 -13.35 -1.93 -43.42 -13.35 -13.45 -43.42
4 16 -13.35 -13.45 -43.42 -13.35 -1.93 -43.42 -12.6 -1.93 -43.95 -12.6 -13.45 -43.95
4 16 -12.6 -13.45 -43.95 -12.6 -1.93 -43.95 -11.95 -1.93 -44.6 -11.95 -13.45 -44.6
4 16 -11.95 -13.45 -44.6 -11.95 -1.93 -44.6 -11.42 -1.93 -45.35 -11.42 -13.45 -45.35
4 16 -11.42 -13.45 -45.35 -11.42 -1.93 -45.35 -11.03 -1.93 -46.19 -11.03 -13.45 -46.19
4 16 -11.03 -13.45 -46.19 -11.03 -1.93 -46.19 -10.79 -1.93 -47.08 -10.79 -13.45 -47.08
4 16 -10.79 -13.45 -47.08 -10.79 -1.93 -47.08 -10.71 -1.93 -48 -10.71 -13.45 -48
4 16 -10.71 -13.45 -48 -10.71 -1.93 -48 -10.79 -1.93 -48.92 -10.79 -13.45 -48.92
4 16 -10.79 -13.45 -48.92 -10.79 -1.93 -48.92 -11.03 -1.93 -49.81 -11.03 -13.45 -49.81
4 16 -11.03 -13.45 -49.81 -11.03 -1.93 -49.81 -11.42 -1.93 -50.65 -11.42 -13.45 -50.65
4 16 -11.42 -13.45 -50.65 -11.42 -1.93 -50.65 -11.95 -1.93 -51.4 -11.95 -13.45 -51.4
4 16 -11.95 -13.45 -51.4 -11.95 -1.93 -51.4 -12.6 -1.93 -52.05 -12.6 -13.45 -52.05
4 16 -12.6 -13.45 -52.05 -12.6 -1.93 -52.05 -13.35 -1.93 -52.58 -13.35 -13.45 -52.58
4 16 -13.35 -13.45 -52.58 -13.35 -1.93 -52.58 -14.19 -1.93 -52.97 -14.19 -13.45 -52.97
4 16 -14.19 -13.45 -52.97 -14.19 -1.93 -52.97 -15.08 -1.93 -53.21 -15.08 -13.45 -53.21
4 16 -15.08 -13.45 -53.21 -15.08 -1.93 -53.21 -16 -1.93 -53.29 -16 -13.45 -53.29
4 16 -16 -13.45 -53.29 -16 -1.93 -53.29 -16.92 -1.93 -53.21 -16.92 -13.45 -53.21
4 16 -16.92 -13.45 -53.21 -16.92 -1.93 -53.21 -17.81 -1.93 -52.97 -17.81 -13.45 -52.97
4 16 -17.81 -13.45 -52.97 -17.81 -1.93 -52.97 -18.65 -1.93 -52.58 -18.65 -13.45 -52.58
4 16 -18.65 -13.45 -52.58 -18.65 -1.93 -52.58 -19.4 -1.93 -52.05 -19.4 -13.45 -52.05
4 16 -19.4 -13.45 -52.05 -19.4 -1.93 -52.05 -20.05 -1.93 -51.4 -20.05 -13.45 -51.4
4 16 -20.05 -13.45 -51.4 -20.05 -1.93 -51.4 -20.58 -1.93 -50.65 -20.58 -13.45 -50.65
4 16 -20.58 -13.45 -50.65 -20.58 -1.93 -50.65 -20.97 -1.93 -49.81 -20.97 -13.45 -49.81
4 16 -20.97 -13.45 -49.81 -20.97 -1.93 -49.81 -21.21 -1.93 -48.92 -21.21 -13.45 -48.92
4 16 -21.21 -13.45 -48.92 -21.21 -1.93 -48.92 -21.29 -1.93 -48 -21.29 -13.45 -48
4 16 -21.29 -13.45 -48 -21.29 -1.93 -48 -21.21 -1.93 -47.08 -21.21 -13.45 -47.08
4 16 -21.21 -13.45 -47.08 -21.21 -1.93 -47.08 -20.97 -1.93 -46.19 -20.97 -13.45 -46.19
4 16 -20.97 -13.45 -46.19 -20.97 -1.93 -46.19 -20.58 -1.93 -45.35 -20.58 -13.45 -45.35
4 16 -20.58 -13.45 -45.35 -20.58 -1.93 -45.35 -20.05 -1.93 -44.6 -20.05 -13.45 -44.6
4 16 -20.05 -13.45 -44.6 -20.05 -1.93 -44.6 -19.4 -1.93 -43.95 -19.4 -13.45 -43.95
4 16 -19.4 -13.45 -43.95 -19.4 -1.93 -43.95 -18.65 -1.93 -43.42 -18.65 -13.45 -43.42
4 16 -18.65 -13.45 -43.42 -18.65 -1.93 -43.42 -17.81 -1.93 -43.03 -17.81 -13.45 -43.03
4 16 -17.81 -13.45 -43.03 -17.81 -1.93 -43.03 -16.92 -1.93 -42.79 -16.92 -13.45 -42.79
4 16 -16.92 -13.45 -42.79 -16.92 -1.93 -42.79 -16 -1.93 -42.71 -16 -13.45 -42.71
4 16 -48 -13.45 -10.71 -48 -1.93 -10.71 -47.08 -1.93 -10.79 -47.08 -13.45 -10.79
4 16 -47.08 -13.45 -10.79 -47.08 -1.93 -10.79 -46.19 -1.93 -11.03 -46.19 -13.45 -11.03
4 16 -46.19 -13.45 -11.03 -46.19 -1.93 -11.03 -45.35 -1.93 -11.42 -45.35 -13.45 -11.42
4 16 -45.35 -13.45 -11.42 -45.35 -1.93 -11.42 -44.6 -1.93 -11.95 -44.6 -13.45 -11.95
4 16 -44.6 -13.45 -11.95 -44.6 -1.93 -11.95 -43.95 -1.93 -12.6 -43.95 -13.45 -12.6
4 16 -43.95 -13.45 -12.6 -43.95 -1.93 -12.6 -43.42 -1.93 -13.35 -43.42 -13.45 -13.35
4 16 -43.42 -13.45 -13.35 -43.42 -1.93 -13.35 -43.03 -1.93 -14.19 -43.03 -13.45 -14.19
4 16 -43.03 -13.45 -14.19 -43.03 -1.93 -14.19 -42.79 -1.93 -15.08 -42.79 -13.45 -15.08
4 16 -42.79 -13.45 -15.08 -42.79 -1.93 -15.08 -42.71 -1.93 -16 -42.71 -13.45 -16
4 16 -42.71 -13.45 -16 -42.71 -1.93 -16 -42.79 -1.93 -16.92 -42.79 -13.45 -16.92
4 16 -42.79 -13.45 -16.92 -42.79 -1.93 -16.92 -43.03 -1.93 -17.81 -43.03 -13.45 -17.81
4 16 -43.03 -13.45 -17.81 -43.03 -1.93 -17.81 -43.42 -1.93 -18.65 -43.42 -13.45 -18.65
4 16 -43.42 -13.45 -18.65 -43.42 -1.93 -18.65 -43.95 -1.93 -19.4 -43.95 -13.45 -19.4
4 16 -43.95 -13.45 -19.4 -43.95 -1.93 -19.4 -44.6 -1.93 -20.05 -44.6 -13.45 -20.05
4 16 -44.6 -13.45 -20.05 -44.6 -1.93 -20.05 -45.35 -1.93 -20.58 -45.35 -13.45 -20.58
4 16 -45.35 -13.45 -20.58 -45.35 -1.93 -20.58 -46.19 -1.93 -20.97 -46.19 -13.45 -20.97
4 16 -46.19 -13.45 -20.97 -46.19 -1.93 -20.97 -47.08 -1.93 -21.21 -47.08 -13.45 -21.21
4 16 -47.08 -13.45 -21.21 -47.08 -1.93 -21.21 -48 -1.93 -21.29 -48 -13.45 -21.29
4 16 -48 -13.45 -21.29 -48 -1.93 -21.29 -48.92 -1.93 -21.21 -48.92 -13.45 -21.21
4 16 -48.92 -13.45 -21.21 -48.92 -1.93 -21.21 -49.81 -1.93 -20.97 -49.81 -13.45 -20.97
4 16 -49.81 -13.45 -20.97 -49.81 -1.93 -20.97 -50.65 -1.93 -20.58 -50.65 -13.45 -20.58
4 16 -50.65 -13.45 -20.58 -50.65 -1.93 -20.58 -51.4 -1.93 -20.05 -51.4 -13.45 -20.05
4 16 -51.4 -13.45 -20.05 -51.4 -1.93 -20.05 -52.05 -1.93 -19.4 -52.05 -13.45 -19.4
4 16 -52.05 -13.45 -19.4 -52.05 -1.93 -19.4 -52.58 -1.93 -18.65 -52.58 -13.45 -18.65
4 16 -52.58 -13.45 -18.65 -52.58 -1.93 -18.65 -52.97 -1.93 -17.81 -52.97 -13.45 -17.81
4 16 -52.97 -13.45 -17.81 -52.97 -1.93 -17.81 -53.21 -1.93 -16.92 -53.21 -13.45 -16.92
4 16 -53.21 -13.45 -16.92 -53.21 -1.93 -16.92 -53.29 -1.93 -16 -53.29 -13.45 -16
4 16 -53.29 -13.45 -16 -53.29 -1.93 -16 -53.21 -1.93 -15.08 -53.21 -13.45 -15.08
4 16 -53.21 -13.45 -15.08 -53.21 -1.93 -15.08 -52.97 -1.93 -14.19 -52.97 -13.45 -14.19
4 16 -52.97 -13.45 -14.19 -52.97 -1.93 -14.19 -52.58 -1.93 -13.35 -52.58 -13.45 -13.35
4 16 -52.58 -13.45 -13.35 -52.58 -1.93 -13.35 -52.05 -1.93 -12.6 -52.05 -13.45 -12.6
4 16 -52.05 -13.45 -12.6 -52.05 -1.93 -12.6 -51.4 -1.93 -11.95 -51.4 -13.45 -11.95
4 16 -51.4 -13.45 -11.95 -51.4 -1.93 -11.95 -50.65 -1.93 -11.42 -50.65 -13.45 -11.42
4 16 -50.65 -13.45 -11.42 -50.65 -1.93 -11.42 -49.81 -1.93 -11.03 -49.81 -13.45 -11.03
4 16 -49.81 -13.45 -11.03 -49.81 -1.93 -11.03 -48.92 -1.93 -10.79 -48.92 -13.45 -10.79
4 16 -48.92 -13.45 -10.79 -48.92 -1.93 -10.79 -48 -1.93 -10.71 -48 -13.45 -10.71
4 16 -27.53 -3.81 -25.75 -27.53 -1.93 -25.75 -28.55 -1.93 -25.13 -28.55 -3.81 -25.13
2 24 -27.53 -3.81 -25.75 -27.53 -1.93 -25.75
4 16 -28.55 -3.81 -25.13 -28.55 -1.93 -25.13 -29.65 -1.93 -24.68 -29.65 -3.81 -24.68
4 16 -29.65 -3.81 -24.68 -29.65 -1.93 -24.68 -30.81 -1.93 -24.41 -30.81 -3.81 -24.41
4 16 -30.81 -3.81 -24.41 -30.81 -1.93 -24.41 -32 -1.93 -24.31 -32 -3.81 -24.31
4 16 -32 -3.81 -24.31 -32 -1.93 -24.31 -33.19 -1.93 -24.41 -33.19 -3.81 -24.41
4 16 -33.19 -3.81 -24.41 -33.19 -1.93 -24.41 -34.35 -1.93 -24.68 -34.35 -3.81 -24.68
4 16 -34.35 -3.81 -24.68 -34.35 -1.93 -24.68 -35.45 -1.93 -25.13 -35.45 -3.81 -25.13
4 16 -35.45 -3.81 -25.13 -35.45 -1.93 -25.13 -36.47 -1.93 -25.75 -36.47 -3.81 -25.75
2 24 -36.47 -1.93 -25.75 -36.47 -3.81 -25.75
4 16 -36.47 -1.93 -25.75 -41.75 -1.93 -20.47 -41.75 -3.81 -20.47 -36.47 -3.81 -25.75
2 24 -41.75 -1.93 -20.47 -41.75 -3.81 -20.47
4 16 -41.75 -3.81 -20.47 -41.75 -1.93 -20.47 -41.14 -1.93 -19.47 -41.14 -3.81 -19.47
4 16 -41.14 -3.81 -19.47 -41.14 -1.93 -19.47 -40.7 -1.93 -18.39 -40.7 -3.81 -18.39
4 16 -40.7 -3.81 -18.39 -40.7 -1.93 -18.39 -40.42 -1.93 -17.26 -40.42 -3.81 -17.26
4 16 -23.58 -3.81 -17.26 -23.58 -1.93 -17.26 -23.3 -1.93 -18.39 -23.3 -3.81 -18.39
4 16 -23.3 -3.81 -18.39 -23.3 -1.93 -18.39 -22.86 -1.93 -19.47 -22.86 -3.81 -19.47
4 16 -22.86 -3.81 -19.47 -22.86 -1.93 -19.47 -22.25 -1.93 -20.47 -22.25 -3.81 -20.47
2 24 -22.25 -1.93 -20.47 -22.25 -3.81 -20.47
4 16 -27.53 -1.93 -25.75 -27.53 -3.81 -25.75 -22.25 -3.81 -20.47 -22.25 -1.93 -20.47
4 16 -17.26 -3.81 -40.42 -17.26 -1.93 -40.42 -18.39 -1.93 -40.7 -18.39 -3.81 -40.7
4 16 -18.39 -3.81 -40.7 -18.39 -1.93 -40.7 -19.47 -1.93 -41.14 -19.47 -3.81 -41.14
4 16 -19.47 -3.81 -41.14 -19.47 -1.93 -41.14 -20.47 -1.93 -41.75 -20.47 -3.81 -41.75
2 24 -20.47 -1.93 -41.75 -20.47 -3.81 -41.75
4 16 -25.75 -3.81 -36.47 -20.47 -3.81 -41.75 -20.47 -1.93 -41.75 -25.75 -1.93 -36.47
2 24 -25.75 -1.93 -36.47 -25.75 -3.81 -36.47
4 16 -25.75 -3.81 -36.47 -25.75 -1.93 -36.47 -25.13 -1.93 -35.45 -25.13 -3.81 -35.45
4 16 -25.13 -3.81 -35.45 -25.13 -1.93 -35.45 -24.68 -1.93 -34.35 -24.68 -3.81 -34.35
4 16 -24.68 -3.81 -34.35 -24.68 -1.93 -34.35 -24.41 -1.93 -33.19 -24.41 -3.81 -33.19
4 16 -24.41 -3.81 -33.19 -24.41 -1.93 -33.19 -24.31 -1.93 -32 -24.31 -3.81 -32
4 16 -24.31 -3.81 -32 -24.31 -1.93 -32 -24.41 -1.93 -30.81 -24.41 -3.81 -30.81
4 16 -24.41 -3.81 -30.81 -24.41 -1.93 -30.81 -24.68 -1.93 -29.65 -24.68 -3.81 -29.65
4 16 -24.68 -3.81 -29.65 -24.68 -1.93 -29.65 -25.13 -1.93 -28.55 -25.13 -3.81 -28.55
4 16 -25.13 -3.81 -28.55 -25.13 -1.93 -28.55 -25.75 -1.93 -27.53 -25.75 -3.81 -27.53
2 24 -25.75 -1.93 -27.53 -25.75 -3.81 -27.53
4 16 -25.75 -1.93 -27.53 -20.47 -1.93 -22.25 -20.47 -3.81 -22.25 -25.75 -3.81 -27.53
2 24 -20.47 -1.93 -22.25 -20.47 -3.81 -22.25
4 16 -20.47 -3.81 -22.25 -20.47 -1.93 -22.25 -19.47 -1.93 -22.86 -19.47 -3.81 -22.86
4 16 -19.47 -3.81 -22.86 -19.47 -1.93 -22.86 -18.39 -1.93 -23.3 -18.39 -3.81 -23.3
4 16 -18.39 -3.81 -23.3 -18.39 -1.93 -23.3 -17.26 -1.93 -23.58 -17.26 -3.81 -23.58
4 16 -32 -3.81 -26.71 -32 -1.93 -26.71 -31.08 -1.93 -26.79 -31.08 -3.81 -26.79
4 16 -31.08 -3.81 -26.79 -31.08 -1.93 -26.79 -30.19 -1.93 -27.03 -30.19 -3.81 -27.03
4 16 -30.19 -3.81 -27.03 -30.19 -1.93 -27.03 -29.35 -1.93 -27.42 -29.35 -3.81 -27.42
4 16 -29.35 -3.81 -27.42 -29.35 -1.93 -27.42 -28.6 -1.93 -27.95 -28.6 -3.81 -27.95
4 16 -28.6 -3.81 -27.95 -28.6 -1.93 -27.95 -27.95 -1.93 -28.6 -27.95 -3.81 -28.6
4 16 -27.95 -3.81 -28.6 -27.95 -1.93 -28.6 -27.42 -1.93 -29.35 -27.42 -3.81 -29.35
4 16 -27.42 -3.81 -29.35 -27.42 -1.93 -29.35 -27.03 -1.93 -30.19 -27.03 -3.81 -30.19
4 16 -27.03 -3.81 -30.19 -27.03 -1.93 -30.19 -26.79 -1.93 -31.08 -26.79 -3.81 -31.08
4 16 -26.79 -3.81 -31.08 -26.79 -1.93 -31.08 -26.71 -1.93 -32 -26.71 -3.81 -32
4 16 -26.71 -3.81 -32 -26.71 -1.93 -32 -26.79 -1.93 -32.92 -26.79 -3.81 -32.92
4 16 -26.79 -3.81 -32.92 -26.79 -1.93 -32.92 -27.03 -1.93 -33.81 -27.03 -3.81 -33.81
4 16 -27.03 -3.81 -33.81 -27.03 -1.93 -33.81 -27.42 -1.93 -34.65 -27.42 -3.81 -34.65
4 16 -27.42 -3.81 -34.65 -27.42 -1.93 -34.65 -27.95 -1.93 -35.4 -27.95 -3.81 -35.4
4 16 -27.95 -3.81 -35.4 -27.95 -1.93 -35.4 -28.6 -1.93 -36.05 -28.6 -3.81 -36.05
4 16 -28.6 -3.81 -36.05 -28.6 -1.93 -36.05 -29.35 -1.93 -36.58 -29.35 -3.81 -36.58
4 16 -29.35 -3.81 -36.58 -29.35 -1.93 -36.58 -30.19 -1.93 -36.97 -30.19 -3.81 -36.97
4 16 -30.19 -3.81 -36.97 -30.19 -1.93 -36.97 -31.08 -1.93 -37.21 -31.08 -3.81 -37.21
4 16 -31.08 -3.81 -37.21 -31.08 -1.93 -37.21 -32 -1.93 -37.29 -32 -3.81 -37.29
4 16 -32 -3.81 -37.29 -32 -1.93 -37.29 -32.92 -1.93 -37.21 -32.92 -3.81 -37.21
4 16 -32.92 -3.81 -37.21 -32.92 -1.93 -37.21 -33.81 -1.93 -36.97 -33.81 -3.81 -36.97
4 16 -33.81 -3.81 -36.97 -33.81 -1.93 -36.97 -34.65 -1.93 -36.58 -34.65 -3.81 -36.58
4 16 -34.65 -3.81 -36.58 -34.65 -1.93 -36.58 -35.4 -1.93 -36.05 -35.4 -3.81 -36.05
4 16 -35.4 -3.81 -36.05 -35.4 -1.93 -36.05 -36.05 -1.93 -35.4 -36.05 -3.81 -35.4
4 16 -36.05 -3.81 -35.4 -36.05 -1.93 -35.4 -36.58 -1.93 -34.65 -36.58 -3.81 -34.65
4 16 -36.58 -3.81 -34.65 -36.58 -1.93 -34.65 -36.97 -1.93 -33.81 -36.97 -3.81 -33.81
4 16 -36.97 -3.81 -33.81 -36.97 -1.93 -33.81 -37.21 -1.93 -32.92 -37.21 -3.81 -32.92
4 16 -37.21 -3.81 -32.92 -37.21 -1.93 -32.92 -37.29 -1.93 -32 -37.29 -3.81 -32
4 16 -37.29 -3.81 -32 -37.29 -1.93 -32 -37.21 -1.93 -31.08 -37.21 -3.81 -31.08
4 16 -37.21 -3.81 -31.08 -37.21 -1.93 -31.08 -36.97 -1.93 -30.19 -36.97 -3.81 -30.19
4 16 -36.97 -3.81 -30.19 -36.97 -1.93 -30.19 -36.58 -1.93 -29.35 -36.58 -3.81 -29.35
4 16 -36.58 -3.81 -29.35 -36.58 -1.93 -29.35 -36.05 -1.93 -28.6 -36.05 -3.81 -28.6
4 16 -36.05 -3.81 -28.6 -36.05 -1.93 -28.6 -35.4 -1.93 -27.95 -35.4 -3.81 -27.95
4 16 -35.4 -3.81 -27.95 -35.4 -1.93 -27.95 -34.65 -1.93 -27.42 -34.65 -3.81 -27.42
4 16 -34.65 -3.81 -27.42 -34.65 -1.93 -27.42 -33.81 -1.93 -27.03 -33.81 -3.81 -27.03
4 16 -33.81 -3.81 -27.03 -33.81 -1.93 -27.03 -32.92 -1.93 -26.79 -32.92 -3.81 -26.79
4 16 -32.92 -3.81 -26.79 -32.92 -1.93 -26.79 -32 -1.93 -26.71 -32 -3.81 -26.71
4 16 -38.25 -1.93 -27.53 -38.25 -3.81 -27.53 -43.53 -3.81 -22.25 -43.53 -1.93 -22.25
2 24 -38.25 -1.93 -27.53 -38.25 -3.81 -27.53
2 24 -43.53 -3.81 -22.25 -43.53 -1.93 -22.25
4 16 -38.25 -3.81 -27.53 -38.25 -1.93 -27.53 -38.87 -1.93 -28.55 -38.87 -3.81 -28.55
4 16 -38.87 -3.81 -28.55 -38.87 -1.93 -28.55 -39.32 -1.93 -29.65 -39.32 -3.81 -29.65
4 16 -39.32 -3.81 -29.65 -39.32 -1.93 -29.65 -39.59 -1.93 -30.81 -39.59 -3.81 -30.81
4 16 -39.59 -3.81 -30.81 -39.59 -1.93 -30.81 -39.69 -1.93 -32 -39.69 -3.81 -32
4 16 -39.69 -3.81 -32 -39.69 -1.93 -32 -39.59 -1.93 -33.19 -39.59 -3.81 -33.19
4 16 -39.59 -3.81 -33.19 -39.59 -1.93 -33.19 -39.32 -1.93 -34.35 -39.32 -3.81 -34.35
4 16 -39.32 -3.81 -34.35 -39.32 -1.93 -34.35 -38.87 -1.93 -35.45 -38.87 -3.81 -35.45
4 16 -38.87 -3.81 -35.45 -38.87 -1.93 -35.45 -38.25 -1.93 -36.47 -38.25 -3.81 -36.47
2 24 -38.25 -1.93 -36.47 -38.25 -3.81 -36.47
4 16 -38.25 -1.93 -36.47 -43.53 -1.93 -41.75 -43.53 -3.81 -41.75 -38.25 -3.81 -36.47
2 24 -43.53 -1.93 -41.75 -43.53 -3.81 -41.75
4 16 -43.53 -3.81 -41.75 -43.53 -1.93 -41.75 -44.53 -1.93 -41.14 -44.53 -3.81 -41.14
4 16 -44.53 -3.81 -41.14 -44.53 -1.93 -41.14 -45.61 -1.93 -40.7 -45.61 -3.81 -40.7
4 16 -45.61 -3.81 -40.7 -45.61 -1.93 -40.7 -46.74 -1.93 -40.42 -46.74 -3.81 -40.42
4 16 -46.74 -3.81 -23.58 -46.74 -1.93 -23.58 -45.61 -1.93 -23.3 -45.61 -3.81 -23.3
4 16 -45.61 -3.81 -23.3 -45.61 -1.93 -23.3 -44.53 -1.93 -22.86 -44.53 -3.81 -22.86
4 16 -44.53 -3.81 -22.86 -44.53 -1.93 -22.86 -43.53 -1.93 -22.25 -43.53 -3.81 -22.25
4 16 -11.53 -3.81 -41.75 -11.53 -1.93 -41.75 -12.53 -1.93 -41.14 -12.53 -3.81 -41.14
2 24 -11.53 -3.81 -41.75 -11.53 -1.93 -41.75
4 16 -12.53 -3.81 -41.14 -12.53 -1.93 -41.14 -13.61 -1.93 -40.7 -13.61 -3.81 -40.7
4 16 -13.61 -3.81 -40.7 -13.61 -1.93 -40.7 -14.74 -1.93 -40.42 -14.74 -3.81 -40.42
4 16 -14.74 -3.81 -23.58 -14.74 -1.93 -23.58 -13.61 -1.93 -23.3 -13.61 -3.81 -23.3
4 16 -13.61 -3.81 -23.3 -13.61 -1.93 -23.3 -12.53 -1.93 -22.86 -12.53 -3.81 -22.86
4 16 -12.53 -3.81 -22.86 -12.53 -1.93 -22.86 -11.53 -1.93 -22.25 -11.53 -3.81 -22.25
2 24 -11.53 -1.93 -22.25 -11.53 -3.81 -22.25
4 16 -11.53 -3.81 -22.25 -11.53 -1.93 -22.25 -6.25 -1.93 -27.53 -6.25 -3.81 -27.53
2 24 -6.25 -1.93 -27.53 -6.25 -3.81 -27.53
4 16 -6.25 -3.81 -27.53 -6.25 -1.93 -27.53 -6.87 -1.93 -28.55 -6.87 -3.81 -28.55
4 16 -6.87 -3.81 -28.55 -6.87 -1.93 -28.55 -7.32 -1.93 -29.65 -7.32 -3.81 -29.65
4 16 -7.32 -3.81 -29.65 -7.32 -1.93 -29.65 -7.59 -1.93 -30.81 -7.59 -3.81 -30.81
4 16 -7.59 -3.81 -30.81 -7.59 -1.93 -30.81 -7.69 -1.93 -32 -7.69 -3.81 -32
4 16 -7.69 -3.81 -32 -7.69 -1.93 -32 -7.59 -1.93 -33.19 -7.59 -3.81 -33.19
4 16 -7.59 -3.81 -33.19 -7.59 -1.93 -33.19 -7.32 -1.93 -34.35 -7.32 -3.81 -34.35
4 16 -7.32 -3.81 -34.35 -7.32 -1.93 -34.35 -6.87 -1.93 -35.45 -6.87 -3.81 -35.45
4 16 -6.87 -3.81 -35.45 -6.87 -1.93 -35.45 -6.25 -1.93 -36.47 -6.25 -3.81 -36.47
2 24 -6.25 -3.81 -36.47 -6.25 -1.93 -36.47
4 16 -11.53 -1.93 -41.75 -11.53 -3.81 -41.75 -6.25 -3.81 -36.47 -6.25 -1.93 -36.47
4 16 -16 -3.81 -10.71 -16 -1.93 -10.71 -15.08 -1.93 -10.79 -15.08 -3.81 -10.79
4 16 -15.08 -3.81 -10.79 -15.08 -1.93 -10.79 -14.19 -1.93 -11.03 -14.19 -3.81 -11.03
4 16 -14.19 -3.81 -11.03 -14.19 -1.93 -11.03 -13.35 -1.93 -11.42 -13.35 -3.81 -11.42
4 16 -13.35 -3.81 -11.42 -13.35 -1.93 -11.42 -12.6 -1.93 -11.95 -12.6 -3.81 -11.95
4 16 -12.6 -3.81 -11.95 -12.6 -1.93 -11.95 -11.95 -1.93 -12.6 -11.95 -3.81 -12.6
4 16 -11.95 -3.81 -12.6 -11.95 -1.93 -12.6 -11.42 -1.93 -13.35 -11.42 -3.81 -13.35
4 16 -11.42 -3.81 -13.35 -11.42 -1.93 -13.35 -11.03 -1.93 -14.19 -11.03 -3.81 -14.19
4 16 -11.03 -3.81 -14.19 -11.03 -1.93 -14.19 -10.79 -1.93 -15.08 -10.79 -3.81 -15.08
4 16 -10.79 -3.81 -15.08 -10.79 -1.93 -15.08 -10.71 -1.93 -16 -10.71 -3.81 -16
4 16 -10.71 -3.81 -16 -10.71 -1.93 -16 -10.79 -1.93 -16.92 -10.79 -3.81 -16.92
4 16 -10.79 -3.81 -16.92 -10.79 -1.93 -16.92 -11.03 -1.93 -17.81 -11.03 -3.81 -17.81
4 16 -11.03 -3.81 -17.81 -11.03 -1.93 -17.81 -11.42 -1.93 -18.65 -11.42 -3.81 -18.65
4 16 -11.42 -3.81 -18.65 -11.42 -1.93 -18.65 -11.95 -1.93 -19.4 -11.95 -3.81 -19.4
4 16 -11.95 -3.81 -19.4 -11.95 -1.93 -19.4 -12.6 -1.93 -20.05 -12.6 -3.81 -20.05
4 16 -12.6 -3.81 -20.05 -12.6 -1.93 -20.05 -13.35 -1.93 -20.58 -13.35 -3.81 -20.58
4 16 -13.35 -3.81 -20.58 -13.35 -1.93 -20.58 -14.19 -1.93 -20.97 -14.19 -3.81 -20.97
4 16 -14.19 -3.81 -20.97 -14.19 -1.93 -20.97 -15.08 -1.93 -21.21 -15.08 -3.81 -21.21
4 16 -15.08 -3.81 -21.21 -15.08 -1.93 -21.21 -16 -1.93 -21.29 -16 -3.81 -21.29
4 16 -16 -3.81 -21.29 -16 -1.93 -21.29 -16.92 -1.93 -21.21 -16.92 -3.81 -21.21
4 16 -16.92 -3.81 -21.21 -16.92 -1.93 -21.21 -17.81 -1.93 -20.97 -17.81 -3.81 -20.97
4 16 -17.81 -3.81 -20.97 -17.81 -1.93 -20.97 -18.65 -1.93 -20.58 -18.65 -3.81 -20.58
4 16 -18.65 -3.81 -20.58 -18.65 -1.93 -20.58 -19.4 -1.93 -20.05 -19.4 -3.81 -20.05
4 16 -19.4 -3.81 -20.05 -19.4 -1.93 -20.05 -20.05 -1.93 -19.4 -20.05 -3.81 -19.4
4 16 -20.05 -3.81 -19.4 -20.05 -1.93 -19.4 -20.58 -1.93 -18.65 -20.58 -3.81 -18.65
4 16 -20.58 -3.81 -18.65 -20.58 -1.93 -18.65 -20.97 -1.93 -17.81 -20.97 -3.81 -17.81
4 16 -20.97 -3.81 -17.81 -20.97 -1.93 -17.81 -21.21 -1.93 -16.92 -21.21 -3.81 -16.92
4 16 -21.21 -3.81 -16.92 -21.21 -1.93 -16.92 -21.29 -1.93 -16 -21.29 -3.81 -16
4 16 -21.29 -3.81 -16 -21.29 -1.93 -16 -21.21 -1.93 -15.08 -21.21 -3.81 -15.08
4 16 -21.21 -3.81 -15.08 -21.21 -1.93 -15.08 -20.97 -1.93 -14.19 -20.97 -3.81 -14.19
4 16 -20.97 -3.81 -14.19 -20.97 -1.93 -14.19 -20.58 -1.93 -13.35 -20.58 -3.81 -13.35
4 16 -20.58 -3.81 -13.35 -20.58 -1.93 -13.35 -20.05 -1.93 -12.6 -20.05 -3.81 -12.6
4 16 -20.05 -3.81 -12.6 -20.05 -1.93 -12.6 -19.4 -1.93 -11.95 -19.4 -3.81 -11.95
4 16 -19.4 -3.81 -11.95 -19.4 -1.93 -11.95 -18.65 -1.93 -11.42 -18.65 -3.81 -11.42
4 16 -18.65 -3.81 -11.42 -18.65 -1.93 -11.42 -17.81 -1.93 -11.03 -17.81 -3.81 -11.03
4 16 -17.81 -3.81 -11.03 -17.81 -1.93 -11.03 -16.92 -1.93 -10.79 -16.92 -3.81 -10.79
4 16 -16.92 -3.81 -10.79 -16.92 -1.93 -10.79 -16 -1.93 -10.71 -16 -3.81 -10.71
4 16 -40.42 -3.81 -14.74 -40.42 -1.93 -14.74 -40.7 -1.93 -13.61 -40.7 -3.81 -13.61
4 16 -40.7 -3.81 -13.61 -40.7 -1.93 -13.61 -41.14 -1.93 -12.53 -41.14 -3.81 -12.53
4 16 -41.14 -3.81 -12.53 -41.14 -1.93 -12.53 -41.75 -1.93 -11.53 -41.75 -3.81 -11.53
4 16 -36.47 -3.81 -6.25 -36.47 -1.93 -6.25 -35.45 -1.93 -6.87 -35.45 -3.81 -6.87
4 16 -35.45 -3.81 -6.87 -35.45 -1.93 -6.87 -34.35 -1.93 -7.32 -34.35 -3.81 -7.32
4 16 -34.35 -3.81 -7.32 -34.35 -1.93 -7.32 -33.19 -1.93 -7.59 -33.19 -3.81 -7.59
4 16 -33.19 -3.81 -7.59 -33.19 -1.93 -7.59 -32 -1.93 -7.69 -32 -3.81 -7.69
4 16 -32 -3.81 -7.69 -32 -1.93 -7.69 -30.81 -1.93 -7.59 -30.81 -3.81 -7.59
4 16 -30.81 -3.81 -7.59 -30.81 -1.93 -7.59 -29.65 -1.93 -7.32 -29.65 -3.81 -7.32
4 16 -29.65 -3.81 -7.32 -29.65 -1.93 -7.32 -28.55 -1.93 -6.87 -28.55 -3.81 -6.87
4 16 -28.55 -3.81 -6.87 -28.55 -1.93 -6.87 -27.53 -1.93 -6.25 -27.53 -3.81 -6.25
2 24 -27.53 -3.81 -6.25 -27.53 -1.93 -6.25
4 16 -22.25 -1.93 -11.53 -22.25 -3.81 -11.53 -27.53 -3.81 -6.25 -27.53 -1.93 -6.25
2 24 -22.25 -1.93 -11.53 -22.25 -3.81 -11.53
4 16 -22.25 -3.81 -11.53 -22.25 -1.93 -11.53 -22.86 -1.93 -12.53 -22.86 -3.81 -12.53
4 16 -22.86 -3.81 -12.53 -22.86 -1.93 -12.53 -23.3 -1.93 -13.61 -23.3 -3.81 -13.61
4 16 -23.3 -3.81 -13.61 -23.3 -1.93 -13.61 -23.58 -1.93 -14.74 -23.58 -3.81 -14.74
4 16 -11.53 -1.93 -9.75 -11.53 -3.81 -9.75 -6.25 -3.81 -4.47 -6.25 -1.93 -4.47
2 24 -11.53 -1.93 -9.75 -11.53 -3.81 -9.75
2 24 -6.25 -3.81 -4.47 -6.25 -1.93 -4.47
4 16 -11.53 -3.81 -9.75 -11.53 -1.93 -9.75 -12.53 -1.93 -9.14 -12.53 -3.81 -9.14
4 16 -12.53 -3.81 -9.14 -12.53 -1.93 -9.14 -13.61 -1.93 -8.7 -13.61 -3.81 -8.7
4 16 -13.61 -3.81 -8.7 -13.61 -1.93 -8.7 -14.74 -1.93 -8.42 -14.74 -3.81 -8.42
2 24 -14.74 -1.93 -8.42 -14.74 -3.81 -8.42
4 16 -17.26 -3.81 -8.42 -17.26 -1.93 -8.42 -18.39 -1.93 -8.7 -18.39 -3.81 -8.7
2 24 -17.26 -3.81 -8.42 -17.26 -1.93 -8.42
4 16 -18.39 -3.81 -8.7 -18.39 -1.93 -8.7 -19.47 -1.93 -9.14 -19.47 -3.81 -9.14
4 16 -19.47 -3.81 -9.14 -19.47 -1.93 -9.14 -20.47 -1.93 -9.75 -20.47 -3.81 -9.75
2 24 -20.47 -3.81 -9.75 -20.47 -1.93 -9.75
4 16 -25.75 -1.93 -4.47 -25.75 -3.81 -4.47 -20.47 -3.81 -9.75 -20.47 -1.93 -9.75
2 24 -25.75 -1.93 -4.47 -25.75 -3.81 -4.47
4 16 -38.25 -3.81 -4.47 -38.25 -1.93 -4.47 -43.53 -1.93 -9.75 -43.53 -3.81 -9.75
2 24 -38.25 -3.81 -4.47 -38.25 -1.93 -4.47
2 24 -43.53 -1.93 -9.75 -43.53 -3.81 -9.75
4 16 -43.53 -3.81 -9.75 -43.53 -1.93 -9.75 -44.53 -1.93 -9.14 -44.53 -3.81 -9.14
4 16 -44.53 -3.81 -9.14 -44.53 -1.93 -9.14 -45.61 -1.93 -8.7 -45.61 -3.81 -8.7
4 16 -45.61 -3.81 -8.7 -45.61 -1.93 -8.7 -46.74 -1.93 -8.42 -46.74 -3.81 -8.42
2 24 -46.74 -1.93 -8.42 -46.74 -3.81 -8.42
4 16 -49.26 -3.81 -8.42 -49.26 -1.93 -8.42 -50.39 -1.93 -8.7 -50.39 -3.81 -8.7
2 24 -49.26 -3.81 -8.42 -49.26 -1.93 -8.42
4 16 -50.39 -3.81 -8.7 -50.39 -1.93 -8.7 -51.47 -1.93 -9.14 -51.47 -3.81 -9.14
4 16 -51.47 -3.81 -9.14 -51.47 -1.93 -9.14 -52.47 -1.93 -9.75 -52.47 -3.81 -9.75
2 24 -52.47 -1.93 -9.75 -52.47 -3.81 -9.75
4 16 -52.47 -1.93 -9.75 -60.22 -1.93 -2 -60.22 -3.81 -2 -52.47 -3.81 -9.75
4 16 -54.25 -1.93 -11.53 -54.25 -3.81 -11.53 -60.22 -3.81 -5.56 -60.22 -1.93 -5.56
2 24 -54.25 -1.93 -11.53 -54.25 -3.81 -11.53
4 16 -54.25 -3.81 -11.53 -54.25 -1.93 -11.53 -54.87 -1.93 -12.55 -54.87 -3.81 -12.55
4 16 -54.87 -3.81 -12.55 -54.87 -1.93 -12.55 -55.32 -1.93 -13.65 -55.32 -3.81 -13.65
4 16 -55.32 -3.81 -13.65 -55.32 -1.93 -13.65 -55.59 -1.93 -14.81 -55.59 -3.81 -14.81
4 16 -55.59 -3.81 -14.81 -55.59 -1.93 -14.81 -55.69 -1.93 -16 -55.69 -3.81 -16
4 16 -55.69 -3.81 -16 -55.69 -1.93 -16 -55.59 -1.93 -17.19 -55.59 -3.81 -17.19
4 16 -55.59 -3.81 -17.19 -55.59 -1.93 -17.19 -55.32 -1.93 -18.35 -55.32 -3.81 -18.35
4 16 -55.32 -3.81 -18.35 -55.32 -1.93 -18.35 -54.87 -1.93 -19.45 -54.87 -3.81 -19.45
4 16 -54.87 -3.81 -19.45 -54.87 -1.93 -19.45 -54.25 -1.93 -20.47 -54.25 -3.81 -20.47
2 24 -54.25 -3.81 -20.47 -54.25 -1.93 -20.47
4 16 -60.22 -1.93 -26.44 -60.22 -3.81 -26.44 -54.25 -3.81 -20.47 -54.25 -1.93 -20.47
4 16 -52.47 -1.93 -22.25 -52.47 -3.81 -22.25 -60.22 -3.81 -30 -60.22 -1.93 -30
2 24 -52.47 -1.93 -22.25 -52.47 -3.81 -22.25
4 16 -52.47 -3.81 -22.25 -52.47 -1.93 -22.25 -51.47 -1.93 -22.86 -51.47 -3.81 -22.86
4 16 -51.47 -3.81 -22.86 -51.47 -1.93 -22.86 -50.39 -1.93 -23.3 -50.39 -3.81 -23.3
4 16 -50.39 -3.81 -23.3 -50.39 -1.93 -23.3 -49.26 -1.93 -23.58 -49.26 -3.81 -23.58
4 16 -49.26 -3.81 -40.42 -49.26 -1.93 -40.42 -50.39 -1.93 -40.7 -50.39 -3.81 -40.7
4 16 -50.39 -3.81 -40.7 -50.39 -1.93 -40.7 -51.47 -1.93 -41.14 -51.47 -3.81 -41.14
4 16 -51.47 -3.81 -41.14 -51.47 -1.93 -41.14 -52.47 -1.93 -41.75 -52.47 -3.81 -41.75
2 24 -52.47 -1.93 -41.75 -52.47 -3.81 -41.75
4 16 -60.22 -1.93 -34 -60.22 -3.81 -34 -52.47 -3.81 -41.75 -52.47 -1.93 -41.75
4 16 -60.22 -3.81 -37.56 -60.22 -1.93 -37.56 -54.25 -1.93 -43.53 -54.25 -3.81 -43.53
2 24 -54.25 -1.93 -43.53 -54.25 -3.81 -43.53
4 16 -54.25 -3.81 -43.53 -54.25 -1.93 -43.53 -54.87 -1.93 -44.55 -54.87 -3.81 -44.55
4 16 -54.87 -3.81 -44.55 -54.87 -1.93 -44.55 -55.32 -1.93 -45.65 -55.32 -3.81 -45.65
4 16 -55.32 -3.81 -45.65 -55.32 -1.93 -45.65 -55.59 -1.93 -46.81 -55.59 -3.81 -46.81
4 16 -55.59 -3.81 -46.81 -55.59 -1.93 -46.81 -55.69 -1.93 -48 -55.69 -3.81 -48
4 16 -55.69 -3.81 -48 -55.69 -1.93 -48 -55.59 -1.93 -49.19 -55.59 -3.81 -49.19
4 16 -55.59 -3.81 -49.19 -55.59 -1.93 -49.19 -55.32 -1.93 -50.35 -55.32 -3.81 -50.35
4 16 -55.32 -3.81 -50.35 -55.32 -1.93 -50.35 -54.87 -1.93 -51.45 -54.87 -3.81 -51.45
4 16 -54.87 -3.81 -51.45 -54.87 -1.93 -51.45 -54.25 -1.93 -52.47 -54.25 -3.81 -52.47
2 24 -54.25 -1.93 -52.47 -54.25 -3.81 -52.47
4 16 -57.49 -1.93 -55.7 -57.49 -3.81 -55.7 -54.25 -3.81 -52.47 -54.25 -1.93 -52.47
2 24 -57.49 -1.93 -55.7 -57.49 -3.81 -55.7
4 16 -55.7 -1.93 -57.49 -55.7 -3.81 -57.49 -55.18 -3.81 -57.89 -55.18 0 -57.89
2 24 -55.7 -1.93 -57.49 -55.7 -3.81 -57.49
3 16 -55.18 0 -57.89 -56.64 0 -56.64 -56.64 -1.93 -56.64
3 16 -56.64 -1.93 -56.64 -56.64 0 -56.64 -57.49 -1.93 -55.7
3 16 -57.49 -1.93 -55.7 -56.64 0 -56.64 -57.89 0 -55.18
4 16 -57.49 -1.93 -55.7 -57.89 0 -55.18 -57.89 -3.81 -55.18 -57.49 -3.81 -55.7
4 16 -48 -3.81 -60.22 -48 0 -60.22 -49.91 0 -60.07 -49.91 -3.81 -60.07
4 16 -49.91 -3.81 -60.07 -49.91 0 -60.07 -51.78 0 -59.62 -51.78 -3.81 -59.62
4 16 -51.78 -3.81 -59.62 -51.78 0 -59.62 -53.55 0 -58.89 -53.55 -3.81 -58.89
4 16 -53.55 -3.81 -58.89 -53.55 0 -58.89 -55.18 0 -57.89 -55.18 -3.81 -57.89
3 16 -55.7 -1.93 -57.49 -55.18 0 -57.89 -56.64 -1.93 -56.64
4 16 -60.22 0 -48 -60.22 -3.81 -48 -60.07 -3.81 -49.91 -60.07 0 -49.91
4 16 -60.07 0 -49.91 -60.07 -3.81 -49.91 -59.62 -3.81 -51.78 -59.62 0 -51.78
4 16 -59.62 0 -51.78 -59.62 -3.81 -51.78 -58.89 -3.81 -53.55 -58.89 0 -53.55
4 16 -58.89 0 -53.55 -58.89 -3.81 -53.55 -57.89 -3.81 -55.18 -57.89 0 -55.18
4 16 -52.47 -1.93 -54.25 -52.47 -3.81 -54.25 -55.7 -3.81 -57.49 -55.7 -1.93 -57.49
2 24 -52.47 -1.93 -54.25 -52.47 -3.81 -54.25
4 16 -52.47 -3.81 -54.25 -52.47 -1.93 -54.25 -51.45 -1.93 -54.87 -51.45 -3.81 -54.87
4 16 -51.45 -3.81 -54.87 -51.45 -1.93 -54.87 -50.35 -1.93 -55.32 -50.35 -3.81 -55.32
4 16 -50.35 -3.81 -55.32 -50.35 -1.93 -55.32 -49.19 -1.93 -55.59 -49.19 -3.81 -55.59
4 16 -49.19 -3.81 -55.59 -49.19 -1.93 -55.59 -48 -1.93 -55.69 -48 -3.81 -55.69
4 16 -48 -3.81 -55.69 -48 -1.93 -55.69 -46.81 -1.93 -55.59 -46.81 -3.81 -55.59
4 16 -46.81 -3.81 -55.59 -46.81 -1.93 -55.59 -45.65 -1.93 -55.32 -45.65 -3.81 -55.32
4 16 -45.65 -3.81 -55.32 -45.65 -1.93 -55.32 -44.55 -1.93 -54.87 -44.55 -3.81 -54.87
4 16 -44.55 -3.81 -54.87 -44.55 -1.93 -54.87 -43.53 -1.93 -54.25 -43.53 -3.81 -54.25
2 24 -43.53 -3.81 -54.25 -43.53 -1.93 -54.25
4 16 -37.56 -1.93 -60.22 -37.56 -3.81 -60.22 -43.53 -3.81 -54.25 -43.53 -1.93 -54.25
4 16 -41.75 -1.93 -52.47 -41.75 -3.81 -52.47 -34 -3.81 -60.22 -34 -1.93 -60.22
2 24 -41.75 -1.93 -52.47 -41.75 -3.81 -52.47
4 16 -41.75 -3.81 -52.47 -41.75 -1.93 -52.47 -41.14 -1.93 -51.47 -41.14 -3.81 -51.47
4 16 -41.14 -3.81 -51.47 -41.14 -1.93 -51.47 -40.7 -1.93 -50.39 -40.7 -3.81 -50.39
4 16 -40.7 -3.81 -50.39 -40.7 -1.93 -50.39 -40.42 -1.93 -49.26 -40.42 -3.81 -49.26
4 16 -23.58 -3.81 -49.26 -23.58 -1.93 -49.26 -23.3 -1.93 -50.39 -23.3 -3.81 -50.39
4 16 -23.3 -3.81 -50.39 -23.3 -1.93 -50.39 -22.86 -1.93 -51.47 -22.86 -3.81 -51.47
4 16 -22.86 -3.81 -51.47 -22.86 -1.93 -51.47 -22.25 -1.93 -52.47 -22.25 -3.81 -52.47
2 24 -22.25 -1.93 -52.47 -22.25 -3.81 -52.47
4 16 -22.25 -1.93 -52.47 -30 -1.93 -60.22 -30 -3.81 -60.22 -22.25 -3.81 -52.47
4 16 -26.44 -3.81 -60.22 -26.44 -1.93 -60.22 -20.47 -1.93 -54.25 -20.47 -3.81 -54.25
2 24 -20.47 -1.93 -54.25 -20.47 -3.81 -54.25
4 16 -20.47 -3.81 -54.25 -20.47 -1.93 -54.25 -19.45 -1.93 -54.87 -19.45 -3.81 -54.87
4 16 -19.45 -3.81 -54.87 -19.45 -1.93 -54.87 -18.35 -1.93 -55.32 -18.35 -3.81 -55.32
4 16 -18.35 -3.81 -55.32 -18.35 -1.93 -55.32 -17.19 -1.93 -55.59 -17.19 -3.81 -55.59
4 16 -17.19 -3.81 -55.59 -17.19 -1.93 -55.59 -16 -1.93 -55.69 -16 -3.81 -55.69
4 16 -16 -3.81 -55.69 -16 -1.93 -55.69 -14.81 -1.93 -55.59 -14.81 -3.81 -55.59
4 16 -14.81 -3.81 -55.59 -14.81 -1.93 -55.59 -13.65 -1.93 -55.32 -13.65 -3.81 -55.32
4 16 -13.65 -3.81 -55.32 -13.65 -1.93 -55.32 -12.55 -1.93 -54.87 -12.55 -3.81 -54.87
4 16 -12.55 -3.81 -54.87 -12.55 -1.93 -54.87 -11.53 -1.93 -54.25 -11.53 -3.81 -54.25
2 24 -11.53 -1.93 -54.25 -11.53 -3.81 -54.25
4 16 -11.53 -3.81 -54.25 -11.53 -1.93 -54.25 -5.56 -1.93 -60.22 -5.56 -3.81 -60.22
4 16 -9.75 -1.93 -52.47 -9.75 -3.81 -52.47 -2 -3.81 -60.22 -2 -1.93 -60.22
2 24 -9.75 -1.93 -52.47 -9.75 -3.81 -52.47
4 16 -9.75 -3.81 -52.47 -9.75 -1.93 -52.47 -9.14 -1.93 -51.47 -9.14 -3.81 -51.47
4 16 -9.14 -3.81 -51.47 -9.14 -1.93 -51.47 -8.7 -1.93 -50.39 -8.7 -3.81 -50.39
4 16 -8.7 -3.81 -50.39 -8.7 -1.93 -50.39 -8.42 -1.93 -49.26 -8.42 -3.81 -49.26
2 24 -8.42 -1.93 -49.26 -8.42 -3.81 -49.26
4 16 0 -3.81 -49.26 -8.42 -3.81 -49.26 -8.42 -1.93 -49.26 0 -1.93 -49.26
4 16 0 -1.93 -46.74 -8.42 -1.93 -46.74 -8.42 -3.81 -46.74 0 -3.81 -46.74
2 24 -8.42 -1.93 -46.74 -8.42 -3.81 -46.74
4 16 -8.42 -3.81 -46.74 -8.42 -1.93 -46.74 -8.7 -1.93 -45.61 -8.7 -3.81 -45.61
4 16 -8.7 -3.81 -45.61 -8.7 -1.93 -45.61 -9.14 -1.93 -44.53 -9.14 -3.81 -44.53
4 16 -9.14 -3.81 -44.53 -9.14 -1.93 -44.53 -9.75 -1.93 -43.53 -9.75 -3.81 -43.53
2 24 -9.75 -3.81 -43.53 -9.75 -1.93 -43.53
4 16 -4.47 -1.93 -38.25 -4.47 -3.81 -38.25 -9.75 -3.81 -43.53 -9.75 -1.93 -43.53
2 24 -4.47 -1.93 -38.25 -4.47 -3.81 -38.25
4 16 -4.47 -3.81 -38.25 -4.47 -1.93 -38.25 -3.45 -1.93 -38.87 -3.45 -3.81 -38.87
4 16 -3.45 -3.81 -38.87 -3.45 -1.93 -38.87 -2.35 -1.93 -39.32 -2.35 -3.81 -39.32
4 16 -2.35 -3.81 -39.32 -2.35 -1.93 -39.32 -1.19 -1.93 -39.59 -1.19 -3.81 -39.59
4 16 -1.19 -3.81 -39.59 -1.19 -1.93 -39.59 0 -1.93 -39.69 0 -3.81 -39.69
4 16 0 -3.81 -37.29 0 -1.93 -37.29 -0.92 -1.93 -37.21 -0.92 -3.81 -37.21
4 16 -0.92 -3.81 -37.21 -0.92 -1.93 -37.21 -1.81 -1.93 -36.97 -1.81 -3.81 -36.97
4 16 -1.81 -3.81 -36.97 -1.81 -1.93 -36.97 -2.65 -1.93 -36.58 -2.65 -3.81 -36.58
4 16 -2.65 -3.81 -36.58 -2.65 -1.93 -36.58 -3.4 -1.93 -36.05 -3.4 -3.81 -36.05
4 16 -3.4 -3.81 -36.05 -3.4 -1.93 -36.05 -4.05 -1.93 -35.4 -4.05 -3.81 -35.4
4 16 -4.05 -3.81 -35.4 -4.05 -1.93 -35.4 -4.58 -1.93 -34.65 -4.58 -3.81 -34.65
4 16 -4.58 -3.81 -34.65 -4.58 -1.93 -34.65 -4.97 -1.93 -33.81 -4.97 -3.81 -33.81
4 16 -4.97 -3.81 -33.81 -4.97 -1.93 -33.81 -5.21 -1.93 -32.92 -5.21 -3.81 -32.92
4 16 -5.21 -3.81 -32.92 -5.21 -1.93 -32.92 -5.29 -1.93 -32 -5.29 -3.81 -32
4 16 -5.29 -3.81 -32 -5.29 -1.93 -32 -5.21 -1.93 -31.08 -5.21 -3.81 -31.08
4 16 -5.21 -3.81 -31.08 -5.21 -1.93 -31.08 -4.97 -1.93 -30.19 -4.97 -3.81 -30.19
4 16 -4.97 -3.81 -30.19 -4.97 -1.93 -30.19 -4.58 -1.93 -29.35 -4.58 -3.81 -29.35
4 16 -4.58 -3.81 -29.35 -4.58 -1.93 -29.35 -4.05 -1.93 -28.6 -4.05 -3.81 -28.6
4 16 -4.05 -3.81 -28.6 -4.05 -1.93 -28.6 -3.4 -1.93 -27.95 -3.4 -3.81 -27.95
4 16 -3.4 -3.81 -27.95 -3.4 -1.93 -27.95 -2.65 -1.93 -27.42 -2.65 -3.81 -27.42
4 16 -2.65 -3.81 -27.42 -2.65 -1.93 -27.42 -1.81 -1.93 -27.03 -1.81 -3.81 -27.03
4 16 -1.81 -3.81 -27.03 -1.81 -1.93 -27.03 -0.92 -1.93 -26.79 -0.92 -3.81 -26.79
4 16 -0.92 -3.81 -26.79 -0.92 -1.93 -26.79 0 -1.93 -26.71 0 -3.81 -26.71
4 16 0 -3.81 -24.31 0 -1.93 -24.31 -1.19 -1.93 -24.41 -1.19 -3.81 -24.41
4 16 -1.19 -3.81 -24.41 -1.19 -1.93 -24.41 -2.35 -1.93 -24.68 -2.35 -3.81 -24.68
4 16 -2.35 -3.81 -24.68 -2.35 -1.93 -24.68 -3.45 -1.93 -25.13 -3.45 -3.81 -25.13
4 16 -3.45 -3.81 -25.13 -3.45 -1.93 -25.13 -4.47 -1.93 -25.75 -4.47 -3.81 -25.75
4 16 -9.75 -3.81 -20.47 -9.75 -1.93 -20.47 -9.14 -1.93 -19.47 -9.14 -3.81 -19.47
4 16 -9.14 -3.81 -19.47 -9.14 -1.93 -19.47 -8.7 -1.93 -18.39 -8.7 -3.81 -18.39
4 16 -8.7 -3.81 -18.39 -8.7 -1.93 -18.39 -8.42 -1.93 -17.26 -8.42 -3.81 -17.26
2 24 -8.42 -1.93 -17.26 -8.42 -3.81 -17.26
4 16 0 -3.81 -17.26 -8.42 -3.81 -17.26 -8.42 -1.93 -17.26 0 -1.93 -17.26
4 16 -8.42 -1.93 -14.74 -8.42 -3.81 -14.74 0 -3.81 -14.74 0 -1.93 -14.74
2 24 -8.42 -1.93 -14.74 -8.42 -3.81 -14.74
4 16 -8.42 -3.81 -14.74 -8.42 -1.93 -14.74 -8.7 -1.93 -13.61 -8.7 -3.81 -13.61
4 16 -8.7 -3.81 -13.61 -8.7 -1.93 -13.61 -9.14 -1.93 -12.53 -9.14 -3.81 -12.53
4 16 -9.14 -3.81 -12.53 -9.14 -1.93 -12.53 -9.75 -1.93 -11.53 -9.75 -3.81 -11.53
2 24 -9.75 -1.93 -11.53 -9.75 -3.81 -11.53
4 16 -4.47 -1.93 -6.25 -4.47 -3.81 -6.25 -9.75 -3.81 -11.53 -9.75 -1.93 -11.53
2 24 -4.47 -1.93 -6.25 -4.47 -3.81 -6.25
4 16 -4.47 -3.81 -6.25 -4.47 -1.93 -6.25 -3.45 -1.93 -6.87 -3.45 -3.81 -6.87
4 16 -3.45 -3.81 -6.87 -3.45 -1.93 -6.87 -2.35 -1.93 -7.32 -2.35 -3.81 -7.32
4 16 -2.35 -3.81 -7.32 -2.35 -1.93 -7.32 -1.19 -1.93 -7.59 -1.19 -3.81 -7.59
4 16 -1.19 -3.81 -7.59 -1.19 -1.93 -7.59 0 -1.93 -7.69 0 -3.81 -7.69
4 16 -64 0 0 -64 0 -48 -64 -15.69 -48 -64 -15.69 0
4 16 -49.26 -1.93 0 -49.26 -1.93 -8.42 -49.26 -3.81 -8.42 -49.26 -3.81 0
4 16 -46.74 -3.81 -8.42 -46.74 -1.93 -8.42 -46.74 -1.93 0 -46.74 -3.81 0
4 16 -39.69 -3.81 0 -39.69 -1.93 0 -39.59 -1.93 -1.19 -39.59 -3.81 -1.19
4 16 -39.59 -3.81 -1.19 -39.59 -1.93 -1.19 -39.32 -1.93 -2.35 -39.32 -3.81 -2.35
4 16 -39.32 -3.81 -2.35 -39.32 -1.93 -2.35 -38.87 -1.93 -3.45 -38.87 -3.81 -3.45
4 16 -38.87 -3.81 -3.45 -38.87 -1.93 -3.45 -38.25 -1.93 -4.47 -38.25 -3.81 -4.47
4 16 -26.71 -3.81 0 -26.71 -1.93 0 -26.79 -1.93 -0.92 -26.79 -3.81 -0.92
4 16 -26.79 -3.81 -0.92 -26.79 -1.93 -0.92 -27.03 -1.93 -1.81 -27.03 -3.81 -1.81
4 16 -27.03 -3.81 -1.81 -27.03 -1.93 -1.81 -27.42 -1.93 -2.65 -27.42 -3.81 -2.65
4 16 -27.42 -3.81 -2.65 -27.42 -1.93 -2.65 -27.95 -1.93 -3.4 -27.95 -3.81 -3.4
4 16 -27.95 -3.81 -3.4 -27.95 -1.93 -3.4 -28.6 -1.93 -4.05 -28.6 -3.81 -4.05
4 16 -28.6 -3.81 -4.05 -28.6 -1.93 -4.05 -29.35 -1.93 -4.58 -29.35 -3.81 -4.58
4 16 -29.35 -3.81 -4.58 -29.35 -1.93 -4.58 -30.19 -1.93 -4.97 -30.19 -3.81 -4.97
4 16 -30.19 -3.81 -4.97 -30.19 -1.93 -4.97 -31.08 -1.93 -5.21 -31.08 -3.81 -5.21
4 16 -31.08 -3.81 -5.21 -31.08 -1.93 -5.21 -32 -1.93 -5.29 -32 -3.81 -5.29
4 16 -32 -3.81 -5.29 -32 -1.93 -5.29 -32.92 -1.93 -5.21 -32.92 -3.81 -5.21
4 16 -32.92 -3.81 -5.21 -32.92 -1.93 -5.21 -33.81 -1.93 -4.97 -33.81 -3.81 -4.97
4 16 -33.81 -3.81 -4.97 -33.81 -1.93 -4.97 -34.65 -1.93 -4.58 -34.65 -3.81 -4.58
4 16 -34.65 -3.81 -4.58 -34.65 -1.93 -4.58 -35.4 -1.93 -4.05 -35.4 -3.81 -4.05
4 16 -35.4 -3.81 -4.05 -35.4 -1.93 -4.05 -36.05 -1.93 -3.4 -36.05 -3.81 -3.4
4 16 -36.05 -3.81 -3.4 -36.05 -1.93 -3.4 -36.58 -1.93 -2.65 -36.58 -3.81 -2.65
4 16 -36.58 -3.81 -2.65 -36.58 -1.93 -2.65 -36.97 -1.93 -1.81 -36.97 -3.81 -1.81
4 16 -36.97 -3.81 -1.81 -36.97 -1.93 -1.81 -37.21 -1.93 -0.92 -37.21 -3.81 -0.92
4 16 -37.21 -3.81 -0.92 -37.21 -1.93 -0.92 -37.29 -1.93 0 -37.29 -3.81 0
4 16 -25.75 -3.81 -4.47 -25.75 -1.93 -4.47 -25.13 -1.93 -3.45 -25.13 -3.81 -3.45
4 16 -25.13 -3.81 -3.45 -25.13 -1.93 -3.45 -24.68 -1.93 -2.35 -24.68 -3.81 -2.35
4 16 -24.68 -3.81 -2.35 -24.68 -1.93 -2.35 -24.41 -1.93 -1.19 -24.41 -3.81 -1.19
4 16 -24.41 -3.81 -1.19 -24.41 -1.93 -1.19 -24.31 -1.93 0 -24.31 -3.81 0
4 16 -17.26 -1.93 -8.42 -17.26 -3.81 -8.42 -17.26 -3.81 0 -17.26 -1.93 0
4 16 -14.74 -3.81 0 -14.74 -3.81 -8.42 -14.74 -1.93 -8.42 -14.74 -1.93 0
4 16 -7.69 -3.81 0 -7.69 -1.93 0 -7.59 -1.93 -1.19 -7.59 -3.81 -1.19
4 16 -7.59 -3.81 -1.19 -7.59 -1.93 -1.19 -7.32 -1.93 -2.35 -7.32 -3.81 -2.35
4 16 -7.32 -3.81 -2.35 -7.32 -1.93 -2.35 -6.87 -1.93 -3.45 -6.87 -3.81 -3.45
4 16 -6.87 -3.81 -3.45 -6.87 -1.93 -3.45 -6.25 -1.93 -4.47 -6.25 -3.81 -4.47
4 16 0 -3.81 -5.29 0 -1.93 -5.29 -0.92 -1.93 -5.21 -0.92 -3.81 -5.21
4 16 -0.92 -3.81 -5.21 -0.92 -1.93 -5.21 -1.81 -1.93 -4.97 -1.81 -3.81 -4.97
4 16 -1.81 -3.81 -4.97 -1.81 -1.93 -4.97 -2.65 -1.93 -4.58 -2.65 -3.81 -4.58
4 16 -2.65 -3.81 -4.58 -2.65 -1.93 -4.58 -3.4 -1.93 -4.05 -3.4 -3.81 -4.05
4 16 -3.4 -3.81 -4.05 -3.4 -1.93 -4.05 -4.05 -1.93 -3.4 -4.05 -3.81 -3.4
4 16 -4.05 -3.81 -3.4 -4.05 -1.93 -3.4 -4.58 -1.93 -2.65 -4.58 -3.81 -2.65
4 16 -4.58 -3.81 -2.65 -4.58 -1.93 -2.65 -4.97 -1.93 -1.81 -4.97 -3.81 -1.81
4 16 -4.97 -3.81 -1.81 -4.97 -1.93 -1.81 -5.21 -1.93 -0.92 -5.21 -3.81 -0.92
4 16 -5.21 -3.81 -0.92 -5.21 -1.93 -0.92 -5.29 -1.93 0 -5.29 -3.81 0
2 24 -9.75 -1.93 -43.53 -9.75 -3.81 -43.53
2 24 -20.47 -1.93 -54.25 -20.47 -1.93 -54.25
2 24 -23.58 -1.93 -49.26 -23.58 -1.93 -49.26
2 24 -43.53 -1.93 -54.25 -43.53 -3.81 -54.25
2 24 -54.25 -1.93 -43.53 -54.25 -1.93 -43.53
2 24 -49.26 -1.93 -40.42 -49.26 -1.93 -40.42
2 24 -54.25 -1.93 -20.47 -54.25 -3.81 -20.47
2 24 -43.53 -1.93 -9.75 -43.53 -1.93 -9.75
2 24 -20.47 -1.93 -9.75 -20.47 -3.81 -9.75
2 24 -40.42 -1.93 -14.74 -40.42 -1.93 -14.74
2 24 -27.53 -1.93 -6.25 -27.53 -3.81 -6.25
2 24 -6.25 -1.93 -36.47 -6.25 -3.81 -36.47
2 24 -6.25 -1.93 -27.53 -6.25 -1.93 -27.53
2 24 -14.74 -1.93 -23.58 -14.74 -1.93 -23.58
2 24 -46.74 -1.93 -23.58 -46.74 -1.93 -23.58
2 24 -17.26 -1.93 -40.42 -17.26 -1.93 -40.42
2 24 -23.58 -1.93 -17.26 -23.58 -1.93 -17.26
2 24 -14.19 -3.81 -11.03 -13.35 -3.81 -11.42
2 24 -30.19 -3.81 -27.03 -29.35 -3.81 -27.42
2 24 -46.19 -13.45 -11.03 -45.35 -13.45 -11.42
2 24 -14.19 -13.45 -43.03 -13.35 -13.45 -43.42
2 24 -46.19 -13.45 -43.03 -45.35 -13.45 -43.42
