0 228-7722-000 Pneumatic Control Unit sub 3
0 Name: s/228-7722-000s3.dat
0 Author: 
0 !LDRAW_ORG Subpart
0 !LICENSE Redistributable under CCAL version 2.0 : see CAreadme.txt

0 BFC CERTIFY CCW

0 // Created with stl2dat conversion tool
1 16 20.158 -63.685 16.378 19.1 0 33.8 0 5.04 0 -33.8 0 19.1 48/3-8cyli.dat
1 16 20.158 -63.685 16.378 19.1 0 33.8 0 1 0 -33.8 0 19.1 48/3-8edge.dat
1 16 20.158 -58.646 16.378 19.1 0 33.8 0 1 0 -33.8 0 19.1 48/3-8edge.dat

3 16 -20.15748 -58.64567 55.1811 -20.15748 -63.68504 55.1811 4.831275 -63.68504 55.1811
2 24 -20.15748 -63.68504 55.1811 4.831275 -63.68504 55.1811
4 16 -20.15748 -58.64567 55.1811 4.831275 -63.68504 55.1811 20.15748 -63.68504 55.1811 20.15748 -58.64567 55.1811
2 24 4.831275 -63.68504 55.1811 20.15748 -63.68504 55.1811
2 24 -20.15748 -58.64567 55.1811 20.15748 -58.64567 55.1811

4 16 -43.85377 -58.64567 47.1053 -43.85377 -63.68504 47.1053 -39.62408 -63.68504 49.94484 -39.62408 -58.64567 49.94484
2 24 -43.85377 -63.68504 47.1053 -39.62408 -63.68504 49.94484
2 24 -43.85377 -58.64567 47.1053 -39.62408 -58.64567 49.94484
4 16 -39.62408 -58.64567 49.94484 -39.62408 -63.68504 49.94484 -35.05884 -63.68504 52.20579 -35.05884 -58.64567 52.20579
2 24 -35.05884 -63.68504 52.20579 -39.62408 -63.68504 49.94484
2 24 -39.62408 -58.64567 49.94484 -35.05884 -58.64567 52.20579
4 16 -35.05884 -58.64567 52.20579 -35.05884 -63.68504 52.20579 -30.23675 -63.68504 53.84918 -30.23675 -58.64567 53.84918
2 24 -35.05884 -63.68504 52.20579 -30.23675 -63.68504 53.84918
2 24 -35.05884 -58.64567 52.20579 -30.23675 -58.64567 53.84918
4 16 -30.23675 -58.64567 53.84918 -30.23675 -63.68504 53.84918 -25.24093 -63.68504 54.84668 -25.24093 -58.64567 54.84668
2 24 -30.23675 -63.68504 53.84918 -25.24093 -63.68504 54.84668
2 24 -30.23675 -58.64567 53.84918 -25.24093 -58.64567 54.84668
4 16 -25.24093 -58.64567 54.84668 -25.24093 -63.68504 54.84668 -20.15748 -63.68504 55.1811 -20.15748 -58.64567 55.1811
2 24 -25.24093 -63.68504 54.84668 -20.15748 -63.68504 55.1811
2 24 -25.24093 -58.64567 54.84668 -20.15748 -58.64567 55.1811

4 16 -51.02194 -58.64567 39.89538 -51.02194 -63.68504 39.89538 -47.67501 -63.68504 43.73613 -47.67501 -58.64567 43.73613
2 24 -51.02194 -63.68504 39.89538 -47.67501 -63.68504 43.73613
2 24 -51.02194 -58.64567 39.89538 -47.67501 -58.64567 43.73613
4 16 -47.67501 -58.64567 43.73613 -47.67501 -63.68504 43.73613 -43.85377 -63.68504 47.1053 -43.85377 -58.64567 47.1053
2 24 -47.67501 -63.68504 43.73613 -43.85377 -63.68504 47.1053
2 24 -47.67501 -58.64567 43.73613 -43.85377 -58.64567 47.1053

4 16 -56.07126 -58.64567 31.07097 -56.07126 -63.68504 31.07097 -53.83686 -63.68504 35.64926 -53.83686 -58.64567 35.64926
2 24 -56.07126 -63.68504 31.07097 -53.83686 -63.68504 35.64926
2 24 -56.07126 -58.64567 31.07097 -53.83686 -58.64567 35.64926
4 16 -53.83686 -58.64567 35.64926 -53.83686 -63.68504 35.64926 -51.02194 -63.68504 39.89538 -51.02194 -58.64567 39.89538
2 24 -53.83686 -63.68504 35.64926 -51.02194 -63.68504 39.89538
2 24 -53.83686 -58.64567 35.64926 -51.02194 -58.64567 39.89538

4 16 -58.95998 -58.64567 16.15258 -58.95998 -63.68504 16.15258 -58.65508 -63.68504 21.23789 -58.65508 -58.64567 21.23789
2 24 -58.95998 -63.68504 16.15258 -58.65508 -63.68504 21.23789
2 24 -58.95998 -58.64567 16.15258 -58.65508 -58.64567 21.23789
4 16 -58.65508 -58.64567 21.23789 -58.65508 -63.68504 21.23789 -57.68661 -63.68504 26.23942 -57.68661 -58.64567 26.23942
2 24 -58.65508 -63.68504 21.23789 -57.68661 -63.68504 26.23942
2 24 -58.65508 -58.64567 21.23789 -57.68661 -58.64567 26.23942
4 16 -57.68661 -58.64567 26.23942 -57.68661 -63.68504 26.23942 -56.07126 -63.68504 31.07097 -56.07126 -58.64567 31.07097
2 24 -57.68661 -63.68504 26.23942 -56.07126 -63.68504 31.07097
2 24 -57.68661 -58.64567 26.23942 -56.07126 -58.64567 31.07097

4 16 -55.89816 -58.64567 1.268753 -55.89816 -63.68504 1.268753 -57.56953 -63.68504 6.081216 -57.56953 -58.64567 6.081216
2 24 -55.89816 -63.68504 1.268753 -57.56953 -63.68504 6.081216
2 24 -55.89816 -58.64567 1.268753 -57.56953 -58.64567 6.081216
4 16 -57.56953 -58.64567 6.081216 -57.56953 -63.68504 6.081216 -58.59603 -63.68504 11.07116 -58.59603 -58.64567 11.07116
2 24 -57.56953 -63.68504 6.081216 -58.59603 -63.68504 11.07116
2 24 -57.56953 -58.64567 6.081216 -58.59603 -58.64567 11.07116
4 16 -58.59603 -58.64567 11.07116 -58.59603 -63.68504 11.07116 -58.95998 -63.68504 16.15258 -58.95998 -58.64567 16.15258
2 24 -58.59603 -63.68504 11.07116 -58.95998 -63.68504 16.15258
2 24 -58.59603 -58.64567 11.07116 -58.95998 -58.64567 16.15258

4 16 -50.74668 -58.64567 -7.496405 -50.74668 -63.68504 -7.496405 -53.61074 -63.68504 -3.283275 -53.61074 -58.64567 -3.283275
2 24 -50.74668 -63.68504 -7.496405 -53.61074 -63.68504 -3.283275
2 24 -50.74668 -58.64567 -7.496405 -53.61074 -58.64567 -3.283275
4 16 -53.61074 -58.64567 -3.283275 -53.61074 -63.68504 -3.283275 -55.89816 -63.68504 1.268753 -55.89816 -58.64567 1.268753
2 24 -53.61074 -63.68504 -3.283275 -55.89816 -63.68504 1.268753
2 24 -53.61074 -58.64567 -3.283275 -55.89816 -58.64567 1.268753

4 16 -39.23285 -58.64567 -17.41279 -39.23285 -63.68504 -17.41279 -43.49525 -63.68504 -14.62258 -43.49525 -58.64567 -14.62258
2 24 -39.23285 -63.68504 -17.41279 -43.49525 -63.68504 -14.62258
2 24 -39.23285 -58.64567 -17.41279 -43.49525 -58.64567 -14.62258
4 16 -43.49525 -58.64567 -14.62258 -43.49525 -63.68504 -14.62258 -47.35537 -63.68504 -11.29802 -47.35537 -58.64567 -11.29802
2 24 -43.49525 -63.68504 -14.62258 -47.35537 -63.68504 -11.29802
2 24 -43.49525 -58.64567 -14.62258 -47.35537 -58.64567 -11.29802
4 16 -47.35537 -58.64567 -11.29802 -47.35537 -63.68504 -11.29802 -50.74668 -63.68504 -7.496405 -50.74668 -58.64567 -7.496405
2 24 -47.35537 -63.68504 -11.29802 -50.74668 -63.68504 -7.496405
2 24 -47.35537 -58.64567 -11.29802 -50.74668 -58.64567 -7.496405

3 16 20.15748 -63.68504 -22.4252 4.831275 -63.68504 -22.4252 20.15748 -58.64567 -22.4252
2 24 20.15748 -63.68504 -22.4252 4.831275 -63.68504 -22.4252
4 16 20.15748 -58.64567 -22.4252 4.831275 -63.68504 -22.4252 -20.15748 -63.68504 -22.4252 -20.15748 -58.64567 -22.4252
2 24 4.831275 -63.68504 -22.4252 -20.15748 -63.68504 -22.4252
2 24 20.15748 -58.64567 -22.4252 -20.15748 -58.64567 -22.4252

3 16 10.48165 -63.68504 51.28394 15.9944 -63.68504 28.32171 16.95428 -73.76378 24.3235
2 24 10.48165 -63.68504 51.28394 15.9944 -63.68504 28.32171
2 24 10.48165 -63.68504 51.28394 16.95428 -73.76378 24.3235
3 16 16.95428 -73.76378 24.3235 15.9944 -63.68504 28.32171 16.95428 -63.68504 24.3235
2 24 15.9944 -63.68504 28.32171 16.95428 -63.68504 24.3235
2 24 16.95428 -63.68504 24.3235 16.95428 -73.76378 24.3235

3 16 19.40435 -73.76378 24.91171 19.40435 -63.68504 24.91171 19.11588 -63.68504 26.11327
2 24 19.40435 -63.68504 24.91171 19.40435 -73.76378 24.91171
2 24 19.40435 -63.68504 24.91171 19.11588 -63.68504 26.11327
3 16 19.11588 -63.68504 26.11327 14.36368 -63.68504 45.90761 19.40435 -73.76378 24.91171
2 24 19.11588 -63.68504 26.11327 14.36368 -63.68504 45.90761
3 16 19.40435 -73.76378 24.91171 14.36368 -63.68504 45.90761 12.93172 -63.68504 51.87215
2 24 14.36368 -63.68504 45.90761 12.93172 -63.68504 51.87215
2 24 19.40435 -73.76378 24.91171 12.93172 -63.68504 51.87215

3 16 49.83146 -63.68504 37.15065 32.83538 -63.68504 26.11327 26.57804 -73.76378 22.0497
2 24 49.83146 -63.68504 37.15065 32.83538 -63.68504 26.11327
2 24 49.83146 -63.68504 37.15065 26.57804 -73.76378 22.0497
3 16 26.57804 -73.76378 22.0497 32.83538 -63.68504 26.11327 26.57804 -63.68504 22.0497
2 24 32.83538 -63.68504 26.11327 26.57804 -63.68504 22.0497
2 24 26.57804 -63.68504 22.0497 26.57804 -73.76378 22.0497

3 16 27.95036 -63.68504 19.93652 32.84479 -63.68504 23.115 27.95036 -73.76378 19.93652
2 24 27.95036 -63.68504 19.93652 32.84479 -63.68504 23.115
2 24 27.95036 -63.68504 19.93652 27.95036 -73.76378 19.93652
3 16 27.95036 -73.76378 19.93652 32.84479 -63.68504 23.115 51.20378 -63.68504 35.03747
2 24 32.84479 -63.68504 23.115 51.20378 -63.68504 35.03747
2 24 27.95036 -73.76378 19.93652 51.20378 -63.68504 35.03747

3 16 49.64406 -63.68504 -4.659902 34.91431 -63.68504 6.642637 27.64713 -73.76378 12.21894
2 24 49.64406 -63.68504 -4.659902 34.91431 -63.68504 6.642637
2 24 49.64406 -63.68504 -4.659902 27.64713 -73.76378 12.21894
3 16 27.64713 -73.76378 12.21894 34.91431 -63.68504 6.642637 27.64713 -63.68504 12.21894
2 24 34.91431 -63.68504 6.642637 27.64713 -63.68504 12.21894
2 24 27.64713 -63.68504 12.21894 27.64713 -73.76378 12.21894

3 16 26.11324 -63.68504 10.21994 30.77527 -63.68504 6.642637 26.11324 -73.76378 10.21994
2 24 26.11324 -63.68504 10.21994 30.77527 -63.68504 6.642637
2 24 26.11324 -63.68504 10.21994 26.11324 -73.76378 10.21994
3 16 26.11324 -73.76378 10.21994 30.77527 -63.68504 6.642637 48.11018 -63.68504 -6.658903
2 24 30.77527 -63.68504 6.642637 48.11018 -63.68504 -6.658903
2 24 26.11324 -73.76378 10.21994 48.11018 -63.68504 -6.658903

3 16 18.73712 -73.76378 7.92959 10.16915 -63.68504 -18.43991 11.99727 -63.68504 -12.81354
2 24 10.16915 -63.68504 -18.43991 18.73712 -73.76378 7.92959
2 24 10.16915 -63.68504 -18.43991 11.99727 -63.68504 -12.81354
3 16 11.99727 -63.68504 -12.81354 18.31896 -63.68504 6.642637 18.73712 -73.76378 7.92959
2 24 11.99727 -63.68504 -12.81354 18.31896 -63.68504 6.642637
3 16 18.73712 -73.76378 7.92959 18.31896 -63.68504 6.642637 18.73712 -63.68504 7.92959
2 24 18.31896 -63.68504 6.642637 18.73712 -63.68504 7.92959
2 24 18.73712 -63.68504 7.92959 18.73712 -73.76378 7.92959

3 16 16.34075 -73.76378 8.708214 16.34075 -63.68504 8.708214 15.66961 -63.68504 6.642637
2 24 16.34075 -73.76378 8.708214 16.34075 -63.68504 8.708214
2 24 16.34075 -63.68504 8.708214 15.66961 -63.68504 6.642637
3 16 16.34075 -73.76378 8.708214 15.66961 -63.68504 6.642637 7.772786 -63.68504 -17.66128
2 24 15.66961 -63.68504 6.642637 7.772786 -63.68504 -17.66128
2 24 16.34075 -73.76378 8.708214 7.772786 -63.68504 -17.66128

3 16 -19.40435 -63.68504 24.91171 -19.40435 -73.76378 24.91171 -19.11588 -63.68504 26.11327
2 24 -19.40435 -73.76378 24.91171 -19.40435 -63.68504 24.91171
2 24 -19.11588 -63.68504 26.11327 -19.40435 -63.68504 24.91171
3 16 -19.11588 -63.68504 26.11327 -19.40435 -73.76378 24.91171 -12.93172 -63.68504 51.87215
2 24 -12.93172 -63.68504 51.87215 -19.40435 -73.76378 24.91171
2 24 -12.93172 -63.68504 51.87215 -19.11588 -63.68504 26.11327

3 16 -18.73712 -63.68504 7.92959 -18.31896 -63.68504 6.642637 -18.73712 -73.76378 7.92959
2 24 -18.73712 -63.68504 7.92959 -18.31896 -63.68504 6.642637
2 24 -18.73712 -63.68504 7.92959 -18.73712 -73.76378 7.92959
3 16 -18.73712 -73.76378 7.92959 -18.31896 -63.68504 6.642637 -10.16915 -63.68504 -18.43991
2 24 -18.31896 -63.68504 6.642637 -10.16915 -63.68504 -18.43991
2 24 -18.73712 -73.76378 7.92959 -10.16915 -63.68504 -18.43991

4 16 -40.85654 -55.62204 -1.092988 -29.83759 -55.62204 7.36215 -29.83759 -63.68504 7.36215 -40.85654 -63.68504 -1.092988
2 24 -29.83759 -55.62204 7.36215 -40.85654 -55.62204 -1.092988
2 24 -29.83759 -63.68504 7.36215 -29.83759 -55.62204 7.36215
2 24 -40.85654 -55.62204 -1.092988 -40.85654 -63.68504 -1.092988
3 16 -48.11018 -63.68504 -6.658903 -40.85654 -63.68504 -1.092988 -26.11324 -73.76378 10.21994
2 24 -48.11018 -63.68504 -6.658903 -40.85654 -63.68504 -1.092988
2 24 -48.11018 -63.68504 -6.658903 -26.11324 -73.76378 10.21994
3 16 -26.11324 -73.76378 10.21994 -40.85654 -63.68504 -1.092988 -29.83759 -63.68504 7.36215
3 16 -26.11324 -73.76378 10.21994 -29.83759 -63.68504 7.36215 -26.11324 -63.68504 10.21994
2 24 -29.83759 -63.68504 7.36215 -26.11324 -63.68504 10.21994
2 24 -26.11324 -63.68504 10.21994 -26.11324 -73.76378 10.21994

3 16 -27.64713 -73.76378 12.21894 -27.64713 -63.68504 12.21894 -31.37147 -63.68504 9.36115
2 24 -27.64713 -63.68504 12.21894 -27.64713 -73.76378 12.21894
2 24 -31.37147 -63.68504 9.36115 -27.64713 -63.68504 12.21894
3 16 -31.37147 -55.62204 9.36115 -42.39042 -55.62204 0.9060126 -31.37147 -63.68504 9.36115
2 24 -42.39042 -55.62204 0.9060126 -31.37147 -55.62204 9.36115
2 24 -31.37147 -55.62204 9.36115 -31.37147 -63.68504 9.36115
4 16 -31.37147 -63.68504 9.36115 -42.39042 -55.62204 0.9060126 -42.39042 -63.68504 0.9060126 -27.64713 -73.76378 12.21894
2 24 -42.39042 -63.68504 0.9060126 -42.39042 -55.62204 0.9060126
3 16 -27.64713 -73.76378 12.21894 -42.39042 -63.68504 0.9060126 -49.64406 -63.68504 -4.659902
2 24 -42.39042 -63.68504 0.9060126 -49.64406 -63.68504 -4.659902
2 24 -27.64713 -73.76378 12.21894 -49.64406 -63.68504 -4.659902

3 16 -27.95036 -73.76378 19.93652 -51.20378 -63.68504 35.03747 -43.5358 -63.68504 30.05782
2 24 -51.20378 -63.68504 35.03747 -27.95036 -73.76378 19.93652
2 24 -51.20378 -63.68504 35.03747 -43.5358 -63.68504 30.05782
3 16 -27.95036 -63.68504 19.93652 -27.95036 -73.76378 19.93652 -31.88743 -63.68504 22.49328
2 24 -27.95036 -73.76378 19.93652 -27.95036 -63.68504 19.93652
2 24 -27.95036 -63.68504 19.93652 -31.88743 -63.68504 22.49328
3 16 -31.88743 -63.68504 22.49328 -27.95036 -73.76378 19.93652 -43.5358 -63.68504 30.05782
4 16 -31.88743 -63.68504 22.49328 -43.5358 -63.68504 30.05782 -43.5358 -55.62204 30.05782 -31.88743 -55.62204 22.49328
2 24 -43.5358 -63.68504 30.05782 -43.5358 -55.62204 30.05782
2 24 -31.88743 -55.62204 22.49328 -43.5358 -55.62204 30.05782
2 24 -31.88743 -63.68504 22.49328 -31.88743 -55.62204 22.49328

3 16 -26.57804 -73.76378 22.0497 -26.57804 -63.68504 22.0497 -30.51512 -63.68504 24.60647
2 24 -26.57804 -63.68504 22.0497 -26.57804 -73.76378 22.0497
2 24 -26.57804 -63.68504 22.0497 -30.51512 -63.68504 24.60647
3 16 -30.51512 -55.62204 24.60647 -42.16348 -55.62204 32.17101 -30.51512 -63.68504 24.60647
2 24 -42.16348 -55.62204 32.17101 -30.51512 -55.62204 24.60647
2 24 -30.51512 -55.62204 24.60647 -30.51512 -63.68504 24.60647
4 16 -30.51512 -63.68504 24.60647 -42.16348 -55.62204 32.17101 -42.16348 -63.68504 32.17101 -26.57804 -73.76378 22.0497
2 24 -42.16348 -63.68504 32.17101 -42.16348 -55.62204 32.17101
3 16 -26.57804 -73.76378 22.0497 -42.16348 -63.68504 32.17101 -49.83146 -63.68504 37.15065
2 24 -42.16348 -63.68504 32.17101 -49.83146 -63.68504 37.15065
2 24 -26.57804 -73.76378 22.0497 -49.83146 -63.68504 37.15065

4 16 2.947212 -63.68504 37.46409 3.149606 -63.68504 33.07087 9.448819 -63.68504 33.07087 4.831275 -63.68504 37.48031
4 16 4.831275 -63.68504 37.48031 9.448819 -63.68504 33.07087 10.70866 -63.68504 36.22047 9.448819 -63.68504 37.48031
3 16 10.70866 -63.68504 36.22047 10.03 -63.69 37.34 9.84 -63.69 37.42
4 16 1.889764 -63.68504 36.22047 2.568622 -63.68504 37.33858 2.258763 -63.68504 37.11132 2.032048 -63.68504 36.80231
4 16 9.448819 -63.68504 33.07087 10.56693 -63.68504 33.74973 10.69244 -63.68504 34.12831 10.70866 -63.68504 36.22047
3 16 9.84 -63.69 37.42 9.65 -63.69 37.46 10.70866 -63.68504 36.22047
3 16 10.70866 -63.68504 36.22047 9.65 -63.69 37.46 9.448819 -63.68504 37.48031
3 16 1.889764 -63.68504 36.22047 2.947212 -63.68504 37.46409 2.568622 -63.68504 37.33858
3 16 1.905986 -63.68504 34.12831 2.031493 -63.68504 33.74973 3.149606 -63.68504 33.07087
4 16 3.149606 -63.68504 33.07087 2.031493 -63.68504 33.74973 2.258763 -63.68504 33.43986 2.567769 -63.68504 33.21315
3 16 15.9944 -63.68504 28.32171 10.64358 -63.68504 36.62049 10.70866 -63.68504 36.22047
3 16 10.70866 -63.68504 36.22047 10.64358 -63.68504 36.62049 10.56638 -63.68504 36.80231
3 16 10.70866 -63.68504 36.22047 10.56638 -63.68504 36.80231 10.46 -63.69 36.97
3 16 0 -63.68504 45.90761 1.889764 -63.68504 36.22047 1.95 -63.69 36.62
3 16 1.95 -63.69 36.62 1.889764 -63.68504 36.22047 2.032048 -63.68504 36.80231
4 16 2.947212 -63.68504 37.46409 1.889764 -63.68504 36.22047 1.905986 -63.68504 34.12831 3.149606 -63.68504 33.07087
3 16 9.646693 -63.68504 33.08626 10.03066 -63.68504 33.21315 9.448819 -63.68504 33.07087
4 16 9.448819 -63.68504 33.07087 10.03066 -63.68504 33.21315 10.33966 -63.68504 33.43986 10.56693 -63.68504 33.74973
3 16 10.46 -63.69 36.97 10.34 -63.69 37.11 10.70866 -63.68504 36.22047
3 16 10.70866 -63.68504 36.22047 10.34 -63.69 37.11 10.18 -63.69 37.25
3 16 10.70866 -63.68504 36.22047 10.18 -63.69 37.25 10.03 -63.69 37.34
3 16 0 -63.68504 26.11327 3.149606 -63.68504 33.07087 2.75 -63.69 33.14
3 16 2.75 -63.69 33.14 3.149606 -63.68504 33.07087 2.567769 -63.68504 33.21315
4 16 -3.149606 -63.68504 37.48031 0 -63.68504 45.90761 -9.448819 -63.68504 37.48031 -10.70866 -63.68504 34.33071
4 16 -9.448819 -63.68504 33.07087 -16.95428 -63.68504 24.3235 -2.947212 -63.68504 33.08709 -1.889764 -63.68504 34.33071
4 16 -1.889764 -63.68504 34.33071 -2.568622 -63.68504 33.21259 -2.258763 -63.68504 33.43986 -2.032048 -63.68504 33.74887
3 16 -9.448819 -63.68504 37.48031 -10.56693 -63.68504 36.80146 -10.69244 -63.68504 36.42287
3 16 -1.889764 -63.68504 34.33071 -2.947212 -63.68504 33.08709 -2.568622 -63.68504 33.21259
3 16 -1.905986 -63.68504 36.42287 -2.031493 -63.68504 36.80146 -3.149606 -63.68504 37.48031
4 16 -3.149606 -63.68504 37.48031 -2.031493 -63.68504 36.80146 -2.258763 -63.68504 37.11132 -2.567769 -63.68504 37.33803
4 16 -9.448819 -63.68504 37.48031 -10.69244 -63.68504 36.42287 -16.95428 -63.68504 24.3235 -10.70866 -63.68504 34.33071
3 16 -10.0298 -63.68504 33.21259 -9.844928 -63.68504 33.13476 -10.70866 -63.68504 34.33071
4 16 -10.70866 -63.68504 34.33071 -9.844928 -63.68504 33.13476 -9.448819 -63.68504 33.07087 -1.889764 -63.68504 34.33071
3 16 0 -63.68504 26.11327 -1.889764 -63.68504 34.33071 -1.95 -63.69 33.93
3 16 -1.95 -63.69 33.93 -1.889764 -63.68504 34.33071 -2.032048 -63.68504 33.74887
4 16 -10.70866 -63.68504 34.33071 -1.889764 -63.68504 34.33071 -1.905986 -63.68504 36.42287 -3.149606 -63.68504 37.48031
3 16 -10.48165 -63.68504 51.28394 -9.85 -63.69 37.42 -9.448819 -63.68504 37.48031
3 16 -9.448819 -63.68504 37.48031 -9.85 -63.69 37.42 -10.03066 -63.68504 37.33803
4 16 -9.448819 -63.68504 37.48031 -10.03066 -63.68504 37.33803 -10.33966 -63.68504 37.11132 -10.56693 -63.68504 36.80146
3 16 -16.95428 -63.68504 24.3235 -10.64 -63.69 33.93 -10.70866 -63.68504 34.33071
3 16 -10.70866 -63.68504 34.33071 -10.64 -63.69 33.93 -10.56638 -63.68504 33.74887
4 16 -10.70866 -63.68504 34.33071 -10.56638 -63.68504 33.74887 -10.33966 -63.68504 33.43986 -10.0298 -63.68504 33.21259
3 16 0 -63.68504 45.90761 -3.149606 -63.68504 37.48031 -2.75 -63.69 37.42
3 16 -2.75 -63.69 37.42 -3.149606 -63.68504 37.48031 -2.567769 -63.68504 37.33803
3 16 -31.68979 -63.68504 -17.02526 -31.11764 -63.68504 -17.41161 -30.95622 -63.68504 -12.81354
2 24 -31.11764 -63.68504 -17.41161 -31.68979 -63.68504 -17.02526
3 16 15.9944 -63.68504 28.32171 15.9944 -63.68504 26.11327 16.95428 -63.68504 24.3235
3 16 28.202 -63.68504 13.43211 27.64713 -63.68504 12.21894 34.91431 -63.68504 6.642637
2 24 27.64713 -63.68504 12.21894 28.202 -63.68504 13.43211
3 16 20.06593 -63.68504 7.811513 18.73712 -63.68504 7.92959 18.31896 -63.68504 6.642637
2 24 18.73712 -63.68504 7.92959 20.06593 -63.68504 7.811513
3 16 26.08562 -63.68504 -7.124962 25.37462 -63.68504 -7.187166 32.84479 -63.68504 -12.81354
2 24 25.37462 -63.68504 -7.187166 26.08562 -63.68504 -7.124962
4 16 11.99727 -63.68504 -12.81354 15.9944 -63.68504 -12.81354 21.52706 -63.68504 -4.493075 18.31896 -63.68504 6.642637
4 16 -2.947212 -63.68504 33.08709 -16.95428 -63.68504 24.3235 -15.6997 -63.68504 23.69372 0 -63.68504 26.11327
2 24 -15.6997 -63.68504 23.69372 -16.95428 -63.68504 24.3235
3 16 -28.37734 -63.68504 -9.43132 -31.90722 -63.68504 -8.027544 -30.95622 -63.68504 -12.81354
2 24 -31.90722 -63.68504 -8.027544 -28.37734 -63.68504 -9.43132
3 16 -20.15748 -63.68504 24.94488 -19.40435 -63.68504 24.91171 -19.11588 -63.68504 26.11327
2 24 -19.40435 -63.68504 24.91171 -20.15748 -63.68504 24.94488
4 16 4.831275 -63.68504 45.90761 0 -63.68504 45.90761 2.947212 -63.68504 37.46409 4.831275 -63.68504 37.48031
4 16 0 -63.68504 26.11327 1.905986 -63.68504 34.12831 1.889764 -63.68504 36.22047 0 -63.68504 45.90761
3 16 2.75 -63.69 33.14 2.567769 -63.68504 33.21315 0 -63.68504 26.11327
3 16 0 -63.68504 26.11327 2.567769 -63.68504 33.21315 2.258763 -63.68504 33.43986
3 16 2.258763 -63.68504 33.43986 2.031493 -63.68504 33.74973 0 -63.68504 26.11327
3 16 0 -63.68504 26.11327 2.031493 -63.68504 33.74973 1.905986 -63.68504 34.12831
3 16 1.95 -63.69 36.62 2.032048 -63.68504 36.80231 0 -63.68504 45.90761
3 16 0 -63.68504 45.90761 2.032048 -63.68504 36.80231 2.258763 -63.68504 37.11132
3 16 2.258763 -63.68504 37.11132 2.568622 -63.68504 37.33858 0 -63.68504 45.90761
3 16 0 -63.68504 45.90761 2.568622 -63.68504 37.33858 2.947212 -63.68504 37.46409
4 16 4.831275 -63.68504 45.90761 4.831275 -63.68504 37.48031 9.448819 -63.68504 37.48031 10.48165 -63.68504 51.28394
3 16 10.48165 -63.68504 51.28394 9.448819 -63.68504 37.48031 9.65 -63.69 37.46
3 16 10.48165 -63.68504 51.28394 9.65 -63.69 37.46 9.84 -63.69 37.42
3 16 15.9944 -63.68504 26.11327 10.03066 -63.68504 33.21315 9.646693 -63.68504 33.08626
4 16 15.9944 -63.68504 26.11327 9.646693 -63.68504 33.08626 9.448819 -63.68504 33.07087 0 -63.68504 26.11327
3 16 10.48165 -63.68504 51.28394 10.34 -63.69 37.11 10.46 -63.69 36.97
3 16 9.84 -63.69 37.42 10.03 -63.69 37.34 10.48165 -63.68504 51.28394
3 16 10.48165 -63.68504 51.28394 10.03 -63.69 37.34 10.18 -63.69 37.25
3 16 10.48165 -63.68504 51.28394 10.18 -63.69 37.25 10.34 -63.69 37.11
3 16 10.46 -63.69 36.97 10.56638 -63.68504 36.80231 10.48165 -63.68504 51.28394
4 16 10.48165 -63.68504 51.28394 10.56638 -63.68504 36.80231 10.64358 -63.68504 36.62049 15.9944 -63.68504 28.32171
3 16 10.70866 -63.68504 36.22047 10.69244 -63.68504 34.12831 15.9944 -63.68504 28.32171
3 16 15.9944 -63.68504 28.32171 10.69244 -63.68504 34.12831 10.56693 -63.68504 33.74973
3 16 15.9944 -63.68504 28.32171 10.56693 -63.68504 33.74973 10.33966 -63.68504 33.43986
4 16 15.9944 -63.68504 28.32171 10.33966 -63.68504 33.43986 10.03066 -63.68504 33.21315 15.9944 -63.68504 26.11327
4 16 -12.93172 -63.68504 51.87215 -10.48165 -63.68504 51.28394 4.831275 -63.68504 55.1811 -20.15748 -63.68504 55.1811
3 16 -25.37462 -63.68504 39.94307 -25.16603 -63.68504 39.93775 -25.92121 -63.68504 42.75613
2 24 -25.16603 -63.68504 39.93775 -25.37462 -63.68504 39.94307
2 24 -25.92121 -63.68504 42.75613 -25.16603 -63.68504 39.93775
3 16 -34.64453 -63.68504 39.26485 -31.60458 -63.68504 40.92686 -39.62408 -63.68504 49.94484
2 24 -31.60458 -63.68504 40.92686 -34.64453 -63.68504 39.26485
3 16 -39.62408 -63.68504 49.94484 -31.60458 -63.68504 40.92686 -28.37734 -63.68504 42.18723
2 24 -28.37734 -63.68504 42.18723 -31.60458 -63.68504 40.92686
3 16 -28.37734 -63.68504 42.18723 -25.92121 -63.68504 42.75613 -39.62408 -63.68504 49.94484
4 16 -39.62408 -63.68504 49.94484 -25.92121 -63.68504 42.75613 -24.72058 -63.68504 42.74678 -12.93172 -63.68504 51.87215
2 24 -24.72058 -63.68504 42.74678 -25.92121 -63.68504 42.75613
4 16 -39.62408 -63.68504 49.94484 -12.93172 -63.68504 51.87215 -20.15748 -63.68504 55.1811 -25.24093 -63.68504 54.84668
3 16 -23.97422 -63.68504 32.00102 -22.39421 -63.68504 29.59318 -23.32737 -63.68504 32.30265
2 24 -23.97422 -63.68504 32.00102 -23.32737 -63.68504 32.30265
3 16 -23.32737 -63.68504 32.30265 -22.39421 -63.68504 29.59318 -23.14939 -63.68504 32.41155
2 24 -23.14939 -63.68504 32.41155 -22.39421 -63.68504 29.59318
2 24 -23.32737 -63.68504 32.30265 -23.14939 -63.68504 32.41155
3 16 -27.93291 -63.68504 27.07991 -29.30797 -63.68504 25.93084 -26.41516 -63.68504 28.03259
2 24 -29.30797 -63.68504 25.93084 -27.93291 -63.68504 27.07991
2 24 -27.93291 -63.68504 27.07991 -26.41516 -63.68504 28.03259
3 16 -26.41516 -63.68504 28.03259 -29.30797 -63.68504 25.93084 -24.78258 -63.68504 28.7714
2 24 -26.41516 -63.68504 28.03259 -24.78258 -63.68504 28.7714
4 16 -23.97422 -63.68504 32.00102 -24.66362 -63.68504 31.8163 -24.78258 -63.68504 28.7714 -22.39421 -63.68504 29.59318
2 24 -24.66362 -63.68504 31.8163 -23.97422 -63.68504 32.00102
3 16 -24.78258 -63.68504 28.7714 -24.66362 -63.68504 31.8163 -25.37462 -63.68504 31.7541
2 24 -25.37462 -63.68504 31.7541 -24.66362 -63.68504 31.8163
3 16 -24.78258 -63.68504 28.7714 -25.37462 -63.68504 31.7541 -25.58322 -63.68504 31.75941
2 24 -25.58322 -63.68504 31.75941 -25.37462 -63.68504 31.7541
2 24 -24.78258 -63.68504 28.7714 -25.58322 -63.68504 31.75941
3 16 -27.59985 -63.68504 39.28561 -27.42186 -63.68504 39.39451 -28.37734 -63.68504 42.18723
2 24 -27.42186 -63.68504 39.39451 -27.59985 -63.68504 39.28561
2 24 -27.59985 -63.68504 39.28561 -28.37734 -63.68504 42.18723
3 16 -28.37734 -63.68504 42.18723 -27.42186 -63.68504 39.39451 -26.77502 -63.68504 39.69614
2 24 -26.77502 -63.68504 39.69614 -27.42186 -63.68504 39.39451
4 16 -28.37734 -63.68504 42.18723 -26.77502 -63.68504 39.69614 -26.08562 -63.68504 39.88087 -25.92121 -63.68504 42.75613
2 24 -26.08562 -63.68504 39.88087 -26.77502 -63.68504 39.69614
3 16 -25.92121 -63.68504 42.75613 -26.08562 -63.68504 39.88087 -25.37462 -63.68504 39.94307
2 24 -25.37462 -63.68504 39.94307 -26.08562 -63.68504 39.88087
3 16 -12.93172 -63.68504 51.87215 -24.72058 -63.68504 42.74678 -23.53959 -63.68504 42.53032
2 24 -23.53959 -63.68504 42.53032 -24.72058 -63.68504 42.74678
3 16 -12.93172 -63.68504 51.87215 -23.53959 -63.68504 42.53032 -22.4137 -63.68504 42.11323
2 24 -22.4137 -63.68504 42.11323 -23.53959 -63.68504 42.53032
3 16 -22.4137 -63.68504 42.11323 -21.3767 -63.68504 41.50805 -12.93172 -63.68504 51.87215
2 24 -21.3767 -63.68504 41.50805 -22.4137 -63.68504 42.11323
3 16 -12.93172 -63.68504 51.87215 -21.3767 -63.68504 41.50805 -20.45975 -63.68504 40.73294
2 24 -20.45975 -63.68504 40.73294 -21.3767 -63.68504 41.50805
3 16 -12.93172 -63.68504 51.87215 -20.45975 -63.68504 40.73294 -19.69037 -63.68504 39.81118
2 24 -19.69037 -63.68504 39.81118 -20.45975 -63.68504 40.73294
3 16 -19.69037 -63.68504 39.81118 -19.09166 -63.68504 38.77044 -12.93172 -63.68504 51.87215
2 24 -19.09166 -63.68504 38.77044 -19.69037 -63.68504 39.81118
3 16 -12.93172 -63.68504 51.87215 -19.09166 -63.68504 38.77044 -18.68159 -63.68504 37.64198
2 24 -18.68159 -63.68504 37.64198 -19.09166 -63.68504 38.77044
3 16 -12.93172 -63.68504 51.87215 -18.68159 -63.68504 37.64198 -18.47248 -63.68504 36.45966
2 24 -18.47248 -63.68504 36.45966 -18.68159 -63.68504 37.64198
3 16 -18.47248 -63.68504 36.45966 -18.47062 -63.68504 35.259 -12.93172 -63.68504 51.87215
2 24 -18.47062 -63.68504 35.259 -18.47248 -63.68504 36.45966
3 16 -12.93172 -63.68504 51.87215 -18.47062 -63.68504 35.259 -18.67604 -63.68504 34.07604
2 24 -18.67604 -63.68504 34.07604 -18.47062 -63.68504 35.259
3 16 -12.93172 -63.68504 51.87215 -18.67604 -63.68504 34.07604 -19.11588 -63.68504 26.11327
3 16 -19.11588 -63.68504 26.11327 -18.67604 -63.68504 34.07604 -19.08259 -63.68504 32.9463
2 24 -19.08259 -63.68504 32.9463 -18.67604 -63.68504 34.07604
3 16 -19.11588 -63.68504 26.11327 -19.08259 -63.68504 32.9463 -19.67806 -63.68504 31.9037
2 24 -19.67806 -63.68504 31.9037 -19.08259 -63.68504 32.9463
3 16 -19.67806 -63.68504 31.9037 -20.44457 -63.68504 30.97955 -19.11588 -63.68504 26.11327
2 24 -20.44457 -63.68504 30.97955 -19.67806 -63.68504 31.9037
3 16 -19.11588 -63.68504 26.11327 -20.44457 -63.68504 30.97955 -21.3591 -63.68504 30.20159
2 24 -21.3591 -63.68504 30.20159 -20.44457 -63.68504 30.97955
3 16 -19.11588 -63.68504 26.11327 -21.3591 -63.68504 30.20159 -22.39421 -63.68504 29.59318
2 24 -22.39421 -63.68504 29.59318 -21.3591 -63.68504 30.20159
4 16 -30.51512 -63.68504 24.60647 -26.57804 -63.68504 22.0497 -25.5296 -63.68504 23.05122 -29.30797 -63.68504 25.93084
2 24 -25.5296 -63.68504 23.05122 -26.57804 -63.68504 22.0497
2 24 -30.51512 -63.68504 24.60647 -29.30797 -63.68504 25.93084
3 16 -25.5296 -63.68504 23.05122 -24.32729 -63.68504 23.8616 -29.30797 -63.68504 25.93084
2 24 -24.32729 -63.68504 23.8616 -25.5296 -63.68504 23.05122
3 16 -29.30797 -63.68504 25.93084 -24.32729 -63.68504 23.8616 -23.00553 -63.68504 24.45761
2 24 -23.00553 -63.68504 24.45761 -24.32729 -63.68504 23.8616
3 16 -29.30797 -63.68504 25.93084 -23.00553 -63.68504 24.45761 -21.6022 -63.68504 24.82218
2 24 -21.6022 -63.68504 24.82218 -23.00553 -63.68504 24.45761
4 16 -22.39421 -63.68504 29.59318 -24.78258 -63.68504 28.7714 -29.30797 -63.68504 25.93084 -19.11588 -63.68504 26.11327
4 16 -19.11588 -63.68504 26.11327 -29.30797 -63.68504 25.93084 -21.6022 -63.68504 24.82218 -20.15748 -63.68504 24.94488
2 24 -20.15748 -63.68504 24.94488 -21.6022 -63.68504 24.82218
3 16 -49.83146 -63.68504 37.15065 -42.16348 -63.68504 32.17101 -39.96753 -63.68504 34.85082
2 24 -39.96753 -63.68504 34.85082 -42.16348 -63.68504 32.17101
3 16 -45.01314 -63.68504 27.14274 -43.5358 -63.68504 30.05782 -51.20378 -63.68504 35.03747
2 24 -43.5358 -63.68504 30.05782 -45.01314 -63.68504 27.14274
4 16 -37.44747 -63.68504 37.22839 -43.85377 -63.68504 47.1053 -47.67501 -63.68504 43.73613 -39.96753 -63.68504 34.85082
2 24 -37.44747 -63.68504 37.22839 -39.96753 -63.68504 34.85082
4 16 -39.96753 -63.68504 34.85082 -47.67501 -63.68504 43.73613 -51.02194 -63.68504 39.89538 -49.83146 -63.68504 37.15065
4 16 -49.83146 -63.68504 37.15065 -51.02194 -63.68504 39.89538 -53.83686 -63.68504 35.64926 -51.20378 -63.68504 35.03747
3 16 -44.28 -63.69 17.38 -44.21081 -63.68504 17.63779 -47.21478 -63.68504 17.63779
2 24 -44.21081 -63.68504 17.63779 -44.28 -63.69 17.38
2 24 -47.21478 -63.68504 17.63779 -44.21081 -63.68504 17.63779
4 16 -45.80661 -63.68504 7.671246 -46.77244 -63.68504 11.34518 -58.59603 -63.68504 11.07116 -57.56953 -63.68504 6.081216
2 24 -46.77244 -63.68504 11.34518 -45.80661 -63.68504 7.671246
3 16 -58.59603 -63.68504 11.07116 -46.77244 -63.68504 11.34518 -58.95998 -63.68504 16.15258
4 16 -58.95998 -63.68504 16.15258 -46.77244 -63.68504 11.34518 -47.21478 -63.68504 15.11811 -58.65508 -63.68504 21.23789
2 24 -47.21478 -63.68504 15.11811 -46.77244 -63.68504 11.34518
4 16 -58.65508 -63.68504 21.23789 -47.21478 -63.68504 15.11811 -47.21478 -63.68504 17.63779 -57.68661 -63.68504 26.23942
3 16 -57.68661 -63.68504 26.23942 -47.21478 -63.68504 17.63779 -46.86612 -63.68504 20.8872
2 24 -46.86612 -63.68504 20.8872 -47.21478 -63.68504 17.63779
4 16 -51.20378 -63.68504 35.03747 -53.83686 -63.68504 35.64926 -56.07126 -63.68504 31.07097 -45.01314 -63.68504 27.14274
4 16 -45.01314 -63.68504 27.14274 -56.07126 -63.68504 31.07097 -57.68661 -63.68504 26.23942 -46.12866 -63.68504 24.07097
2 24 -45.01314 -63.68504 27.14274 -46.12866 -63.68504 24.07097
3 16 -46.12866 -63.68504 24.07097 -57.68661 -63.68504 26.23942 -46.86612 -63.68504 20.8872
2 24 -46.12866 -63.68504 24.07097 -46.86612 -63.68504 20.8872
3 16 -44.21081 -63.68504 15.11811 -44.28 -63.69 15.37 -47.21478 -63.68504 15.11811
2 24 -44.28 -63.69 15.37 -44.21081 -63.68504 15.11811
2 24 -44.21081 -63.68504 15.11811 -47.21478 -63.68504 15.11811
3 16 -47.21478 -63.68504 15.11811 -44.28 -63.69 15.37 -44.39546 -63.68504 16.03983
2 24 -44.39546 -63.68504 16.03983 -44.28 -63.69 15.37
4 16 -47.21478 -63.68504 15.11811 -44.39546 -63.68504 16.03983 -44.39546 -63.68504 16.71607 -47.21478 -63.68504 17.63779
2 24 -44.39546 -63.68504 16.71607 -44.39546 -63.68504 16.03983
3 16 -47.21478 -63.68504 17.63779 -44.39546 -63.68504 16.71607 -44.28 -63.69 17.38
2 24 -44.28 -63.69 17.38 -44.39546 -63.68504 16.71607
3 16 -49.64406 -63.68504 -4.659902 -42.39042 -63.68504 0.9060126 -53.61074 -63.68504 -3.283275
4 16 -53.61074 -63.68504 -3.283275 -42.39042 -63.68504 0.9060126 -44.3363 -63.68504 4.168557 -55.89816 -63.68504 1.268753
2 24 -44.3363 -63.68504 4.168557 -42.39042 -63.68504 0.9060126
4 16 -55.89816 -63.68504 1.268753 -44.3363 -63.68504 4.168557 -45.80661 -63.68504 7.671246 -57.56953 -63.68504 6.081216
2 24 -45.80661 -63.68504 7.671246 -44.3363 -63.68504 4.168557
3 16 -40.85654 -63.68504 -1.092988 -48.11018 -63.68504 -6.658903 -38.20879 -63.68504 -3.81697
2 24 -40.85654 -63.68504 -1.092988 -38.20879 -63.68504 -3.81697
4 16 -38.20879 -63.68504 -3.81697 -48.11018 -63.68504 -6.658903 -47.35537 -63.68504 -11.29802 -35.206 -63.68504 -6.143744
2 24 -38.20879 -63.68504 -3.81697 -35.206 -63.68504 -6.143744
4 16 -49.64406 -63.68504 -4.659902 -53.61074 -63.68504 -3.283275 -50.74668 -63.68504 -7.496405 -48.11018 -63.68504 -6.658903
3 16 -48.11018 -63.68504 -6.658903 -50.74668 -63.68504 -7.496405 -47.35537 -63.68504 -11.29802
4 16 -30.95622 -63.68504 -12.81354 -31.90722 -63.68504 -8.027544 -35.206 -63.68504 -6.143744 -47.35537 -63.68504 -11.29802
2 24 -35.206 -63.68504 -6.143744 -31.90722 -63.68504 -8.027544
3 16 -23.32737 -63.68504 0.4532527 -23.14939 -63.68504 0.3443507 -22.39421 -63.68504 3.162722
2 24 -23.14939 -63.68504 0.3443507 -23.32737 -63.68504 0.4532527
2 24 -22.39421 -63.68504 3.162722 -23.14939 -63.68504 0.3443507
3 16 -25.58322 -63.68504 0.9964932 -25.37462 -63.68504 1.00181 -24.78258 -63.68504 3.984503
2 24 -25.37462 -63.68504 1.00181 -25.58322 -63.68504 0.9964932
2 24 -25.58322 -63.68504 0.9964932 -24.78258 -63.68504 3.984503
3 16 -24.78258 -63.68504 3.984503 -25.37462 -63.68504 1.00181 -24.66362 -63.68504 0.9396056
2 24 -24.66362 -63.68504 0.9396056 -25.37462 -63.68504 1.00181
4 16 -24.78258 -63.68504 3.984503 -24.66362 -63.68504 0.9396056 -23.97422 -63.68504 0.7548822 -22.39421 -63.68504 3.162722
2 24 -23.97422 -63.68504 0.7548822 -24.66362 -63.68504 0.9396056
3 16 -22.39421 -63.68504 3.162722 -23.97422 -63.68504 0.7548822 -23.32737 -63.68504 0.4532527
2 24 -23.32737 -63.68504 0.4532527 -23.97422 -63.68504 0.7548822
3 16 -20.49287 -63.68504 1.82478 -19.73709 -63.68504 0.9361109 -18.31896 -63.68504 6.642637
2 24 -19.73709 -63.68504 0.9361109 -20.49287 -63.68504 1.82478
3 16 -18.4555 -63.68504 -3.464991 -18.61602 -63.68504 -4.620486 -10.16915 -63.68504 -18.43991
2 24 -18.61602 -63.68504 -4.620486 -18.4555 -63.68504 -3.464991
3 16 -10.16915 -63.68504 -18.43991 -18.61602 -63.68504 -4.620486 -18.96811 -63.68504 -5.732675
2 24 -18.96811 -63.68504 -5.732675 -18.61602 -63.68504 -4.620486
3 16 -27.59985 -63.68504 -6.529707 -28.37734 -63.68504 -9.43132 -27.42186 -63.68504 -6.638609
2 24 -28.37734 -63.68504 -9.43132 -27.59985 -63.68504 -6.529707
2 24 -27.59985 -63.68504 -6.529707 -27.42186 -63.68504 -6.638609
3 16 -27.42186 -63.68504 -6.638609 -28.37734 -63.68504 -9.43132 -26.77502 -63.68504 -6.940238
2 24 -27.42186 -63.68504 -6.638609 -26.77502 -63.68504 -6.940238
4 16 -30.95622 -63.68504 -12.81354 -10.16915 -63.68504 -18.43991 -24.21217 -63.68504 -9.923608 -25.37462 -63.68504 -10.02181
2 24 -25.37462 -63.68504 -10.02181 -24.21217 -63.68504 -9.923608
3 16 -26.08562 -63.68504 -7.124962 -25.92121 -63.68504 -10.00022 -25.37462 -63.68504 -7.187166
2 24 -26.08562 -63.68504 -7.124962 -25.37462 -63.68504 -7.187166
3 16 -25.37462 -63.68504 -7.187166 -25.92121 -63.68504 -10.00022 -25.16603 -63.68504 -7.181849
2 24 -25.16603 -63.68504 -7.181849 -25.92121 -63.68504 -10.00022
2 24 -25.37462 -63.68504 -7.187166 -25.16603 -63.68504 -7.181849
3 16 -26.63556 -63.68504 4.844368 -24.78258 -63.68504 3.984503 -28.33407 -63.68504 5.979272
2 24 -24.78258 -63.68504 3.984503 -26.63556 -63.68504 4.844368
2 24 -26.63556 -63.68504 4.844368 -28.33407 -63.68504 5.979272
4 16 -28.33407 -63.68504 5.979272 -24.78258 -63.68504 3.984503 -22.39421 -63.68504 3.162722 -18.31896 -63.68504 6.642637
3 16 -18.31896 -63.68504 6.642637 -22.39421 -63.68504 3.162722 -21.38702 -63.68504 2.574064
2 24 -21.38702 -63.68504 2.574064 -22.39421 -63.68504 3.162722
3 16 -18.31896 -63.68504 6.642637 -21.38702 -63.68504 2.574064 -20.49287 -63.68504 1.82478
2 24 -20.49287 -63.68504 1.82478 -21.38702 -63.68504 2.574064
3 16 -19.73709 -63.68504 0.9361109 -19.14111 -63.68504 -0.06675559 -18.31896 -63.68504 6.642637
2 24 -19.14111 -63.68504 -0.06675559 -19.73709 -63.68504 0.9361109
3 16 -18.31896 -63.68504 6.642637 -19.14111 -63.68504 -0.06675559 -18.72182 -63.68504 -1.155393
2 24 -18.72182 -63.68504 -1.155393 -19.14111 -63.68504 -0.06675559
4 16 -18.31896 -63.68504 6.642637 -18.72182 -63.68504 -1.155393 -18.4911 -63.68504 -2.298942 -10.16915 -63.68504 -18.43991
2 24 -18.4911 -63.68504 -2.298942 -18.72182 -63.68504 -1.155393
3 16 -10.16915 -63.68504 -18.43991 -18.4911 -63.68504 -2.298942 -18.4555 -63.68504 -3.464991
2 24 -18.4555 -63.68504 -3.464991 -18.4911 -63.68504 -2.298942
3 16 -18.96811 -63.68504 -5.732675 -19.50181 -63.68504 -6.770032 -10.16915 -63.68504 -18.43991
2 24 -19.50181 -63.68504 -6.770032 -18.96811 -63.68504 -5.732675
3 16 -10.16915 -63.68504 -18.43991 -19.50181 -63.68504 -6.770032 -20.20196 -63.68504 -7.703155
2 24 -20.20196 -63.68504 -7.703155 -19.50181 -63.68504 -6.770032
3 16 -10.16915 -63.68504 -18.43991 -20.20196 -63.68504 -7.703155 -21.04874 -63.68504 -8.505592
2 24 -21.04874 -63.68504 -8.505592 -20.20196 -63.68504 -7.703155
3 16 -30.95622 -63.68504 -12.81354 -25.37462 -63.68504 -10.02181 -25.92121 -63.68504 -10.00022
2 24 -25.92121 -63.68504 -10.00022 -25.37462 -63.68504 -10.02181
3 16 -30.95622 -63.68504 -12.81354 -25.92121 -63.68504 -10.00022 -28.37734 -63.68504 -9.43132
4 16 -28.37734 -63.68504 -9.43132 -25.92121 -63.68504 -10.00022 -26.08562 -63.68504 -7.124962 -26.77502 -63.68504 -6.940238
2 24 -26.77502 -63.68504 -6.940238 -26.08562 -63.68504 -7.124962
3 16 -21.04874 -63.68504 -8.505592 -22.01813 -63.68504 -9.154599 -10.16915 -63.68504 -18.43991
2 24 -22.01813 -63.68504 -9.154599 -21.04874 -63.68504 -8.505592
3 16 -10.16915 -63.68504 -18.43991 -22.01813 -63.68504 -9.154599 -23.08267 -63.68504 -9.63178
2 24 -23.08267 -63.68504 -9.63178 -22.01813 -63.68504 -9.154599
3 16 -10.16915 -63.68504 -18.43991 -23.08267 -63.68504 -9.63178 -24.21217 -63.68504 -9.923608
2 24 -24.21217 -63.68504 -9.923608 -23.08267 -63.68504 -9.63178
3 16 -18.31896 -63.68504 6.642637 -18.73712 -63.68504 7.92959 -20.06593 -63.68504 7.811513
2 24 -20.06593 -63.68504 7.811513 -18.73712 -63.68504 7.92959
4 16 -18.31896 -63.68504 6.642637 -20.06593 -63.68504 7.811513 -21.39696 -63.68504 7.901163 -28.33407 -63.68504 5.979272
2 24 -21.39696 -63.68504 7.901163 -20.06593 -63.68504 7.811513
3 16 -28.33407 -63.68504 5.979272 -21.39696 -63.68504 7.901163 -22.69793 -63.68504 8.196364
2 24 -22.69793 -63.68504 8.196364 -21.39696 -63.68504 7.901163
3 16 -26.11324 -63.68504 10.21994 -29.83759 -63.68504 7.36215 -25.08502 -63.68504 9.369981
2 24 -26.11324 -63.68504 10.21994 -25.08502 -63.68504 9.369981
4 16 -25.08502 -63.68504 9.369981 -29.83759 -63.68504 7.36215 -28.33407 -63.68504 5.979272 -23.9373 -63.68504 8.68996
2 24 -28.33407 -63.68504 5.979272 -29.83759 -63.68504 7.36215
2 24 -25.08502 -63.68504 9.369981 -23.9373 -63.68504 8.68996
3 16 -23.9373 -63.68504 8.68996 -28.33407 -63.68504 5.979272 -22.69793 -63.68504 8.196364
2 24 -23.9373 -63.68504 8.68996 -22.69793 -63.68504 8.196364
3 16 -30.1949 -63.68504 -18.4327 -29.86827 -63.68504 -19.04093 -10.16915 -63.68504 -18.43991
2 24 -29.86827 -63.68504 -19.04093 -30.1949 -63.68504 -18.4327
3 16 -10.16915 -63.68504 -18.43991 4.831275 -63.68504 -22.4252 -7.772786 -63.68504 -17.66128
4 16 -7.772786 -63.68504 -17.66128 4.831275 -63.68504 -22.4252 7.772786 -63.68504 -17.66128 4.831275 -63.68504 -12.81354
4 16 -7.772786 -63.68504 -17.66128 4.831275 -63.68504 -12.81354 15.66961 -63.68504 6.642637 4.831275 -63.68504 6.642637
4 16 -30.95622 -63.68504 -12.81354 -31.11764 -63.68504 -17.41161 -30.61499 -63.68504 -17.88486 -10.16915 -63.68504 -18.43991
2 24 -30.61499 -63.68504 -17.88486 -31.11764 -63.68504 -17.41161
3 16 -10.16915 -63.68504 -18.43991 -30.61499 -63.68504 -17.88486 -30.1949 -63.68504 -18.4327
2 24 -30.1949 -63.68504 -18.4327 -30.61499 -63.68504 -17.88486
3 16 -10.16915 -63.68504 -18.43991 -23.83622 -63.68504 -22.25042 -20.15748 -63.68504 -22.4252
2 24 -20.15748 -63.68504 -22.4252 -23.83622 -63.68504 -22.25042
3 16 -10.16915 -63.68504 -18.43991 -20.15748 -63.68504 -22.4252 4.831275 -63.68504 -22.4252
4 16 -28.31843 -63.68504 -21.42101 -27.91253 -63.68504 -21.60818 -27.48182 -63.68504 -21.72767 -10.16915 -63.68504 -18.43991
2 24 -27.91253 -63.68504 -21.60818 -28.31843 -63.68504 -21.42101
2 24 -27.48182 -63.68504 -21.72767 -27.91253 -63.68504 -21.60818
3 16 -10.16915 -63.68504 -18.43991 -27.48182 -63.68504 -21.72767 -23.83622 -63.68504 -22.25042
2 24 -23.83622 -63.68504 -22.25042 -27.48182 -63.68504 -21.72767
3 16 -29.86827 -63.68504 -19.04093 -29.64359 -63.68504 -19.69372 -10.16915 -63.68504 -18.43991
2 24 -29.64359 -63.68504 -19.69372 -29.86827 -63.68504 -19.04093
3 16 -10.16915 -63.68504 -18.43991 -29.64359 -63.68504 -19.69372 -29.49811 -63.68504 -20.11636
2 24 -29.49811 -63.68504 -20.11636 -29.64359 -63.68504 -19.69372
4 16 -10.16915 -63.68504 -18.43991 -29.49811 -63.68504 -20.11636 -29.28658 -63.68504 -20.51011 -29.01451 -63.68504 -20.86475
2 24 -29.28658 -63.68504 -20.51011 -29.49811 -63.68504 -20.11636
2 24 -29.01451 -63.68504 -20.86475 -29.28658 -63.68504 -20.51011
4 16 -10.16915 -63.68504 -18.43991 -29.01451 -63.68504 -20.86475 -28.68897 -63.68504 -21.17104 -28.31843 -63.68504 -21.42101
2 24 -28.68897 -63.68504 -21.17104 -29.01451 -63.68504 -20.86475
2 24 -28.31843 -63.68504 -21.42101 -28.68897 -63.68504 -21.17104
3 16 -14.07288 -63.68504 10.3472 -15.13945 -63.68504 9.434491 4.831275 -63.68504 6.642637
2 24 -15.13945 -63.68504 9.434491 -14.07288 -63.68504 10.3472
4 16 4.831275 -63.68504 6.642637 -15.13945 -63.68504 9.434491 -16.34075 -63.68504 8.708214 -7.772786 -63.68504 -17.66128
2 24 -16.34075 -63.68504 8.708214 -15.13945 -63.68504 9.434491
2 24 -7.772786 -63.68504 -17.66128 -16.34075 -63.68504 8.708214
3 16 -14.56481 -63.68504 22.8675 -13.58008 -63.68504 21.86704 0 -63.68504 26.11327
2 24 -13.58008 -63.68504 21.86704 -14.56481 -63.68504 22.8675
3 16 0 -63.68504 26.11327 -13.58008 -63.68504 21.86704 -12.77196 -63.68504 20.71919
2 24 -12.77196 -63.68504 20.71919 -13.58008 -63.68504 21.86704
3 16 0 -63.68504 26.11327 -12.77196 -63.68504 20.71919 -12.16215 -63.68504 19.45478
2 24 -12.16215 -63.68504 19.45478 -12.77196 -63.68504 20.71919
3 16 -11.94539 -63.68504 13.93791 -12.45412 -63.68504 12.62955 4.831275 -63.68504 6.642637
2 24 -12.45412 -63.68504 12.62955 -11.94539 -63.68504 13.93791
3 16 4.831275 -63.68504 6.642637 -12.45412 -63.68504 12.62955 -13.16969 -63.68504 11.42184
2 24 -13.16969 -63.68504 11.42184 -12.45412 -63.68504 12.62955
3 16 4.831275 -63.68504 6.642637 -13.16969 -63.68504 11.42184 -14.07288 -63.68504 10.3472
2 24 -14.07288 -63.68504 10.3472 -13.16969 -63.68504 11.42184
3 16 -12.16215 -63.68504 19.45478 -11.76701 -63.68504 18.10776 0 -63.68504 26.11327
2 24 -11.76701 -63.68504 18.10776 -12.16215 -63.68504 19.45478
3 16 0 -63.68504 26.11327 -11.76701 -63.68504 18.10776 -11.59716 -63.68504 16.71429
2 24 -11.59716 -63.68504 16.71429 -11.76701 -63.68504 18.10776
4 16 0 -63.68504 26.11327 -11.59716 -63.68504 16.71429 4.831275 -63.68504 6.642637 11.65715 -63.68504 15.31179
3 16 4.831275 -63.68504 6.642637 -11.59716 -63.68504 16.71429 -11.65715 -63.68504 15.31179
2 24 -11.65715 -63.68504 15.31179 -11.59716 -63.68504 16.71429
3 16 4.831275 -63.68504 6.642637 -11.65715 -63.68504 15.31179 -11.94539 -63.68504 13.93791
2 24 -11.94539 -63.68504 13.93791 -11.65715 -63.68504 15.31179
3 16 0 -63.68504 26.11327 -15.6997 -63.68504 23.69372 -14.56481 -63.68504 22.8675
2 24 -14.56481 -63.68504 22.8675 -15.6997 -63.68504 23.69372
3 16 -16.95428 -63.68504 24.3235 -9.448819 -63.68504 33.07087 -9.844928 -63.68504 33.13476
3 16 -9.844928 -63.68504 33.13476 -10.0298 -63.68504 33.21259 -16.95428 -63.68504 24.3235
3 16 -16.95428 -63.68504 24.3235 -10.0298 -63.68504 33.21259 -10.33966 -63.68504 33.43986
3 16 -10.33966 -63.68504 33.43986 -10.56638 -63.68504 33.74887 -16.95428 -63.68504 24.3235
3 16 -16.95428 -63.68504 24.3235 -10.56638 -63.68504 33.74887 -10.64 -63.69 33.93
3 16 -10.56693 -63.68504 36.80146 -10.33966 -63.68504 37.11132 -10.48165 -63.68504 51.28394
4 16 -1.889764 -63.68504 34.33071 0 -63.68504 26.11327 0 -63.68504 45.90761 -1.905986 -63.68504 36.42287
3 16 -1.95 -63.69 33.93 -2.032048 -63.68504 33.74887 0 -63.68504 26.11327
3 16 0 -63.68504 26.11327 -2.032048 -63.68504 33.74887 -2.258763 -63.68504 33.43986
3 16 -2.258763 -63.68504 33.43986 -2.568622 -63.68504 33.21259 0 -63.68504 26.11327
3 16 0 -63.68504 26.11327 -2.568622 -63.68504 33.21259 -2.947212 -63.68504 33.08709
4 16 -16.95428 -63.68504 24.3235 -10.69244 -63.68504 36.42287 -10.56693 -63.68504 36.80146 -10.48165 -63.68504 51.28394
2 24 -16.95428 -63.68504 24.3235 -10.48165 -63.68504 51.28394
3 16 -10.33966 -63.68504 37.11132 -10.03066 -63.68504 37.33803 -10.48165 -63.68504 51.28394
3 16 -10.48165 -63.68504 51.28394 -10.03066 -63.68504 37.33803 -9.85 -63.69 37.42
3 16 -2.75 -63.69 37.42 -2.567769 -63.68504 37.33803 0 -63.68504 45.90761
3 16 0 -63.68504 45.90761 -2.567769 -63.68504 37.33803 -2.258763 -63.68504 37.11132
3 16 -2.258763 -63.68504 37.11132 -2.031493 -63.68504 36.80146 0 -63.68504 45.90761
3 16 0 -63.68504 45.90761 -2.031493 -63.68504 36.80146 -1.905986 -63.68504 36.42287
3 16 15.13945 -63.68504 9.434491 14.07288 -63.68504 10.3472 4.831275 -63.68504 6.642637
2 24 14.07288 -63.68504 10.3472 15.13945 -63.68504 9.434491
3 16 4.831275 -63.68504 6.642637 14.07288 -63.68504 10.3472 13.16969 -63.68504 11.42184
2 24 13.16969 -63.68504 11.42184 14.07288 -63.68504 10.3472
3 16 11.59716 -63.68504 16.71429 0 -63.68504 26.11327 11.65715 -63.68504 15.31179
2 24 11.59716 -63.68504 16.71429 11.65715 -63.68504 15.31179
3 16 11.59716 -63.68504 16.71429 11.76701 -63.68504 18.10776 0 -63.68504 26.11327
2 24 11.76701 -63.68504 18.10776 11.59716 -63.68504 16.71429
3 16 0 -63.68504 26.11327 11.76701 -63.68504 18.10776 12.16215 -63.68504 19.45478
2 24 12.16215 -63.68504 19.45478 11.76701 -63.68504 18.10776
3 16 0 -63.68504 26.11327 12.16215 -63.68504 19.45478 12.77196 -63.68504 20.71919
2 24 12.77196 -63.68504 20.71919 12.16215 -63.68504 19.45478
4 16 16.34075 -63.68504 8.708214 15.13945 -63.68504 9.434491 4.831275 -63.68504 6.642637 15.66961 -63.68504 6.642637
2 24 15.13945 -63.68504 9.434491 16.34075 -63.68504 8.708214
3 16 13.16969 -63.68504 11.42184 12.45412 -63.68504 12.62955 4.831275 -63.68504 6.642637
2 24 12.45412 -63.68504 12.62955 13.16969 -63.68504 11.42184
3 16 4.831275 -63.68504 6.642637 12.45412 -63.68504 12.62955 11.94539 -63.68504 13.93791
2 24 11.94539 -63.68504 13.93791 12.45412 -63.68504 12.62955
3 16 4.831275 -63.68504 6.642637 11.94539 -63.68504 13.93791 11.65715 -63.68504 15.31179
2 24 11.65715 -63.68504 15.31179 11.94539 -63.68504 13.93791
3 16 12.77196 -63.68504 20.71919 13.58008 -63.68504 21.86704 0 -63.68504 26.11327
2 24 13.58008 -63.68504 21.86704 12.77196 -63.68504 20.71919
3 16 0 -63.68504 26.11327 13.58008 -63.68504 21.86704 14.56481 -63.68504 22.8675
2 24 14.56481 -63.68504 22.8675 13.58008 -63.68504 21.86704
4 16 0 -63.68504 26.11327 14.56481 -63.68504 22.8675 15.6997 -63.68504 23.69372 15.9944 -63.68504 26.11327
2 24 15.6997 -63.68504 23.69372 14.56481 -63.68504 22.8675
3 16 15.9944 -63.68504 26.11327 15.6997 -63.68504 23.69372 16.95428 -63.68504 24.3235
2 24 16.95428 -63.68504 24.3235 15.6997 -63.68504 23.69372
3 16 20.15748 -63.68504 -22.4252 10.16915 -63.68504 -18.43991 4.831275 -63.68504 -22.4252
3 16 4.831275 -63.68504 -22.4252 10.16915 -63.68504 -18.43991 7.772786 -63.68504 -17.66128
3 16 4.831275 -63.68504 -12.81354 7.772786 -63.68504 -17.66128 15.66961 -63.68504 6.642637
3 16 24.66362 -63.68504 0.9396056 25.37462 -63.68504 1.00181 30.77527 -63.68504 6.642637
2 24 25.37462 -63.68504 1.00181 24.66362 -63.68504 0.9396056
3 16 30.77527 -63.68504 6.642637 25.37462 -63.68504 1.00181 26.08562 -63.68504 0.9396056
2 24 26.08562 -63.68504 0.9396056 25.37462 -63.68504 1.00181
4 16 32.84479 -63.68504 -12.81354 25.37462 -63.68504 -7.187166 24.66362 -63.68504 -7.124962 15.9944 -63.68504 -12.81354
2 24 24.66362 -63.68504 -7.124962 25.37462 -63.68504 -7.187166
3 16 15.9944 -63.68504 -12.81354 24.66362 -63.68504 -7.124962 23.97422 -63.68504 -6.940238
2 24 23.97422 -63.68504 -6.940238 24.66362 -63.68504 -7.124962
3 16 23.97422 -63.68504 -6.940238 23.32737 -63.68504 -6.638609 15.9944 -63.68504 -12.81354
2 24 23.32737 -63.68504 -6.638609 23.97422 -63.68504 -6.940238
3 16 15.9944 -63.68504 -12.81354 23.32737 -63.68504 -6.638609 22.74273 -63.68504 -6.229238
2 24 22.74273 -63.68504 -6.229238 23.32737 -63.68504 -6.638609
3 16 15.9944 -63.68504 -12.81354 22.74273 -63.68504 -6.229238 22.23806 -63.68504 -5.724564
2 24 22.23806 -63.68504 -5.724564 22.74273 -63.68504 -6.229238
3 16 21.28013 -63.68504 -3.092678 21.34234 -63.68504 -2.381678 18.31896 -63.68504 6.642637
2 24 21.34234 -63.68504 -2.381678 21.28013 -63.68504 -3.092678
3 16 29.22218 -63.68504 -4.493075 28.92055 -63.68504 -5.139922 32.84479 -63.68504 -12.81354
2 24 28.92055 -63.68504 -5.139922 29.22218 -63.68504 -4.493075
3 16 32.84479 -63.68504 -12.81354 28.92055 -63.68504 -5.139922 28.51118 -63.68504 -5.724564
2 24 28.51118 -63.68504 -5.724564 28.92055 -63.68504 -5.139922
3 16 32.84479 -63.68504 -12.81354 28.51118 -63.68504 -5.724564 28.00651 -63.68504 -6.229238
2 24 28.00651 -63.68504 -6.229238 28.51118 -63.68504 -5.724564
3 16 28.00651 -63.68504 -6.229238 27.42186 -63.68504 -6.638609 32.84479 -63.68504 -12.81354
2 24 27.42186 -63.68504 -6.638609 28.00651 -63.68504 -6.229238
3 16 32.84479 -63.68504 -12.81354 27.42186 -63.68504 -6.638609 26.77502 -63.68504 -6.940238
2 24 26.77502 -63.68504 -6.940238 27.42186 -63.68504 -6.638609
3 16 32.84479 -63.68504 -12.81354 26.77502 -63.68504 -6.940238 26.08562 -63.68504 -7.124962
2 24 26.08562 -63.68504 -7.124962 26.77502 -63.68504 -6.940238
3 16 21.34234 -63.68504 -2.381678 21.52706 -63.68504 -1.692281 18.31896 -63.68504 6.642637
2 24 21.52706 -63.68504 -1.692281 21.34234 -63.68504 -2.381678
3 16 18.31896 -63.68504 6.642637 21.52706 -63.68504 -1.692281 21.82869 -63.68504 -1.045434
2 24 21.82869 -63.68504 -1.045434 21.52706 -63.68504 -1.692281
3 16 18.31896 -63.68504 6.642637 21.82869 -63.68504 -1.045434 22.23806 -63.68504 -0.4607918
2 24 22.23806 -63.68504 -0.4607918 21.82869 -63.68504 -1.045434
3 16 18.31896 -63.68504 6.642637 22.23806 -63.68504 -0.4607918 22.74273 -63.68504 0.04388185
2 24 22.74273 -63.68504 0.04388185 22.23806 -63.68504 -0.4607918
3 16 22.74273 -63.68504 0.04388185 23.32737 -63.68504 0.4532527 18.31896 -63.68504 6.642637
2 24 23.32737 -63.68504 0.4532527 22.74273 -63.68504 0.04388185
3 16 18.31896 -63.68504 6.642637 23.32737 -63.68504 0.4532527 23.97422 -63.68504 0.7548822
2 24 23.97422 -63.68504 0.7548822 23.32737 -63.68504 0.4532527
4 16 18.31896 -63.68504 6.642637 23.97422 -63.68504 0.7548822 24.66362 -63.68504 0.9396056 30.77527 -63.68504 6.642637
2 24 24.66362 -63.68504 0.9396056 23.97422 -63.68504 0.7548822
3 16 29.22218 -63.68504 -1.692281 48.11018 -63.68504 -6.658903 28.92055 -63.68504 -1.045434
2 24 29.22218 -63.68504 -1.692281 28.92055 -63.68504 -1.045434
3 16 28.92055 -63.68504 -1.045434 48.11018 -63.68504 -6.658903 28.51118 -63.68504 -0.4607918
2 24 28.92055 -63.68504 -1.045434 28.51118 -63.68504 -0.4607918
3 16 29.22218 -63.68504 -1.692281 29.4069 -63.68504 -2.381678 48.11018 -63.68504 -6.658903
2 24 29.4069 -63.68504 -2.381678 29.22218 -63.68504 -1.692281
3 16 48.11018 -63.68504 -6.658903 29.4069 -63.68504 -2.381678 29.46911 -63.68504 -3.092678
2 24 29.46911 -63.68504 -3.092678 29.4069 -63.68504 -2.381678
4 16 48.11018 -63.68504 -6.658903 29.46911 -63.68504 -3.092678 29.4069 -63.68504 -3.803678 32.84479 -63.68504 -12.81354
2 24 29.4069 -63.68504 -3.803678 29.46911 -63.68504 -3.092678
3 16 32.84479 -63.68504 -12.81354 29.4069 -63.68504 -3.803678 29.22218 -63.68504 -4.493075
2 24 29.22218 -63.68504 -4.493075 29.4069 -63.68504 -3.803678
3 16 22.23806 -63.68504 -5.724564 21.82869 -63.68504 -5.139922 15.9944 -63.68504 -12.81354
2 24 21.82869 -63.68504 -5.139922 22.23806 -63.68504 -5.724564
3 16 15.9944 -63.68504 -12.81354 21.82869 -63.68504 -5.139922 21.52706 -63.68504 -4.493075
2 24 21.52706 -63.68504 -4.493075 21.82869 -63.68504 -5.139922
3 16 18.31896 -63.68504 6.642637 21.52706 -63.68504 -4.493075 21.34234 -63.68504 -3.803678
2 24 21.34234 -63.68504 -3.803678 21.52706 -63.68504 -4.493075
3 16 18.31896 -63.68504 6.642637 21.34234 -63.68504 -3.803678 21.28013 -63.68504 -3.092678
2 24 21.28013 -63.68504 -3.092678 21.34234 -63.68504 -3.803678
3 16 26.08562 -63.68504 0.9396056 26.77502 -63.68504 0.7548822 30.77527 -63.68504 6.642637
2 24 26.77502 -63.68504 0.7548822 26.08562 -63.68504 0.9396056
3 16 30.77527 -63.68504 6.642637 26.77502 -63.68504 0.7548822 27.42186 -63.68504 0.4532527
2 24 27.42186 -63.68504 0.4532527 26.77502 -63.68504 0.7548822
4 16 30.77527 -63.68504 6.642637 27.42186 -63.68504 0.4532527 28.00651 -63.68504 0.04388185 48.11018 -63.68504 -6.658903
2 24 28.00651 -63.68504 0.04388185 27.42186 -63.68504 0.4532527
3 16 48.11018 -63.68504 -6.658903 28.00651 -63.68504 0.04388185 28.51118 -63.68504 -0.4607918
2 24 28.51118 -63.68504 -0.4607918 28.00651 -63.68504 0.04388185
3 16 30.77527 -63.68504 6.642637 26.11324 -63.68504 10.21994 25.08502 -63.68504 9.369981
2 24 25.08502 -63.68504 9.369981 26.11324 -63.68504 10.21994
4 16 18.31896 -63.68504 6.642637 30.77527 -63.68504 6.642637 22.69793 -63.68504 8.196364 21.39696 -63.68504 7.901163
2 24 21.39696 -63.68504 7.901163 22.69793 -63.68504 8.196364
3 16 18.31896 -63.68504 6.642637 21.39696 -63.68504 7.901163 20.06593 -63.68504 7.811513
2 24 20.06593 -63.68504 7.811513 21.39696 -63.68504 7.901163
3 16 25.08502 -63.68504 9.369981 23.9373 -63.68504 8.68996 30.77527 -63.68504 6.642637
2 24 23.9373 -63.68504 8.68996 25.08502 -63.68504 9.369981
3 16 30.77527 -63.68504 6.642637 23.9373 -63.68504 8.68996 22.69793 -63.68504 8.196364
2 24 22.69793 -63.68504 8.196364 23.9373 -63.68504 8.68996
3 16 57.56953 -63.68504 6.081216 43.45152 -63.68504 13.74607 42.94685 -63.68504 13.24139
2 24 42.94685 -63.68504 13.24139 43.45152 -63.68504 13.74607
3 16 42.94685 -63.68504 13.24139 42.36221 -63.68504 12.83202 57.56953 -63.68504 6.081216
2 24 42.36221 -63.68504 12.83202 42.94685 -63.68504 13.24139
3 16 57.56953 -63.68504 6.081216 42.36221 -63.68504 12.83202 41.71536 -63.68504 12.53039
2 24 41.71536 -63.68504 12.53039 42.36221 -63.68504 12.83202
4 16 57.56953 -63.68504 6.081216 41.71536 -63.68504 12.53039 34.91431 -63.68504 6.642637 55.89816 -63.68504 1.268753
3 16 38.98548 -63.68504 20.25059 39.64103 -63.68504 20.4166 51.20378 -63.68504 35.03747
2 24 39.64103 -63.68504 20.4166 38.98548 -63.68504 20.25059
3 16 51.20378 -63.68504 35.03747 39.64103 -63.68504 20.4166 40.31496 -63.68504 20.47244
2 24 40.31496 -63.68504 20.47244 39.64103 -63.68504 20.4166
3 16 51.20378 -63.68504 35.03747 40.31496 -63.68504 20.47244 41.02596 -63.68504 20.41024
2 24 41.02596 -63.68504 20.41024 40.31496 -63.68504 20.47244
3 16 41.02596 -63.68504 20.41024 41.71536 -63.68504 20.22551 57.68661 -63.68504 26.23942
2 24 41.71536 -63.68504 20.22551 41.02596 -63.68504 20.41024
3 16 57.68661 -63.68504 26.23942 41.71536 -63.68504 20.22551 42.36221 -63.68504 19.92388
2 24 42.36221 -63.68504 19.92388 41.71536 -63.68504 20.22551
3 16 57.68661 -63.68504 26.23942 42.36221 -63.68504 19.92388 42.94685 -63.68504 19.51451
2 24 42.94685 -63.68504 19.51451 42.36221 -63.68504 19.92388
3 16 42.94685 -63.68504 19.51451 43.45152 -63.68504 19.00984 57.68661 -63.68504 26.23942
2 24 43.45152 -63.68504 19.00984 42.94685 -63.68504 19.51451
3 16 57.68661 -63.68504 26.23942 43.45152 -63.68504 19.00984 43.86089 -63.68504 18.4252
2 24 43.86089 -63.68504 18.4252 43.45152 -63.68504 19.00984
4 16 57.68661 -63.68504 26.23942 43.86089 -63.68504 18.4252 44.16252 -63.68504 17.77835 58.65508 -63.68504 21.23789
2 24 44.16252 -63.68504 17.77835 43.86089 -63.68504 18.4252
4 16 58.59603 -63.68504 11.07116 44.34725 -63.68504 15.66695 44.16252 -63.68504 14.97755 57.56953 -63.68504 6.081216
2 24 44.16252 -63.68504 14.97755 44.34725 -63.68504 15.66695
3 16 57.56953 -63.68504 6.081216 44.16252 -63.68504 14.97755 43.86089 -63.68504 14.33071
2 24 43.86089 -63.68504 14.33071 44.16252 -63.68504 14.97755
3 16 57.56953 -63.68504 6.081216 43.86089 -63.68504 14.33071 43.45152 -63.68504 13.74607
2 24 43.45152 -63.68504 13.74607 43.86089 -63.68504 14.33071
3 16 41.71536 -63.68504 12.53039 41.02596 -63.68504 12.34567 34.91431 -63.68504 6.642637
2 24 41.02596 -63.68504 12.34567 41.71536 -63.68504 12.53039
3 16 34.91431 -63.68504 6.642637 41.02596 -63.68504 12.34567 40.31496 -63.68504 12.28346
2 24 40.31496 -63.68504 12.28346 41.02596 -63.68504 12.34567
3 16 34.91431 -63.68504 6.642637 40.31496 -63.68504 12.28346 39.64103 -63.68504 12.33931
2 24 39.64103 -63.68504 12.33931 40.31496 -63.68504 12.28346
3 16 58.65508 -63.68504 21.23789 44.16252 -63.68504 17.77835 44.34725 -63.68504 17.08895
2 24 44.34725 -63.68504 17.08895 44.16252 -63.68504 17.77835
4 16 58.65508 -63.68504 21.23789 44.34725 -63.68504 17.08895 44.40945 -63.68504 16.37795 58.95998 -63.68504 16.15258
2 24 44.40945 -63.68504 16.37795 44.34725 -63.68504 17.08895
4 16 58.95998 -63.68504 16.15258 44.40945 -63.68504 16.37795 44.34725 -63.68504 15.66695 58.59603 -63.68504 11.07116
2 24 44.34725 -63.68504 15.66695 44.40945 -63.68504 16.37795
3 16 37.8 -63.69 13.15 34.91431 -63.68504 6.642637 38.3662 -63.68504 12.77696
2 24 37.8 -63.69 13.15 38.3662 -63.68504 12.77696
3 16 38.3662 -63.68504 12.77696 34.91431 -63.68504 6.642637 38.98548 -63.68504 12.50532
2 24 38.3662 -63.68504 12.77696 38.98548 -63.68504 12.50532
3 16 38.98548 -63.68504 12.50532 34.91431 -63.68504 6.642637 39.64103 -63.68504 12.33931
2 24 38.98548 -63.68504 12.50532 39.64103 -63.68504 12.33931
3 16 37.8 -63.69 13.15 37.3 -63.69 13.6 34.91431 -63.68504 6.642637
2 24 37.3 -63.69 13.6 37.8 -63.69 13.15
3 16 34.91431 -63.68504 6.642637 37.3 -63.69 13.6 36.89 -63.69 14.14
2 24 36.89 -63.69 14.14 37.3 -63.69 13.6
3 16 34.91431 -63.68504 6.642637 36.89 -63.69 14.14 36.57 -63.69 14.73
2 24 36.57 -63.69 14.73 36.89 -63.69 14.14
3 16 36.23 -63.69 16.72 32.84479 -63.68504 23.115 36.23446 -63.68504 16.03983
2 24 36.23 -63.69 16.72 36.23446 -63.68504 16.03983
4 16 36.23446 -63.68504 16.03983 32.84479 -63.68504 23.115 34.91431 -63.68504 6.642637 36.34576 -63.68504 15.37282
2 24 36.23446 -63.68504 16.03983 36.34576 -63.68504 15.37282
3 16 36.34576 -63.68504 15.37282 34.91431 -63.68504 6.642637 36.57 -63.69 14.73
2 24 36.34576 -63.68504 15.37282 36.57 -63.69 14.73
3 16 36.23 -63.69 16.72 36.35 -63.69 17.38 32.84479 -63.68504 23.115
2 24 36.35 -63.69 17.38 36.23 -63.69 16.72
3 16 32.84479 -63.68504 23.115 36.35 -63.69 17.38 36.57 -63.69 18.02
2 24 36.57 -63.69 18.02 36.35 -63.69 17.38
3 16 32.84479 -63.68504 23.115 36.57 -63.69 18.02 36.89 -63.69 18.62
2 24 36.89 -63.69 18.62 36.57 -63.69 18.02
3 16 36.89 -63.69 18.62 37.3 -63.69 19.15 32.84479 -63.68504 23.115
2 24 37.3 -63.69 19.15 36.89 -63.69 18.62
3 16 32.84479 -63.68504 23.115 37.3 -63.69 19.15 37.80007 -63.68504 19.60908
2 24 37.80007 -63.68504 19.60908 37.3 -63.69 19.15
4 16 32.84479 -63.68504 23.115 37.80007 -63.68504 19.60908 38.3662 -63.68504 19.97895 51.20378 -63.68504 35.03747
2 24 38.3662 -63.68504 19.97895 37.80007 -63.68504 19.60908
3 16 51.20378 -63.68504 35.03747 38.3662 -63.68504 19.97895 38.98548 -63.68504 20.25059
2 24 38.98548 -63.68504 20.25059 38.3662 -63.68504 19.97895
3 16 28.202 -63.68504 13.43211 34.91431 -63.68504 6.642637 28.5618 -63.68504 14.71672
2 24 28.202 -63.68504 13.43211 28.5618 -63.68504 14.71672
3 16 27.95036 -63.68504 19.93652 28.40833 -63.68504 18.68354 32.84479 -63.68504 23.115
2 24 28.40833 -63.68504 18.68354 27.95036 -63.68504 19.93652
3 16 32.84479 -63.68504 23.115 28.40833 -63.68504 18.68354 28.66623 -63.68504 17.37466
2 24 28.66623 -63.68504 17.37466 28.40833 -63.68504 18.68354
4 16 32.84479 -63.68504 23.115 28.66623 -63.68504 17.37466 28.7178 -63.68504 16.04162 34.91431 -63.68504 6.642637
2 24 28.7178 -63.68504 16.04162 28.66623 -63.68504 17.37466
3 16 34.91431 -63.68504 6.642637 28.7178 -63.68504 16.04162 28.5618 -63.68504 14.71672
2 24 28.5618 -63.68504 14.71672 28.7178 -63.68504 16.04162
3 16 23.97422 -63.68504 32.00102 19.11588 -63.68504 26.11327 24.66362 -63.68504 31.8163
2 24 23.97422 -63.68504 32.00102 24.66362 -63.68504 31.8163
3 16 24.66362 -63.68504 31.8163 19.11588 -63.68504 26.11327 25.37462 -63.68504 31.7541
2 24 24.66362 -63.68504 31.8163 25.37462 -63.68504 31.7541
3 16 23.97422 -63.68504 32.00102 23.32737 -63.68504 32.30265 19.11588 -63.68504 26.11327
2 24 23.32737 -63.68504 32.30265 23.97422 -63.68504 32.00102
3 16 19.11588 -63.68504 26.11327 23.32737 -63.68504 32.30265 22.74273 -63.68504 32.71202
2 24 22.74273 -63.68504 32.71202 23.32737 -63.68504 32.30265
3 16 19.11588 -63.68504 26.11327 22.74273 -63.68504 32.71202 22.23806 -63.68504 33.2167
2 24 22.23806 -63.68504 33.2167 22.74273 -63.68504 32.71202
4 16 15.9944 -63.68504 45.90761 14.36368 -63.68504 45.90761 21.52706 -63.68504 37.24898 21.82869 -63.68504 37.89583
2 24 21.82869 -63.68504 37.89583 21.52706 -63.68504 37.24898
3 16 21.82869 -63.68504 37.89583 22.23806 -63.68504 38.48047 15.9944 -63.68504 45.90761
2 24 22.23806 -63.68504 38.48047 21.82869 -63.68504 37.89583
3 16 15.9944 -63.68504 45.90761 22.23806 -63.68504 38.48047 22.74273 -63.68504 38.98514
2 24 22.74273 -63.68504 38.98514 22.23806 -63.68504 38.48047
3 16 15.9944 -63.68504 45.90761 22.74273 -63.68504 38.98514 23.32737 -63.68504 39.39451
2 24 23.32737 -63.68504 39.39451 22.74273 -63.68504 38.98514
3 16 21.28013 -63.68504 35.84858 21.34234 -63.68504 36.55958 14.36368 -63.68504 45.90761
2 24 21.34234 -63.68504 36.55958 21.28013 -63.68504 35.84858
3 16 14.36368 -63.68504 45.90761 21.34234 -63.68504 36.55958 21.52706 -63.68504 37.24898
2 24 21.52706 -63.68504 37.24898 21.34234 -63.68504 36.55958
3 16 22.23806 -63.68504 33.2167 21.82869 -63.68504 33.80134 19.11588 -63.68504 26.11327
2 24 21.82869 -63.68504 33.80134 22.23806 -63.68504 33.2167
3 16 19.11588 -63.68504 26.11327 21.82869 -63.68504 33.80134 21.52706 -63.68504 34.44818
2 24 21.52706 -63.68504 34.44818 21.82869 -63.68504 33.80134
4 16 19.11588 -63.68504 26.11327 21.52706 -63.68504 34.44818 21.34234 -63.68504 35.13758 14.36368 -63.68504 45.90761
2 24 21.34234 -63.68504 35.13758 21.52706 -63.68504 34.44818
3 16 14.36368 -63.68504 45.90761 21.34234 -63.68504 35.13758 21.28013 -63.68504 35.84858
2 24 21.28013 -63.68504 35.84858 21.34234 -63.68504 35.13758
3 16 23.32737 -63.68504 39.39451 23.97422 -63.68504 39.69614 15.9944 -63.68504 45.90761
2 24 23.97422 -63.68504 39.69614 23.32737 -63.68504 39.39451
3 16 15.9944 -63.68504 45.90761 23.97422 -63.68504 39.69614 24.66362 -63.68504 39.88087
2 24 24.66362 -63.68504 39.88087 23.97422 -63.68504 39.69614
4 16 15.9944 -63.68504 45.90761 24.66362 -63.68504 39.88087 25.37462 -63.68504 39.94307 32.84479 -63.68504 45.90761
2 24 25.37462 -63.68504 39.94307 24.66362 -63.68504 39.88087
3 16 28.80239 -63.68504 38.08806 29.12424 -63.68504 37.49332 32.84479 -63.68504 45.90761
2 24 29.12424 -63.68504 37.49332 28.80239 -63.68504 38.08806
3 16 29.12424 -63.68504 34.20385 28.80239 -63.68504 33.60911 32.83538 -63.68504 26.11327
2 24 28.80239 -63.68504 33.60911 29.12424 -63.68504 34.20385
3 16 25.37462 -63.68504 39.94307 26.04855 -63.68504 39.88723 32.84479 -63.68504 45.90761
2 24 26.04855 -63.68504 39.88723 25.37462 -63.68504 39.94307
3 16 32.84479 -63.68504 45.90761 26.04855 -63.68504 39.88723 26.7041 -63.68504 39.72122
2 24 26.7041 -63.68504 39.72122 26.04855 -63.68504 39.88723
3 16 32.84479 -63.68504 45.90761 26.7041 -63.68504 39.72122 27.32338 -63.68504 39.44958
2 24 27.32338 -63.68504 39.44958 26.7041 -63.68504 39.72122
3 16 29.12424 -63.68504 34.20385 32.83538 -63.68504 26.11327 29.34382 -63.68504 34.84344
2 24 29.12424 -63.68504 34.20385 29.34382 -63.68504 34.84344
3 16 27.32338 -63.68504 39.44958 27.88951 -63.68504 39.07971 32.84479 -63.68504 45.90761
2 24 27.88951 -63.68504 39.07971 27.32338 -63.68504 39.44958
3 16 32.84479 -63.68504 45.90761 27.88951 -63.68504 39.07971 28.38703 -63.68504 38.62171
2 24 28.38703 -63.68504 38.62171 27.88951 -63.68504 39.07971
3 16 32.84479 -63.68504 45.90761 28.38703 -63.68504 38.62171 28.80239 -63.68504 38.08806
2 24 28.80239 -63.68504 38.08806 28.38703 -63.68504 38.62171
3 16 29.12424 -63.68504 37.49332 29.34382 -63.68504 36.85372 32.84479 -63.68504 45.90761
2 24 29.34382 -63.68504 36.85372 29.12424 -63.68504 37.49332
3 16 32.84479 -63.68504 45.90761 29.34382 -63.68504 36.85372 29.45512 -63.68504 36.1867
2 24 29.45512 -63.68504 36.1867 29.34382 -63.68504 36.85372
4 16 32.84479 -63.68504 45.90761 29.45512 -63.68504 36.1867 29.45512 -63.68504 35.51046 32.83538 -63.68504 26.11327
2 24 29.45512 -63.68504 35.51046 29.45512 -63.68504 36.1867
3 16 32.83538 -63.68504 26.11327 29.45512 -63.68504 35.51046 29.34382 -63.68504 34.84344
2 24 29.34382 -63.68504 34.84344 29.45512 -63.68504 35.51046
3 16 25.37462 -63.68504 31.7541 19.11588 -63.68504 26.11327 26.04855 -63.68504 31.80994
2 24 25.37462 -63.68504 31.7541 26.04855 -63.68504 31.80994
4 16 26.04855 -63.68504 31.80994 19.11588 -63.68504 26.11327 32.83538 -63.68504 26.11327 26.7041 -63.68504 31.97595
2 24 26.04855 -63.68504 31.80994 26.7041 -63.68504 31.97595
3 16 28.80239 -63.68504 33.60911 28.38703 -63.68504 33.07546 32.83538 -63.68504 26.11327
2 24 28.38703 -63.68504 33.07546 28.80239 -63.68504 33.60911
3 16 32.83538 -63.68504 26.11327 28.38703 -63.68504 33.07546 27.88951 -63.68504 32.61746
2 24 27.88951 -63.68504 32.61746 28.38703 -63.68504 33.07546
3 16 32.83538 -63.68504 26.11327 27.88951 -63.68504 32.61746 27.32338 -63.68504 32.24759
2 24 27.32338 -63.68504 32.24759 27.88951 -63.68504 32.61746
3 16 32.83538 -63.68504 26.11327 27.32338 -63.68504 32.24759 26.7041 -63.68504 31.97595
2 24 26.7041 -63.68504 31.97595 27.32338 -63.68504 32.24759
3 16 26.57804 -63.68504 22.0497 32.83538 -63.68504 26.11327 25.5296 -63.68504 23.05122
2 24 26.57804 -63.68504 22.0497 25.5296 -63.68504 23.05122
3 16 25.5296 -63.68504 23.05122 32.83538 -63.68504 26.11327 24.32729 -63.68504 23.8616
2 24 25.5296 -63.68504 23.05122 24.32729 -63.68504 23.8616
3 16 19.40435 -63.68504 24.91171 20.15748 -63.68504 24.94488 19.11588 -63.68504 26.11327
2 24 20.15748 -63.68504 24.94488 19.40435 -63.68504 24.91171
3 16 19.11588 -63.68504 26.11327 20.15748 -63.68504 24.94488 21.6022 -63.68504 24.82218
2 24 21.6022 -63.68504 24.82218 20.15748 -63.68504 24.94488
4 16 19.11588 -63.68504 26.11327 21.6022 -63.68504 24.82218 23.00553 -63.68504 24.45761 32.83538 -63.68504 26.11327
2 24 23.00553 -63.68504 24.45761 21.6022 -63.68504 24.82218
3 16 32.83538 -63.68504 26.11327 23.00553 -63.68504 24.45761 24.32729 -63.68504 23.8616
2 24 24.32729 -63.68504 23.8616 23.00553 -63.68504 24.45761
4 16 4.831275 -63.68504 55.1811 10.48165 -63.68504 51.28394 12.93172 -63.68504 51.87215 20.15748 -63.68504 55.1811
4 16 20.15748 -63.68504 55.1811 12.93172 -63.68504 51.87215 14.36368 -63.68504 45.90761 15.9944 -63.68504 45.90761
3 16 39.62408 -63.68504 49.94484 35.05884 -63.68504 52.20579 32.84479 -63.68504 45.90761
3 16 32.84479 -63.68504 45.90761 35.05884 -63.68504 52.20579 30.23675 -63.68504 53.84918
4 16 32.84479 -63.68504 45.90761 30.23675 -63.68504 53.84918 25.24093 -63.68504 54.84668 15.9944 -63.68504 45.90761
3 16 15.9944 -63.68504 45.90761 25.24093 -63.68504 54.84668 20.15748 -63.68504 55.1811
4 16 41.02596 -63.68504 20.41024 57.68661 -63.68504 26.23942 56.07126 -63.68504 31.07097 51.20378 -63.68504 35.03747
3 16 51.20378 -63.68504 35.03747 56.07126 -63.68504 31.07097 53.83686 -63.68504 35.64926
4 16 51.20378 -63.68504 35.03747 53.83686 -63.68504 35.64926 51.02194 -63.68504 39.89538 49.83146 -63.68504 37.15065
4 16 49.83146 -63.68504 37.15065 51.02194 -63.68504 39.89538 47.67501 -63.68504 43.73613 32.83538 -63.68504 26.11327
4 16 32.83538 -63.68504 26.11327 47.67501 -63.68504 43.73613 43.85377 -63.68504 47.1053 32.84479 -63.68504 45.90761
3 16 32.84479 -63.68504 45.90761 43.85377 -63.68504 47.1053 39.62408 -63.68504 49.94484
3 16 32.31658 -63.68504 -16.73585 32.98171 -63.68504 -16.55088 32.84479 -63.68504 -12.81354
2 24 32.98171 -63.68504 -16.55088 32.31658 -63.68504 -16.73585
3 16 32.84479 -63.68504 -12.81354 32.98171 -63.68504 -16.55088 33.66793 -63.68504 -16.47517
2 24 33.66793 -63.68504 -16.47517 32.98171 -63.68504 -16.55088
3 16 32.84479 -63.68504 -12.81354 33.66793 -63.68504 -16.47517 34.35739 -63.68504 -16.51068
2 24 34.35739 -63.68504 -16.51068 33.66793 -63.68504 -16.47517
3 16 34.35739 -63.68504 -16.51068 35.03219 -63.68504 -16.65649 32.84479 -63.68504 -12.81354
2 24 35.03219 -63.68504 -16.65649 34.35739 -63.68504 -16.51068
4 16 32.84479 -63.68504 -12.81354 35.03219 -63.68504 -16.65649 35.6748 -63.68504 -16.90882 47.35537 -63.68504 -11.29802
2 24 35.6748 -63.68504 -16.90882 35.03219 -63.68504 -16.65649
4 16 32.84479 -63.68504 -12.81354 47.35537 -63.68504 -11.29802 50.74668 -63.68504 -7.496405 48.11018 -63.68504 -6.658903
4 16 48.11018 -63.68504 -6.658903 50.74668 -63.68504 -7.496405 53.61074 -63.68504 -3.283275 49.64406 -63.68504 -4.659902
4 16 49.64406 -63.68504 -4.659902 53.61074 -63.68504 -3.283275 55.89816 -63.68504 1.268753 34.91431 -63.68504 6.642637
4 16 47.35537 -63.68504 -11.29802 35.6748 -63.68504 -16.90882 36.26854 -63.68504 -17.2611 43.49525 -63.68504 -14.62258
2 24 36.26854 -63.68504 -17.2611 35.6748 -63.68504 -16.90882
4 16 43.49525 -63.68504 -14.62258 36.26854 -63.68504 -17.2611 36.63456 -63.68504 -17.48009 39.23285 -63.68504 -17.41279
2 24 36.63456 -63.68504 -17.48009 36.26854 -63.68504 -17.2611
3 16 39.23285 -63.68504 -17.41279 36.63456 -63.68504 -17.48009 37.02986 -63.68504 -17.64032
2 24 37.02986 -63.68504 -17.64032 36.63456 -63.68504 -17.48009
3 16 39.23285 -63.68504 -17.41279 37.02986 -63.68504 -17.64032 37.44506 -63.68504 -17.738
2 24 37.44506 -63.68504 -17.738 37.02986 -63.68504 -17.64032
3 16 37.44506 -63.68504 -17.738 37.87033 -63.68504 -17.77082 39.23285 -63.68504 -17.41279
2 24 37.87033 -63.68504 -17.77082 37.44506 -63.68504 -17.738
4 16 39.23285 -63.68504 -17.41279 37.87033 -63.68504 -17.77082 38.34281 -63.68504 -17.73025 38.80146 -63.68504 -17.60973
2 24 38.34281 -63.68504 -17.73025 37.87033 -63.68504 -17.77082
2 24 38.80146 -63.68504 -17.60973 38.34281 -63.68504 -17.73025
2 24 39.23285 -63.68504 -17.41279 38.80146 -63.68504 -17.60973
3 16 29.86827 -63.68504 -19.04093 30.1949 -63.68504 -18.4327 15.9944 -63.68504 -12.81354
2 24 30.1949 -63.68504 -18.4327 29.86827 -63.68504 -19.04093
4 16 20.15748 -63.68504 -22.4252 15.9944 -63.68504 -12.81354 11.99727 -63.68504 -12.81354 10.16915 -63.68504 -18.43991
3 16 30.1949 -63.68504 -18.4327 30.61499 -63.68504 -17.88486 15.9944 -63.68504 -12.81354
2 24 30.61499 -63.68504 -17.88486 30.1949 -63.68504 -18.4327
3 16 15.9944 -63.68504 -12.81354 30.61499 -63.68504 -17.88486 31.11764 -63.68504 -17.41161
2 24 31.11764 -63.68504 -17.41161 30.61499 -63.68504 -17.88486
4 16 15.9944 -63.68504 -12.81354 31.11764 -63.68504 -17.41161 31.68979 -63.68504 -17.02526 32.84479 -63.68504 -12.81354
2 24 31.68979 -63.68504 -17.02526 31.11764 -63.68504 -17.41161
3 16 32.84479 -63.68504 -12.81354 31.68979 -63.68504 -17.02526 32.31658 -63.68504 -16.73585
2 24 32.31658 -63.68504 -16.73585 31.68979 -63.68504 -17.02526
3 16 20.15748 -63.68504 -22.4252 23.83622 -63.68504 -22.25042 15.9944 -63.68504 -12.81354
2 24 23.83622 -63.68504 -22.25042 20.15748 -63.68504 -22.4252
3 16 15.9944 -63.68504 -12.81354 23.83622 -63.68504 -22.25042 27.48182 -63.68504 -21.72767
2 24 27.48182 -63.68504 -21.72767 23.83622 -63.68504 -22.25042
3 16 15.9944 -63.68504 -12.81354 27.48182 -63.68504 -21.72767 27.91253 -63.68504 -21.60818
2 24 27.91253 -63.68504 -21.60818 27.48182 -63.68504 -21.72767
4 16 27.91253 -63.68504 -21.60818 28.31843 -63.68504 -21.42101 28.68897 -63.68504 -21.17104 15.9944 -63.68504 -12.81354
2 24 28.31843 -63.68504 -21.42101 27.91253 -63.68504 -21.60818
2 24 28.68897 -63.68504 -21.17104 28.31843 -63.68504 -21.42101
4 16 15.9944 -63.68504 -12.81354 28.68897 -63.68504 -21.17104 29.01451 -63.68504 -20.86475 29.28658 -63.68504 -20.51011
2 24 29.01451 -63.68504 -20.86475 28.68897 -63.68504 -21.17104
2 24 29.28658 -63.68504 -20.51011 29.01451 -63.68504 -20.86475
4 16 15.9944 -63.68504 -12.81354 29.28658 -63.68504 -20.51011 29.49811 -63.68504 -20.11636 29.86827 -63.68504 -19.04093
2 24 29.49811 -63.68504 -20.11636 29.28658 -63.68504 -20.51011
2 24 29.86827 -63.68504 -19.04093 29.49811 -63.68504 -20.11636
4 16 -36.26854 -63.68504 -17.2611 -35.6748 -63.68504 -16.90882 -47.35537 -63.68504 -11.29802 -43.49525 -63.68504 -14.62258
2 24 -35.6748 -63.68504 -16.90882 -36.26854 -63.68504 -17.2611
3 16 -47.35537 -63.68504 -11.29802 -35.6748 -63.68504 -16.90882 -35.03219 -63.68504 -16.65649
2 24 -35.03219 -63.68504 -16.65649 -35.6748 -63.68504 -16.90882
4 16 -47.35537 -63.68504 -11.29802 -35.03219 -63.68504 -16.65649 -34.35739 -63.68504 -16.51068 -30.95622 -63.68504 -12.81354
2 24 -34.35739 -63.68504 -16.51068 -35.03219 -63.68504 -16.65649
3 16 -30.95622 -63.68504 -12.81354 -34.35739 -63.68504 -16.51068 -33.66793 -63.68504 -16.47517
2 24 -33.66793 -63.68504 -16.47517 -34.35739 -63.68504 -16.51068
3 16 -33.66793 -63.68504 -16.47517 -32.98171 -63.68504 -16.55088 -30.95622 -63.68504 -12.81354
2 24 -32.98171 -63.68504 -16.55088 -33.66793 -63.68504 -16.47517
3 16 -30.95622 -63.68504 -12.81354 -32.98171 -63.68504 -16.55088 -32.31658 -63.68504 -16.73585
2 24 -32.31658 -63.68504 -16.73585 -32.98171 -63.68504 -16.55088
3 16 -30.95622 -63.68504 -12.81354 -32.31658 -63.68504 -16.73585 -31.68979 -63.68504 -17.02526
2 24 -31.68979 -63.68504 -17.02526 -32.31658 -63.68504 -16.73585
3 16 -39.23285 -63.68504 -17.41279 -37.44506 -63.68504 -17.738 -37.02986 -63.68504 -17.64032
2 24 -37.02986 -63.68504 -17.64032 -37.44506 -63.68504 -17.738
3 16 -37.44506 -63.68504 -17.738 -39.23285 -63.68504 -17.41279 -37.87033 -63.68504 -17.77082
2 24 -37.44506 -63.68504 -17.738 -37.87033 -63.68504 -17.77082
4 16 -37.87033 -63.68504 -17.77082 -39.23285 -63.68504 -17.41279 -38.80146 -63.68504 -17.60973 -38.34281 -63.68504 -17.73025
2 24 -38.80146 -63.68504 -17.60973 -39.23285 -63.68504 -17.41279
2 24 -38.34281 -63.68504 -17.73025 -38.80146 -63.68504 -17.60973
2 24 -37.87033 -63.68504 -17.77082 -38.34281 -63.68504 -17.73025
4 16 -36.26854 -63.68504 -17.2611 -43.49525 -63.68504 -14.62258 -39.23285 -63.68504 -17.41279 -36.63456 -63.68504 -17.48009
2 24 -36.26854 -63.68504 -17.2611 -36.63456 -63.68504 -17.48009
3 16 -36.63456 -63.68504 -17.48009 -39.23285 -63.68504 -17.41279 -37.02986 -63.68504 -17.64032
2 24 -36.63456 -63.68504 -17.48009 -37.02986 -63.68504 -17.64032
3 16 -39.62408 -63.68504 49.94484 -25.24093 -63.68504 54.84668 -30.23675 -63.68504 53.84918
3 16 -39.62408 -63.68504 49.94484 -30.23675 -63.68504 53.84918 -35.05884 -63.68504 52.20579
4 16 -37.44747 -63.68504 37.22839 -34.64453 -63.68504 39.26485 -39.62408 -63.68504 49.94484 -43.85377 -63.68504 47.1053
2 24 -34.64453 -63.68504 39.26485 -37.44747 -63.68504 37.22839
4 16 -10.48165 -63.68504 51.28394 -9.448819 -63.68504 37.48031 0 -63.68504 45.90761 4.831275 -63.68504 55.1811
4 16 4.831275 -63.68504 55.1811 0 -63.68504 45.90761 4.831275 -63.68504 45.90761 10.48165 -63.68504 51.28394
3 16 3.149606 -63.68504 33.07087 0 -63.68504 26.11327 9.448819 -63.68504 33.07087

4 16 53.61074 -58.64567 -3.283275 53.63246 -58.64567 -3.296042 55.92137 -58.64567 1.258942 55.89816 -58.64567 1.268753
2 24 55.92137 -58.64567 1.258942 53.63246 -58.64567 -3.296042
4 16 55.89816 -58.64567 1.268753 55.92137 -58.64567 1.258942 57.59383 -58.64567 6.07453 57.56953 -58.64567 6.081216
2 24 57.59383 -58.64567 6.07453 55.92137 -58.64567 1.258942
4 16 57.56953 -58.64567 6.081216 57.59383 -58.64567 6.07453 58.62099 -58.64567 11.06772 58.59603 -58.64567 11.07116
2 24 58.62099 -58.64567 11.06772 57.59383 -58.64567 6.07453
4 16 58.59603 -58.64567 11.07116 58.62099 -58.64567 11.06772 58.98517 -58.64567 16.15244 58.95998 -58.64567 16.15258
2 24 58.98517 -58.64567 16.15244 58.62099 -58.64567 11.06772
4 16 58.95998 -58.64567 16.15258 58.98517 -58.64567 16.15244 58.68008 -58.64567 21.24104 58.65508 -58.64567 21.23789
2 24 58.68008 -58.64567 21.24104 58.98517 -58.64567 16.15244
4 16 58.65508 -58.64567 21.23789 58.68008 -58.64567 21.24104 57.71098 -58.64567 26.24582 57.68661 -58.64567 26.23942
2 24 57.71098 -58.64567 26.24582 58.68008 -58.64567 21.24104
4 16 57.68661 -58.64567 26.23942 57.71098 -58.64567 26.24582 56.09458 -58.64567 31.08051 56.07126 -58.64567 31.07097
2 24 56.09458 -58.64567 31.08051 57.71098 -58.64567 26.24582
4 16 56.07126 -58.64567 31.07097 56.09458 -58.64567 31.08051 53.85873 -58.64567 35.66178 53.83686 -58.64567 35.64926
2 24 53.85873 -58.64567 35.66178 56.09458 -58.64567 31.08051
4 16 53.83686 -58.64567 35.64926 53.85873 -58.64567 35.66178 51.04199 -58.64567 39.91065 51.02194 -58.64567 39.89538
2 24 51.04199 -58.64567 39.91065 53.85873 -58.64567 35.66178
4 16 51.02194 -58.64567 39.89538 51.04199 -58.64567 39.91065 47.69288 -58.64567 43.75389 47.67501 -58.64567 43.73613
2 24 47.69288 -58.64567 43.75389 51.04199 -58.64567 39.91065
4 16 47.67501 -58.64567 43.73613 47.69288 -58.64567 43.75389 43.86916 -58.64567 47.12526 43.85377 -58.64567 47.1053
2 24 43.86916 -58.64567 47.12526 47.69288 -58.64567 43.75389
4 16 43.85377 -58.64567 47.1053 43.86916 -58.64567 47.12526 39.63672 -58.64567 49.96664 39.62408 -58.64567 49.94484
2 24 39.63672 -58.64567 49.96664 43.86916 -58.64567 47.12526
4 16 39.62408 -58.64567 49.94484 39.63672 -58.64567 49.96664 35.06852 -58.64567 52.22905 35.05884 -58.64567 52.20579
2 24 35.06852 -58.64567 52.22905 39.63672 -58.64567 49.96664
4 16 35.05884 -58.64567 52.20579 35.06852 -58.64567 52.22905 30.2433 -58.64567 53.87351 30.23675 -58.64567 53.84918
2 24 30.2433 -58.64567 53.87351 35.06852 -58.64567 52.22905
4 16 30.23675 -58.64567 53.84918 30.2433 -58.64567 53.87351 25.24423 -58.64567 54.87166 25.24093 -58.64567 54.84668
2 24 25.24423 -58.64567 54.87166 30.2433 -58.64567 53.87351
4 16 25.24093 -58.64567 54.84668 25.24423 -58.64567 54.87166 20.15748 -58.64567 55.2063 20.15748 -58.64567 55.1811
2 24 20.15748 -58.64567 55.2063 25.24423 -58.64567 54.87166
4 16 20.15748 -58.64567 55.1811 20.15748 -58.64567 55.2063 -20.15748 -58.64567 55.2063 -20.15748 -58.64567 55.1811
2 24 -20.15748 -58.64567 55.2063 20.15748 -58.64567 55.2063
4 16 -20.15748 -58.64567 55.1811 -20.15748 -58.64567 55.2063 -25.24423 -58.64567 54.87166 -25.24093 -58.64567 54.84668
2 24 -25.24423 -58.64567 54.87166 -20.15748 -58.64567 55.2063
4 16 -25.24093 -58.64567 54.84668 -25.24423 -58.64567 54.87166 -30.2433 -58.64567 53.87351 -30.23675 -58.64567 53.84918
2 24 -30.2433 -58.64567 53.87351 -25.24423 -58.64567 54.87166
4 16 -30.23675 -58.64567 53.84918 -30.2433 -58.64567 53.87351 -35.06852 -58.64567 52.22905 -35.05884 -58.64567 52.20579
2 24 -35.06852 -58.64567 52.22905 -30.2433 -58.64567 53.87351
4 16 -35.05884 -58.64567 52.20579 -35.06852 -58.64567 52.22905 -39.63672 -58.64567 49.96664 -39.62408 -58.64567 49.94484
2 24 -39.63672 -58.64567 49.96664 -35.06852 -58.64567 52.22905
4 16 -39.62408 -58.64567 49.94484 -39.63672 -58.64567 49.96664 -43.86916 -58.64567 47.12526 -43.85377 -58.64567 47.1053
2 24 -43.86916 -58.64567 47.12526 -39.63672 -58.64567 49.96664
4 16 -43.85377 -58.64567 47.1053 -43.86916 -58.64567 47.12526 -47.69288 -58.64567 43.75389 -47.67501 -58.64567 43.73613
2 24 -47.69288 -58.64567 43.75389 -43.86916 -58.64567 47.12526
4 16 -47.67501 -58.64567 43.73613 -47.69288 -58.64567 43.75389 -51.04199 -58.64567 39.91065 -51.02194 -58.64567 39.89538
2 24 -51.04199 -58.64567 39.91065 -47.69288 -58.64567 43.75389
4 16 -51.02194 -58.64567 39.89538 -51.04199 -58.64567 39.91065 -53.85873 -58.64567 35.66178 -53.83686 -58.64567 35.64926
2 24 -53.85873 -58.64567 35.66178 -51.04199 -58.64567 39.91065
4 16 -53.83686 -58.64567 35.64926 -53.85873 -58.64567 35.66178 -56.09458 -58.64567 31.08051 -56.07126 -58.64567 31.07097
2 24 -56.09458 -58.64567 31.08051 -53.85873 -58.64567 35.66178
4 16 -56.07126 -58.64567 31.07097 -56.09458 -58.64567 31.08051 -57.71098 -58.64567 26.24582 -57.68661 -58.64567 26.23942
2 24 -57.71098 -58.64567 26.24582 -56.09458 -58.64567 31.08051
4 16 -57.68661 -58.64567 26.23942 -57.71098 -58.64567 26.24582 -58.68008 -58.64567 21.24104 -58.65508 -58.64567 21.23789
2 24 -58.68008 -58.64567 21.24104 -57.71098 -58.64567 26.24582
4 16 -58.65508 -58.64567 21.23789 -58.68008 -58.64567 21.24104 -58.98517 -58.64567 16.15244 -58.95998 -58.64567 16.15258
2 24 -58.98517 -58.64567 16.15244 -58.68008 -58.64567 21.24104
4 16 -58.95998 -58.64567 16.15258 -58.98517 -58.64567 16.15244 -58.62099 -58.64567 11.06772 -58.59603 -58.64567 11.07116
2 24 -58.62099 -58.64567 11.06772 -58.98517 -58.64567 16.15244
4 16 -58.59603 -58.64567 11.07116 -58.62099 -58.64567 11.06772 -57.59383 -58.64567 6.07453 -57.56953 -58.64567 6.081216
2 24 -57.59383 -58.64567 6.07453 -58.62099 -58.64567 11.06772
4 16 -57.56953 -58.64567 6.081216 -57.59383 -58.64567 6.07453 -55.92137 -58.64567 1.258942 -55.89816 -58.64567 1.268753
2 24 -55.92137 -58.64567 1.258942 -57.59383 -58.64567 6.07453
4 16 -55.89816 -58.64567 1.268753 -55.92137 -58.64567 1.258942 -53.63246 -58.64567 -3.296042 -53.61074 -58.64567 -3.283275
2 24 -53.63246 -58.64567 -3.296042 -55.92137 -58.64567 1.258942
4 16 -53.61074 -58.64567 -3.283275 -53.63246 -58.64567 -3.296042 -50.76655 -58.64567 -7.511908 -50.74668 -58.64567 -7.496405
2 24 -50.76655 -58.64567 -7.511908 -53.63246 -58.64567 -3.296042
4 16 -50.74668 -58.64567 -7.496405 -50.76655 -58.64567 -7.511908 -47.37303 -58.64567 -11.31599 -47.35537 -58.64567 -11.29802
2 24 -47.37303 -58.64567 -11.31599 -50.76655 -58.64567 -7.511908
4 16 -47.35537 -58.64567 -11.29802 -47.37303 -58.64567 -11.31599 -43.5104 -58.64567 -14.64271 -43.49525 -58.64567 -14.62258
2 24 -43.5104 -58.64567 -14.64271 -47.37303 -58.64567 -11.31599
4 16 -43.49525 -58.64567 -14.62258 -43.5104 -58.64567 -14.64271 -39.24524 -58.64567 -17.43473 -39.23285 -58.64567 -17.41279
2 24 -39.24524 -58.64567 -17.43473 -43.5104 -58.64567 -14.64271
4 16 -39.23285 -58.64567 -17.41279 -39.24524 -58.64567 -17.43473 -38.80993 -58.64567 -17.63347 -38.80146 -58.64567 -17.60973
2 24 -38.80993 -58.64567 -17.63347 -39.24524 -58.64567 -17.43473
2 24 -39.23285 -58.64567 -17.41279 -38.80146 -58.64567 -17.60973
4 16 -38.80146 -58.64567 -17.60973 -38.80993 -58.64567 -17.63347 -38.34711 -58.64567 -17.75508 -38.34281 -58.64567 -17.73025
2 24 -38.34711 -58.64567 -17.75508 -38.80993 -58.64567 -17.63347
2 24 -38.80146 -58.64567 -17.60973 -38.34281 -58.64567 -17.73025
4 16 -38.34281 -58.64567 -17.73025 -38.34711 -58.64567 -17.75508 -37.87033 -58.64567 -17.79602 -37.87033 -58.64567 -17.77082
2 24 -37.87033 -58.64567 -17.79602 -38.34711 -58.64567 -17.75508
2 24 -38.34281 -58.64567 -17.73025 -37.87033 -58.64567 -17.77082
4 16 -37.87033 -58.64567 -17.77082 -37.87033 -58.64567 -17.79602 -37.44119 -58.64567 -17.7629 -37.44506 -58.64567 -17.738
2 24 -37.44119 -58.64567 -17.7629 -37.87033 -58.64567 -17.79602
2 24 -37.87033 -58.64567 -17.77082 -37.44506 -58.64567 -17.738
4 16 -37.44506 -58.64567 -17.738 -37.44119 -58.64567 -17.7629 -37.02222 -58.64567 -17.66433 -37.02986 -58.64567 -17.64032
2 24 -37.02222 -58.64567 -17.66433 -37.44119 -58.64567 -17.7629
2 24 -37.44506 -58.64567 -17.738 -37.02986 -58.64567 -17.64032
4 16 -37.02986 -58.64567 -17.64032 -37.02222 -58.64567 -17.66433 -36.62333 -58.64567 -17.50264 -36.63456 -58.64567 -17.48009
2 24 -36.62333 -58.64567 -17.50264 -37.02222 -58.64567 -17.66433
2 24 -37.02986 -58.64567 -17.64032 -36.63456 -58.64567 -17.48009
4 16 -36.63456 -58.64567 -17.48009 -36.62333 -58.64567 -17.50264 -36.25397 -58.64567 -17.28166 -36.26854 -58.64567 -17.2611
2 24 -36.25397 -58.64567 -17.28166 -36.62333 -58.64567 -17.50264
2 24 -36.63456 -58.64567 -17.48009 -36.26854 -58.64567 -17.2611
4 16 -36.26854 -58.64567 -17.2611 -36.25397 -58.64567 -17.28166 -35.66374 -58.64567 -16.93145 -35.6748 -58.64567 -16.90882
2 24 -35.66374 -58.64567 -16.93145 -36.25397 -58.64567 -17.28166
2 24 -35.6748 -58.64567 -16.90882 -36.26854 -58.64567 -17.2611
4 16 -35.6748 -58.64567 -16.90882 -35.66374 -58.64567 -16.93145 -35.0249 -58.64567 -16.68061 -35.03219 -58.64567 -16.65649
2 24 -35.0249 -58.64567 -16.68061 -35.66374 -58.64567 -16.93145
2 24 -35.03219 -58.64567 -16.65649 -35.6748 -58.64567 -16.90882
4 16 -35.03219 -58.64567 -16.65649 -35.0249 -58.64567 -16.68061 -34.35407 -58.64567 -16.53566 -34.35739 -58.64567 -16.51068
2 24 -34.35407 -58.64567 -16.53566 -35.0249 -58.64567 -16.68061
2 24 -34.35739 -58.64567 -16.51068 -35.03219 -58.64567 -16.65649
4 16 -34.35739 -58.64567 -16.51068 -34.35407 -58.64567 -16.53566 -33.66866 -58.64567 -16.50036 -33.66793 -58.64567 -16.47517
2 24 -33.66866 -58.64567 -16.50036 -34.35407 -58.64567 -16.53566
2 24 -33.66793 -58.64567 -16.47517 -34.35739 -58.64567 -16.51068
4 16 -33.66793 -58.64567 -16.47517 -33.66866 -58.64567 -16.50036 -32.98648 -58.64567 -16.57562 -32.98171 -58.64567 -16.55088
2 24 -32.98648 -58.64567 -16.57562 -33.66866 -58.64567 -16.50036
2 24 -32.98171 -58.64567 -16.55088 -33.66793 -58.64567 -16.47517
4 16 -32.98171 -58.64567 -16.55088 -32.98648 -58.64567 -16.57562 -32.32526 -58.64567 -16.7595 -32.31658 -58.64567 -16.73585
2 24 -32.32526 -58.64567 -16.7595 -32.98648 -58.64567 -16.57562
2 24 -32.31658 -58.64567 -16.73585 -32.98171 -58.64567 -16.55088
4 16 -32.31658 -58.64567 -16.73585 -32.32526 -58.64567 -16.7595 -31.70216 -58.64567 -17.04721 -31.68979 -58.64567 -17.02526
2 24 -31.70216 -58.64567 -17.04721 -32.32526 -58.64567 -16.7595
2 24 -31.68979 -58.64567 -17.02526 -32.31658 -58.64567 -16.73585
4 16 -31.68979 -58.64567 -17.02526 -31.70216 -58.64567 -17.04721 -31.13338 -58.64567 -17.43129 -31.11764 -58.64567 -17.41161
2 24 -31.13338 -58.64567 -17.43129 -31.70216 -58.64567 -17.04721
2 24 -31.11764 -58.64567 -17.41161 -31.68979 -58.64567 -17.02526
4 16 -31.11764 -58.64567 -17.41161 -31.13338 -58.64567 -17.43129 -30.63369 -58.64567 -17.90175 -30.61499 -58.64567 -17.88486
2 24 -30.63369 -58.64567 -17.90175 -31.13338 -58.64567 -17.43129
2 24 -30.61499 -58.64567 -17.88486 -31.11764 -58.64567 -17.41161
4 16 -30.61499 -58.64567 -17.88486 -30.63369 -58.64567 -17.90175 -30.21606 -58.64567 -18.44638 -30.1949 -58.64567 -18.4327
2 24 -30.21606 -58.64567 -18.44638 -30.63369 -58.64567 -17.90175
2 24 -30.1949 -58.64567 -18.4327 -30.61499 -58.64567 -17.88486
4 16 -30.1949 -58.64567 -18.4327 -30.21606 -58.64567 -18.44638 -29.89135 -58.64567 -19.05102 -29.86827 -58.64567 -19.04093
2 24 -29.89135 -58.64567 -19.05102 -30.21606 -58.64567 -18.44638
2 24 -29.86827 -58.64567 -19.04093 -30.1949 -58.64567 -18.4327
3 16 -29.86827 -58.64567 -19.04093 -29.89135 -58.64567 -19.05102 -29.668 -58.64567 -19.69997
2 24 -29.668 -58.64567 -19.69997 -29.89135 -58.64567 -19.05102
3 16 -29.86827 -58.64567 -19.04093 -29.668 -58.64567 -19.69997 -29.49811 -58.64567 -20.11636
2 24 -29.86827 -58.64567 -19.04093 -29.49811 -58.64567 -20.11636
3 16 -29.49811 -58.64567 -20.11636 -29.668 -58.64567 -19.69997 -29.52119 -58.64567 -20.12645
2 24 -29.52119 -58.64567 -20.12645 -29.668 -58.64567 -19.69997
4 16 -29.49811 -58.64567 -20.11636 -29.52119 -58.64567 -20.12645 -29.30774 -58.64567 -20.52379 -29.28658 -58.64567 -20.51011
2 24 -29.30774 -58.64567 -20.52379 -29.52119 -58.64567 -20.12645
2 24 -29.49811 -58.64567 -20.11636 -29.28658 -58.64567 -20.51011
4 16 -29.28658 -58.64567 -20.51011 -29.30774 -58.64567 -20.52379 -29.0332 -58.64567 -20.88165 -29.01451 -58.64567 -20.86475
2 24 -29.0332 -58.64567 -20.88165 -29.30774 -58.64567 -20.52379
2 24 -29.28658 -58.64567 -20.51011 -29.01451 -58.64567 -20.86475
4 16 -29.01451 -58.64567 -20.86475 -29.0332 -58.64567 -20.88165 -28.7047 -58.64567 -21.19072 -28.68897 -58.64567 -21.17104
2 24 -28.7047 -58.64567 -21.19072 -29.0332 -58.64567 -20.88165
2 24 -29.01451 -58.64567 -20.86475 -28.68897 -58.64567 -21.17104
4 16 -28.68897 -58.64567 -21.17104 -28.7047 -58.64567 -21.19072 -28.33079 -58.64567 -21.44297 -28.31843 -58.64567 -21.42101
2 24 -28.33079 -58.64567 -21.44297 -28.7047 -58.64567 -21.19072
2 24 -28.68897 -58.64567 -21.17104 -28.31843 -58.64567 -21.42101
4 16 -28.31843 -58.64567 -21.42101 -28.33079 -58.64567 -21.44297 -27.9212 -58.64567 -21.63184 -27.91253 -58.64567 -21.60818
2 24 -27.9212 -58.64567 -21.63184 -28.33079 -58.64567 -21.44297
2 24 -28.31843 -58.64567 -21.42101 -27.91253 -58.64567 -21.60818
4 16 -27.91253 -58.64567 -21.60818 -27.9212 -58.64567 -21.63184 -27.48658 -58.64567 -21.75241 -27.48182 -58.64567 -21.72767
2 24 -27.48658 -58.64567 -21.75241 -27.9212 -58.64567 -21.63184
2 24 -27.91253 -58.64567 -21.60818 -27.48182 -58.64567 -21.72767
4 16 -27.48182 -58.64567 -21.72767 -27.48658 -58.64567 -21.75241 -23.83861 -58.64567 -22.2755 -23.83622 -58.64567 -22.25042
2 24 -23.83861 -58.64567 -22.2755 -27.48658 -58.64567 -21.75241
2 24 -23.83622 -58.64567 -22.25042 -27.48182 -58.64567 -21.72767
4 16 -23.83622 -58.64567 -22.25042 -23.83861 -58.64567 -22.2755 -20.15748 -58.64567 -22.45039 -20.15748 -58.64567 -22.4252
2 24 -20.15748 -58.64567 -22.45039 -23.83861 -58.64567 -22.2755
2 24 -20.15748 -58.64567 -22.4252 -23.83622 -58.64567 -22.25042
4 16 -20.15748 -58.64567 -22.4252 -20.15748 -58.64567 -22.45039 20.15748 -58.64567 -22.45039 20.15748 -58.64567 -22.4252
2 24 20.15748 -58.64567 -22.45039 -20.15748 -58.64567 -22.45039
4 16 20.15748 -58.64567 -22.4252 20.15748 -58.64567 -22.45039 23.83861 -58.64567 -22.2755 23.83622 -58.64567 -22.25042
2 24 23.83861 -58.64567 -22.2755 20.15748 -58.64567 -22.45039
2 24 23.83622 -58.64567 -22.25042 20.15748 -58.64567 -22.4252
4 16 23.83622 -58.64567 -22.25042 23.83861 -58.64567 -22.2755 27.48658 -58.64567 -21.75241 27.48182 -58.64567 -21.72767
2 24 27.48658 -58.64567 -21.75241 23.83861 -58.64567 -22.2755
2 24 27.48182 -58.64567 -21.72767 23.83622 -58.64567 -22.25042
4 16 27.48182 -58.64567 -21.72767 27.48658 -58.64567 -21.75241 27.9212 -58.64567 -21.63184 27.91253 -58.64567 -21.60818
2 24 27.9212 -58.64567 -21.63184 27.48658 -58.64567 -21.75241
2 24 27.48182 -58.64567 -21.72767 27.91253 -58.64567 -21.60818
4 16 27.91253 -58.64567 -21.60818 27.9212 -58.64567 -21.63184 28.33079 -58.64567 -21.44297 28.31843 -58.64567 -21.42101
2 24 28.33079 -58.64567 -21.44297 27.9212 -58.64567 -21.63184
2 24 27.91253 -58.64567 -21.60818 28.31843 -58.64567 -21.42101
4 16 28.31843 -58.64567 -21.42101 28.33079 -58.64567 -21.44297 28.7047 -58.64567 -21.19072 28.68897 -58.64567 -21.17104
2 24 28.7047 -58.64567 -21.19072 28.33079 -58.64567 -21.44297
2 24 28.31843 -58.64567 -21.42101 28.68897 -58.64567 -21.17104
4 16 28.68897 -58.64567 -21.17104 28.7047 -58.64567 -21.19072 29.0332 -58.64567 -20.88165 29.01451 -58.64567 -20.86475
2 24 29.0332 -58.64567 -20.88165 28.7047 -58.64567 -21.19072
2 24 28.68897 -58.64567 -21.17104 29.01451 -58.64567 -20.86475
4 16 29.01451 -58.64567 -20.86475 29.0332 -58.64567 -20.88165 29.30774 -58.64567 -20.52379 29.28658 -58.64567 -20.51011
2 24 29.30774 -58.64567 -20.52379 29.0332 -58.64567 -20.88165
2 24 29.01451 -58.64567 -20.86475 29.28658 -58.64567 -20.51011
4 16 29.28658 -58.64567 -20.51011 29.30774 -58.64567 -20.52379 29.52119 -58.64567 -20.12645 29.49811 -58.64567 -20.11636
2 24 29.52119 -58.64567 -20.12645 29.30774 -58.64567 -20.52379
2 24 29.28658 -58.64567 -20.51011 29.49811 -58.64567 -20.11636
3 16 29.49811 -58.64567 -20.11636 29.52119 -58.64567 -20.12645 29.86827 -58.64567 -19.04093
2 24 29.49811 -58.64567 -20.11636 29.86827 -58.64567 -19.04093
3 16 29.86827 -58.64567 -19.04093 29.52119 -58.64567 -20.12645 29.668 -58.64567 -19.69997
2 24 29.668 -58.64567 -19.69997 29.52119 -58.64567 -20.12645
3 16 29.86827 -58.64567 -19.04093 29.668 -58.64567 -19.69997 29.89135 -58.64567 -19.05102
2 24 29.89135 -58.64567 -19.05102 29.668 -58.64567 -19.69997
4 16 29.86827 -58.64567 -19.04093 29.89135 -58.64567 -19.05102 30.21606 -58.64567 -18.44638 30.1949 -58.64567 -18.4327
2 24 30.21606 -58.64567 -18.44638 29.89135 -58.64567 -19.05102
2 24 30.1949 -58.64567 -18.4327 29.86827 -58.64567 -19.04093
4 16 30.1949 -58.64567 -18.4327 30.21606 -58.64567 -18.44638 30.63369 -58.64567 -17.90175 30.61499 -58.64567 -17.88486
2 24 30.63369 -58.64567 -17.90175 30.21606 -58.64567 -18.44638
2 24 30.61499 -58.64567 -17.88486 30.1949 -58.64567 -18.4327
4 16 30.61499 -58.64567 -17.88486 30.63369 -58.64567 -17.90175 31.13338 -58.64567 -17.43129 31.11764 -58.64567 -17.41161
2 24 31.13338 -58.64567 -17.43129 30.63369 -58.64567 -17.90175
2 24 31.11764 -58.64567 -17.41161 30.61499 -58.64567 -17.88486
4 16 31.11764 -58.64567 -17.41161 31.13338 -58.64567 -17.43129 31.70216 -58.64567 -17.04721 31.68979 -58.64567 -17.02526
2 24 31.70216 -58.64567 -17.04721 31.13338 -58.64567 -17.43129
2 24 31.68979 -58.64567 -17.02526 31.11764 -58.64567 -17.41161
4 16 31.68979 -58.64567 -17.02526 31.70216 -58.64567 -17.04721 32.32526 -58.64567 -16.7595 32.31658 -58.64567 -16.73585
2 24 32.32526 -58.64567 -16.7595 31.70216 -58.64567 -17.04721
2 24 32.31658 -58.64567 -16.73585 31.68979 -58.64567 -17.02526
4 16 32.31658 -58.64567 -16.73585 32.32526 -58.64567 -16.7595 32.98648 -58.64567 -16.57562 32.98171 -58.64567 -16.55088
2 24 32.98648 -58.64567 -16.57562 32.32526 -58.64567 -16.7595
2 24 32.98171 -58.64567 -16.55088 32.31658 -58.64567 -16.73585
4 16 32.98171 -58.64567 -16.55088 32.98648 -58.64567 -16.57562 33.66866 -58.64567 -16.50036 33.66793 -58.64567 -16.47517
2 24 33.66866 -58.64567 -16.50036 32.98648 -58.64567 -16.57562
2 24 33.66793 -58.64567 -16.47517 32.98171 -58.64567 -16.55088
4 16 33.66793 -58.64567 -16.47517 33.66866 -58.64567 -16.50036 34.35407 -58.64567 -16.53566 34.35739 -58.64567 -16.51068
2 24 34.35407 -58.64567 -16.53566 33.66866 -58.64567 -16.50036
2 24 34.35739 -58.64567 -16.51068 33.66793 -58.64567 -16.47517
4 16 34.35739 -58.64567 -16.51068 34.35407 -58.64567 -16.53566 35.0249 -58.64567 -16.68061 35.03219 -58.64567 -16.65649
2 24 35.0249 -58.64567 -16.68061 34.35407 -58.64567 -16.53566
2 24 35.03219 -58.64567 -16.65649 34.35739 -58.64567 -16.51068
4 16 35.03219 -58.64567 -16.65649 35.0249 -58.64567 -16.68061 35.66374 -58.64567 -16.93145 35.6748 -58.64567 -16.90882
2 24 35.66374 -58.64567 -16.93145 35.0249 -58.64567 -16.68061
2 24 35.6748 -58.64567 -16.90882 35.03219 -58.64567 -16.65649
4 16 35.6748 -58.64567 -16.90882 35.66374 -58.64567 -16.93145 36.25397 -58.64567 -17.28166 36.26854 -58.64567 -17.2611
2 24 36.25397 -58.64567 -17.28166 35.66374 -58.64567 -16.93145
2 24 36.26854 -58.64567 -17.2611 35.6748 -58.64567 -16.90882
4 16 36.26854 -58.64567 -17.2611 36.25397 -58.64567 -17.28166 36.62333 -58.64567 -17.50264 36.63456 -58.64567 -17.48009
2 24 36.62333 -58.64567 -17.50264 36.25397 -58.64567 -17.28166
2 24 36.26854 -58.64567 -17.2611 36.63456 -58.64567 -17.48009
4 16 36.63456 -58.64567 -17.48009 36.62333 -58.64567 -17.50264 37.02222 -58.64567 -17.66433 37.02986 -58.64567 -17.64032
2 24 37.02222 -58.64567 -17.66433 36.62333 -58.64567 -17.50264
2 24 36.63456 -58.64567 -17.48009 37.02986 -58.64567 -17.64032
4 16 37.02986 -58.64567 -17.64032 37.02222 -58.64567 -17.66433 37.44119 -58.64567 -17.7629 37.44506 -58.64567 -17.738
2 24 37.44119 -58.64567 -17.7629 37.02222 -58.64567 -17.66433
2 24 37.02986 -58.64567 -17.64032 37.44506 -58.64567 -17.738
4 16 37.44506 -58.64567 -17.738 37.44119 -58.64567 -17.7629 37.87033 -58.64567 -17.79602 37.87033 -58.64567 -17.77082
2 24 37.87033 -58.64567 -17.79602 37.44119 -58.64567 -17.7629
2 24 37.44506 -58.64567 -17.738 37.87033 -58.64567 -17.77082
4 16 37.87033 -58.64567 -17.77082 37.87033 -58.64567 -17.79602 38.34711 -58.64567 -17.75508 38.34281 -58.64567 -17.73025
2 24 38.34711 -58.64567 -17.75508 37.87033 -58.64567 -17.79602
2 24 37.87033 -58.64567 -17.77082 38.34281 -58.64567 -17.73025
4 16 38.34281 -58.64567 -17.73025 38.34711 -58.64567 -17.75508 38.80993 -58.64567 -17.63347 38.80146 -58.64567 -17.60973
2 24 38.80993 -58.64567 -17.63347 38.34711 -58.64567 -17.75508
2 24 38.34281 -58.64567 -17.73025 38.80146 -58.64567 -17.60973
4 16 38.80146 -58.64567 -17.60973 38.80993 -58.64567 -17.63347 39.24524 -58.64567 -17.43473 39.23285 -58.64567 -17.41279
2 24 39.24524 -58.64567 -17.43473 38.80993 -58.64567 -17.63347
2 24 38.80146 -58.64567 -17.60973 39.23285 -58.64567 -17.41279
4 16 39.23285 -58.64567 -17.41279 39.24524 -58.64567 -17.43473 43.5104 -58.64567 -14.64271 43.49525 -58.64567 -14.62258
2 24 43.5104 -58.64567 -14.64271 39.24524 -58.64567 -17.43473
4 16 43.49525 -58.64567 -14.62258 43.5104 -58.64567 -14.64271 47.37303 -58.64567 -11.31599 47.35537 -58.64567 -11.29802
2 24 47.37303 -58.64567 -11.31599 43.5104 -58.64567 -14.64271
4 16 47.35537 -58.64567 -11.29802 47.37303 -58.64567 -11.31599 50.76655 -58.64567 -7.511908 50.74668 -58.64567 -7.496405
2 24 50.76655 -58.64567 -7.511908 47.37303 -58.64567 -11.31599
4 16 50.74668 -58.64567 -7.496405 50.76655 -58.64567 -7.511908 53.63246 -58.64567 -3.296042 53.61074 -58.64567 -3.283275
2 24 53.63246 -58.64567 -3.296042 50.76655 -58.64567 -7.511908

3 16 -29.49811 -58.64567 -20.11636 -29.49811 -63.68504 -20.11636 -29.64359 -63.68504 -19.69372
4 16 -29.49811 -58.64567 -20.11636 -29.64359 -63.68504 -19.69372 -29.86827 -63.68504 -19.04093 -29.86827 -58.64567 -19.04093

3 16 16.12338 -73.76378 12.99294 14.07288 -73.76378 10.3472 16.77247 -73.76378 12.34385
2 24 16.12338 -73.76378 12.99294 16.77247 -73.76378 12.34385
4 16 16.77247 -73.76378 12.34385 14.07288 -73.76378 10.3472 15.13945 -73.76378 9.434491 17.52441 -73.76378 11.81734
2 24 14.07288 -73.76378 10.3472 15.13945 -73.76378 9.434491
2 24 16.77247 -73.76378 12.34385 17.52441 -73.76378 11.81734
4 16 17.52441 -73.76378 11.81734 15.13945 -73.76378 9.434491 16.34075 -73.76378 8.708214 18.35635 -73.76378 11.4294
2 24 15.13945 -73.76378 9.434491 16.34075 -73.76378 8.708214
2 24 17.52441 -73.76378 11.81734 18.35635 -73.76378 11.4294
4 16 22.79055 -73.76378 11.81734 23.9373 -73.76378 8.68996 25.08502 -73.76378 9.369981 23.54249 -73.76378 12.34385
2 24 23.9373 -73.76378 8.68996 25.08502 -73.76378 9.369981
2 24 22.79055 -73.76378 11.81734 23.54249 -73.76378 12.34385
4 16 23.54249 -73.76378 12.34385 25.08502 -73.76378 9.369981 26.11324 -73.76378 10.21994 24.19158 -73.76378 12.99294
2 24 25.08502 -73.76378 9.369981 26.11324 -73.76378 10.21994
2 24 23.54249 -73.76378 12.34385 24.19158 -73.76378 12.99294
4 16 18.35635 -73.76378 11.4294 16.34075 -73.76378 8.708214 18.73712 -73.76378 7.92959 19.24302 -73.76378 11.19182
2 24 18.35635 -73.76378 11.4294 19.24302 -73.76378 11.19182
4 16 19.24302 -73.76378 11.19182 18.73712 -73.76378 7.92959 20.06593 -73.76378 7.811513 20.15748 -73.76378 11.11181
2 24 18.73712 -73.76378 7.92959 20.06593 -73.76378 7.811513
2 24 19.24302 -73.76378 11.19182 20.15748 -73.76378 11.11181
4 16 20.15748 -73.76378 11.11181 20.06593 -73.76378 7.811513 21.39696 -73.76378 7.901163 21.07194 -73.76378 11.19182
2 24 20.06593 -73.76378 7.811513 21.39696 -73.76378 7.901163
2 24 20.15748 -73.76378 11.11181 21.07194 -73.76378 11.19182
4 16 21.07194 -73.76378 11.19182 21.39696 -73.76378 7.901163 22.69793 -73.76378 8.196364 21.95861 -73.76378 11.4294
2 24 21.39696 -73.76378 7.901163 22.69793 -73.76378 8.196364
2 24 21.07194 -73.76378 11.19182 21.95861 -73.76378 11.4294
4 16 21.95861 -73.76378 11.4294 22.69793 -73.76378 8.196364 23.9373 -73.76378 8.68996 22.79055 -73.76378 11.81734
2 24 22.69793 -73.76378 8.196364 23.9373 -73.76378 8.68996
2 24 21.95861 -73.76378 11.4294 22.79055 -73.76378 11.81734
3 16 24.19158 -73.76378 12.99294 26.11324 -73.76378 10.21994 24.71809 -73.76378 13.74488
2 24 24.19158 -73.76378 12.99294 24.71809 -73.76378 13.74488
4 16 24.71809 -73.76378 13.74488 26.11324 -73.76378 10.21994 27.64713 -73.76378 12.21894 25.10604 -73.76378 14.57683
2 24 24.71809 -73.76378 13.74488 25.10604 -73.76378 14.57683
4 16 25.10604 -73.76378 14.57683 27.64713 -73.76378 12.21894 28.202 -73.76378 13.43211 25.34362 -73.76378 15.4635
2 24 27.64713 -73.76378 12.21894 28.202 -73.76378 13.43211
2 24 25.10604 -73.76378 14.57683 25.34362 -73.76378 15.4635
4 16 25.34362 -73.76378 15.4635 28.202 -73.76378 13.43211 28.5618 -73.76378 14.71672 25.42362 -73.76378 16.37795
2 24 28.202 -73.76378 13.43211 28.5618 -73.76378 14.71672
2 24 25.34362 -73.76378 15.4635 25.42362 -73.76378 16.37795
4 16 25.42362 -73.76378 16.37795 28.5618 -73.76378 14.71672 28.7178 -73.76378 16.04162 25.34362 -73.76378 17.29241
2 24 28.5618 -73.76378 14.71672 28.7178 -73.76378 16.04162
2 24 25.42362 -73.76378 16.37795 25.34362 -73.76378 17.29241
4 16 25.34362 -73.76378 17.29241 28.7178 -73.76378 16.04162 28.66623 -73.76378 17.37466 25.10604 -73.76378 18.17908
2 24 28.7178 -73.76378 16.04162 28.66623 -73.76378 17.37466
2 24 25.34362 -73.76378 17.29241 25.10604 -73.76378 18.17908
4 16 25.10604 -73.76378 18.17908 28.66623 -73.76378 17.37466 28.40833 -73.76378 18.68354 24.71809 -73.76378 19.01102
2 24 28.66623 -73.76378 17.37466 28.40833 -73.76378 18.68354
2 24 25.10604 -73.76378 18.17908 24.71809 -73.76378 19.01102
4 16 24.71809 -73.76378 19.01102 28.40833 -73.76378 18.68354 27.95036 -73.76378 19.93652 24.19158 -73.76378 19.76296
2 24 28.40833 -73.76378 18.68354 27.95036 -73.76378 19.93652
2 24 24.71809 -73.76378 19.01102 24.19158 -73.76378 19.76296
4 16 24.19158 -73.76378 19.76296 27.95036 -73.76378 19.93652 26.57804 -73.76378 22.0497 23.54249 -73.76378 20.41205
2 24 24.19158 -73.76378 19.76296 23.54249 -73.76378 20.41205
4 16 23.54249 -73.76378 20.41205 26.57804 -73.76378 22.0497 25.5296 -73.76378 23.05122 22.79055 -73.76378 20.93856
2 24 26.57804 -73.76378 22.0497 25.5296 -73.76378 23.05122
2 24 23.54249 -73.76378 20.41205 22.79055 -73.76378 20.93856
4 16 22.79055 -73.76378 20.93856 25.5296 -73.76378 23.05122 24.32729 -73.76378 23.8616 21.95861 -73.76378 21.32651
2 24 25.5296 -73.76378 23.05122 24.32729 -73.76378 23.8616
2 24 22.79055 -73.76378 20.93856 21.95861 -73.76378 21.32651
4 16 21.95861 -73.76378 21.32651 24.32729 -73.76378 23.8616 23.00553 -73.76378 24.45761 21.07194 -73.76378 21.56409
2 24 24.32729 -73.76378 23.8616 23.00553 -73.76378 24.45761
2 24 21.95861 -73.76378 21.32651 21.07194 -73.76378 21.56409
4 16 21.07194 -73.76378 21.56409 23.00553 -73.76378 24.45761 21.6022 -73.76378 24.82218 20.15748 -73.76378 21.64409
2 24 23.00553 -73.76378 24.45761 21.6022 -73.76378 24.82218
2 24 21.07194 -73.76378 21.56409 20.15748 -73.76378 21.64409
4 16 20.15748 -73.76378 21.64409 21.6022 -73.76378 24.82218 20.15748 -73.76378 24.94488 19.24302 -73.76378 21.56409
2 24 21.6022 -73.76378 24.82218 20.15748 -73.76378 24.94488
2 24 20.15748 -73.76378 21.64409 19.24302 -73.76378 21.56409
4 16 19.24302 -73.76378 21.56409 20.15748 -73.76378 24.94488 19.40435 -73.76378 24.91171 18.35635 -73.76378 21.32651
2 24 19.40435 -73.76378 24.91171 20.15748 -73.76378 24.94488
2 24 19.24302 -73.76378 21.56409 18.35635 -73.76378 21.32651
4 16 18.35635 -73.76378 21.32651 19.40435 -73.76378 24.91171 16.95428 -73.76378 24.3235 17.52441 -73.76378 20.93856
2 24 18.35635 -73.76378 21.32651 17.52441 -73.76378 20.93856
4 16 17.52441 -73.76378 20.93856 16.95428 -73.76378 24.3235 15.6997 -73.76378 23.69372 16.77247 -73.76378 20.41205
2 24 16.95428 -73.76378 24.3235 15.6997 -73.76378 23.69372
2 24 17.52441 -73.76378 20.93856 16.77247 -73.76378 20.41205
4 16 16.77247 -73.76378 20.41205 15.6997 -73.76378 23.69372 14.56481 -73.76378 22.8675 16.12338 -73.76378 19.76296
2 24 15.6997 -73.76378 23.69372 14.56481 -73.76378 22.8675
2 24 16.77247 -73.76378 20.41205 16.12338 -73.76378 19.76296
4 16 16.12338 -73.76378 19.76296 14.56481 -73.76378 22.8675 13.58008 -73.76378 21.86704 15.59687 -73.76378 19.01102
2 24 14.56481 -73.76378 22.8675 13.58008 -73.76378 21.86704
2 24 16.12338 -73.76378 19.76296 15.59687 -73.76378 19.01102
4 16 15.59687 -73.76378 19.01102 13.58008 -73.76378 21.86704 12.77196 -73.76378 20.71919 15.20893 -73.76378 18.17908
2 24 13.58008 -73.76378 21.86704 12.77196 -73.76378 20.71919
2 24 15.59687 -73.76378 19.01102 15.20893 -73.76378 18.17908
4 16 15.20893 -73.76378 18.17908 12.77196 -73.76378 20.71919 12.16215 -73.76378 19.45478 14.97134 -73.76378 17.29241
2 24 12.77196 -73.76378 20.71919 12.16215 -73.76378 19.45478
2 24 15.20893 -73.76378 18.17908 14.97134 -73.76378 17.29241
4 16 14.97134 -73.76378 17.29241 12.16215 -73.76378 19.45478 11.76701 -73.76378 18.10776 14.89134 -73.76378 16.37795
2 24 12.16215 -73.76378 19.45478 11.76701 -73.76378 18.10776
2 24 14.97134 -73.76378 17.29241 14.89134 -73.76378 16.37795
4 16 14.89134 -73.76378 16.37795 11.76701 -73.76378 18.10776 11.59716 -73.76378 16.71429 14.97134 -73.76378 15.4635
2 24 11.76701 -73.76378 18.10776 11.59716 -73.76378 16.71429
2 24 14.89134 -73.76378 16.37795 14.97134 -73.76378 15.4635
4 16 14.97134 -73.76378 15.4635 11.59716 -73.76378 16.71429 11.65715 -73.76378 15.31179 15.20893 -73.76378 14.57683
2 24 11.59716 -73.76378 16.71429 11.65715 -73.76378 15.31179
2 24 14.97134 -73.76378 15.4635 15.20893 -73.76378 14.57683
4 16 15.20893 -73.76378 14.57683 11.65715 -73.76378 15.31179 11.94539 -73.76378 13.93791 15.59687 -73.76378 13.74488
2 24 11.65715 -73.76378 15.31179 11.94539 -73.76378 13.93791
2 24 15.20893 -73.76378 14.57683 15.59687 -73.76378 13.74488
4 16 15.59687 -73.76378 13.74488 11.94539 -73.76378 13.93791 12.45412 -73.76378 12.62955 16.12338 -73.76378 12.99294
2 24 11.94539 -73.76378 13.93791 12.45412 -73.76378 12.62955
2 24 15.59687 -73.76378 13.74488 16.12338 -73.76378 12.99294
4 16 16.12338 -73.76378 12.99294 12.45412 -73.76378 12.62955 13.16969 -73.76378 11.42184 14.07288 -73.76378 10.3472
2 24 12.45412 -73.76378 12.62955 13.16969 -73.76378 11.42184
2 24 13.16969 -73.76378 11.42184 14.07288 -73.76378 10.3472

4 16 -16.34075 -73.76378 8.708214 -15.13945 -73.76378 9.434491 -16.77247 -73.76378 12.34385 -17.52441 -73.76378 11.81734
2 24 -16.34075 -73.76378 8.708214 -15.13945 -73.76378 9.434491
2 24 -17.52441 -73.76378 11.81734 -16.77247 -73.76378 12.34385
4 16 -16.77247 -73.76378 12.34385 -15.13945 -73.76378 9.434491 -14.07288 -73.76378 10.3472 -16.12338 -73.76378 12.99294
2 24 -15.13945 -73.76378 9.434491 -14.07288 -73.76378 10.3472
2 24 -16.77247 -73.76378 12.34385 -16.12338 -73.76378 12.99294
4 16 -16.12338 -73.76378 12.99294 -14.07288 -73.76378 10.3472 -13.16969 -73.76378 11.42184 -15.59687 -73.76378 13.74488
2 24 -14.07288 -73.76378 10.3472 -13.16969 -73.76378 11.42184
2 24 -16.12338 -73.76378 12.99294 -15.59687 -73.76378 13.74488
4 16 -15.59687 -73.76378 13.74488 -13.16969 -73.76378 11.42184 -12.45412 -73.76378 12.62955 -15.20893 -73.76378 14.57683
2 24 -13.16969 -73.76378 11.42184 -12.45412 -73.76378 12.62955
2 24 -15.59687 -73.76378 13.74488 -15.20893 -73.76378 14.57683
4 16 -15.20893 -73.76378 14.57683 -12.45412 -73.76378 12.62955 -11.94539 -73.76378 13.93791 -14.97134 -73.76378 15.4635
2 24 -12.45412 -73.76378 12.62955 -11.94539 -73.76378 13.93791
2 24 -15.20893 -73.76378 14.57683 -14.97134 -73.76378 15.4635
4 16 -14.97134 -73.76378 15.4635 -11.94539 -73.76378 13.93791 -11.65715 -73.76378 15.31179 -14.89134 -73.76378 16.37795
2 24 -11.94539 -73.76378 13.93791 -11.65715 -73.76378 15.31179
2 24 -14.97134 -73.76378 15.4635 -14.89134 -73.76378 16.37795
4 16 -14.89134 -73.76378 16.37795 -11.65715 -73.76378 15.31179 -11.59716 -73.76378 16.71429 -14.97134 -73.76378 17.29241
2 24 -11.65715 -73.76378 15.31179 -11.59716 -73.76378 16.71429
2 24 -14.89134 -73.76378 16.37795 -14.97134 -73.76378 17.29241
4 16 -14.97134 -73.76378 17.29241 -11.59716 -73.76378 16.71429 -11.76701 -73.76378 18.10776 -15.20893 -73.76378 18.17908
2 24 -11.59716 -73.76378 16.71429 -11.76701 -73.76378 18.10776
2 24 -14.97134 -73.76378 17.29241 -15.20893 -73.76378 18.17908
4 16 -15.20893 -73.76378 18.17908 -11.76701 -73.76378 18.10776 -12.16215 -73.76378 19.45478 -15.59687 -73.76378 19.01102
2 24 -11.76701 -73.76378 18.10776 -12.16215 -73.76378 19.45478
2 24 -15.20893 -73.76378 18.17908 -15.59687 -73.76378 19.01102
4 16 -15.59687 -73.76378 19.01102 -12.16215 -73.76378 19.45478 -12.77196 -73.76378 20.71919 -16.12338 -73.76378 19.76296
2 24 -12.16215 -73.76378 19.45478 -12.77196 -73.76378 20.71919
2 24 -15.59687 -73.76378 19.01102 -16.12338 -73.76378 19.76296
4 16 -16.12338 -73.76378 19.76296 -12.77196 -73.76378 20.71919 -13.58008 -73.76378 21.86704 -16.77247 -73.76378 20.41205
2 24 -12.77196 -73.76378 20.71919 -13.58008 -73.76378 21.86704
2 24 -16.12338 -73.76378 19.76296 -16.77247 -73.76378 20.41205
4 16 -16.77247 -73.76378 20.41205 -13.58008 -73.76378 21.86704 -14.56481 -73.76378 22.8675 -17.52441 -73.76378 20.93856
2 24 -13.58008 -73.76378 21.86704 -14.56481 -73.76378 22.8675
2 24 -16.77247 -73.76378 20.41205 -17.52441 -73.76378 20.93856
4 16 -17.52441 -73.76378 20.93856 -14.56481 -73.76378 22.8675 -15.6997 -73.76378 23.69372 -18.35635 -73.76378 21.32651
2 24 -14.56481 -73.76378 22.8675 -15.6997 -73.76378 23.69372
2 24 -17.52441 -73.76378 20.93856 -18.35635 -73.76378 21.32651
4 16 -18.35635 -73.76378 21.32651 -15.6997 -73.76378 23.69372 -16.95428 -73.76378 24.3235 -19.24302 -73.76378 21.56409
2 24 -15.6997 -73.76378 23.69372 -16.95428 -73.76378 24.3235
2 24 -18.35635 -73.76378 21.32651 -19.24302 -73.76378 21.56409
4 16 -19.24302 -73.76378 21.56409 -16.95428 -73.76378 24.3235 -19.40435 -73.76378 24.91171 -20.15748 -73.76378 21.64409
2 24 -19.24302 -73.76378 21.56409 -20.15748 -73.76378 21.64409
4 16 -20.15748 -73.76378 21.64409 -19.40435 -73.76378 24.91171 -20.15748 -73.76378 24.94488 -21.07194 -73.76378 21.56409
2 24 -19.40435 -73.76378 24.91171 -20.15748 -73.76378 24.94488
2 24 -20.15748 -73.76378 21.64409 -21.07194 -73.76378 21.56409
4 16 -21.07194 -73.76378 21.56409 -20.15748 -73.76378 24.94488 -21.6022 -73.76378 24.82218 -21.95861 -73.76378 21.32651
2 24 -20.15748 -73.76378 24.94488 -21.6022 -73.76378 24.82218
2 24 -21.07194 -73.76378 21.56409 -21.95861 -73.76378 21.32651
4 16 -21.95861 -73.76378 21.32651 -21.6022 -73.76378 24.82218 -23.00553 -73.76378 24.45761 -22.79055 -73.76378 20.93856
2 24 -21.6022 -73.76378 24.82218 -23.00553 -73.76378 24.45761
2 24 -21.95861 -73.76378 21.32651 -22.79055 -73.76378 20.93856
4 16 -22.79055 -73.76378 20.93856 -23.00553 -73.76378 24.45761 -24.32729 -73.76378 23.8616 -23.54249 -73.76378 20.41205
2 24 -23.00553 -73.76378 24.45761 -24.32729 -73.76378 23.8616
2 24 -22.79055 -73.76378 20.93856 -23.54249 -73.76378 20.41205
4 16 -23.54249 -73.76378 20.41205 -24.32729 -73.76378 23.8616 -25.5296 -73.76378 23.05122 -24.19158 -73.76378 19.76296
2 24 -24.32729 -73.76378 23.8616 -25.5296 -73.76378 23.05122
2 24 -23.54249 -73.76378 20.41205 -24.19158 -73.76378 19.76296
4 16 -24.19158 -73.76378 19.76296 -25.5296 -73.76378 23.05122 -26.57804 -73.76378 22.0497 -24.71809 -73.76378 19.01102
2 24 -25.5296 -73.76378 23.05122 -26.57804 -73.76378 22.0497
2 24 -24.19158 -73.76378 19.76296 -24.71809 -73.76378 19.01102
4 16 -24.71809 -73.76378 19.01102 -26.57804 -73.76378 22.0497 -27.95036 -73.76378 19.93652 -25.10604 -73.76378 18.17908
2 24 -24.71809 -73.76378 19.01102 -25.10604 -73.76378 18.17908
4 16 -25.10604 -73.76378 18.17908 -27.95036 -73.76378 19.93652 -28.40833 -73.76378 18.68354 -25.34362 -73.76378 17.29241
2 24 -28.40833 -73.76378 18.68354 -27.95036 -73.76378 19.93652
2 24 -25.10604 -73.76378 18.17908 -25.34362 -73.76378 17.29241
4 16 -25.34362 -73.76378 17.29241 -28.40833 -73.76378 18.68354 -28.66623 -73.76378 17.37466 -25.42362 -73.76378 16.37795
2 24 -28.66623 -73.76378 17.37466 -28.40833 -73.76378 18.68354
2 24 -25.34362 -73.76378 17.29241 -25.42362 -73.76378 16.37795
4 16 -25.42362 -73.76378 16.37795 -28.66623 -73.76378 17.37466 -28.7178 -73.76378 16.04162 -25.34362 -73.76378 15.4635
2 24 -28.7178 -73.76378 16.04162 -28.66623 -73.76378 17.37466
2 24 -25.42362 -73.76378 16.37795 -25.34362 -73.76378 15.4635
4 16 -25.34362 -73.76378 15.4635 -28.7178 -73.76378 16.04162 -28.5618 -73.76378 14.71672 -25.10604 -73.76378 14.57683
2 24 -28.5618 -73.76378 14.71672 -28.7178 -73.76378 16.04162
2 24 -25.34362 -73.76378 15.4635 -25.10604 -73.76378 14.57683
4 16 -25.10604 -73.76378 14.57683 -28.5618 -73.76378 14.71672 -28.202 -73.76378 13.43211 -24.71809 -73.76378 13.74488
2 24 -28.202 -73.76378 13.43211 -28.5618 -73.76378 14.71672
2 24 -25.10604 -73.76378 14.57683 -24.71809 -73.76378 13.74488
4 16 -24.71809 -73.76378 13.74488 -28.202 -73.76378 13.43211 -27.64713 -73.76378 12.21894 -24.19158 -73.76378 12.99294
2 24 -27.64713 -73.76378 12.21894 -28.202 -73.76378 13.43211
2 24 -24.71809 -73.76378 13.74488 -24.19158 -73.76378 12.99294
4 16 -24.19158 -73.76378 12.99294 -27.64713 -73.76378 12.21894 -26.11324 -73.76378 10.21994 -23.54249 -73.76378 12.34385
2 24 -24.19158 -73.76378 12.99294 -23.54249 -73.76378 12.34385
4 16 -23.54249 -73.76378 12.34385 -26.11324 -73.76378 10.21994 -25.08502 -73.76378 9.369981 -22.79055 -73.76378 11.81734
2 24 -26.11324 -73.76378 10.21994 -25.08502 -73.76378 9.369981
2 24 -23.54249 -73.76378 12.34385 -22.79055 -73.76378 11.81734
4 16 -22.79055 -73.76378 11.81734 -25.08502 -73.76378 9.369981 -23.9373 -73.76378 8.68996 -21.95861 -73.76378 11.4294
2 24 -25.08502 -73.76378 9.369981 -23.9373 -73.76378 8.68996
2 24 -22.79055 -73.76378 11.81734 -21.95861 -73.76378 11.4294
4 16 -21.95861 -73.76378 11.4294 -23.9373 -73.76378 8.68996 -22.69793 -73.76378 8.196364 -21.07194 -73.76378 11.19182
2 24 -23.9373 -73.76378 8.68996 -22.69793 -73.76378 8.196364
2 24 -21.95861 -73.76378 11.4294 -21.07194 -73.76378 11.19182
4 16 -21.07194 -73.76378 11.19182 -22.69793 -73.76378 8.196364 -21.39696 -73.76378 7.901163 -20.15748 -73.76378 11.11181
2 24 -22.69793 -73.76378 8.196364 -21.39696 -73.76378 7.901163
2 24 -21.07194 -73.76378 11.19182 -20.15748 -73.76378 11.11181
4 16 -20.15748 -73.76378 11.11181 -21.39696 -73.76378 7.901163 -20.06593 -73.76378 7.811513 -19.24302 -73.76378 11.19182
2 24 -21.39696 -73.76378 7.901163 -20.06593 -73.76378 7.811513
2 24 -20.15748 -73.76378 11.11181 -19.24302 -73.76378 11.19182
4 16 -19.24302 -73.76378 11.19182 -20.06593 -73.76378 7.811513 -18.73712 -73.76378 7.92959 -18.35635 -73.76378 11.4294
2 24 -20.06593 -73.76378 7.811513 -18.73712 -73.76378 7.92959
2 24 -19.24302 -73.76378 11.19182 -18.35635 -73.76378 11.4294
4 16 -18.35635 -73.76378 11.4294 -18.73712 -73.76378 7.92959 -16.34075 -73.76378 8.708214 -17.52441 -73.76378 11.81734
2 24 -18.35635 -73.76378 11.4294 -17.52441 -73.76378 11.81734

4 16 -27.52933 -55.62204 0.388999 -26.91781 -55.62204 0.699866 -28.33407 -55.62204 5.979272 -29.83759 -55.62204 7.36215
2 24 -26.91781 -55.62204 0.699866 -27.52933 -55.62204 0.388999
2 24 -28.33407 -55.62204 5.979272 -29.83759 -55.62204 7.36215
4 16 -28.37734 -55.62204 -9.43132 -27.59985 -55.62204 -6.529707 -28.14244 -55.62204 -6.109961 -31.90722 -55.62204 -8.027544
2 24 -27.59985 -55.62204 -6.529707 -28.37734 -55.62204 -9.43132
2 24 -28.14244 -55.62204 -6.109961 -27.59985 -55.62204 -6.529707
2 24 -31.90722 -55.62204 -8.027544 -28.37734 -55.62204 -9.43132
4 16 -25.58322 -55.62204 0.9964932 -24.78258 -55.62204 3.984503 -26.63556 -55.62204 4.844368 -26.26298 -55.62204 0.9042766
2 24 -24.78258 -55.62204 3.984503 -25.58322 -55.62204 0.9964932
2 24 -24.78258 -55.62204 3.984503 -26.63556 -55.62204 4.844368
2 24 -25.58322 -55.62204 0.9964932 -26.26298 -55.62204 0.9042766
4 16 -26.26298 -55.62204 0.9042766 -26.63556 -55.62204 4.844368 -28.33407 -55.62204 5.979272 -26.91781 -55.62204 0.699866
2 24 -26.63556 -55.62204 4.844368 -28.33407 -55.62204 5.979272
2 24 -26.26298 -55.62204 0.9042766 -26.91781 -55.62204 0.699866
4 16 -38.20879 -55.62204 -3.81697 -29.4184 -55.62204 -3.735074 -29.4689 -55.62204 -3.050942 -40.85654 -55.62204 -1.092988
2 24 -29.4689 -55.62204 -3.050942 -29.4184 -55.62204 -3.735074
2 24 -40.85654 -55.62204 -1.092988 -38.20879 -55.62204 -3.81697
3 16 -40.85654 -55.62204 -1.092988 -29.4689 -55.62204 -3.050942 -29.40447 -55.62204 -2.367981
2 24 -29.40447 -55.62204 -2.367981 -29.4689 -55.62204 -3.050942
3 16 -40.85654 -55.62204 -1.092988 -29.40447 -55.62204 -2.367981 -29.22692 -55.62204 -1.705362
2 24 -29.22692 -55.62204 -1.705362 -29.40447 -55.62204 -2.367981
3 16 -28.14244 -55.62204 -6.109961 -28.61 -55.62 -5.61 -31.90722 -55.62204 -8.027544
2 24 -28.61 -55.62 -5.61 -28.14244 -55.62204 -6.109961
3 16 -31.90722 -55.62204 -8.027544 -28.61 -55.62 -5.61 -28.98149 -55.62204 -5.030546
2 24 -28.98149 -55.62204 -5.030546 -28.61 -55.62 -5.61
4 16 -31.90722 -55.62204 -8.027544 -28.98149 -55.62204 -5.030546 -29.2544 -55.62204 -4.401175 -35.206 -55.62204 -6.143744
2 24 -29.2544 -55.62204 -4.401175 -28.98149 -55.62204 -5.030546
2 24 -35.206 -55.62204 -6.143744 -31.90722 -55.62204 -8.027544
4 16 -35.206 -55.62204 -6.143744 -29.2544 -55.62204 -4.401175 -29.4184 -55.62204 -3.735074 -38.20879 -55.62204 -3.81697
2 24 -29.4184 -55.62204 -3.735074 -29.2544 -55.62204 -4.401175
2 24 -38.20879 -55.62204 -3.81697 -35.206 -55.62204 -6.143744
3 16 -29.22692 -55.62204 -1.705362 -28.94123 -55.62204 -1.081685 -40.85654 -55.62204 -1.092988
2 24 -28.94123 -55.62204 -1.081685 -29.22692 -55.62204 -1.705362
3 16 -40.85654 -55.62204 -1.092988 -28.94123 -55.62204 -1.081685 -28.55544 -55.62204 -0.5144564
2 24 -28.55544 -55.62204 -0.5144564 -28.94123 -55.62204 -1.081685
4 16 -40.85654 -55.62204 -1.092988 -28.55544 -55.62204 -0.5144564 -28.08036 -55.62204 -0.01959818 -29.83759 -55.62204 7.36215
2 24 -28.08036 -55.62204 -0.01959818 -28.55544 -55.62204 -0.5144564
3 16 -29.83759 -55.62204 7.36215 -28.08036 -55.62204 -0.01959818 -27.52933 -55.62204 0.388999
2 24 -27.52933 -55.62204 0.388999 -28.08036 -55.62204 -0.01959818

4 16 -25.16603 -55.62204 -7.181849 -25.92121 -55.62204 -10.00022 -25.37462 -55.62204 -10.02181 -24.48626 -55.62204 -7.089633
2 24 -25.92121 -55.62204 -10.00022 -25.16603 -55.62204 -7.181849
2 24 -25.37462 -55.62204 -10.02181 -25.92121 -55.62204 -10.00022
2 24 -25.16603 -55.62204 -7.181849 -24.48626 -55.62204 -7.089633
4 16 -22.39421 -55.62204 3.162722 -23.14939 -55.62204 0.3443507 -22.6068 -55.62204 -0.07539464 -21.38702 -55.62204 2.574064
2 24 -23.14939 -55.62204 0.3443507 -22.39421 -55.62204 3.162722
2 24 -22.6068 -55.62204 -0.07539464 -23.14939 -55.62204 0.3443507
2 24 -21.38702 -55.62204 2.574064 -22.39421 -55.62204 3.162722
4 16 -24.48626 -55.62204 -7.089633 -25.37462 -55.62204 -10.02181 -24.21217 -55.62204 -9.923608 -23.83143 -55.62204 -6.885222
2 24 -25.37462 -55.62204 -10.02181 -24.21217 -55.62204 -9.923608
2 24 -24.48626 -55.62204 -7.089633 -23.83143 -55.62204 -6.885222
4 16 -23.83143 -55.62204 -6.885222 -24.21217 -55.62204 -9.923608 -23.08267 -55.62204 -9.63178 -23.21991 -55.62204 -6.574355
2 24 -24.21217 -55.62204 -9.923608 -23.08267 -55.62204 -9.63178
2 24 -23.83143 -55.62204 -6.885222 -23.21991 -55.62204 -6.574355
4 16 -23.21991 -55.62204 -6.574355 -23.08267 -55.62204 -9.63178 -22.01813 -55.62204 -9.154599 -22.66888 -55.62204 -6.165758
2 24 -23.08267 -55.62204 -9.63178 -22.01813 -55.62204 -9.154599
2 24 -23.21991 -55.62204 -6.574355 -22.66888 -55.62204 -6.165758
4 16 -22.66888 -55.62204 -6.165758 -22.01813 -55.62204 -9.154599 -21.04874 -55.62204 -8.505592 -22.1938 -55.62204 -5.6709
2 24 -22.01813 -55.62204 -9.154599 -21.04874 -55.62204 -8.505592
2 24 -22.66888 -55.62204 -6.165758 -22.1938 -55.62204 -5.6709
4 16 -22.1938 -55.62204 -5.6709 -21.04874 -55.62204 -8.505592 -20.20196 -55.62204 -7.703155 -21.80801 -55.62204 -5.103671
2 24 -21.04874 -55.62204 -8.505592 -20.20196 -55.62204 -7.703155
2 24 -22.1938 -55.62204 -5.6709 -21.80801 -55.62204 -5.103671
4 16 -21.80801 -55.62204 -5.103671 -20.20196 -55.62204 -7.703155 -19.50181 -55.62204 -6.770032 -21.52232 -55.62204 -4.479994
2 24 -20.20196 -55.62204 -7.703155 -19.50181 -55.62204 -6.770032
2 24 -21.80801 -55.62204 -5.103671 -21.52232 -55.62204 -4.479994
4 16 -21.52232 -55.62204 -4.479994 -19.50181 -55.62204 -6.770032 -18.96811 -55.62204 -5.732675 -21.34478 -55.62204 -3.817375
2 24 -19.50181 -55.62204 -6.770032 -18.96811 -55.62204 -5.732675
2 24 -21.52232 -55.62204 -4.479994 -21.34478 -55.62204 -3.817375
4 16 -21.34478 -55.62204 -3.817375 -18.96811 -55.62204 -5.732675 -18.61602 -55.62204 -4.620486 -21.28034 -55.62204 -3.134414
2 24 -18.96811 -55.62204 -5.732675 -18.61602 -55.62204 -4.620486
2 24 -21.34478 -55.62204 -3.817375 -21.28034 -55.62204 -3.134414
4 16 -21.28034 -55.62204 -3.134414 -18.61602 -55.62204 -4.620486 -18.4555 -55.62204 -3.464991 -21.33084 -55.62204 -2.450282
2 24 -18.61602 -55.62204 -4.620486 -18.4555 -55.62204 -3.464991
2 24 -21.28034 -55.62204 -3.134414 -21.33084 -55.62204 -2.450282
4 16 -21.33084 -55.62204 -2.450282 -18.4555 -55.62204 -3.464991 -18.4911 -55.62204 -2.298942 -21.49484 -55.62204 -1.784181
2 24 -18.4555 -55.62204 -3.464991 -18.4911 -55.62204 -2.298942
2 24 -21.33084 -55.62204 -2.450282 -21.49484 -55.62204 -1.784181
4 16 -21.49484 -55.62204 -1.784181 -18.4911 -55.62204 -2.298942 -18.72182 -55.62204 -1.155393 -21.76775 -55.62204 -1.15481
2 24 -18.4911 -55.62204 -2.298942 -18.72182 -55.62204 -1.155393
2 24 -21.49484 -55.62204 -1.784181 -21.76775 -55.62204 -1.15481
4 16 -21.76775 -55.62204 -1.15481 -18.72182 -55.62204 -1.155393 -19.14111 -55.62204 -0.06675559 -22.1419 -55.62204 -0.5798348
2 24 -18.72182 -55.62204 -1.155393 -19.14111 -55.62204 -0.06675559
2 24 -21.76775 -55.62204 -1.15481 -22.1419 -55.62204 -0.5798348
4 16 -22.1419 -55.62204 -0.5798348 -19.14111 -55.62204 -0.06675559 -19.73709 -55.62204 0.9361109 -22.6068 -55.62204 -0.07539464
2 24 -19.14111 -55.62204 -0.06675559 -19.73709 -55.62204 0.9361109
2 24 -22.1419 -55.62204 -0.5798348 -22.6068 -55.62204 -0.07539464
4 16 -22.6068 -55.62204 -0.07539464 -19.73709 -55.62204 0.9361109 -20.49287 -55.62204 1.82478 -21.38702 -55.62204 2.574064
2 24 -19.73709 -55.62204 0.9361109 -20.49287 -55.62204 1.82478
2 24 -20.49287 -55.62204 1.82478 -21.38702 -55.62204 2.574064

3 16 -44.21081 -55.62204 15.11811 -47.21478 -55.62204 15.11811 -43.96544 -55.62204 14.52354
2 24 -47.21478 -55.62204 15.11811 -44.21081 -55.62204 15.11811
2 24 -44.21081 -55.62204 15.11811 -43.96544 -55.62204 14.52354
4 16 -43.96544 -55.62204 14.52354 -47.21478 -55.62204 15.11811 -46.77244 -55.62204 11.34518 -43.62998 -55.62204 13.97473
2 24 -47.21478 -55.62204 15.11811 -46.77244 -55.62204 11.34518
2 24 -43.96544 -55.62204 14.52354 -43.62998 -55.62204 13.97473
4 16 -33.3257 -55.62204 15.11811 -36.41911 -55.62204 15.11811 -36.66448 -55.62204 14.52354 -32.97472 -55.62204 13.10571
2 24 -36.41911 -55.62204 15.11811 -33.3257 -55.62204 15.11811
2 24 -36.66448 -55.62204 14.52354 -36.41911 -55.62204 15.11811
2 24 -32.97472 -55.62204 13.10571 -33.3257 -55.62204 15.11811
4 16 -32.97472 -55.62204 13.10571 -36.66448 -55.62204 14.52354 -36.99994 -55.62204 13.97473 -32.31809 -55.62204 11.17135
2 24 -36.99994 -55.62204 13.97473 -36.66448 -55.62204 14.52354
2 24 -32.31809 -55.62204 11.17135 -32.97472 -55.62204 13.10571
4 16 -32.31809 -55.62204 11.17135 -36.99994 -55.62204 13.97473 -37.4172 -55.62204 13.48523 -31.37147 -55.62204 9.36115
2 24 -37.4172 -55.62204 13.48523 -36.99994 -55.62204 13.97473
2 24 -31.37147 -55.62204 9.36115 -32.31809 -55.62204 11.17135
4 16 -45.80661 -55.62204 7.671246 -42.17573 -55.62204 12.73071 -42.72395 -55.62204 13.06712 -46.77244 -55.62204 11.34518
2 24 -42.72395 -55.62204 13.06712 -42.17573 -55.62204 12.73071
2 24 -46.77244 -55.62204 11.34518 -45.80661 -55.62204 7.671246
3 16 -46.77244 -55.62204 11.34518 -42.72395 -55.62204 13.06712 -43.21 -55.62 13.49
2 24 -43.21 -55.62 13.49 -42.72395 -55.62204 13.06712
3 16 -46.77244 -55.62204 11.34518 -43.21 -55.62 13.49 -43.62998 -55.62204 13.97473
2 24 -43.62998 -55.62204 13.97473 -43.21 -55.62 13.49
3 16 -37.4172 -55.62204 13.48523 -37.91 -55.62 13.07 -31.37147 -55.62204 9.36115
2 24 -37.91 -55.62 13.07 -37.4172 -55.62204 13.48523
3 16 -31.37147 -55.62204 9.36115 -37.91 -55.62 13.07 -38.4542 -55.62204 12.73071
2 24 -38.4542 -55.62204 12.73071 -37.91 -55.62 13.07
4 16 -31.37147 -55.62204 9.36115 -38.4542 -55.62204 12.73071 -39.04834 -55.62204 12.4843 -42.39042 -55.62204 0.9060126
2 24 -39.04834 -55.62204 12.4843 -38.4542 -55.62204 12.73071
3 16 -42.39042 -55.62204 0.9060126 -39.04834 -55.62204 12.4843 -39.67374 -55.62204 12.33399
2 24 -39.67374 -55.62204 12.33399 -39.04834 -55.62204 12.4843
3 16 -39.67374 -55.62204 12.33399 -40.31496 -55.62204 12.28346 -42.39042 -55.62204 0.9060126
2 24 -40.31496 -55.62204 12.28346 -39.67374 -55.62204 12.33399
3 16 -42.39042 -55.62204 0.9060126 -40.31496 -55.62204 12.28346 -40.95618 -55.62204 12.33399
2 24 -40.95618 -55.62204 12.33399 -40.31496 -55.62204 12.28346
4 16 -42.39042 -55.62204 0.9060126 -40.95618 -55.62204 12.33399 -41.58158 -55.62204 12.4843 -44.3363 -55.62204 4.168557
2 24 -41.58158 -55.62204 12.4843 -40.95618 -55.62204 12.33399
2 24 -44.3363 -55.62204 4.168557 -42.39042 -55.62204 0.9060126
4 16 -44.3363 -55.62204 4.168557 -41.58158 -55.62204 12.4843 -42.17573 -55.62204 12.73071 -45.80661 -55.62204 7.671246
2 24 -42.17573 -55.62204 12.73071 -41.58158 -55.62204 12.4843
2 24 -45.80661 -55.62204 7.671246 -44.3363 -55.62204 4.168557

3 16 -33.3257 -63.68504 15.11811 -32.97472 -63.68504 13.10571 -27.64713 -63.68504 12.21894
2 24 -33.3257 -63.68504 15.11811 -32.97472 -63.68504 13.10571
3 16 -27.64713 -63.68504 12.21894 -32.97472 -63.68504 13.10571 -32.31809 -63.68504 11.17135
2 24 -32.97472 -63.68504 13.10571 -32.31809 -63.68504 11.17135
3 16 -27.64713 -63.68504 12.21894 -32.31809 -63.68504 11.17135 -31.37147 -63.68504 9.36115
2 24 -32.31809 -63.68504 11.17135 -31.37147 -63.68504 9.36115
4 16 -33.3257 -63.68504 15.11811 -27.64713 -63.68504 12.21894 -28.202 -63.68504 13.43211 -33.3257 -63.68504 17.63779
2 24 -27.64713 -63.68504 12.21894 -28.202 -63.68504 13.43211
3 16 -33.3257 -63.68504 17.63779 -28.202 -63.68504 13.43211 -28.5618 -63.68504 14.71672
2 24 -28.202 -63.68504 13.43211 -28.5618 -63.68504 14.71672
3 16 -28.5618 -63.68504 14.71672 -28.7178 -63.68504 16.04162 -33.3257 -63.68504 17.63779
2 24 -28.5618 -63.68504 14.71672 -28.7178 -63.68504 16.04162
4 16 -33.3257 -63.68504 17.63779 -28.7178 -63.68504 16.04162 -28.66623 -63.68504 17.37466 -33.05598 -63.68504 19.31355
2 24 -28.7178 -63.68504 16.04162 -28.66623 -63.68504 17.37466
2 24 -33.3257 -63.68504 17.63779 -33.05598 -63.68504 19.31355
4 16 -33.05598 -63.68504 19.31355 -28.66623 -63.68504 17.37466 -28.40833 -63.68504 18.68354 -32.57392 -63.68504 20.94098
2 24 -28.66623 -63.68504 17.37466 -28.40833 -63.68504 18.68354
2 24 -33.05598 -63.68504 19.31355 -32.57392 -63.68504 20.94098
4 16 -32.57392 -63.68504 20.94098 -28.40833 -63.68504 18.68354 -27.95036 -63.68504 19.93652 -31.88743 -63.68504 22.49328
2 24 -28.40833 -63.68504 18.68354 -27.95036 -63.68504 19.93652
2 24 -32.57392 -63.68504 20.94098 -31.88743 -63.68504 22.49328
3 16 -36.41911 -63.68504 17.63779 -36.28 -63.69 17.09 -33.3257 -63.68504 17.63779
2 24 -36.28 -63.69 17.09 -36.41911 -63.68504 17.63779
2 24 -36.41911 -63.68504 17.63779 -33.3257 -63.68504 17.63779
3 16 -33.3257 -63.68504 17.63779 -36.28 -63.69 17.09 -36.22047 -63.68504 16.37795
2 24 -36.22047 -63.68504 16.37795 -36.28 -63.69 17.09
4 16 -33.3257 -63.68504 17.63779 -36.22047 -63.68504 16.37795 -36.28268 -63.68504 15.66695 -33.3257 -63.68504 15.11811
2 24 -36.28268 -63.68504 15.66695 -36.22047 -63.68504 16.37795
3 16 -33.3257 -63.68504 15.11811 -36.28268 -63.68504 15.66695 -36.41911 -63.68504 15.11811
2 24 -36.41911 -63.68504 15.11811 -36.28268 -63.68504 15.66695
2 24 -33.3257 -63.68504 15.11811 -36.41911 -63.68504 15.11811

4 16 -46.86612 -55.62204 20.8872 -47.21478 -55.62204 17.63779 -44.21081 -55.62204 17.63779 -43.9458 -55.62204 18.27053
2 24 -46.86612 -55.62204 20.8872 -47.21478 -55.62204 17.63779
2 24 -47.21478 -55.62204 17.63779 -44.21081 -55.62204 17.63779
2 24 -43.9458 -55.62204 18.27053 -44.21081 -55.62204 17.63779
4 16 -36.68412 -55.62204 18.27053 -36.41911 -55.62204 17.63779 -33.3257 -55.62204 17.63779 -33.05598 -55.62204 19.31355
2 24 -36.41911 -55.62204 17.63779 -36.68412 -55.62204 18.27053
2 24 -33.3257 -55.62204 17.63779 -36.41911 -55.62204 17.63779
2 24 -33.05598 -55.62204 19.31355 -33.3257 -55.62204 17.63779
3 16 -40.66 -55.62 20.46 -39.97 -55.62 20.46 -43.5358 -55.62204 30.05782
2 24 -39.97 -55.62 20.46 -40.66 -55.62 20.46
3 16 -43.5358 -55.62204 30.05782 -39.97 -55.62 20.46 -39.2956 -55.62204 20.34352
2 24 -39.2956 -55.62204 20.34352 -39.97 -55.62 20.46
4 16 -43.5358 -55.62204 30.05782 -39.2956 -55.62204 20.34352 -38.64785 -55.62204 20.11768 -31.88743 -55.62204 22.49328
2 24 -38.64785 -55.62204 20.11768 -39.2956 -55.62204 20.34352
3 16 -31.88743 -55.62204 22.49328 -38.64785 -55.62204 20.11768 -38.05 -55.62 19.79
2 24 -38.05 -55.62 19.79 -38.64785 -55.62204 20.11768
4 16 -36.68412 -55.62204 18.27053 -33.05598 -55.62204 19.31355 -32.57392 -55.62204 20.94098 -37.05105 -55.62204 18.85014
2 24 -32.57392 -55.62204 20.94098 -33.05598 -55.62204 19.31355
2 24 -36.68412 -55.62204 18.27053 -37.05105 -55.62204 18.85014
4 16 -37.05105 -55.62204 18.85014 -32.57392 -55.62204 20.94098 -31.88743 -55.62204 22.49328 -37.5096 -55.62204 19.36036
2 24 -31.88743 -55.62204 22.49328 -32.57392 -55.62204 20.94098
2 24 -37.05105 -55.62204 18.85014 -37.5096 -55.62204 19.36036
3 16 -37.5096 -55.62204 19.36036 -31.88743 -55.62204 22.49328 -38.05 -55.62 19.79
2 24 -37.5096 -55.62204 19.36036 -38.05 -55.62 19.79
3 16 -46.86612 -55.62204 20.8872 -43.9458 -55.62204 18.27053 -43.57887 -55.62204 18.85014
2 24 -43.57887 -55.62204 18.85014 -43.9458 -55.62204 18.27053
4 16 -46.86612 -55.62204 20.8872 -43.57887 -55.62204 18.85014 -43.12032 -55.62204 19.36036 -46.12866 -55.62204 24.07097
2 24 -43.12032 -55.62204 19.36036 -43.57887 -55.62204 18.85014
2 24 -46.12866 -55.62204 24.07097 -46.86612 -55.62204 20.8872
3 16 -46.12866 -55.62204 24.07097 -43.12032 -55.62204 19.36036 -42.58303 -55.62204 19.78686
2 24 -42.58303 -55.62204 19.78686 -43.12032 -55.62204 19.36036
4 16 -46.12866 -55.62204 24.07097 -42.58303 -55.62204 19.78686 -41.98207 -55.62204 20.11768 -45.01314 -55.62204 27.14274
2 24 -41.98207 -55.62204 20.11768 -42.58303 -55.62204 19.78686
2 24 -45.01314 -55.62204 27.14274 -46.12866 -55.62204 24.07097
4 16 -45.01314 -55.62204 27.14274 -41.98207 -55.62204 20.11768 -41.33432 -55.62204 20.34352 -43.5358 -55.62204 30.05782
2 24 -41.33432 -55.62204 20.34352 -41.98207 -55.62204 20.11768
2 24 -43.5358 -55.62204 30.05782 -45.01314 -55.62204 27.14274
3 16 -43.5358 -55.62204 30.05782 -41.33432 -55.62204 20.34352 -40.66 -55.62 20.46
2 24 -40.66 -55.62 20.46 -41.33432 -55.62204 20.34352

3 16 -27.59985 -55.62204 39.28561 -28.37734 -55.62204 42.18723 -28.14244 -55.62204 38.86587
2 24 -28.37734 -55.62204 42.18723 -27.59985 -55.62204 39.28561
2 24 -27.59985 -55.62204 39.28561 -28.14244 -55.62204 38.86587
4 16 -28.14244 -55.62204 38.86587 -28.37734 -55.62204 42.18723 -31.60458 -55.62204 40.92686 -28.60733 -55.62204 38.36143
2 24 -28.37734 -55.62204 42.18723 -31.60458 -55.62204 40.92686
2 24 -28.14244 -55.62204 38.86587 -28.60733 -55.62204 38.36143
3 16 -30.51512 -55.62204 24.60647 -27.52933 -55.62204 32.36691 -28.08036 -55.62204 32.7755
2 24 -28.08036 -55.62204 32.7755 -27.52933 -55.62204 32.36691
4 16 -30.51512 -55.62204 24.60647 -28.08036 -55.62204 32.7755 -28.55544 -55.62204 33.27036 -42.16348 -55.62204 32.17101
2 24 -28.55544 -55.62204 33.27036 -28.08036 -55.62204 32.7755
3 16 -42.16348 -55.62204 32.17101 -28.55544 -55.62204 33.27036 -28.94123 -55.62204 33.83759
2 24 -28.94123 -55.62204 33.83759 -28.55544 -55.62204 33.27036
3 16 -24.78258 -55.62204 28.7714 -25.58322 -55.62204 31.75941 -26.41516 -55.62204 28.03259
2 24 -25.58322 -55.62204 31.75941 -24.78258 -55.62204 28.7714
2 24 -26.41516 -55.62204 28.03259 -24.78258 -55.62204 28.7714
4 16 -26.41516 -55.62204 28.03259 -25.58322 -55.62204 31.75941 -26.26298 -55.62204 31.85163 -27.93291 -55.62204 27.07991
2 24 -26.26298 -55.62204 31.85163 -25.58322 -55.62204 31.75941
2 24 -27.93291 -55.62204 27.07991 -26.41516 -55.62204 28.03259
4 16 -27.52933 -55.62204 32.36691 -30.51512 -55.62204 24.60647 -29.30797 -55.62204 25.93084 -26.91781 -55.62204 32.05604
2 24 -30.51512 -55.62204 24.60647 -29.30797 -55.62204 25.93084
2 24 -27.52933 -55.62204 32.36691 -26.91781 -55.62204 32.05604
4 16 -26.91781 -55.62204 32.05604 -29.30797 -55.62204 25.93084 -27.93291 -55.62204 27.07991 -26.26298 -55.62204 31.85163
2 24 -29.30797 -55.62204 25.93084 -27.93291 -55.62204 27.07991
2 24 -26.91781 -55.62204 32.05604 -26.26298 -55.62204 31.85163
4 16 -34.64453 -55.62204 39.26485 -29.2544 -55.62204 37.15708 -28.98149 -55.62204 37.78645 -31.60458 -55.62204 40.92686
2 24 -28.98149 -55.62204 37.78645 -29.2544 -55.62204 37.15708
2 24 -31.60458 -55.62204 40.92686 -34.64453 -55.62204 39.26485
3 16 -31.60458 -55.62204 40.92686 -28.98149 -55.62204 37.78645 -28.60733 -55.62204 38.36143
2 24 -28.60733 -55.62204 38.36143 -28.98149 -55.62204 37.78645
3 16 -28.94123 -55.62204 33.83759 -29.22692 -55.62204 34.46127 -42.16348 -55.62204 32.17101
2 24 -29.22692 -55.62204 34.46127 -28.94123 -55.62204 33.83759
3 16 -42.16348 -55.62204 32.17101 -29.22692 -55.62204 34.46127 -29.40447 -55.62204 35.12388
2 24 -29.40447 -55.62204 35.12388 -29.22692 -55.62204 34.46127
4 16 -42.16348 -55.62204 32.17101 -29.40447 -55.62204 35.12388 -29.4689 -55.62204 35.80685 -39.96753 -55.62204 34.85082
2 24 -29.4689 -55.62204 35.80685 -29.40447 -55.62204 35.12388
2 24 -39.96753 -55.62204 34.85082 -42.16348 -55.62204 32.17101
4 16 -39.96753 -55.62204 34.85082 -29.4689 -55.62204 35.80685 -29.4184 -55.62204 36.49098 -37.44747 -55.62204 37.22839
2 24 -29.4184 -55.62204 36.49098 -29.4689 -55.62204 35.80685
2 24 -37.44747 -55.62204 37.22839 -39.96753 -55.62204 34.85082
4 16 -37.44747 -55.62204 37.22839 -29.4184 -55.62204 36.49098 -29.2544 -55.62204 37.15708 -34.64453 -55.62204 39.26485
2 24 -29.2544 -55.62204 37.15708 -29.4184 -55.62204 36.49098
2 24 -34.64453 -55.62204 39.26485 -37.44747 -55.62204 37.22839

4 16 -25.92121 -55.62204 42.75613 -25.16603 -55.62204 39.93775 -24.48626 -55.62204 39.84554 -24.72058 -55.62204 42.74678
2 24 -25.92121 -55.62204 42.75613 -25.16603 -55.62204 39.93775
2 24 -24.48626 -55.62204 39.84554 -25.16603 -55.62204 39.93775
2 24 -24.72058 -55.62204 42.74678 -25.92121 -55.62204 42.75613
4 16 -18.68159 -55.62204 37.64198 -21.52232 -55.62204 37.2359 -21.34478 -55.62204 36.57328 -18.47248 -55.62204 36.45966
2 24 -21.34478 -55.62204 36.57328 -21.52232 -55.62204 37.2359
2 24 -18.47248 -55.62204 36.45966 -18.68159 -55.62204 37.64198
4 16 -18.47248 -55.62204 36.45966 -21.34478 -55.62204 36.57328 -21.28034 -55.62204 35.89032 -18.47062 -55.62204 35.259
2 24 -21.28034 -55.62204 35.89032 -21.34478 -55.62204 36.57328
2 24 -18.47062 -55.62204 35.259 -18.47248 -55.62204 36.45966
4 16 -18.47062 -55.62204 35.259 -21.28034 -55.62204 35.89032 -21.33084 -55.62204 35.20619 -18.67604 -55.62204 34.07604
2 24 -21.33084 -55.62204 35.20619 -21.28034 -55.62204 35.89032
2 24 -18.67604 -55.62204 34.07604 -18.47062 -55.62204 35.259
4 16 -18.67604 -55.62204 34.07604 -21.33084 -55.62204 35.20619 -21.49484 -55.62204 34.54009 -19.08259 -55.62204 32.9463
2 24 -21.49484 -55.62204 34.54009 -21.33084 -55.62204 35.20619
2 24 -19.08259 -55.62204 32.9463 -18.67604 -55.62204 34.07604
4 16 -19.08259 -55.62204 32.9463 -21.49484 -55.62204 34.54009 -21.76775 -55.62204 33.91071 -19.67806 -55.62204 31.9037
2 24 -21.76775 -55.62204 33.91071 -21.49484 -55.62204 34.54009
2 24 -19.67806 -55.62204 31.9037 -19.08259 -55.62204 32.9463
4 16 -19.67806 -55.62204 31.9037 -21.76775 -55.62204 33.91071 -22.1419 -55.62204 33.33574 -20.44457 -55.62204 30.97955
2 24 -22.1419 -55.62204 33.33574 -21.76775 -55.62204 33.91071
2 24 -20.44457 -55.62204 30.97955 -19.67806 -55.62204 31.9037
4 16 -20.44457 -55.62204 30.97955 -22.1419 -55.62204 33.33574 -22.6068 -55.62204 32.8313 -21.3591 -55.62204 30.20159
2 24 -22.6068 -55.62204 32.8313 -22.1419 -55.62204 33.33574
2 24 -21.3591 -55.62204 30.20159 -20.44457 -55.62204 30.97955
4 16 -21.3591 -55.62204 30.20159 -22.6068 -55.62204 32.8313 -23.14939 -55.62204 32.41155 -22.39421 -55.62204 29.59318
2 24 -23.14939 -55.62204 32.41155 -22.6068 -55.62204 32.8313
2 24 -22.39421 -55.62204 29.59318 -23.14939 -55.62204 32.41155
2 24 -22.39421 -55.62204 29.59318 -21.3591 -55.62204 30.20159
3 16 -21.52232 -55.62204 37.2359 -18.68159 -55.62204 37.64198 -21.80801 -55.62204 37.85958
2 24 -21.52232 -55.62204 37.2359 -21.80801 -55.62204 37.85958
4 16 -21.80801 -55.62204 37.85958 -18.68159 -55.62204 37.64198 -19.09166 -55.62204 38.77044 -22.1938 -55.62204 38.42681
2 24 -18.68159 -55.62204 37.64198 -19.09166 -55.62204 38.77044
2 24 -21.80801 -55.62204 37.85958 -22.1938 -55.62204 38.42681
4 16 -22.1938 -55.62204 38.42681 -19.09166 -55.62204 38.77044 -19.69037 -55.62204 39.81118 -22.66888 -55.62204 38.92166
2 24 -19.09166 -55.62204 38.77044 -19.69037 -55.62204 39.81118
2 24 -22.1938 -55.62204 38.42681 -22.66888 -55.62204 38.92166
4 16 -22.66888 -55.62204 38.92166 -19.69037 -55.62204 39.81118 -20.45975 -55.62204 40.73294 -23.21991 -55.62204 39.33026
2 24 -19.69037 -55.62204 39.81118 -20.45975 -55.62204 40.73294
2 24 -22.66888 -55.62204 38.92166 -23.21991 -55.62204 39.33026
4 16 -23.21991 -55.62204 39.33026 -20.45975 -55.62204 40.73294 -21.3767 -55.62204 41.50805 -23.83143 -55.62204 39.64113
2 24 -20.45975 -55.62204 40.73294 -21.3767 -55.62204 41.50805
2 24 -23.21991 -55.62204 39.33026 -23.83143 -55.62204 39.64113
4 16 -23.83143 -55.62204 39.64113 -21.3767 -55.62204 41.50805 -22.4137 -55.62204 42.11323 -24.48626 -55.62204 39.84554
2 24 -21.3767 -55.62204 41.50805 -22.4137 -55.62204 42.11323
2 24 -23.83143 -55.62204 39.64113 -24.48626 -55.62204 39.84554
4 16 -24.48626 -55.62204 39.84554 -22.4137 -55.62204 42.11323 -23.53959 -55.62204 42.53032 -24.72058 -55.62204 42.74678
2 24 -22.4137 -55.62204 42.11323 -23.53959 -55.62204 42.53032
2 24 -23.53959 -55.62204 42.53032 -24.72058 -55.62204 42.74678

4 16 -57.59383 -58.64567 6.07453 -57.59383 -63.68504 6.07453 -55.92137 -63.68504 1.258942 -55.92137 -58.64567 1.258942
2 24 -55.92137 -63.68504 1.258942 -57.59383 -63.68504 6.07453
4 16 -55.92137 -58.64567 1.258942 -55.92137 -63.68504 1.258942 -53.63246 -63.68504 -3.296042 -53.63246 -58.64567 -3.296042
2 24 -53.63246 -63.68504 -3.296042 -55.92137 -63.68504 1.258942
4 16 -53.63246 -58.64567 -3.296042 -53.63246 -63.68504 -3.296042 -50.76655 -63.68504 -7.511908 -50.76655 -58.64567 -7.511908
2 24 -50.76655 -63.68504 -7.511908 -53.63246 -63.68504 -3.296042
4 16 -50.76655 -58.64567 -7.511908 -50.76655 -63.68504 -7.511908 -47.37303 -63.68504 -11.31599 -47.37303 -58.64567 -11.31599
2 24 -47.37303 -63.68504 -11.31599 -50.76655 -63.68504 -7.511908
4 16 -47.37303 -58.64567 -11.31599 -47.37303 -63.68504 -11.31599 -43.5104 -63.68504 -14.64271 -43.5104 -58.64567 -14.64271
2 24 -43.5104 -63.68504 -14.64271 -47.37303 -63.68504 -11.31599
4 16 -43.5104 -58.64567 -14.64271 -43.5104 -63.68504 -14.64271 -39.24524 -63.68504 -17.43473 -39.24524 -58.64567 -17.43473
2 24 -39.24524 -63.68504 -17.43473 -43.5104 -63.68504 -14.64271

4 16 -53.85873 -58.64567 35.66178 -53.85873 -63.68504 35.66178 -56.09458 -63.68504 31.08051 -56.09458 -58.64567 31.08051
2 24 -56.09458 -63.68504 31.08051 -53.85873 -63.68504 35.66178
4 16 -56.09458 -58.64567 31.08051 -56.09458 -63.68504 31.08051 -57.71098 -63.68504 26.24582 -57.71098 -58.64567 26.24582
2 24 -57.71098 -63.68504 26.24582 -56.09458 -63.68504 31.08051
4 16 -57.71098 -58.64567 26.24582 -57.71098 -63.68504 26.24582 -58.68008 -63.68504 21.24104 -58.68008 -58.64567 21.24104
2 24 -58.68008 -63.68504 21.24104 -57.71098 -63.68504 26.24582
4 16 -58.68008 -58.64567 21.24104 -58.68008 -63.68504 21.24104 -58.98517 -63.68504 16.15244 -58.98517 -58.64567 16.15244
2 24 -58.98517 -63.68504 16.15244 -58.68008 -63.68504 21.24104
4 16 -58.98517 -58.64567 16.15244 -58.98517 -63.68504 16.15244 -58.62099 -63.68504 11.06772 -58.62099 -58.64567 11.06772
2 24 -58.62099 -63.68504 11.06772 -58.98517 -63.68504 16.15244
4 16 -58.62099 -58.64567 11.06772 -58.62099 -63.68504 11.06772 -57.59383 -63.68504 6.07453 -57.59383 -58.64567 6.07453
2 24 -57.59383 -63.68504 6.07453 -58.62099 -63.68504 11.06772

4 16 -47.69288 -58.64567 43.75389 -47.69288 -63.68504 43.75389 -51.04199 -63.68504 39.91065 -51.04199 -58.64567 39.91065
2 24 -51.04199 -63.68504 39.91065 -47.69288 -63.68504 43.75389
4 16 -51.04199 -58.64567 39.91065 -51.04199 -63.68504 39.91065 -53.85873 -63.68504 35.66178 -53.85873 -58.64567 35.66178
2 24 -53.85873 -63.68504 35.66178 -51.04199 -63.68504 39.91065

4 16 -20.15748 -58.64567 55.2063 -20.15748 -63.68504 55.2063 -25.24423 -63.68504 54.87166 -25.24423 -58.64567 54.87166
2 24 -25.24423 -63.68504 54.87166 -20.15748 -63.68504 55.2063
4 16 -25.24423 -58.64567 54.87166 -25.24423 -63.68504 54.87166 -30.2433 -63.68504 53.87351 -30.2433 -58.64567 53.87351
2 24 -30.2433 -63.68504 53.87351 -25.24423 -63.68504 54.87166
4 16 -30.2433 -58.64567 53.87351 -30.2433 -63.68504 53.87351 -35.06852 -63.68504 52.22905 -35.06852 -58.64567 52.22905
2 24 -35.06852 -63.68504 52.22905 -30.2433 -63.68504 53.87351
4 16 -35.06852 -58.64567 52.22905 -35.06852 -63.68504 52.22905 -39.63672 -63.68504 49.96664 -39.63672 -58.64567 49.96664
2 24 -39.63672 -63.68504 49.96664 -35.06852 -63.68504 52.22905
4 16 -39.63672 -58.64567 49.96664 -39.63672 -63.68504 49.96664 -43.86916 -63.68504 47.12526 -43.86916 -58.64567 47.12526
2 24 -43.86916 -63.68504 47.12526 -39.63672 -63.68504 49.96664
4 16 -43.86916 -58.64567 47.12526 -43.86916 -63.68504 47.12526 -47.69288 -63.68504 43.75389 -47.69288 -58.64567 43.75389
2 24 -47.69288 -63.68504 43.75389 -43.86916 -63.68504 47.12526

4 16 35.06852 -58.64567 52.22905 35.06852 -63.68504 52.22905 30.2433 -63.68504 53.87351 30.2433 -58.64567 53.87351
2 24 30.2433 -63.68504 53.87351 35.06852 -63.68504 52.22905
4 16 30.2433 -58.64567 53.87351 30.2433 -63.68504 53.87351 25.24423 -63.68504 54.87166 25.24423 -58.64567 54.87166
2 24 25.24423 -63.68504 54.87166 30.2433 -63.68504 53.87351
4 16 25.24423 -58.64567 54.87166 25.24423 -63.68504 54.87166 20.15748 -63.68504 55.2063 20.15748 -58.64567 55.2063
2 24 20.15748 -63.68504 55.2063 25.24423 -63.68504 54.87166

4 16 43.86916 -58.64567 47.12526 43.86916 -63.68504 47.12526 39.63672 -63.68504 49.96664 39.63672 -58.64567 49.96664
2 24 39.63672 -63.68504 49.96664 43.86916 -63.68504 47.12526
4 16 39.63672 -58.64567 49.96664 39.63672 -63.68504 49.96664 35.06852 -63.68504 52.22905 35.06852 -58.64567 52.22905
2 24 35.06852 -63.68504 52.22905 39.63672 -63.68504 49.96664

4 16 51.04199 -58.64567 39.91065 51.04199 -63.68504 39.91065 47.69288 -63.68504 43.75389 47.69288 -58.64567 43.75389
2 24 47.69288 -63.68504 43.75389 51.04199 -63.68504 39.91065
4 16 47.69288 -58.64567 43.75389 47.69288 -63.68504 43.75389 43.86916 -63.68504 47.12526 43.86916 -58.64567 47.12526
2 24 43.86916 -63.68504 47.12526 47.69288 -63.68504 43.75389

4 16 57.59383 -58.64567 6.07453 57.59383 -63.68504 6.07453 58.62099 -63.68504 11.06772 58.62099 -58.64567 11.06772
2 24 58.62099 -63.68504 11.06772 57.59383 -63.68504 6.07453
4 16 58.62099 -58.64567 11.06772 58.62099 -63.68504 11.06772 58.98517 -63.68504 16.15244 58.98517 -58.64567 16.15244
2 24 58.98517 -63.68504 16.15244 58.62099 -63.68504 11.06772
4 16 58.98517 -58.64567 16.15244 58.98517 -63.68504 16.15244 58.68008 -63.68504 21.24104 58.68008 -58.64567 21.24104
2 24 58.68008 -63.68504 21.24104 58.98517 -63.68504 16.15244
4 16 58.68008 -58.64567 21.24104 58.68008 -63.68504 21.24104 57.71098 -63.68504 26.24582 57.71098 -58.64567 26.24582
2 24 57.71098 -63.68504 26.24582 58.68008 -63.68504 21.24104
4 16 57.71098 -58.64567 26.24582 57.71098 -63.68504 26.24582 56.09458 -63.68504 31.08051 56.09458 -58.64567 31.08051
2 24 56.09458 -63.68504 31.08051 57.71098 -63.68504 26.24582
4 16 56.09458 -58.64567 31.08051 56.09458 -63.68504 31.08051 53.85873 -63.68504 35.66178 53.85873 -58.64567 35.66178
2 24 53.85873 -63.68504 35.66178 56.09458 -63.68504 31.08051
4 16 53.85873 -58.64567 35.66178 53.85873 -63.68504 35.66178 51.04199 -63.68504 39.91065 51.04199 -58.64567 39.91065
2 24 51.04199 -63.68504 39.91065 53.85873 -63.68504 35.66178

4 16 39.24524 -58.64567 -17.43473 39.24524 -63.68504 -17.43473 43.5104 -63.68504 -14.64271 43.5104 -58.64567 -14.64271
2 24 43.5104 -63.68504 -14.64271 39.24524 -63.68504 -17.43473
4 16 43.5104 -58.64567 -14.64271 43.5104 -63.68504 -14.64271 47.37303 -63.68504 -11.31599 47.37303 -58.64567 -11.31599
2 24 47.37303 -63.68504 -11.31599 43.5104 -63.68504 -14.64271
4 16 47.37303 -58.64567 -11.31599 47.37303 -63.68504 -11.31599 50.76655 -63.68504 -7.511908 50.76655 -58.64567 -7.511908
2 24 50.76655 -63.68504 -7.511908 47.37303 -63.68504 -11.31599
4 16 50.76655 -58.64567 -7.511908 50.76655 -63.68504 -7.511908 53.63246 -63.68504 -3.296042 53.63246 -58.64567 -3.296042
2 24 53.63246 -63.68504 -3.296042 50.76655 -63.68504 -7.511908
4 16 53.63246 -58.64567 -3.296042 53.63246 -63.68504 -3.296042 55.92137 -63.68504 1.258942 55.92137 -58.64567 1.258942
2 24 55.92137 -63.68504 1.258942 53.63246 -63.68504 -3.296042
4 16 55.92137 -58.64567 1.258942 55.92137 -63.68504 1.258942 57.59383 -63.68504 6.07453 57.59383 -58.64567 6.07453
2 24 57.59383 -63.68504 6.07453 55.92137 -63.68504 1.258942

4 16 24.28356 -80.06299 -2.462757 22.68507 -80.06299 -1.539866 22.45629 -80.06299 -2.030492 24.19076 -80.06299 -2.661787
2 24 22.68507 -80.06299 -1.539866 22.45629 -80.06299 -2.030492
2 24 24.28356 -80.06299 -2.462757 24.19076 -80.06299 -2.661787
4 16 24.19076 -80.06299 -2.661787 22.45629 -80.06299 -2.030492 22.31618 -80.06299 -2.553392 24.13392 -80.06299 -2.873909
2 24 22.45629 -80.06299 -2.030492 22.31618 -80.06299 -2.553392
2 24 24.19076 -80.06299 -2.661787 24.13392 -80.06299 -2.873909
4 16 24.13392 -80.06299 -2.873909 22.31618 -80.06299 -2.553392 22.269 -80.06299 -3.092678 24.11478 -80.06299 -3.092678
2 24 22.31618 -80.06299 -2.553392 22.269 -80.06299 -3.092678
2 24 24.13392 -80.06299 -2.873909 24.11478 -80.06299 -3.092678
4 16 24.11478 -80.06299 -3.092678 22.269 -80.06299 -3.092678 22.31618 -80.06299 -3.631964 24.13392 -80.06299 -3.311447
2 24 22.269 -80.06299 -3.092678 22.31618 -80.06299 -3.631964
2 24 24.11478 -80.06299 -3.092678 24.13392 -80.06299 -3.311447
4 16 24.13392 -80.06299 -3.311447 22.31618 -80.06299 -3.631964 22.45629 -80.06299 -4.154864 24.19076 -80.06299 -3.52357
2 24 22.31618 -80.06299 -3.631964 22.45629 -80.06299 -4.154864
2 24 24.13392 -80.06299 -3.311447 24.19076 -80.06299 -3.52357
4 16 24.19076 -80.06299 -3.52357 22.45629 -80.06299 -4.154864 22.68507 -80.06299 -4.645491 24.28356 -80.06299 -3.722599
2 24 22.45629 -80.06299 -4.154864 22.68507 -80.06299 -4.645491
2 24 24.19076 -80.06299 -3.52357 24.28356 -80.06299 -3.722599
4 16 24.28356 -80.06299 -3.722599 22.68507 -80.06299 -4.645491 22.99557 -80.06299 -5.088935 24.40953 -80.06299 -3.902489
2 24 22.68507 -80.06299 -4.645491 22.99557 -80.06299 -5.088935
2 24 24.28356 -80.06299 -3.722599 24.40953 -80.06299 -3.902489
4 16 24.40953 -80.06299 -3.902489 22.99557 -80.06299 -5.088935 23.37836 -80.06299 -5.471725 24.56481 -80.06299 -4.057773
2 24 22.99557 -80.06299 -5.088935 23.37836 -80.06299 -5.471725
2 24 24.40953 -80.06299 -3.902489 24.56481 -80.06299 -4.057773
4 16 24.56481 -80.06299 -4.057773 23.37836 -80.06299 -5.471725 23.82181 -80.06299 -5.782228 24.7447 -80.06299 -4.183734
2 24 23.37836 -80.06299 -5.471725 23.82181 -80.06299 -5.782228
2 24 24.56481 -80.06299 -4.057773 24.7447 -80.06299 -4.183734
4 16 24.7447 -80.06299 -4.183734 23.82181 -80.06299 -5.782228 24.31243 -80.06299 -6.011011 24.94373 -80.06299 -4.276543
2 24 23.82181 -80.06299 -5.782228 24.31243 -80.06299 -6.011011
2 24 24.7447 -80.06299 -4.183734 24.94373 -80.06299 -4.276543
4 16 24.94373 -80.06299 -4.276543 24.31243 -80.06299 -6.011011 24.83533 -80.06299 -6.151122 25.15585 -80.06299 -4.333381
2 24 24.31243 -80.06299 -6.011011 24.83533 -80.06299 -6.151122
2 24 24.94373 -80.06299 -4.276543 25.15585 -80.06299 -4.333381
4 16 25.15585 -80.06299 -4.333381 24.83533 -80.06299 -6.151122 25.37462 -80.06299 -6.198303 25.37462 -80.06299 -4.352521
2 24 24.83533 -80.06299 -6.151122 25.37462 -80.06299 -6.198303
2 24 25.15585 -80.06299 -4.333381 25.37462 -80.06299 -4.352521
4 16 25.37462 -80.06299 -4.352521 25.37462 -80.06299 -6.198303 25.91391 -80.06299 -6.151122 25.59339 -80.06299 -4.333381
2 24 25.37462 -80.06299 -6.198303 25.91391 -80.06299 -6.151122
2 24 25.37462 -80.06299 -4.352521 25.59339 -80.06299 -4.333381
4 16 25.59339 -80.06299 -4.333381 25.91391 -80.06299 -6.151122 26.43681 -80.06299 -6.011011 25.80551 -80.06299 -4.276543
2 24 25.91391 -80.06299 -6.151122 26.43681 -80.06299 -6.011011
2 24 25.59339 -80.06299 -4.333381 25.80551 -80.06299 -4.276543
4 16 25.80551 -80.06299 -4.276543 26.43681 -80.06299 -6.011011 26.92743 -80.06299 -5.782228 26.00454 -80.06299 -4.183734
2 24 26.43681 -80.06299 -6.011011 26.92743 -80.06299 -5.782228
2 24 25.80551 -80.06299 -4.276543 26.00454 -80.06299 -4.183734
4 16 26.00454 -80.06299 -4.183734 26.92743 -80.06299 -5.782228 27.37088 -80.06299 -5.471725 26.18443 -80.06299 -4.057773
2 24 26.92743 -80.06299 -5.782228 27.37088 -80.06299 -5.471725
2 24 26.00454 -80.06299 -4.183734 26.18443 -80.06299 -4.057773
4 16 26.18443 -80.06299 -4.057773 27.37088 -80.06299 -5.471725 27.75367 -80.06299 -5.088935 26.33972 -80.06299 -3.902489
2 24 27.37088 -80.06299 -5.471725 27.75367 -80.06299 -5.088935
2 24 26.18443 -80.06299 -4.057773 26.33972 -80.06299 -3.902489
4 16 26.33972 -80.06299 -3.902489 27.75367 -80.06299 -5.088935 28.06417 -80.06299 -4.645491 26.46567 -80.06299 -3.722599
2 24 27.75367 -80.06299 -5.088935 28.06417 -80.06299 -4.645491
2 24 26.33972 -80.06299 -3.902489 26.46567 -80.06299 -3.722599
4 16 26.46567 -80.06299 -3.722599 28.06417 -80.06299 -4.645491 28.29295 -80.06299 -4.154864 26.55848 -80.06299 -3.52357
2 24 28.06417 -80.06299 -4.645491 28.29295 -80.06299 -4.154864
2 24 26.46567 -80.06299 -3.722599 26.55848 -80.06299 -3.52357
4 16 26.55848 -80.06299 -3.52357 28.29295 -80.06299 -4.154864 28.43306 -80.06299 -3.631964 26.61532 -80.06299 -3.311447
2 24 28.29295 -80.06299 -4.154864 28.43306 -80.06299 -3.631964
2 24 26.55848 -80.06299 -3.52357 26.61532 -80.06299 -3.311447
4 16 26.61532 -80.06299 -3.311447 28.43306 -80.06299 -3.631964 28.48024 -80.06299 -3.092678 26.63446 -80.06299 -3.092678
2 24 28.43306 -80.06299 -3.631964 28.48024 -80.06299 -3.092678
2 24 26.61532 -80.06299 -3.311447 26.63446 -80.06299 -3.092678
4 16 26.63446 -80.06299 -3.092678 28.48024 -80.06299 -3.092678 28.43306 -80.06299 -2.553392 26.61532 -80.06299 -2.873909
2 24 28.48024 -80.06299 -3.092678 28.43306 -80.06299 -2.553392
2 24 26.63446 -80.06299 -3.092678 26.61532 -80.06299 -2.873909
4 16 26.61532 -80.06299 -2.873909 28.43306 -80.06299 -2.553392 28.29295 -80.06299 -2.030492 26.55848 -80.06299 -2.661787
2 24 28.43306 -80.06299 -2.553392 28.29295 -80.06299 -2.030492
2 24 26.61532 -80.06299 -2.873909 26.55848 -80.06299 -2.661787
4 16 26.55848 -80.06299 -2.661787 28.29295 -80.06299 -2.030492 28.06417 -80.06299 -1.539866 26.46567 -80.06299 -2.462757
2 24 28.29295 -80.06299 -2.030492 28.06417 -80.06299 -1.539866
2 24 26.55848 -80.06299 -2.661787 26.46567 -80.06299 -2.462757
4 16 26.46567 -80.06299 -2.462757 28.06417 -80.06299 -1.539866 27.75367 -80.06299 -1.096421 26.33972 -80.06299 -2.282867
2 24 28.06417 -80.06299 -1.539866 27.75367 -80.06299 -1.096421
2 24 26.46567 -80.06299 -2.462757 26.33972 -80.06299 -2.282867
4 16 26.33972 -80.06299 -2.282867 27.75367 -80.06299 -1.096421 27.37088 -80.06299 -0.7136313 26.18443 -80.06299 -2.127583
2 24 27.75367 -80.06299 -1.096421 27.37088 -80.06299 -0.7136313
2 24 26.33972 -80.06299 -2.282867 26.18443 -80.06299 -2.127583
4 16 26.18443 -80.06299 -2.127583 27.37088 -80.06299 -0.7136313 26.92743 -80.06299 -0.4031279 26.00454 -80.06299 -2.001622
2 24 27.37088 -80.06299 -0.7136313 26.92743 -80.06299 -0.4031279
2 24 26.18443 -80.06299 -2.127583 26.00454 -80.06299 -2.001622
4 16 26.00454 -80.06299 -2.001622 26.92743 -80.06299 -0.4031279 26.43681 -80.06299 -0.1743451 25.80551 -80.06299 -1.908813
2 24 26.92743 -80.06299 -0.4031279 26.43681 -80.06299 -0.1743451
2 24 26.00454 -80.06299 -2.001622 25.80551 -80.06299 -1.908813
4 16 25.80551 -80.06299 -1.908813 26.43681 -80.06299 -0.1743451 25.91391 -80.06299 -0.03423446 25.59339 -80.06299 -1.851975
2 24 26.43681 -80.06299 -0.1743451 25.91391 -80.06299 -0.03423446
2 24 25.80551 -80.06299 -1.908813 25.59339 -80.06299 -1.851975
4 16 25.59339 -80.06299 -1.851975 25.91391 -80.06299 -0.03423446 25.37462 -80.06299 0.01294696 25.37462 -80.06299 -1.832835
2 24 25.91391 -80.06299 -0.03423446 25.37462 -80.06299 0.01294696
2 24 25.59339 -80.06299 -1.851975 25.37462 -80.06299 -1.832835
4 16 25.37462 -80.06299 -1.832835 25.37462 -80.06299 0.01294696 24.83533 -80.06299 -0.03423446 25.15585 -80.06299 -1.851975
2 24 25.37462 -80.06299 0.01294696 24.83533 -80.06299 -0.03423446
2 24 25.37462 -80.06299 -1.832835 25.15585 -80.06299 -1.851975
4 16 25.15585 -80.06299 -1.851975 24.83533 -80.06299 -0.03423446 24.31243 -80.06299 -0.1743451 24.94373 -80.06299 -1.908813
2 24 24.83533 -80.06299 -0.03423446 24.31243 -80.06299 -0.1743451
2 24 25.15585 -80.06299 -1.851975 24.94373 -80.06299 -1.908813
4 16 24.94373 -80.06299 -1.908813 24.31243 -80.06299 -0.1743451 23.82181 -80.06299 -0.4031279 24.7447 -80.06299 -2.001622
2 24 24.31243 -80.06299 -0.1743451 23.82181 -80.06299 -0.4031279
2 24 24.94373 -80.06299 -1.908813 24.7447 -80.06299 -2.001622
4 16 24.7447 -80.06299 -2.001622 23.82181 -80.06299 -0.4031279 23.37836 -80.06299 -0.7136313 24.56481 -80.06299 -2.127583
2 24 23.82181 -80.06299 -0.4031279 23.37836 -80.06299 -0.7136313
2 24 24.7447 -80.06299 -2.001622 24.56481 -80.06299 -2.127583
4 16 24.56481 -80.06299 -2.127583 23.37836 -80.06299 -0.7136313 22.99557 -80.06299 -1.096421 24.40953 -80.06299 -2.282867
2 24 23.37836 -80.06299 -0.7136313 22.99557 -80.06299 -1.096421
2 24 24.56481 -80.06299 -2.127583 24.40953 -80.06299 -2.282867
4 16 24.40953 -80.06299 -2.282867 22.99557 -80.06299 -1.096421 22.68507 -80.06299 -1.539866 24.28356 -80.06299 -2.462757
2 24 22.99557 -80.06299 -1.096421 22.68507 -80.06299 -1.539866
2 24 24.40953 -80.06299 -2.282867 24.28356 -80.06299 -2.462757

3 16 37.30437 -80.06299 17.14034 37.21994 -80.06299 16.63441 39.05512 -80.06299 16.37795
2 24 37.30437 -80.06299 17.14034 37.21994 -80.06299 16.63441
4 16 39.05512 -80.06299 16.37795 37.21994 -80.06299 16.63441 37.21994 -80.06299 16.12149 39.07426 -80.06299 16.15918
2 24 37.21994 -80.06299 16.63441 37.21994 -80.06299 16.12149
2 24 39.05512 -80.06299 16.37795 39.07426 -80.06299 16.15918
4 16 39.07426 -80.06299 16.15918 37.21994 -80.06299 16.12149 37.30437 -80.06299 15.61557 39.13109 -80.06299 15.94706
2 24 37.21994 -80.06299 16.12149 37.30437 -80.06299 15.61557
2 24 39.07426 -80.06299 16.15918 39.13109 -80.06299 15.94706
4 16 39.13109 -80.06299 15.94706 37.30437 -80.06299 15.61557 37.47091 -80.06299 15.13044 39.22391 -80.06299 15.74803
2 24 37.30437 -80.06299 15.61557 37.47091 -80.06299 15.13044
2 24 39.13109 -80.06299 15.94706 39.22391 -80.06299 15.74803
4 16 39.22391 -80.06299 15.74803 37.47091 -80.06299 15.13044 37.71504 -80.06299 14.67934 39.34987 -80.06299 15.56814
2 24 37.47091 -80.06299 15.13044 37.71504 -80.06299 14.67934
2 24 39.22391 -80.06299 15.74803 39.34987 -80.06299 15.56814
4 16 39.34987 -80.06299 15.56814 37.71504 -80.06299 14.67934 38.03008 -80.06299 14.27457 39.50515 -80.06299 15.41286
2 24 37.71504 -80.06299 14.67934 38.03008 -80.06299 14.27457
2 24 39.34987 -80.06299 15.56814 39.50515 -80.06299 15.41286
4 16 39.50515 -80.06299 15.41286 38.03008 -80.06299 14.27457 38.40744 -80.06299 13.92718 39.68504 -80.06299 15.2869
2 24 38.03008 -80.06299 14.27457 38.40744 -80.06299 13.92718
2 24 39.50515 -80.06299 15.41286 39.68504 -80.06299 15.2869
4 16 39.68504 -80.06299 15.2869 38.40744 -80.06299 13.92718 38.83684 -80.06299 13.64664 39.88407 -80.06299 15.19409
2 24 38.40744 -80.06299 13.92718 38.83684 -80.06299 13.64664
2 24 39.68504 -80.06299 15.2869 39.88407 -80.06299 15.19409
4 16 39.88407 -80.06299 15.19409 38.83684 -80.06299 13.64664 39.30657 -80.06299 13.4406 40.09619 -80.06299 15.13725
2 24 38.83684 -80.06299 13.64664 39.30657 -80.06299 13.4406
2 24 39.88407 -80.06299 15.19409 40.09619 -80.06299 15.13725
4 16 40.09619 -80.06299 15.13725 39.30657 -80.06299 13.4406 39.80379 -80.06299 13.31468 40.31496 -80.06299 15.11811
2 24 39.30657 -80.06299 13.4406 39.80379 -80.06299 13.31468
2 24 40.09619 -80.06299 15.13725 40.31496 -80.06299 15.11811
4 16 40.31496 -80.06299 15.11811 39.80379 -80.06299 13.31468 40.31496 -80.06299 13.27233 40.53373 -80.06299 15.13725
2 24 39.80379 -80.06299 13.31468 40.31496 -80.06299 13.27233
2 24 40.31496 -80.06299 15.11811 40.53373 -80.06299 15.13725
4 16 40.53373 -80.06299 15.13725 40.31496 -80.06299 13.27233 40.85425 -80.06299 13.31951 40.74585 -80.06299 15.19409
2 24 40.31496 -80.06299 13.27233 40.85425 -80.06299 13.31951
2 24 40.53373 -80.06299 15.13725 40.74585 -80.06299 15.19409
4 16 40.74585 -80.06299 15.19409 40.85425 -80.06299 13.31951 41.37715 -80.06299 13.45962 40.94488 -80.06299 15.2869
2 24 40.85425 -80.06299 13.31951 41.37715 -80.06299 13.45962
2 24 40.74585 -80.06299 15.19409 40.94488 -80.06299 15.2869
4 16 40.94488 -80.06299 15.2869 41.37715 -80.06299 13.45962 41.86777 -80.06299 13.6884 41.12477 -80.06299 15.41286
2 24 41.37715 -80.06299 13.45962 41.86777 -80.06299 13.6884
2 24 40.94488 -80.06299 15.2869 41.12477 -80.06299 15.41286
4 16 41.12477 -80.06299 15.41286 41.86777 -80.06299 13.6884 42.31122 -80.06299 13.99891 41.28005 -80.06299 15.56814
2 24 41.86777 -80.06299 13.6884 42.31122 -80.06299 13.99891
2 24 41.12477 -80.06299 15.41286 41.28005 -80.06299 15.56814
4 16 41.28005 -80.06299 15.56814 42.31122 -80.06299 13.99891 42.69401 -80.06299 14.3817 41.40602 -80.06299 15.74803
2 24 42.31122 -80.06299 13.99891 42.69401 -80.06299 14.3817
2 24 41.28005 -80.06299 15.56814 41.40602 -80.06299 15.74803
4 16 41.40602 -80.06299 15.74803 42.69401 -80.06299 14.3817 43.00451 -80.06299 14.82514 41.49882 -80.06299 15.94706
2 24 42.69401 -80.06299 14.3817 43.00451 -80.06299 14.82514
2 24 41.40602 -80.06299 15.74803 41.49882 -80.06299 15.94706
4 16 41.49882 -80.06299 15.94706 43.00451 -80.06299 14.82514 43.23329 -80.06299 15.31577 41.55566 -80.06299 16.15918
2 24 43.00451 -80.06299 14.82514 43.23329 -80.06299 15.31577
2 24 41.49882 -80.06299 15.94706 41.55566 -80.06299 16.15918
4 16 41.55566 -80.06299 16.15918 43.23329 -80.06299 15.31577 43.3734 -80.06299 15.83867 41.5748 -80.06299 16.37795
2 24 43.23329 -80.06299 15.31577 43.3734 -80.06299 15.83867
2 24 41.55566 -80.06299 16.15918 41.5748 -80.06299 16.37795
4 16 41.5748 -80.06299 16.37795 43.3734 -80.06299 15.83867 43.42059 -80.06299 16.37795 41.55566 -80.06299 16.59672
2 24 43.3734 -80.06299 15.83867 43.42059 -80.06299 16.37795
2 24 41.5748 -80.06299 16.37795 41.55566 -80.06299 16.59672
4 16 41.55566 -80.06299 16.59672 43.42059 -80.06299 16.37795 43.3734 -80.06299 16.91724 41.49882 -80.06299 16.80884
2 24 43.42059 -80.06299 16.37795 43.3734 -80.06299 16.91724
2 24 41.55566 -80.06299 16.59672 41.49882 -80.06299 16.80884
4 16 41.49882 -80.06299 16.80884 43.3734 -80.06299 16.91724 43.23329 -80.06299 17.44014 41.40602 -80.06299 17.00787
2 24 43.3734 -80.06299 16.91724 43.23329 -80.06299 17.44014
2 24 41.49882 -80.06299 16.80884 41.40602 -80.06299 17.00787
4 16 41.40602 -80.06299 17.00787 43.23329 -80.06299 17.44014 43.00451 -80.06299 17.93076 41.28005 -80.06299 17.18776
2 24 43.23329 -80.06299 17.44014 43.00451 -80.06299 17.93076
2 24 41.40602 -80.06299 17.00787 41.28005 -80.06299 17.18776
4 16 41.28005 -80.06299 17.18776 43.00451 -80.06299 17.93076 42.69401 -80.06299 18.37421 41.12477 -80.06299 17.34305
2 24 43.00451 -80.06299 17.93076 42.69401 -80.06299 18.37421
2 24 41.28005 -80.06299 17.18776 41.12477 -80.06299 17.34305
4 16 41.12477 -80.06299 17.34305 42.69401 -80.06299 18.37421 42.31122 -80.06299 18.757 40.94488 -80.06299 17.46901
2 24 42.69401 -80.06299 18.37421 42.31122 -80.06299 18.757
2 24 41.12477 -80.06299 17.34305 40.94488 -80.06299 17.46901
4 16 40.94488 -80.06299 17.46901 42.31122 -80.06299 18.757 41.86777 -80.06299 19.0675 40.74585 -80.06299 17.56182
2 24 42.31122 -80.06299 18.757 41.86777 -80.06299 19.0675
2 24 40.94488 -80.06299 17.46901 40.74585 -80.06299 17.56182
4 16 40.74585 -80.06299 17.56182 41.86777 -80.06299 19.0675 41.37715 -80.06299 19.29628 40.53373 -80.06299 17.61865
2 24 41.86777 -80.06299 19.0675 41.37715 -80.06299 19.29628
2 24 40.74585 -80.06299 17.56182 40.53373 -80.06299 17.61865
4 16 40.53373 -80.06299 17.61865 41.37715 -80.06299 19.29628 40.85425 -80.06299 19.4364 40.31496 -80.06299 17.63779
2 24 41.37715 -80.06299 19.29628 40.85425 -80.06299 19.4364
2 24 40.53373 -80.06299 17.61865 40.31496 -80.06299 17.63779
4 16 40.31496 -80.06299 17.63779 40.85425 -80.06299 19.4364 40.31496 -80.06299 19.48358 40.09619 -80.06299 17.61865
2 24 40.85425 -80.06299 19.4364 40.31496 -80.06299 19.48358
2 24 40.31496 -80.06299 17.63779 40.09619 -80.06299 17.61865
4 16 40.09619 -80.06299 17.61865 40.31496 -80.06299 19.48358 39.80379 -80.06299 19.44122 39.88407 -80.06299 17.56182
2 24 40.31496 -80.06299 19.48358 39.80379 -80.06299 19.44122
2 24 40.09619 -80.06299 17.61865 39.88407 -80.06299 17.56182
4 16 39.88407 -80.06299 17.56182 39.80379 -80.06299 19.44122 39.30657 -80.06299 19.31531 39.68504 -80.06299 17.46901
2 24 39.80379 -80.06299 19.44122 39.30657 -80.06299 19.31531
2 24 39.88407 -80.06299 17.56182 39.68504 -80.06299 17.46901
4 16 39.68504 -80.06299 17.46901 39.30657 -80.06299 19.31531 38.83684 -80.06299 19.10927 39.50515 -80.06299 17.34305
2 24 39.30657 -80.06299 19.31531 38.83684 -80.06299 19.10927
2 24 39.68504 -80.06299 17.46901 39.50515 -80.06299 17.34305
4 16 39.50515 -80.06299 17.34305 38.83684 -80.06299 19.10927 38.40744 -80.06299 18.82873 39.34987 -80.06299 17.18776
2 24 38.83684 -80.06299 19.10927 38.40744 -80.06299 18.82873
2 24 39.50515 -80.06299 17.34305 39.34987 -80.06299 17.18776
4 16 39.34987 -80.06299 17.18776 38.40744 -80.06299 18.82873 38.03008 -80.06299 18.48133 39.22391 -80.06299 17.00787
2 24 38.40744 -80.06299 18.82873 38.03008 -80.06299 18.48133
2 24 39.34987 -80.06299 17.18776 39.22391 -80.06299 17.00787
4 16 39.22391 -80.06299 17.00787 38.03008 -80.06299 18.48133 37.71504 -80.06299 18.07657 39.13109 -80.06299 16.80884
2 24 38.03008 -80.06299 18.48133 37.71504 -80.06299 18.07657
2 24 39.22391 -80.06299 17.00787 39.13109 -80.06299 16.80884
4 16 39.13109 -80.06299 16.80884 37.71504 -80.06299 18.07657 37.47091 -80.06299 17.62547 39.07426 -80.06299 16.59672
2 24 37.71504 -80.06299 18.07657 37.47091 -80.06299 17.62547
2 24 39.13109 -80.06299 16.80884 39.07426 -80.06299 16.59672
4 16 39.07426 -80.06299 16.59672 37.47091 -80.06299 17.62547 37.30437 -80.06299 17.14034 39.05512 -80.06299 16.37795
2 24 37.47091 -80.06299 17.62547 37.30437 -80.06299 17.14034
2 24 39.07426 -80.06299 16.59672 39.05512 -80.06299 16.37795

3 16 28.21867 -80.06299 34.60107 28.38521 -80.06299 35.0862 26.61532 -80.06299 35.62981
2 24 28.21867 -80.06299 34.60107 28.38521 -80.06299 35.0862
4 16 26.61532 -80.06299 35.62981 28.38521 -80.06299 35.0862 28.46964 -80.06299 35.59212 26.63446 -80.06299 35.84858
2 24 28.38521 -80.06299 35.0862 28.46964 -80.06299 35.59212
2 24 26.61532 -80.06299 35.62981 26.63446 -80.06299 35.84858
4 16 26.63446 -80.06299 35.84858 28.46964 -80.06299 35.59212 28.46964 -80.06299 36.10504 26.61532 -80.06299 36.06735
2 24 28.46964 -80.06299 35.59212 28.46964 -80.06299 36.10504
2 24 26.63446 -80.06299 35.84858 26.61532 -80.06299 36.06735
4 16 26.61532 -80.06299 36.06735 28.46964 -80.06299 36.10504 28.38521 -80.06299 36.61097 26.55848 -80.06299 36.27947
2 24 28.46964 -80.06299 36.10504 28.38521 -80.06299 36.61097
2 24 26.61532 -80.06299 36.06735 26.55848 -80.06299 36.27947
4 16 26.55848 -80.06299 36.27947 28.38521 -80.06299 36.61097 28.21867 -80.06299 37.0961 26.46567 -80.06299 36.4785
2 24 28.38521 -80.06299 36.61097 28.21867 -80.06299 37.0961
2 24 26.55848 -80.06299 36.27947 26.46567 -80.06299 36.4785
4 16 26.46567 -80.06299 36.4785 28.21867 -80.06299 37.0961 27.97454 -80.06299 37.5472 26.33972 -80.06299 36.6584
2 24 28.21867 -80.06299 37.0961 27.97454 -80.06299 37.5472
2 24 26.46567 -80.06299 36.4785 26.33972 -80.06299 36.6584
4 16 26.33972 -80.06299 36.6584 27.97454 -80.06299 37.5472 27.6595 -80.06299 37.95196 26.18443 -80.06299 36.81368
2 24 27.97454 -80.06299 37.5472 27.6595 -80.06299 37.95196
2 24 26.33972 -80.06299 36.6584 26.18443 -80.06299 36.81368
4 16 26.18443 -80.06299 36.81368 27.6595 -80.06299 37.95196 27.28213 -80.06299 38.29936 26.00454 -80.06299 36.93964
2 24 27.6595 -80.06299 37.95196 27.28213 -80.06299 38.29936
2 24 26.18443 -80.06299 36.81368 26.00454 -80.06299 36.93964
4 16 26.00454 -80.06299 36.93964 27.28213 -80.06299 38.29936 26.85273 -80.06299 38.5799 25.80551 -80.06299 37.03245
2 24 27.28213 -80.06299 38.29936 26.85273 -80.06299 38.5799
2 24 26.00454 -80.06299 36.93964 25.80551 -80.06299 37.03245
4 16 25.80551 -80.06299 37.03245 26.85273 -80.06299 38.5799 26.38301 -80.06299 38.78594 25.59339 -80.06299 37.08928
2 24 26.85273 -80.06299 38.5799 26.38301 -80.06299 38.78594
2 24 25.80551 -80.06299 37.03245 25.59339 -80.06299 37.08928
4 16 25.59339 -80.06299 37.08928 26.38301 -80.06299 38.78594 25.88579 -80.06299 38.91185 25.37462 -80.06299 37.10843
2 24 26.38301 -80.06299 38.78594 25.88579 -80.06299 38.91185
2 24 25.59339 -80.06299 37.08928 25.37462 -80.06299 37.10843
4 16 25.37462 -80.06299 37.10843 25.88579 -80.06299 38.91185 25.37462 -80.06299 38.95421 25.15585 -80.06299 37.08928
2 24 25.88579 -80.06299 38.91185 25.37462 -80.06299 38.95421
2 24 25.37462 -80.06299 37.10843 25.15585 -80.06299 37.08928
4 16 25.15585 -80.06299 37.08928 25.37462 -80.06299 38.95421 24.83533 -80.06299 38.90703 24.94373 -80.06299 37.03245
2 24 25.37462 -80.06299 38.95421 24.83533 -80.06299 38.90703
2 24 25.15585 -80.06299 37.08928 24.94373 -80.06299 37.03245
4 16 24.94373 -80.06299 37.03245 24.83533 -80.06299 38.90703 24.31243 -80.06299 38.76692 24.7447 -80.06299 36.93964
2 24 24.83533 -80.06299 38.90703 24.31243 -80.06299 38.76692
2 24 24.94373 -80.06299 37.03245 24.7447 -80.06299 36.93964
4 16 24.7447 -80.06299 36.93964 24.31243 -80.06299 38.76692 23.82181 -80.06299 38.53813 24.56481 -80.06299 36.81368
2 24 24.31243 -80.06299 38.76692 23.82181 -80.06299 38.53813
2 24 24.7447 -80.06299 36.93964 24.56481 -80.06299 36.81368
4 16 24.56481 -80.06299 36.81368 23.82181 -80.06299 38.53813 23.37836 -80.06299 38.22763 24.40953 -80.06299 36.6584
2 24 23.82181 -80.06299 38.53813 23.37836 -80.06299 38.22763
2 24 24.56481 -80.06299 36.81368 24.40953 -80.06299 36.6584
4 16 24.40953 -80.06299 36.6584 23.37836 -80.06299 38.22763 22.99557 -80.06299 37.84484 24.28356 -80.06299 36.4785
2 24 23.37836 -80.06299 38.22763 22.99557 -80.06299 37.84484
2 24 24.40953 -80.06299 36.6584 24.28356 -80.06299 36.4785
4 16 24.28356 -80.06299 36.4785 22.99557 -80.06299 37.84484 22.68507 -80.06299 37.4014 24.19076 -80.06299 36.27947
2 24 22.99557 -80.06299 37.84484 22.68507 -80.06299 37.4014
2 24 24.28356 -80.06299 36.4785 24.19076 -80.06299 36.27947
4 16 24.19076 -80.06299 36.27947 22.68507 -80.06299 37.4014 22.45629 -80.06299 36.91077 24.13392 -80.06299 36.06735
2 24 22.68507 -80.06299 37.4014 22.45629 -80.06299 36.91077
2 24 24.19076 -80.06299 36.27947 24.13392 -80.06299 36.06735
4 16 24.13392 -80.06299 36.06735 22.45629 -80.06299 36.91077 22.31618 -80.06299 36.38787 24.11478 -80.06299 35.84858
2 24 22.45629 -80.06299 36.91077 22.31618 -80.06299 36.38787
2 24 24.13392 -80.06299 36.06735 24.11478 -80.06299 35.84858
4 16 24.11478 -80.06299 35.84858 22.31618 -80.06299 36.38787 22.269 -80.06299 35.84858 24.13392 -80.06299 35.62981
2 24 22.31618 -80.06299 36.38787 22.269 -80.06299 35.84858
2 24 24.11478 -80.06299 35.84858 24.13392 -80.06299 35.62981
4 16 24.13392 -80.06299 35.62981 22.269 -80.06299 35.84858 22.31618 -80.06299 35.3093 24.19076 -80.06299 35.41769
2 24 22.269 -80.06299 35.84858 22.31618 -80.06299 35.3093
2 24 24.13392 -80.06299 35.62981 24.19076 -80.06299 35.41769
4 16 24.19076 -80.06299 35.41769 22.31618 -80.06299 35.3093 22.45629 -80.06299 34.7864 24.28356 -80.06299 35.21866
2 24 22.31618 -80.06299 35.3093 22.45629 -80.06299 34.7864
2 24 24.19076 -80.06299 35.41769 24.28356 -80.06299 35.21866
4 16 24.28356 -80.06299 35.21866 22.45629 -80.06299 34.7864 22.68507 -80.06299 34.29577 24.40953 -80.06299 35.03877
2 24 22.45629 -80.06299 34.7864 22.68507 -80.06299 34.29577
2 24 24.28356 -80.06299 35.21866 24.40953 -80.06299 35.03877
4 16 24.40953 -80.06299 35.03877 22.68507 -80.06299 34.29577 22.99557 -80.06299 33.85233 24.56481 -80.06299 34.88349
2 24 22.68507 -80.06299 34.29577 22.99557 -80.06299 33.85233
2 24 24.40953 -80.06299 35.03877 24.56481 -80.06299 34.88349
4 16 24.56481 -80.06299 34.88349 22.99557 -80.06299 33.85233 23.37836 -80.06299 33.46954 24.7447 -80.06299 34.75753
2 24 22.99557 -80.06299 33.85233 23.37836 -80.06299 33.46954
2 24 24.56481 -80.06299 34.88349 24.7447 -80.06299 34.75753
4 16 24.7447 -80.06299 34.75753 23.37836 -80.06299 33.46954 23.82181 -80.06299 33.15903 24.94373 -80.06299 34.66472
2 24 23.37836 -80.06299 33.46954 23.82181 -80.06299 33.15903
2 24 24.7447 -80.06299 34.75753 24.94373 -80.06299 34.66472
4 16 24.94373 -80.06299 34.66472 23.82181 -80.06299 33.15903 24.31243 -80.06299 32.93025 25.15585 -80.06299 34.60788
2 24 23.82181 -80.06299 33.15903 24.31243 -80.06299 32.93025
2 24 24.94373 -80.06299 34.66472 25.15585 -80.06299 34.60788
4 16 25.15585 -80.06299 34.60788 24.31243 -80.06299 32.93025 24.83533 -80.06299 32.79014 25.37462 -80.06299 34.58874
2 24 24.31243 -80.06299 32.93025 24.83533 -80.06299 32.79014
2 24 25.15585 -80.06299 34.60788 25.37462 -80.06299 34.58874
4 16 25.37462 -80.06299 34.58874 24.83533 -80.06299 32.79014 25.37462 -80.06299 32.74296 25.59339 -80.06299 34.60788
2 24 24.83533 -80.06299 32.79014 25.37462 -80.06299 32.74296
2 24 25.37462 -80.06299 34.58874 25.59339 -80.06299 34.60788
4 16 25.59339 -80.06299 34.60788 25.37462 -80.06299 32.74296 25.88579 -80.06299 32.78532 25.80551 -80.06299 34.66472
2 24 25.37462 -80.06299 32.74296 25.88579 -80.06299 32.78532
2 24 25.59339 -80.06299 34.60788 25.80551 -80.06299 34.66472
4 16 25.80551 -80.06299 34.66472 25.88579 -80.06299 32.78532 26.38301 -80.06299 32.91123 26.00454 -80.06299 34.75753
2 24 25.88579 -80.06299 32.78532 26.38301 -80.06299 32.91123
2 24 25.80551 -80.06299 34.66472 26.00454 -80.06299 34.75753
4 16 26.00454 -80.06299 34.75753 26.38301 -80.06299 32.91123 26.85273 -80.06299 33.11727 26.18443 -80.06299 34.88349
2 24 26.38301 -80.06299 32.91123 26.85273 -80.06299 33.11727
2 24 26.00454 -80.06299 34.75753 26.18443 -80.06299 34.88349
4 16 26.18443 -80.06299 34.88349 26.85273 -80.06299 33.11727 27.28213 -80.06299 33.39781 26.33972 -80.06299 35.03877
2 24 26.85273 -80.06299 33.11727 27.28213 -80.06299 33.39781
2 24 26.18443 -80.06299 34.88349 26.33972 -80.06299 35.03877
4 16 26.33972 -80.06299 35.03877 27.28213 -80.06299 33.39781 27.6595 -80.06299 33.7452 26.46567 -80.06299 35.21866
2 24 27.28213 -80.06299 33.39781 27.6595 -80.06299 33.7452
2 24 26.33972 -80.06299 35.03877 26.46567 -80.06299 35.21866
4 16 26.46567 -80.06299 35.21866 27.6595 -80.06299 33.7452 27.97454 -80.06299 34.14997 26.55848 -80.06299 35.41769
2 24 27.6595 -80.06299 33.7452 27.97454 -80.06299 34.14997
2 24 26.46567 -80.06299 35.21866 26.55848 -80.06299 35.41769
4 16 26.55848 -80.06299 35.41769 27.97454 -80.06299 34.14997 28.21867 -80.06299 34.60107 26.61532 -80.06299 35.62981
2 24 27.97454 -80.06299 34.14997 28.21867 -80.06299 34.60107
2 24 26.55848 -80.06299 35.41769 26.61532 -80.06299 35.62981

3 16 -38.34711 -63.68504 -17.75508 -38.80993 -63.68504 -17.63347 -38.48945 -63.68504 -20.47742
2 24 -38.80993 -63.68504 -17.63347 -38.34711 -63.68504 -17.75508
4 16 -38.48945 -63.68504 -20.47742 -38.80993 -63.68504 -17.63347 -39.24524 -63.68504 -17.43473 -42.66928 -63.68504 -18.01881
2 24 -39.24524 -63.68504 -17.43473 -38.80993 -63.68504 -17.63347
3 16 38.80993 -63.68504 -17.63347 38.48945 -63.68504 -20.47742 39.24524 -63.68504 -17.43473
2 24 38.80993 -63.68504 -17.63347 39.24524 -63.68504 -17.43473
4 16 39.24524 -63.68504 -17.43473 38.48945 -63.68504 -20.47742 42.66928 -63.68504 -18.01881 43.5104 -63.68504 -14.64271
4 16 43.5104 -63.68504 -14.64271 42.66928 -63.68504 -18.01881 46.53124 -63.68504 -15.08609 47.37303 -63.68504 -11.31599
4 16 47.37303 -63.68504 -11.31599 46.53124 -63.68504 -15.08609 50.02184 -63.68504 -11.71987 50.76655 -63.68504 -7.511908
4 16 50.76655 -63.68504 -7.511908 50.02184 -63.68504 -11.71987 53.0927 -63.68504 -7.966813 53.63246 -63.68504 -3.296042
4 16 53.63246 -63.68504 -3.296042 53.0927 -63.68504 -7.966813 55.70128 -63.68504 -3.878908 55.92137 -63.68504 1.258942
4 16 55.92137 -63.68504 1.258942 55.70128 -63.68504 -3.878908 57.70079 -63.68504 0.2216581 57.59383 -63.68504 6.07453
3 16 29.89135 -63.68504 -19.05102 29.52119 -63.68504 -20.12645 34.04969 -63.68504 -22.42783
2 24 29.52119 -63.68504 -20.12645 29.89135 -63.68504 -19.05102
3 16 -27.9212 -63.68504 -21.63184 -28.33079 -63.68504 -21.44297 -29.41149 -63.68504 -23.84304
2 24 -28.33079 -63.68504 -21.44297 -27.9212 -63.68504 -21.63184
3 16 -29.41149 -63.68504 -23.84304 -28.33079 -63.68504 -21.44297 -28.7047 -63.68504 -21.19072
2 24 -28.7047 -63.68504 -21.19072 -28.33079 -63.68504 -21.44297
4 16 -29.41149 -63.68504 -23.84304 -28.7047 -63.68504 -21.19072 -29.0332 -63.68504 -20.88165 -34.04969 -63.68504 -22.42783
2 24 -29.0332 -63.68504 -20.88165 -28.7047 -63.68504 -21.19072
3 16 -34.04969 -63.68504 -22.42783 -29.0332 -63.68504 -20.88165 -29.30774 -63.68504 -20.52379
2 24 -29.30774 -63.68504 -20.52379 -29.0332 -63.68504 -20.88165
3 16 -58.62099 -63.68504 11.06772 -57.70079 -63.68504 0.2216581 -57.59383 -63.68504 6.07453
3 16 -57.59383 -63.68504 6.07453 -57.70079 -63.68504 0.2216581 -55.92137 -63.68504 1.258942
3 16 29.52119 -63.68504 -20.12645 29.30774 -63.68504 -20.52379 34.04969 -63.68504 -22.42783
2 24 29.30774 -63.68504 -20.52379 29.52119 -63.68504 -20.12645
3 16 34.04969 -63.68504 -22.42783 29.30774 -63.68504 -20.52379 29.0332 -63.68504 -20.88165
2 24 29.0332 -63.68504 -20.88165 29.30774 -63.68504 -20.52379
4 16 34.04969 -63.68504 -22.42783 29.0332 -63.68504 -20.88165 28.7047 -63.68504 -21.19072 29.41149 -63.68504 -23.84304
2 24 28.7047 -63.68504 -21.19072 29.0332 -63.68504 -20.88165
3 16 29.41149 -63.68504 -23.84304 28.7047 -63.68504 -21.19072 28.33079 -63.68504 -21.44297
2 24 28.33079 -63.68504 -21.44297 28.7047 -63.68504 -21.19072
3 16 -58.98517 -63.68504 16.15244 -60.22047 -63.68504 48 -60.22047 -63.68504 -48
2 24 -60.22047 -63.68504 -48 -60.22047 -63.68504 48
4 16 -55.92137 -63.68504 1.258942 -57.70079 -63.68504 0.2216581 -55.70128 -63.68504 -3.878908 -53.63246 -63.68504 -3.296042
4 16 -53.63246 -63.68504 -3.296042 -55.70128 -63.68504 -3.878908 -53.0927 -63.68504 -7.966813 -50.76655 -63.68504 -7.511908
4 16 -50.76655 -63.68504 -7.511908 -53.0927 -63.68504 -7.966813 -50.02184 -63.68504 -11.71987 -47.37303 -63.68504 -11.31599
4 16 -47.37303 -63.68504 -11.31599 -50.02184 -63.68504 -11.71987 -46.53124 -63.68504 -15.08609 -43.5104 -63.68504 -14.64271
4 16 -43.5104 -63.68504 -14.64271 -46.53124 -63.68504 -15.08609 -42.66928 -63.68504 -18.01881 -39.24524 -63.68504 -17.43473
3 16 28.33079 -63.68504 -21.44297 27.9212 -63.68504 -21.63184 29.41149 -63.68504 -23.84304
2 24 27.9212 -63.68504 -21.63184 28.33079 -63.68504 -21.44297
3 16 29.41149 -63.68504 -23.84304 27.9212 -63.68504 -21.63184 27.48658 -63.68504 -21.75241
2 24 27.48658 -63.68504 -21.75241 27.9212 -63.68504 -21.63184
4 16 29.41149 -63.68504 -23.84304 27.48658 -63.68504 -21.75241 23.83861 -63.68504 -22.2755 24.63913 -63.68504 -24.70342
2 24 27.48658 -63.68504 -21.75241 23.83861 -63.68504 -22.2755
4 16 24.63913 -63.68504 -24.70342 23.83861 -63.68504 -22.2755 20.15748 -63.68504 -22.45039 20.11784 -63.68504 -24.99527
2 24 23.83861 -63.68504 -22.2755 20.15748 -63.68504 -22.45039
4 16 20.11784 -63.68504 -24.99527 20.15748 -63.68504 -22.45039 -20.15748 -63.68504 -22.45039 -20.11784 -63.68504 -24.99527
2 24 20.15748 -63.68504 -22.45039 -20.15748 -63.68504 -22.45039
4 16 -20.11784 -63.68504 -24.99527 -20.15748 -63.68504 -22.45039 -23.83861 -63.68504 -22.2755 -24.63913 -63.68504 -24.70342
2 24 -20.15748 -63.68504 -22.45039 -23.83861 -63.68504 -22.2755
4 16 -24.63913 -63.68504 -24.70342 -23.83861 -63.68504 -22.2755 -27.48658 -63.68504 -21.75241 -29.41149 -63.68504 -23.84304
2 24 -23.83861 -63.68504 -22.2755 -27.48658 -63.68504 -21.75241
3 16 -29.41149 -63.68504 -23.84304 -27.48658 -63.68504 -21.75241 -27.9212 -63.68504 -21.63184
2 24 -27.9212 -63.68504 -21.63184 -27.48658 -63.68504 -21.75241
3 16 -36.62333 -63.68504 -17.50264 -37.02222 -63.68504 -17.66433 -34.04969 -63.68504 -22.42783
2 24 -37.02222 -63.68504 -17.66433 -36.62333 -63.68504 -17.50264
3 16 -34.04969 -63.68504 -22.42783 -37.02222 -63.68504 -17.66433 -37.44119 -63.68504 -17.7629
2 24 -37.44119 -63.68504 -17.7629 -37.02222 -63.68504 -17.66433
4 16 -34.04969 -63.68504 -22.42783 -37.44119 -63.68504 -17.7629 -37.87033 -63.68504 -17.79602 -38.48945 -63.68504 -20.47742
2 24 -37.87033 -63.68504 -17.79602 -37.44119 -63.68504 -17.7629
3 16 -38.48945 -63.68504 -20.47742 -37.87033 -63.68504 -17.79602 -38.34711 -63.68504 -17.75508
2 24 -38.34711 -63.68504 -17.75508 -37.87033 -63.68504 -17.79602
3 16 37.02222 -63.68504 -17.66433 36.62333 -63.68504 -17.50264 34.04969 -63.68504 -22.42783
2 24 37.02222 -63.68504 -17.66433 36.62333 -63.68504 -17.50264
3 16 34.04969 -63.68504 -22.42783 36.62333 -63.68504 -17.50264 36.25397 -63.68504 -17.28166
2 24 36.62333 -63.68504 -17.50264 36.25397 -63.68504 -17.28166
3 16 -57.36142 -63.68504 55.85517 -58.58324 -63.68504 54.11024 -47.69288 -63.68504 43.75389
2 24 -58.58324 -63.68504 54.11024 -57.36142 -63.68504 55.85517
3 16 38.80993 -63.68504 -17.63347 38.34711 -63.68504 -17.75508 38.48945 -63.68504 -20.47742
2 24 38.34711 -63.68504 -17.75508 38.80993 -63.68504 -17.63347
3 16 38.48945 -63.68504 -20.47742 38.34711 -63.68504 -17.75508 37.87033 -63.68504 -17.79602
2 24 37.87033 -63.68504 -17.79602 38.34711 -63.68504 -17.75508
4 16 38.48945 -63.68504 -20.47742 37.87033 -63.68504 -17.79602 37.44119 -63.68504 -17.7629 34.04969 -63.68504 -22.42783
2 24 37.87033 -63.68504 -17.79602 37.44119 -63.68504 -17.7629
3 16 34.04969 -63.68504 -22.42783 37.44119 -63.68504 -17.7629 37.02222 -63.68504 -17.66433
2 24 37.44119 -63.68504 -17.7629 37.02222 -63.68504 -17.66433
3 16 -58.98517 -63.68504 16.15244 -58.68008 -63.68504 21.24104 -60.22047 -63.68504 48
3 16 -60.22047 -63.68504 48 -58.68008 -63.68504 21.24104 -57.71098 -63.68504 26.24582
3 16 -60.22047 -63.68504 48 -57.71098 -63.68504 26.24582 -56.09458 -63.68504 31.08051
3 16 -57.70079 -63.68504 -48.37795 -57.70079 -63.68504 0.2216581 -60.22047 -63.68504 -48
3 16 -60.22047 -63.68504 -48 -57.70079 -63.68504 0.2216581 -58.62099 -63.68504 11.06772
3 16 -60.22047 -63.68504 -48 -58.62099 -63.68504 11.06772 -58.98517 -63.68504 16.15244
4 16 -43.86916 -63.68504 47.12526 -52.17965 -63.68504 59.48349 -54.11024 -63.68504 58.58324 -47.69288 -63.68504 43.75389
2 24 -54.11024 -63.68504 58.58324 -52.17965 -63.68504 59.48349
4 16 -47.69288 -63.68504 43.75389 -54.11024 -63.68504 58.58324 -55.85517 -63.68504 57.36142 -57.36142 -63.68504 55.85517
2 24 -55.85517 -63.68504 57.36142 -54.11024 -63.68504 58.58324
2 24 -57.36142 -63.68504 55.85517 -55.85517 -63.68504 57.36142
3 16 -39.63672 -63.68504 49.96664 -35.06852 -63.68504 52.22905 -48 -63.68504 60.22047
3 16 -48 -63.68504 60.22047 -35.06852 -63.68504 52.22905 -30.2433 -63.68504 53.87351
3 16 -48 -63.68504 60.22047 -30.2433 -63.68504 53.87351 -25.24423 -63.68504 54.87166
3 16 30.2433 -63.68504 53.87351 35.06852 -63.68504 52.22905 48 -63.68504 60.22047
4 16 48 -63.68504 60.22047 35.06852 -63.68504 52.22905 39.63672 -63.68504 49.96664 49.9117 -63.68504 60.07002
2 24 48 -63.68504 60.22047 49.9117 -63.68504 60.07002
4 16 49.9117 -63.68504 60.07002 39.63672 -63.68504 49.96664 43.86916 -63.68504 47.12526 51.77633 -63.68504 59.62236
2 24 49.9117 -63.68504 60.07002 51.77633 -63.68504 59.62236
3 16 51.77633 -63.68504 59.62236 43.86916 -63.68504 47.12526 53.54798 -63.68504 58.88852
2 24 51.77633 -63.68504 59.62236 53.54798 -63.68504 58.88852
3 16 -29.30774 -63.68504 -20.52379 -29.52119 -63.68504 -20.12645 -34.04969 -63.68504 -22.42783
2 24 -29.52119 -63.68504 -20.12645 -29.30774 -63.68504 -20.52379
4 16 -34.04969 -63.68504 -22.42783 -29.52119 -63.68504 -20.12645 -29.89135 -63.68504 -19.05102 -30.21606 -63.68504 -18.44638
2 24 -29.89135 -63.68504 -19.05102 -29.52119 -63.68504 -20.12645
2 24 -29.89135 -63.68504 -19.05102 -30.21606 -63.68504 -18.44638
3 16 -39.63672 -63.68504 49.96664 -48 -63.68504 60.22047 -43.86916 -63.68504 47.12526
4 16 -43.86916 -63.68504 47.12526 -48 -63.68504 60.22047 -50.12206 -63.68504 60.03482 -52.17965 -63.68504 59.48349
2 24 -50.12206 -63.68504 60.03482 -48 -63.68504 60.22047
2 24 -52.17965 -63.68504 59.48349 -50.12206 -63.68504 60.03482
4 16 53.54798 -63.68504 58.88852 43.86916 -63.68504 47.12526 47.69288 -63.68504 43.75389 55.18301 -63.68504 57.88657
2 24 53.54798 -63.68504 58.88852 55.18301 -63.68504 57.88657
4 16 55.18301 -63.68504 57.88657 47.69288 -63.68504 43.75389 57.88657 -63.68504 55.18301 56.64118 -63.68504 56.64118
2 24 56.64118 -63.68504 56.64118 57.88657 -63.68504 55.18301
2 24 55.18301 -63.68504 57.88657 56.64118 -63.68504 56.64118
4 16 59.62236 -63.68504 51.77633 58.88852 -63.68504 53.54798 57.88657 -63.68504 55.18301 47.69288 -63.68504 43.75389
2 24 58.88852 -63.68504 53.54798 59.62236 -63.68504 51.77633
2 24 57.88657 -63.68504 55.18301 58.88852 -63.68504 53.54798
3 16 51.04199 -63.68504 39.91065 53.85873 -63.68504 35.66178 60.22047 -63.68504 48
3 16 60.22047 -63.68504 48 53.85873 -63.68504 35.66178 56.09458 -63.68504 31.08051
3 16 60.22047 -63.68504 48 56.09458 -63.68504 31.08051 57.71098 -63.68504 26.24582
4 16 -35.0249 -63.68504 -16.68061 -35.66374 -63.68504 -16.93145 -36.25397 -63.68504 -17.28166 -34.04969 -63.68504 -22.42783
2 24 -35.0249 -63.68504 -16.68061 -35.66374 -63.68504 -16.93145
2 24 -35.66374 -63.68504 -16.93145 -36.25397 -63.68504 -17.28166
3 16 -34.04969 -63.68504 -22.42783 -36.25397 -63.68504 -17.28166 -36.62333 -63.68504 -17.50264
2 24 -36.62333 -63.68504 -17.50264 -36.25397 -63.68504 -17.28166
3 16 36.25397 -63.68504 -17.28166 35.66374 -63.68504 -16.93145 34.04969 -63.68504 -22.42783
2 24 36.25397 -63.68504 -17.28166 35.66374 -63.68504 -16.93145
4 16 34.04969 -63.68504 -22.42783 35.66374 -63.68504 -16.93145 35.0249 -63.68504 -16.68061 34.35407 -63.68504 -16.53566
2 24 35.66374 -63.68504 -16.93145 35.0249 -63.68504 -16.68061
2 24 35.0249 -63.68504 -16.68061 34.35407 -63.68504 -16.53566
4 16 34.35407 -63.68504 -16.53566 33.66866 -63.68504 -16.50036 32.98648 -63.68504 -16.57562 34.04969 -63.68504 -22.42783
2 24 34.35407 -63.68504 -16.53566 33.66866 -63.68504 -16.50036
2 24 33.66866 -63.68504 -16.50036 32.98648 -63.68504 -16.57562
4 16 34.04969 -63.68504 -22.42783 32.98648 -63.68504 -16.57562 32.32526 -63.68504 -16.7595 31.70216 -63.68504 -17.04721
2 24 32.98648 -63.68504 -16.57562 32.32526 -63.68504 -16.7595
2 24 32.32526 -63.68504 -16.7595 31.70216 -63.68504 -17.04721
4 16 34.04969 -63.68504 -22.42783 31.70216 -63.68504 -17.04721 31.13338 -63.68504 -17.43129 30.63369 -63.68504 -17.90175
2 24 31.70216 -63.68504 -17.04721 31.13338 -63.68504 -17.43129
2 24 31.13338 -63.68504 -17.43129 30.63369 -63.68504 -17.90175
3 16 -56.09458 -63.68504 31.08051 -53.85873 -63.68504 35.66178 -60.22047 -63.68504 48
3 16 -60.22047 -63.68504 48 -53.85873 -63.68504 35.66178 -51.04199 -63.68504 39.91065
4 16 -60.22047 -63.68504 48 -51.04199 -63.68504 39.91065 -47.69288 -63.68504 43.75389 -60.03482 -63.68504 50.12206
2 24 -60.22047 -63.68504 48 -60.03482 -63.68504 50.12206
4 16 -60.03482 -63.68504 50.12206 -47.69288 -63.68504 43.75389 -58.58324 -63.68504 54.11024 -59.48349 -63.68504 52.17965
2 24 -59.48349 -63.68504 52.17965 -58.58324 -63.68504 54.11024
2 24 -60.03482 -63.68504 50.12206 -59.48349 -63.68504 52.17965
3 16 -25.24423 -63.68504 54.87166 -20.15748 -63.68504 55.2063 -48 -63.68504 60.22047
4 16 -48 -63.68504 60.22047 -20.15748 -63.68504 55.2063 20.15748 -63.68504 55.2063 48 -63.68504 60.22047
2 24 -20.15748 -63.68504 55.2063 20.15748 -63.68504 55.2063
2 24 -48 -63.68504 60.22047 48 -63.68504 60.22047
3 16 48 -63.68504 60.22047 20.15748 -63.68504 55.2063 25.24423 -63.68504 54.87166
3 16 48 -63.68504 60.22047 25.24423 -63.68504 54.87166 30.2433 -63.68504 53.87351
3 16 57.71098 -63.68504 26.24582 58.68008 -63.68504 21.24104 60.22047 -63.68504 48
3 16 60.22047 -63.68504 48 58.68008 -63.68504 21.24104 58.98517 -63.68504 16.15244
3 16 60.22047 -63.68504 48 58.98517 -63.68504 16.15244 60.22047 -63.68504 -48
2 24 60.22047 -63.68504 48 60.22047 -63.68504 -48
3 16 60.22047 -63.68504 -48 58.98517 -63.68504 16.15244 58.62099 -63.68504 11.06772
4 16 -34.04969 -63.68504 -22.42783 -30.21606 -63.68504 -18.44638 -30.63369 -63.68504 -17.90175 -31.13338 -63.68504 -17.43129
2 24 -30.21606 -63.68504 -18.44638 -30.63369 -63.68504 -17.90175
2 24 -30.63369 -63.68504 -17.90175 -31.13338 -63.68504 -17.43129
4 16 30.63369 -63.68504 -17.90175 30.21606 -63.68504 -18.44638 29.89135 -63.68504 -19.05102 34.04969 -63.68504 -22.42783
2 24 30.63369 -63.68504 -17.90175 30.21606 -63.68504 -18.44638
2 24 30.21606 -63.68504 -18.44638 29.89135 -63.68504 -19.05102
4 16 -57.70079 -63.68504 -48.37795 -60.22047 -63.68504 -48 -60.03482 -63.68504 -50.12206 -57.55724 -63.68504 -50.01872
2 24 -60.03482 -63.68504 -50.12206 -60.22047 -63.68504 -48
4 16 -57.55724 -63.68504 -50.01872 -60.03482 -63.68504 -50.12206 -59.48349 -63.68504 -52.17965 -57.13095 -63.68504 -51.60964
2 24 -59.48349 -63.68504 -52.17965 -60.03482 -63.68504 -50.12206
4 16 -57.13095 -63.68504 -51.60964 -59.48349 -63.68504 -52.17965 -58.58324 -63.68504 -54.11024 -56.43488 -63.68504 -53.10236
2 24 -58.58324 -63.68504 -54.11024 -59.48349 -63.68504 -52.17965
4 16 -56.43488 -63.68504 -53.10236 -58.58324 -63.68504 -54.11024 -57.36142 -63.68504 -55.85517 -55.49018 -63.68504 -54.45154
2 24 -57.36142 -63.68504 -55.85517 -58.58324 -63.68504 -54.11024
4 16 -55.49018 -63.68504 -54.45154 -57.36142 -63.68504 -55.85517 -55.85517 -63.68504 -57.36142 -54.32555 -63.68504 -55.61617
2 24 -55.85517 -63.68504 -57.36142 -57.36142 -63.68504 -55.85517
4 16 -54.32555 -63.68504 -55.61617 -55.85517 -63.68504 -57.36142 -54.11024 -63.68504 -58.58324 -52.97638 -63.68504 -56.56087
2 24 -54.11024 -63.68504 -58.58324 -55.85517 -63.68504 -57.36142
4 16 -52.97638 -63.68504 -56.56087 -54.11024 -63.68504 -58.58324 -52.17965 -63.68504 -59.48349 -51.48365 -63.68504 -57.25694
2 24 -52.17965 -63.68504 -59.48349 -54.11024 -63.68504 -58.58324
4 16 -51.48365 -63.68504 -57.25694 -52.17965 -63.68504 -59.48349 -50.12206 -63.68504 -60.03482 -49.89274 -63.68504 -57.68322
2 24 -50.12206 -63.68504 -60.03482 -52.17965 -63.68504 -59.48349
4 16 -49.89274 -63.68504 -57.68322 -50.12206 -63.68504 -60.03482 -48 -63.68504 -60.22047 -48.25197 -63.68504 -57.82677
2 24 -48 -63.68504 -60.22047 -50.12206 -63.68504 -60.03482
4 16 -48.25197 -63.68504 -57.82677 -48 -63.68504 -60.22047 48 -63.68504 -60.22047 48.25197 -63.68504 -57.82677
2 24 48 -63.68504 -60.22047 -48 -63.68504 -60.22047
4 16 48.25197 -63.68504 -57.82677 48 -63.68504 -60.22047 50.12206 -63.68504 -60.03482 49.89274 -63.68504 -57.68322
2 24 50.12206 -63.68504 -60.03482 48 -63.68504 -60.22047
4 16 49.89274 -63.68504 -57.68322 50.12206 -63.68504 -60.03482 52.17965 -63.68504 -59.48349 51.48365 -63.68504 -57.25694
2 24 52.17965 -63.68504 -59.48349 50.12206 -63.68504 -60.03482
4 16 51.48365 -63.68504 -57.25694 52.17965 -63.68504 -59.48349 54.11024 -63.68504 -58.58324 52.97638 -63.68504 -56.56087
2 24 54.11024 -63.68504 -58.58324 52.17965 -63.68504 -59.48349
4 16 52.97638 -63.68504 -56.56087 54.11024 -63.68504 -58.58324 55.85517 -63.68504 -57.36142 54.32555 -63.68504 -55.61617
2 24 55.85517 -63.68504 -57.36142 54.11024 -63.68504 -58.58324
4 16 54.32555 -63.68504 -55.61617 55.85517 -63.68504 -57.36142 57.36142 -63.68504 -55.85517 55.49018 -63.68504 -54.45154
2 24 57.36142 -63.68504 -55.85517 55.85517 -63.68504 -57.36142
4 16 55.49018 -63.68504 -54.45154 57.36142 -63.68504 -55.85517 58.58324 -63.68504 -54.11024 56.43488 -63.68504 -53.10236
2 24 58.58324 -63.68504 -54.11024 57.36142 -63.68504 -55.85517
4 16 56.43488 -63.68504 -53.10236 58.58324 -63.68504 -54.11024 59.48349 -63.68504 -52.17965 57.13095 -63.68504 -51.60964
2 24 59.48349 -63.68504 -52.17965 58.58324 -63.68504 -54.11024
4 16 57.13095 -63.68504 -51.60964 59.48349 -63.68504 -52.17965 60.03482 -63.68504 -50.12206 57.55724 -63.68504 -50.01872
2 24 60.03482 -63.68504 -50.12206 59.48349 -63.68504 -52.17965
4 16 57.55724 -63.68504 -50.01872 60.03482 -63.68504 -50.12206 60.22047 -63.68504 -48 57.70079 -63.68504 -48.37795
2 24 60.22047 -63.68504 -48 60.03482 -63.68504 -50.12206
3 16 57.70079 -63.68504 -48.37795 60.22047 -63.68504 -48 57.70079 -63.68504 0.2216581
3 16 57.70079 -63.68504 0.2216581 60.22047 -63.68504 -48 58.62099 -63.68504 11.06772
3 16 57.70079 -63.68504 0.2216581 58.62099 -63.68504 11.06772 57.59383 -63.68504 6.07453
4 16 -31.13338 -63.68504 -17.43129 -31.70216 -63.68504 -17.04721 -32.32526 -63.68504 -16.7595 -34.04969 -63.68504 -22.42783
2 24 -31.13338 -63.68504 -17.43129 -31.70216 -63.68504 -17.04721
2 24 -31.70216 -63.68504 -17.04721 -32.32526 -63.68504 -16.7595
4 16 -34.04969 -63.68504 -22.42783 -32.32526 -63.68504 -16.7595 -32.98648 -63.68504 -16.57562 -33.66866 -63.68504 -16.50036
2 24 -32.32526 -63.68504 -16.7595 -32.98648 -63.68504 -16.57562
2 24 -32.98648 -63.68504 -16.57562 -33.66866 -63.68504 -16.50036
3 16 51.04199 -63.68504 39.91065 60.22047 -63.68504 48 47.69288 -63.68504 43.75389
4 16 47.69288 -63.68504 43.75389 60.22047 -63.68504 48 60.07002 -63.68504 49.9117 59.62236 -63.68504 51.77633
2 24 60.07002 -63.68504 49.9117 60.22047 -63.68504 48
2 24 59.62236 -63.68504 51.77633 60.07002 -63.68504 49.9117
4 16 -34.04969 -63.68504 -22.42783 -33.66866 -63.68504 -16.50036 -34.35407 -63.68504 -16.53566 -35.0249 -63.68504 -16.68061
2 24 -33.66866 -63.68504 -16.50036 -34.35407 -63.68504 -16.53566
2 24 -34.35407 -63.68504 -16.53566 -35.0249 -63.68504 -16.68061

3 16 29.52119 -58.64567 -20.12645 29.52119 -63.68504 -20.12645 29.668 -58.64567 -19.69997
4 16 29.668 -58.64567 -19.69997 29.52119 -63.68504 -20.12645 29.89135 -63.68504 -19.05102 29.89135 -58.64567 -19.05102

4 16 -29.668 -58.64567 -19.69997 -29.89135 -63.68504 -19.05102 -29.52119 -63.68504 -20.12645 -29.52119 -58.64567 -20.12645
3 16 -29.89135 -58.64567 -19.05102 -29.89135 -63.68504 -19.05102 -29.668 -58.64567 -19.69997

3 16 17.52441 -63.68504 20.93856 16.77247 -63.68504 20.41205 23.54249 -63.68504 12.34385
2 24 17.52441 -63.68504 20.93856 16.77247 -63.68504 20.41205
4 16 25.34362 -63.68504 17.29241 25.10604 -63.68504 18.17908 24.71809 -63.68504 19.01102 25.42362 -63.68504 16.37795
2 24 25.34362 -63.68504 17.29241 25.10604 -63.68504 18.17908
2 24 25.10604 -63.68504 18.17908 24.71809 -63.68504 19.01102
2 24 25.42362 -63.68504 16.37795 25.34362 -63.68504 17.29241
4 16 24.19158 -63.68504 19.76296 23.54249 -63.68504 20.41205 22.79055 -63.68504 20.93856 23.54249 -63.68504 12.34385
2 24 24.19158 -63.68504 19.76296 23.54249 -63.68504 20.41205
2 24 23.54249 -63.68504 20.41205 22.79055 -63.68504 20.93856
4 16 20.15748 -63.68504 11.11181 21.07194 -63.68504 11.19182 21.95861 -63.68504 11.4294 15.59687 -63.68504 19.01102
2 24 20.15748 -63.68504 11.11181 21.07194 -63.68504 11.19182
2 24 21.07194 -63.68504 11.19182 21.95861 -63.68504 11.4294
4 16 24.19158 -63.68504 19.76296 23.54249 -63.68504 12.34385 24.19158 -63.68504 12.99294 24.71809 -63.68504 19.01102
2 24 23.54249 -63.68504 12.34385 24.19158 -63.68504 12.99294
2 24 24.71809 -63.68504 19.01102 24.19158 -63.68504 19.76296
4 16 24.71809 -63.68504 19.01102 24.19158 -63.68504 12.99294 24.71809 -63.68504 13.74488 25.10604 -63.68504 14.57683
2 24 24.19158 -63.68504 12.99294 24.71809 -63.68504 13.74488
2 24 24.71809 -63.68504 13.74488 25.10604 -63.68504 14.57683
4 16 22.79055 -63.68504 20.93856 21.95861 -63.68504 21.32651 21.07194 -63.68504 21.56409 23.54249 -63.68504 12.34385
2 24 22.79055 -63.68504 20.93856 21.95861 -63.68504 21.32651
2 24 21.95861 -63.68504 21.32651 21.07194 -63.68504 21.56409
4 16 23.54249 -63.68504 12.34385 21.07194 -63.68504 21.56409 20.15748 -63.68504 21.64409 19.24302 -63.68504 21.56409
2 24 21.07194 -63.68504 21.56409 20.15748 -63.68504 21.64409
2 24 20.15748 -63.68504 21.64409 19.24302 -63.68504 21.56409
4 16 23.54249 -63.68504 12.34385 19.24302 -63.68504 21.56409 18.35635 -63.68504 21.32651 17.52441 -63.68504 20.93856
2 24 19.24302 -63.68504 21.56409 18.35635 -63.68504 21.32651
2 24 18.35635 -63.68504 21.32651 17.52441 -63.68504 20.93856
4 16 20.15748 -63.68504 11.11181 15.59687 -63.68504 19.01102 15.20893 -63.68504 18.17908 19.24302 -63.68504 11.19182
2 24 15.59687 -63.68504 19.01102 15.20893 -63.68504 18.17908
2 24 19.24302 -63.68504 11.19182 20.15748 -63.68504 11.11181
4 16 19.24302 -63.68504 11.19182 15.20893 -63.68504 18.17908 14.97134 -63.68504 17.29241 14.89134 -63.68504 16.37795
2 24 15.20893 -63.68504 18.17908 14.97134 -63.68504 17.29241
2 24 14.97134 -63.68504 17.29241 14.89134 -63.68504 16.37795
3 16 16.12338 -63.68504 12.99294 16.77247 -63.68504 12.34385 17.52441 -63.68504 11.81734
2 24 16.12338 -63.68504 12.99294 16.77247 -63.68504 12.34385
2 24 16.77247 -63.68504 12.34385 17.52441 -63.68504 11.81734
4 16 16.77247 -63.68504 20.41205 16.12338 -63.68504 19.76296 15.59687 -63.68504 19.01102 23.54249 -63.68504 12.34385
2 24 16.77247 -63.68504 20.41205 16.12338 -63.68504 19.76296
2 24 16.12338 -63.68504 19.76296 15.59687 -63.68504 19.01102
4 16 23.54249 -63.68504 12.34385 15.59687 -63.68504 19.01102 21.95861 -63.68504 11.4294 22.79055 -63.68504 11.81734
2 24 21.95861 -63.68504 11.4294 22.79055 -63.68504 11.81734
2 24 22.79055 -63.68504 11.81734 23.54249 -63.68504 12.34385
4 16 24.71809 -63.68504 19.01102 25.10604 -63.68504 14.57683 25.34362 -63.68504 15.4635 25.42362 -63.68504 16.37795
2 24 25.10604 -63.68504 14.57683 25.34362 -63.68504 15.4635
2 24 25.34362 -63.68504 15.4635 25.42362 -63.68504 16.37795
4 16 19.24302 -63.68504 11.19182 14.89134 -63.68504 16.37795 14.97134 -63.68504 15.4635 15.20893 -63.68504 14.57683
2 24 14.89134 -63.68504 16.37795 14.97134 -63.68504 15.4635
2 24 14.97134 -63.68504 15.4635 15.20893 -63.68504 14.57683
4 16 15.20893 -63.68504 14.57683 15.59687 -63.68504 13.74488 16.12338 -63.68504 12.99294 19.24302 -63.68504 11.19182
2 24 15.20893 -63.68504 14.57683 15.59687 -63.68504 13.74488
2 24 15.59687 -63.68504 13.74488 16.12338 -63.68504 12.99294
4 16 19.24302 -63.68504 11.19182 16.12338 -63.68504 12.99294 17.52441 -63.68504 11.81734 18.35635 -63.68504 11.4294
2 24 17.52441 -63.68504 11.81734 18.35635 -63.68504 11.4294
2 24 18.35635 -63.68504 11.4294 19.24302 -63.68504 11.19182

3 16 -15.59687 -63.68504 13.74488 -15.20893 -63.68504 14.57683 -16.77247 -63.68504 20.41205
2 24 -15.59687 -63.68504 13.74488 -15.20893 -63.68504 14.57683
4 16 -24.19158 -63.68504 19.76296 -24.71809 -63.68504 19.01102 -25.10604 -63.68504 18.17908 -16.77247 -63.68504 12.34385
2 24 -24.19158 -63.68504 19.76296 -24.71809 -63.68504 19.01102
2 24 -24.71809 -63.68504 19.01102 -25.10604 -63.68504 18.17908
4 16 -15.59687 -63.68504 19.01102 -14.89134 -63.68504 16.37795 -14.97134 -63.68504 17.29241 -15.20893 -63.68504 18.17908
2 24 -14.89134 -63.68504 16.37795 -14.97134 -63.68504 17.29241
2 24 -14.97134 -63.68504 17.29241 -15.20893 -63.68504 18.17908
2 24 -15.20893 -63.68504 18.17908 -15.59687 -63.68504 19.01102
4 16 -15.20893 -63.68504 14.57683 -14.97134 -63.68504 15.4635 -14.89134 -63.68504 16.37795 -16.77247 -63.68504 20.41205
2 24 -15.20893 -63.68504 14.57683 -14.97134 -63.68504 15.4635
2 24 -14.97134 -63.68504 15.4635 -14.89134 -63.68504 16.37795
4 16 -16.77247 -63.68504 20.41205 -14.89134 -63.68504 16.37795 -15.59687 -63.68504 19.01102 -16.12338 -63.68504 19.76296
2 24 -15.59687 -63.68504 19.01102 -16.12338 -63.68504 19.76296
2 24 -16.12338 -63.68504 19.76296 -16.77247 -63.68504 20.41205
4 16 -17.52441 -63.68504 20.93856 -18.35635 -63.68504 21.32651 -16.77247 -63.68504 12.34385 -16.77247 -63.68504 20.41205
2 24 -17.52441 -63.68504 20.93856 -18.35635 -63.68504 21.32651
2 24 -16.77247 -63.68504 20.41205 -17.52441 -63.68504 20.93856
3 16 -16.77247 -63.68504 12.34385 -18.35635 -63.68504 21.32651 -19.24302 -63.68504 21.56409
2 24 -18.35635 -63.68504 21.32651 -19.24302 -63.68504 21.56409
4 16 -16.77247 -63.68504 20.41205 -16.77247 -63.68504 12.34385 -16.12338 -63.68504 12.99294 -15.59687 -63.68504 13.74488
2 24 -16.77247 -63.68504 12.34385 -16.12338 -63.68504 12.99294
2 24 -16.12338 -63.68504 12.99294 -15.59687 -63.68504 13.74488
4 16 -19.24302 -63.68504 21.56409 -20.15748 -63.68504 21.64409 -21.07194 -63.68504 21.56409 -16.77247 -63.68504 12.34385
2 24 -19.24302 -63.68504 21.56409 -20.15748 -63.68504 21.64409
2 24 -20.15748 -63.68504 21.64409 -21.07194 -63.68504 21.56409
4 16 -16.77247 -63.68504 12.34385 -21.07194 -63.68504 21.56409 -21.95861 -63.68504 21.32651 -22.79055 -63.68504 20.93856
2 24 -21.07194 -63.68504 21.56409 -21.95861 -63.68504 21.32651
2 24 -21.95861 -63.68504 21.32651 -22.79055 -63.68504 20.93856
4 16 -16.77247 -63.68504 12.34385 -22.79055 -63.68504 20.93856 -23.54249 -63.68504 20.41205 -24.19158 -63.68504 19.76296
2 24 -22.79055 -63.68504 20.93856 -23.54249 -63.68504 20.41205
2 24 -23.54249 -63.68504 20.41205 -24.19158 -63.68504 19.76296
4 16 -25.10604 -63.68504 14.57683 -24.71809 -63.68504 13.74488 -21.07194 -63.68504 11.19182 -25.34362 -63.68504 15.4635
2 24 -25.10604 -63.68504 14.57683 -24.71809 -63.68504 13.74488
2 24 -25.34362 -63.68504 15.4635 -25.10604 -63.68504 14.57683
4 16 -25.34362 -63.68504 15.4635 -21.07194 -63.68504 11.19182 -20.15748 -63.68504 11.11181 -25.42362 -63.68504 16.37795
2 24 -21.07194 -63.68504 11.19182 -20.15748 -63.68504 11.11181
2 24 -25.42362 -63.68504 16.37795 -25.34362 -63.68504 15.4635
4 16 -25.42362 -63.68504 16.37795 -20.15748 -63.68504 11.11181 -19.24302 -63.68504 11.19182 -18.35635 -63.68504 11.4294
2 24 -20.15748 -63.68504 11.11181 -19.24302 -63.68504 11.19182
2 24 -19.24302 -63.68504 11.19182 -18.35635 -63.68504 11.4294
4 16 -25.10604 -63.68504 18.17908 -25.34362 -63.68504 17.29241 -25.42362 -63.68504 16.37795 -16.77247 -63.68504 12.34385
2 24 -25.10604 -63.68504 18.17908 -25.34362 -63.68504 17.29241
2 24 -25.34362 -63.68504 17.29241 -25.42362 -63.68504 16.37795
4 16 -16.77247 -63.68504 12.34385 -25.42362 -63.68504 16.37795 -18.35635 -63.68504 11.4294 -17.52441 -63.68504 11.81734
2 24 -18.35635 -63.68504 11.4294 -17.52441 -63.68504 11.81734
2 24 -17.52441 -63.68504 11.81734 -16.77247 -63.68504 12.34385
4 16 -21.07194 -63.68504 11.19182 -24.71809 -63.68504 13.74488 -24.19158 -63.68504 12.99294 -21.95861 -63.68504 11.4294
2 24 -24.71809 -63.68504 13.74488 -24.19158 -63.68504 12.99294
2 24 -21.95861 -63.68504 11.4294 -21.07194 -63.68504 11.19182
4 16 -21.95861 -63.68504 11.4294 -24.19158 -63.68504 12.99294 -23.54249 -63.68504 12.34385 -22.79055 -63.68504 11.81734
2 24 -24.19158 -63.68504 12.99294 -23.54249 -63.68504 12.34385
2 24 -23.54249 -63.68504 12.34385 -22.79055 -63.68504 11.81734
2 24 -22.79055 -63.68504 11.81734 -21.95861 -63.68504 11.4294

3 16 -56.63335 -63.41494 -4.399158 -57.70079 -63.68504 0.2216581 -57.70079 -63.68504 -48.37795
2 24 -57.70079 -63.68504 0.2216581 -56.63335 -63.41494 -4.399158
3 16 -57.70079 -63.68504 -48.37795 -52.14623 -62.27952 -17.48701 -53.27572 -62.56532 -14.7188
2 24 -53.27572 -62.56532 -14.7188 -52.14623 -62.27952 -17.48701
4 16 -50.14173 -61.7723 -48.37795 -50.14173 -61.7723 -21.9078 -50.92656 -61.9709 -20.24084 -57.70079 -63.68504 -48.37795
2 24 -50.14173 -61.7723 -21.9078 -50.14173 -61.7723 -48.37795
2 24 -50.92656 -61.9709 -20.24084 -50.14173 -61.7723 -21.9078
3 16 -57.70079 -63.68504 -48.37795 -50.92656 -61.9709 -20.24084 -52.14623 -62.27952 -17.48701
2 24 -52.14623 -62.27952 -17.48701 -50.92656 -61.9709 -20.24084
3 16 -53.27572 -62.56532 -14.7188 -54.25384 -62.81283 -12.10363 -57.70079 -63.68504 -48.37795
2 24 -54.25384 -62.81283 -12.10363 -53.27572 -62.56532 -14.7188
3 16 -57.70079 -63.68504 -48.37795 -54.25384 -62.81283 -12.10363 -55.1547 -63.04078 -9.460378
2 24 -55.1547 -63.04078 -9.460378 -54.25384 -62.81283 -12.10363
3 16 -57.70079 -63.68504 -48.37795 -55.1547 -63.04078 -9.460378 -56.63335 -63.41494 -4.399158
2 24 -56.63335 -63.41494 -4.399158 -55.1547 -63.04078 -9.460378

3 16 57.70079 -63.68504 -48.37795 57.70079 -63.68504 0.2216581 56.63335 -63.41494 -4.399158
2 24 57.70079 -63.68504 0.2216581 56.63335 -63.41494 -4.399158
3 16 56.63335 -63.41494 -4.399158 55.1547 -63.04078 -9.460378 57.70079 -63.68504 -48.37795
2 24 56.63335 -63.41494 -4.399158 55.1547 -63.04078 -9.460378
3 16 57.70079 -63.68504 -48.37795 55.1547 -63.04078 -9.460378 54.25384 -62.81283 -12.10363
2 24 55.1547 -63.04078 -9.460378 54.25384 -62.81283 -12.10363
3 16 57.70079 -63.68504 -48.37795 54.25384 -62.81283 -12.10363 53.27572 -62.56532 -14.7188
2 24 54.25384 -62.81283 -12.10363 53.27572 -62.56532 -14.7188
3 16 50.14173 -61.7723 -21.9078 50.14173 -61.7723 -48.37795 50.93382 -61.97273 -20.22508
2 24 50.14173 -61.7723 -48.37795 50.14173 -61.7723 -21.9078
2 24 50.93382 -61.97273 -20.22508 50.14173 -61.7723 -21.9078
4 16 50.93382 -61.97273 -20.22508 50.14173 -61.7723 -48.37795 57.70079 -63.68504 -48.37795 52.14623 -62.27952 -17.48701
2 24 52.14623 -62.27952 -17.48701 50.93382 -61.97273 -20.22508
3 16 52.14623 -62.27952 -17.48701 57.70079 -63.68504 -48.37795 53.27572 -62.56532 -14.7188
2 24 53.27572 -62.56532 -14.7188 52.14623 -62.27952 -17.48701

4 16 24.94373 -63.68504 -1.908813 25.15585 -63.68504 -4.333381 25.37462 -63.68504 -4.352521 25.15585 -63.68504 -1.851975
2 24 25.15585 -63.68504 -4.333381 25.37462 -63.68504 -4.352521
2 24 25.15585 -63.68504 -1.851975 24.94373 -63.68504 -1.908813
3 16 25.15585 -63.68504 -1.851975 25.37462 -63.68504 -4.352521 25.59339 -63.68504 -4.333381
2 24 25.37462 -63.68504 -4.352521 25.59339 -63.68504 -4.333381
3 16 25.59339 -63.68504 -4.333381 25.80551 -63.68504 -4.276543 25.15585 -63.68504 -1.851975
2 24 25.59339 -63.68504 -4.333381 25.80551 -63.68504 -4.276543
3 16 25.15585 -63.68504 -1.851975 25.80551 -63.68504 -4.276543 26.00454 -63.68504 -4.183734
2 24 25.80551 -63.68504 -4.276543 26.00454 -63.68504 -4.183734
3 16 25.15585 -63.68504 -1.851975 26.00454 -63.68504 -4.183734 26.18443 -63.68504 -4.057773
2 24 26.00454 -63.68504 -4.183734 26.18443 -63.68504 -4.057773
3 16 26.63446 -63.68504 -3.092678 25.15585 -63.68504 -1.851975 26.61532 -63.68504 -3.311447
2 24 26.61532 -63.68504 -3.311447 26.63446 -63.68504 -3.092678
3 16 26.61532 -63.68504 -3.311447 25.15585 -63.68504 -1.851975 26.55848 -63.68504 -3.52357
2 24 26.55848 -63.68504 -3.52357 26.61532 -63.68504 -3.311447
3 16 24.94373 -63.68504 -1.908813 24.7447 -63.68504 -2.001622 25.15585 -63.68504 -4.333381
2 24 24.94373 -63.68504 -1.908813 24.7447 -63.68504 -2.001622
3 16 25.15585 -63.68504 -4.333381 24.7447 -63.68504 -2.001622 24.56481 -63.68504 -2.127583
2 24 24.7447 -63.68504 -2.001622 24.56481 -63.68504 -2.127583
4 16 25.15585 -63.68504 -4.333381 24.56481 -63.68504 -2.127583 24.40953 -63.68504 -2.282867 24.94373 -63.68504 -4.276543
2 24 24.56481 -63.68504 -2.127583 24.40953 -63.68504 -2.282867
2 24 24.94373 -63.68504 -4.276543 25.15585 -63.68504 -4.333381
3 16 26.63446 -63.68504 -3.092678 26.61532 -63.68504 -2.873909 25.15585 -63.68504 -1.851975
2 24 26.63446 -63.68504 -3.092678 26.61532 -63.68504 -2.873909
3 16 25.15585 -63.68504 -1.851975 26.61532 -63.68504 -2.873909 26.55848 -63.68504 -2.661787
2 24 26.61532 -63.68504 -2.873909 26.55848 -63.68504 -2.661787
3 16 25.15585 -63.68504 -1.851975 26.55848 -63.68504 -2.661787 26.46567 -63.68504 -2.462757
2 24 26.55848 -63.68504 -2.661787 26.46567 -63.68504 -2.462757
4 16 24.28356 -63.68504 -2.462757 24.7447 -63.68504 -4.183734 24.94373 -63.68504 -4.276543 24.40953 -63.68504 -2.282867
2 24 24.7447 -63.68504 -4.183734 24.94373 -63.68504 -4.276543
2 24 24.40953 -63.68504 -2.282867 24.28356 -63.68504 -2.462757
3 16 24.28356 -63.68504 -2.462757 24.19076 -63.68504 -2.661787 24.7447 -63.68504 -4.183734
2 24 24.28356 -63.68504 -2.462757 24.19076 -63.68504 -2.661787
3 16 24.7447 -63.68504 -4.183734 24.19076 -63.68504 -2.661787 24.13392 -63.68504 -2.873909
2 24 24.19076 -63.68504 -2.661787 24.13392 -63.68504 -2.873909
3 16 24.7447 -63.68504 -4.183734 24.13392 -63.68504 -2.873909 24.11478 -63.68504 -3.092678
2 24 24.13392 -63.68504 -2.873909 24.11478 -63.68504 -3.092678
3 16 26.18443 -63.68504 -4.057773 26.33972 -63.68504 -3.902489 25.15585 -63.68504 -1.851975
2 24 26.18443 -63.68504 -4.057773 26.33972 -63.68504 -3.902489
3 16 25.15585 -63.68504 -1.851975 26.33972 -63.68504 -3.902489 26.46567 -63.68504 -3.722599
2 24 26.33972 -63.68504 -3.902489 26.46567 -63.68504 -3.722599
3 16 25.15585 -63.68504 -1.851975 26.46567 -63.68504 -3.722599 26.55848 -63.68504 -3.52357
2 24 26.46567 -63.68504 -3.722599 26.55848 -63.68504 -3.52357
3 16 25.59339 -63.68504 -1.851975 26.18443 -63.68504 -2.127583 25.80551 -63.68504 -1.908813
2 24 25.80551 -63.68504 -1.908813 25.59339 -63.68504 -1.851975
3 16 25.80551 -63.68504 -1.908813 26.18443 -63.68504 -2.127583 26.00454 -63.68504 -2.001622
2 24 26.18443 -63.68504 -2.127583 26.00454 -63.68504 -2.001622
2 24 26.00454 -63.68504 -2.001622 25.80551 -63.68504 -1.908813
3 16 26.46567 -63.68504 -2.462757 26.33972 -63.68504 -2.282867 25.15585 -63.68504 -1.851975
2 24 26.46567 -63.68504 -2.462757 26.33972 -63.68504 -2.282867
4 16 25.15585 -63.68504 -1.851975 26.33972 -63.68504 -2.282867 26.18443 -63.68504 -2.127583 25.37462 -63.68504 -1.832835
2 24 26.33972 -63.68504 -2.282867 26.18443 -63.68504 -2.127583
2 24 25.37462 -63.68504 -1.832835 25.15585 -63.68504 -1.851975
3 16 25.37462 -63.68504 -1.832835 26.18443 -63.68504 -2.127583 25.59339 -63.68504 -1.851975
2 24 25.59339 -63.68504 -1.851975 25.37462 -63.68504 -1.832835
3 16 24.11478 -63.68504 -3.092678 24.13392 -63.68504 -3.311447 24.7447 -63.68504 -4.183734
2 24 24.11478 -63.68504 -3.092678 24.13392 -63.68504 -3.311447
3 16 24.7447 -63.68504 -4.183734 24.13392 -63.68504 -3.311447 24.19076 -63.68504 -3.52357
2 24 24.13392 -63.68504 -3.311447 24.19076 -63.68504 -3.52357
4 16 24.7447 -63.68504 -4.183734 24.19076 -63.68504 -3.52357 24.28356 -63.68504 -3.722599 24.56481 -63.68504 -4.057773
2 24 24.19076 -63.68504 -3.52357 24.28356 -63.68504 -3.722599
2 24 24.56481 -63.68504 -4.057773 24.7447 -63.68504 -4.183734
3 16 24.56481 -63.68504 -4.057773 24.28356 -63.68504 -3.722599 24.40953 -63.68504 -3.902489
2 24 24.28356 -63.68504 -3.722599 24.40953 -63.68504 -3.902489
2 24 24.40953 -63.68504 -3.902489 24.56481 -63.68504 -4.057773

3 16 41.12477 -63.68504 17.34305 40.94488 -63.68504 17.46901 40.94488 -63.68504 15.2869
2 24 41.12477 -63.68504 17.34305 40.94488 -63.68504 17.46901
4 16 39.22391 -63.68504 17.00787 39.13109 -63.68504 16.80884 39.22391 -63.68504 15.74803 39.34987 -63.68504 15.56814
2 24 39.22391 -63.68504 17.00787 39.13109 -63.68504 16.80884
2 24 39.22391 -63.68504 15.74803 39.34987 -63.68504 15.56814
3 16 41.12477 -63.68504 17.34305 40.94488 -63.68504 15.2869 41.28005 -63.68504 17.18776
2 24 41.28005 -63.68504 17.18776 41.12477 -63.68504 17.34305
3 16 39.50515 -63.68504 15.41286 39.68504 -63.68504 15.2869 39.68504 -63.68504 17.46901
2 24 39.50515 -63.68504 15.41286 39.68504 -63.68504 15.2869
3 16 41.12477 -63.68504 15.41286 41.28005 -63.68504 15.56814 41.49882 -63.68504 16.80884
2 24 41.12477 -63.68504 15.41286 41.28005 -63.68504 15.56814
3 16 41.49882 -63.68504 16.80884 41.28005 -63.68504 15.56814 41.40602 -63.68504 15.74803
2 24 41.28005 -63.68504 15.56814 41.40602 -63.68504 15.74803
3 16 40.94488 -63.68504 17.46901 40.74585 -63.68504 17.56182 40.94488 -63.68504 15.2869
2 24 40.94488 -63.68504 17.46901 40.74585 -63.68504 17.56182
3 16 40.94488 -63.68504 15.2869 40.74585 -63.68504 17.56182 40.53373 -63.68504 17.61865
2 24 40.74585 -63.68504 17.56182 40.53373 -63.68504 17.61865
3 16 40.94488 -63.68504 15.2869 40.53373 -63.68504 17.61865 40.31496 -63.68504 17.63779
2 24 40.53373 -63.68504 17.61865 40.31496 -63.68504 17.63779
3 16 40.31496 -63.68504 17.63779 40.09619 -63.68504 17.61865 40.94488 -63.68504 15.2869
2 24 40.31496 -63.68504 17.63779 40.09619 -63.68504 17.61865
3 16 40.94488 -63.68504 15.2869 40.09619 -63.68504 17.61865 39.88407 -63.68504 17.56182
2 24 40.09619 -63.68504 17.61865 39.88407 -63.68504 17.56182
4 16 40.94488 -63.68504 15.2869 39.88407 -63.68504 17.56182 39.68504 -63.68504 17.46901 40.74585 -63.68504 15.19409
2 24 39.88407 -63.68504 17.56182 39.68504 -63.68504 17.46901
2 24 40.74585 -63.68504 15.19409 40.94488 -63.68504 15.2869
3 16 39.22391 -63.68504 17.00787 39.34987 -63.68504 15.56814 39.34987 -63.68504 17.18776
2 24 39.34987 -63.68504 17.18776 39.22391 -63.68504 17.00787
4 16 41.12477 -63.68504 15.41286 41.49882 -63.68504 16.80884 41.40602 -63.68504 17.00787 40.94488 -63.68504 15.2869
2 24 41.49882 -63.68504 16.80884 41.40602 -63.68504 17.00787
2 24 40.94488 -63.68504 15.2869 41.12477 -63.68504 15.41286
3 16 40.94488 -63.68504 15.2869 41.40602 -63.68504 17.00787 41.28005 -63.68504 17.18776
2 24 41.40602 -63.68504 17.00787 41.28005 -63.68504 17.18776
4 16 39.50515 -63.68504 15.41286 39.68504 -63.68504 17.46901 39.50515 -63.68504 17.34305 39.34987 -63.68504 15.56814
2 24 39.68504 -63.68504 17.46901 39.50515 -63.68504 17.34305
2 24 39.34987 -63.68504 15.56814 39.50515 -63.68504 15.41286
3 16 39.34987 -63.68504 15.56814 39.50515 -63.68504 17.34305 39.34987 -63.68504 17.18776
2 24 39.50515 -63.68504 17.34305 39.34987 -63.68504 17.18776
3 16 39.05512 -63.68504 16.37795 39.07426 -63.68504 16.15918 39.07426 -63.68504 16.59672
2 24 39.05512 -63.68504 16.37795 39.07426 -63.68504 16.15918
2 24 39.07426 -63.68504 16.59672 39.05512 -63.68504 16.37795
3 16 39.07426 -63.68504 16.59672 39.07426 -63.68504 16.15918 39.13109 -63.68504 15.94706
2 24 39.07426 -63.68504 16.15918 39.13109 -63.68504 15.94706
4 16 39.07426 -63.68504 16.59672 39.13109 -63.68504 15.94706 39.22391 -63.68504 15.74803 39.13109 -63.68504 16.80884
2 24 39.13109 -63.68504 15.94706 39.22391 -63.68504 15.74803
2 24 39.13109 -63.68504 16.80884 39.07426 -63.68504 16.59672
3 16 39.68504 -63.68504 15.2869 39.88407 -63.68504 15.19409 39.68504 -63.68504 17.46901
2 24 39.68504 -63.68504 15.2869 39.88407 -63.68504 15.19409
3 16 39.68504 -63.68504 17.46901 39.88407 -63.68504 15.19409 40.09619 -63.68504 15.13725
2 24 39.88407 -63.68504 15.19409 40.09619 -63.68504 15.13725
3 16 39.68504 -63.68504 17.46901 40.09619 -63.68504 15.13725 40.31496 -63.68504 15.11811
2 24 40.09619 -63.68504 15.13725 40.31496 -63.68504 15.11811
3 16 40.31496 -63.68504 15.11811 40.53373 -63.68504 15.13725 39.68504 -63.68504 17.46901
2 24 40.31496 -63.68504 15.11811 40.53373 -63.68504 15.13725
3 16 39.68504 -63.68504 17.46901 40.53373 -63.68504 15.13725 40.74585 -63.68504 15.19409
2 24 40.53373 -63.68504 15.13725 40.74585 -63.68504 15.19409
3 16 41.40602 -63.68504 15.74803 41.49882 -63.68504 15.94706 41.49882 -63.68504 16.80884
2 24 41.40602 -63.68504 15.74803 41.49882 -63.68504 15.94706
4 16 41.49882 -63.68504 16.80884 41.49882 -63.68504 15.94706 41.55566 -63.68504 16.15918 41.55566 -63.68504 16.59672
2 24 41.49882 -63.68504 15.94706 41.55566 -63.68504 16.15918
2 24 41.55566 -63.68504 16.59672 41.49882 -63.68504 16.80884
3 16 41.55566 -63.68504 16.59672 41.55566 -63.68504 16.15918 41.5748 -63.68504 16.37795
2 24 41.55566 -63.68504 16.15918 41.5748 -63.68504 16.37795
2 24 41.5748 -63.68504 16.37795 41.55566 -63.68504 16.59672

4 16 24.94373 -63.68504 34.66472 25.15585 -63.68504 34.60788 25.37462 -63.68504 37.10843 25.15585 -63.68504 37.08928
2 24 24.94373 -63.68504 34.66472 25.15585 -63.68504 34.60788
2 24 25.37462 -63.68504 37.10843 25.15585 -63.68504 37.08928
4 16 25.37462 -63.68504 34.58874 25.59339 -63.68504 37.08928 25.37462 -63.68504 37.10843 25.15585 -63.68504 34.60788
2 24 25.59339 -63.68504 37.08928 25.37462 -63.68504 37.10843
2 24 25.15585 -63.68504 34.60788 25.37462 -63.68504 34.58874
3 16 25.37462 -63.68504 34.58874 25.59339 -63.68504 34.60788 25.59339 -63.68504 37.08928
2 24 25.37462 -63.68504 34.58874 25.59339 -63.68504 34.60788
3 16 25.59339 -63.68504 37.08928 25.59339 -63.68504 34.60788 25.80551 -63.68504 34.66472
2 24 25.59339 -63.68504 34.60788 25.80551 -63.68504 34.66472
3 16 25.59339 -63.68504 37.08928 25.80551 -63.68504 34.66472 26.00454 -63.68504 34.75753
2 24 25.80551 -63.68504 34.66472 26.00454 -63.68504 34.75753
3 16 26.46567 -63.68504 35.21866 26.55848 -63.68504 35.41769 26.33972 -63.68504 36.6584
2 24 26.46567 -63.68504 35.21866 26.55848 -63.68504 35.41769
4 16 24.94373 -63.68504 34.66472 25.15585 -63.68504 37.08928 24.94373 -63.68504 37.03245 24.7447 -63.68504 34.75753
2 24 25.15585 -63.68504 37.08928 24.94373 -63.68504 37.03245
2 24 24.7447 -63.68504 34.75753 24.94373 -63.68504 34.66472
3 16 24.7447 -63.68504 34.75753 24.94373 -63.68504 37.03245 24.7447 -63.68504 36.93964
2 24 24.94373 -63.68504 37.03245 24.7447 -63.68504 36.93964
3 16 24.7447 -63.68504 36.93964 24.56481 -63.68504 36.81368 24.7447 -63.68504 34.75753
2 24 24.7447 -63.68504 36.93964 24.56481 -63.68504 36.81368
4 16 24.7447 -63.68504 34.75753 24.56481 -63.68504 36.81368 24.40953 -63.68504 36.6584 24.56481 -63.68504 34.88349
2 24 24.56481 -63.68504 36.81368 24.40953 -63.68504 36.6584
2 24 24.56481 -63.68504 34.88349 24.7447 -63.68504 34.75753
3 16 24.13392 -63.68504 35.62981 24.19076 -63.68504 35.41769 24.40953 -63.68504 36.6584
2 24 24.13392 -63.68504 35.62981 24.19076 -63.68504 35.41769
4 16 26.46567 -63.68504 35.21866 26.33972 -63.68504 36.6584 26.18443 -63.68504 36.81368 26.33972 -63.68504 35.03877
2 24 26.33972 -63.68504 36.6584 26.18443 -63.68504 36.81368
2 24 26.33972 -63.68504 35.03877 26.46567 -63.68504 35.21866
3 16 26.33972 -63.68504 35.03877 26.18443 -63.68504 36.81368 26.00454 -63.68504 36.93964
2 24 26.18443 -63.68504 36.81368 26.00454 -63.68504 36.93964
3 16 26.00454 -63.68504 34.75753 26.18443 -63.68504 34.88349 25.59339 -63.68504 37.08928
2 24 26.00454 -63.68504 34.75753 26.18443 -63.68504 34.88349
4 16 25.59339 -63.68504 37.08928 26.18443 -63.68504 34.88349 26.33972 -63.68504 35.03877 25.80551 -63.68504 37.03245
2 24 26.18443 -63.68504 34.88349 26.33972 -63.68504 35.03877
2 24 25.80551 -63.68504 37.03245 25.59339 -63.68504 37.08928
3 16 25.80551 -63.68504 37.03245 26.33972 -63.68504 35.03877 26.00454 -63.68504 36.93964
2 24 26.00454 -63.68504 36.93964 25.80551 -63.68504 37.03245
3 16 24.19076 -63.68504 36.27947 24.13392 -63.68504 36.06735 24.11478 -63.68504 35.84858
2 24 24.19076 -63.68504 36.27947 24.13392 -63.68504 36.06735
2 24 24.13392 -63.68504 36.06735 24.11478 -63.68504 35.84858
3 16 24.19076 -63.68504 35.41769 24.28356 -63.68504 35.21866 24.40953 -63.68504 36.6584
2 24 24.19076 -63.68504 35.41769 24.28356 -63.68504 35.21866
3 16 24.40953 -63.68504 36.6584 24.28356 -63.68504 35.21866 24.40953 -63.68504 35.03877
2 24 24.28356 -63.68504 35.21866 24.40953 -63.68504 35.03877
3 16 24.40953 -63.68504 36.6584 24.40953 -63.68504 35.03877 24.56481 -63.68504 34.88349
2 24 24.40953 -63.68504 35.03877 24.56481 -63.68504 34.88349
3 16 26.63446 -63.68504 35.84858 26.61532 -63.68504 36.06735 26.55848 -63.68504 36.27947
2 24 26.63446 -63.68504 35.84858 26.61532 -63.68504 36.06735
2 24 26.61532 -63.68504 36.06735 26.55848 -63.68504 36.27947
3 16 26.55848 -63.68504 35.41769 26.61532 -63.68504 35.62981 26.33972 -63.68504 36.6584
2 24 26.55848 -63.68504 35.41769 26.61532 -63.68504 35.62981
4 16 26.33972 -63.68504 36.6584 26.61532 -63.68504 35.62981 26.63446 -63.68504 35.84858 26.46567 -63.68504 36.4785
2 24 26.61532 -63.68504 35.62981 26.63446 -63.68504 35.84858
2 24 26.46567 -63.68504 36.4785 26.33972 -63.68504 36.6584
3 16 26.46567 -63.68504 36.4785 26.63446 -63.68504 35.84858 26.55848 -63.68504 36.27947
2 24 26.55848 -63.68504 36.27947 26.46567 -63.68504 36.4785
4 16 24.13392 -63.68504 35.62981 24.40953 -63.68504 36.6584 24.28356 -63.68504 36.4785 24.11478 -63.68504 35.84858
2 24 24.40953 -63.68504 36.6584 24.28356 -63.68504 36.4785
2 24 24.11478 -63.68504 35.84858 24.13392 -63.68504 35.62981
3 16 24.11478 -63.68504 35.84858 24.28356 -63.68504 36.4785 24.19076 -63.68504 36.27947
2 24 24.28356 -63.68504 36.4785 24.19076 -63.68504 36.27947

4 16 53.54798 -63.05512 58.88852 54.11993 -63.05512 60.01105 52.16565 -63.05512 60.82054 51.77633 -63.05512 59.62236
2 24 52.16565 -63.05512 60.82054 54.11993 -63.05512 60.01105
2 24 51.77633 -63.05512 59.62236 53.54798 -63.05512 58.88852
4 16 51.77633 -63.05512 59.62236 52.16565 -63.05512 60.82054 50.10879 -63.05512 61.31435 49.9117 -63.05512 60.07002
2 24 50.10879 -63.05512 61.31435 52.16565 -63.05512 60.82054
2 24 49.9117 -63.05512 60.07002 51.77633 -63.05512 59.62236
4 16 49.9117 -63.05512 60.07002 50.10879 -63.05512 61.31435 48 -63.05512 61.48031 48 -63.05512 60.22047
2 24 48 -63.05512 61.48031 50.10879 -63.05512 61.31435
2 24 48 -63.05512 60.22047 49.9117 -63.05512 60.07002
4 16 48 -63.05512 60.22047 48 -63.05512 61.48031 -48 -63.05512 61.48031 -48 -63.05512 60.22047
2 24 -48 -63.05512 61.48031 48 -63.05512 61.48031
2 24 -48 -63.05512 60.22047 48 -63.05512 60.22047
4 16 -48 -63.05512 60.22047 -48 -63.05512 61.48031 -50.34083 -63.05512 61.27552 -50.12206 -63.05512 60.03482
2 24 -50.34083 -63.05512 61.27552 -48 -63.05512 61.48031
2 24 -50.12206 -63.05512 60.03482 -48 -63.05512 60.22047
4 16 -50.12206 -63.05512 60.03482 -50.34083 -63.05512 61.27552 -52.61054 -63.05512 60.66735 -52.17965 -63.05512 59.48349
2 24 -52.61054 -63.05512 60.66735 -50.34083 -63.05512 61.27552
2 24 -52.17965 -63.05512 59.48349 -50.12206 -63.05512 60.03482
4 16 -52.17965 -63.05512 59.48349 -52.61054 -63.05512 60.66735 -54.74016 -63.05512 59.67429 -54.11024 -63.05512 58.58324
2 24 -54.74016 -63.05512 59.67429 -52.61054 -63.05512 60.66735
2 24 -54.11024 -63.05512 58.58324 -52.17965 -63.05512 59.48349
4 16 -54.11024 -63.05512 58.58324 -54.74016 -63.05512 59.67429 -56.66498 -63.05512 58.32652 -55.85517 -63.05512 57.36142
2 24 -56.66498 -63.05512 58.32652 -54.74016 -63.05512 59.67429
2 24 -55.85517 -63.05512 57.36142 -54.11024 -63.05512 58.58324
4 16 -55.85517 -63.05512 57.36142 -56.66498 -63.05512 58.32652 -58.32652 -63.05512 56.66498 -57.36142 -63.05512 55.85517
2 24 -58.32652 -63.05512 56.66498 -56.66498 -63.05512 58.32652
2 24 -57.36142 -63.05512 55.85517 -55.85517 -63.05512 57.36142
4 16 -57.36142 -63.05512 55.85517 -58.32652 -63.05512 56.66498 -59.67429 -63.05512 54.74016 -58.58324 -63.05512 54.11024
2 24 -59.67429 -63.05512 54.74016 -58.32652 -63.05512 56.66498
2 24 -58.58324 -63.05512 54.11024 -57.36142 -63.05512 55.85517
4 16 -58.58324 -63.05512 54.11024 -59.67429 -63.05512 54.74016 -60.66735 -63.05512 52.61054 -59.48349 -63.05512 52.17965
2 24 -60.66735 -63.05512 52.61054 -59.67429 -63.05512 54.74016
2 24 -59.48349 -63.05512 52.17965 -58.58324 -63.05512 54.11024
4 16 -59.48349 -63.05512 52.17965 -60.66735 -63.05512 52.61054 -61.27552 -63.05512 50.34083 -60.03482 -63.05512 50.12206
2 24 -61.27552 -63.05512 50.34083 -60.66735 -63.05512 52.61054
2 24 -60.03482 -63.05512 50.12206 -59.48349 -63.05512 52.17965
4 16 -60.03482 -63.05512 50.12206 -61.27552 -63.05512 50.34083 -61.48031 -63.05512 48 -60.22047 -63.05512 48
2 24 -61.48031 -63.05512 48 -61.27552 -63.05512 50.34083
2 24 -60.22047 -63.05512 48 -60.03482 -63.05512 50.12206
4 16 -60.22047 -63.05512 48 -61.48031 -63.05512 48 -61.48031 -63.05512 -48 -60.22047 -63.05512 -48
2 24 -61.48031 -63.05512 -48 -61.48031 -63.05512 48
2 24 -60.22047 -63.05512 -48 -60.22047 -63.05512 48
4 16 -60.22047 -63.05512 -48 -61.48031 -63.05512 -48 -61.27552 -63.05512 -50.34083 -60.03482 -63.05512 -50.12206
2 24 -61.27552 -63.05512 -50.34083 -61.48031 -63.05512 -48
2 24 -60.03482 -63.05512 -50.12206 -60.22047 -63.05512 -48
4 16 -60.03482 -63.05512 -50.12206 -61.27552 -63.05512 -50.34083 -60.66735 -63.05512 -52.61054 -59.48349 -63.05512 -52.17965
2 24 -60.66735 -63.05512 -52.61054 -61.27552 -63.05512 -50.34083
2 24 -59.48349 -63.05512 -52.17965 -60.03482 -63.05512 -50.12206
4 16 -59.48349 -63.05512 -52.17965 -60.66735 -63.05512 -52.61054 -59.67429 -63.05512 -54.74016 -58.58324 -63.05512 -54.11024
2 24 -59.67429 -63.05512 -54.74016 -60.66735 -63.05512 -52.61054
2 24 -58.58324 -63.05512 -54.11024 -59.48349 -63.05512 -52.17965
4 16 -58.58324 -63.05512 -54.11024 -59.67429 -63.05512 -54.74016 -58.32652 -63.05512 -56.66498 -57.36142 -63.05512 -55.85517
2 24 -58.32652 -63.05512 -56.66498 -59.67429 -63.05512 -54.74016
2 24 -57.36142 -63.05512 -55.85517 -58.58324 -63.05512 -54.11024
4 16 -57.36142 -63.05512 -55.85517 -58.32652 -63.05512 -56.66498 -56.66498 -63.05512 -58.32652 -55.85517 -63.05512 -57.36142
2 24 -56.66498 -63.05512 -58.32652 -58.32652 -63.05512 -56.66498
2 24 -55.85517 -63.05512 -57.36142 -57.36142 -63.05512 -55.85517
4 16 -55.85517 -63.05512 -57.36142 -56.66498 -63.05512 -58.32652 -54.74016 -63.05512 -59.67429 -54.11024 -63.05512 -58.58324
2 24 -54.74016 -63.05512 -59.67429 -56.66498 -63.05512 -58.32652
2 24 -54.11024 -63.05512 -58.58324 -55.85517 -63.05512 -57.36142
4 16 -54.11024 -63.05512 -58.58324 -54.74016 -63.05512 -59.67429 -52.61054 -63.05512 -60.66735 -52.17965 -63.05512 -59.48349
2 24 -52.61054 -63.05512 -60.66735 -54.74016 -63.05512 -59.67429
2 24 -52.17965 -63.05512 -59.48349 -54.11024 -63.05512 -58.58324
4 16 -52.17965 -63.05512 -59.48349 -52.61054 -63.05512 -60.66735 -50.34083 -63.05512 -61.27552 -50.12206 -63.05512 -60.03482
2 24 -50.34083 -63.05512 -61.27552 -52.61054 -63.05512 -60.66735
2 24 -50.12206 -63.05512 -60.03482 -52.17965 -63.05512 -59.48349
4 16 -50.12206 -63.05512 -60.03482 -50.34083 -63.05512 -61.27552 -48 -63.05512 -61.48031 -48 -63.05512 -60.22047
2 24 -48 -63.05512 -61.48031 -50.34083 -63.05512 -61.27552
2 24 -48 -63.05512 -60.22047 -50.12206 -63.05512 -60.03482
4 16 -48 -63.05512 -60.22047 -48 -63.05512 -61.48031 48 -63.05512 -61.48031 48 -63.05512 -60.22047
2 24 48 -63.05512 -61.48031 -48 -63.05512 -61.48031
2 24 48 -63.05512 -60.22047 -48 -63.05512 -60.22047
4 16 48 -63.05512 -60.22047 48 -63.05512 -61.48031 50.34083 -63.05512 -61.27552 50.12206 -63.05512 -60.03482
2 24 50.34083 -63.05512 -61.27552 48 -63.05512 -61.48031
2 24 50.12206 -63.05512 -60.03482 48 -63.05512 -60.22047
4 16 50.12206 -63.05512 -60.03482 50.34083 -63.05512 -61.27552 52.61054 -63.05512 -60.66735 52.17965 -63.05512 -59.48349
2 24 52.61054 -63.05512 -60.66735 50.34083 -63.05512 -61.27552
2 24 52.17965 -63.05512 -59.48349 50.12206 -63.05512 -60.03482
4 16 52.17965 -63.05512 -59.48349 52.61054 -63.05512 -60.66735 54.74016 -63.05512 -59.67429 54.11024 -63.05512 -58.58324
2 24 54.74016 -63.05512 -59.67429 52.61054 -63.05512 -60.66735
2 24 54.11024 -63.05512 -58.58324 52.17965 -63.05512 -59.48349
4 16 54.11024 -63.05512 -58.58324 54.74016 -63.05512 -59.67429 56.66498 -63.05512 -58.32652 55.85517 -63.05512 -57.36142
2 24 56.66498 -63.05512 -58.32652 54.74016 -63.05512 -59.67429
2 24 55.85517 -63.05512 -57.36142 54.11024 -63.05512 -58.58324
4 16 55.85517 -63.05512 -57.36142 56.66498 -63.05512 -58.32652 58.32652 -63.05512 -56.66498 57.36142 -63.05512 -55.85517
2 24 58.32652 -63.05512 -56.66498 56.66498 -63.05512 -58.32652
2 24 57.36142 -63.05512 -55.85517 55.85517 -63.05512 -57.36142
4 16 57.36142 -63.05512 -55.85517 58.32652 -63.05512 -56.66498 59.67429 -63.05512 -54.74016 58.58324 -63.05512 -54.11024
2 24 59.67429 -63.05512 -54.74016 58.32652 -63.05512 -56.66498
2 24 58.58324 -63.05512 -54.11024 57.36142 -63.05512 -55.85517
4 16 58.58324 -63.05512 -54.11024 59.67429 -63.05512 -54.74016 60.66735 -63.05512 -52.61054 59.48349 -63.05512 -52.17965
2 24 60.66735 -63.05512 -52.61054 59.67429 -63.05512 -54.74016
2 24 59.48349 -63.05512 -52.17965 58.58324 -63.05512 -54.11024
4 16 59.48349 -63.05512 -52.17965 60.66735 -63.05512 -52.61054 61.27552 -63.05512 -50.34083 60.03482 -63.05512 -50.12206
2 24 61.27552 -63.05512 -50.34083 60.66735 -63.05512 -52.61054
2 24 60.03482 -63.05512 -50.12206 59.48349 -63.05512 -52.17965
4 16 60.03482 -63.05512 -50.12206 61.27552 -63.05512 -50.34083 61.48031 -63.05512 -48 60.22047 -63.05512 -48
2 24 61.48031 -63.05512 -48 61.27552 -63.05512 -50.34083
2 24 60.22047 -63.05512 -48 60.03482 -63.05512 -50.12206
4 16 60.22047 -63.05512 -48 61.48031 -63.05512 -48 61.48031 -63.05512 48 60.22047 -63.05512 48
2 24 61.48031 -63.05512 48 61.48031 -63.05512 -48
2 24 60.22047 -63.05512 48 60.22047 -63.05512 -48
4 16 60.22047 -63.05512 48 61.48031 -63.05512 48 61.31435 -63.05512 50.10879 60.07002 -63.05512 49.9117
2 24 61.31435 -63.05512 50.10879 61.48031 -63.05512 48
2 24 60.07002 -63.05512 49.9117 60.22047 -63.05512 48
4 16 60.07002 -63.05512 49.9117 61.31435 -63.05512 50.10879 60.82054 -63.05512 52.16565 59.62236 -63.05512 51.77633
2 24 60.82054 -63.05512 52.16565 61.31435 -63.05512 50.10879
2 24 59.62236 -63.05512 51.77633 60.07002 -63.05512 49.9117
4 16 59.62236 -63.05512 51.77633 60.82054 -63.05512 52.16565 60.01105 -63.05512 54.11993 58.88852 -63.05512 53.54798
2 24 60.01105 -63.05512 54.11993 60.82054 -63.05512 52.16565
2 24 58.88852 -63.05512 53.54798 59.62236 -63.05512 51.77633
4 16 58.88852 -63.05512 53.54798 60.01105 -63.05512 54.11993 58.9058 -63.05512 55.92353 57.88657 -63.05512 55.18301
2 24 58.9058 -63.05512 55.92353 60.01105 -63.05512 54.11993
2 24 57.88657 -63.05512 55.18301 58.88852 -63.05512 53.54798
4 16 57.88657 -63.05512 55.18301 58.9058 -63.05512 55.92353 57.53202 -63.05512 57.53202 56.64118 -63.05512 56.64118
2 24 57.53202 -63.05512 57.53202 58.9058 -63.05512 55.92353
2 24 56.64118 -63.05512 56.64118 57.88657 -63.05512 55.18301
4 16 56.64118 -63.05512 56.64118 57.53202 -63.05512 57.53202 55.92353 -63.05512 58.9058 55.18301 -63.05512 57.88657
2 24 55.92353 -63.05512 58.9058 57.53202 -63.05512 57.53202
2 24 55.18301 -63.05512 57.88657 56.64118 -63.05512 56.64118
4 16 55.18301 -63.05512 57.88657 55.92353 -63.05512 58.9058 54.11993 -63.05512 60.01105 53.54798 -63.05512 58.88852
2 24 54.11993 -63.05512 60.01105 55.92353 -63.05512 58.9058
2 24 53.54798 -63.05512 58.88852 55.18301 -63.05512 57.88657

3 16 7.559055 -61.16536 -49.00787 -48.25197 -61.16536 -50.26772 48.25197 -61.16536 -50.26772
2 24 -48.25197 -61.16536 -50.26772 48.25197 -61.16536 -50.26772
4 16 7.559055 -61.16536 -47.24409 -7.559055 -61.16536 -47.24409 -7.559055 -61.16536 -49.00787 7.559055 -61.16536 -49.00787
2 24 -7.559055 -61.16536 -47.24409 7.559055 -61.16536 -47.24409
2 24 -7.559055 -61.16536 -49.00787 -7.559055 -61.16536 -47.24409
2 24 7.559055 -61.16536 -47.24409 7.559055 -61.16536 -49.00787
3 16 7.559055 -61.16536 -49.00787 -7.559055 -61.16536 -49.00787 -48.25197 -61.16536 -50.26772
3 16 -48.25197 -61.16536 -50.26772 -7.559055 -61.16536 -49.00787 -48.25197 -61.16536 -49.00787
2 24 -48.25197 -61.16536 -49.00787 -7.559055 -61.16536 -49.00787
4 16 -48.25197 -61.16536 -50.26772 -48.25197 -61.16536 -49.00787 -48.36135 -61.16536 -48.9983 -48.58012 -61.16536 -50.239
2 24 -48.36135 -61.16536 -48.9983 -48.25197 -61.16536 -49.00787
2 24 -48.58012 -61.16536 -50.239 -48.25197 -61.16536 -50.26772
4 16 -48.58012 -61.16536 -50.239 -48.36135 -61.16536 -48.9983 -48.46741 -61.16536 -48.96988 -48.89831 -61.16536 -50.15375
2 24 -48.46741 -61.16536 -48.96988 -48.36135 -61.16536 -48.9983
2 24 -48.89831 -61.16536 -50.15375 -48.58012 -61.16536 -50.239
4 16 -48.89831 -61.16536 -50.15375 -48.46741 -61.16536 -48.96988 -48.56693 -61.16536 -48.92348 -49.19685 -61.16536 -50.01454
2 24 -48.56693 -61.16536 -48.92348 -48.46741 -61.16536 -48.96988
2 24 -49.19685 -61.16536 -50.01454 -48.89831 -61.16536 -50.15375
4 16 -49.19685 -61.16536 -50.01454 -48.56693 -61.16536 -48.92348 -48.65687 -61.16536 -48.8605 -49.46668 -61.16536 -49.82559
2 24 -48.65687 -61.16536 -48.8605 -48.56693 -61.16536 -48.92348
2 24 -49.46668 -61.16536 -49.82559 -49.19685 -61.16536 -50.01454
4 16 -49.46668 -61.16536 -49.82559 -48.65687 -61.16536 -48.8605 -48.73452 -61.16536 -48.78286 -49.69961 -61.16536 -49.59267
2 24 -48.73452 -61.16536 -48.78286 -48.65687 -61.16536 -48.8605
2 24 -49.69961 -61.16536 -49.59267 -49.46668 -61.16536 -49.82559
4 16 -49.69961 -61.16536 -49.59267 -48.73452 -61.16536 -48.78286 -48.7975 -61.16536 -48.69291 -49.88855 -61.16536 -49.32283
2 24 -48.7975 -61.16536 -48.69291 -48.73452 -61.16536 -48.78286
2 24 -49.88855 -61.16536 -49.32283 -49.69961 -61.16536 -49.59267
4 16 -49.88855 -61.16536 -49.32283 -48.7975 -61.16536 -48.69291 -48.8439 -61.16536 -48.5934 -50.02777 -61.16536 -49.02429
2 24 -48.8439 -61.16536 -48.5934 -48.7975 -61.16536 -48.69291
2 24 -50.02777 -61.16536 -49.02429 -49.88855 -61.16536 -49.32283
4 16 -50.02777 -61.16536 -49.02429 -48.8439 -61.16536 -48.5934 -48.87232 -61.16536 -48.48734 -50.11302 -61.16536 -48.70611
2 24 -48.87232 -61.16536 -48.48734 -48.8439 -61.16536 -48.5934
2 24 -50.11302 -61.16536 -48.70611 -50.02777 -61.16536 -49.02429
4 16 -50.11302 -61.16536 -48.70611 -48.87232 -61.16536 -48.48734 -48.88189 -61.16536 -48.37795 -50.14173 -61.16536 -48.37795
2 24 -48.88189 -61.16536 -48.37795 -48.87232 -61.16536 -48.48734
2 24 -50.14173 -61.16536 -48.37795 -50.11302 -61.16536 -48.70611
4 16 -50.14173 -61.16536 -48.37795 -48.88189 -61.16536 -48.37795 -48.88189 -61.16536 -24.44094 -50.14173 -61.16536 -21.9078
2 24 -48.88189 -61.16536 -24.44094 -48.88189 -61.16536 -48.37795
2 24 -50.14173 -61.16536 -21.9078 -50.14173 -61.16536 -48.37795
4 16 -50.14173 -61.16536 -21.9078 -48.88189 -61.16536 -24.44094 -44.57993 -61.16536 -27.20522 -45.74095 -61.16536 -25.03738
2 24 -44.57993 -61.16536 -27.20522 -48.88189 -61.16536 -24.44094
2 24 -45.74095 -61.16536 -25.03738 -50.14173 -61.16536 -21.9078
4 16 -45.74095 -61.16536 -25.03738 -44.57993 -61.16536 -27.20522 -40.01822 -61.16536 -29.51579 -41.02106 -61.16536 -27.66109
2 24 -40.01822 -61.16536 -29.51579 -44.57993 -61.16536 -27.20522
2 24 -41.02106 -61.16536 -27.66109 -45.74095 -61.16536 -25.03738
4 16 -41.02106 -61.16536 -27.66109 -40.01822 -61.16536 -29.51579 -35.24442 -61.16536 -31.34852 -36.03997 -61.16536 -29.74675
2 24 -35.24442 -61.16536 -31.34852 -40.01822 -61.16536 -29.51579
2 24 -36.03997 -61.16536 -29.74675 -41.02106 -61.16536 -27.66109
4 16 -36.03997 -61.16536 -29.74675 -35.24442 -61.16536 -31.34852 -30.30844 -61.16536 -32.68424 -30.85879 -61.16536 -31.26877
2 24 -30.30844 -61.16536 -32.68424 -35.24442 -61.16536 -31.34852
2 24 -30.85879 -61.16536 -31.26877 -36.03997 -61.16536 -29.74675
4 16 -30.85879 -61.16536 -31.26877 -30.30844 -61.16536 -32.68424 -25.26188 -61.16536 -33.509 -25.54107 -61.16536 -32.20847
2 24 -25.26188 -61.16536 -33.509 -30.30844 -61.16536 -32.68424
2 24 -25.54107 -61.16536 -32.20847 -30.85879 -61.16536 -31.26877
4 16 -25.54107 -61.16536 -32.20847 -25.26188 -61.16536 -33.509 -20.15748 -61.16536 -33.81417 -20.15205 -61.16536 -32.55433
2 24 -20.15748 -61.16536 -33.81417 -25.26188 -61.16536 -33.509
2 24 -20.15205 -61.16536 -32.55433 -25.54107 -61.16536 -32.20847
4 16 -20.15205 -61.16536 -32.55433 -20.15748 -61.16536 -33.81417 20.15748 -61.16536 -33.81417 20.15205 -61.16536 -32.55433
2 24 20.15748 -61.16536 -33.81417 -20.15748 -61.16536 -33.81417
2 24 20.15205 -61.16536 -32.55433 -20.15205 -61.16536 -32.55433
4 16 20.15205 -61.16536 -32.55433 20.15748 -61.16536 -33.81417 25.26188 -61.16536 -33.509 25.54107 -61.16536 -32.20847
2 24 25.26188 -61.16536 -33.509 20.15748 -61.16536 -33.81417
2 24 25.54107 -61.16536 -32.20847 20.15205 -61.16536 -32.55433
4 16 25.54107 -61.16536 -32.20847 25.26188 -61.16536 -33.509 30.30844 -61.16536 -32.68424 30.85879 -61.16536 -31.26877
2 24 30.30844 -61.16536 -32.68424 25.26188 -61.16536 -33.509
2 24 30.85879 -61.16536 -31.26877 25.54107 -61.16536 -32.20847
4 16 30.85879 -61.16536 -31.26877 30.30844 -61.16536 -32.68424 35.24442 -61.16536 -31.34852 36.03997 -61.16536 -29.74675
2 24 35.24442 -61.16536 -31.34852 30.30844 -61.16536 -32.68424
2 24 36.03997 -61.16536 -29.74675 30.85879 -61.16536 -31.26877
4 16 36.03997 -61.16536 -29.74675 35.24442 -61.16536 -31.34852 40.01822 -61.16536 -29.51579 41.02106 -61.16536 -27.66109
2 24 40.01822 -61.16536 -29.51579 35.24442 -61.16536 -31.34852
2 24 41.02106 -61.16536 -27.66109 36.03997 -61.16536 -29.74675
4 16 41.02106 -61.16536 -27.66109 40.01822 -61.16536 -29.51579 44.57993 -61.16536 -27.20522 45.74095 -61.16536 -25.03738
2 24 44.57993 -61.16536 -27.20522 40.01822 -61.16536 -29.51579
2 24 45.74095 -61.16536 -25.03738 41.02106 -61.16536 -27.66109
4 16 45.74095 -61.16536 -25.03738 44.57993 -61.16536 -27.20522 48.88189 -61.16536 -24.44094 50.14173 -61.16536 -21.9078
2 24 48.88189 -61.16536 -24.44094 44.57993 -61.16536 -27.20522
2 24 50.14173 -61.16536 -21.9078 45.74095 -61.16536 -25.03738
4 16 50.14173 -61.16536 -21.9078 48.88189 -61.16536 -24.44094 48.88189 -61.16536 -48.37795 50.14173 -61.16536 -48.37795
2 24 48.88189 -61.16536 -48.37795 48.88189 -61.16536 -24.44094
2 24 50.14173 -61.16536 -48.37795 50.14173 -61.16536 -21.9078
4 16 50.14173 -61.16536 -48.37795 48.88189 -61.16536 -48.37795 48.87232 -61.16536 -48.48734 50.11302 -61.16536 -48.70611
2 24 48.87232 -61.16536 -48.48734 48.88189 -61.16536 -48.37795
2 24 50.11302 -61.16536 -48.70611 50.14173 -61.16536 -48.37795
4 16 50.11302 -61.16536 -48.70611 48.87232 -61.16536 -48.48734 48.8439 -61.16536 -48.5934 50.02777 -61.16536 -49.02429
2 24 48.8439 -61.16536 -48.5934 48.87232 -61.16536 -48.48734
2 24 50.02777 -61.16536 -49.02429 50.11302 -61.16536 -48.70611
4 16 50.02777 -61.16536 -49.02429 48.8439 -61.16536 -48.5934 48.7975 -61.16536 -48.69291 49.88855 -61.16536 -49.32283
2 24 48.7975 -61.16536 -48.69291 48.8439 -61.16536 -48.5934
2 24 49.88855 -61.16536 -49.32283 50.02777 -61.16536 -49.02429
4 16 49.88855 -61.16536 -49.32283 48.7975 -61.16536 -48.69291 48.73452 -61.16536 -48.78286 49.69961 -61.16536 -49.59267
2 24 48.73452 -61.16536 -48.78286 48.7975 -61.16536 -48.69291
2 24 49.69961 -61.16536 -49.59267 49.88855 -61.16536 -49.32283
4 16 49.69961 -61.16536 -49.59267 48.73452 -61.16536 -48.78286 48.65687 -61.16536 -48.8605 49.46668 -61.16536 -49.82559
2 24 48.65687 -61.16536 -48.8605 48.73452 -61.16536 -48.78286
2 24 49.46668 -61.16536 -49.82559 49.69961 -61.16536 -49.59267
4 16 49.46668 -61.16536 -49.82559 48.65687 -61.16536 -48.8605 48.56693 -61.16536 -48.92348 49.19685 -61.16536 -50.01454
2 24 48.56693 -61.16536 -48.92348 48.65687 -61.16536 -48.8605
2 24 49.19685 -61.16536 -50.01454 49.46668 -61.16536 -49.82559
4 16 49.19685 -61.16536 -50.01454 48.56693 -61.16536 -48.92348 48.46741 -61.16536 -48.96988 48.89831 -61.16536 -50.15375
2 24 48.46741 -61.16536 -48.96988 48.56693 -61.16536 -48.92348
2 24 48.89831 -61.16536 -50.15375 49.19685 -61.16536 -50.01454
4 16 48.89831 -61.16536 -50.15375 48.46741 -61.16536 -48.96988 48.36135 -61.16536 -48.9983 48.58012 -61.16536 -50.239
2 24 48.36135 -61.16536 -48.9983 48.46741 -61.16536 -48.96988
2 24 48.58012 -61.16536 -50.239 48.89831 -61.16536 -50.15375
4 16 48.58012 -61.16536 -50.239 48.36135 -61.16536 -48.9983 48.25197 -61.16536 -49.00787 48.25197 -61.16536 -50.26772
2 24 48.25197 -61.16536 -49.00787 48.36135 -61.16536 -48.9983
2 24 48.25197 -61.16536 -50.26772 48.58012 -61.16536 -50.239
3 16 48.25197 -61.16536 -50.26772 48.25197 -61.16536 -49.00787 7.559055 -61.16536 -49.00787
2 24 7.559055 -61.16536 -49.00787 48.25197 -61.16536 -49.00787

4 16 -26.46567 -80.06299 -2.462757 -28.06417 -80.06299 -1.539866 -28.29295 -80.06299 -2.030492 -26.55848 -80.06299 -2.661787
2 24 -28.06417 -80.06299 -1.539866 -28.29295 -80.06299 -2.030492
2 24 -26.46567 -80.06299 -2.462757 -26.55848 -80.06299 -2.661787
4 16 -26.55848 -80.06299 -2.661787 -28.29295 -80.06299 -2.030492 -28.43306 -80.06299 -2.553392 -26.61532 -80.06299 -2.873909
2 24 -28.29295 -80.06299 -2.030492 -28.43306 -80.06299 -2.553392
2 24 -26.55848 -80.06299 -2.661787 -26.61532 -80.06299 -2.873909
4 16 -26.61532 -80.06299 -2.873909 -28.43306 -80.06299 -2.553392 -28.48024 -80.06299 -3.092678 -26.63446 -80.06299 -3.092678
2 24 -28.43306 -80.06299 -2.553392 -28.48024 -80.06299 -3.092678
2 24 -26.61532 -80.06299 -2.873909 -26.63446 -80.06299 -3.092678
4 16 -26.63446 -80.06299 -3.092678 -28.48024 -80.06299 -3.092678 -28.43306 -80.06299 -3.631964 -26.61532 -80.06299 -3.311447
2 24 -28.48024 -80.06299 -3.092678 -28.43306 -80.06299 -3.631964
2 24 -26.63446 -80.06299 -3.092678 -26.61532 -80.06299 -3.311447
4 16 -26.61532 -80.06299 -3.311447 -28.43306 -80.06299 -3.631964 -28.29295 -80.06299 -4.154864 -26.55848 -80.06299 -3.52357
2 24 -28.43306 -80.06299 -3.631964 -28.29295 -80.06299 -4.154864
2 24 -26.61532 -80.06299 -3.311447 -26.55848 -80.06299 -3.52357
4 16 -26.55848 -80.06299 -3.52357 -28.29295 -80.06299 -4.154864 -28.06417 -80.06299 -4.645491 -26.46567 -80.06299 -3.722599
2 24 -28.29295 -80.06299 -4.154864 -28.06417 -80.06299 -4.645491
2 24 -26.55848 -80.06299 -3.52357 -26.46567 -80.06299 -3.722599
4 16 -26.46567 -80.06299 -3.722599 -28.06417 -80.06299 -4.645491 -27.75367 -80.06299 -5.088935 -26.33972 -80.06299 -3.902489
2 24 -28.06417 -80.06299 -4.645491 -27.75367 -80.06299 -5.088935
2 24 -26.46567 -80.06299 -3.722599 -26.33972 -80.06299 -3.902489
4 16 -26.33972 -80.06299 -3.902489 -27.75367 -80.06299 -5.088935 -27.37088 -80.06299 -5.471725 -26.18443 -80.06299 -4.057773
2 24 -27.75367 -80.06299 -5.088935 -27.37088 -80.06299 -5.471725
2 24 -26.33972 -80.06299 -3.902489 -26.18443 -80.06299 -4.057773
4 16 -26.18443 -80.06299 -4.057773 -27.37088 -80.06299 -5.471725 -26.92743 -80.06299 -5.782228 -26.00454 -80.06299 -4.183734
2 24 -27.37088 -80.06299 -5.471725 -26.92743 -80.06299 -5.782228
2 24 -26.18443 -80.06299 -4.057773 -26.00454 -80.06299 -4.183734
4 16 -26.00454 -80.06299 -4.183734 -26.92743 -80.06299 -5.782228 -26.43681 -80.06299 -6.011011 -25.80551 -80.06299 -4.276543
2 24 -26.92743 -80.06299 -5.782228 -26.43681 -80.06299 -6.011011
2 24 -26.00454 -80.06299 -4.183734 -25.80551 -80.06299 -4.276543
4 16 -25.80551 -80.06299 -4.276543 -26.43681 -80.06299 -6.011011 -25.91391 -80.06299 -6.151122 -25.59339 -80.06299 -4.333381
2 24 -26.43681 -80.06299 -6.011011 -25.91391 -80.06299 -6.151122
2 24 -25.80551 -80.06299 -4.276543 -25.59339 -80.06299 -4.333381
4 16 -25.59339 -80.06299 -4.333381 -25.91391 -80.06299 -6.151122 -25.37462 -80.06299 -6.198303 -25.37462 -80.06299 -4.352521
2 24 -25.91391 -80.06299 -6.151122 -25.37462 -80.06299 -6.198303
2 24 -25.59339 -80.06299 -4.333381 -25.37462 -80.06299 -4.352521
4 16 -25.37462 -80.06299 -4.352521 -25.37462 -80.06299 -6.198303 -24.83533 -80.06299 -6.151122 -25.15585 -80.06299 -4.333381
2 24 -25.37462 -80.06299 -6.198303 -24.83533 -80.06299 -6.151122
2 24 -25.37462 -80.06299 -4.352521 -25.15585 -80.06299 -4.333381
4 16 -25.15585 -80.06299 -4.333381 -24.83533 -80.06299 -6.151122 -24.31243 -80.06299 -6.011011 -24.94373 -80.06299 -4.276543
2 24 -24.83533 -80.06299 -6.151122 -24.31243 -80.06299 -6.011011
2 24 -25.15585 -80.06299 -4.333381 -24.94373 -80.06299 -4.276543
4 16 -24.94373 -80.06299 -4.276543 -24.31243 -80.06299 -6.011011 -23.82181 -80.06299 -5.782228 -24.7447 -80.06299 -4.183734
2 24 -24.31243 -80.06299 -6.011011 -23.82181 -80.06299 -5.782228
2 24 -24.94373 -80.06299 -4.276543 -24.7447 -80.06299 -4.183734
4 16 -24.7447 -80.06299 -4.183734 -23.82181 -80.06299 -5.782228 -23.37836 -80.06299 -5.471725 -24.56481 -80.06299 -4.057773
2 24 -23.82181 -80.06299 -5.782228 -23.37836 -80.06299 -5.471725
2 24 -24.7447 -80.06299 -4.183734 -24.56481 -80.06299 -4.057773
4 16 -24.56481 -80.06299 -4.057773 -23.37836 -80.06299 -5.471725 -22.99557 -80.06299 -5.088935 -24.40953 -80.06299 -3.902489
2 24 -23.37836 -80.06299 -5.471725 -22.99557 -80.06299 -5.088935
2 24 -24.56481 -80.06299 -4.057773 -24.40953 -80.06299 -3.902489
4 16 -24.40953 -80.06299 -3.902489 -22.99557 -80.06299 -5.088935 -22.68507 -80.06299 -4.645491 -24.28356 -80.06299 -3.722599
2 24 -22.99557 -80.06299 -5.088935 -22.68507 -80.06299 -4.645491
2 24 -24.40953 -80.06299 -3.902489 -24.28356 -80.06299 -3.722599
4 16 -24.28356 -80.06299 -3.722599 -22.68507 -80.06299 -4.645491 -22.45629 -80.06299 -4.154864 -24.19076 -80.06299 -3.52357
2 24 -22.68507 -80.06299 -4.645491 -22.45629 -80.06299 -4.154864
2 24 -24.28356 -80.06299 -3.722599 -24.19076 -80.06299 -3.52357
4 16 -24.19076 -80.06299 -3.52357 -22.45629 -80.06299 -4.154864 -22.31618 -80.06299 -3.631964 -24.13392 -80.06299 -3.311447
2 24 -22.45629 -80.06299 -4.154864 -22.31618 -80.06299 -3.631964
2 24 -24.19076 -80.06299 -3.52357 -24.13392 -80.06299 -3.311447
4 16 -24.13392 -80.06299 -3.311447 -22.31618 -80.06299 -3.631964 -22.269 -80.06299 -3.092678 -24.11478 -80.06299 -3.092678
2 24 -22.31618 -80.06299 -3.631964 -22.269 -80.06299 -3.092678
2 24 -24.13392 -80.06299 -3.311447 -24.11478 -80.06299 -3.092678
4 16 -24.11478 -80.06299 -3.092678 -22.269 -80.06299 -3.092678 -22.31618 -80.06299 -2.553392 -24.13392 -80.06299 -2.873909
2 24 -22.269 -80.06299 -3.092678 -22.31618 -80.06299 -2.553392
2 24 -24.11478 -80.06299 -3.092678 -24.13392 -80.06299 -2.873909
4 16 -24.13392 -80.06299 -2.873909 -22.31618 -80.06299 -2.553392 -22.45629 -80.06299 -2.030492 -24.19076 -80.06299 -2.661787
2 24 -22.31618 -80.06299 -2.553392 -22.45629 -80.06299 -2.030492
2 24 -24.13392 -80.06299 -2.873909 -24.19076 -80.06299 -2.661787
4 16 -24.19076 -80.06299 -2.661787 -22.45629 -80.06299 -2.030492 -22.68507 -80.06299 -1.539866 -24.28356 -80.06299 -2.462757
2 24 -22.45629 -80.06299 -2.030492 -22.68507 -80.06299 -1.539866
2 24 -24.19076 -80.06299 -2.661787 -24.28356 -80.06299 -2.462757
4 16 -24.28356 -80.06299 -2.462757 -22.68507 -80.06299 -1.539866 -22.99557 -80.06299 -1.096421 -24.40953 -80.06299 -2.282867
2 24 -22.68507 -80.06299 -1.539866 -22.99557 -80.06299 -1.096421
2 24 -24.28356 -80.06299 -2.462757 -24.40953 -80.06299 -2.282867
4 16 -24.40953 -80.06299 -2.282867 -22.99557 -80.06299 -1.096421 -23.37836 -80.06299 -0.7136313 -24.56481 -80.06299 -2.127583
2 24 -22.99557 -80.06299 -1.096421 -23.37836 -80.06299 -0.7136313
2 24 -24.40953 -80.06299 -2.282867 -24.56481 -80.06299 -2.127583
4 16 -24.56481 -80.06299 -2.127583 -23.37836 -80.06299 -0.7136313 -23.82181 -80.06299 -0.4031279 -24.7447 -80.06299 -2.001622
2 24 -23.37836 -80.06299 -0.7136313 -23.82181 -80.06299 -0.4031279
2 24 -24.56481 -80.06299 -2.127583 -24.7447 -80.06299 -2.001622
4 16 -24.7447 -80.06299 -2.001622 -23.82181 -80.06299 -0.4031279 -24.31243 -80.06299 -0.1743451 -24.94373 -80.06299 -1.908813
2 24 -23.82181 -80.06299 -0.4031279 -24.31243 -80.06299 -0.1743451
2 24 -24.7447 -80.06299 -2.001622 -24.94373 -80.06299 -1.908813
4 16 -24.94373 -80.06299 -1.908813 -24.31243 -80.06299 -0.1743451 -24.83533 -80.06299 -0.03423446 -25.15585 -80.06299 -1.851975
2 24 -24.31243 -80.06299 -0.1743451 -24.83533 -80.06299 -0.03423446
2 24 -24.94373 -80.06299 -1.908813 -25.15585 -80.06299 -1.851975
4 16 -25.15585 -80.06299 -1.851975 -24.83533 -80.06299 -0.03423446 -25.37462 -80.06299 0.01294696 -25.37462 -80.06299 -1.832835
2 24 -24.83533 -80.06299 -0.03423446 -25.37462 -80.06299 0.01294696
2 24 -25.15585 -80.06299 -1.851975 -25.37462 -80.06299 -1.832835
4 16 -25.37462 -80.06299 -1.832835 -25.37462 -80.06299 0.01294696 -25.91391 -80.06299 -0.03423446 -25.59339 -80.06299 -1.851975
2 24 -25.37462 -80.06299 0.01294696 -25.91391 -80.06299 -0.03423446
2 24 -25.37462 -80.06299 -1.832835 -25.59339 -80.06299 -1.851975
4 16 -25.59339 -80.06299 -1.851975 -25.91391 -80.06299 -0.03423446 -26.43681 -80.06299 -0.1743451 -25.80551 -80.06299 -1.908813
2 24 -25.91391 -80.06299 -0.03423446 -26.43681 -80.06299 -0.1743451
2 24 -25.59339 -80.06299 -1.851975 -25.80551 -80.06299 -1.908813
4 16 -25.80551 -80.06299 -1.908813 -26.43681 -80.06299 -0.1743451 -26.92743 -80.06299 -0.4031279 -26.00454 -80.06299 -2.001622
2 24 -26.43681 -80.06299 -0.1743451 -26.92743 -80.06299 -0.4031279
2 24 -25.80551 -80.06299 -1.908813 -26.00454 -80.06299 -2.001622
4 16 -26.00454 -80.06299 -2.001622 -26.92743 -80.06299 -0.4031279 -27.37088 -80.06299 -0.7136313 -26.18443 -80.06299 -2.127583
2 24 -26.92743 -80.06299 -0.4031279 -27.37088 -80.06299 -0.7136313
2 24 -26.00454 -80.06299 -2.001622 -26.18443 -80.06299 -2.127583
4 16 -26.18443 -80.06299 -2.127583 -27.37088 -80.06299 -0.7136313 -27.75367 -80.06299 -1.096421 -26.33972 -80.06299 -2.282867
2 24 -27.37088 -80.06299 -0.7136313 -27.75367 -80.06299 -1.096421
2 24 -26.18443 -80.06299 -2.127583 -26.33972 -80.06299 -2.282867
4 16 -26.33972 -80.06299 -2.282867 -27.75367 -80.06299 -1.096421 -28.06417 -80.06299 -1.539866 -26.46567 -80.06299 -2.462757
2 24 -27.75367 -80.06299 -1.096421 -28.06417 -80.06299 -1.539866
2 24 -26.33972 -80.06299 -2.282867 -26.46567 -80.06299 -2.462757

3 16 -43.32555 -80.06299 17.14034 -43.40998 -80.06299 16.63441 -41.5748 -80.06299 16.37795
2 24 -43.32555 -80.06299 17.14034 -43.40998 -80.06299 16.63441
4 16 -41.5748 -80.06299 16.37795 -43.40998 -80.06299 16.63441 -43.40998 -80.06299 16.12149 -41.55566 -80.06299 16.15918
2 24 -43.40998 -80.06299 16.63441 -43.40998 -80.06299 16.12149
2 24 -41.5748 -80.06299 16.37795 -41.55566 -80.06299 16.15918
4 16 -41.55566 -80.06299 16.15918 -43.40998 -80.06299 16.12149 -43.32555 -80.06299 15.61557 -41.49882 -80.06299 15.94706
2 24 -43.40998 -80.06299 16.12149 -43.32555 -80.06299 15.61557
2 24 -41.55566 -80.06299 16.15918 -41.49882 -80.06299 15.94706
4 16 -41.49882 -80.06299 15.94706 -43.32555 -80.06299 15.61557 -43.15901 -80.06299 15.13044 -41.40602 -80.06299 15.74803
2 24 -43.32555 -80.06299 15.61557 -43.15901 -80.06299 15.13044
2 24 -41.49882 -80.06299 15.94706 -41.40602 -80.06299 15.74803
4 16 -41.40602 -80.06299 15.74803 -43.15901 -80.06299 15.13044 -42.91489 -80.06299 14.67934 -41.28005 -80.06299 15.56814
2 24 -43.15901 -80.06299 15.13044 -42.91489 -80.06299 14.67934
2 24 -41.40602 -80.06299 15.74803 -41.28005 -80.06299 15.56814
4 16 -41.28005 -80.06299 15.56814 -42.91489 -80.06299 14.67934 -42.59984 -80.06299 14.27457 -41.12477 -80.06299 15.41286
2 24 -42.91489 -80.06299 14.67934 -42.59984 -80.06299 14.27457
2 24 -41.28005 -80.06299 15.56814 -41.12477 -80.06299 15.41286
4 16 -41.12477 -80.06299 15.41286 -42.59984 -80.06299 14.27457 -42.22247 -80.06299 13.92718 -40.94488 -80.06299 15.2869
2 24 -42.59984 -80.06299 14.27457 -42.22247 -80.06299 13.92718
2 24 -41.12477 -80.06299 15.41286 -40.94488 -80.06299 15.2869
4 16 -40.94488 -80.06299 15.2869 -42.22247 -80.06299 13.92718 -41.79307 -80.06299 13.64664 -40.74585 -80.06299 15.19409
2 24 -42.22247 -80.06299 13.92718 -41.79307 -80.06299 13.64664
2 24 -40.94488 -80.06299 15.2869 -40.74585 -80.06299 15.19409
4 16 -40.74585 -80.06299 15.19409 -41.79307 -80.06299 13.64664 -41.32336 -80.06299 13.4406 -40.53373 -80.06299 15.13725
2 24 -41.79307 -80.06299 13.64664 -41.32336 -80.06299 13.4406
2 24 -40.74585 -80.06299 15.19409 -40.53373 -80.06299 15.13725
4 16 -40.53373 -80.06299 15.13725 -41.32336 -80.06299 13.4406 -40.82613 -80.06299 13.31468 -40.31496 -80.06299 15.11811
2 24 -41.32336 -80.06299 13.4406 -40.82613 -80.06299 13.31468
2 24 -40.53373 -80.06299 15.13725 -40.31496 -80.06299 15.11811
4 16 -40.31496 -80.06299 15.11811 -40.82613 -80.06299 13.31468 -40.31496 -80.06299 13.27233 -40.09619 -80.06299 15.13725
2 24 -40.82613 -80.06299 13.31468 -40.31496 -80.06299 13.27233
2 24 -40.31496 -80.06299 15.11811 -40.09619 -80.06299 15.13725
4 16 -40.09619 -80.06299 15.13725 -40.31496 -80.06299 13.27233 -39.77567 -80.06299 13.31951 -39.88407 -80.06299 15.19409
2 24 -40.31496 -80.06299 13.27233 -39.77567 -80.06299 13.31951
2 24 -40.09619 -80.06299 15.13725 -39.88407 -80.06299 15.19409
4 16 -39.88407 -80.06299 15.19409 -39.77567 -80.06299 13.31951 -39.25277 -80.06299 13.45962 -39.68504 -80.06299 15.2869
2 24 -39.77567 -80.06299 13.31951 -39.25277 -80.06299 13.45962
2 24 -39.88407 -80.06299 15.19409 -39.68504 -80.06299 15.2869
4 16 -39.68504 -80.06299 15.2869 -39.25277 -80.06299 13.45962 -38.76215 -80.06299 13.6884 -39.50515 -80.06299 15.41286
2 24 -39.25277 -80.06299 13.45962 -38.76215 -80.06299 13.6884
2 24 -39.68504 -80.06299 15.2869 -39.50515 -80.06299 15.41286
4 16 -39.50515 -80.06299 15.41286 -38.76215 -80.06299 13.6884 -38.3187 -80.06299 13.99891 -39.34987 -80.06299 15.56814
2 24 -38.76215 -80.06299 13.6884 -38.3187 -80.06299 13.99891
2 24 -39.50515 -80.06299 15.41286 -39.34987 -80.06299 15.56814
4 16 -39.34987 -80.06299 15.56814 -38.3187 -80.06299 13.99891 -37.93591 -80.06299 14.3817 -39.22391 -80.06299 15.74803
2 24 -38.3187 -80.06299 13.99891 -37.93591 -80.06299 14.3817
2 24 -39.34987 -80.06299 15.56814 -39.22391 -80.06299 15.74803
4 16 -39.22391 -80.06299 15.74803 -37.93591 -80.06299 14.3817 -37.62541 -80.06299 14.82514 -39.13109 -80.06299 15.94706
2 24 -37.93591 -80.06299 14.3817 -37.62541 -80.06299 14.82514
2 24 -39.22391 -80.06299 15.74803 -39.13109 -80.06299 15.94706
4 16 -39.13109 -80.06299 15.94706 -37.62541 -80.06299 14.82514 -37.39663 -80.06299 15.31577 -39.07426 -80.06299 16.15918
2 24 -37.62541 -80.06299 14.82514 -37.39663 -80.06299 15.31577
2 24 -39.13109 -80.06299 15.94706 -39.07426 -80.06299 16.15918
4 16 -39.07426 -80.06299 16.15918 -37.39663 -80.06299 15.31577 -37.25652 -80.06299 15.83867 -39.05512 -80.06299 16.37795
2 24 -37.39663 -80.06299 15.31577 -37.25652 -80.06299 15.83867
2 24 -39.07426 -80.06299 16.15918 -39.05512 -80.06299 16.37795
4 16 -39.05512 -80.06299 16.37795 -37.25652 -80.06299 15.83867 -37.20934 -80.06299 16.37795 -39.07426 -80.06299 16.59672
2 24 -37.25652 -80.06299 15.83867 -37.20934 -80.06299 16.37795
2 24 -39.05512 -80.06299 16.37795 -39.07426 -80.06299 16.59672
4 16 -39.07426 -80.06299 16.59672 -37.20934 -80.06299 16.37795 -37.25652 -80.06299 16.91724 -39.13109 -80.06299 16.80884
2 24 -37.20934 -80.06299 16.37795 -37.25652 -80.06299 16.91724
2 24 -39.07426 -80.06299 16.59672 -39.13109 -80.06299 16.80884
4 16 -39.13109 -80.06299 16.80884 -37.25652 -80.06299 16.91724 -37.39663 -80.06299 17.44014 -39.22391 -80.06299 17.00787
2 24 -37.25652 -80.06299 16.91724 -37.39663 -80.06299 17.44014
2 24 -39.13109 -80.06299 16.80884 -39.22391 -80.06299 17.00787
4 16 -39.22391 -80.06299 17.00787 -37.39663 -80.06299 17.44014 -37.62541 -80.06299 17.93076 -39.34987 -80.06299 17.18776
2 24 -37.39663 -80.06299 17.44014 -37.62541 -80.06299 17.93076
2 24 -39.22391 -80.06299 17.00787 -39.34987 -80.06299 17.18776
4 16 -39.34987 -80.06299 17.18776 -37.62541 -80.06299 17.93076 -37.93591 -80.06299 18.37421 -39.50515 -80.06299 17.34305
2 24 -37.62541 -80.06299 17.93076 -37.93591 -80.06299 18.37421
2 24 -39.34987 -80.06299 17.18776 -39.50515 -80.06299 17.34305
4 16 -39.50515 -80.06299 17.34305 -37.93591 -80.06299 18.37421 -38.3187 -80.06299 18.757 -39.68504 -80.06299 17.46901
2 24 -37.93591 -80.06299 18.37421 -38.3187 -80.06299 18.757
2 24 -39.50515 -80.06299 17.34305 -39.68504 -80.06299 17.46901
4 16 -39.68504 -80.06299 17.46901 -38.3187 -80.06299 18.757 -38.76215 -80.06299 19.0675 -39.88407 -80.06299 17.56182
2 24 -38.3187 -80.06299 18.757 -38.76215 -80.06299 19.0675
2 24 -39.68504 -80.06299 17.46901 -39.88407 -80.06299 17.56182
4 16 -39.88407 -80.06299 17.56182 -38.76215 -80.06299 19.0675 -39.25277 -80.06299 19.29628 -40.09619 -80.06299 17.61865
2 24 -38.76215 -80.06299 19.0675 -39.25277 -80.06299 19.29628
2 24 -39.88407 -80.06299 17.56182 -40.09619 -80.06299 17.61865
4 16 -40.09619 -80.06299 17.61865 -39.25277 -80.06299 19.29628 -39.77567 -80.06299 19.4364 -40.31496 -80.06299 17.63779
2 24 -39.25277 -80.06299 19.29628 -39.77567 -80.06299 19.4364
2 24 -40.09619 -80.06299 17.61865 -40.31496 -80.06299 17.63779
4 16 -40.31496 -80.06299 17.63779 -39.77567 -80.06299 19.4364 -40.31496 -80.06299 19.48358 -40.53373 -80.06299 17.61865
2 24 -39.77567 -80.06299 19.4364 -40.31496 -80.06299 19.48358
2 24 -40.31496 -80.06299 17.63779 -40.53373 -80.06299 17.61865
4 16 -40.53373 -80.06299 17.61865 -40.31496 -80.06299 19.48358 -40.82613 -80.06299 19.44122 -40.74585 -80.06299 17.56182
2 24 -40.31496 -80.06299 19.48358 -40.82613 -80.06299 19.44122
2 24 -40.53373 -80.06299 17.61865 -40.74585 -80.06299 17.56182
4 16 -40.74585 -80.06299 17.56182 -40.82613 -80.06299 19.44122 -41.32336 -80.06299 19.31531 -40.94488 -80.06299 17.46901
2 24 -40.82613 -80.06299 19.44122 -41.32336 -80.06299 19.31531
2 24 -40.74585 -80.06299 17.56182 -40.94488 -80.06299 17.46901
4 16 -40.94488 -80.06299 17.46901 -41.32336 -80.06299 19.31531 -41.79307 -80.06299 19.10927 -41.12477 -80.06299 17.34305
2 24 -41.32336 -80.06299 19.31531 -41.79307 -80.06299 19.10927
2 24 -40.94488 -80.06299 17.46901 -41.12477 -80.06299 17.34305
4 16 -41.12477 -80.06299 17.34305 -41.79307 -80.06299 19.10927 -42.22247 -80.06299 18.82873 -41.28005 -80.06299 17.18776
2 24 -41.79307 -80.06299 19.10927 -42.22247 -80.06299 18.82873
2 24 -41.12477 -80.06299 17.34305 -41.28005 -80.06299 17.18776
4 16 -41.28005 -80.06299 17.18776 -42.22247 -80.06299 18.82873 -42.59984 -80.06299 18.48133 -41.40602 -80.06299 17.00787
2 24 -42.22247 -80.06299 18.82873 -42.59984 -80.06299 18.48133
2 24 -41.28005 -80.06299 17.18776 -41.40602 -80.06299 17.00787
4 16 -41.40602 -80.06299 17.00787 -42.59984 -80.06299 18.48133 -42.91489 -80.06299 18.07657 -41.49882 -80.06299 16.80884
2 24 -42.59984 -80.06299 18.48133 -42.91489 -80.06299 18.07657
2 24 -41.40602 -80.06299 17.00787 -41.49882 -80.06299 16.80884
4 16 -41.49882 -80.06299 16.80884 -42.91489 -80.06299 18.07657 -43.15901 -80.06299 17.62547 -41.55566 -80.06299 16.59672
2 24 -42.91489 -80.06299 18.07657 -43.15901 -80.06299 17.62547
2 24 -41.49882 -80.06299 16.80884 -41.55566 -80.06299 16.59672
4 16 -41.55566 -80.06299 16.59672 -43.15901 -80.06299 17.62547 -43.32555 -80.06299 17.14034 -41.5748 -80.06299 16.37795
2 24 -43.15901 -80.06299 17.62547 -43.32555 -80.06299 17.14034
2 24 -41.55566 -80.06299 16.59672 -41.5748 -80.06299 16.37795

4 16 -24.19076 -80.06299 35.41769 -22.45629 -80.06299 34.7864 -22.31618 -80.06299 35.3093 -24.13392 -80.06299 35.62981
2 24 -22.45629 -80.06299 34.7864 -22.31618 -80.06299 35.3093
2 24 -24.19076 -80.06299 35.41769 -24.13392 -80.06299 35.62981
4 16 -24.13392 -80.06299 35.62981 -22.31618 -80.06299 35.3093 -22.269 -80.06299 35.84858 -24.11478 -80.06299 35.84858
2 24 -22.31618 -80.06299 35.3093 -22.269 -80.06299 35.84858
2 24 -24.13392 -80.06299 35.62981 -24.11478 -80.06299 35.84858
4 16 -24.11478 -80.06299 35.84858 -22.269 -80.06299 35.84858 -22.31618 -80.06299 36.38787 -24.13392 -80.06299 36.06735
2 24 -22.269 -80.06299 35.84858 -22.31618 -80.06299 36.38787
2 24 -24.11478 -80.06299 35.84858 -24.13392 -80.06299 36.06735
4 16 -24.13392 -80.06299 36.06735 -22.31618 -80.06299 36.38787 -22.45629 -80.06299 36.91077 -24.19076 -80.06299 36.27947
2 24 -22.31618 -80.06299 36.38787 -22.45629 -80.06299 36.91077
2 24 -24.13392 -80.06299 36.06735 -24.19076 -80.06299 36.27947
4 16 -24.19076 -80.06299 36.27947 -22.45629 -80.06299 36.91077 -22.68507 -80.06299 37.4014 -24.28356 -80.06299 36.4785
2 24 -22.45629 -80.06299 36.91077 -22.68507 -80.06299 37.4014
2 24 -24.19076 -80.06299 36.27947 -24.28356 -80.06299 36.4785
4 16 -24.28356 -80.06299 36.4785 -22.68507 -80.06299 37.4014 -22.99557 -80.06299 37.84484 -24.40953 -80.06299 36.6584
2 24 -22.68507 -80.06299 37.4014 -22.99557 -80.06299 37.84484
2 24 -24.28356 -80.06299 36.4785 -24.40953 -80.06299 36.6584
4 16 -24.40953 -80.06299 36.6584 -22.99557 -80.06299 37.84484 -23.37836 -80.06299 38.22763 -24.56481 -80.06299 36.81368
2 24 -22.99557 -80.06299 37.84484 -23.37836 -80.06299 38.22763
2 24 -24.40953 -80.06299 36.6584 -24.56481 -80.06299 36.81368
4 16 -24.56481 -80.06299 36.81368 -23.37836 -80.06299 38.22763 -23.82181 -80.06299 38.53813 -24.7447 -80.06299 36.93964
2 24 -23.37836 -80.06299 38.22763 -23.82181 -80.06299 38.53813
2 24 -24.56481 -80.06299 36.81368 -24.7447 -80.06299 36.93964
4 16 -24.7447 -80.06299 36.93964 -23.82181 -80.06299 38.53813 -24.31243 -80.06299 38.76692 -24.94373 -80.06299 37.03245
2 24 -23.82181 -80.06299 38.53813 -24.31243 -80.06299 38.76692
2 24 -24.7447 -80.06299 36.93964 -24.94373 -80.06299 37.03245
4 16 -24.94373 -80.06299 37.03245 -24.31243 -80.06299 38.76692 -24.83533 -80.06299 38.90703 -25.15585 -80.06299 37.08928
2 24 -24.31243 -80.06299 38.76692 -24.83533 -80.06299 38.90703
2 24 -24.94373 -80.06299 37.03245 -25.15585 -80.06299 37.08928
4 16 -25.15585 -80.06299 37.08928 -24.83533 -80.06299 38.90703 -25.37462 -80.06299 38.95421 -25.37462 -80.06299 37.10843
2 24 -24.83533 -80.06299 38.90703 -25.37462 -80.06299 38.95421
2 24 -25.15585 -80.06299 37.08928 -25.37462 -80.06299 37.10843
4 16 -25.37462 -80.06299 37.10843 -25.37462 -80.06299 38.95421 -25.91391 -80.06299 38.90703 -25.59339 -80.06299 37.08928
2 24 -25.37462 -80.06299 38.95421 -25.91391 -80.06299 38.90703
2 24 -25.37462 -80.06299 37.10843 -25.59339 -80.06299 37.08928
4 16 -25.59339 -80.06299 37.08928 -25.91391 -80.06299 38.90703 -26.43681 -80.06299 38.76692 -25.80551 -80.06299 37.03245
2 24 -25.91391 -80.06299 38.90703 -26.43681 -80.06299 38.76692
2 24 -25.59339 -80.06299 37.08928 -25.80551 -80.06299 37.03245
4 16 -25.80551 -80.06299 37.03245 -26.43681 -80.06299 38.76692 -26.92743 -80.06299 38.53813 -26.00454 -80.06299 36.93964
2 24 -26.43681 -80.06299 38.76692 -26.92743 -80.06299 38.53813
2 24 -25.80551 -80.06299 37.03245 -26.00454 -80.06299 36.93964
4 16 -26.00454 -80.06299 36.93964 -26.92743 -80.06299 38.53813 -27.37088 -80.06299 38.22763 -26.18443 -80.06299 36.81368
2 24 -26.92743 -80.06299 38.53813 -27.37088 -80.06299 38.22763
2 24 -26.00454 -80.06299 36.93964 -26.18443 -80.06299 36.81368
4 16 -26.18443 -80.06299 36.81368 -27.37088 -80.06299 38.22763 -27.75367 -80.06299 37.84484 -26.33972 -80.06299 36.6584
2 24 -27.37088 -80.06299 38.22763 -27.75367 -80.06299 37.84484
2 24 -26.18443 -80.06299 36.81368 -26.33972 -80.06299 36.6584
4 16 -26.33972 -80.06299 36.6584 -27.75367 -80.06299 37.84484 -28.06417 -80.06299 37.4014 -26.46567 -80.06299 36.4785
2 24 -27.75367 -80.06299 37.84484 -28.06417 -80.06299 37.4014
2 24 -26.33972 -80.06299 36.6584 -26.46567 -80.06299 36.4785
4 16 -26.46567 -80.06299 36.4785 -28.06417 -80.06299 37.4014 -28.29295 -80.06299 36.91077 -26.55848 -80.06299 36.27947
2 24 -28.06417 -80.06299 37.4014 -28.29295 -80.06299 36.91077
2 24 -26.46567 -80.06299 36.4785 -26.55848 -80.06299 36.27947
4 16 -26.55848 -80.06299 36.27947 -28.29295 -80.06299 36.91077 -28.43306 -80.06299 36.38787 -26.61532 -80.06299 36.06735
2 24 -28.29295 -80.06299 36.91077 -28.43306 -80.06299 36.38787
2 24 -26.55848 -80.06299 36.27947 -26.61532 -80.06299 36.06735
4 16 -26.61532 -80.06299 36.06735 -28.43306 -80.06299 36.38787 -28.48024 -80.06299 35.84858 -26.63446 -80.06299 35.84858
2 24 -28.43306 -80.06299 36.38787 -28.48024 -80.06299 35.84858
2 24 -26.61532 -80.06299 36.06735 -26.63446 -80.06299 35.84858
4 16 -26.63446 -80.06299 35.84858 -28.48024 -80.06299 35.84858 -28.43306 -80.06299 35.3093 -26.61532 -80.06299 35.62981
2 24 -28.48024 -80.06299 35.84858 -28.43306 -80.06299 35.3093
2 24 -26.63446 -80.06299 35.84858 -26.61532 -80.06299 35.62981
4 16 -26.61532 -80.06299 35.62981 -28.43306 -80.06299 35.3093 -28.29295 -80.06299 34.7864 -26.55848 -80.06299 35.41769
2 24 -28.43306 -80.06299 35.3093 -28.29295 -80.06299 34.7864
2 24 -26.61532 -80.06299 35.62981 -26.55848 -80.06299 35.41769
4 16 -26.55848 -80.06299 35.41769 -28.29295 -80.06299 34.7864 -28.06417 -80.06299 34.29577 -26.46567 -80.06299 35.21866
2 24 -28.29295 -80.06299 34.7864 -28.06417 -80.06299 34.29577
2 24 -26.55848 -80.06299 35.41769 -26.46567 -80.06299 35.21866
4 16 -26.46567 -80.06299 35.21866 -28.06417 -80.06299 34.29577 -27.75367 -80.06299 33.85233 -26.33972 -80.06299 35.03877
2 24 -28.06417 -80.06299 34.29577 -27.75367 -80.06299 33.85233
2 24 -26.46567 -80.06299 35.21866 -26.33972 -80.06299 35.03877
4 16 -26.33972 -80.06299 35.03877 -27.75367 -80.06299 33.85233 -27.37088 -80.06299 33.46954 -26.18443 -80.06299 34.88349
2 24 -27.75367 -80.06299 33.85233 -27.37088 -80.06299 33.46954
2 24 -26.33972 -80.06299 35.03877 -26.18443 -80.06299 34.88349
4 16 -26.18443 -80.06299 34.88349 -27.37088 -80.06299 33.46954 -26.92743 -80.06299 33.15903 -26.00454 -80.06299 34.75753
2 24 -27.37088 -80.06299 33.46954 -26.92743 -80.06299 33.15903
2 24 -26.18443 -80.06299 34.88349 -26.00454 -80.06299 34.75753
4 16 -26.00454 -80.06299 34.75753 -26.92743 -80.06299 33.15903 -26.43681 -80.06299 32.93025 -25.80551 -80.06299 34.66472
2 24 -26.92743 -80.06299 33.15903 -26.43681 -80.06299 32.93025
2 24 -26.00454 -80.06299 34.75753 -25.80551 -80.06299 34.66472
4 16 -25.80551 -80.06299 34.66472 -26.43681 -80.06299 32.93025 -25.91391 -80.06299 32.79014 -25.59339 -80.06299 34.60788
2 24 -26.43681 -80.06299 32.93025 -25.91391 -80.06299 32.79014
2 24 -25.80551 -80.06299 34.66472 -25.59339 -80.06299 34.60788
4 16 -25.59339 -80.06299 34.60788 -25.91391 -80.06299 32.79014 -25.37462 -80.06299 32.74296 -25.37462 -80.06299 34.58874
2 24 -25.91391 -80.06299 32.79014 -25.37462 -80.06299 32.74296
2 24 -25.59339 -80.06299 34.60788 -25.37462 -80.06299 34.58874
4 16 -25.37462 -80.06299 34.58874 -25.37462 -80.06299 32.74296 -24.83533 -80.06299 32.79014 -25.15585 -80.06299 34.60788
2 24 -25.37462 -80.06299 32.74296 -24.83533 -80.06299 32.79014
2 24 -25.37462 -80.06299 34.58874 -25.15585 -80.06299 34.60788
4 16 -25.15585 -80.06299 34.60788 -24.83533 -80.06299 32.79014 -24.31243 -80.06299 32.93025 -24.94373 -80.06299 34.66472
2 24 -24.83533 -80.06299 32.79014 -24.31243 -80.06299 32.93025
2 24 -25.15585 -80.06299 34.60788 -24.94373 -80.06299 34.66472
4 16 -24.94373 -80.06299 34.66472 -24.31243 -80.06299 32.93025 -23.82181 -80.06299 33.15903 -24.7447 -80.06299 34.75753
2 24 -24.31243 -80.06299 32.93025 -23.82181 -80.06299 33.15903
2 24 -24.94373 -80.06299 34.66472 -24.7447 -80.06299 34.75753
4 16 -24.7447 -80.06299 34.75753 -23.82181 -80.06299 33.15903 -23.37836 -80.06299 33.46954 -24.56481 -80.06299 34.88349
2 24 -23.82181 -80.06299 33.15903 -23.37836 -80.06299 33.46954
2 24 -24.7447 -80.06299 34.75753 -24.56481 -80.06299 34.88349
4 16 -24.56481 -80.06299 34.88349 -23.37836 -80.06299 33.46954 -22.99557 -80.06299 33.85233 -24.40953 -80.06299 35.03877
2 24 -23.37836 -80.06299 33.46954 -22.99557 -80.06299 33.85233
2 24 -24.56481 -80.06299 34.88349 -24.40953 -80.06299 35.03877
4 16 -24.40953 -80.06299 35.03877 -22.99557 -80.06299 33.85233 -22.68507 -80.06299 34.29577 -24.28356 -80.06299 35.21866
2 24 -22.99557 -80.06299 33.85233 -22.68507 -80.06299 34.29577
2 24 -24.40953 -80.06299 35.03877 -24.28356 -80.06299 35.21866
4 16 -24.28356 -80.06299 35.21866 -22.68507 -80.06299 34.29577 -22.45629 -80.06299 34.7864 -24.19076 -80.06299 35.41769
2 24 -22.68507 -80.06299 34.29577 -22.45629 -80.06299 34.7864
2 24 -24.28356 -80.06299 35.21866 -24.19076 -80.06299 35.41769

3 16 54.11993 -63.68504 60.01105 55.92353 -63.68504 58.9058 58.2846 -63.68504 60.25671
2 24 54.11993 -63.68504 60.01105 55.92353 -63.68504 58.9058
3 16 58.2846 -63.68504 60.25671 55.92353 -63.68504 58.9058 57.53202 -63.68504 57.53202
2 24 55.92353 -63.68504 58.9058 57.53202 -63.68504 57.53202
4 16 58.2846 -63.68504 60.25671 57.53202 -63.68504 57.53202 58.9058 -63.68504 55.92353 60.25671 -63.68504 58.2846
2 24 57.53202 -63.68504 57.53202 58.9058 -63.68504 55.92353
4 16 60.25671 -63.68504 58.2846 58.9058 -63.68504 55.92353 60.01105 -63.68504 54.11993 61.8564 -63.68504 56
2 24 58.9058 -63.68504 55.92353 60.01105 -63.68504 54.11993
4 16 61.8564 -63.68504 56 60.01105 -63.68504 54.11993 60.82054 -63.68504 52.16565 63.03508 -63.68504 53.47232
2 24 60.01105 -63.68504 54.11993 60.82054 -63.68504 52.16565
4 16 63.03508 -63.68504 53.47232 60.82054 -63.68504 52.16565 61.31435 -63.68504 50.10879 63.75692 -63.68504 50.77837
2 24 60.82054 -63.68504 52.16565 61.31435 -63.68504 50.10879
4 16 63.75692 -63.68504 50.77837 61.31435 -63.68504 50.10879 61.48031 -63.68504 48 64 -63.68504 48
2 24 61.31435 -63.68504 50.10879 61.48031 -63.68504 48
4 16 64 -63.68504 48 61.48031 -63.68504 48 61.48031 -63.68504 -48 64 -63.68504 -48
2 24 61.48031 -63.68504 48 61.48031 -63.68504 -48
4 16 64 -63.68504 -48 61.48031 -63.68504 -48 61.27552 -63.68504 -50.34083 63.75692 -63.68504 -50.77837
2 24 61.48031 -63.68504 -48 61.27552 -63.68504 -50.34083
4 16 63.75692 -63.68504 -50.77837 61.27552 -63.68504 -50.34083 60.66735 -63.68504 -52.61054 63.03508 -63.68504 -53.47232
2 24 61.27552 -63.68504 -50.34083 60.66735 -63.68504 -52.61054
4 16 63.03508 -63.68504 -53.47232 60.66735 -63.68504 -52.61054 59.67429 -63.68504 -54.74016 61.8564 -63.68504 -56
2 24 60.66735 -63.68504 -52.61054 59.67429 -63.68504 -54.74016
4 16 61.8564 -63.68504 -56 59.67429 -63.68504 -54.74016 58.32652 -63.68504 -56.66498 60.25671 -63.68504 -58.2846
2 24 59.67429 -63.68504 -54.74016 58.32652 -63.68504 -56.66498
4 16 60.25671 -63.68504 -58.2846 58.32652 -63.68504 -56.66498 56.66498 -63.68504 -58.32652 58.2846 -63.68504 -60.25671
2 24 58.32652 -63.68504 -56.66498 56.66498 -63.68504 -58.32652
4 16 58.2846 -63.68504 -60.25671 56.66498 -63.68504 -58.32652 54.74016 -63.68504 -59.67429 56 -63.68504 -61.8564
2 24 56.66498 -63.68504 -58.32652 54.74016 -63.68504 -59.67429
4 16 56 -63.68504 -61.8564 54.74016 -63.68504 -59.67429 52.61054 -63.68504 -60.66735 53.47232 -63.68504 -63.03508
2 24 54.74016 -63.68504 -59.67429 52.61054 -63.68504 -60.66735
4 16 53.47232 -63.68504 -63.03508 52.61054 -63.68504 -60.66735 50.34083 -63.68504 -61.27552 50.77837 -63.68504 -63.75692
2 24 52.61054 -63.68504 -60.66735 50.34083 -63.68504 -61.27552
4 16 50.77837 -63.68504 -63.75692 50.34083 -63.68504 -61.27552 48 -63.68504 -61.48031 48 -63.68504 -64
2 24 50.34083 -63.68504 -61.27552 48 -63.68504 -61.48031
4 16 48 -63.68504 -64 48 -63.68504 -61.48031 -48 -63.68504 -61.48031 -48 -63.68504 -64
2 24 48 -63.68504 -61.48031 -48 -63.68504 -61.48031
4 16 -48 -63.68504 -64 -48 -63.68504 -61.48031 -50.34083 -63.68504 -61.27552 -50.77837 -63.68504 -63.75692
2 24 -48 -63.68504 -61.48031 -50.34083 -63.68504 -61.27552
4 16 -50.77837 -63.68504 -63.75692 -50.34083 -63.68504 -61.27552 -52.61054 -63.68504 -60.66735 -53.47232 -63.68504 -63.03508
2 24 -50.34083 -63.68504 -61.27552 -52.61054 -63.68504 -60.66735
4 16 -53.47232 -63.68504 -63.03508 -52.61054 -63.68504 -60.66735 -54.74016 -63.68504 -59.67429 -56 -63.68504 -61.8564
2 24 -52.61054 -63.68504 -60.66735 -54.74016 -63.68504 -59.67429
4 16 -56 -63.68504 -61.8564 -54.74016 -63.68504 -59.67429 -56.66498 -63.68504 -58.32652 -58.2846 -63.68504 -60.25671
2 24 -54.74016 -63.68504 -59.67429 -56.66498 -63.68504 -58.32652
4 16 -58.2846 -63.68504 -60.25671 -56.66498 -63.68504 -58.32652 -58.32652 -63.68504 -56.66498 -60.25671 -63.68504 -58.2846
2 24 -56.66498 -63.68504 -58.32652 -58.32652 -63.68504 -56.66498
4 16 -60.25671 -63.68504 -58.2846 -58.32652 -63.68504 -56.66498 -59.67429 -63.68504 -54.74016 -61.8564 -63.68504 -56
2 24 -58.32652 -63.68504 -56.66498 -59.67429 -63.68504 -54.74016
4 16 -61.8564 -63.68504 -56 -59.67429 -63.68504 -54.74016 -60.66735 -63.68504 -52.61054 -63.03508 -63.68504 -53.47232
2 24 -59.67429 -63.68504 -54.74016 -60.66735 -63.68504 -52.61054
4 16 -63.03508 -63.68504 -53.47232 -60.66735 -63.68504 -52.61054 -61.27552 -63.68504 -50.34083 -63.75692 -63.68504 -50.77837
2 24 -60.66735 -63.68504 -52.61054 -61.27552 -63.68504 -50.34083
4 16 -63.75692 -63.68504 -50.77837 -61.27552 -63.68504 -50.34083 -61.48031 -63.68504 -48 -64 -63.68504 -48
2 24 -61.27552 -63.68504 -50.34083 -61.48031 -63.68504 -48
4 16 -64 -63.68504 -48 -61.48031 -63.68504 -48 -61.48031 -63.68504 48 -64 -63.68504 48
2 24 -61.48031 -63.68504 -48 -61.48031 -63.68504 48
4 16 -64 -63.68504 48 -61.48031 -63.68504 48 -61.27552 -63.68504 50.34083 -63.75692 -63.68504 50.77837
2 24 -61.48031 -63.68504 48 -61.27552 -63.68504 50.34083
4 16 -63.75692 -63.68504 50.77837 -61.27552 -63.68504 50.34083 -60.66735 -63.68504 52.61054 -63.03508 -63.68504 53.47232
2 24 -61.27552 -63.68504 50.34083 -60.66735 -63.68504 52.61054
4 16 -63.03508 -63.68504 53.47232 -60.66735 -63.68504 52.61054 -59.67429 -63.68504 54.74016 -61.8564 -63.68504 56
2 24 -60.66735 -63.68504 52.61054 -59.67429 -63.68504 54.74016
4 16 -61.8564 -63.68504 56 -59.67429 -63.68504 54.74016 -58.32652 -63.68504 56.66498 -60.25671 -63.68504 58.2846
2 24 -59.67429 -63.68504 54.74016 -58.32652 -63.68504 56.66498
4 16 -60.25671 -63.68504 58.2846 -58.32652 -63.68504 56.66498 -56.66498 -63.68504 58.32652 -58.2846 -63.68504 60.25671
2 24 -58.32652 -63.68504 56.66498 -56.66498 -63.68504 58.32652
4 16 -58.2846 -63.68504 60.25671 -56.66498 -63.68504 58.32652 -54.74016 -63.68504 59.67429 -56 -63.68504 61.8564
2 24 -56.66498 -63.68504 58.32652 -54.74016 -63.68504 59.67429
4 16 -56 -63.68504 61.8564 -54.74016 -63.68504 59.67429 -52.61054 -63.68504 60.66735 -53.47232 -63.68504 63.03508
2 24 -54.74016 -63.68504 59.67429 -52.61054 -63.68504 60.66735
4 16 -53.47232 -63.68504 63.03508 -52.61054 -63.68504 60.66735 -50.34083 -63.68504 61.27552 -50.77837 -63.68504 63.75692
2 24 -52.61054 -63.68504 60.66735 -50.34083 -63.68504 61.27552
4 16 -50.77837 -63.68504 63.75692 -50.34083 -63.68504 61.27552 -48 -63.68504 61.48031 -48 -63.68504 64
2 24 -50.34083 -63.68504 61.27552 -48 -63.68504 61.48031
4 16 -48 -63.68504 64 -48 -63.68504 61.48031 48 -63.68504 61.48031 48 -63.68504 64
2 24 -48 -63.68504 61.48031 48 -63.68504 61.48031
3 16 48 -63.68504 64 48 -63.68504 61.48031 50.77837 -63.68504 63.75692
4 16 50.77837 -63.68504 63.75692 48 -63.68504 61.48031 50.10879 -63.68504 61.31435 53.47232 -63.68504 63.03508
2 24 48 -63.68504 61.48031 50.10879 -63.68504 61.31435
4 16 53.47232 -63.68504 63.03508 50.10879 -63.68504 61.31435 52.16565 -63.68504 60.82054 56 -63.68504 61.8564
2 24 50.10879 -63.68504 61.31435 52.16565 -63.68504 60.82054
4 16 56 -63.68504 61.8564 52.16565 -63.68504 60.82054 54.11993 -63.68504 60.01105 58.2846 -63.68504 60.25671
2 24 52.16565 -63.68504 60.82054 54.11993 -63.68504 60.01105

3 16 35.24442 -61.79528 -31.34852 30.30844 -61.79528 -32.68424 48.25197 -61.79528 -49.00787
2 24 35.24442 -61.79528 -31.34852 30.30844 -61.79528 -32.68424
4 16 48.25197 -61.79528 -49.00787 30.30844 -61.79528 -32.68424 25.26188 -61.79528 -33.509 7.559055 -61.79528 -49.00787
2 24 30.30844 -61.79528 -32.68424 25.26188 -61.79528 -33.509
2 24 7.559055 -61.79528 -49.00787 48.25197 -61.79528 -49.00787
3 16 -40.01822 -61.79528 -29.51579 -48.65687 -61.79528 -48.8605 -48.56693 -61.79528 -48.92348
2 24 -48.65687 -61.79528 -48.8605 -48.56693 -61.79528 -48.92348
3 16 -48.87232 -61.79528 -48.48734 -48.8439 -61.79528 -48.5934 -40.01822 -61.79528 -29.51579
2 24 -48.87232 -61.79528 -48.48734 -48.8439 -61.79528 -48.5934
3 16 48.46741 -61.79528 -48.96988 48.56693 -61.79528 -48.92348 40.01822 -61.79528 -29.51579
2 24 48.46741 -61.79528 -48.96988 48.56693 -61.79528 -48.92348
3 16 40.01822 -61.79528 -29.51579 48.56693 -61.79528 -48.92348 48.65687 -61.79528 -48.8605
2 24 48.56693 -61.79528 -48.92348 48.65687 -61.79528 -48.8605
3 16 40.01822 -61.79528 -29.51579 48.65687 -61.79528 -48.8605 48.73452 -61.79528 -48.78286
2 24 48.65687 -61.79528 -48.8605 48.73452 -61.79528 -48.78286
4 16 7.559055 -61.79528 -49.00787 25.26188 -61.79528 -33.509 20.15748 -61.79528 -33.81417 7.559055 -61.79528 -47.24409
2 24 25.26188 -61.79528 -33.509 20.15748 -61.79528 -33.81417
2 24 7.559055 -61.79528 -47.24409 7.559055 -61.79528 -49.00787
4 16 7.559055 -61.79528 -47.24409 20.15748 -61.79528 -33.81417 -20.15748 -61.79528 -33.81417 -7.559055 -61.79528 -47.24409
2 24 20.15748 -61.79528 -33.81417 -20.15748 -61.79528 -33.81417
2 24 -7.559055 -61.79528 -47.24409 7.559055 -61.79528 -47.24409
4 16 -7.559055 -61.79528 -47.24409 -20.15748 -61.79528 -33.81417 -25.26188 -61.79528 -33.509 -7.559055 -61.79528 -49.00787
2 24 -20.15748 -61.79528 -33.81417 -25.26188 -61.79528 -33.509
2 24 -7.559055 -61.79528 -49.00787 -7.559055 -61.79528 -47.24409
4 16 -7.559055 -61.79528 -49.00787 -25.26188 -61.79528 -33.509 -30.30844 -61.79528 -32.68424 -48.25197 -61.79528 -49.00787
2 24 -25.26188 -61.79528 -33.509 -30.30844 -61.79528 -32.68424
2 24 -48.25197 -61.79528 -49.00787 -7.559055 -61.79528 -49.00787
4 16 -48.25197 -61.79528 -49.00787 -30.30844 -61.79528 -32.68424 -35.24442 -61.79528 -31.34852 -48.36135 -61.79528 -48.9983
2 24 -30.30844 -61.79528 -32.68424 -35.24442 -61.79528 -31.34852
2 24 -48.36135 -61.79528 -48.9983 -48.25197 -61.79528 -49.00787
4 16 -48.36135 -61.79528 -48.9983 -35.24442 -61.79528 -31.34852 -40.01822 -61.79528 -29.51579 -48.46741 -61.79528 -48.96988
2 24 -35.24442 -61.79528 -31.34852 -40.01822 -61.79528 -29.51579
2 24 -48.46741 -61.79528 -48.96988 -48.36135 -61.79528 -48.9983
3 16 -48.46741 -61.79528 -48.96988 -40.01822 -61.79528 -29.51579 -48.56693 -61.79528 -48.92348
2 24 -48.56693 -61.79528 -48.92348 -48.46741 -61.79528 -48.96988
3 16 48.88189 -61.79528 -24.44094 44.57993 -61.79528 -27.20522 48.88189 -61.79528 -48.37795
2 24 48.88189 -61.79528 -24.44094 44.57993 -61.79528 -27.20522
2 24 48.88189 -61.79528 -48.37795 48.88189 -61.79528 -24.44094
4 16 48.88189 -61.79528 -48.37795 44.57993 -61.79528 -27.20522 40.01822 -61.79528 -29.51579 48.87232 -61.79528 -48.48734
2 24 44.57993 -61.79528 -27.20522 40.01822 -61.79528 -29.51579
2 24 48.87232 -61.79528 -48.48734 48.88189 -61.79528 -48.37795
4 16 35.24442 -61.79528 -31.34852 48.25197 -61.79528 -49.00787 48.36135 -61.79528 -48.9983 40.01822 -61.79528 -29.51579
2 24 48.25197 -61.79528 -49.00787 48.36135 -61.79528 -48.9983
2 24 40.01822 -61.79528 -29.51579 35.24442 -61.79528 -31.34852
3 16 40.01822 -61.79528 -29.51579 48.36135 -61.79528 -48.9983 48.46741 -61.79528 -48.96988
2 24 48.36135 -61.79528 -48.9983 48.46741 -61.79528 -48.96988
4 16 -48.87232 -61.79528 -48.48734 -40.01822 -61.79528 -29.51579 -44.57993 -61.79528 -27.20522 -48.88189 -61.79528 -48.37795
2 24 -40.01822 -61.79528 -29.51579 -44.57993 -61.79528 -27.20522
2 24 -48.88189 -61.79528 -48.37795 -48.87232 -61.79528 -48.48734
3 16 -48.88189 -61.79528 -48.37795 -44.57993 -61.79528 -27.20522 -48.88189 -61.79528 -24.44094
2 24 -44.57993 -61.79528 -27.20522 -48.88189 -61.79528 -24.44094
2 24 -48.88189 -61.79528 -24.44094 -48.88189 -61.79528 -48.37795
3 16 -48.8439 -61.79528 -48.5934 -48.7975 -61.79528 -48.69291 -40.01822 -61.79528 -29.51579
2 24 -48.8439 -61.79528 -48.5934 -48.7975 -61.79528 -48.69291
3 16 -40.01822 -61.79528 -29.51579 -48.7975 -61.79528 -48.69291 -48.73452 -61.79528 -48.78286
2 24 -48.7975 -61.79528 -48.69291 -48.73452 -61.79528 -48.78286
3 16 -40.01822 -61.79528 -29.51579 -48.73452 -61.79528 -48.78286 -48.65687 -61.79528 -48.8605
2 24 -48.73452 -61.79528 -48.78286 -48.65687 -61.79528 -48.8605
3 16 48.73452 -61.79528 -48.78286 48.7975 -61.79528 -48.69291 40.01822 -61.79528 -29.51579
2 24 48.73452 -61.79528 -48.78286 48.7975 -61.79528 -48.69291
3 16 40.01822 -61.79528 -29.51579 48.7975 -61.79528 -48.69291 48.8439 -61.79528 -48.5934
2 24 48.7975 -61.79528 -48.69291 48.8439 -61.79528 -48.5934
3 16 40.01822 -61.79528 -29.51579 48.8439 -61.79528 -48.5934 48.87232 -61.79528 -48.48734
2 24 48.8439 -61.79528 -48.5934 48.87232 -61.79528 -48.48734

4 16 -24.13392 -63.68504 -3.311447 -24.11478 -63.68504 -3.092678 -26.61532 -63.68504 -3.311447 -26.55848 -63.68504 -3.52357
2 24 -24.13392 -63.68504 -3.311447 -24.11478 -63.68504 -3.092678
2 24 -26.61532 -63.68504 -3.311447 -26.55848 -63.68504 -3.52357
4 16 -24.13392 -63.68504 -2.873909 -26.33972 -63.68504 -2.282867 -26.46567 -63.68504 -2.462757 -24.11478 -63.68504 -3.092678
2 24 -26.33972 -63.68504 -2.282867 -26.46567 -63.68504 -2.462757
2 24 -24.11478 -63.68504 -3.092678 -24.13392 -63.68504 -2.873909
3 16 -24.11478 -63.68504 -3.092678 -26.46567 -63.68504 -2.462757 -26.55848 -63.68504 -2.661787
2 24 -26.46567 -63.68504 -2.462757 -26.55848 -63.68504 -2.661787
3 16 -26.55848 -63.68504 -2.661787 -26.61532 -63.68504 -2.873909 -24.11478 -63.68504 -3.092678
2 24 -26.55848 -63.68504 -2.661787 -26.61532 -63.68504 -2.873909
3 16 -24.11478 -63.68504 -3.092678 -26.61532 -63.68504 -2.873909 -26.63446 -63.68504 -3.092678
2 24 -26.61532 -63.68504 -2.873909 -26.63446 -63.68504 -3.092678
3 16 -24.11478 -63.68504 -3.092678 -26.63446 -63.68504 -3.092678 -26.61532 -63.68504 -3.311447
2 24 -26.63446 -63.68504 -3.092678 -26.61532 -63.68504 -3.311447
3 16 -24.13392 -63.68504 -2.873909 -24.19076 -63.68504 -2.661787 -26.33972 -63.68504 -2.282867
2 24 -24.13392 -63.68504 -2.873909 -24.19076 -63.68504 -2.661787
3 16 -26.33972 -63.68504 -2.282867 -24.19076 -63.68504 -2.661787 -24.28356 -63.68504 -2.462757
2 24 -24.19076 -63.68504 -2.661787 -24.28356 -63.68504 -2.462757
3 16 -26.33972 -63.68504 -2.282867 -24.28356 -63.68504 -2.462757 -24.40953 -63.68504 -2.282867
2 24 -24.28356 -63.68504 -2.462757 -24.40953 -63.68504 -2.282867
4 16 -25.37462 -63.68504 -4.352521 -25.15585 -63.68504 -4.333381 -26.46567 -63.68504 -3.722599 -26.33972 -63.68504 -3.902489
2 24 -25.37462 -63.68504 -4.352521 -25.15585 -63.68504 -4.333381
2 24 -26.46567 -63.68504 -3.722599 -26.33972 -63.68504 -3.902489
3 16 -24.94373 -63.68504 -4.276543 -24.7447 -63.68504 -4.183734 -26.55848 -63.68504 -3.52357
2 24 -24.94373 -63.68504 -4.276543 -24.7447 -63.68504 -4.183734
3 16 -26.55848 -63.68504 -3.52357 -24.7447 -63.68504 -4.183734 -24.56481 -63.68504 -4.057773
2 24 -24.7447 -63.68504 -4.183734 -24.56481 -63.68504 -4.057773
3 16 -26.55848 -63.68504 -3.52357 -24.56481 -63.68504 -4.057773 -24.40953 -63.68504 -3.902489
2 24 -24.56481 -63.68504 -4.057773 -24.40953 -63.68504 -3.902489
3 16 -24.40953 -63.68504 -3.902489 -24.28356 -63.68504 -3.722599 -26.55848 -63.68504 -3.52357
2 24 -24.40953 -63.68504 -3.902489 -24.28356 -63.68504 -3.722599
3 16 -26.55848 -63.68504 -3.52357 -24.28356 -63.68504 -3.722599 -24.19076 -63.68504 -3.52357
2 24 -24.28356 -63.68504 -3.722599 -24.19076 -63.68504 -3.52357
3 16 -26.55848 -63.68504 -3.52357 -24.19076 -63.68504 -3.52357 -24.13392 -63.68504 -3.311447
2 24 -24.19076 -63.68504 -3.52357 -24.13392 -63.68504 -3.311447
3 16 -24.40953 -63.68504 -2.282867 -24.56481 -63.68504 -2.127583 -26.33972 -63.68504 -2.282867
2 24 -24.40953 -63.68504 -2.282867 -24.56481 -63.68504 -2.127583
4 16 -26.33972 -63.68504 -2.282867 -24.56481 -63.68504 -2.127583 -24.7447 -63.68504 -2.001622 -26.18443 -63.68504 -2.127583
2 24 -24.56481 -63.68504 -2.127583 -24.7447 -63.68504 -2.001622
2 24 -26.18443 -63.68504 -2.127583 -26.33972 -63.68504 -2.282867
4 16 -26.18443 -63.68504 -2.127583 -24.7447 -63.68504 -2.001622 -24.94373 -63.68504 -1.908813 -26.00454 -63.68504 -2.001622
2 24 -24.7447 -63.68504 -2.001622 -24.94373 -63.68504 -1.908813
2 24 -26.00454 -63.68504 -2.001622 -26.18443 -63.68504 -2.127583
4 16 -24.94373 -63.68504 -4.276543 -26.55848 -63.68504 -3.52357 -26.46567 -63.68504 -3.722599 -25.15585 -63.68504 -4.333381
2 24 -26.55848 -63.68504 -3.52357 -26.46567 -63.68504 -3.722599
2 24 -25.15585 -63.68504 -4.333381 -24.94373 -63.68504 -4.276543
3 16 -26.00454 -63.68504 -4.183734 -25.80551 -63.68504 -4.276543 -25.59339 -63.68504 -4.333381
2 24 -26.00454 -63.68504 -4.183734 -25.80551 -63.68504 -4.276543
2 24 -25.80551 -63.68504 -4.276543 -25.59339 -63.68504 -4.333381
3 16 -25.15585 -63.68504 -1.851975 -25.37462 -63.68504 -1.832835 -25.59339 -63.68504 -1.851975
2 24 -25.15585 -63.68504 -1.851975 -25.37462 -63.68504 -1.832835
2 24 -25.37462 -63.68504 -1.832835 -25.59339 -63.68504 -1.851975
4 16 -26.00454 -63.68504 -2.001622 -24.94373 -63.68504 -1.908813 -25.15585 -63.68504 -1.851975 -25.80551 -63.68504 -1.908813
2 24 -24.94373 -63.68504 -1.908813 -25.15585 -63.68504 -1.851975
2 24 -25.80551 -63.68504 -1.908813 -26.00454 -63.68504 -2.001622
3 16 -25.80551 -63.68504 -1.908813 -25.15585 -63.68504 -1.851975 -25.59339 -63.68504 -1.851975
2 24 -25.59339 -63.68504 -1.851975 -25.80551 -63.68504 -1.908813
4 16 -25.37462 -63.68504 -4.352521 -26.33972 -63.68504 -3.902489 -26.18443 -63.68504 -4.057773 -25.59339 -63.68504 -4.333381
2 24 -26.33972 -63.68504 -3.902489 -26.18443 -63.68504 -4.057773
2 24 -25.59339 -63.68504 -4.333381 -25.37462 -63.68504 -4.352521
3 16 -25.59339 -63.68504 -4.333381 -26.18443 -63.68504 -4.057773 -26.00454 -63.68504 -4.183734
2 24 -26.18443 -63.68504 -4.057773 -26.00454 -63.68504 -4.183734

3 16 -39.34987 -63.68504 15.56814 -39.68504 -63.68504 17.46901 -39.50515 -63.68504 15.41286
2 24 -39.50515 -63.68504 15.41286 -39.34987 -63.68504 15.56814
4 16 -39.50515 -63.68504 15.41286 -39.68504 -63.68504 17.46901 -39.88407 -63.68504 17.56182 -39.68504 -63.68504 15.2869
2 24 -39.68504 -63.68504 17.46901 -39.88407 -63.68504 17.56182
2 24 -39.68504 -63.68504 15.2869 -39.50515 -63.68504 15.41286
3 16 -39.68504 -63.68504 15.2869 -39.88407 -63.68504 17.56182 -40.09619 -63.68504 17.61865
2 24 -39.88407 -63.68504 17.56182 -40.09619 -63.68504 17.61865
3 16 -39.68504 -63.68504 15.2869 -40.09619 -63.68504 17.61865 -40.31496 -63.68504 17.63779
2 24 -40.09619 -63.68504 17.61865 -40.31496 -63.68504 17.63779
3 16 -40.31496 -63.68504 17.63779 -40.53373 -63.68504 17.61865 -39.68504 -63.68504 15.2869
2 24 -40.31496 -63.68504 17.63779 -40.53373 -63.68504 17.61865
3 16 -39.68504 -63.68504 15.2869 -40.53373 -63.68504 17.61865 -40.74585 -63.68504 17.56182
2 24 -40.53373 -63.68504 17.61865 -40.74585 -63.68504 17.56182
3 16 -39.68504 -63.68504 15.2869 -40.74585 -63.68504 17.56182 -40.94488 -63.68504 17.46901
2 24 -40.74585 -63.68504 17.56182 -40.94488 -63.68504 17.46901
3 16 -40.94488 -63.68504 17.46901 -41.12477 -63.68504 17.34305 -39.68504 -63.68504 15.2869
2 24 -40.94488 -63.68504 17.46901 -41.12477 -63.68504 17.34305
3 16 -39.68504 -63.68504 15.2869 -41.12477 -63.68504 17.34305 -41.28005 -63.68504 17.18776
2 24 -41.12477 -63.68504 17.34305 -41.28005 -63.68504 17.18776
3 16 -39.68504 -63.68504 15.2869 -41.28005 -63.68504 17.18776 -41.40602 -63.68504 17.00787
2 24 -41.28005 -63.68504 17.18776 -41.40602 -63.68504 17.00787
3 16 -41.40602 -63.68504 17.00787 -41.49882 -63.68504 16.80884 -39.68504 -63.68504 15.2869
2 24 -41.40602 -63.68504 17.00787 -41.49882 -63.68504 16.80884
3 16 -39.68504 -63.68504 15.2869 -41.49882 -63.68504 16.80884 -41.55566 -63.68504 16.59672
2 24 -41.49882 -63.68504 16.80884 -41.55566 -63.68504 16.59672
3 16 -39.68504 -63.68504 15.2869 -41.55566 -63.68504 16.59672 -41.5748 -63.68504 16.37795
2 24 -41.55566 -63.68504 16.59672 -41.5748 -63.68504 16.37795
3 16 -39.34987 -63.68504 15.56814 -39.22391 -63.68504 15.74803 -39.68504 -63.68504 17.46901
2 24 -39.34987 -63.68504 15.56814 -39.22391 -63.68504 15.74803
3 16 -39.68504 -63.68504 17.46901 -39.22391 -63.68504 15.74803 -39.13109 -63.68504 15.94706
2 24 -39.22391 -63.68504 15.74803 -39.13109 -63.68504 15.94706
4 16 -39.68504 -63.68504 17.46901 -39.13109 -63.68504 15.94706 -39.07426 -63.68504 16.15918 -39.50515 -63.68504 17.34305
2 24 -39.13109 -63.68504 15.94706 -39.07426 -63.68504 16.15918
2 24 -39.50515 -63.68504 17.34305 -39.68504 -63.68504 17.46901
4 16 -39.05512 -63.68504 16.37795 -39.34987 -63.68504 17.18776 -39.50515 -63.68504 17.34305 -39.07426 -63.68504 16.15918
2 24 -39.34987 -63.68504 17.18776 -39.50515 -63.68504 17.34305
2 24 -39.07426 -63.68504 16.15918 -39.05512 -63.68504 16.37795
3 16 -39.05512 -63.68504 16.37795 -39.07426 -63.68504 16.59672 -39.34987 -63.68504 17.18776
2 24 -39.05512 -63.68504 16.37795 -39.07426 -63.68504 16.59672
3 16 -39.34987 -63.68504 17.18776 -39.07426 -63.68504 16.59672 -39.13109 -63.68504 16.80884
2 24 -39.07426 -63.68504 16.59672 -39.13109 -63.68504 16.80884
3 16 -39.34987 -63.68504 17.18776 -39.13109 -63.68504 16.80884 -39.22391 -63.68504 17.00787
2 24 -39.13109 -63.68504 16.80884 -39.22391 -63.68504 17.00787
2 24 -39.22391 -63.68504 17.00787 -39.34987 -63.68504 17.18776
3 16 -41.5748 -63.68504 16.37795 -41.55566 -63.68504 16.15918 -39.68504 -63.68504 15.2869
2 24 -41.5748 -63.68504 16.37795 -41.55566 -63.68504 16.15918
3 16 -39.68504 -63.68504 15.2869 -41.55566 -63.68504 16.15918 -41.49882 -63.68504 15.94706
2 24 -41.55566 -63.68504 16.15918 -41.49882 -63.68504 15.94706
4 16 -39.68504 -63.68504 15.2869 -41.49882 -63.68504 15.94706 -41.40602 -63.68504 15.74803 -39.88407 -63.68504 15.19409
2 24 -41.49882 -63.68504 15.94706 -41.40602 -63.68504 15.74803
2 24 -39.88407 -63.68504 15.19409 -39.68504 -63.68504 15.2869
3 16 -39.88407 -63.68504 15.19409 -41.40602 -63.68504 15.74803 -41.28005 -63.68504 15.56814
2 24 -41.40602 -63.68504 15.74803 -41.28005 -63.68504 15.56814
3 16 -40.53373 -63.68504 15.13725 -40.31496 -63.68504 15.11811 -40.74585 -63.68504 15.19409
2 24 -40.53373 -63.68504 15.13725 -40.31496 -63.68504 15.11811
2 24 -40.74585 -63.68504 15.19409 -40.53373 -63.68504 15.13725
4 16 -40.74585 -63.68504 15.19409 -40.31496 -63.68504 15.11811 -40.09619 -63.68504 15.13725 -40.94488 -63.68504 15.2869
2 24 -40.31496 -63.68504 15.11811 -40.09619 -63.68504 15.13725
2 24 -40.94488 -63.68504 15.2869 -40.74585 -63.68504 15.19409
3 16 -41.28005 -63.68504 15.56814 -41.12477 -63.68504 15.41286 -39.88407 -63.68504 15.19409
2 24 -41.28005 -63.68504 15.56814 -41.12477 -63.68504 15.41286
4 16 -39.88407 -63.68504 15.19409 -41.12477 -63.68504 15.41286 -40.94488 -63.68504 15.2869 -40.09619 -63.68504 15.13725
2 24 -41.12477 -63.68504 15.41286 -40.94488 -63.68504 15.2869
2 24 -40.09619 -63.68504 15.13725 -39.88407 -63.68504 15.19409

3 16 -24.40953 -63.68504 35.03877 -24.28356 -63.68504 35.21866 -25.59339 -63.68504 37.08928
2 24 -24.40953 -63.68504 35.03877 -24.28356 -63.68504 35.21866
3 16 -26.00454 -63.68504 36.93964 -26.18443 -63.68504 36.81368 -25.59339 -63.68504 34.60788
2 24 -26.00454 -63.68504 36.93964 -26.18443 -63.68504 36.81368
3 16 -25.37462 -63.68504 34.58874 -25.15585 -63.68504 34.60788 -25.59339 -63.68504 37.08928
2 24 -25.37462 -63.68504 34.58874 -25.15585 -63.68504 34.60788
3 16 -25.59339 -63.68504 37.08928 -25.15585 -63.68504 34.60788 -24.94373 -63.68504 34.66472
2 24 -25.15585 -63.68504 34.60788 -24.94373 -63.68504 34.66472
4 16 -25.37462 -63.68504 34.58874 -25.59339 -63.68504 37.08928 -25.80551 -63.68504 37.03245 -25.59339 -63.68504 34.60788
2 24 -25.59339 -63.68504 37.08928 -25.80551 -63.68504 37.03245
2 24 -25.59339 -63.68504 34.60788 -25.37462 -63.68504 34.58874
3 16 -25.59339 -63.68504 34.60788 -25.80551 -63.68504 37.03245 -26.00454 -63.68504 36.93964
2 24 -25.80551 -63.68504 37.03245 -26.00454 -63.68504 36.93964
3 16 -26.00454 -63.68504 34.75753 -26.46567 -63.68504 36.4785 -26.18443 -63.68504 34.88349
2 24 -26.18443 -63.68504 34.88349 -26.00454 -63.68504 34.75753
4 16 -26.18443 -63.68504 34.88349 -26.46567 -63.68504 36.4785 -26.55848 -63.68504 36.27947 -26.33972 -63.68504 35.03877
2 24 -26.46567 -63.68504 36.4785 -26.55848 -63.68504 36.27947
2 24 -26.33972 -63.68504 35.03877 -26.18443 -63.68504 34.88349
3 16 -26.18443 -63.68504 36.81368 -26.33972 -63.68504 36.6584 -25.59339 -63.68504 34.60788
2 24 -26.18443 -63.68504 36.81368 -26.33972 -63.68504 36.6584
4 16 -25.59339 -63.68504 34.60788 -26.33972 -63.68504 36.6584 -26.46567 -63.68504 36.4785 -25.80551 -63.68504 34.66472
2 24 -26.33972 -63.68504 36.6584 -26.46567 -63.68504 36.4785
2 24 -25.80551 -63.68504 34.66472 -25.59339 -63.68504 34.60788
3 16 -25.80551 -63.68504 34.66472 -26.46567 -63.68504 36.4785 -26.00454 -63.68504 34.75753
2 24 -26.00454 -63.68504 34.75753 -25.80551 -63.68504 34.66472
3 16 -24.94373 -63.68504 34.66472 -24.7447 -63.68504 34.75753 -25.59339 -63.68504 37.08928
2 24 -24.94373 -63.68504 34.66472 -24.7447 -63.68504 34.75753
3 16 -25.59339 -63.68504 37.08928 -24.7447 -63.68504 34.75753 -24.56481 -63.68504 34.88349
2 24 -24.7447 -63.68504 34.75753 -24.56481 -63.68504 34.88349
3 16 -25.59339 -63.68504 37.08928 -24.56481 -63.68504 34.88349 -24.40953 -63.68504 35.03877
2 24 -24.56481 -63.68504 34.88349 -24.40953 -63.68504 35.03877
3 16 -24.28356 -63.68504 35.21866 -24.19076 -63.68504 35.41769 -25.59339 -63.68504 37.08928
2 24 -24.28356 -63.68504 35.21866 -24.19076 -63.68504 35.41769
3 16 -25.59339 -63.68504 37.08928 -24.19076 -63.68504 35.41769 -24.13392 -63.68504 35.62981
2 24 -24.19076 -63.68504 35.41769 -24.13392 -63.68504 35.62981
3 16 -25.59339 -63.68504 37.08928 -24.13392 -63.68504 35.62981 -24.11478 -63.68504 35.84858
2 24 -24.13392 -63.68504 35.62981 -24.11478 -63.68504 35.84858
3 16 -24.56481 -63.68504 36.81368 -24.7447 -63.68504 36.93964 -24.40953 -63.68504 36.6584
2 24 -24.56481 -63.68504 36.81368 -24.7447 -63.68504 36.93964
2 24 -24.40953 -63.68504 36.6584 -24.56481 -63.68504 36.81368
3 16 -24.40953 -63.68504 36.6584 -24.7447 -63.68504 36.93964 -24.28356 -63.68504 36.4785
2 24 -24.28356 -63.68504 36.4785 -24.40953 -63.68504 36.6584
4 16 -24.28356 -63.68504 36.4785 -24.7447 -63.68504 36.93964 -24.94373 -63.68504 37.03245 -24.19076 -63.68504 36.27947
2 24 -24.7447 -63.68504 36.93964 -24.94373 -63.68504 37.03245
2 24 -24.19076 -63.68504 36.27947 -24.28356 -63.68504 36.4785
3 16 -24.19076 -63.68504 36.27947 -24.94373 -63.68504 37.03245 -25.15585 -63.68504 37.08928
2 24 -24.94373 -63.68504 37.03245 -25.15585 -63.68504 37.08928
3 16 -24.11478 -63.68504 35.84858 -24.13392 -63.68504 36.06735 -25.59339 -63.68504 37.08928
2 24 -24.11478 -63.68504 35.84858 -24.13392 -63.68504 36.06735
4 16 -25.59339 -63.68504 37.08928 -24.13392 -63.68504 36.06735 -24.19076 -63.68504 36.27947 -25.37462 -63.68504 37.10843
2 24 -24.13392 -63.68504 36.06735 -24.19076 -63.68504 36.27947
2 24 -25.37462 -63.68504 37.10843 -25.59339 -63.68504 37.08928
3 16 -25.37462 -63.68504 37.10843 -24.19076 -63.68504 36.27947 -25.15585 -63.68504 37.08928
2 24 -25.15585 -63.68504 37.08928 -25.37462 -63.68504 37.10843
3 16 -26.33972 -63.68504 35.03877 -26.55848 -63.68504 36.27947 -26.61532 -63.68504 36.06735
2 24 -26.55848 -63.68504 36.27947 -26.61532 -63.68504 36.06735
3 16 -26.33972 -63.68504 35.03877 -26.61532 -63.68504 36.06735 -26.63446 -63.68504 35.84858
2 24 -26.61532 -63.68504 36.06735 -26.63446 -63.68504 35.84858
3 16 -26.63446 -63.68504 35.84858 -26.61532 -63.68504 35.62981 -26.33972 -63.68504 35.03877
2 24 -26.63446 -63.68504 35.84858 -26.61532 -63.68504 35.62981
3 16 -26.33972 -63.68504 35.03877 -26.61532 -63.68504 35.62981 -26.55848 -63.68504 35.41769
2 24 -26.61532 -63.68504 35.62981 -26.55848 -63.68504 35.41769
3 16 -26.33972 -63.68504 35.03877 -26.55848 -63.68504 35.41769 -26.46567 -63.68504 35.21866
2 24 -26.55848 -63.68504 35.41769 -26.46567 -63.68504 35.21866
2 24 -26.46567 -63.68504 35.21866 -26.33972 -63.68504 35.03877

4 16 -25.37462 -80.06299 34.58874 -25.37462 -63.68504 34.58874 -25.59339 -63.68504 34.60788 -25.59339 -80.06299 34.60788
4 16 -25.59339 -80.06299 34.60788 -25.59339 -63.68504 34.60788 -25.80551 -63.68504 34.66472 -25.80551 -80.06299 34.66472
4 16 -25.80551 -80.06299 34.66472 -25.80551 -63.68504 34.66472 -26.00454 -63.68504 34.75753 -26.00454 -80.06299 34.75753
4 16 -26.00454 -80.06299 34.75753 -26.00454 -63.68504 34.75753 -26.18443 -63.68504 34.88349 -26.18443 -80.06299 34.88349
4 16 -26.18443 -80.06299 34.88349 -26.18443 -63.68504 34.88349 -26.33972 -63.68504 35.03877 -26.33972 -80.06299 35.03877
4 16 -26.33972 -80.06299 35.03877 -26.33972 -63.68504 35.03877 -26.46567 -63.68504 35.21866 -26.46567 -80.06299 35.21866
4 16 -26.46567 -80.06299 35.21866 -26.46567 -63.68504 35.21866 -26.55848 -63.68504 35.41769 -26.55848 -80.06299 35.41769
4 16 -26.55848 -80.06299 35.41769 -26.55848 -63.68504 35.41769 -26.61532 -63.68504 35.62981 -26.61532 -80.06299 35.62981
4 16 -26.61532 -80.06299 35.62981 -26.61532 -63.68504 35.62981 -26.63446 -63.68504 35.84858 -26.63446 -80.06299 35.84858
4 16 -26.63446 -80.06299 35.84858 -26.63446 -63.68504 35.84858 -26.61532 -63.68504 36.06735 -26.61532 -80.06299 36.06735
4 16 -26.61532 -80.06299 36.06735 -26.61532 -63.68504 36.06735 -26.55848 -63.68504 36.27947 -26.55848 -80.06299 36.27947
4 16 -26.55848 -80.06299 36.27947 -26.55848 -63.68504 36.27947 -26.46567 -63.68504 36.4785 -26.46567 -80.06299 36.4785
4 16 -26.46567 -80.06299 36.4785 -26.46567 -63.68504 36.4785 -26.33972 -63.68504 36.6584 -26.33972 -80.06299 36.6584
4 16 -26.33972 -80.06299 36.6584 -26.33972 -63.68504 36.6584 -26.18443 -63.68504 36.81368 -26.18443 -80.06299 36.81368
4 16 -26.18443 -80.06299 36.81368 -26.18443 -63.68504 36.81368 -26.00454 -63.68504 36.93964 -26.00454 -80.06299 36.93964
4 16 -26.00454 -80.06299 36.93964 -26.00454 -63.68504 36.93964 -25.80551 -63.68504 37.03245 -25.80551 -80.06299 37.03245
4 16 -25.80551 -80.06299 37.03245 -25.80551 -63.68504 37.03245 -25.59339 -63.68504 37.08928 -25.59339 -80.06299 37.08928
4 16 -25.59339 -80.06299 37.08928 -25.59339 -63.68504 37.08928 -25.37462 -63.68504 37.10843 -25.37462 -80.06299 37.10843
4 16 -40.31496 -80.06299 15.11811 -40.31496 -63.68504 15.11811 -40.53373 -63.68504 15.13725 -40.53373 -80.06299 15.13725
4 16 -40.53373 -80.06299 15.13725 -40.53373 -63.68504 15.13725 -40.74585 -63.68504 15.19409 -40.74585 -80.06299 15.19409
4 16 -40.74585 -80.06299 15.19409 -40.74585 -63.68504 15.19409 -40.94488 -63.68504 15.2869 -40.94488 -80.06299 15.2869
4 16 -40.94488 -80.06299 15.2869 -40.94488 -63.68504 15.2869 -41.12477 -63.68504 15.41286 -41.12477 -80.06299 15.41286
4 16 -41.12477 -80.06299 15.41286 -41.12477 -63.68504 15.41286 -41.28005 -63.68504 15.56814 -41.28005 -80.06299 15.56814
4 16 -41.28005 -80.06299 15.56814 -41.28005 -63.68504 15.56814 -41.40602 -63.68504 15.74803 -41.40602 -80.06299 15.74803
4 16 -41.40602 -80.06299 15.74803 -41.40602 -63.68504 15.74803 -41.49882 -63.68504 15.94706 -41.49882 -80.06299 15.94706
4 16 -41.49882 -80.06299 15.94706 -41.49882 -63.68504 15.94706 -41.55566 -63.68504 16.15918 -41.55566 -80.06299 16.15918
4 16 -41.55566 -80.06299 16.15918 -41.55566 -63.68504 16.15918 -41.5748 -63.68504 16.37795 -41.5748 -80.06299 16.37795
4 16 -41.5748 -80.06299 16.37795 -41.5748 -63.68504 16.37795 -41.55566 -63.68504 16.59672 -41.55566 -80.06299 16.59672
4 16 -41.55566 -80.06299 16.59672 -41.55566 -63.68504 16.59672 -41.49882 -63.68504 16.80884 -41.49882 -80.06299 16.80884
4 16 -41.49882 -80.06299 16.80884 -41.49882 -63.68504 16.80884 -41.40602 -63.68504 17.00787 -41.40602 -80.06299 17.00787
4 16 -41.40602 -80.06299 17.00787 -41.40602 -63.68504 17.00787 -41.28005 -63.68504 17.18776 -41.28005 -80.06299 17.18776
4 16 -41.28005 -80.06299 17.18776 -41.28005 -63.68504 17.18776 -41.12477 -63.68504 17.34305 -41.12477 -80.06299 17.34305
4 16 -41.12477 -80.06299 17.34305 -41.12477 -63.68504 17.34305 -40.94488 -63.68504 17.46901 -40.94488 -80.06299 17.46901
4 16 -40.94488 -80.06299 17.46901 -40.94488 -63.68504 17.46901 -40.74585 -63.68504 17.56182 -40.74585 -80.06299 17.56182
4 16 -40.74585 -80.06299 17.56182 -40.74585 -63.68504 17.56182 -40.53373 -63.68504 17.61865 -40.53373 -80.06299 17.61865
4 16 -40.53373 -80.06299 17.61865 -40.53373 -63.68504 17.61865 -40.31496 -63.68504 17.63779 -40.31496 -80.06299 17.63779
4 16 -25.37462 -80.06299 -4.352521 -25.37462 -63.68504 -4.352521 -25.59339 -63.68504 -4.333381 -25.59339 -80.06299 -4.333381
4 16 -25.59339 -80.06299 -4.333381 -25.59339 -63.68504 -4.333381 -25.80551 -63.68504 -4.276543 -25.80551 -80.06299 -4.276543
4 16 -25.80551 -80.06299 -4.276543 -25.80551 -63.68504 -4.276543 -26.00454 -63.68504 -4.183734 -26.00454 -80.06299 -4.183734
4 16 -26.00454 -80.06299 -4.183734 -26.00454 -63.68504 -4.183734 -26.18443 -63.68504 -4.057773 -26.18443 -80.06299 -4.057773
4 16 -26.18443 -80.06299 -4.057773 -26.18443 -63.68504 -4.057773 -26.33972 -63.68504 -3.902489 -26.33972 -80.06299 -3.902489
4 16 -26.33972 -80.06299 -3.902489 -26.33972 -63.68504 -3.902489 -26.46567 -63.68504 -3.722599 -26.46567 -80.06299 -3.722599
4 16 -26.46567 -80.06299 -3.722599 -26.46567 -63.68504 -3.722599 -26.55848 -63.68504 -3.52357 -26.55848 -80.06299 -3.52357
4 16 -26.55848 -80.06299 -3.52357 -26.55848 -63.68504 -3.52357 -26.61532 -63.68504 -3.311447 -26.61532 -80.06299 -3.311447
4 16 -26.61532 -80.06299 -3.311447 -26.61532 -63.68504 -3.311447 -26.63446 -63.68504 -3.092678 -26.63446 -80.06299 -3.092678
4 16 -26.63446 -80.06299 -3.092678 -26.63446 -63.68504 -3.092678 -26.61532 -63.68504 -2.873909 -26.61532 -80.06299 -2.873909
4 16 -26.61532 -80.06299 -2.873909 -26.61532 -63.68504 -2.873909 -26.55848 -63.68504 -2.661787 -26.55848 -80.06299 -2.661787
4 16 -26.55848 -80.06299 -2.661787 -26.55848 -63.68504 -2.661787 -26.46567 -63.68504 -2.462757 -26.46567 -80.06299 -2.462757
4 16 -26.46567 -80.06299 -2.462757 -26.46567 -63.68504 -2.462757 -26.33972 -63.68504 -2.282867 -26.33972 -80.06299 -2.282867
4 16 -26.33972 -80.06299 -2.282867 -26.33972 -63.68504 -2.282867 -26.18443 -63.68504 -2.127583 -26.18443 -80.06299 -2.127583
4 16 -26.18443 -80.06299 -2.127583 -26.18443 -63.68504 -2.127583 -26.00454 -63.68504 -2.001622 -26.00454 -80.06299 -2.001622
4 16 -26.00454 -80.06299 -2.001622 -26.00454 -63.68504 -2.001622 -25.80551 -63.68504 -1.908813 -25.80551 -80.06299 -1.908813
4 16 -25.80551 -80.06299 -1.908813 -25.80551 -63.68504 -1.908813 -25.59339 -63.68504 -1.851975 -25.59339 -80.06299 -1.851975
4 16 -25.59339 -80.06299 -1.851975 -25.59339 -63.68504 -1.851975 -25.37462 -63.68504 -1.832835 -25.37462 -80.06299 -1.832835
4 16 -25.37462 -80.06299 37.10843 -25.37462 -63.68504 37.10843 -25.15585 -63.68504 37.08928 -25.15585 -80.06299 37.08928
4 16 -25.15585 -80.06299 37.08928 -25.15585 -63.68504 37.08928 -24.94373 -63.68504 37.03245 -24.94373 -80.06299 37.03245
4 16 -24.94373 -80.06299 37.03245 -24.94373 -63.68504 37.03245 -24.7447 -63.68504 36.93964 -24.7447 -80.06299 36.93964
4 16 -24.7447 -80.06299 36.93964 -24.7447 -63.68504 36.93964 -24.56481 -63.68504 36.81368 -24.56481 -80.06299 36.81368
4 16 -24.56481 -80.06299 36.81368 -24.56481 -63.68504 36.81368 -24.40953 -63.68504 36.6584 -24.40953 -80.06299 36.6584
4 16 -24.40953 -80.06299 36.6584 -24.40953 -63.68504 36.6584 -24.28356 -63.68504 36.4785 -24.28356 -80.06299 36.4785
4 16 -24.28356 -80.06299 36.4785 -24.28356 -63.68504 36.4785 -24.19076 -63.68504 36.27947 -24.19076 -80.06299 36.27947
4 16 -24.19076 -80.06299 36.27947 -24.19076 -63.68504 36.27947 -24.13392 -63.68504 36.06735 -24.13392 -80.06299 36.06735
4 16 -24.13392 -80.06299 36.06735 -24.13392 -63.68504 36.06735 -24.11478 -63.68504 35.84858 -24.11478 -80.06299 35.84858
4 16 -24.11478 -80.06299 35.84858 -24.11478 -63.68504 35.84858 -24.13392 -63.68504 35.62981 -24.13392 -80.06299 35.62981
4 16 -24.13392 -80.06299 35.62981 -24.13392 -63.68504 35.62981 -24.19076 -63.68504 35.41769 -24.19076 -80.06299 35.41769
4 16 -24.19076 -80.06299 35.41769 -24.19076 -63.68504 35.41769 -24.28356 -63.68504 35.21866 -24.28356 -80.06299 35.21866
4 16 -24.28356 -80.06299 35.21866 -24.28356 -63.68504 35.21866 -24.40953 -63.68504 35.03877 -24.40953 -80.06299 35.03877
4 16 -24.40953 -80.06299 35.03877 -24.40953 -63.68504 35.03877 -24.56481 -63.68504 34.88349 -24.56481 -80.06299 34.88349
4 16 -24.56481 -80.06299 34.88349 -24.56481 -63.68504 34.88349 -24.7447 -63.68504 34.75753 -24.7447 -80.06299 34.75753
4 16 -24.7447 -80.06299 34.75753 -24.7447 -63.68504 34.75753 -24.94373 -63.68504 34.66472 -24.94373 -80.06299 34.66472
4 16 -24.94373 -80.06299 34.66472 -24.94373 -63.68504 34.66472 -25.15585 -63.68504 34.60788 -25.15585 -80.06299 34.60788
4 16 -25.15585 -80.06299 34.60788 -25.15585 -63.68504 34.60788 -25.37462 -63.68504 34.58874 -25.37462 -80.06299 34.58874
4 16 -40.31496 -80.06299 17.63779 -40.31496 -63.68504 17.63779 -40.09619 -63.68504 17.61865 -40.09619 -80.06299 17.61865
4 16 -40.09619 -80.06299 17.61865 -40.09619 -63.68504 17.61865 -39.88407 -63.68504 17.56182 -39.88407 -80.06299 17.56182
4 16 -39.88407 -80.06299 17.56182 -39.88407 -63.68504 17.56182 -39.68504 -63.68504 17.46901 -39.68504 -80.06299 17.46901
4 16 -39.68504 -80.06299 17.46901 -39.68504 -63.68504 17.46901 -39.50515 -63.68504 17.34305 -39.50515 -80.06299 17.34305
4 16 -39.50515 -80.06299 17.34305 -39.50515 -63.68504 17.34305 -39.34987 -63.68504 17.18776 -39.34987 -80.06299 17.18776
4 16 -39.34987 -80.06299 17.18776 -39.34987 -63.68504 17.18776 -39.22391 -63.68504 17.00787 -39.22391 -80.06299 17.00787
4 16 -39.22391 -80.06299 17.00787 -39.22391 -63.68504 17.00787 -39.13109 -63.68504 16.80884 -39.13109 -80.06299 16.80884
4 16 -39.13109 -80.06299 16.80884 -39.13109 -63.68504 16.80884 -39.07426 -63.68504 16.59672 -39.07426 -80.06299 16.59672
4 16 -39.07426 -80.06299 16.59672 -39.07426 -63.68504 16.59672 -39.05512 -63.68504 16.37795 -39.05512 -80.06299 16.37795
4 16 -39.05512 -80.06299 16.37795 -39.05512 -63.68504 16.37795 -39.07426 -63.68504 16.15918 -39.07426 -80.06299 16.15918
4 16 -39.07426 -80.06299 16.15918 -39.07426 -63.68504 16.15918 -39.13109 -63.68504 15.94706 -39.13109 -80.06299 15.94706
4 16 -39.13109 -80.06299 15.94706 -39.13109 -63.68504 15.94706 -39.22391 -63.68504 15.74803 -39.22391 -80.06299 15.74803
4 16 -39.22391 -80.06299 15.74803 -39.22391 -63.68504 15.74803 -39.34987 -63.68504 15.56814 -39.34987 -80.06299 15.56814
4 16 -39.34987 -80.06299 15.56814 -39.34987 -63.68504 15.56814 -39.50515 -63.68504 15.41286 -39.50515 -80.06299 15.41286
4 16 -39.50515 -80.06299 15.41286 -39.50515 -63.68504 15.41286 -39.68504 -63.68504 15.2869 -39.68504 -80.06299 15.2869
4 16 -39.68504 -80.06299 15.2869 -39.68504 -63.68504 15.2869 -39.88407 -63.68504 15.19409 -39.88407 -80.06299 15.19409
4 16 -39.88407 -80.06299 15.19409 -39.88407 -63.68504 15.19409 -40.09619 -63.68504 15.13725 -40.09619 -80.06299 15.13725
4 16 -40.09619 -80.06299 15.13725 -40.09619 -63.68504 15.13725 -40.31496 -63.68504 15.11811 -40.31496 -80.06299 15.11811
4 16 -25.37462 -80.06299 -1.832835 -25.37462 -63.68504 -1.832835 -25.15585 -63.68504 -1.851975 -25.15585 -80.06299 -1.851975
4 16 -25.15585 -80.06299 -1.851975 -25.15585 -63.68504 -1.851975 -24.94373 -63.68504 -1.908813 -24.94373 -80.06299 -1.908813
4 16 -24.94373 -80.06299 -1.908813 -24.94373 -63.68504 -1.908813 -24.7447 -63.68504 -2.001622 -24.7447 -80.06299 -2.001622
4 16 -24.7447 -80.06299 -2.001622 -24.7447 -63.68504 -2.001622 -24.56481 -63.68504 -2.127583 -24.56481 -80.06299 -2.127583
4 16 -24.56481 -80.06299 -2.127583 -24.56481 -63.68504 -2.127583 -24.40953 -63.68504 -2.282867 -24.40953 -80.06299 -2.282867
4 16 -24.40953 -80.06299 -2.282867 -24.40953 -63.68504 -2.282867 -24.28356 -63.68504 -2.462757 -24.28356 -80.06299 -2.462757
4 16 -24.28356 -80.06299 -2.462757 -24.28356 -63.68504 -2.462757 -24.19076 -63.68504 -2.661787 -24.19076 -80.06299 -2.661787
4 16 -24.19076 -80.06299 -2.661787 -24.19076 -63.68504 -2.661787 -24.13392 -63.68504 -2.873909 -24.13392 -80.06299 -2.873909
4 16 -24.13392 -80.06299 -2.873909 -24.13392 -63.68504 -2.873909 -24.11478 -63.68504 -3.092678 -24.11478 -80.06299 -3.092678
4 16 -24.11478 -80.06299 -3.092678 -24.11478 -63.68504 -3.092678 -24.13392 -63.68504 -3.311447 -24.13392 -80.06299 -3.311447
4 16 -24.13392 -80.06299 -3.311447 -24.13392 -63.68504 -3.311447 -24.19076 -63.68504 -3.52357 -24.19076 -80.06299 -3.52357
4 16 -24.19076 -80.06299 -3.52357 -24.19076 -63.68504 -3.52357 -24.28356 -63.68504 -3.722599 -24.28356 -80.06299 -3.722599
4 16 -24.28356 -80.06299 -3.722599 -24.28356 -63.68504 -3.722599 -24.40953 -63.68504 -3.902489 -24.40953 -80.06299 -3.902489
4 16 -24.40953 -80.06299 -3.902489 -24.40953 -63.68504 -3.902489 -24.56481 -63.68504 -4.057773 -24.56481 -80.06299 -4.057773
4 16 -24.56481 -80.06299 -4.057773 -24.56481 -63.68504 -4.057773 -24.7447 -63.68504 -4.183734 -24.7447 -80.06299 -4.183734
4 16 -24.7447 -80.06299 -4.183734 -24.7447 -63.68504 -4.183734 -24.94373 -63.68504 -4.276543 -24.94373 -80.06299 -4.276543
4 16 -24.94373 -80.06299 -4.276543 -24.94373 -63.68504 -4.276543 -25.15585 -63.68504 -4.333381 -25.15585 -80.06299 -4.333381
4 16 -25.15585 -80.06299 -4.333381 -25.15585 -63.68504 -4.333381 -25.37462 -63.68504 -4.352521 -25.37462 -80.06299 -4.352521
4 16 48.25197 -61.79528 -49.00787 7.559055 -61.79528 -49.00787 7.559055 -61.16536 -49.00787 48.25197 -61.16536 -49.00787
2 24 7.559055 -61.79528 -49.00787 7.559055 -61.16536 -49.00787
4 16 7.559055 -61.79528 -49.00787 7.559055 -61.79528 -47.24409 7.559055 -61.16536 -47.24409 7.559055 -61.16536 -49.00787
2 24 7.559055 -61.79528 -47.24409 7.559055 -61.16536 -47.24409
4 16 7.559055 -61.79528 -47.24409 -7.559055 -61.79528 -47.24409 -7.559055 -61.16536 -47.24409 7.559055 -61.16536 -47.24409
2 24 -7.559055 -61.79528 -47.24409 -7.559055 -61.16536 -47.24409
4 16 -7.559055 -61.79528 -47.24409 -7.559055 -61.79528 -49.00787 -7.559055 -61.16536 -49.00787 -7.559055 -61.16536 -47.24409
2 24 -7.559055 -61.79528 -49.00787 -7.559055 -61.16536 -49.00787
4 16 -48.25197 -61.79528 -49.00787 -48.25197 -61.16536 -49.00787 -7.559055 -61.16536 -49.00787 -7.559055 -61.79528 -49.00787
4 16 -48.25197 -61.16536 -49.00787 -48.25197 -61.79528 -49.00787 -48.36135 -61.79528 -48.9983 -48.36135 -61.16536 -48.9983
4 16 -48.36135 -61.16536 -48.9983 -48.36135 -61.79528 -48.9983 -48.46741 -61.79528 -48.96988 -48.46741 -61.16536 -48.96988
4 16 -48.46741 -61.16536 -48.96988 -48.46741 -61.79528 -48.96988 -48.56693 -61.79528 -48.92348 -48.56693 -61.16536 -48.92348
4 16 -48.56693 -61.16536 -48.92348 -48.56693 -61.79528 -48.92348 -48.65687 -61.79528 -48.8605 -48.65687 -61.16536 -48.8605
4 16 -48.65687 -61.16536 -48.8605 -48.65687 -61.79528 -48.8605 -48.73452 -61.79528 -48.78286 -48.73452 -61.16536 -48.78286
4 16 -48.73452 -61.16536 -48.78286 -48.73452 -61.79528 -48.78286 -48.7975 -61.79528 -48.69291 -48.7975 -61.16536 -48.69291
4 16 -48.7975 -61.16536 -48.69291 -48.7975 -61.79528 -48.69291 -48.8439 -61.79528 -48.5934 -48.8439 -61.16536 -48.5934
4 16 -48.8439 -61.16536 -48.5934 -48.8439 -61.79528 -48.5934 -48.87232 -61.79528 -48.48734 -48.87232 -61.16536 -48.48734
4 16 -48.87232 -61.16536 -48.48734 -48.87232 -61.79528 -48.48734 -48.88189 -61.79528 -48.37795 -48.88189 -61.16536 -48.37795
4 16 -48.88189 -61.79528 -24.44094 -48.88189 -61.16536 -24.44094 -48.88189 -61.16536 -48.37795 -48.88189 -61.79528 -48.37795
2 24 -48.88189 -61.79528 -24.44094 -48.88189 -61.16536 -24.44094
4 16 -48.88189 -61.16536 -24.44094 -48.88189 -61.79528 -24.44094 -44.57993 -61.79528 -27.20522 -44.57993 -61.16536 -27.20522
4 16 -44.57993 -61.16536 -27.20522 -44.57993 -61.79528 -27.20522 -40.01822 -61.79528 -29.51579 -40.01822 -61.16536 -29.51579
4 16 -40.01822 -61.16536 -29.51579 -40.01822 -61.79528 -29.51579 -35.24442 -61.79528 -31.34852 -35.24442 -61.16536 -31.34852
4 16 -35.24442 -61.16536 -31.34852 -35.24442 -61.79528 -31.34852 -30.30844 -61.79528 -32.68424 -30.30844 -61.16536 -32.68424
4 16 -30.30844 -61.16536 -32.68424 -30.30844 -61.79528 -32.68424 -25.26188 -61.79528 -33.509 -25.26188 -61.16536 -33.509
4 16 -25.26188 -61.16536 -33.509 -25.26188 -61.79528 -33.509 -20.15748 -61.79528 -33.81417 -20.15748 -61.16536 -33.81417
4 16 20.15748 -61.79528 -33.81417 20.15748 -61.16536 -33.81417 -20.15748 -61.16536 -33.81417 -20.15748 -61.79528 -33.81417
4 16 20.15748 -61.16536 -33.81417 20.15748 -61.79528 -33.81417 25.26188 -61.79528 -33.509 25.26188 -61.16536 -33.509
4 16 25.26188 -61.16536 -33.509 25.26188 -61.79528 -33.509 30.30844 -61.79528 -32.68424 30.30844 -61.16536 -32.68424
4 16 30.30844 -61.16536 -32.68424 30.30844 -61.79528 -32.68424 35.24442 -61.79528 -31.34852 35.24442 -61.16536 -31.34852
4 16 35.24442 -61.16536 -31.34852 35.24442 -61.79528 -31.34852 40.01822 -61.79528 -29.51579 40.01822 -61.16536 -29.51579
4 16 40.01822 -61.16536 -29.51579 40.01822 -61.79528 -29.51579 44.57993 -61.79528 -27.20522 44.57993 -61.16536 -27.20522
4 16 44.57993 -61.16536 -27.20522 44.57993 -61.79528 -27.20522 48.88189 -61.79528 -24.44094 48.88189 -61.16536 -24.44094
2 24 48.88189 -61.79528 -24.44094 48.88189 -61.16536 -24.44094
4 16 48.88189 -61.79528 -48.37795 48.88189 -61.16536 -48.37795 48.88189 -61.16536 -24.44094 48.88189 -61.79528 -24.44094
4 16 48.88189 -61.16536 -48.37795 48.88189 -61.79528 -48.37795 48.87232 -61.79528 -48.48734 48.87232 -61.16536 -48.48734
4 16 48.87232 -61.16536 -48.48734 48.87232 -61.79528 -48.48734 48.8439 -61.79528 -48.5934 48.8439 -61.16536 -48.5934
4 16 48.8439 -61.16536 -48.5934 48.8439 -61.79528 -48.5934 48.7975 -61.79528 -48.69291 48.7975 -61.16536 -48.69291
4 16 48.7975 -61.16536 -48.69291 48.7975 -61.79528 -48.69291 48.73452 -61.79528 -48.78286 48.73452 -61.16536 -48.78286
4 16 48.73452 -61.16536 -48.78286 48.73452 -61.79528 -48.78286 48.65687 -61.79528 -48.8605 48.65687 -61.16536 -48.8605
4 16 48.65687 -61.16536 -48.8605 48.65687 -61.79528 -48.8605 48.56693 -61.79528 -48.92348 48.56693 -61.16536 -48.92348
4 16 48.56693 -61.16536 -48.92348 48.56693 -61.79528 -48.92348 48.46741 -61.79528 -48.96988 48.46741 -61.16536 -48.96988
4 16 48.46741 -61.16536 -48.96988 48.46741 -61.79528 -48.96988 48.36135 -61.79528 -48.9983 48.36135 -61.16536 -48.9983
4 16 48.36135 -61.16536 -48.9983 48.36135 -61.79528 -48.9983 48.25197 -61.79528 -49.00787 48.25197 -61.16536 -49.00787
4 16 -61.48031 -63.05512 -48 -61.48031 -63.68504 -48 -61.27552 -63.68504 -50.34083 -61.27552 -63.05512 -50.34083
4 16 -61.27552 -63.05512 -50.34083 -61.27552 -63.68504 -50.34083 -60.66735 -63.68504 -52.61054 -60.66735 -63.05512 -52.61054
4 16 -60.66735 -63.05512 -52.61054 -60.66735 -63.68504 -52.61054 -59.67429 -63.68504 -54.74016 -59.67429 -63.05512 -54.74016
4 16 -59.67429 -63.05512 -54.74016 -59.67429 -63.68504 -54.74016 -58.32652 -63.68504 -56.66498 -58.32652 -63.05512 -56.66498
4 16 -58.32652 -63.05512 -56.66498 -58.32652 -63.68504 -56.66498 -56.66498 -63.68504 -58.32652 -56.66498 -63.05512 -58.32652
4 16 -56.66498 -63.05512 -58.32652 -56.66498 -63.68504 -58.32652 -54.74016 -63.68504 -59.67429 -54.74016 -63.05512 -59.67429
4 16 -54.74016 -63.05512 -59.67429 -54.74016 -63.68504 -59.67429 -52.61054 -63.68504 -60.66735 -52.61054 -63.05512 -60.66735
4 16 -52.61054 -63.05512 -60.66735 -52.61054 -63.68504 -60.66735 -50.34083 -63.68504 -61.27552 -50.34083 -63.05512 -61.27552
4 16 -50.34083 -63.05512 -61.27552 -50.34083 -63.68504 -61.27552 -48 -63.68504 -61.48031 -48 -63.05512 -61.48031
4 16 48 -63.05512 -61.48031 -48 -63.05512 -61.48031 -48 -63.68504 -61.48031 48 -63.68504 -61.48031
4 16 48 -63.05512 -61.48031 48 -63.68504 -61.48031 50.34083 -63.68504 -61.27552 50.34083 -63.05512 -61.27552
4 16 50.34083 -63.05512 -61.27552 50.34083 -63.68504 -61.27552 52.61054 -63.68504 -60.66735 52.61054 -63.05512 -60.66735
4 16 52.61054 -63.05512 -60.66735 52.61054 -63.68504 -60.66735 54.74016 -63.68504 -59.67429 54.74016 -63.05512 -59.67429
4 16 54.74016 -63.05512 -59.67429 54.74016 -63.68504 -59.67429 56.66498 -63.68504 -58.32652 56.66498 -63.05512 -58.32652
4 16 56.66498 -63.05512 -58.32652 56.66498 -63.68504 -58.32652 58.32652 -63.68504 -56.66498 58.32652 -63.05512 -56.66498
4 16 58.32652 -63.05512 -56.66498 58.32652 -63.68504 -56.66498 59.67429 -63.68504 -54.74016 59.67429 -63.05512 -54.74016
4 16 59.67429 -63.05512 -54.74016 59.67429 -63.68504 -54.74016 60.66735 -63.68504 -52.61054 60.66735 -63.05512 -52.61054
4 16 60.66735 -63.05512 -52.61054 60.66735 -63.68504 -52.61054 61.27552 -63.68504 -50.34083 61.27552 -63.05512 -50.34083
4 16 61.27552 -63.05512 -50.34083 61.27552 -63.68504 -50.34083 61.48031 -63.68504 -48 61.48031 -63.05512 -48
4 16 61.48031 -63.05512 48 61.48031 -63.05512 -48 61.48031 -63.68504 -48 61.48031 -63.68504 48
4 16 61.48031 -63.05512 48 61.48031 -63.68504 48 61.31435 -63.68504 50.10879 61.31435 -63.05512 50.10879
4 16 61.31435 -63.05512 50.10879 61.31435 -63.68504 50.10879 60.82054 -63.68504 52.16565 60.82054 -63.05512 52.16565
4 16 60.82054 -63.05512 52.16565 60.82054 -63.68504 52.16565 60.01105 -63.68504 54.11993 60.01105 -63.05512 54.11993
4 16 60.01105 -63.05512 54.11993 60.01105 -63.68504 54.11993 58.9058 -63.68504 55.92353 58.9058 -63.05512 55.92353
4 16 58.9058 -63.05512 55.92353 58.9058 -63.68504 55.92353 57.53202 -63.68504 57.53202 57.53202 -63.05512 57.53202
4 16 57.53202 -63.05512 57.53202 57.53202 -63.68504 57.53202 55.92353 -63.68504 58.9058 55.92353 -63.05512 58.9058
4 16 55.92353 -63.05512 58.9058 55.92353 -63.68504 58.9058 54.11993 -63.68504 60.01105 54.11993 -63.05512 60.01105
4 16 54.11993 -63.05512 60.01105 54.11993 -63.68504 60.01105 52.16565 -63.68504 60.82054 52.16565 -63.05512 60.82054
4 16 52.16565 -63.05512 60.82054 52.16565 -63.68504 60.82054 50.10879 -63.68504 61.31435 50.10879 -63.05512 61.31435
4 16 50.10879 -63.05512 61.31435 50.10879 -63.68504 61.31435 48 -63.68504 61.48031 48 -63.05512 61.48031
4 16 -48 -63.05512 61.48031 48 -63.05512 61.48031 48 -63.68504 61.48031 -48 -63.68504 61.48031
4 16 -48 -63.05512 61.48031 -48 -63.68504 61.48031 -50.34083 -63.68504 61.27552 -50.34083 -63.05512 61.27552
4 16 -50.34083 -63.05512 61.27552 -50.34083 -63.68504 61.27552 -52.61054 -63.68504 60.66735 -52.61054 -63.05512 60.66735
4 16 -52.61054 -63.05512 60.66735 -52.61054 -63.68504 60.66735 -54.74016 -63.68504 59.67429 -54.74016 -63.05512 59.67429
4 16 -54.74016 -63.05512 59.67429 -54.74016 -63.68504 59.67429 -56.66498 -63.68504 58.32652 -56.66498 -63.05512 58.32652
4 16 -56.66498 -63.05512 58.32652 -56.66498 -63.68504 58.32652 -58.32652 -63.68504 56.66498 -58.32652 -63.05512 56.66498
4 16 -58.32652 -63.05512 56.66498 -58.32652 -63.68504 56.66498 -59.67429 -63.68504 54.74016 -59.67429 -63.05512 54.74016
4 16 -59.67429 -63.05512 54.74016 -59.67429 -63.68504 54.74016 -60.66735 -63.68504 52.61054 -60.66735 -63.05512 52.61054
4 16 -60.66735 -63.05512 52.61054 -60.66735 -63.68504 52.61054 -61.27552 -63.68504 50.34083 -61.27552 -63.05512 50.34083
4 16 -61.27552 -63.05512 50.34083 -61.27552 -63.68504 50.34083 -61.48031 -63.68504 48 -61.48031 -63.05512 48
4 16 -61.48031 -63.05512 -48 -61.48031 -63.05512 48 -61.48031 -63.68504 48 -61.48031 -63.68504 -48
4 16 -25.37462 -80.06299 32.74296 -25.37462 -77.5433 32.69898 -24.8277 -77.5433 32.74683 -24.83533 -80.06299 32.79014
4 16 -24.83533 -80.06299 32.79014 -24.8277 -77.5433 32.74683 -24.29739 -77.5433 32.88892 -24.31243 -80.06299 32.93025
4 16 -24.31243 -80.06299 32.93025 -24.29739 -77.5433 32.88892 -23.79982 -77.5433 33.12095 -23.82181 -80.06299 33.15903
4 16 -23.82181 -80.06299 33.15903 -23.79982 -77.5433 33.12095 -23.35009 -77.5433 33.43584 -23.37836 -80.06299 33.46954
4 16 -23.37836 -80.06299 33.46954 -23.35009 -77.5433 33.43584 -22.96188 -77.5433 33.82406 -22.99557 -80.06299 33.85233
4 16 -22.99557 -80.06299 33.85233 -22.96188 -77.5433 33.82406 -22.64698 -77.5433 34.27378 -22.68507 -80.06299 34.29577
4 16 -22.68507 -80.06299 34.29577 -22.64698 -77.5433 34.27378 -22.41496 -77.5433 34.77135 -22.45629 -80.06299 34.7864
4 16 -22.45629 -80.06299 34.7864 -22.41496 -77.5433 34.77135 -22.27286 -77.5433 35.30166 -22.31618 -80.06299 35.3093
4 16 -22.31618 -80.06299 35.3093 -22.27286 -77.5433 35.30166 -22.22501 -77.5433 35.84858 -22.269 -80.06299 35.84858
4 16 -22.269 -80.06299 35.84858 -22.22501 -77.5433 35.84858 -22.27286 -77.5433 36.39551 -22.31618 -80.06299 36.38787
4 16 -22.31618 -80.06299 36.38787 -22.27286 -77.5433 36.39551 -22.41496 -77.5433 36.92581 -22.45629 -80.06299 36.91077
4 16 -22.45629 -80.06299 36.91077 -22.41496 -77.5433 36.92581 -22.64698 -77.5433 37.42339 -22.68507 -80.06299 37.4014
4 16 -22.68507 -80.06299 37.4014 -22.64698 -77.5433 37.42339 -22.96188 -77.5433 37.87311 -22.99557 -80.06299 37.84484
4 16 -22.99557 -80.06299 37.84484 -22.96188 -77.5433 37.87311 -23.35009 -77.5433 38.26132 -23.37836 -80.06299 38.22763
4 16 -23.37836 -80.06299 38.22763 -23.35009 -77.5433 38.26132 -23.79982 -77.5433 38.57622 -23.82181 -80.06299 38.53813
4 16 -23.82181 -80.06299 38.53813 -23.79982 -77.5433 38.57622 -24.29739 -77.5433 38.80825 -24.31243 -80.06299 38.76692
4 16 -24.31243 -80.06299 38.76692 -24.29739 -77.5433 38.80825 -24.8277 -77.5433 38.95034 -24.83533 -80.06299 38.90703
4 16 -24.83533 -80.06299 38.90703 -24.8277 -77.5433 38.95034 -25.37462 -77.5433 38.99819 -25.37462 -80.06299 38.95421
4 16 -25.37462 -80.06299 38.95421 -25.37462 -77.5433 38.99819 -25.92154 -77.5433 38.95034 -25.91391 -80.06299 38.90703
4 16 -25.91391 -80.06299 38.90703 -25.92154 -77.5433 38.95034 -26.45185 -77.5433 38.80825 -26.43681 -80.06299 38.76692
4 16 -26.43681 -80.06299 38.76692 -26.45185 -77.5433 38.80825 -26.94942 -77.5433 38.57622 -26.92743 -80.06299 38.53813
4 16 -26.92743 -80.06299 38.53813 -26.94942 -77.5433 38.57622 -27.39915 -77.5433 38.26132 -27.37088 -80.06299 38.22763
4 16 -27.37088 -80.06299 38.22763 -27.39915 -77.5433 38.26132 -27.78736 -77.5433 37.87311 -27.75367 -80.06299 37.84484
4 16 -27.75367 -80.06299 37.84484 -27.78736 -77.5433 37.87311 -28.10226 -77.5433 37.42339 -28.06417 -80.06299 37.4014
4 16 -28.06417 -80.06299 37.4014 -28.10226 -77.5433 37.42339 -28.33428 -77.5433 36.92581 -28.29295 -80.06299 36.91077
4 16 -28.29295 -80.06299 36.91077 -28.33428 -77.5433 36.92581 -28.47638 -77.5433 36.39551 -28.43306 -80.06299 36.38787
4 16 -28.43306 -80.06299 36.38787 -28.47638 -77.5433 36.39551 -28.52423 -77.5433 35.84858 -28.48024 -80.06299 35.84858
4 16 -28.48024 -80.06299 35.84858 -28.52423 -77.5433 35.84858 -28.47638 -77.5433 35.30166 -28.43306 -80.06299 35.3093
4 16 -28.43306 -80.06299 35.3093 -28.47638 -77.5433 35.30166 -28.33428 -77.5433 34.77135 -28.29295 -80.06299 34.7864
4 16 -28.29295 -80.06299 34.7864 -28.33428 -77.5433 34.77135 -28.10226 -77.5433 34.27378 -28.06417 -80.06299 34.29577
4 16 -28.06417 -80.06299 34.29577 -28.10226 -77.5433 34.27378 -27.78736 -77.5433 33.82406 -27.75367 -80.06299 33.85233
4 16 -27.75367 -80.06299 33.85233 -27.78736 -77.5433 33.82406 -27.39915 -77.5433 33.43584 -27.37088 -80.06299 33.46954
4 16 -27.37088 -80.06299 33.46954 -27.39915 -77.5433 33.43584 -26.94942 -77.5433 33.12095 -26.92743 -80.06299 33.15903
4 16 -26.92743 -80.06299 33.15903 -26.94942 -77.5433 33.12095 -26.45185 -77.5433 32.88892 -26.43681 -80.06299 32.93025
4 16 -26.43681 -80.06299 32.93025 -26.45185 -77.5433 32.88892 -25.92154 -77.5433 32.74683 -25.91391 -80.06299 32.79014
4 16 -25.91391 -80.06299 32.79014 -25.92154 -77.5433 32.74683 -25.37462 -77.5433 32.69898 -25.37462 -80.06299 32.74296
4 16 -40.31496 -80.06299 13.27233 -40.31496 -77.5433 13.22835 -39.76804 -77.5433 13.2762 -39.77567 -80.06299 13.31951
4 16 -39.77567 -80.06299 13.31951 -39.76804 -77.5433 13.2762 -39.29228 -77.5433 13.399 -39.25277 -80.06299 13.45962
3 16 -39.29228 -77.5433 13.399 -39.23773 -77.5433 13.41829 -39.25277 -80.06299 13.45962
3 16 -39.25277 -80.06299 13.45962 -39.23773 -77.5433 13.41829 -38.81591 -77.5433 13.60796
3 16 -39.25277 -80.06299 13.45962 -38.81591 -77.5433 13.60796 -38.76215 -80.06299 13.6884
3 16 -38.81591 -77.5433 13.60796 -38.74016 -77.5433 13.65031 -38.76215 -80.06299 13.6884
3 16 -38.76215 -80.06299 13.6884 -38.74016 -77.5433 13.65031 -38.38043 -77.5433 13.89247
3 16 -38.76215 -80.06299 13.6884 -38.38043 -77.5433 13.89247 -38.3187 -80.06299 13.99891
3 16 -38.38043 -77.5433 13.89247 -38.29043 -77.5433 13.96521 -38.3187 -80.06299 13.99891
3 16 -38.3187 -80.06299 13.99891 -38.29043 -77.5433 13.96521 -37.99772 -77.5433 14.24478
3 16 -38.3187 -80.06299 13.99891 -37.99772 -77.5433 14.24478 -37.93591 -80.06299 14.3817
3 16 -37.99772 -77.5433 14.24478 -37.90222 -77.5433 14.35342 -37.93591 -80.06299 14.3817
3 16 -37.93591 -80.06299 14.3817 -37.90222 -77.5433 14.35342 -37.67822 -77.5433 14.65528
3 16 -37.93591 -80.06299 14.3817 -37.67822 -77.5433 14.65528 -37.62541 -80.06299 14.82514
3 16 -37.67822 -77.5433 14.65528 -37.58732 -77.5433 14.80315 -37.62541 -80.06299 14.82514
3 16 -37.62541 -80.06299 14.82514 -37.58732 -77.5433 14.80315 -37.43063 -77.5433 15.11277
3 16 -37.62541 -80.06299 14.82514 -37.43063 -77.5433 15.11277 -37.39663 -80.06299 15.31577
3 16 -37.43063 -77.5433 15.11277 -37.3553 -77.5433 15.30072 -37.39663 -80.06299 15.31577
3 16 -37.39663 -80.06299 15.31577 -37.3553 -77.5433 15.30072 -37.26173 -77.5433 15.60477
3 16 -37.39663 -80.06299 15.31577 -37.26173 -77.5433 15.60477 -37.25652 -80.06299 15.83867
3 16 -37.26173 -77.5433 15.60477 -37.2132 -77.5433 15.83103 -37.25652 -80.06299 15.83867
3 16 -37.25652 -80.06299 15.83867 -37.2132 -77.5433 15.83103 -37.17611 -77.5433 16.11786
3 16 -37.25652 -80.06299 15.83867 -37.17611 -77.5433 16.11786 -37.20934 -80.06299 16.37795
3 16 -37.17611 -77.5433 16.11786 -37.16535 -77.5433 16.37795 -37.20934 -80.06299 16.37795
3 16 -37.20934 -80.06299 16.37795 -37.16535 -77.5433 16.37795 -37.17611 -77.5433 16.63804
3 16 -37.20934 -80.06299 16.37795 -37.17611 -77.5433 16.63804 -37.25652 -80.06299 16.91724
3 16 -37.17611 -77.5433 16.63804 -37.2132 -77.5433 16.92488 -37.25652 -80.06299 16.91724
3 16 -37.25652 -80.06299 16.91724 -37.2132 -77.5433 16.92488 -37.26173 -77.5433 17.15114
3 16 -37.25652 -80.06299 16.91724 -37.26173 -77.5433 17.15114 -37.39663 -80.06299 17.44014
3 16 -37.26173 -77.5433 17.15114 -37.3553 -77.5433 17.45518 -37.39663 -80.06299 17.44014
3 16 -37.39663 -80.06299 17.44014 -37.3553 -77.5433 17.45518 -37.43063 -77.5433 17.64314
3 16 -37.39663 -80.06299 17.44014 -37.43063 -77.5433 17.64314 -37.62541 -80.06299 17.93076
3 16 -37.43063 -77.5433 17.64314 -37.58732 -77.5433 17.95276 -37.62541 -80.06299 17.93076
3 16 -37.62541 -80.06299 17.93076 -37.58732 -77.5433 17.95276 -37.67822 -77.5433 18.10062
3 16 -37.62541 -80.06299 17.93076 -37.67822 -77.5433 18.10062 -37.93591 -80.06299 18.37421
3 16 -37.67822 -77.5433 18.10062 -37.90222 -77.5433 18.40248 -37.93591 -80.06299 18.37421
3 16 -37.93591 -80.06299 18.37421 -37.90222 -77.5433 18.40248 -37.99772 -77.5433 18.51112
3 16 -37.93591 -80.06299 18.37421 -37.99772 -77.5433 18.51112 -38.3187 -80.06299 18.757
3 16 -37.99772 -77.5433 18.51112 -38.29043 -77.5433 18.79069 -38.3187 -80.06299 18.757
3 16 -38.3187 -80.06299 18.757 -38.29043 -77.5433 18.79069 -38.38043 -77.5433 18.86343
3 16 -38.3187 -80.06299 18.757 -38.38043 -77.5433 18.86343 -38.76215 -80.06299 19.0675
3 16 -38.38043 -77.5433 18.86343 -38.74016 -77.5433 19.10559 -38.76215 -80.06299 19.0675
3 16 -38.76215 -80.06299 19.0675 -38.74016 -77.5433 19.10559 -38.81591 -77.5433 19.14795
3 16 -38.76215 -80.06299 19.0675 -38.81591 -77.5433 19.14795 -39.25277 -80.06299 19.29628
3 16 -38.81591 -77.5433 19.14795 -39.23773 -77.5433 19.33761 -39.25277 -80.06299 19.29628
3 16 -39.25277 -80.06299 19.29628 -39.23773 -77.5433 19.33761 -39.29228 -77.5433 19.3569
4 16 -39.25277 -80.06299 19.29628 -39.29228 -77.5433 19.3569 -39.76804 -77.5433 19.47971 -39.77567 -80.06299 19.4364
4 16 -39.77567 -80.06299 19.4364 -39.76804 -77.5433 19.47971 -40.31496 -77.5433 19.52756 -40.31496 -80.06299 19.48358
4 16 -40.31496 -80.06299 19.48358 -40.31496 -77.5433 19.52756 -40.83337 -77.5433 19.4846 -40.82613 -80.06299 19.44122
3 16 -40.82613 -80.06299 19.44122 -40.83337 -77.5433 19.4846 -40.86188 -77.5433 19.47971
4 16 -40.82613 -80.06299 19.44122 -40.86188 -77.5433 19.47971 -41.33764 -77.5433 19.3569 -41.32336 -80.06299 19.31531
3 16 -41.32336 -80.06299 19.31531 -41.33764 -77.5433 19.3569 -41.39219 -77.5433 19.33761
4 16 -41.32336 -80.06299 19.31531 -41.39219 -77.5433 19.33761 -41.81401 -77.5433 19.14795 -41.79307 -80.06299 19.10927
3 16 -41.79307 -80.06299 19.10927 -41.81401 -77.5433 19.14795 -41.88976 -77.5433 19.10559
3 16 -41.79307 -80.06299 19.10927 -41.88976 -77.5433 19.10559 -42.22247 -80.06299 18.82873
3 16 -41.88976 -77.5433 19.10559 -42.24949 -77.5433 18.86343 -42.22247 -80.06299 18.82873
3 16 -42.22247 -80.06299 18.82873 -42.24949 -77.5433 18.86343 -42.33949 -77.5433 18.79069
3 16 -42.22247 -80.06299 18.82873 -42.33949 -77.5433 18.79069 -42.59984 -80.06299 18.48133
3 16 -42.33949 -77.5433 18.79069 -42.6322 -77.5433 18.51112 -42.59984 -80.06299 18.48133
3 16 -42.59984 -80.06299 18.48133 -42.6322 -77.5433 18.51112 -42.7277 -77.5433 18.40248
3 16 -42.59984 -80.06299 18.48133 -42.7277 -77.5433 18.40248 -42.91489 -80.06299 18.07657
3 16 -42.7277 -77.5433 18.40248 -42.9517 -77.5433 18.10062 -42.91489 -80.06299 18.07657
3 16 -42.91489 -80.06299 18.07657 -42.9517 -77.5433 18.10062 -43.0426 -77.5433 17.95276
3 16 -42.91489 -80.06299 18.07657 -43.0426 -77.5433 17.95276 -43.15901 -80.06299 17.62547
3 16 -43.0426 -77.5433 17.95276 -43.19929 -77.5433 17.64314 -43.15901 -80.06299 17.62547
3 16 -43.15901 -80.06299 17.62547 -43.19929 -77.5433 17.64314 -43.27462 -77.5433 17.45518
3 16 -43.15901 -80.06299 17.62547 -43.27462 -77.5433 17.45518 -43.32555 -80.06299 17.14034
3 16 -43.27462 -77.5433 17.45518 -43.36819 -77.5433 17.15114 -43.32555 -80.06299 17.14034
3 16 -43.32555 -80.06299 17.14034 -43.36819 -77.5433 17.15114 -43.41672 -77.5433 16.92488
3 16 -43.32555 -80.06299 17.14034 -43.41672 -77.5433 16.92488 -43.40998 -80.06299 16.63441
3 16 -43.41672 -77.5433 16.92488 -43.45381 -77.5433 16.63804 -43.40998 -80.06299 16.63441
3 16 -43.40998 -80.06299 16.63441 -43.45381 -77.5433 16.63804 -43.46457 -77.5433 16.37795
3 16 -43.40998 -80.06299 16.63441 -43.46457 -77.5433 16.37795 -43.40998 -80.06299 16.12149
3 16 -43.46457 -77.5433 16.37795 -43.45381 -77.5433 16.11786 -43.40998 -80.06299 16.12149
3 16 -43.40998 -80.06299 16.12149 -43.45381 -77.5433 16.11786 -43.41672 -77.5433 15.83103
3 16 -43.40998 -80.06299 16.12149 -43.41672 -77.5433 15.83103 -43.32555 -80.06299 15.61557
3 16 -43.41672 -77.5433 15.83103 -43.36819 -77.5433 15.60477 -43.32555 -80.06299 15.61557
3 16 -43.32555 -80.06299 15.61557 -43.36819 -77.5433 15.60477 -43.27462 -77.5433 15.30072
3 16 -43.32555 -80.06299 15.61557 -43.27462 -77.5433 15.30072 -43.15901 -80.06299 15.13044
3 16 -43.27462 -77.5433 15.30072 -43.19929 -77.5433 15.11277 -43.15901 -80.06299 15.13044
3 16 -43.15901 -80.06299 15.13044 -43.19929 -77.5433 15.11277 -43.0426 -77.5433 14.80315
3 16 -43.15901 -80.06299 15.13044 -43.0426 -77.5433 14.80315 -42.91489 -80.06299 14.67934
3 16 -43.0426 -77.5433 14.80315 -42.9517 -77.5433 14.65528 -42.91489 -80.06299 14.67934
3 16 -42.91489 -80.06299 14.67934 -42.9517 -77.5433 14.65528 -42.7277 -77.5433 14.35342
3 16 -42.91489 -80.06299 14.67934 -42.7277 -77.5433 14.35342 -42.59984 -80.06299 14.27457
3 16 -42.7277 -77.5433 14.35342 -42.6322 -77.5433 14.24478 -42.59984 -80.06299 14.27457
3 16 -42.59984 -80.06299 14.27457 -42.6322 -77.5433 14.24478 -42.33949 -77.5433 13.96521
3 16 -42.59984 -80.06299 14.27457 -42.33949 -77.5433 13.96521 -42.22247 -80.06299 13.92718
3 16 -42.33949 -77.5433 13.96521 -42.24949 -77.5433 13.89247 -42.22247 -80.06299 13.92718
3 16 -42.22247 -80.06299 13.92718 -42.24949 -77.5433 13.89247 -41.88976 -77.5433 13.65031
3 16 -42.22247 -80.06299 13.92718 -41.88976 -77.5433 13.65031 -41.79307 -80.06299 13.64664
3 16 -41.88976 -77.5433 13.65031 -41.81401 -77.5433 13.60796 -41.79307 -80.06299 13.64664
4 16 -41.79307 -80.06299 13.64664 -41.81401 -77.5433 13.60796 -41.39219 -77.5433 13.41829 -41.32336 -80.06299 13.4406
3 16 -41.39219 -77.5433 13.41829 -41.33764 -77.5433 13.399 -41.32336 -80.06299 13.4406
4 16 -41.32336 -80.06299 13.4406 -41.33764 -77.5433 13.399 -40.86188 -77.5433 13.2762 -40.82613 -80.06299 13.31468
3 16 -40.86188 -77.5433 13.2762 -40.83337 -77.5433 13.2713 -40.82613 -80.06299 13.31468
4 16 -40.82613 -80.06299 13.31468 -40.83337 -77.5433 13.2713 -40.31496 -77.5433 13.22835 -40.31496 -80.06299 13.27233
4 16 -25.37462 -80.06299 -6.198303 -25.37462 -77.5433 -6.242284 -24.8277 -77.5433 -6.194435 -24.83533 -80.06299 -6.151122
4 16 -24.83533 -80.06299 -6.151122 -24.8277 -77.5433 -6.194435 -24.29739 -77.5433 -6.05234 -24.31243 -80.06299 -6.011011
4 16 -24.31243 -80.06299 -6.011011 -24.29739 -77.5433 -6.05234 -23.79982 -77.5433 -5.820317 -23.82181 -80.06299 -5.782228
4 16 -23.82181 -80.06299 -5.782228 -23.79982 -77.5433 -5.820317 -23.35009 -77.5433 -5.505417 -23.37836 -80.06299 -5.471725
4 16 -23.37836 -80.06299 -5.471725 -23.35009 -77.5433 -5.505417 -22.96188 -77.5433 -5.117206 -22.99557 -80.06299 -5.088935
4 16 -22.99557 -80.06299 -5.088935 -22.96188 -77.5433 -5.117206 -22.64698 -77.5433 -4.667481 -22.68507 -80.06299 -4.645491
4 16 -22.68507 -80.06299 -4.645491 -22.64698 -77.5433 -4.667481 -22.41496 -77.5433 -4.169907 -22.45629 -80.06299 -4.154864
4 16 -22.45629 -80.06299 -4.154864 -22.41496 -77.5433 -4.169907 -22.27286 -77.5433 -3.639601 -22.31618 -80.06299 -3.631964
4 16 -22.31618 -80.06299 -3.631964 -22.27286 -77.5433 -3.639601 -22.22501 -77.5433 -3.092678 -22.269 -80.06299 -3.092678
4 16 -22.269 -80.06299 -3.092678 -22.22501 -77.5433 -3.092678 -22.27286 -77.5433 -2.545755 -22.31618 -80.06299 -2.553392
4 16 -22.31618 -80.06299 -2.553392 -22.27286 -77.5433 -2.545755 -22.41496 -77.5433 -2.015449 -22.45629 -80.06299 -2.030492
4 16 -22.45629 -80.06299 -2.030492 -22.41496 -77.5433 -2.015449 -22.64698 -77.5433 -1.517875 -22.68507 -80.06299 -1.539866
4 16 -22.68507 -80.06299 -1.539866 -22.64698 -77.5433 -1.517875 -22.96188 -77.5433 -1.06815 -22.99557 -80.06299 -1.096421
4 16 -22.99557 -80.06299 -1.096421 -22.96188 -77.5433 -1.06815 -23.35009 -77.5433 -0.6799396 -23.37836 -80.06299 -0.7136313
4 16 -23.37836 -80.06299 -0.7136313 -23.35009 -77.5433 -0.6799396 -23.79982 -77.5433 -0.365039 -23.82181 -80.06299 -0.4031279
4 16 -23.82181 -80.06299 -0.4031279 -23.79982 -77.5433 -0.365039 -24.29739 -77.5433 -0.1330163 -24.31243 -80.06299 -0.1743451
4 16 -24.31243 -80.06299 -0.1743451 -24.29739 -77.5433 -0.1330163 -24.8277 -77.5433 0.00907863 -24.83533 -80.06299 -0.03423446
4 16 -24.83533 -80.06299 -0.03423446 -24.8277 -77.5433 0.00907863 -25.37462 -77.5433 0.05692822 -25.37462 -80.06299 0.01294696
4 16 -25.37462 -80.06299 0.01294696 -25.37462 -77.5433 0.05692822 -25.92154 -77.5433 0.00907863 -25.91391 -80.06299 -0.03423446
4 16 -25.91391 -80.06299 -0.03423446 -25.92154 -77.5433 0.00907863 -26.45185 -77.5433 -0.1330163 -26.43681 -80.06299 -0.1743451
4 16 -26.43681 -80.06299 -0.1743451 -26.45185 -77.5433 -0.1330163 -26.94942 -77.5433 -0.365039 -26.92743 -80.06299 -0.4031279
4 16 -26.92743 -80.06299 -0.4031279 -26.94942 -77.5433 -0.365039 -27.39915 -77.5433 -0.6799396 -27.37088 -80.06299 -0.7136313
4 16 -27.37088 -80.06299 -0.7136313 -27.39915 -77.5433 -0.6799396 -27.78736 -77.5433 -1.06815 -27.75367 -80.06299 -1.096421
4 16 -27.75367 -80.06299 -1.096421 -27.78736 -77.5433 -1.06815 -28.10226 -77.5433 -1.517875 -28.06417 -80.06299 -1.539866
4 16 -28.06417 -80.06299 -1.539866 -28.10226 -77.5433 -1.517875 -28.33428 -77.5433 -2.015449 -28.29295 -80.06299 -2.030492
4 16 -28.29295 -80.06299 -2.030492 -28.33428 -77.5433 -2.015449 -28.47638 -77.5433 -2.545755 -28.43306 -80.06299 -2.553392
4 16 -28.43306 -80.06299 -2.553392 -28.47638 -77.5433 -2.545755 -28.52423 -77.5433 -3.092678 -28.48024 -80.06299 -3.092678
4 16 -28.48024 -80.06299 -3.092678 -28.52423 -77.5433 -3.092678 -28.47638 -77.5433 -3.639601 -28.43306 -80.06299 -3.631964
4 16 -28.43306 -80.06299 -3.631964 -28.47638 -77.5433 -3.639601 -28.33428 -77.5433 -4.169907 -28.29295 -80.06299 -4.154864
4 16 -28.29295 -80.06299 -4.154864 -28.33428 -77.5433 -4.169907 -28.10226 -77.5433 -4.667481 -28.06417 -80.06299 -4.645491
4 16 -28.06417 -80.06299 -4.645491 -28.10226 -77.5433 -4.667481 -27.78736 -77.5433 -5.117206 -27.75367 -80.06299 -5.088935
4 16 -27.75367 -80.06299 -5.088935 -27.78736 -77.5433 -5.117206 -27.39915 -77.5433 -5.505417 -27.37088 -80.06299 -5.471725
4 16 -27.37088 -80.06299 -5.471725 -27.39915 -77.5433 -5.505417 -26.94942 -77.5433 -5.820317 -26.92743 -80.06299 -5.782228
4 16 -26.92743 -80.06299 -5.782228 -26.94942 -77.5433 -5.820317 -26.45185 -77.5433 -6.05234 -26.43681 -80.06299 -6.011011
4 16 -26.43681 -80.06299 -6.011011 -26.45185 -77.5433 -6.05234 -25.92154 -77.5433 -6.194435 -25.91391 -80.06299 -6.151122
4 16 -25.91391 -80.06299 -6.151122 -25.92154 -77.5433 -6.194435 -25.37462 -77.5433 -6.242284 -25.37462 -80.06299 -6.198303
4 16 50.14173 -61.16536 -21.9078 50.14173 -61.16536 -48.37795 50.14173 -61.7723 -48.37795 50.14173 -61.7723 -21.9078
2 24 50.14173 -61.7723 -21.9078 50.14173 -61.16536 -21.9078
3 16 45.74095 -61.16536 -25.03738 50.14173 -61.16536 -21.9078 50.14173 -61.7723 -21.9078
3 16 50.14173 -61.7723 -21.9078 46.87856 -61.7723 -24.29745 45.74095 -61.16536 -25.03738
2 24 50.14173 -61.7723 -21.9078 46.87856 -61.7723 -24.29745
3 16 45.74095 -61.16536 -25.03738 46.87856 -61.7723 -24.29745 45.74095 -61.7723 -25.03738
2 24 46.87856 -61.7723 -24.29745 45.74095 -61.7723 -25.03738
3 16 45.74095 -61.16536 -25.03738 45.74095 -61.7723 -25.03738 41.02106 -61.16536 -27.66109
3 16 45.74095 -61.7723 -25.03738 41.9318 -61.7723 -27.20717 41.02106 -61.16536 -27.66109
2 24 45.74095 -61.7723 -25.03738 41.9318 -61.7723 -27.20717
3 16 41.02106 -61.16536 -27.66109 41.9318 -61.7723 -27.20717 41.02106 -61.7723 -27.66109
2 24 41.9318 -61.7723 -27.20717 41.02106 -61.7723 -27.66109
3 16 41.02106 -61.16536 -27.66109 41.02106 -61.7723 -27.66109 36.03997 -61.16536 -29.74675
3 16 36.03997 -61.16536 -29.74675 41.02106 -61.7723 -27.66109 36.67739 -61.7723 -29.51546
2 24 41.02106 -61.7723 -27.66109 36.67739 -61.7723 -29.51546
3 16 36.67739 -61.7723 -29.51546 36.03997 -61.7723 -29.74675 36.03997 -61.16536 -29.74675
2 24 36.67739 -61.7723 -29.51546 36.03997 -61.7723 -29.74675
3 16 36.03997 -61.16536 -29.74675 36.03997 -61.7723 -29.74675 31.18815 -61.7723 -31.19033
2 24 36.03997 -61.7723 -29.74675 31.18815 -61.7723 -31.19033
3 16 36.03997 -61.16536 -29.74675 31.18815 -61.7723 -31.19033 30.85879 -61.16536 -31.26877
3 16 30.85879 -61.16536 -31.26877 31.18815 -61.7723 -31.19033 25.54013 -61.7723 -32.20858
2 24 31.18815 -61.7723 -31.19033 25.54013 -61.7723 -32.20858
3 16 30.85879 -61.16536 -31.26877 25.54013 -61.7723 -32.20858 25.54107 -61.16536 -32.20847
4 16 25.54107 -61.16536 -32.20847 25.54013 -61.7723 -32.20858 20.15205 -61.7723 -32.55433 20.15205 -61.16536 -32.55433
2 24 25.54013 -61.7723 -32.20858 20.15205 -61.7723 -32.55433
4 16 -20.15205 -61.16536 -32.55433 20.15205 -61.16536 -32.55433 20.15205 -61.7723 -32.55433 -20.15205 -61.7723 -32.55433
2 24 20.15205 -61.7723 -32.55433 -20.15205 -61.7723 -32.55433
4 16 -20.15205 -61.16536 -32.55433 -20.15205 -61.7723 -32.55433 -25.54013 -61.7723 -32.20858 -25.54107 -61.16536 -32.20847
2 24 -20.15205 -61.7723 -32.55433 -25.54013 -61.7723 -32.20858
3 16 -25.54107 -61.16536 -32.20847 -25.54013 -61.7723 -32.20858 -31.18815 -61.7723 -31.19033
2 24 -25.54013 -61.7723 -32.20858 -31.18815 -61.7723 -31.19033
3 16 -25.54107 -61.16536 -32.20847 -31.18815 -61.7723 -31.19033 -30.85879 -61.16536 -31.26877
3 16 -30.85879 -61.16536 -31.26877 -31.18815 -61.7723 -31.19033 -36.03997 -61.7723 -29.74675
2 24 -31.18815 -61.7723 -31.19033 -36.03997 -61.7723 -29.74675
3 16 -30.85879 -61.16536 -31.26877 -36.03997 -61.7723 -29.74675 -36.03997 -61.16536 -29.74675
3 16 -36.03997 -61.16536 -29.74675 -36.03997 -61.7723 -29.74675 -36.67739 -61.7723 -29.51546
2 24 -36.03997 -61.7723 -29.74675 -36.67739 -61.7723 -29.51546
3 16 -36.03997 -61.16536 -29.74675 -36.67739 -61.7723 -29.51546 -41.02106 -61.16536 -27.66109
3 16 -36.67739 -61.7723 -29.51546 -41.02106 -61.7723 -27.66109 -41.02106 -61.16536 -27.66109
2 24 -36.67739 -61.7723 -29.51546 -41.02106 -61.7723 -27.66109
3 16 -41.02106 -61.16536 -27.66109 -41.02106 -61.7723 -27.66109 -41.9318 -61.7723 -27.20717
2 24 -41.02106 -61.7723 -27.66109 -41.9318 -61.7723 -27.20717
3 16 -41.02106 -61.16536 -27.66109 -41.9318 -61.7723 -27.20717 -45.74095 -61.16536 -25.03738
3 16 -50.14173 -61.7723 -21.9078 -50.14173 -61.16536 -21.9078 -46.87856 -61.7723 -24.29745
2 24 -50.14173 -61.7723 -21.9078 -50.14173 -61.16536 -21.9078
2 24 -46.87856 -61.7723 -24.29745 -50.14173 -61.7723 -21.9078
3 16 -46.87856 -61.7723 -24.29745 -50.14173 -61.16536 -21.9078 -45.74095 -61.16536 -25.03738
3 16 -46.87856 -61.7723 -24.29745 -45.74095 -61.16536 -25.03738 -45.74095 -61.7723 -25.03738
2 24 -45.74095 -61.7723 -25.03738 -46.87856 -61.7723 -24.29745
3 16 -45.74095 -61.7723 -25.03738 -45.74095 -61.16536 -25.03738 -41.9318 -61.7723 -27.20717
2 24 -41.9318 -61.7723 -27.20717 -45.74095 -61.7723 -25.03738
4 16 -50.14173 -61.16536 -48.37795 -50.14173 -61.16536 -21.9078 -50.14173 -61.7723 -21.9078 -50.14173 -61.7723 -48.37795
4 16 -50.14173 -61.16536 -48.37795 -50.14173 -61.7723 -48.37795 -50.11302 -61.7723 -48.70611 -50.11302 -61.16536 -48.70611
2 24 -50.14173 -61.7723 -48.37795 -50.11302 -61.7723 -48.70611
4 16 -50.11302 -61.16536 -48.70611 -50.11302 -61.7723 -48.70611 -50.02777 -61.7723 -49.02429 -50.02777 -61.16536 -49.02429
2 24 -50.11302 -61.7723 -48.70611 -50.02777 -61.7723 -49.02429
4 16 -50.02777 -61.16536 -49.02429 -50.02777 -61.7723 -49.02429 -49.88855 -61.7723 -49.32283 -49.88855 -61.16536 -49.32283
2 24 -50.02777 -61.7723 -49.02429 -49.88855 -61.7723 -49.32283
4 16 -49.88855 -61.16536 -49.32283 -49.88855 -61.7723 -49.32283 -49.69961 -61.7723 -49.59267 -49.69961 -61.16536 -49.59267
2 24 -49.88855 -61.7723 -49.32283 -49.69961 -61.7723 -49.59267
4 16 -49.69961 -61.16536 -49.59267 -49.69961 -61.7723 -49.59267 -49.46668 -61.7723 -49.82559 -49.46668 -61.16536 -49.82559
2 24 -49.69961 -61.7723 -49.59267 -49.46668 -61.7723 -49.82559
4 16 -49.46668 -61.16536 -49.82559 -49.46668 -61.7723 -49.82559 -49.19685 -61.7723 -50.01454 -49.19685 -61.16536 -50.01454
2 24 -49.46668 -61.7723 -49.82559 -49.19685 -61.7723 -50.01454
4 16 -49.19685 -61.16536 -50.01454 -49.19685 -61.7723 -50.01454 -48.89831 -61.7723 -50.15375 -48.89831 -61.16536 -50.15375
2 24 -49.19685 -61.7723 -50.01454 -48.89831 -61.7723 -50.15375
4 16 -48.89831 -61.16536 -50.15375 -48.89831 -61.7723 -50.15375 -48.58012 -61.7723 -50.239 -48.58012 -61.16536 -50.239
2 24 -48.89831 -61.7723 -50.15375 -48.58012 -61.7723 -50.239
4 16 -48.58012 -61.16536 -50.239 -48.58012 -61.7723 -50.239 -48.25197 -61.7723 -50.26772 -48.25197 -61.16536 -50.26772
2 24 -48.58012 -61.7723 -50.239 -48.25197 -61.7723 -50.26772
4 16 48.25197 -61.7723 -50.26772 48.25197 -61.16536 -50.26772 -48.25197 -61.16536 -50.26772 -48.25197 -61.7723 -50.26772
2 24 -48.25197 -61.7723 -50.26772 48.25197 -61.7723 -50.26772
4 16 48.25197 -61.16536 -50.26772 48.25197 -61.7723 -50.26772 48.58012 -61.7723 -50.239 48.58012 -61.16536 -50.239
2 24 48.25197 -61.7723 -50.26772 48.58012 -61.7723 -50.239
4 16 48.58012 -61.16536 -50.239 48.58012 -61.7723 -50.239 48.89831 -61.7723 -50.15375 48.89831 -61.16536 -50.15375
2 24 48.58012 -61.7723 -50.239 48.89831 -61.7723 -50.15375
4 16 48.89831 -61.16536 -50.15375 48.89831 -61.7723 -50.15375 49.19685 -61.7723 -50.01454 49.19685 -61.16536 -50.01454
2 24 48.89831 -61.7723 -50.15375 49.19685 -61.7723 -50.01454
4 16 49.19685 -61.16536 -50.01454 49.19685 -61.7723 -50.01454 49.46668 -61.7723 -49.82559 49.46668 -61.16536 -49.82559
2 24 49.19685 -61.7723 -50.01454 49.46668 -61.7723 -49.82559
4 16 49.46668 -61.16536 -49.82559 49.46668 -61.7723 -49.82559 49.69961 -61.7723 -49.59267 49.69961 -61.16536 -49.59267
2 24 49.46668 -61.7723 -49.82559 49.69961 -61.7723 -49.59267
4 16 49.69961 -61.16536 -49.59267 49.69961 -61.7723 -49.59267 49.88855 -61.7723 -49.32283 49.88855 -61.16536 -49.32283
2 24 49.69961 -61.7723 -49.59267 49.88855 -61.7723 -49.32283
4 16 49.88855 -61.16536 -49.32283 49.88855 -61.7723 -49.32283 50.02777 -61.7723 -49.02429 50.02777 -61.16536 -49.02429
2 24 49.88855 -61.7723 -49.32283 50.02777 -61.7723 -49.02429
4 16 50.02777 -61.16536 -49.02429 50.02777 -61.7723 -49.02429 50.11302 -61.7723 -48.70611 50.11302 -61.16536 -48.70611
2 24 50.02777 -61.7723 -49.02429 50.11302 -61.7723 -48.70611
4 16 50.11302 -61.16536 -48.70611 50.11302 -61.7723 -48.70611 50.14173 -61.7723 -48.37795 50.14173 -61.16536 -48.37795
2 24 50.11302 -61.7723 -48.70611 50.14173 -61.7723 -48.37795
4 16 25.37462 -80.06299 37.10843 25.37462 -63.68504 37.10843 25.59339 -63.68504 37.08928 25.59339 -80.06299 37.08928
4 16 25.59339 -80.06299 37.08928 25.59339 -63.68504 37.08928 25.80551 -63.68504 37.03245 25.80551 -80.06299 37.03245
4 16 25.80551 -80.06299 37.03245 25.80551 -63.68504 37.03245 26.00454 -63.68504 36.93964 26.00454 -80.06299 36.93964
4 16 26.00454 -80.06299 36.93964 26.00454 -63.68504 36.93964 26.18443 -63.68504 36.81368 26.18443 -80.06299 36.81368
4 16 26.18443 -80.06299 36.81368 26.18443 -63.68504 36.81368 26.33972 -63.68504 36.6584 26.33972 -80.06299 36.6584
4 16 26.33972 -80.06299 36.6584 26.33972 -63.68504 36.6584 26.46567 -63.68504 36.4785 26.46567 -80.06299 36.4785
4 16 26.46567 -80.06299 36.4785 26.46567 -63.68504 36.4785 26.55848 -63.68504 36.27947 26.55848 -80.06299 36.27947
4 16 26.55848 -80.06299 36.27947 26.55848 -63.68504 36.27947 26.61532 -63.68504 36.06735 26.61532 -80.06299 36.06735
4 16 26.61532 -80.06299 36.06735 26.61532 -63.68504 36.06735 26.63446 -63.68504 35.84858 26.63446 -80.06299 35.84858
4 16 26.63446 -80.06299 35.84858 26.63446 -63.68504 35.84858 26.61532 -63.68504 35.62981 26.61532 -80.06299 35.62981
4 16 26.61532 -80.06299 35.62981 26.61532 -63.68504 35.62981 26.55848 -63.68504 35.41769 26.55848 -80.06299 35.41769
4 16 26.55848 -80.06299 35.41769 26.55848 -63.68504 35.41769 26.46567 -63.68504 35.21866 26.46567 -80.06299 35.21866
4 16 26.46567 -80.06299 35.21866 26.46567 -63.68504 35.21866 26.33972 -63.68504 35.03877 26.33972 -80.06299 35.03877
4 16 26.33972 -80.06299 35.03877 26.33972 -63.68504 35.03877 26.18443 -63.68504 34.88349 26.18443 -80.06299 34.88349
4 16 26.18443 -80.06299 34.88349 26.18443 -63.68504 34.88349 26.00454 -63.68504 34.75753 26.00454 -80.06299 34.75753
4 16 26.00454 -80.06299 34.75753 26.00454 -63.68504 34.75753 25.80551 -63.68504 34.66472 25.80551 -80.06299 34.66472
4 16 25.80551 -80.06299 34.66472 25.80551 -63.68504 34.66472 25.59339 -63.68504 34.60788 25.59339 -80.06299 34.60788
4 16 25.59339 -80.06299 34.60788 25.59339 -63.68504 34.60788 25.37462 -63.68504 34.58874 25.37462 -80.06299 34.58874
4 16 40.31496 -80.06299 17.63779 40.31496 -63.68504 17.63779 40.53373 -63.68504 17.61865 40.53373 -80.06299 17.61865
4 16 40.53373 -80.06299 17.61865 40.53373 -63.68504 17.61865 40.74585 -63.68504 17.56182 40.74585 -80.06299 17.56182
4 16 40.74585 -80.06299 17.56182 40.74585 -63.68504 17.56182 40.94488 -63.68504 17.46901 40.94488 -80.06299 17.46901
4 16 40.94488 -80.06299 17.46901 40.94488 -63.68504 17.46901 41.12477 -63.68504 17.34305 41.12477 -80.06299 17.34305
4 16 41.12477 -80.06299 17.34305 41.12477 -63.68504 17.34305 41.28005 -63.68504 17.18776 41.28005 -80.06299 17.18776
4 16 41.28005 -80.06299 17.18776 41.28005 -63.68504 17.18776 41.40602 -63.68504 17.00787 41.40602 -80.06299 17.00787
4 16 41.40602 -80.06299 17.00787 41.40602 -63.68504 17.00787 41.49882 -63.68504 16.80884 41.49882 -80.06299 16.80884
4 16 41.49882 -80.06299 16.80884 41.49882 -63.68504 16.80884 41.55566 -63.68504 16.59672 41.55566 -80.06299 16.59672
4 16 41.55566 -80.06299 16.59672 41.55566 -63.68504 16.59672 41.5748 -63.68504 16.37795 41.5748 -80.06299 16.37795
4 16 41.5748 -80.06299 16.37795 41.5748 -63.68504 16.37795 41.55566 -63.68504 16.15918 41.55566 -80.06299 16.15918
4 16 41.55566 -80.06299 16.15918 41.55566 -63.68504 16.15918 41.49882 -63.68504 15.94706 41.49882 -80.06299 15.94706
4 16 41.49882 -80.06299 15.94706 41.49882 -63.68504 15.94706 41.40602 -63.68504 15.74803 41.40602 -80.06299 15.74803
4 16 41.40602 -80.06299 15.74803 41.40602 -63.68504 15.74803 41.28005 -63.68504 15.56814 41.28005 -80.06299 15.56814
4 16 41.28005 -80.06299 15.56814 41.28005 -63.68504 15.56814 41.12477 -63.68504 15.41286 41.12477 -80.06299 15.41286
4 16 41.12477 -80.06299 15.41286 41.12477 -63.68504 15.41286 40.94488 -63.68504 15.2869 40.94488 -80.06299 15.2869
4 16 40.94488 -80.06299 15.2869 40.94488 -63.68504 15.2869 40.74585 -63.68504 15.19409 40.74585 -80.06299 15.19409
4 16 40.74585 -80.06299 15.19409 40.74585 -63.68504 15.19409 40.53373 -63.68504 15.13725 40.53373 -80.06299 15.13725
4 16 40.53373 -80.06299 15.13725 40.53373 -63.68504 15.13725 40.31496 -63.68504 15.11811 40.31496 -80.06299 15.11811
4 16 25.37462 -80.06299 -1.832835 25.37462 -63.68504 -1.832835 25.59339 -63.68504 -1.851975 25.59339 -80.06299 -1.851975
4 16 25.59339 -80.06299 -1.851975 25.59339 -63.68504 -1.851975 25.80551 -63.68504 -1.908813 25.80551 -80.06299 -1.908813
4 16 25.80551 -80.06299 -1.908813 25.80551 -63.68504 -1.908813 26.00454 -63.68504 -2.001622 26.00454 -80.06299 -2.001622
4 16 26.00454 -80.06299 -2.001622 26.00454 -63.68504 -2.001622 26.18443 -63.68504 -2.127583 26.18443 -80.06299 -2.127583
4 16 26.18443 -80.06299 -2.127583 26.18443 -63.68504 -2.127583 26.33972 -63.68504 -2.282867 26.33972 -80.06299 -2.282867
4 16 26.33972 -80.06299 -2.282867 26.33972 -63.68504 -2.282867 26.46567 -63.68504 -2.462757 26.46567 -80.06299 -2.462757
4 16 26.46567 -80.06299 -2.462757 26.46567 -63.68504 -2.462757 26.55848 -63.68504 -2.661787 26.55848 -80.06299 -2.661787
4 16 26.55848 -80.06299 -2.661787 26.55848 -63.68504 -2.661787 26.61532 -63.68504 -2.873909 26.61532 -80.06299 -2.873909
4 16 26.61532 -80.06299 -2.873909 26.61532 -63.68504 -2.873909 26.63446 -63.68504 -3.092678 26.63446 -80.06299 -3.092678
4 16 26.63446 -80.06299 -3.092678 26.63446 -63.68504 -3.092678 26.61532 -63.68504 -3.311447 26.61532 -80.06299 -3.311447
4 16 26.61532 -80.06299 -3.311447 26.61532 -63.68504 -3.311447 26.55848 -63.68504 -3.52357 26.55848 -80.06299 -3.52357
4 16 26.55848 -80.06299 -3.52357 26.55848 -63.68504 -3.52357 26.46567 -63.68504 -3.722599 26.46567 -80.06299 -3.722599
4 16 26.46567 -80.06299 -3.722599 26.46567 -63.68504 -3.722599 26.33972 -63.68504 -3.902489 26.33972 -80.06299 -3.902489
4 16 26.33972 -80.06299 -3.902489 26.33972 -63.68504 -3.902489 26.18443 -63.68504 -4.057773 26.18443 -80.06299 -4.057773
4 16 26.18443 -80.06299 -4.057773 26.18443 -63.68504 -4.057773 26.00454 -63.68504 -4.183734 26.00454 -80.06299 -4.183734
4 16 26.00454 -80.06299 -4.183734 26.00454 -63.68504 -4.183734 25.80551 -63.68504 -4.276543 25.80551 -80.06299 -4.276543
4 16 25.80551 -80.06299 -4.276543 25.80551 -63.68504 -4.276543 25.59339 -63.68504 -4.333381 25.59339 -80.06299 -4.333381
4 16 25.59339 -80.06299 -4.333381 25.59339 -63.68504 -4.333381 25.37462 -63.68504 -4.352521 25.37462 -80.06299 -4.352521
4 16 -25.37462 -77.5433 32.69898 -25.37462 -75.02362 31.95201 -24.69799 -75.02362 32.01121 -24.8277 -77.5433 32.74683
4 16 -24.8277 -77.5433 32.74683 -24.69799 -75.02362 32.01121 -24.04191 -75.02362 32.187 -24.29739 -77.5433 32.88892
4 16 -24.29739 -77.5433 32.88892 -24.04191 -75.02362 32.187 -23.42633 -75.02362 32.47405 -23.79982 -77.5433 33.12095
4 16 -23.79982 -77.5433 33.12095 -23.42633 -75.02362 32.47405 -22.86995 -75.02362 32.86364 -23.35009 -77.5433 33.43584
4 16 -23.35009 -77.5433 33.43584 -22.86995 -75.02362 32.86364 -22.38967 -75.02362 33.34391 -22.96188 -77.5433 33.82406
4 16 -22.96188 -77.5433 33.82406 -22.38967 -75.02362 33.34391 -22.00009 -75.02362 33.9003 -22.64698 -77.5433 34.27378
4 16 -22.64698 -77.5433 34.27378 -22.00009 -75.02362 33.9003 -21.71304 -75.02362 34.51588 -22.41496 -77.5433 34.77135
4 16 -22.41496 -77.5433 34.77135 -21.71304 -75.02362 34.51588 -21.53724 -75.02362 35.17195 -22.27286 -77.5433 35.30166
4 16 -22.27286 -77.5433 35.30166 -21.53724 -75.02362 35.17195 -21.47805 -75.02362 35.84858 -22.22501 -77.5433 35.84858
4 16 -22.22501 -77.5433 35.84858 -21.47805 -75.02362 35.84858 -21.53724 -75.02362 36.52522 -22.27286 -77.5433 36.39551
4 16 -22.27286 -77.5433 36.39551 -21.53724 -75.02362 36.52522 -21.71304 -75.02362 37.18129 -22.41496 -77.5433 36.92581
4 16 -22.41496 -77.5433 36.92581 -21.71304 -75.02362 37.18129 -22.00009 -75.02362 37.79687 -22.64698 -77.5433 37.42339
4 16 -22.64698 -77.5433 37.42339 -22.00009 -75.02362 37.79687 -22.38967 -75.02362 38.35325 -22.96188 -77.5433 37.87311
4 16 -22.96188 -77.5433 37.87311 -22.38967 -75.02362 38.35325 -22.86995 -75.02362 38.83353 -23.35009 -77.5433 38.26132
4 16 -23.35009 -77.5433 38.26132 -22.86995 -75.02362 38.83353 -23.42633 -75.02362 39.22311 -23.79982 -77.5433 38.57622
4 16 -23.79982 -77.5433 38.57622 -23.42633 -75.02362 39.22311 -24.04191 -75.02362 39.51016 -24.29739 -77.5433 38.80825
4 16 -24.29739 -77.5433 38.80825 -24.04191 -75.02362 39.51016 -24.69799 -75.02362 39.68596 -24.8277 -77.5433 38.95034
4 16 -24.8277 -77.5433 38.95034 -24.69799 -75.02362 39.68596 -25.37462 -75.02362 39.74516 -25.37462 -77.5433 38.99819
4 16 -25.37462 -77.5433 38.99819 -25.37462 -75.02362 39.74516 -26.05125 -75.02362 39.68596 -25.92154 -77.5433 38.95034
4 16 -25.92154 -77.5433 38.95034 -26.05125 -75.02362 39.68596 -26.70733 -75.02362 39.51016 -26.45185 -77.5433 38.80825
4 16 -26.45185 -77.5433 38.80825 -26.70733 -75.02362 39.51016 -27.32291 -75.02362 39.22311 -26.94942 -77.5433 38.57622
4 16 -26.94942 -77.5433 38.57622 -27.32291 -75.02362 39.22311 -27.87929 -75.02362 38.83353 -27.39915 -77.5433 38.26132
4 16 -27.39915 -77.5433 38.26132 -27.87929 -75.02362 38.83353 -28.35957 -75.02362 38.35325 -27.78736 -77.5433 37.87311
4 16 -27.78736 -77.5433 37.87311 -28.35957 -75.02362 38.35325 -28.74915 -75.02362 37.79687 -28.10226 -77.5433 37.42339
4 16 -28.10226 -77.5433 37.42339 -28.74915 -75.02362 37.79687 -29.0362 -75.02362 37.18129 -28.33428 -77.5433 36.92581
4 16 -28.33428 -77.5433 36.92581 -29.0362 -75.02362 37.18129 -29.21199 -75.02362 36.52522 -28.47638 -77.5433 36.39551
4 16 -28.47638 -77.5433 36.39551 -29.21199 -75.02362 36.52522 -29.27119 -75.02362 35.84858 -28.52423 -77.5433 35.84858
4 16 -28.52423 -77.5433 35.84858 -29.27119 -75.02362 35.84858 -29.21199 -75.02362 35.17195 -28.47638 -77.5433 35.30166
4 16 -28.47638 -77.5433 35.30166 -29.21199 -75.02362 35.17195 -29.0362 -75.02362 34.51588 -28.33428 -77.5433 34.77135
4 16 -28.33428 -77.5433 34.77135 -29.0362 -75.02362 34.51588 -28.74915 -75.02362 33.9003 -28.10226 -77.5433 34.27378
4 16 -28.10226 -77.5433 34.27378 -28.74915 -75.02362 33.9003 -28.35957 -75.02362 33.34391 -27.78736 -77.5433 33.82406
4 16 -27.78736 -77.5433 33.82406 -28.35957 -75.02362 33.34391 -27.87929 -75.02362 32.86364 -27.39915 -77.5433 33.43584
4 16 -27.39915 -77.5433 33.43584 -27.87929 -75.02362 32.86364 -27.32291 -75.02362 32.47405 -26.94942 -77.5433 33.12095
4 16 -26.94942 -77.5433 33.12095 -27.32291 -75.02362 32.47405 -26.70733 -75.02362 32.187 -26.45185 -77.5433 32.88892
4 16 -26.45185 -77.5433 32.88892 -26.70733 -75.02362 32.187 -26.05125 -75.02362 32.01121 -25.92154 -77.5433 32.74683
4 16 -25.92154 -77.5433 32.74683 -26.05125 -75.02362 32.01121 -25.37462 -75.02362 31.95201 -25.37462 -77.5433 32.69898
4 16 -39.76804 -77.5433 13.2762 -40.31496 -77.5433 13.22835 -40.31496 -75.02362 12.48138 -39.6736 -75.02362 12.53452
3 16 -39.76804 -77.5433 13.2762 -39.6736 -75.02362 12.53452 -39.63833 -75.02362 12.54058
4 16 -39.76804 -77.5433 13.2762 -39.63833 -75.02362 12.54058 -39.04974 -75.02362 12.69251 -39.29228 -77.5433 13.399
4 16 -39.29228 -77.5433 13.399 -39.04974 -75.02362 12.69251 -38.98225 -75.02362 12.71637 -39.23773 -77.5433 13.41829
4 16 -39.23773 -77.5433 13.41829 -38.98225 -75.02362 12.71637 -38.4604 -75.02362 12.95102 -38.81591 -77.5433 13.60796
4 16 -38.81591 -77.5433 13.60796 -38.4604 -75.02362 12.95102 -38.36668 -75.02362 13.00342 -38.74016 -77.5433 13.65031
4 16 -38.74016 -77.5433 13.65031 -38.36668 -75.02362 13.00342 -37.92164 -75.02362 13.30301 -38.38043 -77.5433 13.89247
4 16 -38.38043 -77.5433 13.89247 -37.92164 -75.02362 13.30301 -37.81029 -75.02362 13.393 -38.29043 -77.5433 13.96521
4 16 -38.29043 -77.5433 13.96521 -37.81029 -75.02362 13.393 -37.44816 -75.02362 13.73888 -37.99772 -77.5433 14.24478
4 16 -37.99772 -77.5433 14.24478 -37.44816 -75.02362 13.73888 -37.33001 -75.02362 13.87328 -37.90222 -77.5433 14.35342
4 16 -37.90222 -77.5433 14.35342 -37.33001 -75.02362 13.87328 -37.05288 -75.02362 14.24673 -37.67822 -77.5433 14.65528
4 16 -37.67822 -77.5433 14.65528 -37.05288 -75.02362 14.24673 -36.94043 -75.02362 14.42967 -37.58732 -77.5433 14.80315
4 16 -37.58732 -77.5433 14.80315 -36.94043 -75.02362 14.42967 -36.74658 -75.02362 14.81272 -37.43063 -77.5433 15.11277
4 16 -37.43063 -77.5433 15.11277 -36.74658 -75.02362 14.81272 -36.65338 -75.02362 15.04525 -37.3553 -77.5433 15.30072
4 16 -37.3553 -77.5433 15.30072 -36.65338 -75.02362 15.04525 -36.53762 -75.02362 15.4214 -37.26173 -77.5433 15.60477
4 16 -37.26173 -77.5433 15.60477 -36.53762 -75.02362 15.4214 -36.47758 -75.02362 15.70132 -37.2132 -77.5433 15.83103
4 16 -37.2132 -77.5433 15.83103 -36.47758 -75.02362 15.70132 -36.4317 -75.02362 16.05618 -37.17611 -77.5433 16.11786
4 16 -37.17611 -77.5433 16.11786 -36.4317 -75.02362 16.05618 -36.41839 -75.02362 16.37795 -37.16535 -77.5433 16.37795
4 16 -37.16535 -77.5433 16.37795 -36.41839 -75.02362 16.37795 -36.4317 -75.02362 16.69973 -37.17611 -77.5433 16.63804
4 16 -37.17611 -77.5433 16.63804 -36.4317 -75.02362 16.69973 -36.47758 -75.02362 17.05459 -37.2132 -77.5433 16.92488
4 16 -37.2132 -77.5433 16.92488 -36.47758 -75.02362 17.05459 -36.53762 -75.02362 17.3345 -37.26173 -77.5433 17.15114
4 16 -37.26173 -77.5433 17.15114 -36.53762 -75.02362 17.3345 -36.65338 -75.02362 17.71066 -37.3553 -77.5433 17.45518
4 16 -37.3553 -77.5433 17.45518 -36.65338 -75.02362 17.71066 -36.74658 -75.02362 17.94319 -37.43063 -77.5433 17.64314
4 16 -37.43063 -77.5433 17.64314 -36.74658 -75.02362 17.94319 -36.94043 -75.02362 18.32624 -37.58732 -77.5433 17.95276
4 16 -37.58732 -77.5433 17.95276 -36.94043 -75.02362 18.32624 -37.05288 -75.02362 18.50918 -37.67822 -77.5433 18.10062
4 16 -37.67822 -77.5433 18.10062 -37.05288 -75.02362 18.50918 -37.33001 -75.02362 18.88262 -37.90222 -77.5433 18.40248
4 16 -37.90222 -77.5433 18.40248 -37.33001 -75.02362 18.88262 -37.44816 -75.02362 19.01703 -37.99772 -77.5433 18.51112
4 16 -37.99772 -77.5433 18.51112 -37.44816 -75.02362 19.01703 -37.81029 -75.02362 19.3629 -38.29043 -77.5433 18.79069
4 16 -38.29043 -77.5433 18.79069 -37.81029 -75.02362 19.3629 -37.92164 -75.02362 19.4529 -38.38043 -77.5433 18.86343
4 16 -38.38043 -77.5433 18.86343 -37.92164 -75.02362 19.4529 -38.36668 -75.02362 19.75248 -38.74016 -77.5433 19.10559
4 16 -38.74016 -77.5433 19.10559 -38.36668 -75.02362 19.75248 -38.4604 -75.02362 19.80489 -38.81591 -77.5433 19.14795
4 16 -38.81591 -77.5433 19.14795 -38.4604 -75.02362 19.80489 -38.98225 -75.02362 20.03953 -39.23773 -77.5433 19.33761
4 16 -39.23773 -77.5433 19.33761 -38.98225 -75.02362 20.03953 -39.04974 -75.02362 20.0634 -39.29228 -77.5433 19.3569
4 16 -40.31496 -75.02362 20.27453 -40.31496 -77.5433 19.52756 -39.76804 -77.5433 19.47971 -39.6736 -75.02362 20.22138
3 16 -39.6736 -75.02362 20.22138 -39.76804 -77.5433 19.47971 -39.63833 -75.02362 20.21533
4 16 -39.63833 -75.02362 20.21533 -39.76804 -77.5433 19.47971 -39.29228 -77.5433 19.3569 -39.04974 -75.02362 20.0634
4 16 -40.31496 -77.5433 19.52756 -40.31496 -75.02362 20.27453 -40.99159 -75.02362 20.21533 -40.83337 -77.5433 19.4846
4 16 -40.99159 -75.02362 12.54058 -40.31496 -75.02362 12.48138 -40.31496 -77.5433 13.22835 -40.83337 -77.5433 13.2713
3 16 -40.99159 -75.02362 12.54058 -40.83337 -77.5433 13.2713 -40.86188 -77.5433 13.2762
4 16 -40.99159 -75.02362 12.54058 -40.86188 -77.5433 13.2762 -41.33764 -77.5433 13.399 -41.58017 -75.02362 12.69251
4 16 -41.58017 -75.02362 12.69251 -41.33764 -77.5433 13.399 -41.39219 -77.5433 13.41829 -41.64767 -75.02362 12.71637
4 16 -41.64767 -75.02362 12.71637 -41.39219 -77.5433 13.41829 -41.81401 -77.5433 13.60796 -42.16952 -75.02362 12.95102
4 16 -42.16952 -75.02362 12.95102 -41.81401 -77.5433 13.60796 -41.88976 -77.5433 13.65031 -42.26325 -75.02362 13.00342
4 16 -42.26325 -75.02362 13.00342 -41.88976 -77.5433 13.65031 -42.24949 -77.5433 13.89247 -42.70829 -75.02362 13.30301
4 16 -42.70829 -75.02362 13.30301 -42.24949 -77.5433 13.89247 -42.33949 -77.5433 13.96521 -42.81963 -75.02362 13.393
4 16 -42.81963 -75.02362 13.393 -42.33949 -77.5433 13.96521 -42.6322 -77.5433 14.24478 -43.18176 -75.02362 13.73888
4 16 -43.18176 -75.02362 13.73888 -42.6322 -77.5433 14.24478 -42.7277 -77.5433 14.35342 -43.29991 -75.02362 13.87328
4 16 -43.29991 -75.02362 13.87328 -42.7277 -77.5433 14.35342 -42.9517 -77.5433 14.65528 -43.57704 -75.02362 14.24673
4 16 -43.57704 -75.02362 14.24673 -42.9517 -77.5433 14.65528 -43.0426 -77.5433 14.80315 -43.68949 -75.02362 14.42967
4 16 -43.68949 -75.02362 14.42967 -43.0426 -77.5433 14.80315 -43.19929 -77.5433 15.11277 -43.88334 -75.02362 14.81272
4 16 -43.88334 -75.02362 14.81272 -43.19929 -77.5433 15.11277 -43.27462 -77.5433 15.30072 -43.97654 -75.02362 15.04525
4 16 -43.97654 -75.02362 15.04525 -43.27462 -77.5433 15.30072 -43.36819 -77.5433 15.60477 -44.0923 -75.02362 15.4214
4 16 -44.0923 -75.02362 15.4214 -43.36819 -77.5433 15.60477 -43.41672 -77.5433 15.83103 -44.15233 -75.02362 15.70132
4 16 -44.15233 -75.02362 15.70132 -43.41672 -77.5433 15.83103 -43.45381 -77.5433 16.11786 -44.19822 -75.02362 16.05618
4 16 -44.19822 -75.02362 16.05618 -43.45381 -77.5433 16.11786 -43.46457 -77.5433 16.37795 -44.21153 -75.02362 16.37795
4 16 -44.21153 -75.02362 16.37795 -43.46457 -77.5433 16.37795 -43.45381 -77.5433 16.63804 -44.19822 -75.02362 16.69973
4 16 -44.19822 -75.02362 16.69973 -43.45381 -77.5433 16.63804 -43.41672 -77.5433 16.92488 -44.15233 -75.02362 17.05459
4 16 -44.15233 -75.02362 17.05459 -43.41672 -77.5433 16.92488 -43.36819 -77.5433 17.15114 -44.0923 -75.02362 17.3345
4 16 -44.0923 -75.02362 17.3345 -43.36819 -77.5433 17.15114 -43.27462 -77.5433 17.45518 -43.97654 -75.02362 17.71066
4 16 -43.97654 -75.02362 17.71066 -43.27462 -77.5433 17.45518 -43.19929 -77.5433 17.64314 -43.88334 -75.02362 17.94319
4 16 -43.88334 -75.02362 17.94319 -43.19929 -77.5433 17.64314 -43.0426 -77.5433 17.95276 -43.68949 -75.02362 18.32624
4 16 -43.68949 -75.02362 18.32624 -43.0426 -77.5433 17.95276 -42.9517 -77.5433 18.10062 -43.57704 -75.02362 18.50918
4 16 -43.57704 -75.02362 18.50918 -42.9517 -77.5433 18.10062 -42.7277 -77.5433 18.40248 -43.29991 -75.02362 18.88262
4 16 -43.29991 -75.02362 18.88262 -42.7277 -77.5433 18.40248 -42.6322 -77.5433 18.51112 -43.18176 -75.02362 19.01703
4 16 -43.18176 -75.02362 19.01703 -42.6322 -77.5433 18.51112 -42.33949 -77.5433 18.79069 -42.81963 -75.02362 19.3629
4 16 -42.81963 -75.02362 19.3629 -42.33949 -77.5433 18.79069 -42.24949 -77.5433 18.86343 -42.70829 -75.02362 19.4529
4 16 -42.70829 -75.02362 19.4529 -42.24949 -77.5433 18.86343 -41.88976 -77.5433 19.10559 -42.26325 -75.02362 19.75248
4 16 -42.26325 -75.02362 19.75248 -41.88976 -77.5433 19.10559 -41.81401 -77.5433 19.14795 -42.16952 -75.02362 19.80489
4 16 -42.16952 -75.02362 19.80489 -41.81401 -77.5433 19.14795 -41.39219 -77.5433 19.33761 -41.64767 -75.02362 20.03953
4 16 -41.64767 -75.02362 20.03953 -41.39219 -77.5433 19.33761 -41.33764 -77.5433 19.3569 -41.58017 -75.02362 20.0634
4 16 -41.58017 -75.02362 20.0634 -41.33764 -77.5433 19.3569 -40.86188 -77.5433 19.47971 -40.99159 -75.02362 20.21533
3 16 -40.99159 -75.02362 20.21533 -40.86188 -77.5433 19.47971 -40.83337 -77.5433 19.4846
4 16 -25.37462 -77.5433 -6.242284 -25.37462 -75.02362 -6.98925 -24.69799 -75.02362 -6.930053 -24.8277 -77.5433 -6.194435
4 16 -24.8277 -77.5433 -6.194435 -24.69799 -75.02362 -6.930053 -24.04191 -75.02362 -6.754258 -24.29739 -77.5433 -6.05234
4 16 -24.29739 -77.5433 -6.05234 -24.04191 -75.02362 -6.754258 -23.42633 -75.02362 -6.467209 -23.79982 -77.5433 -5.820317
4 16 -23.79982 -77.5433 -5.820317 -23.42633 -75.02362 -6.467209 -22.86995 -75.02362 -6.077626 -23.35009 -77.5433 -5.505417
4 16 -23.35009 -77.5433 -5.505417 -22.86995 -75.02362 -6.077626 -22.38967 -75.02362 -5.597346 -22.96188 -77.5433 -5.117206
4 16 -22.96188 -77.5433 -5.117206 -22.38967 -75.02362 -5.597346 -22.00009 -75.02362 -5.040964 -22.64698 -77.5433 -4.667481
4 16 -22.64698 -77.5433 -4.667481 -22.00009 -75.02362 -5.040964 -21.71304 -75.02362 -4.425384 -22.41496 -77.5433 -4.169907
4 16 -22.41496 -77.5433 -4.169907 -21.71304 -75.02362 -4.425384 -21.53724 -75.02362 -3.769311 -22.27286 -77.5433 -3.639601
4 16 -22.27286 -77.5433 -3.639601 -21.53724 -75.02362 -3.769311 -21.47805 -75.02362 -3.092678 -22.22501 -77.5433 -3.092678
4 16 -22.22501 -77.5433 -3.092678 -21.47805 -75.02362 -3.092678 -21.53724 -75.02362 -2.416045 -22.27286 -77.5433 -2.545755
4 16 -22.27286 -77.5433 -2.545755 -21.53724 -75.02362 -2.416045 -21.71304 -75.02362 -1.759972 -22.41496 -77.5433 -2.015449
4 16 -22.41496 -77.5433 -2.015449 -21.71304 -75.02362 -1.759972 -22.00009 -75.02362 -1.144392 -22.64698 -77.5433 -1.517875
4 16 -22.64698 -77.5433 -1.517875 -22.00009 -75.02362 -1.144392 -22.38967 -75.02362 -0.5880095 -22.96188 -77.5433 -1.06815
4 16 -22.96188 -77.5433 -1.06815 -22.38967 -75.02362 -0.5880095 -22.86995 -75.02362 -0.1077304 -23.35009 -77.5433 -0.6799396
4 16 -23.35009 -77.5433 -0.6799396 -22.86995 -75.02362 -0.1077304 -23.42633 -75.02362 0.2818527 -23.79982 -77.5433 -0.365039
4 16 -23.79982 -77.5433 -0.365039 -23.42633 -75.02362 0.2818527 -24.04191 -75.02362 0.5689024 -24.29739 -77.5433 -0.1330163
4 16 -24.29739 -77.5433 -0.1330163 -24.04191 -75.02362 0.5689024 -24.69799 -75.02362 0.7446967 -24.8277 -77.5433 0.00907863
4 16 -24.8277 -77.5433 0.00907863 -24.69799 -75.02362 0.7446967 -25.37462 -75.02362 0.8038944 -25.37462 -77.5433 0.05692822
4 16 -25.37462 -77.5433 0.05692822 -25.37462 -75.02362 0.8038944 -26.05125 -75.02362 0.7446967 -25.92154 -77.5433 0.00907863
4 16 -25.92154 -77.5433 0.00907863 -26.05125 -75.02362 0.7446967 -26.70733 -75.02362 0.5689024 -26.45185 -77.5433 -0.1330163
4 16 -26.45185 -77.5433 -0.1330163 -26.70733 -75.02362 0.5689024 -27.32291 -75.02362 0.2818527 -26.94942 -77.5433 -0.365039
4 16 -26.94942 -77.5433 -0.365039 -27.32291 -75.02362 0.2818527 -27.87929 -75.02362 -0.1077304 -27.39915 -77.5433 -0.6799396
4 16 -27.39915 -77.5433 -0.6799396 -27.87929 -75.02362 -0.1077304 -28.35957 -75.02362 -0.5880095 -27.78736 -77.5433 -1.06815
4 16 -27.78736 -77.5433 -1.06815 -28.35957 -75.02362 -0.5880095 -28.74915 -75.02362 -1.144392 -28.10226 -77.5433 -1.517875
4 16 -28.10226 -77.5433 -1.517875 -28.74915 -75.02362 -1.144392 -29.0362 -75.02362 -1.759972 -28.33428 -77.5433 -2.015449
4 16 -28.33428 -77.5433 -2.015449 -29.0362 -75.02362 -1.759972 -29.21199 -75.02362 -2.416045 -28.47638 -77.5433 -2.545755
4 16 -28.47638 -77.5433 -2.545755 -29.21199 -75.02362 -2.416045 -29.27119 -75.02362 -3.092678 -28.52423 -77.5433 -3.092678
4 16 -28.52423 -77.5433 -3.092678 -29.27119 -75.02362 -3.092678 -29.21199 -75.02362 -3.769311 -28.47638 -77.5433 -3.639601
4 16 -28.47638 -77.5433 -3.639601 -29.21199 -75.02362 -3.769311 -29.0362 -75.02362 -4.425384 -28.33428 -77.5433 -4.169907
4 16 -28.33428 -77.5433 -4.169907 -29.0362 -75.02362 -4.425384 -28.74915 -75.02362 -5.040964 -28.10226 -77.5433 -4.667481
4 16 -28.10226 -77.5433 -4.667481 -28.74915 -75.02362 -5.040964 -28.35957 -75.02362 -5.597346 -27.78736 -77.5433 -5.117206
4 16 -27.78736 -77.5433 -5.117206 -28.35957 -75.02362 -5.597346 -27.87929 -75.02362 -6.077626 -27.39915 -77.5433 -5.505417
4 16 -27.39915 -77.5433 -5.505417 -27.87929 -75.02362 -6.077626 -27.32291 -75.02362 -6.467209 -26.94942 -77.5433 -5.820317
4 16 -26.94942 -77.5433 -5.820317 -27.32291 -75.02362 -6.467209 -26.70733 -75.02362 -6.754258 -26.45185 -77.5433 -6.05234
4 16 -26.45185 -77.5433 -6.05234 -26.70733 -75.02362 -6.754258 -26.05125 -75.02362 -6.930053 -25.92154 -77.5433 -6.194435
4 16 -25.92154 -77.5433 -6.194435 -26.05125 -75.02362 -6.930053 -25.37462 -75.02362 -6.98925 -25.37462 -77.5433 -6.242284
4 16 -60.22047 -63.68504 48 -60.22047 -63.05512 48 -60.22047 -63.05512 -48 -60.22047 -63.68504 -48
4 16 -60.22047 -63.05512 48 -60.22047 -63.68504 48 -60.03482 -63.68504 50.12206 -60.03482 -63.05512 50.12206
4 16 -60.03482 -63.05512 50.12206 -60.03482 -63.68504 50.12206 -59.48349 -63.68504 52.17965 -59.48349 -63.05512 52.17965
4 16 -59.48349 -63.05512 52.17965 -59.48349 -63.68504 52.17965 -58.58324 -63.68504 54.11024 -58.58324 -63.05512 54.11024
4 16 -58.58324 -63.05512 54.11024 -58.58324 -63.68504 54.11024 -57.36142 -63.68504 55.85517 -57.36142 -63.05512 55.85517
4 16 -57.36142 -63.05512 55.85517 -57.36142 -63.68504 55.85517 -55.85517 -63.68504 57.36142 -55.85517 -63.05512 57.36142
4 16 -55.85517 -63.05512 57.36142 -55.85517 -63.68504 57.36142 -54.11024 -63.68504 58.58324 -54.11024 -63.05512 58.58324
4 16 -54.11024 -63.05512 58.58324 -54.11024 -63.68504 58.58324 -52.17965 -63.68504 59.48349 -52.17965 -63.05512 59.48349
4 16 -52.17965 -63.05512 59.48349 -52.17965 -63.68504 59.48349 -50.12206 -63.68504 60.03482 -50.12206 -63.05512 60.03482
4 16 -50.12206 -63.05512 60.03482 -50.12206 -63.68504 60.03482 -48 -63.68504 60.22047 -48 -63.05512 60.22047
4 16 48 -63.68504 60.22047 48 -63.05512 60.22047 -48 -63.05512 60.22047 -48 -63.68504 60.22047
4 16 48 -63.05512 60.22047 48 -63.68504 60.22047 49.9117 -63.68504 60.07002 49.9117 -63.05512 60.07002
4 16 49.9117 -63.05512 60.07002 49.9117 -63.68504 60.07002 51.77633 -63.68504 59.62236 51.77633 -63.05512 59.62236
4 16 51.77633 -63.05512 59.62236 51.77633 -63.68504 59.62236 53.54798 -63.68504 58.88852 53.54798 -63.05512 58.88852
4 16 53.54798 -63.05512 58.88852 53.54798 -63.68504 58.88852 55.18301 -63.68504 57.88657 55.18301 -63.05512 57.88657
4 16 55.18301 -63.05512 57.88657 55.18301 -63.68504 57.88657 56.64118 -63.68504 56.64118 56.64118 -63.05512 56.64118
4 16 56.64118 -63.05512 56.64118 56.64118 -63.68504 56.64118 57.88657 -63.68504 55.18301 57.88657 -63.05512 55.18301
4 16 57.88657 -63.05512 55.18301 57.88657 -63.68504 55.18301 58.88852 -63.68504 53.54798 58.88852 -63.05512 53.54798
4 16 58.88852 -63.05512 53.54798 58.88852 -63.68504 53.54798 59.62236 -63.68504 51.77633 59.62236 -63.05512 51.77633
4 16 59.62236 -63.05512 51.77633 59.62236 -63.68504 51.77633 60.07002 -63.68504 49.9117 60.07002 -63.05512 49.9117
4 16 60.07002 -63.05512 49.9117 60.07002 -63.68504 49.9117 60.22047 -63.68504 48 60.22047 -63.05512 48
4 16 60.22047 -63.68504 -48 60.22047 -63.05512 -48 60.22047 -63.05512 48 60.22047 -63.68504 48
4 16 60.22047 -63.05512 -48 60.22047 -63.68504 -48 60.03482 -63.68504 -50.12206 60.03482 -63.05512 -50.12206
4 16 60.03482 -63.05512 -50.12206 60.03482 -63.68504 -50.12206 59.48349 -63.68504 -52.17965 59.48349 -63.05512 -52.17965
4 16 59.48349 -63.05512 -52.17965 59.48349 -63.68504 -52.17965 58.58324 -63.68504 -54.11024 58.58324 -63.05512 -54.11024
4 16 58.58324 -63.05512 -54.11024 58.58324 -63.68504 -54.11024 57.36142 -63.68504 -55.85517 57.36142 -63.05512 -55.85517
4 16 57.36142 -63.05512 -55.85517 57.36142 -63.68504 -55.85517 55.85517 -63.68504 -57.36142 55.85517 -63.05512 -57.36142
4 16 55.85517 -63.05512 -57.36142 55.85517 -63.68504 -57.36142 54.11024 -63.68504 -58.58324 54.11024 -63.05512 -58.58324
4 16 54.11024 -63.05512 -58.58324 54.11024 -63.68504 -58.58324 52.17965 -63.68504 -59.48349 52.17965 -63.05512 -59.48349
4 16 52.17965 -63.05512 -59.48349 52.17965 -63.68504 -59.48349 50.12206 -63.68504 -60.03482 50.12206 -63.05512 -60.03482
4 16 50.12206 -63.05512 -60.03482 50.12206 -63.68504 -60.03482 48 -63.68504 -60.22047 48 -63.05512 -60.22047
4 16 -48 -63.68504 -60.22047 -48 -63.05512 -60.22047 48 -63.05512 -60.22047 48 -63.68504 -60.22047
4 16 -48 -63.05512 -60.22047 -48 -63.68504 -60.22047 -50.12206 -63.68504 -60.03482 -50.12206 -63.05512 -60.03482
4 16 -50.12206 -63.05512 -60.03482 -50.12206 -63.68504 -60.03482 -52.17965 -63.68504 -59.48349 -52.17965 -63.05512 -59.48349
4 16 -52.17965 -63.05512 -59.48349 -52.17965 -63.68504 -59.48349 -54.11024 -63.68504 -58.58324 -54.11024 -63.05512 -58.58324
4 16 -54.11024 -63.05512 -58.58324 -54.11024 -63.68504 -58.58324 -55.85517 -63.68504 -57.36142 -55.85517 -63.05512 -57.36142
4 16 -55.85517 -63.05512 -57.36142 -55.85517 -63.68504 -57.36142 -57.36142 -63.68504 -55.85517 -57.36142 -63.05512 -55.85517
4 16 -57.36142 -63.05512 -55.85517 -57.36142 -63.68504 -55.85517 -58.58324 -63.68504 -54.11024 -58.58324 -63.05512 -54.11024
4 16 -58.58324 -63.05512 -54.11024 -58.58324 -63.68504 -54.11024 -59.48349 -63.68504 -52.17965 -59.48349 -63.05512 -52.17965
4 16 -59.48349 -63.05512 -52.17965 -59.48349 -63.68504 -52.17965 -60.03482 -63.68504 -50.12206 -60.03482 -63.05512 -50.12206
4 16 -60.03482 -63.05512 -50.12206 -60.03482 -63.68504 -50.12206 -60.22047 -63.68504 -48 -60.22047 -63.05512 -48
4 16 56.63335 -63.41494 -4.399158 55.70128 -63.68504 -3.878908 53.0927 -63.68504 -7.966813 55.1547 -63.04078 -9.460378
3 16 55.70128 -63.68504 -3.878908 56.63335 -63.41494 -4.399158 57.70079 -63.68504 0.2216581
4 16 24.63913 -63.68504 -24.70342 20.11784 -63.68504 -24.99527 20.15205 -61.7723 -32.55433 25.54013 -61.7723 -32.20858
3 16 50.02184 -63.68504 -11.71987 54.25384 -62.81283 -12.10363 53.0927 -63.68504 -7.966813
3 16 53.0927 -63.68504 -7.966813 54.25384 -62.81283 -12.10363 55.1547 -63.04078 -9.460378
3 16 46.53124 -63.68504 -15.08609 52.14623 -62.27952 -17.48701 50.02184 -63.68504 -11.71987
3 16 50.02184 -63.68504 -11.71987 52.14623 -62.27952 -17.48701 53.27572 -62.56532 -14.7188
3 16 50.02184 -63.68504 -11.71987 53.27572 -62.56532 -14.7188 54.25384 -62.81283 -12.10363
3 16 42.66928 -63.68504 -18.01881 50.14173 -61.7723 -21.9078 46.53124 -63.68504 -15.08609
3 16 46.53124 -63.68504 -15.08609 50.14173 -61.7723 -21.9078 50.93382 -61.97273 -20.22508
3 16 46.53124 -63.68504 -15.08609 50.93382 -61.97273 -20.22508 52.14623 -62.27952 -17.48701
4 16 24.63913 -63.68504 -24.70342 25.54013 -61.7723 -32.20858 31.18815 -61.7723 -31.19033 29.41149 -63.68504 -23.84304
3 16 29.41149 -63.68504 -23.84304 31.18815 -61.7723 -31.19033 36.03997 -61.7723 -29.74675
3 16 29.41149 -63.68504 -23.84304 36.03997 -61.7723 -29.74675 34.04969 -63.68504 -22.42783
3 16 36.03997 -61.7723 -29.74675 36.67739 -61.7723 -29.51546 34.04969 -63.68504 -22.42783
3 16 34.04969 -63.68504 -22.42783 36.67739 -61.7723 -29.51546 41.02106 -61.7723 -27.66109
3 16 34.04969 -63.68504 -22.42783 41.02106 -61.7723 -27.66109 38.48945 -63.68504 -20.47742
3 16 41.02106 -61.7723 -27.66109 41.9318 -61.7723 -27.20717 38.48945 -63.68504 -20.47742
3 16 38.48945 -63.68504 -20.47742 41.9318 -61.7723 -27.20717 45.74095 -61.7723 -25.03738
3 16 38.48945 -63.68504 -20.47742 45.74095 -61.7723 -25.03738 42.66928 -63.68504 -18.01881
3 16 42.66928 -63.68504 -18.01881 45.74095 -61.7723 -25.03738 46.87856 -61.7723 -24.29745
3 16 42.66928 -63.68504 -18.01881 46.87856 -61.7723 -24.29745 50.14173 -61.7723 -21.9078
4 16 20.15205 -61.7723 -32.55433 20.11784 -63.68504 -24.99527 -20.11784 -63.68504 -24.99527 -20.15205 -61.7723 -32.55433
3 16 -50.14173 -61.7723 -21.9078 -42.66928 -63.68504 -18.01881 -46.53124 -63.68504 -15.08609
3 16 -50.02184 -63.68504 -11.71987 -52.14623 -62.27952 -17.48701 -46.53124 -63.68504 -15.08609
3 16 -46.53124 -63.68504 -15.08609 -52.14623 -62.27952 -17.48701 -50.92656 -61.9709 -20.24084
3 16 -46.53124 -63.68504 -15.08609 -50.92656 -61.9709 -20.24084 -50.14173 -61.7723 -21.9078
3 16 -57.70079 -63.68504 0.2216581 -56.63335 -63.41494 -4.399158 -55.70128 -63.68504 -3.878908
4 16 -55.70128 -63.68504 -3.878908 -56.63335 -63.41494 -4.399158 -55.1547 -63.04078 -9.460378 -53.0927 -63.68504 -7.966813
3 16 -53.0927 -63.68504 -7.966813 -55.1547 -63.04078 -9.460378 -54.25384 -62.81283 -12.10363
3 16 -53.0927 -63.68504 -7.966813 -54.25384 -62.81283 -12.10363 -50.02184 -63.68504 -11.71987
3 16 -50.02184 -63.68504 -11.71987 -54.25384 -62.81283 -12.10363 -53.27572 -62.56532 -14.7188
3 16 -50.02184 -63.68504 -11.71987 -53.27572 -62.56532 -14.7188 -52.14623 -62.27952 -17.48701
4 16 -25.54013 -61.7723 -32.20858 -20.15205 -61.7723 -32.55433 -20.11784 -63.68504 -24.99527 -24.63913 -63.68504 -24.70342
3 16 -50.14173 -61.7723 -21.9078 -46.87856 -61.7723 -24.29745 -42.66928 -63.68504 -18.01881
3 16 -42.66928 -63.68504 -18.01881 -46.87856 -61.7723 -24.29745 -45.74095 -61.7723 -25.03738
3 16 -42.66928 -63.68504 -18.01881 -45.74095 -61.7723 -25.03738 -38.48945 -63.68504 -20.47742
3 16 -45.74095 -61.7723 -25.03738 -41.9318 -61.7723 -27.20717 -38.48945 -63.68504 -20.47742
3 16 -38.48945 -63.68504 -20.47742 -41.9318 -61.7723 -27.20717 -41.02106 -61.7723 -27.66109
3 16 -38.48945 -63.68504 -20.47742 -41.02106 -61.7723 -27.66109 -34.04969 -63.68504 -22.42783
3 16 -41.02106 -61.7723 -27.66109 -36.67739 -61.7723 -29.51546 -34.04969 -63.68504 -22.42783
3 16 -34.04969 -63.68504 -22.42783 -36.67739 -61.7723 -29.51546 -36.03997 -61.7723 -29.74675
3 16 -34.04969 -63.68504 -22.42783 -36.03997 -61.7723 -29.74675 -29.41149 -63.68504 -23.84304
4 16 -25.54013 -61.7723 -32.20858 -24.63913 -63.68504 -24.70342 -29.41149 -63.68504 -23.84304 -31.18815 -61.7723 -31.19033
3 16 -31.18815 -61.7723 -31.19033 -29.41149 -63.68504 -23.84304 -36.03997 -61.7723 -29.74675
4 16 -50.14173 -61.7723 -48.37795 -57.70079 -63.68504 -48.37795 -57.55724 -63.68504 -50.01872 -50.11302 -61.7723 -48.70611
4 16 -50.11302 -61.7723 -48.70611 -57.55724 -63.68504 -50.01872 -57.13095 -63.68504 -51.60964 -50.02777 -61.7723 -49.02429
4 16 -50.02777 -61.7723 -49.02429 -57.13095 -63.68504 -51.60964 -56.43488 -63.68504 -53.10236 -49.88855 -61.7723 -49.32283
4 16 -49.88855 -61.7723 -49.32283 -56.43488 -63.68504 -53.10236 -55.49018 -63.68504 -54.45154 -49.69961 -61.7723 -49.59267
4 16 -49.69961 -61.7723 -49.59267 -55.49018 -63.68504 -54.45154 -54.32555 -63.68504 -55.61617 -49.46668 -61.7723 -49.82559
4 16 -49.46668 -61.7723 -49.82559 -54.32555 -63.68504 -55.61617 -52.97638 -63.68504 -56.56087 -49.19685 -61.7723 -50.01454
4 16 -49.19685 -61.7723 -50.01454 -52.97638 -63.68504 -56.56087 -51.48365 -63.68504 -57.25694 -48.89831 -61.7723 -50.15375
4 16 -48.89831 -61.7723 -50.15375 -51.48365 -63.68504 -57.25694 -49.89274 -63.68504 -57.68322 -48.58012 -61.7723 -50.239
4 16 -48.58012 -61.7723 -50.239 -49.89274 -63.68504 -57.68322 -48.25197 -63.68504 -57.82677 -48.25197 -61.7723 -50.26772
4 16 -48.25197 -61.7723 -50.26772 -48.25197 -63.68504 -57.82677 48.25197 -63.68504 -57.82677 48.25197 -61.7723 -50.26772
4 16 48.25197 -61.7723 -50.26772 48.25197 -63.68504 -57.82677 49.89274 -63.68504 -57.68322 48.58012 -61.7723 -50.239
4 16 48.58012 -61.7723 -50.239 49.89274 -63.68504 -57.68322 51.48365 -63.68504 -57.25694 48.89831 -61.7723 -50.15375
4 16 48.89831 -61.7723 -50.15375 51.48365 -63.68504 -57.25694 52.97638 -63.68504 -56.56087 49.19685 -61.7723 -50.01454
4 16 49.19685 -61.7723 -50.01454 52.97638 -63.68504 -56.56087 54.32555 -63.68504 -55.61617 49.46668 -61.7723 -49.82559
4 16 49.46668 -61.7723 -49.82559 54.32555 -63.68504 -55.61617 55.49018 -63.68504 -54.45154 49.69961 -61.7723 -49.59267
4 16 49.69961 -61.7723 -49.59267 55.49018 -63.68504 -54.45154 56.43488 -63.68504 -53.10236 49.88855 -61.7723 -49.32283
4 16 49.88855 -61.7723 -49.32283 56.43488 -63.68504 -53.10236 57.13095 -63.68504 -51.60964 50.02777 -61.7723 -49.02429
4 16 50.02777 -61.7723 -49.02429 57.13095 -63.68504 -51.60964 57.55724 -63.68504 -50.01872 50.11302 -61.7723 -48.70611
4 16 50.11302 -61.7723 -48.70611 57.55724 -63.68504 -50.01872 57.70079 -63.68504 -48.37795 50.14173 -61.7723 -48.37795
4 16 25.37462 -80.06299 34.58874 25.37462 -63.68504 34.58874 25.15585 -63.68504 34.60788 25.15585 -80.06299 34.60788
4 16 25.15585 -80.06299 34.60788 25.15585 -63.68504 34.60788 24.94373 -63.68504 34.66472 24.94373 -80.06299 34.66472
4 16 24.94373 -80.06299 34.66472 24.94373 -63.68504 34.66472 24.7447 -63.68504 34.75753 24.7447 -80.06299 34.75753
4 16 24.7447 -80.06299 34.75753 24.7447 -63.68504 34.75753 24.56481 -63.68504 34.88349 24.56481 -80.06299 34.88349
4 16 24.56481 -80.06299 34.88349 24.56481 -63.68504 34.88349 24.40953 -63.68504 35.03877 24.40953 -80.06299 35.03877
4 16 24.40953 -80.06299 35.03877 24.40953 -63.68504 35.03877 24.28356 -63.68504 35.21866 24.28356 -80.06299 35.21866
4 16 24.28356 -80.06299 35.21866 24.28356 -63.68504 35.21866 24.19076 -63.68504 35.41769 24.19076 -80.06299 35.41769
4 16 24.19076 -80.06299 35.41769 24.19076 -63.68504 35.41769 24.13392 -63.68504 35.62981 24.13392 -80.06299 35.62981
4 16 24.13392 -80.06299 35.62981 24.13392 -63.68504 35.62981 24.11478 -63.68504 35.84858 24.11478 -80.06299 35.84858
4 16 24.11478 -80.06299 35.84858 24.11478 -63.68504 35.84858 24.13392 -63.68504 36.06735 24.13392 -80.06299 36.06735
4 16 24.13392 -80.06299 36.06735 24.13392 -63.68504 36.06735 24.19076 -63.68504 36.27947 24.19076 -80.06299 36.27947
4 16 24.19076 -80.06299 36.27947 24.19076 -63.68504 36.27947 24.28356 -63.68504 36.4785 24.28356 -80.06299 36.4785
4 16 24.28356 -80.06299 36.4785 24.28356 -63.68504 36.4785 24.40953 -63.68504 36.6584 24.40953 -80.06299 36.6584
4 16 24.40953 -80.06299 36.6584 24.40953 -63.68504 36.6584 24.56481 -63.68504 36.81368 24.56481 -80.06299 36.81368
4 16 24.56481 -80.06299 36.81368 24.56481 -63.68504 36.81368 24.7447 -63.68504 36.93964 24.7447 -80.06299 36.93964
4 16 24.7447 -80.06299 36.93964 24.7447 -63.68504 36.93964 24.94373 -63.68504 37.03245 24.94373 -80.06299 37.03245
4 16 24.94373 -80.06299 37.03245 24.94373 -63.68504 37.03245 25.15585 -63.68504 37.08928 25.15585 -80.06299 37.08928
4 16 25.15585 -80.06299 37.08928 25.15585 -63.68504 37.08928 25.37462 -63.68504 37.10843 25.37462 -80.06299 37.10843
4 16 40.31496 -80.06299 15.11811 40.31496 -63.68504 15.11811 40.09619 -63.68504 15.13725 40.09619 -80.06299 15.13725
4 16 40.09619 -80.06299 15.13725 40.09619 -63.68504 15.13725 39.88407 -63.68504 15.19409 39.88407 -80.06299 15.19409
4 16 39.88407 -80.06299 15.19409 39.88407 -63.68504 15.19409 39.68504 -63.68504 15.2869 39.68504 -80.06299 15.2869
4 16 39.68504 -80.06299 15.2869 39.68504 -63.68504 15.2869 39.50515 -63.68504 15.41286 39.50515 -80.06299 15.41286
4 16 39.50515 -80.06299 15.41286 39.50515 -63.68504 15.41286 39.34987 -63.68504 15.56814 39.34987 -80.06299 15.56814
4 16 39.34987 -80.06299 15.56814 39.34987 -63.68504 15.56814 39.22391 -63.68504 15.74803 39.22391 -80.06299 15.74803
4 16 39.22391 -80.06299 15.74803 39.22391 -63.68504 15.74803 39.13109 -63.68504 15.94706 39.13109 -80.06299 15.94706
4 16 39.13109 -80.06299 15.94706 39.13109 -63.68504 15.94706 39.07426 -63.68504 16.15918 39.07426 -80.06299 16.15918
4 16 39.07426 -80.06299 16.15918 39.07426 -63.68504 16.15918 39.05512 -63.68504 16.37795 39.05512 -80.06299 16.37795
4 16 39.05512 -80.06299 16.37795 39.05512 -63.68504 16.37795 39.07426 -63.68504 16.59672 39.07426 -80.06299 16.59672
4 16 39.07426 -80.06299 16.59672 39.07426 -63.68504 16.59672 39.13109 -63.68504 16.80884 39.13109 -80.06299 16.80884
4 16 39.13109 -80.06299 16.80884 39.13109 -63.68504 16.80884 39.22391 -63.68504 17.00787 39.22391 -80.06299 17.00787
4 16 39.22391 -80.06299 17.00787 39.22391 -63.68504 17.00787 39.34987 -63.68504 17.18776 39.34987 -80.06299 17.18776
4 16 39.34987 -80.06299 17.18776 39.34987 -63.68504 17.18776 39.50515 -63.68504 17.34305 39.50515 -80.06299 17.34305
4 16 39.50515 -80.06299 17.34305 39.50515 -63.68504 17.34305 39.68504 -63.68504 17.46901 39.68504 -80.06299 17.46901
4 16 39.68504 -80.06299 17.46901 39.68504 -63.68504 17.46901 39.88407 -63.68504 17.56182 39.88407 -80.06299 17.56182
4 16 39.88407 -80.06299 17.56182 39.88407 -63.68504 17.56182 40.09619 -63.68504 17.61865 40.09619 -80.06299 17.61865
4 16 40.09619 -80.06299 17.61865 40.09619 -63.68504 17.61865 40.31496 -63.68504 17.63779 40.31496 -80.06299 17.63779
4 16 25.37462 -80.06299 -4.352521 25.37462 -63.68504 -4.352521 25.15585 -63.68504 -4.333381 25.15585 -80.06299 -4.333381
4 16 25.15585 -80.06299 -4.333381 25.15585 -63.68504 -4.333381 24.94373 -63.68504 -4.276543 24.94373 -80.06299 -4.276543
4 16 24.94373 -80.06299 -4.276543 24.94373 -63.68504 -4.276543 24.7447 -63.68504 -4.183734 24.7447 -80.06299 -4.183734
4 16 24.7447 -80.06299 -4.183734 24.7447 -63.68504 -4.183734 24.56481 -63.68504 -4.057773 24.56481 -80.06299 -4.057773
4 16 24.56481 -80.06299 -4.057773 24.56481 -63.68504 -4.057773 24.40953 -63.68504 -3.902489 24.40953 -80.06299 -3.902489
4 16 24.40953 -80.06299 -3.902489 24.40953 -63.68504 -3.902489 24.28356 -63.68504 -3.722599 24.28356 -80.06299 -3.722599
4 16 24.28356 -80.06299 -3.722599 24.28356 -63.68504 -3.722599 24.19076 -63.68504 -3.52357 24.19076 -80.06299 -3.52357
4 16 24.19076 -80.06299 -3.52357 24.19076 -63.68504 -3.52357 24.13392 -63.68504 -3.311447 24.13392 -80.06299 -3.311447
4 16 24.13392 -80.06299 -3.311447 24.13392 -63.68504 -3.311447 24.11478 -63.68504 -3.092678 24.11478 -80.06299 -3.092678
4 16 24.11478 -80.06299 -3.092678 24.11478 -63.68504 -3.092678 24.13392 -63.68504 -2.873909 24.13392 -80.06299 -2.873909
4 16 24.13392 -80.06299 -2.873909 24.13392 -63.68504 -2.873909 24.19076 -63.68504 -2.661787 24.19076 -80.06299 -2.661787
4 16 24.19076 -80.06299 -2.661787 24.19076 -63.68504 -2.661787 24.28356 -63.68504 -2.462757 24.28356 -80.06299 -2.462757
4 16 24.28356 -80.06299 -2.462757 24.28356 -63.68504 -2.462757 24.40953 -63.68504 -2.282867 24.40953 -80.06299 -2.282867
4 16 24.40953 -80.06299 -2.282867 24.40953 -63.68504 -2.282867 24.56481 -63.68504 -2.127583 24.56481 -80.06299 -2.127583
4 16 24.56481 -80.06299 -2.127583 24.56481 -63.68504 -2.127583 24.7447 -63.68504 -2.001622 24.7447 -80.06299 -2.001622
4 16 24.7447 -80.06299 -2.001622 24.7447 -63.68504 -2.001622 24.94373 -63.68504 -1.908813 24.94373 -80.06299 -1.908813
4 16 24.94373 -80.06299 -1.908813 24.94373 -63.68504 -1.908813 25.15585 -63.68504 -1.851975 25.15585 -80.06299 -1.851975
4 16 25.15585 -80.06299 -1.851975 25.15585 -63.68504 -1.851975 25.37462 -63.68504 -1.832835 25.37462 -80.06299 -1.832835
4 16 -25.37462 -75.02362 31.95201 -25.37462 -63.68504 31.7541 -24.66362 -63.68504 31.8163 -24.69799 -75.02362 32.01121
4 16 -24.69799 -75.02362 32.01121 -24.66362 -63.68504 31.8163 -23.97422 -63.68504 32.00102 -24.04191 -75.02362 32.187
4 16 -24.04191 -75.02362 32.187 -23.97422 -63.68504 32.00102 -23.32737 -63.68504 32.30265 -23.42633 -75.02362 32.47405
3 16 -23.42633 -75.02362 32.47405 -23.32737 -63.68504 32.30265 -23.14939 -63.68504 32.41155
3 16 -23.42633 -75.02362 32.47405 -23.14939 -63.68504 32.41155 -22.86995 -75.02362 32.86364
3 16 -23.14939 -63.68504 32.41155 -22.74 -63.69 32.71 -22.86995 -75.02362 32.86364
3 16 -22.86995 -75.02362 32.86364 -22.74 -63.69 32.71 -22.61 -63.69 32.83
3 16 -22.86995 -75.02362 32.86364 -22.61 -63.69 32.83 -22.38967 -75.02362 33.34391
3 16 -22.61 -63.69 32.83 -22.24 -63.69 33.22 -22.38967 -75.02362 33.34391
3 16 -22.38967 -75.02362 33.34391 -22.24 -63.69 33.22 -22.14 -63.69 33.34
3 16 -22.38967 -75.02362 33.34391 -22.14 -63.69 33.34 -22.00009 -75.02362 33.9003
3 16 -22.14 -63.69 33.34 -21.83 -63.69 33.8 -22.00009 -75.02362 33.9003
3 16 -22.00009 -75.02362 33.9003 -21.83 -63.69 33.8 -21.77 -63.69 33.91
3 16 -22.00009 -75.02362 33.9003 -21.77 -63.69 33.91 -21.71304 -75.02362 34.51588
3 16 -21.77 -63.69 33.91 -21.53 -63.69 34.45 -21.71304 -75.02362 34.51588
3 16 -21.71304 -75.02362 34.51588 -21.53 -63.69 34.45 -21.49484 -63.68504 34.54009
3 16 -21.71304 -75.02362 34.51588 -21.49484 -63.68504 34.54009 -21.53724 -75.02362 35.17195
3 16 -21.49484 -63.68504 34.54009 -21.34234 -63.68504 35.13758 -21.53724 -75.02362 35.17195
3 16 -21.53724 -75.02362 35.17195 -21.34234 -63.68504 35.13758 -21.33084 -63.68504 35.20619
4 16 -21.53724 -75.02362 35.17195 -21.33084 -63.68504 35.20619 -21.28013 -63.68504 35.84858 -21.47805 -75.02362 35.84858
3 16 -21.47805 -75.02362 35.84858 -21.28013 -63.68504 35.84858 -21.28034 -63.68504 35.89032
4 16 -21.47805 -75.02362 35.84858 -21.28034 -63.68504 35.89032 -21.34234 -63.68504 36.55958 -21.53724 -75.02362 36.52522
4 16 -21.53724 -75.02362 36.52522 -21.34234 -63.68504 36.55958 -21.52706 -63.68504 37.24898 -21.71304 -75.02362 37.18129
4 16 -21.71304 -75.02362 37.18129 -21.52706 -63.68504 37.24898 -21.80801 -63.68504 37.85958 -22.00009 -75.02362 37.79687
3 16 -21.80801 -63.68504 37.85958 -21.82869 -63.68504 37.89583 -22.00009 -75.02362 37.79687
4 16 -22.00009 -75.02362 37.79687 -21.82869 -63.68504 37.89583 -22.1938 -63.68504 38.42681 -22.38967 -75.02362 38.35325
3 16 -22.1938 -63.68504 38.42681 -22.23806 -63.68504 38.48047 -22.38967 -75.02362 38.35325
4 16 -22.38967 -75.02362 38.35325 -22.23806 -63.68504 38.48047 -22.66888 -63.68504 38.92166 -22.86995 -75.02362 38.83353
3 16 -22.66888 -63.68504 38.92166 -22.74273 -63.68504 38.98514 -22.86995 -75.02362 38.83353
3 16 -22.86995 -75.02362 38.83353 -22.74273 -63.68504 38.98514 -23.21991 -63.68504 39.33026
3 16 -22.86995 -75.02362 38.83353 -23.21991 -63.68504 39.33026 -23.42633 -75.02362 39.22311
3 16 -23.21991 -63.68504 39.33026 -23.33 -63.69 39.39 -23.42633 -75.02362 39.22311
3 16 -23.42633 -75.02362 39.22311 -23.33 -63.69 39.39 -23.83 -63.69 39.64
3 16 -23.42633 -75.02362 39.22311 -23.83 -63.69 39.64 -24.04191 -75.02362 39.51016
3 16 -23.83 -63.69 39.64 -23.97 -63.69 39.7 -24.04191 -75.02362 39.51016
3 16 -24.04191 -75.02362 39.51016 -23.97 -63.69 39.7 -24.49 -63.69 39.85
3 16 -24.04191 -75.02362 39.51016 -24.49 -63.69 39.85 -24.69799 -75.02362 39.68596
3 16 -25.37462 -63.68504 39.94307 -25.37462 -75.02362 39.74516 -25.16603 -63.68504 39.93775
3 16 -25.16603 -63.68504 39.93775 -25.37462 -75.02362 39.74516 -24.69799 -75.02362 39.68596
3 16 -25.16603 -63.68504 39.93775 -24.69799 -75.02362 39.68596 -24.66 -63.69 39.88
3 16 -24.66 -63.69 39.88 -24.69799 -75.02362 39.68596 -24.49 -63.69 39.85
4 16 -25.37462 -75.02362 39.74516 -25.37462 -63.68504 39.94307 -26.08562 -63.68504 39.88087 -26.05125 -75.02362 39.68596
4 16 -26.05125 -75.02362 39.68596 -26.08562 -63.68504 39.88087 -26.77502 -63.68504 39.69614 -26.70733 -75.02362 39.51016
4 16 -26.70733 -75.02362 39.51016 -26.77502 -63.68504 39.69614 -27.42186 -63.68504 39.39451 -27.32291 -75.02362 39.22311
3 16 -27.32291 -75.02362 39.22311 -27.42186 -63.68504 39.39451 -27.59985 -63.68504 39.28561
3 16 -27.32291 -75.02362 39.22311 -27.59985 -63.68504 39.28561 -27.87929 -75.02362 38.83353
3 16 -27.59985 -63.68504 39.28561 -28.01 -63.69 38.99 -27.87929 -75.02362 38.83353
3 16 -27.87929 -75.02362 38.83353 -28.01 -63.69 38.99 -28.14 -63.69 38.87
3 16 -27.87929 -75.02362 38.83353 -28.14 -63.69 38.87 -28.35957 -75.02362 38.35325
3 16 -28.14 -63.69 38.87 -28.51 -63.69 38.48 -28.35957 -75.02362 38.35325
3 16 -28.35957 -75.02362 38.35325 -28.51 -63.69 38.48 -28.61 -63.69 38.36
3 16 -28.35957 -75.02362 38.35325 -28.61 -63.69 38.36 -28.74915 -75.02362 37.79687
3 16 -28.61 -63.69 38.36 -28.92 -63.69 37.9 -28.74915 -75.02362 37.79687
3 16 -28.74915 -75.02362 37.79687 -28.92 -63.69 37.9 -28.98 -63.69 37.79
3 16 -28.74915 -75.02362 37.79687 -28.98 -63.69 37.79 -29.0362 -75.02362 37.18129
3 16 -28.98 -63.69 37.79 -29.22 -63.69 37.25 -29.0362 -75.02362 37.18129
3 16 -29.0362 -75.02362 37.18129 -29.22 -63.69 37.25 -29.2544 -63.68504 37.15708
3 16 -29.0362 -75.02362 37.18129 -29.2544 -63.68504 37.15708 -29.21199 -75.02362 36.52522
3 16 -29.2544 -63.68504 37.15708 -29.4069 -63.68504 36.55958 -29.21199 -75.02362 36.52522
3 16 -29.21199 -75.02362 36.52522 -29.4069 -63.68504 36.55958 -29.4184 -63.68504 36.49098
4 16 -29.21199 -75.02362 36.52522 -29.4184 -63.68504 36.49098 -29.46911 -63.68504 35.84858 -29.27119 -75.02362 35.84858
3 16 -29.27119 -75.02362 35.84858 -29.46911 -63.68504 35.84858 -29.4689 -63.68504 35.80685
4 16 -29.27119 -75.02362 35.84858 -29.4689 -63.68504 35.80685 -29.4069 -63.68504 35.13758 -29.21199 -75.02362 35.17195
4 16 -29.21199 -75.02362 35.17195 -29.4069 -63.68504 35.13758 -29.22218 -63.68504 34.44818 -29.0362 -75.02362 34.51588
4 16 -29.0362 -75.02362 34.51588 -29.22218 -63.68504 34.44818 -28.94123 -63.68504 33.83759 -28.74915 -75.02362 33.9003
3 16 -28.94123 -63.68504 33.83759 -28.92055 -63.68504 33.80134 -28.74915 -75.02362 33.9003
4 16 -28.74915 -75.02362 33.9003 -28.92055 -63.68504 33.80134 -28.55544 -63.68504 33.27036 -28.35957 -75.02362 33.34391
3 16 -28.55544 -63.68504 33.27036 -28.51118 -63.68504 33.2167 -28.35957 -75.02362 33.34391
4 16 -28.35957 -75.02362 33.34391 -28.51118 -63.68504 33.2167 -28.08036 -63.68504 32.7755 -27.87929 -75.02362 32.86364
3 16 -28.08036 -63.68504 32.7755 -28.00651 -63.68504 32.71202 -27.87929 -75.02362 32.86364
3 16 -27.87929 -75.02362 32.86364 -28.00651 -63.68504 32.71202 -27.52933 -63.68504 32.36691
3 16 -27.87929 -75.02362 32.86364 -27.52933 -63.68504 32.36691 -27.32291 -75.02362 32.47405
3 16 -27.52933 -63.68504 32.36691 -27.42 -63.69 32.3 -27.32291 -75.02362 32.47405
3 16 -27.32291 -75.02362 32.47405 -27.42 -63.69 32.3 -26.92 -63.69 32.06
3 16 -27.32291 -75.02362 32.47405 -26.92 -63.69 32.06 -26.70733 -75.02362 32.187
3 16 -26.92 -63.69 32.06 -26.78 -63.69 32 -26.70733 -75.02362 32.187
3 16 -26.70733 -75.02362 32.187 -26.78 -63.69 32 -26.26 -63.69 31.85
3 16 -26.70733 -75.02362 32.187 -26.26 -63.69 31.85 -26.05125 -75.02362 32.01121
3 16 -25.37462 -63.68504 31.7541 -25.37462 -75.02362 31.95201 -25.58322 -63.68504 31.75941
3 16 -25.58322 -63.68504 31.75941 -25.37462 -75.02362 31.95201 -26.05125 -75.02362 32.01121
3 16 -25.58322 -63.68504 31.75941 -26.05125 -75.02362 32.01121 -26.09 -63.69 31.82
3 16 -26.09 -63.69 31.82 -26.05125 -75.02362 32.01121 -26.26 -63.69 31.85
3 16 -39.6736 -75.02362 12.53452 -40.31496 -75.02362 12.48138 -40.31496 -63.68504 12.28346
3 16 -39.6736 -75.02362 12.53452 -40.31496 -63.68504 12.28346 -39.63833 -75.02362 12.54058
3 16 -39.63833 -75.02362 12.54058 -40.31496 -63.68504 12.28346 -39.60396 -63.68504 12.34567
4 16 -39.63833 -75.02362 12.54058 -39.60396 -63.68504 12.34567 -39.04834 -63.68504 12.4843 -39.04974 -75.02362 12.69251
4 16 -39.04974 -75.02362 12.69251 -39.04834 -63.68504 12.4843 -38.91456 -63.68504 12.53039 -38.98225 -75.02362 12.71637
3 16 -38.98225 -75.02362 12.71637 -38.91456 -63.68504 12.53039 -38.4604 -75.02362 12.95102
3 16 -38.4604 -75.02362 12.95102 -38.91456 -63.68504 12.53039 -38.45 -63.69 12.73
3 16 -38.4604 -75.02362 12.95102 -38.45 -63.69 12.73 -38.36668 -75.02362 13.00342
3 16 -38.36668 -75.02362 13.00342 -38.45 -63.69 12.73 -38.27 -63.69 12.83
3 16 -38.36668 -75.02362 13.00342 -38.27 -63.69 12.83 -37.92164 -75.02362 13.30301
3 16 -37.92164 -75.02362 13.30301 -38.27 -63.69 12.83 -37.91 -63.69 13.07
3 16 -37.92164 -75.02362 13.30301 -37.91 -63.69 13.07 -37.81029 -75.02362 13.393
3 16 -37.81029 -75.02362 13.393 -37.91 -63.69 13.07 -37.68 -63.69 13.24
3 16 -37.81029 -75.02362 13.393 -37.68 -63.69 13.24 -37.44816 -75.02362 13.73888
3 16 -37.44816 -75.02362 13.73888 -37.68 -63.69 13.24 -37.42 -63.69 13.49
3 16 -37.44816 -75.02362 13.73888 -37.42 -63.69 13.49 -37.33001 -75.02362 13.87328
3 16 -37.33001 -75.02362 13.87328 -37.42 -63.69 13.49 -37.18 -63.69 13.75
3 16 -37.33001 -75.02362 13.87328 -37.18 -63.69 13.75 -37.05288 -75.02362 14.24673
3 16 -37.05288 -75.02362 14.24673 -37.18 -63.69 13.75 -37 -63.69 13.97
3 16 -37.05288 -75.02362 14.24673 -37 -63.69 13.97 -36.94043 -75.02362 14.42967
3 16 -36.94043 -75.02362 14.42967 -37 -63.69 13.97 -36.77 -63.69 14.33
3 16 -36.94043 -75.02362 14.42967 -36.77 -63.69 14.33 -36.74658 -75.02362 14.81272
3 16 -36.74658 -75.02362 14.81272 -36.77 -63.69 14.33 -36.66 -63.69 14.52
3 16 -36.74658 -75.02362 14.81272 -36.66 -63.69 14.52 -36.65338 -75.02362 15.04525
3 16 -36.65338 -75.02362 15.04525 -36.66 -63.69 14.52 -36.47 -63.69 14.98
3 16 -36.65338 -75.02362 15.04525 -36.47 -63.69 14.98 -36.53762 -75.02362 15.4214
3 16 -36.53762 -75.02362 15.4214 -36.47 -63.69 14.98 -36.41911 -63.68504 15.11811
3 16 -36.53762 -75.02362 15.4214 -36.41911 -63.68504 15.11811 -36.47758 -75.02362 15.70132
3 16 -36.47758 -75.02362 15.70132 -36.41911 -63.68504 15.11811 -36.28268 -63.68504 15.66695
3 16 -36.47758 -75.02362 15.70132 -36.28268 -63.68504 15.66695 -36.4317 -75.02362 16.05618
3 16 -36.4317 -75.02362 16.05618 -36.28268 -63.68504 15.66695 -36.22047 -63.68504 16.37795
3 16 -36.4317 -75.02362 16.05618 -36.22047 -63.68504 16.37795 -36.41839 -75.02362 16.37795
3 16 -40.31 -63.69 20.47 -40.31496 -75.02362 20.27453 -39.97 -63.69 20.46
3 16 -39.97 -63.69 20.46 -40.31496 -75.02362 20.27453 -39.6736 -75.02362 20.22138
3 16 -39.97 -63.69 20.46 -39.6736 -75.02362 20.22138 -39.6 -63.69 20.41
3 16 -39.6 -63.69 20.41 -39.6736 -75.02362 20.22138 -39.63833 -75.02362 20.21533
3 16 -39.6 -63.69 20.41 -39.63833 -75.02362 20.21533 -39.3 -63.69 20.34
3 16 -39.3 -63.69 20.34 -39.63833 -75.02362 20.21533 -39.04974 -75.02362 20.0634
3 16 -39.3 -63.69 20.34 -39.04974 -75.02362 20.0634 -38.91 -63.69 20.23
3 16 -38.91 -63.69 20.23 -39.04974 -75.02362 20.0634 -38.98225 -75.02362 20.03953
3 16 -38.91 -63.69 20.23 -38.98225 -75.02362 20.03953 -38.65 -63.69 20.12
3 16 -38.65 -63.69 20.12 -38.98225 -75.02362 20.03953 -38.4604 -75.02362 19.80489
3 16 -38.65 -63.69 20.12 -38.4604 -75.02362 19.80489 -38.27 -63.69 19.92
3 16 -38.27 -63.69 19.92 -38.4604 -75.02362 19.80489 -38.36668 -75.02362 19.75248
3 16 -38.27 -63.69 19.92 -38.36668 -75.02362 19.75248 -38.05 -63.69 19.79
3 16 -38.05 -63.69 19.79 -38.36668 -75.02362 19.75248 -37.92164 -75.02362 19.4529
3 16 -38.05 -63.69 19.79 -37.92164 -75.02362 19.4529 -37.68 -63.69 19.51
3 16 -37.68 -63.69 19.51 -37.92164 -75.02362 19.4529 -37.81029 -75.02362 19.3629
3 16 -37.68 -63.69 19.51 -37.81029 -75.02362 19.3629 -37.51 -63.69 19.36
3 16 -37.51 -63.69 19.36 -37.81029 -75.02362 19.3629 -37.44816 -75.02362 19.01703
3 16 -37.51 -63.69 19.36 -37.44816 -75.02362 19.01703 -37.18 -63.69 19.01
3 16 -37.18 -63.69 19.01 -37.44816 -75.02362 19.01703 -37.33001 -75.02362 18.88262
3 16 -37.18 -63.69 19.01 -37.33001 -75.02362 18.88262 -37.05 -63.69 18.85
3 16 -37.05 -63.69 18.85 -37.33001 -75.02362 18.88262 -37.05288 -75.02362 18.50918
3 16 -37.05 -63.69 18.85 -37.05288 -75.02362 18.50918 -36.77 -63.69 18.43
3 16 -36.77 -63.69 18.43 -37.05288 -75.02362 18.50918 -36.94043 -75.02362 18.32624
3 16 -36.77 -63.69 18.43 -36.94043 -75.02362 18.32624 -36.68 -63.69 18.27
3 16 -36.68 -63.69 18.27 -36.94043 -75.02362 18.32624 -36.74658 -75.02362 17.94319
3 16 -36.68 -63.69 18.27 -36.74658 -75.02362 17.94319 -36.47 -63.69 17.78
3 16 -36.47 -63.69 17.78 -36.74658 -75.02362 17.94319 -36.65338 -75.02362 17.71066
3 16 -36.47 -63.69 17.78 -36.65338 -75.02362 17.71066 -36.41911 -63.68504 17.63779
3 16 -36.41911 -63.68504 17.63779 -36.65338 -75.02362 17.71066 -36.53762 -75.02362 17.3345
3 16 -36.41911 -63.68504 17.63779 -36.53762 -75.02362 17.3345 -36.28 -63.69 17.09
3 16 -36.28 -63.69 17.09 -36.53762 -75.02362 17.3345 -36.47758 -75.02362 17.05459
3 16 -36.28 -63.69 17.09 -36.47758 -75.02362 17.05459 -36.22047 -63.68504 16.37795
3 16 -36.22047 -63.68504 16.37795 -36.47758 -75.02362 17.05459 -36.4317 -75.02362 16.69973
3 16 -36.22047 -63.68504 16.37795 -36.4317 -75.02362 16.69973 -36.41839 -75.02362 16.37795
3 16 -40.31496 -75.02362 20.27453 -40.31 -63.69 20.47 -40.66 -63.69 20.46
3 16 -40.31496 -75.02362 20.27453 -40.66 -63.69 20.46 -40.99159 -75.02362 20.21533
3 16 -40.66 -63.69 20.46 -40.99 -63.69 20.42 -40.99159 -75.02362 20.21533
3 16 -40.99159 -75.02362 20.21533 -40.99 -63.69 20.42 -41.33 -63.69 20.34
3 16 -40.99159 -75.02362 20.21533 -41.33 -63.69 20.34 -41.58017 -75.02362 20.0634
3 16 -41.58017 -75.02362 20.0634 -41.33 -63.69 20.34 -41.64 -63.69 20.25
3 16 -41.58017 -75.02362 20.0634 -41.64 -63.69 20.25 -41.64767 -75.02362 20.03953
3 16 -41.64767 -75.02362 20.03953 -41.64 -63.69 20.25 -41.98 -63.69 20.12
3 16 -41.64767 -75.02362 20.03953 -41.98 -63.69 20.12 -42.16952 -75.02362 19.80489
3 16 -42.16952 -75.02362 19.80489 -41.98 -63.69 20.12 -42.26 -63.69 19.98
3 16 -42.16952 -75.02362 19.80489 -42.26 -63.69 19.98 -42.26325 -75.02362 19.75248
3 16 -42.26325 -75.02362 19.75248 -42.26 -63.69 19.98 -42.58 -63.69 19.79
3 16 -42.26325 -75.02362 19.75248 -42.58 -63.69 19.79 -42.70829 -75.02362 19.4529
3 16 -42.70829 -75.02362 19.4529 -42.58 -63.69 19.79 -42.83 -63.69 19.61
3 16 -42.70829 -75.02362 19.4529 -42.83 -63.69 19.61 -42.81963 -75.02362 19.3629
3 16 -42.81963 -75.02362 19.3629 -42.83 -63.69 19.61 -43.12 -63.69 19.36
3 16 -42.81963 -75.02362 19.3629 -43.12 -63.69 19.36 -43.18176 -75.02362 19.01703
3 16 -43.18176 -75.02362 19.01703 -43.12 -63.69 19.36 -43.33 -63.69 19.15
3 16 -43.18176 -75.02362 19.01703 -43.33 -63.69 19.15 -43.29991 -75.02362 18.88262
3 16 -43.29991 -75.02362 18.88262 -43.33 -63.69 19.15 -43.58 -63.69 18.85
3 16 -43.29991 -75.02362 18.88262 -43.58 -63.69 18.85 -43.57704 -75.02362 18.50918
3 16 -43.57704 -75.02362 18.50918 -43.58 -63.69 18.85 -43.74 -63.69 18.62
3 16 -43.57704 -75.02362 18.50918 -43.74 -63.69 18.62 -43.68949 -75.02362 18.32624
3 16 -43.68949 -75.02362 18.32624 -43.74 -63.69 18.62 -43.95 -63.69 18.27
3 16 -43.68949 -75.02362 18.32624 -43.95 -63.69 18.27 -43.88334 -75.02362 17.94319
3 16 -43.88334 -75.02362 17.94319 -43.95 -63.69 18.27 -44.06 -63.69 18.02
3 16 -43.88334 -75.02362 17.94319 -44.06 -63.69 18.02 -43.97654 -75.02362 17.71066
3 16 -43.97654 -75.02362 17.71066 -44.06 -63.69 18.02 -44.21081 -63.68504 17.63779
3 16 -43.97654 -75.02362 17.71066 -44.21081 -63.68504 17.63779 -44.0923 -75.02362 17.3345
3 16 -44.0923 -75.02362 17.3345 -44.21081 -63.68504 17.63779 -44.28 -63.69 17.38
3 16 -44.0923 -75.02362 17.3345 -44.28 -63.69 17.38 -44.15233 -75.02362 17.05459
3 16 -44.15233 -75.02362 17.05459 -44.28 -63.69 17.38 -44.19822 -75.02362 16.69973
3 16 -44.19822 -75.02362 16.69973 -44.28 -63.69 17.38 -44.39546 -63.68504 16.71607
3 16 -44.19822 -75.02362 16.69973 -44.39546 -63.68504 16.71607 -44.21153 -75.02362 16.37795
3 16 -44.21153 -75.02362 16.37795 -44.39546 -63.68504 16.71607 -44.39546 -63.68504 16.03983
3 16 -44.21153 -75.02362 16.37795 -44.39546 -63.68504 16.03983 -44.19822 -75.02362 16.05618
3 16 -44.19822 -75.02362 16.05618 -44.39546 -63.68504 16.03983 -44.15233 -75.02362 15.70132
3 16 -44.15233 -75.02362 15.70132 -44.39546 -63.68504 16.03983 -44.28 -63.69 15.37
3 16 -44.15233 -75.02362 15.70132 -44.28 -63.69 15.37 -44.0923 -75.02362 15.4214
3 16 -44.0923 -75.02362 15.4214 -44.28 -63.69 15.37 -43.97654 -75.02362 15.04525
3 16 -43.97654 -75.02362 15.04525 -44.28 -63.69 15.37 -44.21081 -63.68504 15.11811
3 16 -43.97654 -75.02362 15.04525 -44.21081 -63.68504 15.11811 -43.88334 -75.02362 14.81272
3 16 -43.88334 -75.02362 14.81272 -44.21081 -63.68504 15.11811 -44.06 -63.69 14.73
3 16 -43.88334 -75.02362 14.81272 -44.06 -63.69 14.73 -43.68949 -75.02362 14.42967
3 16 -43.68949 -75.02362 14.42967 -44.06 -63.69 14.73 -43.97 -63.69 14.52
3 16 -43.68949 -75.02362 14.42967 -43.97 -63.69 14.52 -43.57704 -75.02362 14.24673
3 16 -41.64444 -63.68504 12.50532 -41.64767 -75.02362 12.71637 -42.17573 -63.68504 12.73071
3 16 -42.17573 -63.68504 12.73071 -41.64767 -75.02362 12.71637 -42.16952 -75.02362 12.95102
3 16 -42.17573 -63.68504 12.73071 -42.16952 -75.02362 12.95102 -42.26 -63.69 12.78
3 16 -42.26 -63.69 12.78 -42.16952 -75.02362 12.95102 -42.26325 -75.02362 13.00342
3 16 -42.26 -63.69 12.78 -42.26325 -75.02362 13.00342 -42.72 -63.69 13.07
3 16 -42.72 -63.69 13.07 -42.26325 -75.02362 13.00342 -42.70829 -75.02362 13.30301
3 16 -42.72 -63.69 13.07 -42.70829 -75.02362 13.30301 -42.83 -63.69 13.15
3 16 -42.83 -63.69 13.15 -42.70829 -75.02362 13.30301 -42.81963 -75.02362 13.393
3 16 -42.83 -63.69 13.15 -42.81963 -75.02362 13.393 -43.21 -63.69 13.49
3 16 -43.21 -63.69 13.49 -42.81963 -75.02362 13.393 -43.18176 -75.02362 13.73888
3 16 -43.21 -63.69 13.49 -43.18176 -75.02362 13.73888 -43.33 -63.69 13.6
3 16 -43.33 -63.69 13.6 -43.18176 -75.02362 13.73888 -43.29991 -75.02362 13.87328
3 16 -43.33 -63.69 13.6 -43.29991 -75.02362 13.87328 -43.63 -63.69 13.97
3 16 -43.63 -63.69 13.97 -43.29991 -75.02362 13.87328 -43.57704 -75.02362 14.24673
3 16 -43.63 -63.69 13.97 -43.57704 -75.02362 14.24673 -43.74 -63.69 14.14
3 16 -43.74 -63.69 14.14 -43.57704 -75.02362 14.24673 -43.97 -63.69 14.52
4 16 -40.31496 -63.68504 12.28346 -40.31496 -75.02362 12.48138 -40.99159 -75.02362 12.54058 -40.98889 -63.68504 12.33931
4 16 -40.98889 -63.68504 12.33931 -40.99159 -75.02362 12.54058 -41.58017 -75.02362 12.69251 -41.64444 -63.68504 12.50532
3 16 -41.64444 -63.68504 12.50532 -41.58017 -75.02362 12.69251 -41.64767 -75.02362 12.71637
3 16 -25.37462 -75.02362 -6.98925 -25.37462 -63.68504 -7.187166 -25.16603 -63.68504 -7.181849
3 16 -25.37462 -75.02362 -6.98925 -25.16603 -63.68504 -7.181849 -24.69799 -75.02362 -6.930053
3 16 -25.16603 -63.68504 -7.181849 -24.66 -63.69 -7.12 -24.69799 -75.02362 -6.930053
3 16 -24.69799 -75.02362 -6.930053 -24.66 -63.69 -7.12 -24.49 -63.69 -7.09
3 16 -24.69799 -75.02362 -6.930053 -24.49 -63.69 -7.09 -24.04191 -75.02362 -6.754258
3 16 -24.49 -63.69 -7.09 -23.97 -63.69 -6.94 -24.04191 -75.02362 -6.754258
3 16 -24.04191 -75.02362 -6.754258 -23.97 -63.69 -6.94 -23.83 -63.69 -6.89
3 16 -24.04191 -75.02362 -6.754258 -23.83 -63.69 -6.89 -23.42633 -75.02362 -6.467209
3 16 -23.83 -63.69 -6.89 -23.33 -63.69 -6.64 -23.42633 -75.02362 -6.467209
3 16 -23.42633 -75.02362 -6.467209 -23.33 -63.69 -6.64 -23.21991 -63.68504 -6.574355
3 16 -23.42633 -75.02362 -6.467209 -23.21991 -63.68504 -6.574355 -22.86995 -75.02362 -6.077626
3 16 -23.21991 -63.68504 -6.574355 -22.74273 -63.68504 -6.229238 -22.86995 -75.02362 -6.077626
3 16 -22.86995 -75.02362 -6.077626 -22.74273 -63.68504 -6.229238 -22.66888 -63.68504 -6.165758
4 16 -22.86995 -75.02362 -6.077626 -22.66888 -63.68504 -6.165758 -22.23806 -63.68504 -5.724564 -22.38967 -75.02362 -5.597346
3 16 -22.38967 -75.02362 -5.597346 -22.23806 -63.68504 -5.724564 -22.1938 -63.68504 -5.6709
4 16 -22.38967 -75.02362 -5.597346 -22.1938 -63.68504 -5.6709 -21.82869 -63.68504 -5.139922 -22.00009 -75.02362 -5.040964
3 16 -22.00009 -75.02362 -5.040964 -21.82869 -63.68504 -5.139922 -21.80801 -63.68504 -5.103671
4 16 -22.00009 -75.02362 -5.040964 -21.80801 -63.68504 -5.103671 -21.52706 -63.68504 -4.493075 -21.71304 -75.02362 -4.425384
4 16 -21.71304 -75.02362 -4.425384 -21.52706 -63.68504 -4.493075 -21.34234 -63.68504 -3.803678 -21.53724 -75.02362 -3.769311
4 16 -21.53724 -75.02362 -3.769311 -21.34234 -63.68504 -3.803678 -21.28034 -63.68504 -3.134414 -21.47805 -75.02362 -3.092678
3 16 -21.28034 -63.68504 -3.134414 -21.28013 -63.68504 -3.092678 -21.47805 -75.02362 -3.092678
4 16 -21.47805 -75.02362 -3.092678 -21.28013 -63.68504 -3.092678 -21.33084 -63.68504 -2.450282 -21.53724 -75.02362 -2.416045
3 16 -21.33084 -63.68504 -2.450282 -21.34234 -63.68504 -2.381678 -21.53724 -75.02362 -2.416045
3 16 -21.53724 -75.02362 -2.416045 -21.34234 -63.68504 -2.381678 -21.49484 -63.68504 -1.784181
3 16 -21.53724 -75.02362 -2.416045 -21.49484 -63.68504 -1.784181 -21.71304 -75.02362 -1.759972
3 16 -21.49484 -63.68504 -1.784181 -21.53 -63.69 -1.69 -21.71304 -75.02362 -1.759972
3 16 -21.71304 -75.02362 -1.759972 -21.53 -63.69 -1.69 -21.77 -63.69 -1.15
3 16 -21.71304 -75.02362 -1.759972 -21.77 -63.69 -1.15 -22.00009 -75.02362 -1.144392
3 16 -21.77 -63.69 -1.15 -21.83 -63.69 -1.05 -22.00009 -75.02362 -1.144392
3 16 -22.00009 -75.02362 -1.144392 -21.83 -63.69 -1.05 -22.14 -63.69 -0.58
3 16 -22.00009 -75.02362 -1.144392 -22.14 -63.69 -0.58 -22.38967 -75.02362 -0.5880095
3 16 -22.14 -63.69 -0.58 -22.24 -63.69 -0.46 -22.38967 -75.02362 -0.5880095
3 16 -22.38967 -75.02362 -0.5880095 -22.24 -63.69 -0.46 -22.61 -63.69 -0.08
3 16 -22.38967 -75.02362 -0.5880095 -22.61 -63.69 -0.08 -22.86995 -75.02362 -0.1077304
3 16 -22.61 -63.69 -0.08 -22.74 -63.69 0.04 -22.86995 -75.02362 -0.1077304
3 16 -22.86995 -75.02362 -0.1077304 -22.74 -63.69 0.04 -23.14939 -63.68504 0.3443507
3 16 -22.86995 -75.02362 -0.1077304 -23.14939 -63.68504 0.3443507 -23.42633 -75.02362 0.2818527
3 16 -23.14939 -63.68504 0.3443507 -23.32737 -63.68504 0.4532527 -23.42633 -75.02362 0.2818527
4 16 -23.42633 -75.02362 0.2818527 -23.32737 -63.68504 0.4532527 -23.97422 -63.68504 0.7548822 -24.04191 -75.02362 0.5689024
4 16 -24.04191 -75.02362 0.5689024 -23.97422 -63.68504 0.7548822 -24.66362 -63.68504 0.9396056 -24.69799 -75.02362 0.7446967
4 16 -24.69799 -75.02362 0.7446967 -24.66362 -63.68504 0.9396056 -25.37462 -63.68504 1.00181 -25.37462 -75.02362 0.8038944
3 16 -25.37462 -75.02362 0.8038944 -25.37462 -63.68504 1.00181 -25.58322 -63.68504 0.9964932
3 16 -25.37462 -75.02362 0.8038944 -25.58322 -63.68504 0.9964932 -26.05125 -75.02362 0.7446967
3 16 -25.58322 -63.68504 0.9964932 -26.09 -63.69 0.94 -26.05125 -75.02362 0.7446967
3 16 -26.05125 -75.02362 0.7446967 -26.09 -63.69 0.94 -26.26 -63.69 0.9
3 16 -26.05125 -75.02362 0.7446967 -26.26 -63.69 0.9 -26.70733 -75.02362 0.5689024
3 16 -26.26 -63.69 0.9 -26.78 -63.69 0.75 -26.70733 -75.02362 0.5689024
3 16 -26.70733 -75.02362 0.5689024 -26.78 -63.69 0.75 -26.92 -63.69 0.7
3 16 -26.70733 -75.02362 0.5689024 -26.92 -63.69 0.7 -27.32291 -75.02362 0.2818527
3 16 -26.92 -63.69 0.7 -27.42 -63.69 0.45 -27.32291 -75.02362 0.2818527
3 16 -27.32291 -75.02362 0.2818527 -27.42 -63.69 0.45 -27.52933 -63.68504 0.388999
3 16 -27.32291 -75.02362 0.2818527 -27.52933 -63.68504 0.388999 -27.87929 -75.02362 -0.1077304
3 16 -27.52933 -63.68504 0.388999 -28.00651 -63.68504 0.04388185 -27.87929 -75.02362 -0.1077304
3 16 -27.87929 -75.02362 -0.1077304 -28.00651 -63.68504 0.04388185 -28.08036 -63.68504 -0.01959818
4 16 -27.87929 -75.02362 -0.1077304 -28.08036 -63.68504 -0.01959818 -28.51118 -63.68504 -0.4607918 -28.35957 -75.02362 -0.5880095
3 16 -28.35957 -75.02362 -0.5880095 -28.51118 -63.68504 -0.4607918 -28.55544 -63.68504 -0.5144564
4 16 -28.35957 -75.02362 -0.5880095 -28.55544 -63.68504 -0.5144564 -28.92055 -63.68504 -1.045434 -28.74915 -75.02362 -1.144392
3 16 -28.74915 -75.02362 -1.144392 -28.92055 -63.68504 -1.045434 -28.94123 -63.68504 -1.081685
4 16 -28.74915 -75.02362 -1.144392 -28.94123 -63.68504 -1.081685 -29.22218 -63.68504 -1.692281 -29.0362 -75.02362 -1.759972
4 16 -29.0362 -75.02362 -1.759972 -29.22218 -63.68504 -1.692281 -29.4069 -63.68504 -2.381678 -29.21199 -75.02362 -2.416045
4 16 -29.21199 -75.02362 -2.416045 -29.4069 -63.68504 -2.381678 -29.4689 -63.68504 -3.050942 -29.27119 -75.02362 -3.092678
3 16 -29.4689 -63.68504 -3.050942 -29.46911 -63.68504 -3.092678 -29.27119 -75.02362 -3.092678
4 16 -29.27119 -75.02362 -3.092678 -29.46911 -63.68504 -3.092678 -29.4184 -63.68504 -3.735074 -29.21199 -75.02362 -3.769311
3 16 -29.4184 -63.68504 -3.735074 -29.4069 -63.68504 -3.803678 -29.21199 -75.02362 -3.769311
3 16 -29.21199 -75.02362 -3.769311 -29.4069 -63.68504 -3.803678 -29.2544 -63.68504 -4.401175
3 16 -29.21199 -75.02362 -3.769311 -29.2544 -63.68504 -4.401175 -29.0362 -75.02362 -4.425384
3 16 -29.2544 -63.68504 -4.401175 -29.22 -63.69 -4.49 -29.0362 -75.02362 -4.425384
3 16 -29.0362 -75.02362 -4.425384 -29.22 -63.69 -4.49 -28.98 -63.69 -5.03
3 16 -29.0362 -75.02362 -4.425384 -28.98 -63.69 -5.03 -28.74915 -75.02362 -5.040964
3 16 -28.98 -63.69 -5.03 -28.92 -63.69 -5.14 -28.74915 -75.02362 -5.040964
3 16 -28.74915 -75.02362 -5.040964 -28.92 -63.69 -5.14 -28.61 -63.69 -5.61
3 16 -28.74915 -75.02362 -5.040964 -28.61 -63.69 -5.61 -28.35957 -75.02362 -5.597346
3 16 -28.61 -63.69 -5.61 -28.51 -63.69 -5.72 -28.35957 -75.02362 -5.597346
3 16 -28.35957 -75.02362 -5.597346 -28.51 -63.69 -5.72 -28.14 -63.69 -6.11
3 16 -28.35957 -75.02362 -5.597346 -28.14 -63.69 -6.11 -27.87929 -75.02362 -6.077626
3 16 -28.14 -63.69 -6.11 -28.01 -63.69 -6.23 -27.87929 -75.02362 -6.077626
3 16 -27.87929 -75.02362 -6.077626 -28.01 -63.69 -6.23 -27.59985 -63.68504 -6.529707
3 16 -27.87929 -75.02362 -6.077626 -27.59985 -63.68504 -6.529707 -27.32291 -75.02362 -6.467209
3 16 -27.59985 -63.68504 -6.529707 -27.42186 -63.68504 -6.638609 -27.32291 -75.02362 -6.467209
4 16 -27.32291 -75.02362 -6.467209 -27.42186 -63.68504 -6.638609 -26.77502 -63.68504 -6.940238 -26.70733 -75.02362 -6.754258
4 16 -26.70733 -75.02362 -6.754258 -26.77502 -63.68504 -6.940238 -26.08562 -63.68504 -7.124962 -26.05125 -75.02362 -6.930053
4 16 -26.05125 -75.02362 -6.930053 -26.08562 -63.68504 -7.124962 -25.37462 -63.68504 -7.187166 -25.37462 -75.02362 -6.98925
4 16 37.87033 -58.64567 -17.79602 37.87033 -63.68504 -17.79602 38.34711 -63.68504 -17.75508 38.34711 -58.64567 -17.75508
4 16 38.34711 -58.64567 -17.75508 38.34711 -63.68504 -17.75508 38.80993 -63.68504 -17.63347 38.80993 -58.64567 -17.63347
4 16 38.80993 -58.64567 -17.63347 38.80993 -63.68504 -17.63347 39.24524 -63.68504 -17.43473 39.24524 -58.64567 -17.43473
4 16 -39.24524 -58.64567 -17.43473 -39.24524 -63.68504 -17.43473 -38.80993 -63.68504 -17.63347 -38.80993 -58.64567 -17.63347
4 16 -38.80993 -58.64567 -17.63347 -38.80993 -63.68504 -17.63347 -38.34711 -63.68504 -17.75508 -38.34711 -58.64567 -17.75508
4 16 -38.34711 -58.64567 -17.75508 -38.34711 -63.68504 -17.75508 -37.87033 -63.68504 -17.79602 -37.87033 -58.64567 -17.79602
4 16 -37.87033 -58.64567 -17.79602 -37.87033 -63.68504 -17.79602 -37.44119 -63.68504 -17.7629 -37.44119 -58.64567 -17.7629
4 16 -37.44119 -58.64567 -17.7629 -37.44119 -63.68504 -17.7629 -37.02222 -63.68504 -17.66433 -37.02222 -58.64567 -17.66433
4 16 -37.02222 -58.64567 -17.66433 -37.02222 -63.68504 -17.66433 -36.62333 -63.68504 -17.50264 -36.62333 -58.64567 -17.50264
4 16 -36.62333 -58.64567 -17.50264 -36.62333 -63.68504 -17.50264 -36.25397 -63.68504 -17.28166 -36.25397 -58.64567 -17.28166
4 16 -29.52119 -58.64567 -20.12645 -29.52119 -63.68504 -20.12645 -29.30774 -63.68504 -20.52379 -29.30774 -58.64567 -20.52379
4 16 -29.30774 -58.64567 -20.52379 -29.30774 -63.68504 -20.52379 -29.0332 -63.68504 -20.88165 -29.0332 -58.64567 -20.88165
4 16 -29.0332 -58.64567 -20.88165 -29.0332 -63.68504 -20.88165 -28.7047 -63.68504 -21.19072 -28.7047 -58.64567 -21.19072
4 16 -28.7047 -58.64567 -21.19072 -28.7047 -63.68504 -21.19072 -28.33079 -63.68504 -21.44297 -28.33079 -58.64567 -21.44297
4 16 -28.33079 -58.64567 -21.44297 -28.33079 -63.68504 -21.44297 -27.9212 -63.68504 -21.63184 -27.9212 -58.64567 -21.63184
4 16 -27.9212 -58.64567 -21.63184 -27.9212 -63.68504 -21.63184 -27.48658 -63.68504 -21.75241 -27.48658 -58.64567 -21.75241
4 16 27.48658 -58.64567 -21.75241 27.48658 -63.68504 -21.75241 27.9212 -63.68504 -21.63184 27.9212 -58.64567 -21.63184
4 16 27.9212 -58.64567 -21.63184 27.9212 -63.68504 -21.63184 28.33079 -63.68504 -21.44297 28.33079 -58.64567 -21.44297
4 16 28.33079 -58.64567 -21.44297 28.33079 -63.68504 -21.44297 28.7047 -63.68504 -21.19072 28.7047 -58.64567 -21.19072
4 16 28.7047 -58.64567 -21.19072 28.7047 -63.68504 -21.19072 29.0332 -63.68504 -20.88165 29.0332 -58.64567 -20.88165
4 16 29.0332 -58.64567 -20.88165 29.0332 -63.68504 -20.88165 29.30774 -63.68504 -20.52379 29.30774 -58.64567 -20.52379
4 16 29.30774 -58.64567 -20.52379 29.30774 -63.68504 -20.52379 29.52119 -63.68504 -20.12645 29.52119 -58.64567 -20.12645
4 16 36.25397 -58.64567 -17.28166 36.25397 -63.68504 -17.28166 36.62333 -63.68504 -17.50264 36.62333 -58.64567 -17.50264
4 16 36.62333 -58.64567 -17.50264 36.62333 -63.68504 -17.50264 37.02222 -63.68504 -17.66433 37.02222 -58.64567 -17.66433
4 16 37.02222 -58.64567 -17.66433 37.02222 -63.68504 -17.66433 37.44119 -63.68504 -17.7629 37.44119 -58.64567 -17.7629
4 16 37.44119 -58.64567 -17.7629 37.44119 -63.68504 -17.7629 37.87033 -63.68504 -17.79602 37.87033 -58.64567 -17.79602
3 16 -25.16603 -63.68504 39.93775 -24.66 -63.69 39.88 -25.16603 -55.62204 39.93775
2 24 -25.16603 -55.62204 39.93775 -25.16603 -63.68504 39.93775
3 16 -25.16603 -55.62204 39.93775 -24.66 -63.69 39.88 -24.48626 -55.62204 39.84554
3 16 -24.66 -63.69 39.88 -24.49 -63.69 39.85 -24.48626 -55.62204 39.84554
3 16 -24.48626 -55.62204 39.84554 -24.49 -63.69 39.85 -23.97 -63.69 39.7
3 16 -24.48626 -55.62204 39.84554 -23.97 -63.69 39.7 -23.83143 -55.62204 39.64113
3 16 -23.97 -63.69 39.7 -23.83 -63.69 39.64 -23.83143 -55.62204 39.64113
3 16 -23.83143 -55.62204 39.64113 -23.83 -63.69 39.64 -23.33 -63.69 39.39
3 16 -23.83143 -55.62204 39.64113 -23.33 -63.69 39.39 -23.21991 -55.62204 39.33026
3 16 -23.33 -63.69 39.39 -23.21991 -63.68504 39.33026 -23.21991 -55.62204 39.33026
4 16 -23.21991 -55.62204 39.33026 -23.21991 -63.68504 39.33026 -22.74273 -63.68504 38.98514 -22.66888 -55.62204 38.92166
3 16 -22.74273 -63.68504 38.98514 -22.66888 -63.68504 38.92166 -22.66888 -55.62204 38.92166
4 16 -22.66888 -55.62204 38.92166 -22.66888 -63.68504 38.92166 -22.23806 -63.68504 38.48047 -22.1938 -55.62204 38.42681
3 16 -22.23806 -63.68504 38.48047 -22.1938 -63.68504 38.42681 -22.1938 -55.62204 38.42681
4 16 -22.1938 -55.62204 38.42681 -22.1938 -63.68504 38.42681 -21.82869 -63.68504 37.89583 -21.80801 -55.62204 37.85958
3 16 -21.82869 -63.68504 37.89583 -21.80801 -63.68504 37.85958 -21.80801 -55.62204 37.85958
4 16 -21.80801 -55.62204 37.85958 -21.80801 -63.68504 37.85958 -21.52706 -63.68504 37.24898 -21.52232 -55.62204 37.2359
4 16 -21.52232 -55.62204 37.2359 -21.52706 -63.68504 37.24898 -21.34234 -63.68504 36.55958 -21.34478 -55.62204 36.57328
4 16 -21.34478 -55.62204 36.57328 -21.34234 -63.68504 36.55958 -21.28034 -63.68504 35.89032 -21.28034 -55.62204 35.89032
3 16 -21.28034 -55.62204 35.89032 -21.28034 -63.68504 35.89032 -21.28013 -63.68504 35.84858
4 16 -21.28034 -55.62204 35.89032 -21.28013 -63.68504 35.84858 -21.33084 -63.68504 35.20619 -21.33084 -55.62204 35.20619
3 16 -21.33084 -55.62204 35.20619 -21.33084 -63.68504 35.20619 -21.34234 -63.68504 35.13758
4 16 -21.33084 -55.62204 35.20619 -21.34234 -63.68504 35.13758 -21.49484 -63.68504 34.54009 -21.49484 -55.62204 34.54009
3 16 -21.49484 -55.62204 34.54009 -21.49484 -63.68504 34.54009 -21.53 -63.69 34.45
3 16 -21.49484 -55.62204 34.54009 -21.53 -63.69 34.45 -21.76775 -55.62204 33.91071
3 16 -21.53 -63.69 34.45 -21.77 -63.69 33.91 -21.76775 -55.62204 33.91071
3 16 -21.76775 -55.62204 33.91071 -21.77 -63.69 33.91 -21.83 -63.69 33.8
3 16 -21.76775 -55.62204 33.91071 -21.83 -63.69 33.8 -22.1419 -55.62204 33.33574
3 16 -21.83 -63.69 33.8 -22.14 -63.69 33.34 -22.1419 -55.62204 33.33574
3 16 -22.1419 -55.62204 33.33574 -22.14 -63.69 33.34 -22.24 -63.69 33.22
3 16 -22.1419 -55.62204 33.33574 -22.24 -63.69 33.22 -22.6068 -55.62204 32.8313
3 16 -23.14939 -63.68504 32.41155 -23.14939 -55.62204 32.41155 -22.74 -63.69 32.71
2 24 -23.14939 -63.68504 32.41155 -23.14939 -55.62204 32.41155
3 16 -22.74 -63.69 32.71 -23.14939 -55.62204 32.41155 -22.6068 -55.62204 32.8313
3 16 -22.74 -63.69 32.71 -22.6068 -55.62204 32.8313 -22.61 -63.69 32.83
3 16 -22.61 -63.69 32.83 -22.6068 -55.62204 32.8313 -22.24 -63.69 33.22
3 16 -25.58322 -63.68504 31.75941 -26.09 -63.69 31.82 -25.58322 -55.62204 31.75941
2 24 -25.58322 -55.62204 31.75941 -25.58322 -63.68504 31.75941
3 16 -25.58322 -55.62204 31.75941 -26.09 -63.69 31.82 -26.26298 -55.62204 31.85163
3 16 -26.09 -63.69 31.82 -26.26 -63.69 31.85 -26.26298 -55.62204 31.85163
3 16 -26.26298 -55.62204 31.85163 -26.26 -63.69 31.85 -26.78 -63.69 32
3 16 -26.26298 -55.62204 31.85163 -26.78 -63.69 32 -26.91781 -55.62204 32.05604
3 16 -26.78 -63.69 32 -26.92 -63.69 32.06 -26.91781 -55.62204 32.05604
3 16 -26.91781 -55.62204 32.05604 -26.92 -63.69 32.06 -27.42 -63.69 32.3
3 16 -26.91781 -55.62204 32.05604 -27.42 -63.69 32.3 -27.52933 -55.62204 32.36691
3 16 -27.42 -63.69 32.3 -27.52933 -63.68504 32.36691 -27.52933 -55.62204 32.36691
4 16 -27.52933 -55.62204 32.36691 -27.52933 -63.68504 32.36691 -28.00651 -63.68504 32.71202 -28.08036 -55.62204 32.7755
3 16 -28.00651 -63.68504 32.71202 -28.08036 -63.68504 32.7755 -28.08036 -55.62204 32.7755
4 16 -28.08036 -55.62204 32.7755 -28.08036 -63.68504 32.7755 -28.51118 -63.68504 33.2167 -28.55544 -55.62204 33.27036
3 16 -28.51118 -63.68504 33.2167 -28.55544 -63.68504 33.27036 -28.55544 -55.62204 33.27036
4 16 -28.55544 -55.62204 33.27036 -28.55544 -63.68504 33.27036 -28.92055 -63.68504 33.80134 -28.94123 -55.62204 33.83759
3 16 -28.92055 -63.68504 33.80134 -28.94123 -63.68504 33.83759 -28.94123 -55.62204 33.83759
4 16 -28.94123 -55.62204 33.83759 -28.94123 -63.68504 33.83759 -29.22218 -63.68504 34.44818 -29.22692 -55.62204 34.46127
4 16 -29.22692 -55.62204 34.46127 -29.22218 -63.68504 34.44818 -29.4069 -63.68504 35.13758 -29.40447 -55.62204 35.12388
4 16 -29.40447 -55.62204 35.12388 -29.4069 -63.68504 35.13758 -29.4689 -63.68504 35.80685 -29.4689 -55.62204 35.80685
3 16 -29.4689 -55.62204 35.80685 -29.4689 -63.68504 35.80685 -29.46911 -63.68504 35.84858
4 16 -29.4689 -55.62204 35.80685 -29.46911 -63.68504 35.84858 -29.4184 -63.68504 36.49098 -29.4184 -55.62204 36.49098
3 16 -29.4184 -55.62204 36.49098 -29.4184 -63.68504 36.49098 -29.4069 -63.68504 36.55958
4 16 -29.4184 -55.62204 36.49098 -29.4069 -63.68504 36.55958 -29.2544 -63.68504 37.15708 -29.2544 -55.62204 37.15708
3 16 -29.2544 -55.62204 37.15708 -29.2544 -63.68504 37.15708 -29.22 -63.69 37.25
3 16 -29.2544 -55.62204 37.15708 -29.22 -63.69 37.25 -28.98149 -55.62204 37.78645
3 16 -29.22 -63.69 37.25 -28.98 -63.69 37.79 -28.98149 -55.62204 37.78645
3 16 -28.98149 -55.62204 37.78645 -28.98 -63.69 37.79 -28.92 -63.69 37.9
3 16 -28.98149 -55.62204 37.78645 -28.92 -63.69 37.9 -28.60733 -55.62204 38.36143
3 16 -28.92 -63.69 37.9 -28.61 -63.69 38.36 -28.60733 -55.62204 38.36143
3 16 -28.60733 -55.62204 38.36143 -28.61 -63.69 38.36 -28.51 -63.69 38.48
3 16 -28.60733 -55.62204 38.36143 -28.51 -63.69 38.48 -28.14244 -55.62204 38.86587
3 16 -27.59985 -63.68504 39.28561 -27.59985 -55.62204 39.28561 -28.01 -63.69 38.99
2 24 -27.59985 -63.68504 39.28561 -27.59985 -55.62204 39.28561
3 16 -28.01 -63.69 38.99 -27.59985 -55.62204 39.28561 -28.14244 -55.62204 38.86587
3 16 -28.01 -63.69 38.99 -28.14244 -55.62204 38.86587 -28.14 -63.69 38.87
3 16 -28.14 -63.69 38.87 -28.14244 -55.62204 38.86587 -28.51 -63.69 38.48
4 16 -36.41911 -55.62204 17.63779 -36.41911 -63.68504 17.63779 -33.3257 -63.68504 17.63779 -33.3257 -55.62204 17.63779
2 24 -36.41911 -55.62204 17.63779 -36.41911 -63.68504 17.63779
2 24 -33.3257 -63.68504 17.63779 -33.3257 -55.62204 17.63779
3 16 -44.21081 -63.68504 17.63779 -44.06 -63.69 18.02 -44.21081 -55.62204 17.63779
2 24 -44.21081 -55.62204 17.63779 -44.21081 -63.68504 17.63779
3 16 -44.21081 -55.62204 17.63779 -44.06 -63.69 18.02 -43.9458 -55.62204 18.27053
3 16 -44.06 -63.69 18.02 -43.95 -63.69 18.27 -43.9458 -55.62204 18.27053
3 16 -43.9458 -55.62204 18.27053 -43.95 -63.69 18.27 -43.74 -63.69 18.62
3 16 -43.9458 -55.62204 18.27053 -43.74 -63.69 18.62 -43.57887 -55.62204 18.85014
3 16 -43.74 -63.69 18.62 -43.58 -63.69 18.85 -43.57887 -55.62204 18.85014
3 16 -43.57887 -55.62204 18.85014 -43.58 -63.69 18.85 -43.33 -63.69 19.15
3 16 -43.57887 -55.62204 18.85014 -43.33 -63.69 19.15 -43.12032 -55.62204 19.36036
3 16 -43.33 -63.69 19.15 -43.12 -63.69 19.36 -43.12032 -55.62204 19.36036
3 16 -43.12032 -55.62204 19.36036 -43.12 -63.69 19.36 -42.83 -63.69 19.61
3 16 -43.12032 -55.62204 19.36036 -42.83 -63.69 19.61 -42.58303 -55.62204 19.78686
3 16 -42.83 -63.69 19.61 -42.58 -63.69 19.79 -42.58303 -55.62204 19.78686
3 16 -42.58303 -55.62204 19.78686 -42.58 -63.69 19.79 -42.26 -63.69 19.98
3 16 -42.58303 -55.62204 19.78686 -42.26 -63.69 19.98 -41.98207 -55.62204 20.11768
3 16 -42.26 -63.69 19.98 -41.98 -63.69 20.12 -41.98207 -55.62204 20.11768
3 16 -41.98207 -55.62204 20.11768 -41.98 -63.69 20.12 -41.64 -63.69 20.25
3 16 -41.98207 -55.62204 20.11768 -41.64 -63.69 20.25 -41.33432 -55.62204 20.34352
3 16 -41.64 -63.69 20.25 -41.33 -63.69 20.34 -41.33432 -55.62204 20.34352
3 16 -41.33432 -55.62204 20.34352 -41.33 -63.69 20.34 -40.99 -63.69 20.42
3 16 -41.33432 -55.62204 20.34352 -40.99 -63.69 20.42 -40.66 -55.62 20.46
3 16 -40.99 -63.69 20.42 -40.66 -63.69 20.46 -40.66 -55.62 20.46
3 16 -40.66 -55.62 20.46 -40.66 -63.69 20.46 -40.31 -63.69 20.47
3 16 -40.66 -55.62 20.46 -40.31 -63.69 20.47 -39.97 -55.62 20.46
3 16 -40.31 -63.69 20.47 -39.97 -63.69 20.46 -39.97 -55.62 20.46
3 16 -39.97 -55.62 20.46 -39.97 -63.69 20.46 -39.6 -63.69 20.41
3 16 -39.97 -55.62 20.46 -39.6 -63.69 20.41 -39.2956 -55.62204 20.34352
3 16 -39.6 -63.69 20.41 -39.3 -63.69 20.34 -39.2956 -55.62204 20.34352
3 16 -39.2956 -55.62204 20.34352 -39.3 -63.69 20.34 -38.91 -63.69 20.23
3 16 -39.2956 -55.62204 20.34352 -38.91 -63.69 20.23 -38.64785 -55.62204 20.11768
3 16 -38.91 -63.69 20.23 -38.65 -63.69 20.12 -38.64785 -55.62204 20.11768
3 16 -38.64785 -55.62204 20.11768 -38.65 -63.69 20.12 -38.27 -63.69 19.92
3 16 -38.64785 -55.62204 20.11768 -38.27 -63.69 19.92 -38.05 -55.62 19.79
3 16 -38.27 -63.69 19.92 -38.05 -63.69 19.79 -38.05 -55.62 19.79
3 16 -38.05 -55.62 19.79 -38.05 -63.69 19.79 -37.68 -63.69 19.51
3 16 -38.05 -55.62 19.79 -37.68 -63.69 19.51 -37.5096 -55.62204 19.36036
3 16 -37.68 -63.69 19.51 -37.51 -63.69 19.36 -37.5096 -55.62204 19.36036
3 16 -37.5096 -55.62204 19.36036 -37.51 -63.69 19.36 -37.18 -63.69 19.01
3 16 -37.5096 -55.62204 19.36036 -37.18 -63.69 19.01 -37.05105 -55.62204 18.85014
3 16 -37.18 -63.69 19.01 -37.05 -63.69 18.85 -37.05105 -55.62204 18.85014
3 16 -37.05105 -55.62204 18.85014 -37.05 -63.69 18.85 -36.77 -63.69 18.43
3 16 -37.05105 -55.62204 18.85014 -36.77 -63.69 18.43 -36.68412 -55.62204 18.27053
3 16 -36.68412 -55.62204 18.27053 -36.77 -63.69 18.43 -36.68 -63.69 18.27
3 16 -36.68412 -55.62204 18.27053 -36.68 -63.69 18.27 -36.41911 -55.62204 17.63779
3 16 -36.41911 -55.62204 17.63779 -36.68 -63.69 18.27 -36.47 -63.69 17.78
3 16 -36.41911 -55.62204 17.63779 -36.47 -63.69 17.78 -36.41911 -63.68504 17.63779
3 16 -36.41911 -55.62204 15.11811 -36.41911 -63.68504 15.11811 -36.47 -63.69 14.98
2 24 -36.41911 -55.62204 15.11811 -36.41911 -63.68504 15.11811
3 16 -36.41911 -55.62204 15.11811 -36.47 -63.69 14.98 -36.66448 -55.62204 14.52354
3 16 -36.47 -63.69 14.98 -36.66 -63.69 14.52 -36.66448 -55.62204 14.52354
3 16 -36.66448 -55.62204 14.52354 -36.66 -63.69 14.52 -36.77 -63.69 14.33
3 16 -36.66448 -55.62204 14.52354 -36.77 -63.69 14.33 -36.99994 -55.62204 13.97473
3 16 -36.77 -63.69 14.33 -37 -63.69 13.97 -36.99994 -55.62204 13.97473
3 16 -36.99994 -55.62204 13.97473 -37 -63.69 13.97 -37.18 -63.69 13.75
3 16 -36.99994 -55.62204 13.97473 -37.18 -63.69 13.75 -37.4172 -55.62204 13.48523
3 16 -37.18 -63.69 13.75 -37.42 -63.69 13.49 -37.4172 -55.62204 13.48523
3 16 -37.4172 -55.62204 13.48523 -37.42 -63.69 13.49 -37.68 -63.69 13.24
3 16 -37.4172 -55.62204 13.48523 -37.68 -63.69 13.24 -37.91 -55.62 13.07
3 16 -37.68 -63.69 13.24 -37.91 -63.69 13.07 -37.91 -55.62 13.07
3 16 -37.91 -55.62 13.07 -37.91 -63.69 13.07 -38.27 -63.69 12.83
3 16 -37.91 -55.62 13.07 -38.27 -63.69 12.83 -38.4542 -55.62204 12.73071
3 16 -38.27 -63.69 12.83 -38.45 -63.69 12.73 -38.4542 -55.62204 12.73071
3 16 -38.4542 -55.62204 12.73071 -38.45 -63.69 12.73 -38.91456 -63.68504 12.53039
3 16 -38.4542 -55.62204 12.73071 -38.91456 -63.68504 12.53039 -39.04834 -55.62204 12.4843
3 16 -38.91456 -63.68504 12.53039 -39.04834 -63.68504 12.4843 -39.04834 -55.62204 12.4843
4 16 -39.04834 -55.62204 12.4843 -39.04834 -63.68504 12.4843 -39.60396 -63.68504 12.34567 -39.67374 -55.62204 12.33399
4 16 -39.67374 -55.62204 12.33399 -39.60396 -63.68504 12.34567 -40.31496 -63.68504 12.28346 -40.31496 -55.62204 12.28346
4 16 -40.31496 -55.62204 12.28346 -40.31496 -63.68504 12.28346 -40.98889 -63.68504 12.33931 -40.95618 -55.62204 12.33399
3 16 -40.95618 -55.62204 12.33399 -40.98889 -63.68504 12.33931 -41.64444 -63.68504 12.50532
3 16 -40.95618 -55.62204 12.33399 -41.64444 -63.68504 12.50532 -41.58158 -55.62204 12.4843
4 16 -41.58158 -55.62204 12.4843 -41.64444 -63.68504 12.50532 -42.17573 -63.68504 12.73071 -42.17573 -55.62204 12.73071
3 16 -42.17573 -55.62204 12.73071 -42.17573 -63.68504 12.73071 -42.26 -63.69 12.78
3 16 -42.17573 -55.62204 12.73071 -42.26 -63.69 12.78 -42.72395 -55.62204 13.06712
3 16 -42.26 -63.69 12.78 -42.72 -63.69 13.07 -42.72395 -55.62204 13.06712
3 16 -42.72395 -55.62204 13.06712 -42.72 -63.69 13.07 -42.83 -63.69 13.15
3 16 -42.72395 -55.62204 13.06712 -42.83 -63.69 13.15 -43.21 -55.62 13.49
3 16 -42.83 -63.69 13.15 -43.21 -63.69 13.49 -43.21 -55.62 13.49
3 16 -43.21 -55.62 13.49 -43.21 -63.69 13.49 -43.33 -63.69 13.6
3 16 -43.21 -55.62 13.49 -43.33 -63.69 13.6 -43.62998 -55.62204 13.97473
3 16 -43.33 -63.69 13.6 -43.63 -63.69 13.97 -43.62998 -55.62204 13.97473
3 16 -43.62998 -55.62204 13.97473 -43.63 -63.69 13.97 -43.74 -63.69 14.14
3 16 -43.62998 -55.62204 13.97473 -43.74 -63.69 14.14 -43.96544 -55.62204 14.52354
3 16 -44.21081 -63.68504 15.11811 -44.21081 -55.62204 15.11811 -44.06 -63.69 14.73
2 24 -44.21081 -63.68504 15.11811 -44.21081 -55.62204 15.11811
3 16 -44.06 -63.69 14.73 -44.21081 -55.62204 15.11811 -43.96544 -55.62204 14.52354
3 16 -44.06 -63.69 14.73 -43.96544 -55.62204 14.52354 -43.97 -63.69 14.52
3 16 -43.97 -63.69 14.52 -43.96544 -55.62204 14.52354 -43.74 -63.69 14.14
4 16 -33.3257 -55.62204 15.11811 -33.3257 -63.68504 15.11811 -36.41911 -63.68504 15.11811 -36.41911 -55.62204 15.11811
2 24 -33.3257 -55.62204 15.11811 -33.3257 -63.68504 15.11811
4 16 -25.16603 -55.62204 -7.181849 -25.16603 -63.68504 -7.181849 -25.92121 -63.68504 -10.00022 -25.92121 -55.62204 -10.00022
2 24 -25.16603 -55.62204 -7.181849 -25.16603 -63.68504 -7.181849
2 24 -25.92121 -63.68504 -10.00022 -25.92121 -55.62204 -10.00022
3 16 -23.14939 -63.68504 0.3443507 -22.74 -63.69 0.04 -23.14939 -55.62204 0.3443507
2 24 -23.14939 -55.62204 0.3443507 -23.14939 -63.68504 0.3443507
3 16 -23.14939 -55.62204 0.3443507 -22.74 -63.69 0.04 -22.6068 -55.62204 -0.07539464
3 16 -22.74 -63.69 0.04 -22.61 -63.69 -0.08 -22.6068 -55.62204 -0.07539464
3 16 -22.6068 -55.62204 -0.07539464 -22.61 -63.69 -0.08 -22.24 -63.69 -0.46
3 16 -22.6068 -55.62204 -0.07539464 -22.24 -63.69 -0.46 -22.1419 -55.62204 -0.5798348
3 16 -22.24 -63.69 -0.46 -22.14 -63.69 -0.58 -22.1419 -55.62204 -0.5798348
3 16 -22.1419 -55.62204 -0.5798348 -22.14 -63.69 -0.58 -21.83 -63.69 -1.05
3 16 -22.1419 -55.62204 -0.5798348 -21.83 -63.69 -1.05 -21.76775 -55.62204 -1.15481
3 16 -21.83 -63.69 -1.05 -21.77 -63.69 -1.15 -21.76775 -55.62204 -1.15481
3 16 -21.76775 -55.62204 -1.15481 -21.77 -63.69 -1.15 -21.53 -63.69 -1.69
3 16 -21.76775 -55.62204 -1.15481 -21.53 -63.69 -1.69 -21.49484 -55.62204 -1.784181
3 16 -21.53 -63.69 -1.69 -21.49484 -63.68504 -1.784181 -21.49484 -55.62204 -1.784181
4 16 -21.49484 -55.62204 -1.784181 -21.49484 -63.68504 -1.784181 -21.34234 -63.68504 -2.381678 -21.33084 -55.62204 -2.450282
3 16 -21.34234 -63.68504 -2.381678 -21.33084 -63.68504 -2.450282 -21.33084 -55.62204 -2.450282
4 16 -21.33084 -55.62204 -2.450282 -21.33084 -63.68504 -2.450282 -21.28013 -63.68504 -3.092678 -21.28034 -55.62204 -3.134414
3 16 -21.28013 -63.68504 -3.092678 -21.28034 -63.68504 -3.134414 -21.28034 -55.62204 -3.134414
4 16 -21.28034 -55.62204 -3.134414 -21.28034 -63.68504 -3.134414 -21.34234 -63.68504 -3.803678 -21.34478 -55.62204 -3.817375
4 16 -21.34478 -55.62204 -3.817375 -21.34234 -63.68504 -3.803678 -21.52706 -63.68504 -4.493075 -21.52232 -55.62204 -4.479994
4 16 -21.52232 -55.62204 -4.479994 -21.52706 -63.68504 -4.493075 -21.80801 -63.68504 -5.103671 -21.80801 -55.62204 -5.103671
3 16 -21.80801 -55.62204 -5.103671 -21.80801 -63.68504 -5.103671 -21.82869 -63.68504 -5.139922
4 16 -21.80801 -55.62204 -5.103671 -21.82869 -63.68504 -5.139922 -22.1938 -63.68504 -5.6709 -22.1938 -55.62204 -5.6709
3 16 -22.1938 -55.62204 -5.6709 -22.1938 -63.68504 -5.6709 -22.23806 -63.68504 -5.724564
4 16 -22.1938 -55.62204 -5.6709 -22.23806 -63.68504 -5.724564 -22.66888 -63.68504 -6.165758 -22.66888 -55.62204 -6.165758
3 16 -22.66888 -55.62204 -6.165758 -22.66888 -63.68504 -6.165758 -22.74273 -63.68504 -6.229238
4 16 -22.66888 -55.62204 -6.165758 -22.74273 -63.68504 -6.229238 -23.21991 -63.68504 -6.574355 -23.21991 -55.62204 -6.574355
3 16 -23.21991 -55.62204 -6.574355 -23.21991 -63.68504 -6.574355 -23.33 -63.69 -6.64
3 16 -23.21991 -55.62204 -6.574355 -23.33 -63.69 -6.64 -23.83143 -55.62204 -6.885222
3 16 -23.33 -63.69 -6.64 -23.83 -63.69 -6.89 -23.83143 -55.62204 -6.885222
3 16 -23.83143 -55.62204 -6.885222 -23.83 -63.69 -6.89 -23.97 -63.69 -6.94
3 16 -23.83143 -55.62204 -6.885222 -23.97 -63.69 -6.94 -24.48626 -55.62204 -7.089633
3 16 -25.16603 -63.68504 -7.181849 -25.16603 -55.62204 -7.181849 -24.66 -63.69 -7.12
3 16 -24.66 -63.69 -7.12 -25.16603 -55.62204 -7.181849 -24.48626 -55.62204 -7.089633
3 16 -24.66 -63.69 -7.12 -24.48626 -55.62204 -7.089633 -24.49 -63.69 -7.09
3 16 -24.49 -63.69 -7.09 -24.48626 -55.62204 -7.089633 -23.97 -63.69 -6.94
3 16 -27.59985 -63.68504 -6.529707 -28.01 -63.69 -6.23 -27.59985 -55.62204 -6.529707
2 24 -27.59985 -55.62204 -6.529707 -27.59985 -63.68504 -6.529707
3 16 -27.59985 -55.62204 -6.529707 -28.01 -63.69 -6.23 -28.14244 -55.62204 -6.109961
3 16 -28.01 -63.69 -6.23 -28.14 -63.69 -6.11 -28.14244 -55.62204 -6.109961
3 16 -28.14244 -55.62204 -6.109961 -28.14 -63.69 -6.11 -28.51 -63.69 -5.72
3 16 -28.14244 -55.62204 -6.109961 -28.51 -63.69 -5.72 -28.61 -55.62 -5.61
3 16 -28.51 -63.69 -5.72 -28.61 -63.69 -5.61 -28.61 -55.62 -5.61
3 16 -28.61 -55.62 -5.61 -28.61 -63.69 -5.61 -28.92 -63.69 -5.14
3 16 -28.61 -55.62 -5.61 -28.92 -63.69 -5.14 -28.98149 -55.62204 -5.030546
3 16 -28.92 -63.69 -5.14 -28.98 -63.69 -5.03 -28.98149 -55.62204 -5.030546
3 16 -28.98149 -55.62204 -5.030546 -28.98 -63.69 -5.03 -29.22 -63.69 -4.49
3 16 -28.98149 -55.62204 -5.030546 -29.22 -63.69 -4.49 -29.2544 -55.62204 -4.401175
3 16 -29.22 -63.69 -4.49 -29.2544 -63.68504 -4.401175 -29.2544 -55.62204 -4.401175
4 16 -29.2544 -55.62204 -4.401175 -29.2544 -63.68504 -4.401175 -29.4069 -63.68504 -3.803678 -29.4184 -55.62204 -3.735074
3 16 -29.4069 -63.68504 -3.803678 -29.4184 -63.68504 -3.735074 -29.4184 -55.62204 -3.735074
4 16 -29.4184 -55.62204 -3.735074 -29.4184 -63.68504 -3.735074 -29.46911 -63.68504 -3.092678 -29.4689 -55.62204 -3.050942
3 16 -29.46911 -63.68504 -3.092678 -29.4689 -63.68504 -3.050942 -29.4689 -55.62204 -3.050942
4 16 -29.4689 -55.62204 -3.050942 -29.4689 -63.68504 -3.050942 -29.4069 -63.68504 -2.381678 -29.40447 -55.62204 -2.367981
4 16 -29.40447 -55.62204 -2.367981 -29.4069 -63.68504 -2.381678 -29.22218 -63.68504 -1.692281 -29.22692 -55.62204 -1.705362
4 16 -29.22692 -55.62204 -1.705362 -29.22218 -63.68504 -1.692281 -28.94123 -63.68504 -1.081685 -28.94123 -55.62204 -1.081685
3 16 -28.94123 -55.62204 -1.081685 -28.94123 -63.68504 -1.081685 -28.92055 -63.68504 -1.045434
4 16 -28.94123 -55.62204 -1.081685 -28.92055 -63.68504 -1.045434 -28.55544 -63.68504 -0.5144564 -28.55544 -55.62204 -0.5144564
3 16 -28.55544 -55.62204 -0.5144564 -28.55544 -63.68504 -0.5144564 -28.51118 -63.68504 -0.4607918
4 16 -28.55544 -55.62204 -0.5144564 -28.51118 -63.68504 -0.4607918 -28.08036 -63.68504 -0.01959818 -28.08036 -55.62204 -0.01959818
3 16 -28.08036 -55.62204 -0.01959818 -28.08036 -63.68504 -0.01959818 -28.00651 -63.68504 0.04388185
4 16 -28.08036 -55.62204 -0.01959818 -28.00651 -63.68504 0.04388185 -27.52933 -63.68504 0.388999 -27.52933 -55.62204 0.388999
3 16 -27.52933 -55.62204 0.388999 -27.52933 -63.68504 0.388999 -27.42 -63.69 0.45
3 16 -27.52933 -55.62204 0.388999 -27.42 -63.69 0.45 -26.91781 -55.62204 0.699866
3 16 -27.42 -63.69 0.45 -26.92 -63.69 0.7 -26.91781 -55.62204 0.699866
3 16 -26.91781 -55.62204 0.699866 -26.92 -63.69 0.7 -26.78 -63.69 0.75
3 16 -26.91781 -55.62204 0.699866 -26.78 -63.69 0.75 -26.26298 -55.62204 0.9042766
3 16 -25.58322 -63.68504 0.9964932 -25.58322 -55.62204 0.9964932 -26.09 -63.69 0.94
2 24 -25.58322 -63.68504 0.9964932 -25.58322 -55.62204 0.9964932
3 16 -26.09 -63.69 0.94 -25.58322 -55.62204 0.9964932 -26.26298 -55.62204 0.9042766
3 16 -26.09 -63.69 0.94 -26.26298 -55.62204 0.9042766 -26.26 -63.69 0.9
3 16 -26.26 -63.69 0.9 -26.26298 -55.62204 0.9042766 -26.78 -63.69 0.75
4 16 -20.15748 -73.76378 11.11181 -20.15748 -63.68504 11.11181 -21.07194 -63.68504 11.19182 -21.07194 -73.76378 11.19182
4 16 -21.07194 -73.76378 11.19182 -21.07194 -63.68504 11.19182 -21.95861 -63.68504 11.4294 -21.95861 -73.76378 11.4294
4 16 -21.95861 -73.76378 11.4294 -21.95861 -63.68504 11.4294 -22.79055 -63.68504 11.81734 -22.79055 -73.76378 11.81734
4 16 -22.79055 -73.76378 11.81734 -22.79055 -63.68504 11.81734 -23.54249 -63.68504 12.34385 -23.54249 -73.76378 12.34385
4 16 -23.54249 -73.76378 12.34385 -23.54249 -63.68504 12.34385 -24.19158 -63.68504 12.99294 -24.19158 -73.76378 12.99294
4 16 -24.19158 -73.76378 12.99294 -24.19158 -63.68504 12.99294 -24.71809 -63.68504 13.74488 -24.71809 -73.76378 13.74488
4 16 -24.71809 -73.76378 13.74488 -24.71809 -63.68504 13.74488 -25.10604 -63.68504 14.57683 -25.10604 -73.76378 14.57683
4 16 -25.10604 -73.76378 14.57683 -25.10604 -63.68504 14.57683 -25.34362 -63.68504 15.4635 -25.34362 -73.76378 15.4635
4 16 -25.34362 -73.76378 15.4635 -25.34362 -63.68504 15.4635 -25.42362 -63.68504 16.37795 -25.42362 -73.76378 16.37795
4 16 -25.42362 -73.76378 16.37795 -25.42362 -63.68504 16.37795 -25.34362 -63.68504 17.29241 -25.34362 -73.76378 17.29241
4 16 -25.34362 -73.76378 17.29241 -25.34362 -63.68504 17.29241 -25.10604 -63.68504 18.17908 -25.10604 -73.76378 18.17908
4 16 -25.10604 -73.76378 18.17908 -25.10604 -63.68504 18.17908 -24.71809 -63.68504 19.01102 -24.71809 -73.76378 19.01102
4 16 -24.71809 -73.76378 19.01102 -24.71809 -63.68504 19.01102 -24.19158 -63.68504 19.76296 -24.19158 -73.76378 19.76296
4 16 -24.19158 -73.76378 19.76296 -24.19158 -63.68504 19.76296 -23.54249 -63.68504 20.41205 -23.54249 -73.76378 20.41205
4 16 -23.54249 -73.76378 20.41205 -23.54249 -63.68504 20.41205 -22.79055 -63.68504 20.93856 -22.79055 -73.76378 20.93856
4 16 -22.79055 -73.76378 20.93856 -22.79055 -63.68504 20.93856 -21.95861 -63.68504 21.32651 -21.95861 -73.76378 21.32651
4 16 -21.95861 -73.76378 21.32651 -21.95861 -63.68504 21.32651 -21.07194 -63.68504 21.56409 -21.07194 -73.76378 21.56409
4 16 -21.07194 -73.76378 21.56409 -21.07194 -63.68504 21.56409 -20.15748 -63.68504 21.64409 -20.15748 -73.76378 21.64409
4 16 -20.15748 -73.76378 21.64409 -20.15748 -63.68504 21.64409 -19.24302 -63.68504 21.56409 -19.24302 -73.76378 21.56409
4 16 -19.24302 -73.76378 21.56409 -19.24302 -63.68504 21.56409 -18.35635 -63.68504 21.32651 -18.35635 -73.76378 21.32651
4 16 -18.35635 -73.76378 21.32651 -18.35635 -63.68504 21.32651 -17.52441 -63.68504 20.93856 -17.52441 -73.76378 20.93856
4 16 -17.52441 -73.76378 20.93856 -17.52441 -63.68504 20.93856 -16.77247 -63.68504 20.41205 -16.77247 -73.76378 20.41205
4 16 -16.77247 -73.76378 20.41205 -16.77247 -63.68504 20.41205 -16.12338 -63.68504 19.76296 -16.12338 -73.76378 19.76296
4 16 -16.12338 -73.76378 19.76296 -16.12338 -63.68504 19.76296 -15.59687 -63.68504 19.01102 -15.59687 -73.76378 19.01102
4 16 -15.59687 -73.76378 19.01102 -15.59687 -63.68504 19.01102 -15.20893 -63.68504 18.17908 -15.20893 -73.76378 18.17908
4 16 -15.20893 -73.76378 18.17908 -15.20893 -63.68504 18.17908 -14.97134 -63.68504 17.29241 -14.97134 -73.76378 17.29241
4 16 -14.97134 -73.76378 17.29241 -14.97134 -63.68504 17.29241 -14.89134 -63.68504 16.37795 -14.89134 -73.76378 16.37795
4 16 -14.89134 -73.76378 16.37795 -14.89134 -63.68504 16.37795 -14.97134 -63.68504 15.4635 -14.97134 -73.76378 15.4635
4 16 -14.97134 -73.76378 15.4635 -14.97134 -63.68504 15.4635 -15.20893 -63.68504 14.57683 -15.20893 -73.76378 14.57683
4 16 -15.20893 -73.76378 14.57683 -15.20893 -63.68504 14.57683 -15.59687 -63.68504 13.74488 -15.59687 -73.76378 13.74488
4 16 -15.59687 -73.76378 13.74488 -15.59687 -63.68504 13.74488 -16.12338 -63.68504 12.99294 -16.12338 -73.76378 12.99294
4 16 -16.12338 -73.76378 12.99294 -16.12338 -63.68504 12.99294 -16.77247 -63.68504 12.34385 -16.77247 -73.76378 12.34385
4 16 -16.77247 -73.76378 12.34385 -16.77247 -63.68504 12.34385 -17.52441 -63.68504 11.81734 -17.52441 -73.76378 11.81734
4 16 -17.52441 -73.76378 11.81734 -17.52441 -63.68504 11.81734 -18.35635 -63.68504 11.4294 -18.35635 -73.76378 11.4294
4 16 -18.35635 -73.76378 11.4294 -18.35635 -63.68504 11.4294 -19.24302 -63.68504 11.19182 -19.24302 -73.76378 11.19182
4 16 -19.24302 -73.76378 11.19182 -19.24302 -63.68504 11.19182 -20.15748 -63.68504 11.11181 -20.15748 -73.76378 11.11181
4 16 20.15748 -73.76378 21.64409 20.15748 -63.68504 21.64409 21.07194 -63.68504 21.56409 21.07194 -73.76378 21.56409
4 16 21.07194 -73.76378 21.56409 21.07194 -63.68504 21.56409 21.95861 -63.68504 21.32651 21.95861 -73.76378 21.32651
4 16 21.95861 -73.76378 21.32651 21.95861 -63.68504 21.32651 22.79055 -63.68504 20.93856 22.79055 -73.76378 20.93856
4 16 22.79055 -73.76378 20.93856 22.79055 -63.68504 20.93856 23.54249 -63.68504 20.41205 23.54249 -73.76378 20.41205
4 16 23.54249 -73.76378 20.41205 23.54249 -63.68504 20.41205 24.19158 -63.68504 19.76296 24.19158 -73.76378 19.76296
4 16 24.19158 -73.76378 19.76296 24.19158 -63.68504 19.76296 24.71809 -63.68504 19.01102 24.71809 -73.76378 19.01102
4 16 24.71809 -73.76378 19.01102 24.71809 -63.68504 19.01102 25.10604 -63.68504 18.17908 25.10604 -73.76378 18.17908
4 16 25.10604 -73.76378 18.17908 25.10604 -63.68504 18.17908 25.34362 -63.68504 17.29241 25.34362 -73.76378 17.29241
4 16 25.34362 -73.76378 17.29241 25.34362 -63.68504 17.29241 25.42362 -63.68504 16.37795 25.42362 -73.76378 16.37795
4 16 25.42362 -73.76378 16.37795 25.42362 -63.68504 16.37795 25.34362 -63.68504 15.4635 25.34362 -73.76378 15.4635
4 16 25.34362 -73.76378 15.4635 25.34362 -63.68504 15.4635 25.10604 -63.68504 14.57683 25.10604 -73.76378 14.57683
4 16 25.10604 -73.76378 14.57683 25.10604 -63.68504 14.57683 24.71809 -63.68504 13.74488 24.71809 -73.76378 13.74488
4 16 24.71809 -73.76378 13.74488 24.71809 -63.68504 13.74488 24.19158 -63.68504 12.99294 24.19158 -73.76378 12.99294
4 16 24.19158 -73.76378 12.99294 24.19158 -63.68504 12.99294 23.54249 -63.68504 12.34385 23.54249 -73.76378 12.34385
4 16 23.54249 -73.76378 12.34385 23.54249 -63.68504 12.34385 22.79055 -63.68504 11.81734 22.79055 -73.76378 11.81734
4 16 22.79055 -73.76378 11.81734 22.79055 -63.68504 11.81734 21.95861 -63.68504 11.4294 21.95861 -73.76378 11.4294
4 16 21.95861 -73.76378 11.4294 21.95861 -63.68504 11.4294 21.07194 -63.68504 11.19182 21.07194 -73.76378 11.19182
4 16 21.07194 -73.76378 11.19182 21.07194 -63.68504 11.19182 20.15748 -63.68504 11.11181 20.15748 -73.76378 11.11181
4 16 20.15748 -73.76378 11.11181 20.15748 -63.68504 11.11181 19.24302 -63.68504 11.19182 19.24302 -73.76378 11.19182
4 16 19.24302 -73.76378 11.19182 19.24302 -63.68504 11.19182 18.35635 -63.68504 11.4294 18.35635 -73.76378 11.4294
4 16 18.35635 -73.76378 11.4294 18.35635 -63.68504 11.4294 17.52441 -63.68504 11.81734 17.52441 -73.76378 11.81734
4 16 17.52441 -73.76378 11.81734 17.52441 -63.68504 11.81734 16.77247 -63.68504 12.34385 16.77247 -73.76378 12.34385
4 16 16.77247 -73.76378 12.34385 16.77247 -63.68504 12.34385 16.12338 -63.68504 12.99294 16.12338 -73.76378 12.99294
4 16 16.12338 -73.76378 12.99294 16.12338 -63.68504 12.99294 15.59687 -63.68504 13.74488 15.59687 -73.76378 13.74488
4 16 15.59687 -73.76378 13.74488 15.59687 -63.68504 13.74488 15.20893 -63.68504 14.57683 15.20893 -73.76378 14.57683
4 16 15.20893 -73.76378 14.57683 15.20893 -63.68504 14.57683 14.97134 -63.68504 15.4635 14.97134 -73.76378 15.4635
4 16 14.97134 -73.76378 15.4635 14.97134 -63.68504 15.4635 14.89134 -63.68504 16.37795 14.89134 -73.76378 16.37795
4 16 14.89134 -73.76378 16.37795 14.89134 -63.68504 16.37795 14.97134 -63.68504 17.29241 14.97134 -73.76378 17.29241
4 16 14.97134 -73.76378 17.29241 14.97134 -63.68504 17.29241 15.20893 -63.68504 18.17908 15.20893 -73.76378 18.17908
4 16 15.20893 -73.76378 18.17908 15.20893 -63.68504 18.17908 15.59687 -63.68504 19.01102 15.59687 -73.76378 19.01102
4 16 15.59687 -73.76378 19.01102 15.59687 -63.68504 19.01102 16.12338 -63.68504 19.76296 16.12338 -73.76378 19.76296
4 16 16.12338 -73.76378 19.76296 16.12338 -63.68504 19.76296 16.77247 -63.68504 20.41205 16.77247 -73.76378 20.41205
4 16 16.77247 -73.76378 20.41205 16.77247 -63.68504 20.41205 17.52441 -63.68504 20.93856 17.52441 -73.76378 20.93856
4 16 17.52441 -73.76378 20.93856 17.52441 -63.68504 20.93856 18.35635 -63.68504 21.32651 18.35635 -73.76378 21.32651
4 16 18.35635 -73.76378 21.32651 18.35635 -63.68504 21.32651 19.24302 -63.68504 21.56409 19.24302 -73.76378 21.56409
4 16 19.24302 -73.76378 21.56409 19.24302 -63.68504 21.56409 20.15748 -63.68504 21.64409 20.15748 -73.76378 21.64409
4 16 -20.15748 -58.64567 55.2063 20.15748 -58.64567 55.2063 20.15748 -63.68504 55.2063 -20.15748 -63.68504 55.2063
4 16 -36.25397 -58.64567 -17.28166 -36.25397 -63.68504 -17.28166 -35.66374 -63.68504 -16.93145 -35.66374 -58.64567 -16.93145
4 16 -35.66374 -58.64567 -16.93145 -35.66374 -63.68504 -16.93145 -35.0249 -63.68504 -16.68061 -35.0249 -58.64567 -16.68061
4 16 -35.0249 -58.64567 -16.68061 -35.0249 -63.68504 -16.68061 -34.35407 -63.68504 -16.53566 -34.35407 -58.64567 -16.53566
4 16 -34.35407 -58.64567 -16.53566 -34.35407 -63.68504 -16.53566 -33.66866 -63.68504 -16.50036 -33.66866 -58.64567 -16.50036
4 16 -33.66866 -58.64567 -16.50036 -33.66866 -63.68504 -16.50036 -32.98648 -63.68504 -16.57562 -32.98648 -58.64567 -16.57562
4 16 -32.98648 -58.64567 -16.57562 -32.98648 -63.68504 -16.57562 -32.32526 -63.68504 -16.7595 -32.32526 -58.64567 -16.7595
4 16 -32.32526 -58.64567 -16.7595 -32.32526 -63.68504 -16.7595 -31.70216 -63.68504 -17.04721 -31.70216 -58.64567 -17.04721
4 16 -31.70216 -58.64567 -17.04721 -31.70216 -63.68504 -17.04721 -31.13338 -63.68504 -17.43129 -31.13338 -58.64567 -17.43129
4 16 -31.13338 -58.64567 -17.43129 -31.13338 -63.68504 -17.43129 -30.63369 -63.68504 -17.90175 -30.63369 -58.64567 -17.90175
4 16 -30.63369 -58.64567 -17.90175 -30.63369 -63.68504 -17.90175 -30.21606 -63.68504 -18.44638 -30.21606 -58.64567 -18.44638
4 16 -30.21606 -58.64567 -18.44638 -30.21606 -63.68504 -18.44638 -29.89135 -63.68504 -19.05102 -29.89135 -58.64567 -19.05102
4 16 -27.48658 -58.64567 -21.75241 -27.48658 -63.68504 -21.75241 -23.83861 -63.68504 -22.2755 -23.83861 -58.64567 -22.2755
4 16 -23.83861 -58.64567 -22.2755 -23.83861 -63.68504 -22.2755 -20.15748 -63.68504 -22.45039 -20.15748 -58.64567 -22.45039
4 16 20.15748 -63.68504 -22.45039 20.15748 -58.64567 -22.45039 -20.15748 -58.64567 -22.45039 -20.15748 -63.68504 -22.45039
4 16 20.15748 -58.64567 -22.45039 20.15748 -63.68504 -22.45039 23.83861 -63.68504 -22.2755 23.83861 -58.64567 -22.2755
4 16 23.83861 -58.64567 -22.2755 23.83861 -63.68504 -22.2755 27.48658 -63.68504 -21.75241 27.48658 -58.64567 -21.75241
4 16 29.89135 -58.64567 -19.05102 29.89135 -63.68504 -19.05102 30.21606 -63.68504 -18.44638 30.21606 -58.64567 -18.44638
4 16 30.21606 -58.64567 -18.44638 30.21606 -63.68504 -18.44638 30.63369 -63.68504 -17.90175 30.63369 -58.64567 -17.90175
4 16 30.63369 -58.64567 -17.90175 30.63369 -63.68504 -17.90175 31.13338 -63.68504 -17.43129 31.13338 -58.64567 -17.43129
4 16 31.13338 -58.64567 -17.43129 31.13338 -63.68504 -17.43129 31.70216 -63.68504 -17.04721 31.70216 -58.64567 -17.04721
4 16 31.70216 -58.64567 -17.04721 31.70216 -63.68504 -17.04721 32.32526 -63.68504 -16.7595 32.32526 -58.64567 -16.7595
4 16 32.32526 -58.64567 -16.7595 32.32526 -63.68504 -16.7595 32.98648 -63.68504 -16.57562 32.98648 -58.64567 -16.57562
4 16 32.98648 -58.64567 -16.57562 32.98648 -63.68504 -16.57562 33.66866 -63.68504 -16.50036 33.66866 -58.64567 -16.50036
4 16 33.66866 -58.64567 -16.50036 33.66866 -63.68504 -16.50036 34.35407 -63.68504 -16.53566 34.35407 -58.64567 -16.53566
4 16 34.35407 -58.64567 -16.53566 34.35407 -63.68504 -16.53566 35.0249 -63.68504 -16.68061 35.0249 -58.64567 -16.68061
4 16 35.0249 -58.64567 -16.68061 35.0249 -63.68504 -16.68061 35.66374 -63.68504 -16.93145 35.66374 -58.64567 -16.93145
4 16 35.66374 -58.64567 -16.93145 35.66374 -63.68504 -16.93145 36.25397 -63.68504 -17.28166 36.25397 -58.64567 -17.28166
4 16 25.37462 -80.06299 32.74296 25.37462 -77.5433 32.69898 25.89303 -77.5433 32.74193 25.88579 -80.06299 32.78532
4 16 25.88579 -80.06299 32.78532 25.89303 -77.5433 32.74193 26.3973 -77.5433 32.86963 26.38301 -80.06299 32.91123
4 16 26.38301 -80.06299 32.91123 26.3973 -77.5433 32.86963 26.87367 -77.5433 33.07859 26.85273 -80.06299 33.11727
4 16 26.85273 -80.06299 33.11727 26.87367 -77.5433 33.07859 27.30915 -77.5433 33.3631 27.28213 -80.06299 33.39781
4 16 27.28213 -80.06299 33.39781 27.30915 -77.5433 33.3631 27.69186 -77.5433 33.71541 27.6595 -80.06299 33.7452
4 16 27.6595 -80.06299 33.7452 27.69186 -77.5433 33.71541 28.01136 -77.5433 34.12591 27.97454 -80.06299 34.14997
4 16 27.97454 -80.06299 34.14997 28.01136 -77.5433 34.12591 28.25895 -77.5433 34.5834 28.21867 -80.06299 34.60107
4 16 28.21867 -80.06299 34.60107 28.25895 -77.5433 34.5834 28.42785 -77.5433 35.0754 28.38521 -80.06299 35.0862
4 16 28.38521 -80.06299 35.0862 28.42785 -77.5433 35.0754 28.51347 -77.5433 35.58849 28.46964 -80.06299 35.59212
4 16 28.46964 -80.06299 35.59212 28.51347 -77.5433 35.58849 28.51347 -77.5433 36.10868 28.46964 -80.06299 36.10504
4 16 28.46964 -80.06299 36.10504 28.51347 -77.5433 36.10868 28.42785 -77.5433 36.62176 28.38521 -80.06299 36.61097
4 16 28.38521 -80.06299 36.61097 28.42785 -77.5433 36.62176 28.25895 -77.5433 37.11377 28.21867 -80.06299 37.0961
4 16 28.21867 -80.06299 37.0961 28.25895 -77.5433 37.11377 28.01136 -77.5433 37.57126 27.97454 -80.06299 37.5472
4 16 27.97454 -80.06299 37.5472 28.01136 -77.5433 37.57126 27.69186 -77.5433 37.98175 27.6595 -80.06299 37.95196
4 16 27.6595 -80.06299 37.95196 27.69186 -77.5433 37.98175 27.30915 -77.5433 38.33406 27.28213 -80.06299 38.29936
4 16 27.28213 -80.06299 38.29936 27.30915 -77.5433 38.33406 26.87367 -77.5433 38.61858 26.85273 -80.06299 38.5799
4 16 26.85273 -80.06299 38.5799 26.87367 -77.5433 38.61858 26.3973 -77.5433 38.82753 26.38301 -80.06299 38.78594
4 16 26.38301 -80.06299 38.78594 26.3973 -77.5433 38.82753 25.89303 -77.5433 38.95523 25.88579 -80.06299 38.91185
4 16 25.88579 -80.06299 38.91185 25.89303 -77.5433 38.95523 25.37462 -77.5433 38.99819 25.37462 -80.06299 38.95421
4 16 25.37462 -80.06299 38.95421 25.37462 -77.5433 38.99819 24.8277 -77.5433 38.95034 24.83533 -80.06299 38.90703
4 16 24.83533 -80.06299 38.90703 24.8277 -77.5433 38.95034 24.29739 -77.5433 38.80825 24.31243 -80.06299 38.76692
4 16 24.31243 -80.06299 38.76692 24.29739 -77.5433 38.80825 23.79982 -77.5433 38.57622 23.82181 -80.06299 38.53813
4 16 23.82181 -80.06299 38.53813 23.79982 -77.5433 38.57622 23.35009 -77.5433 38.26132 23.37836 -80.06299 38.22763
4 16 23.37836 -80.06299 38.22763 23.35009 -77.5433 38.26132 22.96188 -77.5433 37.87311 22.99557 -80.06299 37.84484
4 16 22.99557 -80.06299 37.84484 22.96188 -77.5433 37.87311 22.64698 -77.5433 37.42339 22.68507 -80.06299 37.4014
4 16 22.68507 -80.06299 37.4014 22.64698 -77.5433 37.42339 22.41496 -77.5433 36.92581 22.45629 -80.06299 36.91077
4 16 22.45629 -80.06299 36.91077 22.41496 -77.5433 36.92581 22.27286 -77.5433 36.39551 22.31618 -80.06299 36.38787
4 16 22.31618 -80.06299 36.38787 22.27286 -77.5433 36.39551 22.22501 -77.5433 35.84858 22.269 -80.06299 35.84858
4 16 22.269 -80.06299 35.84858 22.22501 -77.5433 35.84858 22.27286 -77.5433 35.30166 22.31618 -80.06299 35.3093
4 16 22.31618 -80.06299 35.3093 22.27286 -77.5433 35.30166 22.41496 -77.5433 34.77135 22.45629 -80.06299 34.7864
4 16 22.45629 -80.06299 34.7864 22.41496 -77.5433 34.77135 22.64698 -77.5433 34.27378 22.68507 -80.06299 34.29577
4 16 22.68507 -80.06299 34.29577 22.64698 -77.5433 34.27378 22.96188 -77.5433 33.82406 22.99557 -80.06299 33.85233
4 16 22.99557 -80.06299 33.85233 22.96188 -77.5433 33.82406 23.35009 -77.5433 33.43584 23.37836 -80.06299 33.46954
4 16 23.37836 -80.06299 33.46954 23.35009 -77.5433 33.43584 23.79982 -77.5433 33.12095 23.82181 -80.06299 33.15903
4 16 23.82181 -80.06299 33.15903 23.79982 -77.5433 33.12095 24.29739 -77.5433 32.88892 24.31243 -80.06299 32.93025
4 16 24.31243 -80.06299 32.93025 24.29739 -77.5433 32.88892 24.8277 -77.5433 32.74683 24.83533 -80.06299 32.79014
4 16 24.83533 -80.06299 32.79014 24.8277 -77.5433 32.74683 25.37462 -77.5433 32.69898 25.37462 -80.06299 32.74296
4 16 40.31496 -80.06299 13.27233 40.31496 -77.5433 13.22835 40.86188 -77.5433 13.2762 40.85425 -80.06299 13.31951
4 16 40.85425 -80.06299 13.31951 40.86188 -77.5433 13.2762 41.39219 -77.5433 13.41829 41.37715 -80.06299 13.45962
4 16 41.37715 -80.06299 13.45962 41.39219 -77.5433 13.41829 41.88976 -77.5433 13.65031 41.86777 -80.06299 13.6884
4 16 41.86777 -80.06299 13.6884 41.88976 -77.5433 13.65031 42.33949 -77.5433 13.96521 42.31122 -80.06299 13.99891
4 16 42.31122 -80.06299 13.99891 42.33949 -77.5433 13.96521 42.7277 -77.5433 14.35342 42.69401 -80.06299 14.3817
4 16 42.69401 -80.06299 14.3817 42.7277 -77.5433 14.35342 43.0426 -77.5433 14.80315 43.00451 -80.06299 14.82514
4 16 43.00451 -80.06299 14.82514 43.0426 -77.5433 14.80315 43.27462 -77.5433 15.30072 43.23329 -80.06299 15.31577
4 16 43.23329 -80.06299 15.31577 43.27462 -77.5433 15.30072 43.41672 -77.5433 15.83103 43.3734 -80.06299 15.83867
4 16 43.3734 -80.06299 15.83867 43.41672 -77.5433 15.83103 43.46457 -77.5433 16.37795 43.42059 -80.06299 16.37795
4 16 43.42059 -80.06299 16.37795 43.46457 -77.5433 16.37795 43.41672 -77.5433 16.92488 43.3734 -80.06299 16.91724
4 16 43.3734 -80.06299 16.91724 43.41672 -77.5433 16.92488 43.27462 -77.5433 17.45518 43.23329 -80.06299 17.44014
4 16 43.23329 -80.06299 17.44014 43.27462 -77.5433 17.45518 43.0426 -77.5433 17.95276 43.00451 -80.06299 17.93076
4 16 43.00451 -80.06299 17.93076 43.0426 -77.5433 17.95276 42.7277 -77.5433 18.40248 42.69401 -80.06299 18.37421
4 16 42.69401 -80.06299 18.37421 42.7277 -77.5433 18.40248 42.33949 -77.5433 18.79069 42.31122 -80.06299 18.757
4 16 42.31122 -80.06299 18.757 42.33949 -77.5433 18.79069 41.88976 -77.5433 19.10559 41.86777 -80.06299 19.0675
4 16 41.86777 -80.06299 19.0675 41.88976 -77.5433 19.10559 41.39219 -77.5433 19.33761 41.37715 -80.06299 19.29628
4 16 41.37715 -80.06299 19.29628 41.39219 -77.5433 19.33761 40.86188 -77.5433 19.47971 40.85425 -80.06299 19.4364
4 16 40.85425 -80.06299 19.4364 40.86188 -77.5433 19.47971 40.31496 -77.5433 19.52756 40.31496 -80.06299 19.48358
4 16 40.31496 -80.06299 19.48358 40.31496 -77.5433 19.52756 39.79655 -77.5433 19.4846 39.80379 -80.06299 19.44122
3 16 39.80379 -80.06299 19.44122 39.79655 -77.5433 19.4846 39.76804 -77.5433 19.47971
4 16 39.80379 -80.06299 19.44122 39.76804 -77.5433 19.47971 39.29228 -77.5433 19.3569 39.30657 -80.06299 19.31531
3 16 39.30657 -80.06299 19.31531 39.29228 -77.5433 19.3569 39.23773 -77.5433 19.33761
4 16 39.30657 -80.06299 19.31531 39.23773 -77.5433 19.33761 38.81591 -77.5433 19.14795 38.83684 -80.06299 19.10927
3 16 38.83684 -80.06299 19.10927 38.81591 -77.5433 19.14795 38.74016 -77.5433 19.10559
3 16 38.83684 -80.06299 19.10927 38.74016 -77.5433 19.10559 38.40744 -80.06299 18.82873
3 16 38.74016 -77.5433 19.10559 38.38043 -77.5433 18.86343 38.40744 -80.06299 18.82873
3 16 38.40744 -80.06299 18.82873 38.38043 -77.5433 18.86343 38.29043 -77.5433 18.79069
3 16 38.40744 -80.06299 18.82873 38.29043 -77.5433 18.79069 38.03008 -80.06299 18.48133
3 16 38.29043 -77.5433 18.79069 37.99772 -77.5433 18.51112 38.03008 -80.06299 18.48133
3 16 38.03008 -80.06299 18.48133 37.99772 -77.5433 18.51112 37.90222 -77.5433 18.40248
3 16 38.03008 -80.06299 18.48133 37.90222 -77.5433 18.40248 37.71504 -80.06299 18.07657
3 16 37.90222 -77.5433 18.40248 37.67822 -77.5433 18.10062 37.71504 -80.06299 18.07657
3 16 37.71504 -80.06299 18.07657 37.67822 -77.5433 18.10062 37.58732 -77.5433 17.95276
3 16 37.71504 -80.06299 18.07657 37.58732 -77.5433 17.95276 37.47091 -80.06299 17.62547
3 16 37.58732 -77.5433 17.95276 37.43063 -77.5433 17.64314 37.47091 -80.06299 17.62547
3 16 37.47091 -80.06299 17.62547 37.43063 -77.5433 17.64314 37.3553 -77.5433 17.45518
3 16 37.47091 -80.06299 17.62547 37.3553 -77.5433 17.45518 37.30437 -80.06299 17.14034
3 16 37.3553 -77.5433 17.45518 37.26173 -77.5433 17.15114 37.30437 -80.06299 17.14034
3 16 37.30437 -80.06299 17.14034 37.26173 -77.5433 17.15114 37.2132 -77.5433 16.92488
3 16 37.30437 -80.06299 17.14034 37.2132 -77.5433 16.92488 37.21994 -80.06299 16.63441
3 16 37.2132 -77.5433 16.92488 37.17611 -77.5433 16.63804 37.21994 -80.06299 16.63441
3 16 37.21994 -80.06299 16.63441 37.17611 -77.5433 16.63804 37.16535 -77.5433 16.37795
3 16 37.21994 -80.06299 16.63441 37.16535 -77.5433 16.37795 37.21994 -80.06299 16.12149
3 16 37.16535 -77.5433 16.37795 37.17611 -77.5433 16.11786 37.21994 -80.06299 16.12149
3 16 37.21994 -80.06299 16.12149 37.17611 -77.5433 16.11786 37.2132 -77.5433 15.83103
3 16 37.21994 -80.06299 16.12149 37.2132 -77.5433 15.83103 37.30437 -80.06299 15.61557
3 16 37.2132 -77.5433 15.83103 37.26173 -77.5433 15.60477 37.30437 -80.06299 15.61557
3 16 37.30437 -80.06299 15.61557 37.26173 -77.5433 15.60477 37.3553 -77.5433 15.30072
3 16 37.30437 -80.06299 15.61557 37.3553 -77.5433 15.30072 37.47091 -80.06299 15.13044
3 16 37.3553 -77.5433 15.30072 37.43063 -77.5433 15.11277 37.47091 -80.06299 15.13044
3 16 37.47091 -80.06299 15.13044 37.43063 -77.5433 15.11277 37.58732 -77.5433 14.80315
3 16 37.47091 -80.06299 15.13044 37.58732 -77.5433 14.80315 37.71504 -80.06299 14.67934
3 16 37.58732 -77.5433 14.80315 37.67822 -77.5433 14.65528 37.71504 -80.06299 14.67934
3 16 37.71504 -80.06299 14.67934 37.67822 -77.5433 14.65528 37.90222 -77.5433 14.35342
3 16 37.71504 -80.06299 14.67934 37.90222 -77.5433 14.35342 38.03008 -80.06299 14.27457
3 16 37.90222 -77.5433 14.35342 37.99772 -77.5433 14.24478 38.03008 -80.06299 14.27457
3 16 38.03008 -80.06299 14.27457 37.99772 -77.5433 14.24478 38.29043 -77.5433 13.96521
3 16 38.03008 -80.06299 14.27457 38.29043 -77.5433 13.96521 38.40744 -80.06299 13.92718
3 16 38.29043 -77.5433 13.96521 38.38043 -77.5433 13.89247 38.40744 -80.06299 13.92718
3 16 38.40744 -80.06299 13.92718 38.38043 -77.5433 13.89247 38.74016 -77.5433 13.65031
3 16 38.40744 -80.06299 13.92718 38.74016 -77.5433 13.65031 38.83684 -80.06299 13.64664
3 16 38.74016 -77.5433 13.65031 38.81591 -77.5433 13.60796 38.83684 -80.06299 13.64664
4 16 38.83684 -80.06299 13.64664 38.81591 -77.5433 13.60796 39.23773 -77.5433 13.41829 39.30657 -80.06299 13.4406
3 16 39.23773 -77.5433 13.41829 39.29228 -77.5433 13.399 39.30657 -80.06299 13.4406
4 16 39.30657 -80.06299 13.4406 39.29228 -77.5433 13.399 39.76804 -77.5433 13.2762 39.80379 -80.06299 13.31468
3 16 39.76804 -77.5433 13.2762 39.79655 -77.5433 13.2713 39.80379 -80.06299 13.31468
4 16 39.80379 -80.06299 13.31468 39.79655 -77.5433 13.2713 40.31496 -77.5433 13.22835 40.31496 -80.06299 13.27233
4 16 25.37462 -80.06299 0.01294696 25.37462 -77.5433 0.05692822 24.8277 -77.5433 0.00907863 24.83533 -80.06299 -0.03423446
4 16 24.83533 -80.06299 -0.03423446 24.8277 -77.5433 0.00907863 24.29739 -77.5433 -0.1330163 24.31243 -80.06299 -0.1743451
4 16 24.31243 -80.06299 -0.1743451 24.29739 -77.5433 -0.1330163 23.79982 -77.5433 -0.365039 23.82181 -80.06299 -0.4031279
4 16 23.82181 -80.06299 -0.4031279 23.79982 -77.5433 -0.365039 23.35009 -77.5433 -0.6799396 23.37836 -80.06299 -0.7136313
4 16 23.37836 -80.06299 -0.7136313 23.35009 -77.5433 -0.6799396 22.96188 -77.5433 -1.06815 22.99557 -80.06299 -1.096421
4 16 22.99557 -80.06299 -1.096421 22.96188 -77.5433 -1.06815 22.64698 -77.5433 -1.517875 22.68507 -80.06299 -1.539866
4 16 22.68507 -80.06299 -1.539866 22.64698 -77.5433 -1.517875 22.41496 -77.5433 -2.015449 22.45629 -80.06299 -2.030492
4 16 22.45629 -80.06299 -2.030492 22.41496 -77.5433 -2.015449 22.27286 -77.5433 -2.545755 22.31618 -80.06299 -2.553392
4 16 22.31618 -80.06299 -2.553392 22.27286 -77.5433 -2.545755 22.22501 -77.5433 -3.092678 22.269 -80.06299 -3.092678
4 16 22.269 -80.06299 -3.092678 22.22501 -77.5433 -3.092678 22.27286 -77.5433 -3.639601 22.31618 -80.06299 -3.631964
4 16 22.31618 -80.06299 -3.631964 22.27286 -77.5433 -3.639601 22.41496 -77.5433 -4.169907 22.45629 -80.06299 -4.154864
4 16 22.45629 -80.06299 -4.154864 22.41496 -77.5433 -4.169907 22.64698 -77.5433 -4.667481 22.68507 -80.06299 -4.645491
4 16 22.68507 -80.06299 -4.645491 22.64698 -77.5433 -4.667481 22.96188 -77.5433 -5.117206 22.99557 -80.06299 -5.088935
4 16 22.99557 -80.06299 -5.088935 22.96188 -77.5433 -5.117206 23.35009 -77.5433 -5.505417 23.37836 -80.06299 -5.471725
4 16 23.37836 -80.06299 -5.471725 23.35009 -77.5433 -5.505417 23.79982 -77.5433 -5.820317 23.82181 -80.06299 -5.782228
4 16 23.82181 -80.06299 -5.782228 23.79982 -77.5433 -5.820317 24.29739 -77.5433 -6.05234 24.31243 -80.06299 -6.011011
4 16 24.31243 -80.06299 -6.011011 24.29739 -77.5433 -6.05234 24.8277 -77.5433 -6.194435 24.83533 -80.06299 -6.151122
4 16 24.83533 -80.06299 -6.151122 24.8277 -77.5433 -6.194435 25.37462 -77.5433 -6.242284 25.37462 -80.06299 -6.198303
4 16 25.37462 -80.06299 -6.198303 25.37462 -77.5433 -6.242284 25.92154 -77.5433 -6.194435 25.91391 -80.06299 -6.151122
4 16 25.91391 -80.06299 -6.151122 25.92154 -77.5433 -6.194435 26.45185 -77.5433 -6.05234 26.43681 -80.06299 -6.011011
4 16 26.43681 -80.06299 -6.011011 26.45185 -77.5433 -6.05234 26.94942 -77.5433 -5.820317 26.92743 -80.06299 -5.782228
4 16 26.92743 -80.06299 -5.782228 26.94942 -77.5433 -5.820317 27.39915 -77.5433 -5.505417 27.37088 -80.06299 -5.471725
4 16 27.37088 -80.06299 -5.471725 27.39915 -77.5433 -5.505417 27.78736 -77.5433 -5.117206 27.75367 -80.06299 -5.088935
4 16 27.75367 -80.06299 -5.088935 27.78736 -77.5433 -5.117206 28.10226 -77.5433 -4.667481 28.06417 -80.06299 -4.645491
4 16 28.06417 -80.06299 -4.645491 28.10226 -77.5433 -4.667481 28.33428 -77.5433 -4.169907 28.29295 -80.06299 -4.154864
4 16 28.29295 -80.06299 -4.154864 28.33428 -77.5433 -4.169907 28.47638 -77.5433 -3.639601 28.43306 -80.06299 -3.631964
4 16 28.43306 -80.06299 -3.631964 28.47638 -77.5433 -3.639601 28.52423 -77.5433 -3.092678 28.48024 -80.06299 -3.092678
4 16 28.48024 -80.06299 -3.092678 28.52423 -77.5433 -3.092678 28.47638 -77.5433 -2.545755 28.43306 -80.06299 -2.553392
4 16 28.43306 -80.06299 -2.553392 28.47638 -77.5433 -2.545755 28.33428 -77.5433 -2.015449 28.29295 -80.06299 -2.030492
4 16 28.29295 -80.06299 -2.030492 28.33428 -77.5433 -2.015449 28.10226 -77.5433 -1.517875 28.06417 -80.06299 -1.539866
4 16 28.06417 -80.06299 -1.539866 28.10226 -77.5433 -1.517875 27.78736 -77.5433 -1.06815 27.75367 -80.06299 -1.096421
4 16 27.75367 -80.06299 -1.096421 27.78736 -77.5433 -1.06815 27.39915 -77.5433 -0.6799396 27.37088 -80.06299 -0.7136313
4 16 27.37088 -80.06299 -0.7136313 27.39915 -77.5433 -0.6799396 26.94942 -77.5433 -0.365039 26.92743 -80.06299 -0.4031279
4 16 26.92743 -80.06299 -0.4031279 26.94942 -77.5433 -0.365039 26.45185 -77.5433 -0.1330163 26.43681 -80.06299 -0.1743451
4 16 26.43681 -80.06299 -0.1743451 26.45185 -77.5433 -0.1330163 25.92154 -77.5433 0.00907863 25.91391 -80.06299 -0.03423446
4 16 25.91391 -80.06299 -0.03423446 25.92154 -77.5433 0.00907863 25.37462 -77.5433 0.05692822 25.37462 -80.06299 0.01294696
4 16 -24.78258 -55.62204 28.7714 -24.78258 -63.68504 28.7714 -25.58322 -63.68504 31.75941 -25.58322 -55.62204 31.75941
2 24 -24.78258 -55.62204 28.7714 -24.78258 -63.68504 28.7714
4 16 -23.14939 -55.62204 32.41155 -23.14939 -63.68504 32.41155 -22.39421 -63.68504 29.59318 -22.39421 -55.62204 29.59318
2 24 -22.39421 -63.68504 29.59318 -22.39421 -55.62204 29.59318
4 16 -25.92121 -55.62204 42.75613 -25.92121 -63.68504 42.75613 -25.16603 -63.68504 39.93775 -25.16603 -55.62204 39.93775
2 24 -25.92121 -55.62204 42.75613 -25.92121 -63.68504 42.75613
4 16 -27.59985 -55.62204 39.28561 -27.59985 -63.68504 39.28561 -28.37734 -63.68504 42.18723 -28.37734 -55.62204 42.18723
2 24 -28.37734 -63.68504 42.18723 -28.37734 -55.62204 42.18723
4 16 -33.3257 -55.62204 17.63779 -33.3257 -63.68504 17.63779 -33.05598 -63.68504 19.31355 -33.05598 -55.62204 19.31355
4 16 -33.05598 -55.62204 19.31355 -33.05598 -63.68504 19.31355 -32.57392 -63.68504 20.94098 -32.57392 -55.62204 20.94098
4 16 -32.57392 -55.62204 20.94098 -32.57392 -63.68504 20.94098 -31.88743 -63.68504 22.49328 -31.88743 -55.62204 22.49328
4 16 -49.83146 -63.68504 37.15065 -51.20378 -63.68504 35.03747 -27.95036 -73.76378 19.93652 -26.57804 -73.76378 22.0497
4 16 -47.21478 -55.62204 17.63779 -47.21478 -63.68504 17.63779 -44.21081 -63.68504 17.63779 -44.21081 -55.62204 17.63779
2 24 -47.21478 -55.62204 17.63779 -47.21478 -63.68504 17.63779
4 16 -44.21081 -55.62204 15.11811 -44.21081 -63.68504 15.11811 -47.21478 -63.68504 15.11811 -47.21478 -55.62204 15.11811
2 24 -47.21478 -63.68504 15.11811 -47.21478 -55.62204 15.11811
4 16 -27.95036 -73.76378 19.93652 -27.95036 -63.68504 19.93652 -28.40833 -63.68504 18.68354 -28.40833 -73.76378 18.68354
4 16 -28.40833 -73.76378 18.68354 -28.40833 -63.68504 18.68354 -28.66623 -63.68504 17.37466 -28.66623 -73.76378 17.37466
4 16 -28.66623 -73.76378 17.37466 -28.66623 -63.68504 17.37466 -28.7178 -63.68504 16.04162 -28.7178 -73.76378 16.04162
4 16 -28.7178 -73.76378 16.04162 -28.7178 -63.68504 16.04162 -28.5618 -63.68504 14.71672 -28.5618 -73.76378 14.71672
4 16 -28.5618 -73.76378 14.71672 -28.5618 -63.68504 14.71672 -28.202 -63.68504 13.43211 -28.202 -73.76378 13.43211
4 16 -28.202 -73.76378 13.43211 -28.202 -63.68504 13.43211 -27.64713 -63.68504 12.21894 -27.64713 -73.76378 12.21894
4 16 -31.37147 -55.62204 9.36115 -31.37147 -63.68504 9.36115 -32.31809 -63.68504 11.17135 -32.31809 -55.62204 11.17135
4 16 -32.31809 -55.62204 11.17135 -32.31809 -63.68504 11.17135 -32.97472 -63.68504 13.10571 -32.97472 -55.62204 13.10571
4 16 -32.97472 -55.62204 13.10571 -32.97472 -63.68504 13.10571 -33.3257 -63.68504 15.11811 -33.3257 -55.62204 15.11811
4 16 -28.37734 -55.62204 -9.43132 -28.37734 -63.68504 -9.43132 -27.59985 -63.68504 -6.529707 -27.59985 -55.62204 -6.529707
2 24 -28.37734 -55.62204 -9.43132 -28.37734 -63.68504 -9.43132
4 16 -22.39421 -55.62204 3.162722 -22.39421 -63.68504 3.162722 -23.14939 -63.68504 0.3443507 -23.14939 -55.62204 0.3443507
2 24 -22.39421 -55.62204 3.162722 -22.39421 -63.68504 3.162722
4 16 -25.92121 -55.62204 -10.00022 -25.92121 -63.68504 -10.00022 -25.37462 -63.68504 -10.02181 -25.37462 -55.62204 -10.02181
4 16 -25.58322 -55.62204 0.9964932 -25.58322 -63.68504 0.9964932 -24.78258 -63.68504 3.984503 -24.78258 -55.62204 3.984503
2 24 -24.78258 -63.68504 3.984503 -24.78258 -55.62204 3.984503
4 16 -48.11018 -63.68504 -6.658903 -26.11324 -73.76378 10.21994 -27.64713 -73.76378 12.21894 -49.64406 -63.68504 -4.659902
4 16 -7.772786 -63.68504 -17.66128 -16.34075 -73.76378 8.708214 -18.73712 -73.76378 7.92959 -10.16915 -63.68504 -18.43991
2 24 -7.772786 -63.68504 -17.66128 -16.34075 -73.76378 8.708214
4 16 -10.48165 -63.68504 51.28394 -12.93172 -63.68504 51.87215 -19.40435 -73.76378 24.91171 -16.95428 -73.76378 24.3235
2 24 -16.95428 -73.76378 24.3235 -10.48165 -63.68504 51.28394
4 16 -19.40435 -63.68504 24.91171 -20.15748 -63.68504 24.94488 -20.15748 -73.76378 24.94488 -19.40435 -73.76378 24.91171
4 16 7.772786 -63.68504 -17.66128 10.16915 -63.68504 -18.43991 18.73712 -73.76378 7.92959 16.34075 -73.76378 8.708214
4 16 48.11018 -63.68504 -6.658903 49.64406 -63.68504 -4.659902 27.64713 -73.76378 12.21894 26.11324 -73.76378 10.21994
4 16 51.20378 -63.68504 35.03747 49.83146 -63.68504 37.15065 26.57804 -73.76378 22.0497 27.95036 -73.76378 19.93652
4 16 20.15748 -63.68504 24.94488 19.40435 -63.68504 24.91171 19.40435 -73.76378 24.91171 20.15748 -73.76378 24.94488
4 16 10.48165 -63.68504 51.28394 16.95428 -73.76378 24.3235 19.40435 -73.76378 24.91171 12.93172 -63.68504 51.87215
4 16 39.23285 -58.64567 -17.41279 39.23285 -63.68504 -17.41279 38.80146 -63.68504 -17.60973 38.80146 -58.64567 -17.60973
4 16 38.80146 -58.64567 -17.60973 38.80146 -63.68504 -17.60973 38.34281 -63.68504 -17.73025 38.34281 -58.64567 -17.73025
4 16 38.34281 -58.64567 -17.73025 38.34281 -63.68504 -17.73025 37.87033 -63.68504 -17.77082 37.87033 -58.64567 -17.77082
4 16 37.87033 -58.64567 -17.77082 37.87033 -63.68504 -17.77082 37.44506 -63.68504 -17.738 37.44506 -58.64567 -17.738
4 16 37.44506 -58.64567 -17.738 37.44506 -63.68504 -17.738 37.02986 -63.68504 -17.64032 37.02986 -58.64567 -17.64032
4 16 37.02986 -58.64567 -17.64032 37.02986 -63.68504 -17.64032 36.63456 -63.68504 -17.48009 36.63456 -58.64567 -17.48009
4 16 36.63456 -58.64567 -17.48009 36.63456 -63.68504 -17.48009 36.26854 -63.68504 -17.2611 36.26854 -58.64567 -17.2611
4 16 29.86827 -58.64567 -19.04093 29.86827 -63.68504 -19.04093 29.49811 -63.68504 -20.11636 29.49811 -58.64567 -20.11636
4 16 29.49811 -58.64567 -20.11636 29.49811 -63.68504 -20.11636 29.28658 -63.68504 -20.51011 29.28658 -58.64567 -20.51011
4 16 29.28658 -58.64567 -20.51011 29.28658 -63.68504 -20.51011 29.01451 -63.68504 -20.86475 29.01451 -58.64567 -20.86475
4 16 29.01451 -58.64567 -20.86475 29.01451 -63.68504 -20.86475 28.68897 -63.68504 -21.17104 28.68897 -58.64567 -21.17104
4 16 28.68897 -58.64567 -21.17104 28.68897 -63.68504 -21.17104 28.31843 -63.68504 -21.42101 28.31843 -58.64567 -21.42101
4 16 28.31843 -58.64567 -21.42101 28.31843 -63.68504 -21.42101 27.91253 -63.68504 -21.60818 27.91253 -58.64567 -21.60818
4 16 27.91253 -58.64567 -21.60818 27.91253 -63.68504 -21.60818 27.48182 -63.68504 -21.72767 27.48182 -58.64567 -21.72767
4 16 -27.48182 -58.64567 -21.72767 -27.48182 -63.68504 -21.72767 -27.91253 -63.68504 -21.60818 -27.91253 -58.64567 -21.60818
4 16 -27.91253 -58.64567 -21.60818 -27.91253 -63.68504 -21.60818 -28.31843 -63.68504 -21.42101 -28.31843 -58.64567 -21.42101
4 16 -28.31843 -58.64567 -21.42101 -28.31843 -63.68504 -21.42101 -28.68897 -63.68504 -21.17104 -28.68897 -58.64567 -21.17104
4 16 -28.68897 -58.64567 -21.17104 -28.68897 -63.68504 -21.17104 -29.01451 -63.68504 -20.86475 -29.01451 -58.64567 -20.86475
4 16 -29.01451 -58.64567 -20.86475 -29.01451 -63.68504 -20.86475 -29.28658 -63.68504 -20.51011 -29.28658 -58.64567 -20.51011
4 16 -29.28658 -58.64567 -20.51011 -29.28658 -63.68504 -20.51011 -29.49811 -63.68504 -20.11636 -29.49811 -58.64567 -20.11636
4 16 -36.26854 -58.64567 -17.2611 -36.26854 -63.68504 -17.2611 -36.63456 -63.68504 -17.48009 -36.63456 -58.64567 -17.48009
4 16 -36.63456 -58.64567 -17.48009 -36.63456 -63.68504 -17.48009 -37.02986 -63.68504 -17.64032 -37.02986 -58.64567 -17.64032
4 16 -37.02986 -58.64567 -17.64032 -37.02986 -63.68504 -17.64032 -37.44506 -63.68504 -17.738 -37.44506 -58.64567 -17.738
4 16 -37.44506 -58.64567 -17.738 -37.44506 -63.68504 -17.738 -37.87033 -63.68504 -17.77082 -37.87033 -58.64567 -17.77082
4 16 -37.87033 -58.64567 -17.77082 -37.87033 -63.68504 -17.77082 -38.34281 -63.68504 -17.73025 -38.34281 -58.64567 -17.73025
4 16 -38.34281 -58.64567 -17.73025 -38.34281 -63.68504 -17.73025 -38.80146 -63.68504 -17.60973 -38.80146 -58.64567 -17.60973
4 16 -38.80146 -58.64567 -17.60973 -38.80146 -63.68504 -17.60973 -39.23285 -63.68504 -17.41279 -39.23285 -58.64567 -17.41279
4 16 25.37462 -77.5433 32.69898 25.37462 -75.02362 31.95201 26.01597 -75.02362 32.00515 25.89303 -77.5433 32.74193
4 16 25.89303 -77.5433 32.74193 26.01597 -75.02362 32.00515 26.63983 -75.02362 32.16314 26.3973 -77.5433 32.86963
4 16 26.3973 -77.5433 32.86963 26.63983 -75.02362 32.16314 27.22918 -75.02362 32.42165 26.87367 -77.5433 33.07859
4 16 26.87367 -77.5433 33.07859 27.22918 -75.02362 32.42165 27.76794 -75.02362 32.77364 27.30915 -77.5433 33.3631
4 16 27.30915 -77.5433 33.3631 27.76794 -75.02362 32.77364 28.24142 -75.02362 33.20951 27.69186 -77.5433 33.71541
4 16 27.69186 -77.5433 33.71541 28.24142 -75.02362 33.20951 28.6367 -75.02362 33.71736 28.01136 -77.5433 34.12591
4 16 28.01136 -77.5433 34.12591 28.6367 -75.02362 33.71736 28.943 -75.02362 34.28335 28.25895 -77.5433 34.5834
4 16 28.25895 -77.5433 34.5834 28.943 -75.02362 34.28335 29.15196 -75.02362 34.89203 28.42785 -77.5433 35.0754
4 16 28.42785 -77.5433 35.0754 29.15196 -75.02362 34.89203 29.25788 -75.02362 35.52681 28.51347 -77.5433 35.58849
4 16 28.51347 -77.5433 35.58849 29.25788 -75.02362 35.52681 29.25788 -75.02362 36.17036 28.51347 -77.5433 36.10868
4 16 28.51347 -77.5433 36.10868 29.25788 -75.02362 36.17036 29.15196 -75.02362 36.80513 28.42785 -77.5433 36.62176
4 16 28.42785 -77.5433 36.62176 29.15196 -75.02362 36.80513 28.943 -75.02362 37.41382 28.25895 -77.5433 37.11377
4 16 28.25895 -77.5433 37.11377 28.943 -75.02362 37.41382 28.6367 -75.02362 37.97981 28.01136 -77.5433 37.57126
4 16 28.01136 -77.5433 37.57126 28.6367 -75.02362 37.97981 28.24142 -75.02362 38.48766 27.69186 -77.5433 37.98175
4 16 27.69186 -77.5433 37.98175 28.24142 -75.02362 38.48766 27.76794 -75.02362 38.92352 27.30915 -77.5433 38.33406
4 16 27.30915 -77.5433 38.33406 27.76794 -75.02362 38.92352 27.22918 -75.02362 39.27552 26.87367 -77.5433 38.61858
4 16 26.87367 -77.5433 38.61858 27.22918 -75.02362 39.27552 26.63983 -75.02362 39.53403 26.3973 -77.5433 38.82753
4 16 26.3973 -77.5433 38.82753 26.63983 -75.02362 39.53403 26.01597 -75.02362 39.69201 25.89303 -77.5433 38.95523
4 16 25.89303 -77.5433 38.95523 26.01597 -75.02362 39.69201 25.37462 -75.02362 39.74516 25.37462 -77.5433 38.99819
4 16 25.37462 -77.5433 38.99819 25.37462 -75.02362 39.74516 24.69799 -75.02362 39.68596 24.8277 -77.5433 38.95034
4 16 24.8277 -77.5433 38.95034 24.69799 -75.02362 39.68596 24.04191 -75.02362 39.51016 24.29739 -77.5433 38.80825
4 16 24.29739 -77.5433 38.80825 24.04191 -75.02362 39.51016 23.42633 -75.02362 39.22311 23.79982 -77.5433 38.57622
4 16 23.79982 -77.5433 38.57622 23.42633 -75.02362 39.22311 22.86995 -75.02362 38.83353 23.35009 -77.5433 38.26132
4 16 23.35009 -77.5433 38.26132 22.86995 -75.02362 38.83353 22.38967 -75.02362 38.35325 22.96188 -77.5433 37.87311
4 16 22.96188 -77.5433 37.87311 22.38967 -75.02362 38.35325 22.00009 -75.02362 37.79687 22.64698 -77.5433 37.42339
4 16 22.64698 -77.5433 37.42339 22.00009 -75.02362 37.79687 21.71304 -75.02362 37.18129 22.41496 -77.5433 36.92581
4 16 22.41496 -77.5433 36.92581 21.71304 -75.02362 37.18129 21.53724 -75.02362 36.52522 22.27286 -77.5433 36.39551
4 16 22.27286 -77.5433 36.39551 21.53724 -75.02362 36.52522 21.47805 -75.02362 35.84858 22.22501 -77.5433 35.84858
4 16 22.22501 -77.5433 35.84858 21.47805 -75.02362 35.84858 21.53724 -75.02362 35.17195 22.27286 -77.5433 35.30166
4 16 22.27286 -77.5433 35.30166 21.53724 -75.02362 35.17195 21.71304 -75.02362 34.51588 22.41496 -77.5433 34.77135
4 16 22.41496 -77.5433 34.77135 21.71304 -75.02362 34.51588 22.00009 -75.02362 33.9003 22.64698 -77.5433 34.27378
4 16 22.64698 -77.5433 34.27378 22.00009 -75.02362 33.9003 22.38967 -75.02362 33.34391 22.96188 -77.5433 33.82406
4 16 22.96188 -77.5433 33.82406 22.38967 -75.02362 33.34391 22.86995 -75.02362 32.86364 23.35009 -77.5433 33.43584
4 16 23.35009 -77.5433 33.43584 22.86995 -75.02362 32.86364 23.42633 -75.02362 32.47405 23.79982 -77.5433 33.12095
4 16 23.79982 -77.5433 33.12095 23.42633 -75.02362 32.47405 24.04191 -75.02362 32.187 24.29739 -77.5433 32.88892
4 16 24.29739 -77.5433 32.88892 24.04191 -75.02362 32.187 24.69799 -75.02362 32.01121 24.8277 -77.5433 32.74683
4 16 24.8277 -77.5433 32.74683 24.69799 -75.02362 32.01121 25.37462 -75.02362 31.95201 25.37462 -77.5433 32.69898
4 16 40.31496 -77.5433 13.22835 40.31496 -75.02362 12.48138 40.99159 -75.02362 12.54058 40.86188 -77.5433 13.2762
4 16 40.86188 -77.5433 13.2762 40.99159 -75.02362 12.54058 41.64767 -75.02362 12.71637 41.39219 -77.5433 13.41829
4 16 41.39219 -77.5433 13.41829 41.64767 -75.02362 12.71637 42.26325 -75.02362 13.00342 41.88976 -77.5433 13.65031
4 16 41.88976 -77.5433 13.65031 42.26325 -75.02362 13.00342 42.81963 -75.02362 13.393 42.33949 -77.5433 13.96521
4 16 42.33949 -77.5433 13.96521 42.81963 -75.02362 13.393 43.29991 -75.02362 13.87328 42.7277 -77.5433 14.35342
4 16 42.7277 -77.5433 14.35342 43.29991 -75.02362 13.87328 43.68949 -75.02362 14.42967 43.0426 -77.5433 14.80315
4 16 43.0426 -77.5433 14.80315 43.68949 -75.02362 14.42967 43.97654 -75.02362 15.04525 43.27462 -77.5433 15.30072
4 16 43.27462 -77.5433 15.30072 43.97654 -75.02362 15.04525 44.15233 -75.02362 15.70132 43.41672 -77.5433 15.83103
4 16 43.41672 -77.5433 15.83103 44.15233 -75.02362 15.70132 44.21153 -75.02362 16.37795 43.46457 -77.5433 16.37795
4 16 43.46457 -77.5433 16.37795 44.21153 -75.02362 16.37795 44.15233 -75.02362 17.05459 43.41672 -77.5433 16.92488
4 16 43.41672 -77.5433 16.92488 44.15233 -75.02362 17.05459 43.97654 -75.02362 17.71066 43.27462 -77.5433 17.45518
4 16 43.27462 -77.5433 17.45518 43.97654 -75.02362 17.71066 43.68949 -75.02362 18.32624 43.0426 -77.5433 17.95276
4 16 43.0426 -77.5433 17.95276 43.68949 -75.02362 18.32624 43.29991 -75.02362 18.88262 42.7277 -77.5433 18.40248
4 16 42.7277 -77.5433 18.40248 43.29991 -75.02362 18.88262 42.81963 -75.02362 19.3629 42.33949 -77.5433 18.79069
4 16 42.33949 -77.5433 18.79069 42.81963 -75.02362 19.3629 42.26325 -75.02362 19.75248 41.88976 -77.5433 19.10559
4 16 41.88976 -77.5433 19.10559 42.26325 -75.02362 19.75248 41.64767 -75.02362 20.03953 41.39219 -77.5433 19.33761
4 16 41.39219 -77.5433 19.33761 41.64767 -75.02362 20.03953 40.99159 -75.02362 20.21533 40.86188 -77.5433 19.47971
4 16 40.86188 -77.5433 19.47971 40.99159 -75.02362 20.21533 40.31496 -75.02362 20.27453 40.31496 -77.5433 19.52756
4 16 40.31496 -77.5433 19.52756 40.31496 -75.02362 20.27453 39.63833 -75.02362 20.21533 39.79655 -77.5433 19.4846
4 16 39.63833 -75.02362 12.54058 40.31496 -75.02362 12.48138 40.31496 -77.5433 13.22835 39.79655 -77.5433 13.2713
3 16 39.63833 -75.02362 12.54058 39.79655 -77.5433 13.2713 39.76804 -77.5433 13.2762
4 16 39.63833 -75.02362 12.54058 39.76804 -77.5433 13.2762 39.29228 -77.5433 13.399 39.04974 -75.02362 12.69251
4 16 39.04974 -75.02362 12.69251 39.29228 -77.5433 13.399 39.23773 -77.5433 13.41829 38.98225 -75.02362 12.71637
4 16 38.98225 -75.02362 12.71637 39.23773 -77.5433 13.41829 38.81591 -77.5433 13.60796 38.4604 -75.02362 12.95102
4 16 38.4604 -75.02362 12.95102 38.81591 -77.5433 13.60796 38.74016 -77.5433 13.65031 38.36668 -75.02362 13.00342
4 16 38.36668 -75.02362 13.00342 38.74016 -77.5433 13.65031 38.38043 -77.5433 13.89247 37.92164 -75.02362 13.30301
4 16 37.92164 -75.02362 13.30301 38.38043 -77.5433 13.89247 38.29043 -77.5433 13.96521 37.81029 -75.02362 13.393
4 16 37.81029 -75.02362 13.393 38.29043 -77.5433 13.96521 37.99772 -77.5433 14.24478 37.44816 -75.02362 13.73888
4 16 37.44816 -75.02362 13.73888 37.99772 -77.5433 14.24478 37.90222 -77.5433 14.35342 37.33001 -75.02362 13.87328
4 16 37.33001 -75.02362 13.87328 37.90222 -77.5433 14.35342 37.67822 -77.5433 14.65528 37.05288 -75.02362 14.24673
4 16 37.05288 -75.02362 14.24673 37.67822 -77.5433 14.65528 37.58732 -77.5433 14.80315 36.94043 -75.02362 14.42967
4 16 36.94043 -75.02362 14.42967 37.58732 -77.5433 14.80315 37.43063 -77.5433 15.11277 36.74658 -75.02362 14.81272
4 16 36.74658 -75.02362 14.81272 37.43063 -77.5433 15.11277 37.3553 -77.5433 15.30072 36.65338 -75.02362 15.04525
4 16 36.65338 -75.02362 15.04525 37.3553 -77.5433 15.30072 37.26173 -77.5433 15.60477 36.53762 -75.02362 15.4214
4 16 36.53762 -75.02362 15.4214 37.26173 -77.5433 15.60477 37.2132 -77.5433 15.83103 36.47758 -75.02362 15.70132
4 16 36.47758 -75.02362 15.70132 37.2132 -77.5433 15.83103 37.17611 -77.5433 16.11786 36.4317 -75.02362 16.05618
4 16 36.4317 -75.02362 16.05618 37.17611 -77.5433 16.11786 37.16535 -77.5433 16.37795 36.41839 -75.02362 16.37795
4 16 36.41839 -75.02362 16.37795 37.16535 -77.5433 16.37795 37.17611 -77.5433 16.63804 36.4317 -75.02362 16.69973
4 16 36.4317 -75.02362 16.69973 37.17611 -77.5433 16.63804 37.2132 -77.5433 16.92488 36.47758 -75.02362 17.05459
4 16 36.47758 -75.02362 17.05459 37.2132 -77.5433 16.92488 37.26173 -77.5433 17.15114 36.53762 -75.02362 17.3345
4 16 36.53762 -75.02362 17.3345 37.26173 -77.5433 17.15114 37.3553 -77.5433 17.45518 36.65338 -75.02362 17.71066
4 16 36.65338 -75.02362 17.71066 37.3553 -77.5433 17.45518 37.43063 -77.5433 17.64314 36.74658 -75.02362 17.94319
4 16 36.74658 -75.02362 17.94319 37.43063 -77.5433 17.64314 37.58732 -77.5433 17.95276 36.94043 -75.02362 18.32624
4 16 36.94043 -75.02362 18.32624 37.58732 -77.5433 17.95276 37.67822 -77.5433 18.10062 37.05288 -75.02362 18.50918
4 16 37.05288 -75.02362 18.50918 37.67822 -77.5433 18.10062 37.90222 -77.5433 18.40248 37.33001 -75.02362 18.88262
4 16 37.33001 -75.02362 18.88262 37.90222 -77.5433 18.40248 37.99772 -77.5433 18.51112 37.44816 -75.02362 19.01703
4 16 37.44816 -75.02362 19.01703 37.99772 -77.5433 18.51112 38.29043 -77.5433 18.79069 37.81029 -75.02362 19.3629
4 16 37.81029 -75.02362 19.3629 38.29043 -77.5433 18.79069 38.38043 -77.5433 18.86343 37.92164 -75.02362 19.4529
4 16 37.92164 -75.02362 19.4529 38.38043 -77.5433 18.86343 38.74016 -77.5433 19.10559 38.36668 -75.02362 19.75248
4 16 38.36668 -75.02362 19.75248 38.74016 -77.5433 19.10559 38.81591 -77.5433 19.14795 38.4604 -75.02362 19.80489
4 16 38.4604 -75.02362 19.80489 38.81591 -77.5433 19.14795 39.23773 -77.5433 19.33761 38.98225 -75.02362 20.03953
4 16 38.98225 -75.02362 20.03953 39.23773 -77.5433 19.33761 39.29228 -77.5433 19.3569 39.04974 -75.02362 20.0634
4 16 39.04974 -75.02362 20.0634 39.29228 -77.5433 19.3569 39.76804 -77.5433 19.47971 39.63833 -75.02362 20.21533
3 16 39.63833 -75.02362 20.21533 39.76804 -77.5433 19.47971 39.79655 -77.5433 19.4846
4 16 25.37462 -77.5433 0.05692822 25.37462 -75.02362 0.8038944 24.69799 -75.02362 0.7446967 24.8277 -77.5433 0.00907863
4 16 24.8277 -77.5433 0.00907863 24.69799 -75.02362 0.7446967 24.04191 -75.02362 0.5689024 24.29739 -77.5433 -0.1330163
4 16 24.29739 -77.5433 -0.1330163 24.04191 -75.02362 0.5689024 23.42633 -75.02362 0.2818527 23.79982 -77.5433 -0.365039
4 16 23.79982 -77.5433 -0.365039 23.42633 -75.02362 0.2818527 22.86995 -75.02362 -0.1077304 23.35009 -77.5433 -0.6799396
4 16 23.35009 -77.5433 -0.6799396 22.86995 -75.02362 -0.1077304 22.38967 -75.02362 -0.5880095 22.96188 -77.5433 -1.06815
4 16 22.96188 -77.5433 -1.06815 22.38967 -75.02362 -0.5880095 22.00009 -75.02362 -1.144392 22.64698 -77.5433 -1.517875
4 16 22.64698 -77.5433 -1.517875 22.00009 -75.02362 -1.144392 21.71304 -75.02362 -1.759972 22.41496 -77.5433 -2.015449
4 16 22.41496 -77.5433 -2.015449 21.71304 -75.02362 -1.759972 21.53724 -75.02362 -2.416045 22.27286 -77.5433 -2.545755
4 16 22.27286 -77.5433 -2.545755 21.53724 -75.02362 -2.416045 21.47805 -75.02362 -3.092678 22.22501 -77.5433 -3.092678
4 16 22.22501 -77.5433 -3.092678 21.47805 -75.02362 -3.092678 21.53724 -75.02362 -3.769311 22.27286 -77.5433 -3.639601
4 16 22.27286 -77.5433 -3.639601 21.53724 -75.02362 -3.769311 21.71304 -75.02362 -4.425384 22.41496 -77.5433 -4.169907
4 16 22.41496 -77.5433 -4.169907 21.71304 -75.02362 -4.425384 22.00009 -75.02362 -5.040964 22.64698 -77.5433 -4.667481
4 16 22.64698 -77.5433 -4.667481 22.00009 -75.02362 -5.040964 22.38967 -75.02362 -5.597346 22.96188 -77.5433 -5.117206
4 16 22.96188 -77.5433 -5.117206 22.38967 -75.02362 -5.597346 22.86995 -75.02362 -6.077626 23.35009 -77.5433 -5.505417
4 16 23.35009 -77.5433 -5.505417 22.86995 -75.02362 -6.077626 23.42633 -75.02362 -6.467209 23.79982 -77.5433 -5.820317
4 16 23.79982 -77.5433 -5.820317 23.42633 -75.02362 -6.467209 24.04191 -75.02362 -6.754258 24.29739 -77.5433 -6.05234
4 16 24.29739 -77.5433 -6.05234 24.04191 -75.02362 -6.754258 24.69799 -75.02362 -6.930053 24.8277 -77.5433 -6.194435
4 16 24.8277 -77.5433 -6.194435 24.69799 -75.02362 -6.930053 25.37462 -75.02362 -6.98925 25.37462 -77.5433 -6.242284
4 16 25.37462 -77.5433 -6.242284 25.37462 -75.02362 -6.98925 26.05125 -75.02362 -6.930053 25.92154 -77.5433 -6.194435
4 16 25.92154 -77.5433 -6.194435 26.05125 -75.02362 -6.930053 26.70733 -75.02362 -6.754258 26.45185 -77.5433 -6.05234
4 16 26.45185 -77.5433 -6.05234 26.70733 -75.02362 -6.754258 27.32291 -75.02362 -6.467209 26.94942 -77.5433 -5.820317
4 16 26.94942 -77.5433 -5.820317 27.32291 -75.02362 -6.467209 27.87929 -75.02362 -6.077626 27.39915 -77.5433 -5.505417
4 16 27.39915 -77.5433 -5.505417 27.87929 -75.02362 -6.077626 28.35957 -75.02362 -5.597346 27.78736 -77.5433 -5.117206
4 16 27.78736 -77.5433 -5.117206 28.35957 -75.02362 -5.597346 28.74915 -75.02362 -5.040964 28.10226 -77.5433 -4.667481
4 16 28.10226 -77.5433 -4.667481 28.74915 -75.02362 -5.040964 29.0362 -75.02362 -4.425384 28.33428 -77.5433 -4.169907
4 16 28.33428 -77.5433 -4.169907 29.0362 -75.02362 -4.425384 29.21199 -75.02362 -3.769311 28.47638 -77.5433 -3.639601
4 16 28.47638 -77.5433 -3.639601 29.21199 -75.02362 -3.769311 29.27119 -75.02362 -3.092678 28.52423 -77.5433 -3.092678
4 16 28.52423 -77.5433 -3.092678 29.27119 -75.02362 -3.092678 29.21199 -75.02362 -2.416045 28.47638 -77.5433 -2.545755
4 16 28.47638 -77.5433 -2.545755 29.21199 -75.02362 -2.416045 29.0362 -75.02362 -1.759972 28.33428 -77.5433 -2.015449
4 16 28.33428 -77.5433 -2.015449 29.0362 -75.02362 -1.759972 28.74915 -75.02362 -1.144392 28.10226 -77.5433 -1.517875
4 16 28.10226 -77.5433 -1.517875 28.74915 -75.02362 -1.144392 28.35957 -75.02362 -0.5880095 27.78736 -77.5433 -1.06815
4 16 27.78736 -77.5433 -1.06815 28.35957 -75.02362 -0.5880095 27.87929 -75.02362 -0.1077304 27.39915 -77.5433 -0.6799396
4 16 27.39915 -77.5433 -0.6799396 27.87929 -75.02362 -0.1077304 27.32291 -75.02362 0.2818527 26.94942 -77.5433 -0.365039
4 16 26.94942 -77.5433 -0.365039 27.32291 -75.02362 0.2818527 26.70733 -75.02362 0.5689024 26.45185 -77.5433 -0.1330163
4 16 26.45185 -77.5433 -0.1330163 26.70733 -75.02362 0.5689024 26.05125 -75.02362 0.7446967 25.92154 -77.5433 0.00907863
4 16 25.92154 -77.5433 0.00907863 26.05125 -75.02362 0.7446967 25.37462 -75.02362 0.8038944 25.37462 -77.5433 0.05692822
4 16 -20.15748 -73.76378 24.94488 -20.15748 -63.68504 24.94488 -21.6022 -63.68504 24.82218 -21.6022 -73.76378 24.82218
4 16 -21.6022 -73.76378 24.82218 -21.6022 -63.68504 24.82218 -23.00553 -63.68504 24.45761 -23.00553 -73.76378 24.45761
4 16 -23.00553 -73.76378 24.45761 -23.00553 -63.68504 24.45761 -24.32729 -63.68504 23.8616 -24.32729 -73.76378 23.8616
4 16 -24.32729 -73.76378 23.8616 -24.32729 -63.68504 23.8616 -25.5296 -63.68504 23.05122 -25.5296 -73.76378 23.05122
4 16 -25.5296 -73.76378 23.05122 -25.5296 -63.68504 23.05122 -26.57804 -63.68504 22.0497 -26.57804 -73.76378 22.0497
4 16 -30.51512 -55.62204 24.60647 -30.51512 -63.68504 24.60647 -29.30797 -63.68504 25.93084 -29.30797 -55.62204 25.93084
4 16 -29.30797 -55.62204 25.93084 -29.30797 -63.68504 25.93084 -27.93291 -63.68504 27.07991 -27.93291 -55.62204 27.07991
4 16 -27.93291 -55.62204 27.07991 -27.93291 -63.68504 27.07991 -26.41516 -63.68504 28.03259 -26.41516 -55.62204 28.03259
4 16 -26.41516 -55.62204 28.03259 -26.41516 -63.68504 28.03259 -24.78258 -63.68504 28.7714 -24.78258 -55.62204 28.7714
4 16 -22.39421 -55.62204 29.59318 -22.39421 -63.68504 29.59318 -21.3591 -63.68504 30.20159 -21.3591 -55.62204 30.20159
4 16 -21.3591 -55.62204 30.20159 -21.3591 -63.68504 30.20159 -20.44457 -63.68504 30.97955 -20.44457 -55.62204 30.97955
4 16 -20.44457 -55.62204 30.97955 -20.44457 -63.68504 30.97955 -19.67806 -63.68504 31.9037 -19.67806 -55.62204 31.9037
4 16 -19.67806 -55.62204 31.9037 -19.67806 -63.68504 31.9037 -19.08259 -63.68504 32.9463 -19.08259 -55.62204 32.9463
4 16 -19.08259 -55.62204 32.9463 -19.08259 -63.68504 32.9463 -18.67604 -63.68504 34.07604 -18.67604 -55.62204 34.07604
4 16 -18.67604 -55.62204 34.07604 -18.67604 -63.68504 34.07604 -18.47062 -63.68504 35.259 -18.47062 -55.62204 35.259
4 16 -18.47062 -55.62204 35.259 -18.47062 -63.68504 35.259 -18.47248 -63.68504 36.45966 -18.47248 -55.62204 36.45966
4 16 -18.47248 -55.62204 36.45966 -18.47248 -63.68504 36.45966 -18.68159 -63.68504 37.64198 -18.68159 -55.62204 37.64198
4 16 -18.68159 -55.62204 37.64198 -18.68159 -63.68504 37.64198 -19.09166 -63.68504 38.77044 -19.09166 -55.62204 38.77044
4 16 -19.09166 -55.62204 38.77044 -19.09166 -63.68504 38.77044 -19.69037 -63.68504 39.81118 -19.69037 -55.62204 39.81118
4 16 -19.69037 -55.62204 39.81118 -19.69037 -63.68504 39.81118 -20.45975 -63.68504 40.73294 -20.45975 -55.62204 40.73294
4 16 -20.45975 -55.62204 40.73294 -20.45975 -63.68504 40.73294 -21.3767 -63.68504 41.50805 -21.3767 -55.62204 41.50805
4 16 -21.3767 -55.62204 41.50805 -21.3767 -63.68504 41.50805 -22.4137 -63.68504 42.11323 -22.4137 -55.62204 42.11323
4 16 -22.4137 -55.62204 42.11323 -22.4137 -63.68504 42.11323 -23.53959 -63.68504 42.53032 -23.53959 -55.62204 42.53032
4 16 -23.53959 -55.62204 42.53032 -23.53959 -63.68504 42.53032 -24.72058 -63.68504 42.74678 -24.72058 -55.62204 42.74678
4 16 -24.72058 -55.62204 42.74678 -24.72058 -63.68504 42.74678 -25.92121 -63.68504 42.75613 -25.92121 -55.62204 42.75613
4 16 -28.37734 -55.62204 42.18723 -28.37734 -63.68504 42.18723 -31.60458 -63.68504 40.92686 -31.60458 -55.62204 40.92686
4 16 -31.60458 -55.62204 40.92686 -31.60458 -63.68504 40.92686 -34.64453 -63.68504 39.26485 -34.64453 -55.62204 39.26485
4 16 -34.64453 -55.62204 39.26485 -34.64453 -63.68504 39.26485 -37.44747 -63.68504 37.22839 -37.44747 -55.62204 37.22839
4 16 -37.44747 -55.62204 37.22839 -37.44747 -63.68504 37.22839 -39.96753 -63.68504 34.85082 -39.96753 -55.62204 34.85082
4 16 -39.96753 -55.62204 34.85082 -39.96753 -63.68504 34.85082 -42.16348 -63.68504 32.17101 -42.16348 -55.62204 32.17101
4 16 -43.5358 -55.62204 30.05782 -43.5358 -63.68504 30.05782 -45.01314 -63.68504 27.14274 -45.01314 -55.62204 27.14274
4 16 -45.01314 -55.62204 27.14274 -45.01314 -63.68504 27.14274 -46.12866 -63.68504 24.07097 -46.12866 -55.62204 24.07097
4 16 -46.12866 -55.62204 24.07097 -46.12866 -63.68504 24.07097 -46.86612 -63.68504 20.8872 -46.86612 -55.62204 20.8872
4 16 -46.86612 -55.62204 20.8872 -46.86612 -63.68504 20.8872 -47.21478 -63.68504 17.63779 -47.21478 -55.62204 17.63779
4 16 -47.21478 -55.62204 15.11811 -47.21478 -63.68504 15.11811 -46.77244 -63.68504 11.34518 -46.77244 -55.62204 11.34518
4 16 -46.77244 -55.62204 11.34518 -46.77244 -63.68504 11.34518 -45.80661 -63.68504 7.671246 -45.80661 -55.62204 7.671246
4 16 -45.80661 -55.62204 7.671246 -45.80661 -63.68504 7.671246 -44.3363 -63.68504 4.168557 -44.3363 -55.62204 4.168557
4 16 -44.3363 -55.62204 4.168557 -44.3363 -63.68504 4.168557 -42.39042 -63.68504 0.9060126 -42.39042 -55.62204 0.9060126
4 16 -40.85654 -55.62204 -1.092988 -40.85654 -63.68504 -1.092988 -38.20879 -63.68504 -3.81697 -38.20879 -55.62204 -3.81697
4 16 -38.20879 -55.62204 -3.81697 -38.20879 -63.68504 -3.81697 -35.206 -63.68504 -6.143744 -35.206 -55.62204 -6.143744
4 16 -35.206 -55.62204 -6.143744 -35.206 -63.68504 -6.143744 -31.90722 -63.68504 -8.027544 -31.90722 -55.62204 -8.027544
4 16 -31.90722 -55.62204 -8.027544 -31.90722 -63.68504 -8.027544 -28.37734 -63.68504 -9.43132 -28.37734 -55.62204 -9.43132
4 16 -25.37462 -55.62204 -10.02181 -25.37462 -63.68504 -10.02181 -24.21217 -63.68504 -9.923608 -24.21217 -55.62204 -9.923608
4 16 -24.21217 -55.62204 -9.923608 -24.21217 -63.68504 -9.923608 -23.08267 -63.68504 -9.63178 -23.08267 -55.62204 -9.63178
4 16 -23.08267 -55.62204 -9.63178 -23.08267 -63.68504 -9.63178 -22.01813 -63.68504 -9.154599 -22.01813 -55.62204 -9.154599
4 16 -22.01813 -55.62204 -9.154599 -22.01813 -63.68504 -9.154599 -21.04874 -63.68504 -8.505592 -21.04874 -55.62204 -8.505592
4 16 -21.04874 -55.62204 -8.505592 -21.04874 -63.68504 -8.505592 -20.20196 -63.68504 -7.703155 -20.20196 -55.62204 -7.703155
4 16 -20.20196 -55.62204 -7.703155 -20.20196 -63.68504 -7.703155 -19.50181 -63.68504 -6.770032 -19.50181 -55.62204 -6.770032
4 16 -19.50181 -55.62204 -6.770032 -19.50181 -63.68504 -6.770032 -18.96811 -63.68504 -5.732675 -18.96811 -55.62204 -5.732675
4 16 -18.96811 -55.62204 -5.732675 -18.96811 -63.68504 -5.732675 -18.61602 -63.68504 -4.620486 -18.61602 -55.62204 -4.620486
4 16 -18.61602 -55.62204 -4.620486 -18.61602 -63.68504 -4.620486 -18.4555 -63.68504 -3.464991 -18.4555 -55.62204 -3.464991
4 16 -18.4555 -55.62204 -3.464991 -18.4555 -63.68504 -3.464991 -18.4911 -63.68504 -2.298942 -18.4911 -55.62204 -2.298942
4 16 -18.4911 -55.62204 -2.298942 -18.4911 -63.68504 -2.298942 -18.72182 -63.68504 -1.155393 -18.72182 -55.62204 -1.155393
4 16 -18.72182 -55.62204 -1.155393 -18.72182 -63.68504 -1.155393 -19.14111 -63.68504 -0.06675559 -19.14111 -55.62204 -0.06675559
4 16 -19.14111 -55.62204 -0.06675559 -19.14111 -63.68504 -0.06675559 -19.73709 -63.68504 0.9361109 -19.73709 -55.62204 0.9361109
4 16 -19.73709 -55.62204 0.9361109 -19.73709 -63.68504 0.9361109 -20.49287 -63.68504 1.82478 -20.49287 -55.62204 1.82478
4 16 -20.49287 -55.62204 1.82478 -20.49287 -63.68504 1.82478 -21.38702 -63.68504 2.574064 -21.38702 -55.62204 2.574064
4 16 -21.38702 -55.62204 2.574064 -21.38702 -63.68504 2.574064 -22.39421 -63.68504 3.162722 -22.39421 -55.62204 3.162722
4 16 -24.78258 -55.62204 3.984503 -24.78258 -63.68504 3.984503 -26.63556 -63.68504 4.844368 -26.63556 -55.62204 4.844368
4 16 -26.63556 -55.62204 4.844368 -26.63556 -63.68504 4.844368 -28.33407 -63.68504 5.979272 -28.33407 -55.62204 5.979272
4 16 -28.33407 -55.62204 5.979272 -28.33407 -63.68504 5.979272 -29.83759 -63.68504 7.36215 -29.83759 -55.62204 7.36215
4 16 -26.11324 -73.76378 10.21994 -26.11324 -63.68504 10.21994 -25.08502 -63.68504 9.369981 -25.08502 -73.76378 9.369981
4 16 -25.08502 -73.76378 9.369981 -25.08502 -63.68504 9.369981 -23.9373 -63.68504 8.68996 -23.9373 -73.76378 8.68996
4 16 -23.9373 -73.76378 8.68996 -23.9373 -63.68504 8.68996 -22.69793 -63.68504 8.196364 -22.69793 -73.76378 8.196364
4 16 -22.69793 -73.76378 8.196364 -22.69793 -63.68504 8.196364 -21.39696 -63.68504 7.901163 -21.39696 -73.76378 7.901163
4 16 -21.39696 -73.76378 7.901163 -21.39696 -63.68504 7.901163 -20.06593 -63.68504 7.811513 -20.06593 -73.76378 7.811513
4 16 -20.06593 -73.76378 7.811513 -20.06593 -63.68504 7.811513 -18.73712 -63.68504 7.92959 -18.73712 -73.76378 7.92959
3 16 -7.772786 -63.68504 -17.66128 -16.34075 -63.68504 8.708214 -16.34075 -73.76378 8.708214
2 24 -16.34075 -63.68504 8.708214 -16.34075 -73.76378 8.708214
4 16 -16.34075 -73.76378 8.708214 -16.34075 -63.68504 8.708214 -15.13945 -63.68504 9.434491 -15.13945 -73.76378 9.434491
4 16 -15.13945 -73.76378 9.434491 -15.13945 -63.68504 9.434491 -14.07288 -63.68504 10.3472 -14.07288 -73.76378 10.3472
4 16 -14.07288 -73.76378 10.3472 -14.07288 -63.68504 10.3472 -13.16969 -63.68504 11.42184 -13.16969 -73.76378 11.42184
4 16 -13.16969 -73.76378 11.42184 -13.16969 -63.68504 11.42184 -12.45412 -63.68504 12.62955 -12.45412 -73.76378 12.62955
4 16 -12.45412 -73.76378 12.62955 -12.45412 -63.68504 12.62955 -11.94539 -63.68504 13.93791 -11.94539 -73.76378 13.93791
4 16 -11.94539 -73.76378 13.93791 -11.94539 -63.68504 13.93791 -11.65715 -63.68504 15.31179 -11.65715 -73.76378 15.31179
4 16 -11.65715 -73.76378 15.31179 -11.65715 -63.68504 15.31179 -11.59716 -63.68504 16.71429 -11.59716 -73.76378 16.71429
4 16 -11.59716 -73.76378 16.71429 -11.59716 -63.68504 16.71429 -11.76701 -63.68504 18.10776 -11.76701 -73.76378 18.10776
4 16 -11.76701 -73.76378 18.10776 -11.76701 -63.68504 18.10776 -12.16215 -63.68504 19.45478 -12.16215 -73.76378 19.45478
4 16 -12.16215 -73.76378 19.45478 -12.16215 -63.68504 19.45478 -12.77196 -63.68504 20.71919 -12.77196 -73.76378 20.71919
4 16 -12.77196 -73.76378 20.71919 -12.77196 -63.68504 20.71919 -13.58008 -63.68504 21.86704 -13.58008 -73.76378 21.86704
4 16 -13.58008 -73.76378 21.86704 -13.58008 -63.68504 21.86704 -14.56481 -63.68504 22.8675 -14.56481 -73.76378 22.8675
4 16 -14.56481 -73.76378 22.8675 -14.56481 -63.68504 22.8675 -15.6997 -63.68504 23.69372 -15.6997 -73.76378 23.69372
4 16 -15.6997 -73.76378 23.69372 -15.6997 -63.68504 23.69372 -16.95428 -63.68504 24.3235 -16.95428 -73.76378 24.3235
2 24 -16.95428 -63.68504 24.3235 -16.95428 -73.76378 24.3235
3 16 -16.95428 -63.68504 24.3235 -10.48165 -63.68504 51.28394 -16.95428 -73.76378 24.3235
4 16 18.73712 -73.76378 7.92959 18.73712 -63.68504 7.92959 20.06593 -63.68504 7.811513 20.06593 -73.76378 7.811513
4 16 20.06593 -73.76378 7.811513 20.06593 -63.68504 7.811513 21.39696 -63.68504 7.901163 21.39696 -73.76378 7.901163
4 16 21.39696 -73.76378 7.901163 21.39696 -63.68504 7.901163 22.69793 -63.68504 8.196364 22.69793 -73.76378 8.196364
4 16 22.69793 -73.76378 8.196364 22.69793 -63.68504 8.196364 23.9373 -63.68504 8.68996 23.9373 -73.76378 8.68996
4 16 23.9373 -73.76378 8.68996 23.9373 -63.68504 8.68996 25.08502 -63.68504 9.369981 25.08502 -73.76378 9.369981
4 16 25.08502 -73.76378 9.369981 25.08502 -63.68504 9.369981 26.11324 -63.68504 10.21994 26.11324 -73.76378 10.21994
4 16 27.64713 -73.76378 12.21894 27.64713 -63.68504 12.21894 28.202 -63.68504 13.43211 28.202 -73.76378 13.43211
4 16 28.202 -73.76378 13.43211 28.202 -63.68504 13.43211 28.5618 -63.68504 14.71672 28.5618 -73.76378 14.71672
4 16 28.5618 -73.76378 14.71672 28.5618 -63.68504 14.71672 28.7178 -63.68504 16.04162 28.7178 -73.76378 16.04162
4 16 28.7178 -73.76378 16.04162 28.7178 -63.68504 16.04162 28.66623 -63.68504 17.37466 28.66623 -73.76378 17.37466
4 16 28.66623 -73.76378 17.37466 28.66623 -63.68504 17.37466 28.40833 -63.68504 18.68354 28.40833 -73.76378 18.68354
4 16 28.40833 -73.76378 18.68354 28.40833 -63.68504 18.68354 27.95036 -63.68504 19.93652 27.95036 -73.76378 19.93652
4 16 26.57804 -73.76378 22.0497 26.57804 -63.68504 22.0497 25.5296 -63.68504 23.05122 25.5296 -73.76378 23.05122
4 16 25.5296 -73.76378 23.05122 25.5296 -63.68504 23.05122 24.32729 -63.68504 23.8616 24.32729 -73.76378 23.8616
4 16 24.32729 -73.76378 23.8616 24.32729 -63.68504 23.8616 23.00553 -63.68504 24.45761 23.00553 -73.76378 24.45761
4 16 23.00553 -73.76378 24.45761 23.00553 -63.68504 24.45761 21.6022 -63.68504 24.82218 21.6022 -73.76378 24.82218
4 16 21.6022 -73.76378 24.82218 21.6022 -63.68504 24.82218 20.15748 -63.68504 24.94488 20.15748 -73.76378 24.94488
4 16 16.95428 -73.76378 24.3235 16.95428 -63.68504 24.3235 15.6997 -63.68504 23.69372 15.6997 -73.76378 23.69372
4 16 15.6997 -73.76378 23.69372 15.6997 -63.68504 23.69372 14.56481 -63.68504 22.8675 14.56481 -73.76378 22.8675
4 16 14.56481 -73.76378 22.8675 14.56481 -63.68504 22.8675 13.58008 -63.68504 21.86704 13.58008 -73.76378 21.86704
4 16 13.58008 -73.76378 21.86704 13.58008 -63.68504 21.86704 12.77196 -63.68504 20.71919 12.77196 -73.76378 20.71919
4 16 12.77196 -73.76378 20.71919 12.77196 -63.68504 20.71919 12.16215 -63.68504 19.45478 12.16215 -73.76378 19.45478
4 16 12.16215 -73.76378 19.45478 12.16215 -63.68504 19.45478 11.76701 -63.68504 18.10776 11.76701 -73.76378 18.10776
4 16 11.76701 -73.76378 18.10776 11.76701 -63.68504 18.10776 11.59716 -63.68504 16.71429 11.59716 -73.76378 16.71429
4 16 11.59716 -73.76378 16.71429 11.59716 -63.68504 16.71429 11.65715 -63.68504 15.31179 11.65715 -73.76378 15.31179
4 16 11.65715 -73.76378 15.31179 11.65715 -63.68504 15.31179 11.94539 -63.68504 13.93791 11.94539 -73.76378 13.93791
4 16 11.94539 -73.76378 13.93791 11.94539 -63.68504 13.93791 12.45412 -63.68504 12.62955 12.45412 -73.76378 12.62955
4 16 12.45412 -73.76378 12.62955 12.45412 -63.68504 12.62955 13.16969 -63.68504 11.42184 13.16969 -73.76378 11.42184
4 16 13.16969 -73.76378 11.42184 13.16969 -63.68504 11.42184 14.07288 -63.68504 10.3472 14.07288 -73.76378 10.3472
4 16 14.07288 -73.76378 10.3472 14.07288 -63.68504 10.3472 15.13945 -63.68504 9.434491 15.13945 -73.76378 9.434491
4 16 15.13945 -73.76378 9.434491 15.13945 -63.68504 9.434491 16.34075 -63.68504 8.708214 16.34075 -73.76378 8.708214
4 16 36.26854 -58.64567 -17.2611 36.26854 -63.68504 -17.2611 35.6748 -63.68504 -16.90882 35.6748 -58.64567 -16.90882
4 16 35.6748 -58.64567 -16.90882 35.6748 -63.68504 -16.90882 35.03219 -63.68504 -16.65649 35.03219 -58.64567 -16.65649
4 16 35.03219 -58.64567 -16.65649 35.03219 -63.68504 -16.65649 34.35739 -63.68504 -16.51068 34.35739 -58.64567 -16.51068
4 16 34.35739 -58.64567 -16.51068 34.35739 -63.68504 -16.51068 33.66793 -63.68504 -16.47517 33.66793 -58.64567 -16.47517
4 16 33.66793 -58.64567 -16.47517 33.66793 -63.68504 -16.47517 32.98171 -63.68504 -16.55088 32.98171 -58.64567 -16.55088
4 16 32.98171 -58.64567 -16.55088 32.98171 -63.68504 -16.55088 32.31658 -63.68504 -16.73585 32.31658 -58.64567 -16.73585
4 16 32.31658 -58.64567 -16.73585 32.31658 -63.68504 -16.73585 31.68979 -63.68504 -17.02526 31.68979 -58.64567 -17.02526
4 16 31.68979 -58.64567 -17.02526 31.68979 -63.68504 -17.02526 31.11764 -63.68504 -17.41161 31.11764 -58.64567 -17.41161
4 16 31.11764 -58.64567 -17.41161 31.11764 -63.68504 -17.41161 30.61499 -63.68504 -17.88486 30.61499 -58.64567 -17.88486
4 16 30.61499 -58.64567 -17.88486 30.61499 -63.68504 -17.88486 30.1949 -63.68504 -18.4327 30.1949 -58.64567 -18.4327
4 16 30.1949 -58.64567 -18.4327 30.1949 -63.68504 -18.4327 29.86827 -63.68504 -19.04093 29.86827 -58.64567 -19.04093
4 16 27.48182 -58.64567 -21.72767 27.48182 -63.68504 -21.72767 23.83622 -63.68504 -22.25042 23.83622 -58.64567 -22.25042
4 16 23.83622 -58.64567 -22.25042 23.83622 -63.68504 -22.25042 20.15748 -63.68504 -22.4252 20.15748 -58.64567 -22.4252
4 16 -20.15748 -58.64567 -22.4252 -20.15748 -63.68504 -22.4252 -23.83622 -63.68504 -22.25042 -23.83622 -58.64567 -22.25042
4 16 -23.83622 -58.64567 -22.25042 -23.83622 -63.68504 -22.25042 -27.48182 -63.68504 -21.72767 -27.48182 -58.64567 -21.72767
4 16 -29.86827 -58.64567 -19.04093 -29.86827 -63.68504 -19.04093 -30.1949 -63.68504 -18.4327 -30.1949 -58.64567 -18.4327
4 16 -30.1949 -58.64567 -18.4327 -30.1949 -63.68504 -18.4327 -30.61499 -63.68504 -17.88486 -30.61499 -58.64567 -17.88486
4 16 -30.61499 -58.64567 -17.88486 -30.61499 -63.68504 -17.88486 -31.11764 -63.68504 -17.41161 -31.11764 -58.64567 -17.41161
4 16 -31.11764 -58.64567 -17.41161 -31.11764 -63.68504 -17.41161 -31.68979 -63.68504 -17.02526 -31.68979 -58.64567 -17.02526
4 16 -31.68979 -58.64567 -17.02526 -31.68979 -63.68504 -17.02526 -32.31658 -63.68504 -16.73585 -32.31658 -58.64567 -16.73585
4 16 -32.31658 -58.64567 -16.73585 -32.31658 -63.68504 -16.73585 -32.98171 -63.68504 -16.55088 -32.98171 -58.64567 -16.55088
4 16 -32.98171 -58.64567 -16.55088 -32.98171 -63.68504 -16.55088 -33.66793 -63.68504 -16.47517 -33.66793 -58.64567 -16.47517
4 16 -33.66793 -58.64567 -16.47517 -33.66793 -63.68504 -16.47517 -34.35739 -63.68504 -16.51068 -34.35739 -58.64567 -16.51068
4 16 -34.35739 -58.64567 -16.51068 -34.35739 -63.68504 -16.51068 -35.03219 -63.68504 -16.65649 -35.03219 -58.64567 -16.65649
4 16 -35.03219 -58.64567 -16.65649 -35.03219 -63.68504 -16.65649 -35.6748 -63.68504 -16.90882 -35.6748 -58.64567 -16.90882
4 16 -35.6748 -58.64567 -16.90882 -35.6748 -63.68504 -16.90882 -36.26854 -63.68504 -17.2611 -36.26854 -58.64567 -17.2611
4 16 25.37462 -75.02362 31.95201 25.37462 -63.68504 31.7541 26.04855 -63.68504 31.80994 26.01597 -75.02362 32.00515
4 16 26.01597 -75.02362 32.00515 26.04855 -63.68504 31.80994 26.7041 -63.68504 31.97595 26.63983 -75.02362 32.16314
4 16 26.63983 -75.02362 32.16314 26.7041 -63.68504 31.97595 27.32338 -63.68504 32.24759 27.22918 -75.02362 32.42165
4 16 27.22918 -75.02362 32.42165 27.32338 -63.68504 32.24759 27.88951 -63.68504 32.61746 27.76794 -75.02362 32.77364
4 16 27.76794 -75.02362 32.77364 27.88951 -63.68504 32.61746 28.38703 -63.68504 33.07546 28.24142 -75.02362 33.20951
4 16 28.24142 -75.02362 33.20951 28.38703 -63.68504 33.07546 28.80239 -63.68504 33.60911 28.6367 -75.02362 33.71736
4 16 28.6367 -75.02362 33.71736 28.80239 -63.68504 33.60911 29.12424 -63.68504 34.20385 28.943 -75.02362 34.28335
4 16 28.943 -75.02362 34.28335 29.12424 -63.68504 34.20385 29.34382 -63.68504 34.84344 29.15196 -75.02362 34.89203
4 16 29.15196 -75.02362 34.89203 29.34382 -63.68504 34.84344 29.45512 -63.68504 35.51046 29.25788 -75.02362 35.52681
4 16 29.25788 -75.02362 35.52681 29.45512 -63.68504 35.51046 29.45512 -63.68504 36.1867 29.25788 -75.02362 36.17036
4 16 29.25788 -75.02362 36.17036 29.45512 -63.68504 36.1867 29.34382 -63.68504 36.85372 29.15196 -75.02362 36.80513
4 16 29.15196 -75.02362 36.80513 29.34382 -63.68504 36.85372 29.12424 -63.68504 37.49332 28.943 -75.02362 37.41382
4 16 28.943 -75.02362 37.41382 29.12424 -63.68504 37.49332 28.80239 -63.68504 38.08806 28.6367 -75.02362 37.97981
4 16 28.6367 -75.02362 37.97981 28.80239 -63.68504 38.08806 28.38703 -63.68504 38.62171 28.24142 -75.02362 38.48766
4 16 28.24142 -75.02362 38.48766 28.38703 -63.68504 38.62171 27.88951 -63.68504 39.07971 27.76794 -75.02362 38.92352
4 16 27.76794 -75.02362 38.92352 27.88951 -63.68504 39.07971 27.32338 -63.68504 39.44958 27.22918 -75.02362 39.27552
4 16 27.22918 -75.02362 39.27552 27.32338 -63.68504 39.44958 26.7041 -63.68504 39.72122 26.63983 -75.02362 39.53403
4 16 26.63983 -75.02362 39.53403 26.7041 -63.68504 39.72122 26.04855 -63.68504 39.88723 26.01597 -75.02362 39.69201
4 16 26.01597 -75.02362 39.69201 26.04855 -63.68504 39.88723 25.37462 -63.68504 39.94307 25.37462 -75.02362 39.74516
4 16 25.37462 -75.02362 39.74516 25.37462 -63.68504 39.94307 24.66362 -63.68504 39.88087 24.69799 -75.02362 39.68596
4 16 24.69799 -75.02362 39.68596 24.66362 -63.68504 39.88087 23.97422 -63.68504 39.69614 24.04191 -75.02362 39.51016
4 16 24.04191 -75.02362 39.51016 23.97422 -63.68504 39.69614 23.32737 -63.68504 39.39451 23.42633 -75.02362 39.22311
4 16 23.42633 -75.02362 39.22311 23.32737 -63.68504 39.39451 22.74273 -63.68504 38.98514 22.86995 -75.02362 38.83353
4 16 22.86995 -75.02362 38.83353 22.74273 -63.68504 38.98514 22.23806 -63.68504 38.48047 22.38967 -75.02362 38.35325
4 16 22.38967 -75.02362 38.35325 22.23806 -63.68504 38.48047 21.82869 -63.68504 37.89583 22.00009 -75.02362 37.79687
4 16 22.00009 -75.02362 37.79687 21.82869 -63.68504 37.89583 21.52706 -63.68504 37.24898 21.71304 -75.02362 37.18129
4 16 21.71304 -75.02362 37.18129 21.52706 -63.68504 37.24898 21.34234 -63.68504 36.55958 21.53724 -75.02362 36.52522
4 16 21.53724 -75.02362 36.52522 21.34234 -63.68504 36.55958 21.28013 -63.68504 35.84858 21.47805 -75.02362 35.84858
4 16 21.47805 -75.02362 35.84858 21.28013 -63.68504 35.84858 21.34234 -63.68504 35.13758 21.53724 -75.02362 35.17195
4 16 21.53724 -75.02362 35.17195 21.34234 -63.68504 35.13758 21.52706 -63.68504 34.44818 21.71304 -75.02362 34.51588
4 16 21.71304 -75.02362 34.51588 21.52706 -63.68504 34.44818 21.82869 -63.68504 33.80134 22.00009 -75.02362 33.9003
4 16 22.00009 -75.02362 33.9003 21.82869 -63.68504 33.80134 22.23806 -63.68504 33.2167 22.38967 -75.02362 33.34391
4 16 22.38967 -75.02362 33.34391 22.23806 -63.68504 33.2167 22.74273 -63.68504 32.71202 22.86995 -75.02362 32.86364
4 16 22.86995 -75.02362 32.86364 22.74273 -63.68504 32.71202 23.32737 -63.68504 32.30265 23.42633 -75.02362 32.47405
4 16 23.42633 -75.02362 32.47405 23.32737 -63.68504 32.30265 23.97422 -63.68504 32.00102 24.04191 -75.02362 32.187
4 16 24.04191 -75.02362 32.187 23.97422 -63.68504 32.00102 24.66362 -63.68504 31.8163 24.69799 -75.02362 32.01121
4 16 24.69799 -75.02362 32.01121 24.66362 -63.68504 31.8163 25.37462 -63.68504 31.7541 25.37462 -75.02362 31.95201
4 16 40.31496 -75.02362 12.48138 40.31496 -63.68504 12.28346 41.02596 -63.68504 12.34567 40.99159 -75.02362 12.54058
4 16 40.99159 -75.02362 12.54058 41.02596 -63.68504 12.34567 41.71536 -63.68504 12.53039 41.64767 -75.02362 12.71637
4 16 41.64767 -75.02362 12.71637 41.71536 -63.68504 12.53039 42.36221 -63.68504 12.83202 42.26325 -75.02362 13.00342
4 16 42.26325 -75.02362 13.00342 42.36221 -63.68504 12.83202 42.94685 -63.68504 13.24139 42.81963 -75.02362 13.393
4 16 42.81963 -75.02362 13.393 42.94685 -63.68504 13.24139 43.45152 -63.68504 13.74607 43.29991 -75.02362 13.87328
4 16 43.29991 -75.02362 13.87328 43.45152 -63.68504 13.74607 43.86089 -63.68504 14.33071 43.68949 -75.02362 14.42967
4 16 43.68949 -75.02362 14.42967 43.86089 -63.68504 14.33071 44.16252 -63.68504 14.97755 43.97654 -75.02362 15.04525
4 16 43.97654 -75.02362 15.04525 44.16252 -63.68504 14.97755 44.34725 -63.68504 15.66695 44.15233 -75.02362 15.70132
4 16 44.15233 -75.02362 15.70132 44.34725 -63.68504 15.66695 44.40945 -63.68504 16.37795 44.21153 -75.02362 16.37795
4 16 44.21153 -75.02362 16.37795 44.40945 -63.68504 16.37795 44.34725 -63.68504 17.08895 44.15233 -75.02362 17.05459
4 16 44.15233 -75.02362 17.05459 44.34725 -63.68504 17.08895 44.16252 -63.68504 17.77835 43.97654 -75.02362 17.71066
4 16 43.97654 -75.02362 17.71066 44.16252 -63.68504 17.77835 43.86089 -63.68504 18.4252 43.68949 -75.02362 18.32624
4 16 43.68949 -75.02362 18.32624 43.86089 -63.68504 18.4252 43.45152 -63.68504 19.00984 43.29991 -75.02362 18.88262
4 16 43.29991 -75.02362 18.88262 43.45152 -63.68504 19.00984 42.94685 -63.68504 19.51451 42.81963 -75.02362 19.3629
4 16 42.81963 -75.02362 19.3629 42.94685 -63.68504 19.51451 42.36221 -63.68504 19.92388 42.26325 -75.02362 19.75248
4 16 42.26325 -75.02362 19.75248 42.36221 -63.68504 19.92388 41.71536 -63.68504 20.22551 41.64767 -75.02362 20.03953
4 16 41.64767 -75.02362 20.03953 41.71536 -63.68504 20.22551 41.02596 -63.68504 20.41024 40.99159 -75.02362 20.21533
4 16 40.99159 -75.02362 20.21533 41.02596 -63.68504 20.41024 40.31496 -63.68504 20.47244 40.31496 -75.02362 20.27453
4 16 38.98548 -63.68504 20.25059 39.04974 -75.02362 20.0634 39.63833 -75.02362 20.21533 39.64103 -63.68504 20.4166
4 16 39.64103 -63.68504 20.4166 39.63833 -75.02362 20.21533 40.31496 -75.02362 20.27453 40.31496 -63.68504 20.47244
3 16 38.3662 -63.68504 19.97895 37.80007 -63.68504 19.60908 37.92164 -75.02362 19.4529
3 16 37.92164 -75.02362 19.4529 38.36668 -75.02362 19.75248 38.3662 -63.68504 19.97895
3 16 38.3662 -63.68504 19.97895 38.36668 -75.02362 19.75248 38.4604 -75.02362 19.80489
4 16 38.3662 -63.68504 19.97895 38.4604 -75.02362 19.80489 38.98225 -75.02362 20.03953 38.98548 -63.68504 20.25059
3 16 38.98548 -63.68504 20.25059 38.98225 -75.02362 20.03953 39.04974 -75.02362 20.0634
3 16 37.3 -63.69 19.15 36.89 -63.69 18.62 37.05288 -75.02362 18.50918
3 16 37.05288 -75.02362 18.50918 37.33001 -75.02362 18.88262 37.3 -63.69 19.15
3 16 37.3 -63.69 19.15 37.33001 -75.02362 18.88262 37.44816 -75.02362 19.01703
3 16 37.3 -63.69 19.15 37.44816 -75.02362 19.01703 37.80007 -63.68504 19.60908
3 16 37.80007 -63.68504 19.60908 37.44816 -75.02362 19.01703 37.81029 -75.02362 19.3629
3 16 37.80007 -63.68504 19.60908 37.81029 -75.02362 19.3629 37.92164 -75.02362 19.4529
3 16 36.57 -63.69 18.02 36.35 -63.69 17.38 36.53762 -75.02362 17.3345
3 16 36.53762 -75.02362 17.3345 36.65338 -75.02362 17.71066 36.57 -63.69 18.02
3 16 36.57 -63.69 18.02 36.65338 -75.02362 17.71066 36.74658 -75.02362 17.94319
3 16 36.57 -63.69 18.02 36.74658 -75.02362 17.94319 36.89 -63.69 18.62
3 16 36.89 -63.69 18.62 36.74658 -75.02362 17.94319 36.94043 -75.02362 18.32624
3 16 36.89 -63.69 18.62 36.94043 -75.02362 18.32624 37.05288 -75.02362 18.50918
3 16 36.23446 -63.68504 16.03983 36.41839 -75.02362 16.37795 36.23 -63.69 16.72
3 16 36.23 -63.69 16.72 36.41839 -75.02362 16.37795 36.4317 -75.02362 16.69973
3 16 36.23 -63.69 16.72 36.4317 -75.02362 16.69973 36.35 -63.69 17.38
3 16 36.35 -63.69 17.38 36.4317 -75.02362 16.69973 36.47758 -75.02362 17.05459
3 16 36.35 -63.69 17.38 36.47758 -75.02362 17.05459 36.53762 -75.02362 17.3345
3 16 36.34576 -63.68504 15.37282 36.47758 -75.02362 15.70132 36.23446 -63.68504 16.03983
3 16 36.23446 -63.68504 16.03983 36.47758 -75.02362 15.70132 36.4317 -75.02362 16.05618
3 16 36.23446 -63.68504 16.03983 36.4317 -75.02362 16.05618 36.41839 -75.02362 16.37795
3 16 36.57 -63.69 14.73 36.65338 -75.02362 15.04525 36.34576 -63.68504 15.37282
3 16 36.34576 -63.68504 15.37282 36.65338 -75.02362 15.04525 36.53762 -75.02362 15.4214
3 16 36.34576 -63.68504 15.37282 36.53762 -75.02362 15.4214 36.47758 -75.02362 15.70132
3 16 36.89 -63.69 14.14 36.94043 -75.02362 14.42967 36.57 -63.69 14.73
3 16 36.57 -63.69 14.73 36.94043 -75.02362 14.42967 36.74658 -75.02362 14.81272
3 16 36.57 -63.69 14.73 36.74658 -75.02362 14.81272 36.65338 -75.02362 15.04525
3 16 37.3 -63.69 13.6 37.33001 -75.02362 13.87328 36.89 -63.69 14.14
3 16 36.89 -63.69 14.14 37.33001 -75.02362 13.87328 37.05288 -75.02362 14.24673
3 16 36.89 -63.69 14.14 37.05288 -75.02362 14.24673 36.94043 -75.02362 14.42967
3 16 37.8 -63.69 13.15 37.81029 -75.02362 13.393 37.3 -63.69 13.6
3 16 37.3 -63.69 13.6 37.81029 -75.02362 13.393 37.44816 -75.02362 13.73888
3 16 37.3 -63.69 13.6 37.44816 -75.02362 13.73888 37.33001 -75.02362 13.87328
3 16 38.3662 -63.68504 12.77696 38.36668 -75.02362 13.00342 37.8 -63.69 13.15
3 16 37.8 -63.69 13.15 38.36668 -75.02362 13.00342 37.92164 -75.02362 13.30301
3 16 37.8 -63.69 13.15 37.92164 -75.02362 13.30301 37.81029 -75.02362 13.393
4 16 38.98548 -63.68504 12.50532 38.98225 -75.02362 12.71637 38.4604 -75.02362 12.95102 38.3662 -63.68504 12.77696
3 16 38.3662 -63.68504 12.77696 38.4604 -75.02362 12.95102 38.36668 -75.02362 13.00342
4 16 40.31496 -63.68504 12.28346 40.31496 -75.02362 12.48138 39.63833 -75.02362 12.54058 39.64103 -63.68504 12.33931
4 16 39.64103 -63.68504 12.33931 39.63833 -75.02362 12.54058 39.04974 -75.02362 12.69251 38.98548 -63.68504 12.50532
3 16 38.98548 -63.68504 12.50532 39.04974 -75.02362 12.69251 38.98225 -75.02362 12.71637
4 16 25.37462 -75.02362 0.8038944 25.37462 -63.68504 1.00181 24.66362 -63.68504 0.9396056 24.69799 -75.02362 0.7446967
4 16 24.69799 -75.02362 0.7446967 24.66362 -63.68504 0.9396056 23.97422 -63.68504 0.7548822 24.04191 -75.02362 0.5689024
4 16 24.04191 -75.02362 0.5689024 23.97422 -63.68504 0.7548822 23.32737 -63.68504 0.4532527 23.42633 -75.02362 0.2818527
4 16 23.42633 -75.02362 0.2818527 23.32737 -63.68504 0.4532527 22.74273 -63.68504 0.04388185 22.86995 -75.02362 -0.1077304
4 16 22.86995 -75.02362 -0.1077304 22.74273 -63.68504 0.04388185 22.23806 -63.68504 -0.4607918 22.38967 -75.02362 -0.5880095
4 16 22.38967 -75.02362 -0.5880095 22.23806 -63.68504 -0.4607918 21.82869 -63.68504 -1.045434 22.00009 -75.02362 -1.144392
4 16 22.00009 -75.02362 -1.144392 21.82869 -63.68504 -1.045434 21.52706 -63.68504 -1.692281 21.71304 -75.02362 -1.759972
4 16 21.71304 -75.02362 -1.759972 21.52706 -63.68504 -1.692281 21.34234 -63.68504 -2.381678 21.53724 -75.02362 -2.416045
4 16 21.53724 -75.02362 -2.416045 21.34234 -63.68504 -2.381678 21.28013 -63.68504 -3.092678 21.47805 -75.02362 -3.092678
4 16 21.47805 -75.02362 -3.092678 21.28013 -63.68504 -3.092678 21.34234 -63.68504 -3.803678 21.53724 -75.02362 -3.769311
4 16 21.53724 -75.02362 -3.769311 21.34234 -63.68504 -3.803678 21.52706 -63.68504 -4.493075 21.71304 -75.02362 -4.425384
4 16 21.71304 -75.02362 -4.425384 21.52706 -63.68504 -4.493075 21.82869 -63.68504 -5.139922 22.00009 -75.02362 -5.040964
4 16 22.00009 -75.02362 -5.040964 21.82869 -63.68504 -5.139922 22.23806 -63.68504 -5.724564 22.38967 -75.02362 -5.597346
4 16 22.38967 -75.02362 -5.597346 22.23806 -63.68504 -5.724564 22.74273 -63.68504 -6.229238 22.86995 -75.02362 -6.077626
4 16 22.86995 -75.02362 -6.077626 22.74273 -63.68504 -6.229238 23.32737 -63.68504 -6.638609 23.42633 -75.02362 -6.467209
4 16 23.42633 -75.02362 -6.467209 23.32737 -63.68504 -6.638609 23.97422 -63.68504 -6.940238 24.04191 -75.02362 -6.754258
4 16 24.04191 -75.02362 -6.754258 23.97422 -63.68504 -6.940238 24.66362 -63.68504 -7.124962 24.69799 -75.02362 -6.930053
4 16 24.69799 -75.02362 -6.930053 24.66362 -63.68504 -7.124962 25.37462 -63.68504 -7.187166 25.37462 -75.02362 -6.98925
4 16 25.37462 -75.02362 -6.98925 25.37462 -63.68504 -7.187166 26.08562 -63.68504 -7.124962 26.05125 -75.02362 -6.930053
4 16 26.05125 -75.02362 -6.930053 26.08562 -63.68504 -7.124962 26.77502 -63.68504 -6.940238 26.70733 -75.02362 -6.754258
4 16 26.70733 -75.02362 -6.754258 26.77502 -63.68504 -6.940238 27.42186 -63.68504 -6.638609 27.32291 -75.02362 -6.467209
4 16 27.32291 -75.02362 -6.467209 27.42186 -63.68504 -6.638609 28.00651 -63.68504 -6.229238 27.87929 -75.02362 -6.077626
4 16 27.87929 -75.02362 -6.077626 28.00651 -63.68504 -6.229238 28.51118 -63.68504 -5.724564 28.35957 -75.02362 -5.597346
4 16 28.35957 -75.02362 -5.597346 28.51118 -63.68504 -5.724564 28.92055 -63.68504 -5.139922 28.74915 -75.02362 -5.040964
4 16 28.74915 -75.02362 -5.040964 28.92055 -63.68504 -5.139922 29.22218 -63.68504 -4.493075 29.0362 -75.02362 -4.425384
4 16 29.0362 -75.02362 -4.425384 29.22218 -63.68504 -4.493075 29.4069 -63.68504 -3.803678 29.21199 -75.02362 -3.769311
4 16 29.21199 -75.02362 -3.769311 29.4069 -63.68504 -3.803678 29.46911 -63.68504 -3.092678 29.27119 -75.02362 -3.092678
4 16 29.27119 -75.02362 -3.092678 29.46911 -63.68504 -3.092678 29.4069 -63.68504 -2.381678 29.21199 -75.02362 -2.416045
4 16 29.21199 -75.02362 -2.416045 29.4069 -63.68504 -2.381678 29.22218 -63.68504 -1.692281 29.0362 -75.02362 -1.759972
4 16 29.0362 -75.02362 -1.759972 29.22218 -63.68504 -1.692281 28.92055 -63.68504 -1.045434 28.74915 -75.02362 -1.144392
4 16 28.74915 -75.02362 -1.144392 28.92055 -63.68504 -1.045434 28.51118 -63.68504 -0.4607918 28.35957 -75.02362 -0.5880095
4 16 28.35957 -75.02362 -0.5880095 28.51118 -63.68504 -0.4607918 28.00651 -63.68504 0.04388185 27.87929 -75.02362 -0.1077304
4 16 27.87929 -75.02362 -0.1077304 28.00651 -63.68504 0.04388185 27.42186 -63.68504 0.4532527 27.32291 -75.02362 0.2818527
4 16 27.32291 -75.02362 0.2818527 27.42186 -63.68504 0.4532527 26.77502 -63.68504 0.7548822 26.70733 -75.02362 0.5689024
4 16 26.70733 -75.02362 0.5689024 26.77502 -63.68504 0.7548822 26.08562 -63.68504 0.9396056 26.05125 -75.02362 0.7446967
4 16 26.05125 -75.02362 0.7446967 26.08562 -63.68504 0.9396056 25.37462 -63.68504 1.00181 25.37462 -75.02362 0.8038944
2 24 4.831275 -63.68504 55.1811 4.831275 -63.68504 55.1811
2 24 20.15748 -63.68504 55.1811 20.15748 -63.68504 55.1811
2 24 -39.62408 -63.68504 49.94484 -35.05884 -63.68504 52.20579
2 24 4.831275 -63.68504 -22.4252 4.831275 -63.68504 -22.4252
2 24 20.15748 -63.68504 -22.4252 20.15748 -63.68504 -22.4252
2 24 29.86827 -63.68504 -19.04093 29.86827 -63.68504 -19.04093
2 24 16.95428 -63.68504 24.3235 16.95428 -63.68504 24.3235
2 24 10.48165 -63.68504 51.28394 10.48165 -63.68504 51.28394
2 24 14.36368 -63.68504 45.90761 14.36368 -63.68504 45.90761
2 24 32.83538 -63.68504 26.11327 32.83538 -63.68504 26.11327
2 24 51.20378 -63.68504 35.03747 51.20378 -63.68504 35.03747
2 24 34.91431 -63.68504 6.642637 34.91431 -63.68504 6.642637
2 24 48.11018 -63.68504 -6.658903 48.11018 -63.68504 -6.658903
2 24 18.31896 -63.68504 6.642637 18.31896 -63.68504 6.642637
2 24 7.772786 -63.68504 -17.66128 7.772786 -63.68504 -17.66128
2 24 15.66961 -63.68504 6.642637 15.66961 -63.68504 6.642637
2 24 -10.16915 -63.68504 -18.43991 -10.16915 -63.68504 -18.43991
2 24 10.48165 -63.68504 51.28394 16.95428 -73.76378 24.3235
2 24 29.89135 -63.68504 -19.05102 29.89135 -63.68504 -19.05102
2 24 -29.89135 -63.68504 -19.05102 -29.89135 -63.68504 -19.05102
