0 VEX-IQ-气动-组装-三通接头-1
0 Name: s/228-7726-002s1.dat
0 Author: 
0 !LDRAW_ORG Subpart
0 !LICENSE Redistributable under CCAL version 2.0 : see CAreadme.txt

0 BFC CERTIFY CCW

0 // Created with stl2dat conversion tool

3 16 4.02 5.06 -6.33 3.98 5.04 -6.26 3.33 5.06 -6.72
4 16 3.33 5.06 -6.72 3.98 5.04 -6.26 3.3 5.04 -6.64 3.19 5.05 -6.74

3 16 4.07 5.09 -6.4 4.02 5.06 -6.33 3.37 5.09 -6.79
4 16 3.37 5.09 -6.79 4.02 5.06 -6.33 3.33 5.06 -6.72 3.23 5.07 -6.83

3 16 3.5 5.54 -7.05 3.5 5.5 -7.05 3.36 5.5 -7.12
3 16 3.5 5.54 -7.05 3.36 5.5 -7.12 3.36 5.54 -7.12

3 16 6.17 5.04 4.03 6.21 5.04 4.05 6.13 5.04 4.17
3 16 6.17 5.04 4.03 6.13 5.04 4.17 6.09 5.04 4.15

3 16 3.15 5.04 -6.66 3.17 5.04 -6.71 3.3 5.04 -6.64
3 16 3.15 5.04 -6.66 3.3 5.04 -6.64 3.28 5.04 -6.6

3 16 1.68 4.53 -7.62 1.56 4.41 -7.65 1.54 4.42 -7.67
3 16 1.54 4.42 -7.67 1.56 4.41 -7.65 1.41 4.3 -7.7

4 16 3.01 5.34 -7.24 3.35 5.36 -7.09 3.34 5.33 -7.08 3.01 5.3 -7.22
3 16 3.35 5.36 -7.09 3.48 5.33 -7.01 3.34 5.33 -7.08

3 16 -6.68 5.06 3.42 -6.6 5.04 3.38 -6.28 5.06 4.1
4 16 -6.28 5.06 4.1 -6.6 5.04 3.38 -6.21 5.04 4.05 -6.17 5.05 4.2

3 16 -6.75 5.09 3.45 -6.68 5.06 3.42 -6.35 5.09 4.14
4 16 -6.35 5.09 4.14 -6.68 5.06 3.42 -6.28 5.06 4.1 -6.25 5.07 4.25

3 16 -3.36 5.54 -7.12 -3.36 5.5 -7.12 -3.5 5.54 -7.05
3 16 -3.5 5.54 -7.05 -3.36 5.5 -7.12 -3.5 5.5 -7.05

3 16 -3.28 5.04 -6.6 -3.3 5.04 -6.64 -3.17 5.04 -6.71
3 16 -3.28 5.04 -6.6 -3.17 5.04 -6.71 -3.15 5.04 -6.66

3 16 -6.09 5.04 4.15 -6.13 5.04 4.17 -6.21 5.04 4.05
3 16 -6.09 5.04 4.15 -6.21 5.04 4.05 -6.17 5.04 4.03

3 16 -3.35 5.36 -7.09 -3.34 5.33 -7.08 -3.48 5.33 -7.01
4 16 -3.34 5.33 -7.08 -3.35 5.36 -7.09 -3.01 5.34 -7.24 -3.01 5.3 -7.22

3 16 -6.47 5.33 4.4 -6.25 5.33 4.73 -6.48 5.36 4.41
3 16 -6.48 5.36 4.41 -6.55 5.33 4.28 -6.47 5.33 4.4

3 16 -5.62 4.78 5.22 -5.72 4.88 5.11 -5.71 4.86 5.08
3 16 -5.62 4.78 5.22 -5.71 4.86 5.08 -5.6 4.77 5.19

3 16 -5.23 4.43 5.82 -5.23 4.42 5.8 -5.12 4.3 5.92
3 16 -5.23 4.43 5.82 -5.34 4.55 5.69 -5.23 4.42 5.8

3 16 -5.1 4.35 5.98 -5.1 4.34 5.97 -4.99 4.2 6.07
3 16 -5.06 4.25 6 -4.99 4.2 6.07 -5.1 4.34 5.97

3 16 0 4.13 8.73 0 4.2 8 -1.31 4.17 8
4 16 -17.13 3.84 8.68 0 4.13 8.73 -1.31 4.17 8 -17.13 3.9 8

3 16 -1.31 -4.17 8 0 -4.2 8 0 -4.13 8.73
4 16 -17.13 -3.9 8 -1.31 -4.17 8 0 -4.13 8.73 -17.13 -3.84 8.68

3 16 0 -4.13 8.73 0 -4.2 8 1.31 -4.17 8
4 16 17.13 -3.84 8.68 0 -4.13 8.73 1.31 -4.17 8 17.13 -3.9 8

3 16 1.31 4.17 8 0 4.2 8 0 4.13 8.73
4 16 17.13 3.9 8 1.31 4.17 8 0 4.13 8.73 17.13 3.84 8.68

3 16 5.01 4.17 6.03 5.06 4.25 6 5 4.18 6.05
3 16 5.01 4.17 6.03 5 4.18 6.05 4.95 4.1 6.09

3 16 5.03 4.13 5.99 5.09 4.19 5.91 5.08 4.21 5.94
3 16 5.08 4.21 5.94 5.09 4.19 5.91 5.13 4.27 5.88

3 16 6.25 5.33 4.74 6.47 5.33 4.4 6.48 5.36 4.41
3 16 6.48 5.36 4.41 6.47 5.33 4.4 6.55 5.33 4.28

3 16 6.01 5.28 5.06 6.25 5.33 4.74 6.26 5.38 4.75
3 16 6.26 5.38 4.75 6.25 5.33 4.74 6.48 5.36 4.41

3 16 6.17 5.04 4.03 6.09 5.04 4.15 5.88 5.04 3.82
3 16 7.36 5.04 -0.41 5.24 5.04 3.23 7.28 5.04 -1.18
4 16 7.28 5.04 -1.18 5.24 5.04 3.23 4.85 5.04 3.03 7.11 5.04 -1.94
4 16 5.59 5.04 3.5 7.12 5.04 1.91 6.88 5.04 2.65 5.88 5.04 3.82
3 16 5.88 5.04 3.82 6.88 5.04 2.65 6.56 5.04 3.36
3 16 5.88 5.04 3.82 6.56 5.04 3.36 6.17 5.04 4.03
3 16 7.36 5.04 -0.41 7.36 5.04 0.37 5.24 5.04 3.23
3 16 5.24 5.04 3.23 7.36 5.04 0.37 7.28 5.04 1.15
4 16 5.24 5.04 3.23 7.28 5.04 1.15 7.12 5.04 1.91 5.59 5.04 3.5
3 16 7.11 5.04 -1.94 4.85 5.04 3.03 6.87 5.04 -2.68
4 16 6.87 5.04 -2.68 4.85 5.04 3.03 4.44 5.04 2.9 6.55 5.04 -3.38
3 16 4.59 5.04 -5.77 5.17 5.04 -5.25 4 5.04 2.84
3 16 4 5.04 2.84 5.17 5.04 -5.25 5.69 5.04 -4.68
4 16 4 5.04 2.84 5.69 5.04 -4.68 6.15 5.04 -4.06 4.44 5.04 2.9
3 16 4.44 5.04 2.9 6.15 5.04 -4.06 6.55 5.04 -3.38
4 16 4.59 5.04 -5.77 4 5.04 2.84 3.88 5.04 2.83 3.95 5.04 -6.22
4 16 3.95 5.04 -6.22 3.88 5.04 2.83 3.15 5.04 2.83 3.28 5.04 -6.6

3 16 1.52 3.9 -7.49 1.42 3.85 -7.57 1.4 3.85 -7.58
3 16 1.52 3.9 -7.49 1.4 3.85 -7.58 1.35 3.9 -7.63

3 16 2.95 3.78 4.08 2.76 3.78 4.03 2.96 3.81 4.08
3 16 2.96 3.81 4.08 2.76 3.78 4.03 2.77 3.85 4.03

3 16 2.78 3.91 4.03 2.96 3.85 4.08 2.96 3.81 4.08
3 16 2.96 3.81 4.08 2.77 3.85 4.03 2.78 3.91 4.03

3 16 2.98 3.88 4.08 2.96 3.85 4.08 2.81 3.97 4.03
3 16 2.78 3.91 4.03 2.81 3.97 4.03 2.96 3.85 4.08

3 16 3 3.91 4.08 2.98 3.88 4.08 2.85 4.03 4.03
3 16 2.98 3.88 4.08 2.81 3.97 4.03 2.85 4.03 4.03

3 16 3.02 3.93 4.08 3 3.91 4.08 2.9 4.08 4.03
3 16 3 3.91 4.08 2.85 4.03 4.03 2.9 4.08 4.03

3 16 3.05 3.95 4.08 3.02 3.93 4.08 2.95 4.12 4.03
3 16 3.02 3.93 4.08 2.9 4.08 4.03 2.95 4.12 4.03

3 16 3.08 3.96 4.08 3.05 3.95 4.08 3.02 4.15 4.03
3 16 3.05 3.95 4.08 2.95 4.12 4.03 3.02 4.15 4.03

3 16 3.12 3.97 4.08 3.08 3.96 4.08 3.08 4.16 4.03
3 16 3.08 3.96 4.08 3.02 4.15 4.03 3.08 4.16 4.03

3 16 3.15 2.94 4.09 3.15 3.78 4.09 3.3 2.77 4.09
4 16 3.3 2.77 4.09 3.15 3.78 4.09 3.88 3.78 4.09 3.73 2.15 4.09
3 16 3.73 2.15 4.09 3.88 3.78 4.09 3.88 1.86 4.09

3 16 0.76 -4.31 8 1.31 -4.17 8 0 -4.2 8
3 16 -1.31 -4.17 8 -0.76 -4.31 8 0 -4.2 8
4 16 0 -4.2 8 -0.76 -4.31 8 0 -4.37 8 0.76 -4.31 8

3 16 -3.73 2.15 4.09 -3.88 1.86 4.09 -3.88 3.78 4.09
4 16 -3.15 3.78 4.09 -3.15 2.94 4.09 -3.3 2.77 4.09 -3.88 3.78 4.09
3 16 -3.88 3.78 4.09 -3.3 2.77 4.09 -3.73 2.15 4.09

3 16 -3.03 4.15 4.03 -3.09 3.97 4.08 -3.12 3.98 4.08
3 16 -3.03 4.15 4.03 -3.12 3.98 4.08 -3.09 4.17 4.03

3 16 -2.97 4.13 4.03 -3.06 3.96 4.08 -3.09 3.97 4.08
3 16 -2.97 4.13 4.03 -3.09 3.97 4.08 -3.03 4.15 4.03

3 16 -2.92 4.1 4.03 -3.03 3.94 4.08 -3.06 3.96 4.08
3 16 -2.92 4.1 4.03 -3.06 3.96 4.08 -2.97 4.13 4.03

3 16 -2.87 4.06 4.03 -3.01 3.92 4.08 -3.03 3.94 4.08
3 16 -2.87 4.06 4.03 -3.03 3.94 4.08 -2.92 4.1 4.03

3 16 -2.83 4.01 4.03 -2.99 3.9 4.08 -3.01 3.92 4.08
3 16 -2.83 4.01 4.03 -3.01 3.92 4.08 -2.87 4.06 4.03

3 16 -2.8 3.96 4.03 -2.97 3.87 4.08 -2.99 3.9 4.08
3 16 -2.8 3.96 4.03 -2.99 3.9 4.08 -2.83 4.01 4.03

3 16 -2.78 3.9 4.03 -2.96 3.84 4.08 -2.97 3.87 4.08
3 16 -2.78 3.9 4.03 -2.97 3.87 4.08 -2.8 3.96 4.03

3 16 -2.76 3.84 4.03 -2.95 3.81 4.08 -2.96 3.84 4.08
3 16 -2.76 3.84 4.03 -2.96 3.84 4.08 -2.78 3.9 4.03

3 16 -2.76 3.84 4.03 -2.76 3.78 4.03 -2.95 3.78 4.08
3 16 -2.95 3.78 4.08 -2.95 3.81 4.08 -2.76 3.84 4.03

3 16 -3.15 5.04 -6.58 -3.15 5.04 -6.66 -3.04 5.03 -6.58
3 16 -3.04 5.03 -6.58 -2.95 5.02 2.83 -3.15 5.04 -6.58

3 16 -6.55 5.04 -3.38 -6.15 5.04 -4.06 -4.44 5.04 2.9
3 16 -5.17 5.04 -5.25 -4.59 5.04 -5.77 -4 5.04 2.84
4 16 -4 5.04 2.84 -4.59 5.04 -5.77 -3.95 5.04 -6.22 -3.88 5.04 2.83
3 16 -3.28 5.04 -6.6 -3.15 5.04 -6.66 -3.15 5.04 -6.58
4 16 -4.44 5.04 2.9 -6.15 5.04 -4.06 -5.69 5.04 -4.68 -4 5.04 2.84
3 16 -4 5.04 2.84 -5.69 5.04 -4.68 -5.17 5.04 -5.25
4 16 -4.85 5.04 3.03 -7.28 5.04 -1.18 -7.11 5.04 -1.94 -4.44 5.04 2.9
3 16 -4.44 5.04 2.9 -7.11 5.04 -1.94 -6.87 5.04 -2.68
3 16 -4.44 5.04 2.9 -6.87 5.04 -2.68 -6.55 5.04 -3.38
4 16 -5.59 5.04 3.5 -6.88 5.04 2.65 -7.12 5.04 1.91 -5.24 5.04 3.23
3 16 -5.24 5.04 3.23 -7.12 5.04 1.91 -7.28 5.04 1.15
3 16 -7.28 5.04 1.15 -7.36 5.04 0.37 -5.24 5.04 3.23
3 16 -5.24 5.04 3.23 -7.36 5.04 0.37 -7.36 5.04 -0.41
4 16 -5.24 5.04 3.23 -7.36 5.04 -0.41 -7.28 5.04 -1.18 -4.85 5.04 3.03
3 16 -6.09 5.04 4.15 -6.17 5.04 4.03 -5.88 5.04 3.82
3 16 -5.88 5.04 3.82 -6.17 5.04 4.03 -6.56 5.04 3.36
4 16 -5.88 5.04 3.82 -6.56 5.04 3.36 -6.88 5.04 2.65 -5.59 5.04 3.5
3 16 -3.15 5.04 -6.58 -3.15 5.04 2.83 -3.28 5.04 -6.6
4 16 -3.28 5.04 -6.6 -3.15 5.04 2.83 -3.88 5.04 2.83 -3.95 5.04 -6.22

3 16 -3.88 3.78 4.09 -3.94 3.78 4.1 -3.88 3.9 4.09
3 16 -3.88 3.9 4.09 -3.94 3.78 4.1 -3.94 3.9 4.09

3 16 -0.68 4.32 8 -1.31 4.17 8 0 4.2 8
3 16 1.31 4.17 8 0.68 4.32 8 0 4.2 8
3 16 0 4.2 8 0.68 4.32 8 0 4.37 8
3 16 0 4.2 8 0 4.37 8 -0.68 4.32 8

3 16 5.37 4.5 5.42 5.41 4.56 5.41 5.37 4.51 5.48
3 16 5.37 4.5 5.42 5.37 4.51 5.48 5.35 4.49 5.51

3 16 3.88 3.78 4.09 3.88 3.9 4.09 3.94 3.78 4.1
3 16 3.94 3.78 4.1 3.88 3.9 4.09 3.94 3.9 4.09

3 16 22.17 1.24 8.22 0 1.26 8 22.17 1.26 8
2 24 22.17 1.24 8.22 22.17 1.26 8
3 16 22.17 1.24 8.22 -22.17 1.24 8.22 0 1.26 8
3 16 0 1.26 8 -22.17 1.24 8.22 -22.17 1.26 8
2 24 -22.17 1.26 8 -22.17 1.24 8.22

3 16 -22.17 -1.24 8.22 0 -1.26 8 -22.17 -1.26 8
2 24 -22.17 -1.24 8.22 -22.17 -1.26 8
3 16 22.17 -1.26 8 0 -1.26 8 22.17 -1.24 8.22
2 24 22.17 -1.26 8 22.17 -1.24 8.22
3 16 22.17 -1.24 8.22 0 -1.26 8 -22.17 -1.24 8.22

4 16 -22.17 -0.81 8.97 -22.17 -2 10.38 -22.17 -1.55 10.69 -22.17 -0.63 9.09
2 24 -22.17 -2 10.38 -22.17 -1.55 10.69
2 24 -22.17 -0.63 9.09 -22.17 -0.81 8.97
4 16 -22.17 -0.63 9.09 -22.17 -1.55 10.69 -22.17 -1.06 10.92 -22.17 -0.43 9.18
2 24 -22.17 -1.55 10.69 -22.17 -1.06 10.92
2 24 -22.17 -0.43 9.18 -22.17 -0.63 9.09
4 16 -22.17 -0.43 9.18 -22.17 -1.06 10.92 -22.17 -0.54 11.06 -22.17 -0.22 9.24
2 24 -22.17 -1.06 10.92 -22.17 -0.54 11.06
2 24 -22.17 -0.22 9.24 -22.17 -0.43 9.18
4 16 -22.17 -0.22 9.24 -22.17 -0.54 11.06 -22.17 0 11.11 -22.17 0 9.26
2 24 -22.17 -0.54 11.06 -22.17 0 11.11
2 24 -22.17 0 9.26 -22.17 -0.22 9.24
4 16 -22.17 0 9.26 -22.17 0 11.11 -22.17 0.54 11.06 -22.17 0.22 9.24
2 24 -22.17 0 11.11 -22.17 0.54 11.06
2 24 -22.17 0.22 9.24 -22.17 0 9.26
4 16 -22.17 0.22 9.24 -22.17 0.54 11.06 -22.17 1.06 10.92 -22.17 0.43 9.18
2 24 -22.17 0.54 11.06 -22.17 1.06 10.92
2 24 -22.17 0.43 9.18 -22.17 0.22 9.24
4 16 -22.17 0.43 9.18 -22.17 1.06 10.92 -22.17 1.55 10.69 -22.17 0.63 9.09
2 24 -22.17 1.06 10.92 -22.17 1.55 10.69
2 24 -22.17 0.63 9.09 -22.17 0.43 9.18
4 16 -22.17 0.63 9.09 -22.17 1.55 10.69 -22.17 2 10.38 -22.17 0.81 8.97
2 24 -22.17 1.55 10.69 -22.17 2 10.38
2 24 -22.17 0.81 8.97 -22.17 0.63 9.09
4 16 -22.17 0.81 8.97 -22.17 2 10.38 -22.17 2.38 10 -22.17 0.97 8.81
2 24 -22.17 2 10.38 -22.17 2.38 10
2 24 -22.17 0.97 8.81 -22.17 0.81 8.97
4 16 -22.17 0.97 8.81 -22.17 2.38 10 -22.17 2.69 9.55 -22.17 1.09 8.63
2 24 -22.17 2.38 10 -22.17 2.69 9.55
2 24 -22.17 1.09 8.63 -22.17 0.97 8.81
4 16 -22.17 1.09 8.63 -22.17 2.69 9.55 -22.17 2.92 9.06 -22.17 1.18 8.43
2 24 -22.17 2.69 9.55 -22.17 2.92 9.06
2 24 -22.17 1.18 8.43 -22.17 1.09 8.63
4 16 -22.17 1.18 8.43 -22.17 2.92 9.06 -22.17 3.06 8.54 -22.17 1.24 8.22
2 24 -22.17 2.92 9.06 -22.17 3.06 8.54
2 24 -22.17 1.24 8.22 -22.17 1.18 8.43
4 16 -22.17 1.24 8.22 -22.17 3.06 8.54 -22.17 3.11 8 -22.17 1.26 8
2 24 -22.17 3.06 8.54 -22.17 3.11 8
4 16 -22.17 1.26 8 -22.17 3.11 8 -22.17 3.06 7.46 -22.17 1.24 7.78
2 24 -22.17 3.11 8 -22.17 3.06 7.46
2 24 -22.17 1.24 7.78 -22.17 1.26 8
4 16 -22.17 1.24 7.78 -22.17 3.06 7.46 -22.17 2.92 6.94 -22.17 1.18 7.57
2 24 -22.17 3.06 7.46 -22.17 2.92 6.94
2 24 -22.17 1.18 7.57 -22.17 1.24 7.78
4 16 -22.17 1.18 7.57 -22.17 2.92 6.94 -22.17 2.69 6.45 -22.17 1.09 7.37
2 24 -22.17 2.92 6.94 -22.17 2.69 6.45
2 24 -22.17 1.09 7.37 -22.17 1.18 7.57
4 16 -22.17 1.09 7.37 -22.17 2.69 6.45 -22.17 2.38 6 -22.17 0.97 7.19
2 24 -22.17 2.69 6.45 -22.17 2.38 6
2 24 -22.17 0.97 7.19 -22.17 1.09 7.37
4 16 -22.17 0.97 7.19 -22.17 2.38 6 -22.17 2 5.62 -22.17 0.81 7.03
2 24 -22.17 2.38 6 -22.17 2 5.62
2 24 -22.17 0.81 7.03 -22.17 0.97 7.19
4 16 -22.17 0.81 7.03 -22.17 2 5.62 -22.17 1.55 5.31 -22.17 0.63 6.91
2 24 -22.17 2 5.62 -22.17 1.55 5.31
2 24 -22.17 0.63 6.91 -22.17 0.81 7.03
4 16 -22.17 0.63 6.91 -22.17 1.55 5.31 -22.17 1.06 5.08 -22.17 0.43 6.82
2 24 -22.17 1.55 5.31 -22.17 1.06 5.08
2 24 -22.17 0.43 6.82 -22.17 0.63 6.91
4 16 -22.17 0.43 6.82 -22.17 1.06 5.08 -22.17 0.54 4.94 -22.17 0.22 6.76
2 24 -22.17 1.06 5.08 -22.17 0.54 4.94
2 24 -22.17 0.22 6.76 -22.17 0.43 6.82
4 16 -22.17 0.22 6.76 -22.17 0.54 4.94 -22.17 0 4.89 -22.17 0 6.74
2 24 -22.17 0.54 4.94 -22.17 0 4.89
2 24 -22.17 0 6.74 -22.17 0.22 6.76
4 16 -22.17 0 6.74 -22.17 0 4.89 -22.17 -0.54 4.94 -22.17 -0.22 6.76
2 24 -22.17 0 4.89 -22.17 -0.54 4.94
2 24 -22.17 -0.22 6.76 -22.17 0 6.74
4 16 -22.17 -0.22 6.76 -22.17 -0.54 4.94 -22.17 -1.06 5.08 -22.17 -0.43 6.82
2 24 -22.17 -0.54 4.94 -22.17 -1.06 5.08
2 24 -22.17 -0.43 6.82 -22.17 -0.22 6.76
4 16 -22.17 -0.43 6.82 -22.17 -1.06 5.08 -22.17 -1.55 5.31 -22.17 -0.63 6.91
2 24 -22.17 -1.06 5.08 -22.17 -1.55 5.31
2 24 -22.17 -0.63 6.91 -22.17 -0.43 6.82
4 16 -22.17 -0.63 6.91 -22.17 -1.55 5.31 -22.17 -2 5.62 -22.17 -0.81 7.03
2 24 -22.17 -1.55 5.31 -22.17 -2 5.62
2 24 -22.17 -0.81 7.03 -22.17 -0.63 6.91
4 16 -22.17 -0.81 7.03 -22.17 -2 5.62 -22.17 -2.38 6 -22.17 -0.97 7.19
2 24 -22.17 -2 5.62 -22.17 -2.38 6
2 24 -22.17 -0.97 7.19 -22.17 -0.81 7.03
4 16 -22.17 -0.97 7.19 -22.17 -2.38 6 -22.17 -2.69 6.45 -22.17 -1.09 7.37
2 24 -22.17 -2.38 6 -22.17 -2.69 6.45
2 24 -22.17 -1.09 7.37 -22.17 -0.97 7.19
4 16 -22.17 -1.09 7.37 -22.17 -2.69 6.45 -22.17 -2.92 6.94 -22.17 -1.18 7.57
2 24 -22.17 -2.69 6.45 -22.17 -2.92 6.94
2 24 -22.17 -1.18 7.57 -22.17 -1.09 7.37
4 16 -22.17 -1.18 7.57 -22.17 -2.92 6.94 -22.17 -3.06 7.46 -22.17 -1.24 7.78
2 24 -22.17 -2.92 6.94 -22.17 -3.06 7.46
2 24 -22.17 -1.24 7.78 -22.17 -1.18 7.57
4 16 -22.17 -1.24 7.78 -22.17 -3.06 7.46 -22.17 -3.11 8 -22.17 -1.26 8
2 24 -22.17 -3.06 7.46 -22.17 -3.11 8
2 24 -22.17 -1.26 8 -22.17 -1.24 7.78
4 16 -22.17 -1.26 8 -22.17 -3.11 8 -22.17 -3.06 8.54 -22.17 -1.24 8.22
2 24 -22.17 -3.11 8 -22.17 -3.06 8.54
4 16 -22.17 -1.24 8.22 -22.17 -3.06 8.54 -22.17 -2.92 9.06 -22.17 -1.18 8.43
2 24 -22.17 -3.06 8.54 -22.17 -2.92 9.06
2 24 -22.17 -1.18 8.43 -22.17 -1.24 8.22
4 16 -22.17 -1.18 8.43 -22.17 -2.92 9.06 -22.17 -2.69 9.55 -22.17 -1.09 8.63
2 24 -22.17 -2.92 9.06 -22.17 -2.69 9.55
2 24 -22.17 -1.09 8.63 -22.17 -1.18 8.43
4 16 -22.17 -1.09 8.63 -22.17 -2.69 9.55 -22.17 -2.38 10 -22.17 -0.97 8.81
2 24 -22.17 -2.69 9.55 -22.17 -2.38 10
2 24 -22.17 -0.97 8.81 -22.17 -1.09 8.63
4 16 -22.17 -0.97 8.81 -22.17 -2.38 10 -22.17 -2 10.38 -22.17 -0.81 8.97
2 24 -22.17 -2.38 10 -22.17 -2 10.38
2 24 -22.17 -0.81 8.97 -22.17 -0.97 8.81

4 16 22.17 -1.09 8.63 22.17 -2.69 9.55 22.17 -2.92 9.06 22.17 -1.18 8.43
2 24 22.17 -2.69 9.55 22.17 -2.92 9.06
2 24 22.17 -1.18 8.43 22.17 -1.09 8.63
4 16 22.17 -1.18 8.43 22.17 -2.92 9.06 22.17 -3.06 8.54 22.17 -1.24 8.22
2 24 22.17 -2.92 9.06 22.17 -3.06 8.54
2 24 22.17 -1.24 8.22 22.17 -1.18 8.43
4 16 22.17 -1.24 8.22 22.17 -3.06 8.54 22.17 -3.11 8 22.17 -1.26 8
2 24 22.17 -3.06 8.54 22.17 -3.11 8
4 16 22.17 -1.26 8 22.17 -3.11 8 22.17 -3.06 7.46 22.17 -1.24 7.78
2 24 22.17 -3.11 8 22.17 -3.06 7.46
2 24 22.17 -1.24 7.78 22.17 -1.26 8
4 16 22.17 -1.24 7.78 22.17 -3.06 7.46 22.17 -2.92 6.94 22.17 -1.18 7.57
2 24 22.17 -3.06 7.46 22.17 -2.92 6.94
2 24 22.17 -1.18 7.57 22.17 -1.24 7.78
4 16 22.17 -1.18 7.57 22.17 -2.92 6.94 22.17 -2.69 6.45 22.17 -1.09 7.37
2 24 22.17 -2.92 6.94 22.17 -2.69 6.45
2 24 22.17 -1.09 7.37 22.17 -1.18 7.57
4 16 22.17 -1.09 7.37 22.17 -2.69 6.45 22.17 -2.38 6 22.17 -0.97 7.19
2 24 22.17 -2.69 6.45 22.17 -2.38 6
2 24 22.17 -0.97 7.19 22.17 -1.09 7.37
4 16 22.17 -0.97 7.19 22.17 -2.38 6 22.17 -2 5.62 22.17 -0.81 7.03
2 24 22.17 -2.38 6 22.17 -2 5.62
2 24 22.17 -0.81 7.03 22.17 -0.97 7.19
4 16 22.17 -0.81 7.03 22.17 -2 5.62 22.17 -1.55 5.31 22.17 -0.63 6.91
2 24 22.17 -2 5.62 22.17 -1.55 5.31
2 24 22.17 -0.63 6.91 22.17 -0.81 7.03
4 16 22.17 -0.63 6.91 22.17 -1.55 5.31 22.17 -1.06 5.08 22.17 -0.43 6.82
2 24 22.17 -1.55 5.31 22.17 -1.06 5.08
2 24 22.17 -0.43 6.82 22.17 -0.63 6.91
4 16 22.17 -0.43 6.82 22.17 -1.06 5.08 22.17 -0.54 4.94 22.17 -0.22 6.76
2 24 22.17 -1.06 5.08 22.17 -0.54 4.94
2 24 22.17 -0.22 6.76 22.17 -0.43 6.82
4 16 22.17 -0.22 6.76 22.17 -0.54 4.94 22.17 0 4.89 22.17 0 6.74
2 24 22.17 -0.54 4.94 22.17 0 4.89
2 24 22.17 0 6.74 22.17 -0.22 6.76
4 16 22.17 0 6.74 22.17 0 4.89 22.17 0.54 4.94 22.17 0.22 6.76
2 24 22.17 0 4.89 22.17 0.54 4.94
2 24 22.17 0.22 6.76 22.17 0 6.74
4 16 22.17 0.22 6.76 22.17 0.54 4.94 22.17 1.06 5.08 22.17 0.43 6.82
2 24 22.17 0.54 4.94 22.17 1.06 5.08
2 24 22.17 0.43 6.82 22.17 0.22 6.76
4 16 22.17 0.43 6.82 22.17 1.06 5.08 22.17 1.55 5.31 22.17 0.63 6.91
2 24 22.17 1.06 5.08 22.17 1.55 5.31
2 24 22.17 0.63 6.91 22.17 0.43 6.82
4 16 22.17 0.63 6.91 22.17 1.55 5.31 22.17 2 5.62 22.17 0.81 7.03
2 24 22.17 1.55 5.31 22.17 2 5.62
2 24 22.17 0.81 7.03 22.17 0.63 6.91
4 16 22.17 0.81 7.03 22.17 2 5.62 22.17 2.38 6 22.17 0.97 7.19
2 24 22.17 2 5.62 22.17 2.38 6
2 24 22.17 0.97 7.19 22.17 0.81 7.03
4 16 22.17 0.97 7.19 22.17 2.38 6 22.17 2.69 6.45 22.17 1.09 7.37
2 24 22.17 2.38 6 22.17 2.69 6.45
2 24 22.17 1.09 7.37 22.17 0.97 7.19
4 16 22.17 1.09 7.37 22.17 2.69 6.45 22.17 2.92 6.94 22.17 1.18 7.57
2 24 22.17 2.69 6.45 22.17 2.92 6.94
2 24 22.17 1.18 7.57 22.17 1.09 7.37
4 16 22.17 1.18 7.57 22.17 2.92 6.94 22.17 3.06 7.46 22.17 1.24 7.78
2 24 22.17 2.92 6.94 22.17 3.06 7.46
2 24 22.17 1.24 7.78 22.17 1.18 7.57
4 16 22.17 1.24 7.78 22.17 3.06 7.46 22.17 3.11 8 22.17 1.26 8
2 24 22.17 3.06 7.46 22.17 3.11 8
2 24 22.17 1.26 8 22.17 1.24 7.78
4 16 22.17 1.26 8 22.17 3.11 8 22.17 3.06 8.54 22.17 1.24 8.22
2 24 22.17 3.11 8 22.17 3.06 8.54
4 16 22.17 1.24 8.22 22.17 3.06 8.54 22.17 2.92 9.06 22.17 1.18 8.43
2 24 22.17 3.06 8.54 22.17 2.92 9.06
2 24 22.17 1.18 8.43 22.17 1.24 8.22
4 16 22.17 1.18 8.43 22.17 2.92 9.06 22.17 2.69 9.55 22.17 1.09 8.63
2 24 22.17 2.92 9.06 22.17 2.69 9.55
2 24 22.17 1.09 8.63 22.17 1.18 8.43
4 16 22.17 1.09 8.63 22.17 2.69 9.55 22.17 2.38 10 22.17 0.97 8.81
2 24 22.17 2.69 9.55 22.17 2.38 10
2 24 22.17 0.97 8.81 22.17 1.09 8.63
4 16 22.17 0.97 8.81 22.17 2.38 10 22.17 2 10.38 22.17 0.81 8.97
2 24 22.17 2.38 10 22.17 2 10.38
2 24 22.17 0.81 8.97 22.17 0.97 8.81
4 16 22.17 0.81 8.97 22.17 2 10.38 22.17 1.55 10.69 22.17 0.63 9.09
2 24 22.17 2 10.38 22.17 1.55 10.69
2 24 22.17 0.63 9.09 22.17 0.81 8.97
4 16 22.17 0.63 9.09 22.17 1.55 10.69 22.17 1.06 10.92 22.17 0.43 9.18
2 24 22.17 1.55 10.69 22.17 1.06 10.92
2 24 22.17 0.43 9.18 22.17 0.63 9.09
4 16 22.17 0.43 9.18 22.17 1.06 10.92 22.17 0.54 11.06 22.17 0.22 9.24
2 24 22.17 1.06 10.92 22.17 0.54 11.06
2 24 22.17 0.22 9.24 22.17 0.43 9.18
4 16 22.17 0.22 9.24 22.17 0.54 11.06 22.17 0 11.11 22.17 0 9.26
2 24 22.17 0.54 11.06 22.17 0 11.11
2 24 22.17 0 9.26 22.17 0.22 9.24
4 16 22.17 0 9.26 22.17 0 11.11 22.17 -0.54 11.06 22.17 -0.22 9.24
2 24 22.17 0 11.11 22.17 -0.54 11.06
2 24 22.17 -0.22 9.24 22.17 0 9.26
4 16 22.17 -0.22 9.24 22.17 -0.54 11.06 22.17 -1.06 10.92 22.17 -0.43 9.18
2 24 22.17 -0.54 11.06 22.17 -1.06 10.92
2 24 22.17 -0.43 9.18 22.17 -0.22 9.24
4 16 22.17 -0.43 9.18 22.17 -1.06 10.92 22.17 -1.55 10.69 22.17 -0.63 9.09
2 24 22.17 -1.06 10.92 22.17 -1.55 10.69
2 24 22.17 -0.63 9.09 22.17 -0.43 9.18
4 16 22.17 -0.63 9.09 22.17 -1.55 10.69 22.17 -2 10.38 22.17 -0.81 8.97
2 24 22.17 -1.55 10.69 22.17 -2 10.38
2 24 22.17 -0.81 8.97 22.17 -0.63 9.09
4 16 22.17 -0.81 8.97 22.17 -2 10.38 22.17 -2.38 10 22.17 -0.97 8.81
2 24 22.17 -2 10.38 22.17 -2.38 10
2 24 22.17 -0.97 8.81 22.17 -0.81 8.97
4 16 22.17 -0.97 8.81 22.17 -2.38 10 22.17 -2.69 9.55 22.17 -1.09 8.63
2 24 22.17 -2.38 10 22.17 -2.69 9.55
2 24 22.17 -1.09 8.63 22.17 -0.97 8.81

3 16 0 10.08 7.87 1.2 10.08 7.78 3.49 10.08 7.06
2 24 0 10.08 7.87 1.2 10.08 7.78
3 16 0 10.08 7.87 3.49 10.08 7.06 -1.2 10.08 7.78
2 24 -1.2 10.08 7.78 0 10.08 7.87
3 16 -4.53 10.08 6.44 -3.49 10.08 7.06 3.49 10.08 7.06
2 24 -4.53 10.08 6.44 -3.49 10.08 7.06
3 16 3.49 10.08 7.06 -3.49 10.08 7.06 -2.38 10.08 7.51
2 24 -3.49 10.08 7.06 -2.38 10.08 7.51
3 16 3.49 10.08 7.06 -2.38 10.08 7.51 -1.2 10.08 7.78
2 24 -2.38 10.08 7.51 -1.2 10.08 7.78
3 16 -6.92 10.08 3.76 -6.26 10.08 4.77 3.49 10.08 7.06
2 24 -6.92 10.08 3.76 -6.26 10.08 4.77
3 16 3.49 10.08 7.06 -6.26 10.08 4.77 -5.46 10.08 5.67
2 24 -6.26 10.08 4.77 -5.46 10.08 5.67
3 16 3.49 10.08 7.06 -5.46 10.08 5.67 -4.53 10.08 6.44
2 24 -5.46 10.08 5.67 -4.53 10.08 6.44
3 16 -7.87 10.08 0.3 -7.73 10.08 1.5 3.49 10.08 7.06
2 24 -7.87 10.08 0.3 -7.73 10.08 1.5
3 16 3.49 10.08 7.06 -7.73 10.08 1.5 -7.41 10.08 2.66
2 24 -7.73 10.08 1.5 -7.41 10.08 2.66
3 16 3.49 10.08 7.06 -7.41 10.08 2.66 -6.92 10.08 3.76
2 24 -7.41 10.08 2.66 -6.92 10.08 3.76
3 16 -7.19 10.08 -3.22 -7.59 10.08 -2.09 3.49 10.08 7.06
2 24 -7.19 10.08 -3.22 -7.59 10.08 -2.09
3 16 3.49 10.08 7.06 -7.59 10.08 -2.09 -7.82 10.08 -0.9
2 24 -7.59 10.08 -2.09 -7.82 10.08 -0.9
3 16 3.49 10.08 7.06 -7.82 10.08 -0.9 -7.87 10.08 0.3
2 24 -7.82 10.08 -0.9 -7.87 10.08 0.3
3 16 -5.01 10.08 -6.07 -5.88 10.08 -5.24 3.49 10.08 7.06
2 24 -5.01 10.08 -6.07 -5.88 10.08 -5.24
3 16 3.49 10.08 7.06 -5.88 10.08 -5.24 -6.61 10.08 -4.28
2 24 -5.88 10.08 -5.24 -6.61 10.08 -4.28
3 16 3.49 10.08 7.06 -6.61 10.08 -4.28 -7.19 10.08 -3.22
2 24 -6.61 10.08 -4.28 -7.19 10.08 -3.22
3 16 -1.79 10.08 -7.67 -2.94 10.08 -7.3 3.49 10.08 7.06
2 24 -1.79 10.08 -7.67 -2.94 10.08 -7.3
3 16 3.49 10.08 7.06 -2.94 10.08 -7.3 -4.02 10.08 -6.77
2 24 -2.94 10.08 -7.3 -4.02 10.08 -6.77
3 16 3.49 10.08 7.06 -4.02 10.08 -6.77 -5.01 10.08 -6.07
2 24 -4.02 10.08 -6.77 -5.01 10.08 -6.07
3 16 1.79 10.08 -7.67 0.6 10.08 -7.85 3.49 10.08 7.06
2 24 1.79 10.08 -7.67 0.6 10.08 -7.85
3 16 3.49 10.08 7.06 0.6 10.08 -7.85 -0.6 10.08 -7.85
2 24 0.6 10.08 -7.85 -0.6 10.08 -7.85
3 16 3.49 10.08 7.06 -0.6 10.08 -7.85 -1.79 10.08 -7.67
2 24 -0.6 10.08 -7.85 -1.79 10.08 -7.67
3 16 5.01 10.08 -6.07 4.02 10.08 -6.77 3.49 10.08 7.06
2 24 5.01 10.08 -6.07 4.02 10.08 -6.77
3 16 3.49 10.08 7.06 4.02 10.08 -6.77 2.94 10.08 -7.3
2 24 4.02 10.08 -6.77 2.94 10.08 -7.3
3 16 3.49 10.08 7.06 2.94 10.08 -7.3 1.79 10.08 -7.67
2 24 2.94 10.08 -7.3 1.79 10.08 -7.67
3 16 7.19 10.08 -3.22 6.61 10.08 -4.28 3.49 10.08 7.06
2 24 7.19 10.08 -3.22 6.61 10.08 -4.28
3 16 3.49 10.08 7.06 6.61 10.08 -4.28 5.88 10.08 -5.24
2 24 6.61 10.08 -4.28 5.88 10.08 -5.24
3 16 3.49 10.08 7.06 5.88 10.08 -5.24 5.01 10.08 -6.07
2 24 5.88 10.08 -5.24 5.01 10.08 -6.07
3 16 7.87 10.08 0.3 7.82 10.08 -0.9 3.49 10.08 7.06
2 24 7.87 10.08 0.3 7.82 10.08 -0.9
3 16 3.49 10.08 7.06 7.82 10.08 -0.9 7.59 10.08 -2.09
2 24 7.82 10.08 -0.9 7.59 10.08 -2.09
3 16 3.49 10.08 7.06 7.59 10.08 -2.09 7.19 10.08 -3.22
2 24 7.59 10.08 -2.09 7.19 10.08 -3.22
3 16 6.92 10.08 3.76 7.41 10.08 2.66 3.49 10.08 7.06
2 24 6.92 10.08 3.76 7.41 10.08 2.66
3 16 3.49 10.08 7.06 7.41 10.08 2.66 7.73 10.08 1.5
2 24 7.41 10.08 2.66 7.73 10.08 1.5
3 16 3.49 10.08 7.06 7.73 10.08 1.5 7.87 10.08 0.3
2 24 7.73 10.08 1.5 7.87 10.08 0.3
3 16 4.53 10.08 6.44 5.46 10.08 5.67 3.49 10.08 7.06
2 24 4.53 10.08 6.44 5.46 10.08 5.67
2 24 3.49 10.08 7.06 4.53 10.08 6.44
3 16 3.49 10.08 7.06 5.46 10.08 5.67 6.26 10.08 4.77
2 24 5.46 10.08 5.67 6.26 10.08 4.77
3 16 3.49 10.08 7.06 6.26 10.08 4.77 6.92 10.08 3.76
2 24 6.26 10.08 4.77 6.92 10.08 3.76
3 16 1.2 10.08 7.78 2.38 10.08 7.51 3.49 10.08 7.06
2 24 1.2 10.08 7.78 2.38 10.08 7.51
2 24 2.38 10.08 7.51 3.49 10.08 7.06

3 16 -0.81 0.97 -24.38 -0.81 0.97 7.19 -0.97 0.81 -24.38
2 24 -0.81 0.97 -24.38 -0.97 0.81 -24.38
3 16 -0.97 0.81 -24.38 -0.81 0.97 7.19 -0.97 0.81 -8
3 16 -0.81 0.97 7.19 -0.97 0.81 7.03 -0.97 0.81 -8
2 24 -0.97 0.81 7.03 -0.81 0.97 7.19

3 16 -0.63 1.09 -24.38 -0.63 1.09 -8 -0.81 0.97 -24.38
2 24 -0.63 1.09 -24.38 -0.81 0.97 -24.38
3 16 -0.81 0.97 -24.38 -0.63 1.09 -8 -0.81 0.97 7.19
3 16 -0.63 1.09 -8 -0.63 1.09 7.37 -0.81 0.97 7.19
2 24 -0.81 0.97 7.19 -0.63 1.09 7.37

3 16 -0.43 1.18 -24.38 -0.43 1.18 7.57 -0.63 1.09 -24.38
2 24 -0.43 1.18 -24.38 -0.63 1.09 -24.38
3 16 -0.63 1.09 -24.38 -0.43 1.18 7.57 -0.63 1.09 -8
3 16 -0.43 1.18 7.57 -0.63 1.09 7.37 -0.63 1.09 -8
2 24 -0.63 1.09 7.37 -0.43 1.18 7.57

3 16 -0.22 1.24 -24.38 -0.22 1.24 -8 -0.43 1.18 -24.38
2 24 -0.22 1.24 -24.38 -0.43 1.18 -24.38
3 16 -0.43 1.18 -24.38 -0.22 1.24 -8 -0.43 1.18 7.57
3 16 -0.22 1.24 -8 -0.22 1.24 7.78 -0.43 1.18 7.57

3 16 0 1.26 -24.38 0 1.26 8 -0.22 1.24 -24.38
2 24 0 1.26 -24.38 -0.22 1.24 -24.38
3 16 -0.22 1.24 -24.38 0 1.26 8 -0.22 1.24 -8
3 16 0 1.26 8 -0.22 1.24 7.78 -0.22 1.24 -8

3 16 0.22 1.24 -24.38 0.22 1.24 -8 0 1.26 -24.38
2 24 0.22 1.24 -24.38 0 1.26 -24.38
3 16 0 1.26 -24.38 0.22 1.24 -8 0 1.26 8
3 16 0.22 1.24 -8 0.22 1.24 7.78 0 1.26 8

3 16 0.43 1.18 -24.38 0.43 1.18 7.57 0.22 1.24 -24.38
2 24 0.43 1.18 -24.38 0.22 1.24 -24.38
3 16 0.22 1.24 -24.38 0.43 1.18 7.57 0.22 1.24 -8
3 16 0.43 1.18 7.57 0.22 1.24 7.78 0.22 1.24 -8

3 16 0.63 1.09 -24.38 0.63 1.09 -8 0.43 1.18 -24.38
2 24 0.63 1.09 -24.38 0.43 1.18 -24.38
3 16 0.43 1.18 -24.38 0.63 1.09 -8 0.43 1.18 7.57
3 16 0.63 1.09 -8 0.63 1.09 7.37 0.43 1.18 7.57
2 24 0.43 1.18 7.57 0.63 1.09 7.37

3 16 0.81 0.97 -24.38 0.81 0.97 7.19 0.63 1.09 -24.38
2 24 0.81 0.97 -24.38 0.63 1.09 -24.38
3 16 0.63 1.09 -24.38 0.81 0.97 7.19 0.63 1.09 -8
3 16 0.81 0.97 7.19 0.63 1.09 7.37 0.63 1.09 -8
2 24 0.63 1.09 7.37 0.81 0.97 7.19

3 16 0.97 0.81 -24.38 0.97 0.81 -8 0.81 0.97 -24.38
2 24 0.97 0.81 -24.38 0.81 0.97 -24.38
3 16 0.81 0.97 -24.38 0.97 0.81 -8 0.81 0.97 7.19
3 16 0.97 0.81 -8 0.97 0.81 7.03 0.81 0.97 7.19
2 24 0.81 0.97 7.19 0.97 0.81 7.03

4 16 1.09 0.63 -24.38 1.09 0.63 -8 0.97 0.81 -8 0.97 0.81 -24.38
2 24 1.09 0.63 -24.38 0.97 0.81 -24.38
3 16 1.09 0.63 -8 1.09 0.63 6.91 0.97 0.81 -8

4 16 1.18 0.43 -24.38 1.18 0.43 -8 1.09 0.63 -8 1.09 0.63 -24.38
2 24 1.18 0.43 -24.38 1.09 0.63 -24.38
3 16 1.18 0.43 -8 1.18 0.43 6.82 1.09 0.63 -8

4 16 1.24 0.22 -24.38 1.24 0.22 -8 1.18 0.43 -8 1.18 0.43 -24.38
2 24 1.24 0.22 -24.38 1.18 0.43 -24.38
3 16 1.24 0.22 -8 1.24 0.22 6.76 1.18 0.43 -8

4 16 1.26 0 -24.38 1.26 0 -8 1.24 0.22 -8 1.24 0.22 -24.38
2 24 1.26 0 -24.38 1.24 0.22 -24.38
3 16 1.26 0 6.74 1.24 0.22 -8 1.26 0 -8

3 16 0.81 -0.97 -24.38 0.81 -0.97 7.19 0.97 -0.81 -24.38
2 24 0.81 -0.97 -24.38 0.97 -0.81 -24.38
3 16 0.97 -0.81 -24.38 0.81 -0.97 7.19 0.97 -0.81 -8
3 16 0.97 -0.81 7.03 0.97 -0.81 -8 0.81 -0.97 7.19
2 24 0.97 -0.81 7.03 0.81 -0.97 7.19

3 16 0.63 -1.09 -24.38 0.63 -1.09 -8 0.81 -0.97 -24.38
2 24 0.63 -1.09 -24.38 0.81 -0.97 -24.38
3 16 0.81 -0.97 -24.38 0.63 -1.09 -8 0.81 -0.97 7.19
3 16 0.81 -0.97 7.19 0.63 -1.09 -8 0.63 -1.09 7.37
2 24 0.81 -0.97 7.19 0.63 -1.09 7.37

3 16 0.43 -1.18 -24.38 0.43 -1.18 7.57 0.63 -1.09 -24.38
2 24 0.43 -1.18 -24.38 0.63 -1.09 -24.38
3 16 0.63 -1.09 -24.38 0.43 -1.18 7.57 0.63 -1.09 -8
3 16 0.63 -1.09 7.37 0.63 -1.09 -8 0.43 -1.18 7.57
2 24 0.63 -1.09 7.37 0.43 -1.18 7.57

3 16 0.22 -1.24 -24.38 0.22 -1.24 -8 0.43 -1.18 -24.38
2 24 0.22 -1.24 -24.38 0.43 -1.18 -24.38
3 16 0.43 -1.18 -24.38 0.22 -1.24 -8 0.43 -1.18 7.57
3 16 0.43 -1.18 7.57 0.22 -1.24 -8 0.22 -1.24 7.78

3 16 0 -1.26 -24.38 0 -1.26 8 0.22 -1.24 -24.38
2 24 0 -1.26 -24.38 0.22 -1.24 -24.38
3 16 0.22 -1.24 -24.38 0 -1.26 8 0.22 -1.24 -8
3 16 0.22 -1.24 7.78 0.22 -1.24 -8 0 -1.26 8

3 16 -0.22 -1.24 -24.38 -0.22 -1.24 -8 0 -1.26 -24.38
2 24 -0.22 -1.24 -24.38 0 -1.26 -24.38
3 16 0 -1.26 -24.38 -0.22 -1.24 -8 0 -1.26 8
3 16 0 -1.26 8 -0.22 -1.24 -8 -0.22 -1.24 7.78

3 16 -0.43 -1.18 -24.38 -0.43 -1.18 7.57 -0.22 -1.24 -24.38
2 24 -0.43 -1.18 -24.38 -0.22 -1.24 -24.38
3 16 -0.22 -1.24 -24.38 -0.43 -1.18 7.57 -0.22 -1.24 -8
3 16 -0.22 -1.24 7.78 -0.22 -1.24 -8 -0.43 -1.18 7.57

3 16 -0.63 -1.09 -24.38 -0.63 -1.09 -8 -0.43 -1.18 -24.38
2 24 -0.63 -1.09 -24.38 -0.43 -1.18 -24.38
3 16 -0.43 -1.18 -24.38 -0.63 -1.09 -8 -0.43 -1.18 7.57
3 16 -0.43 -1.18 7.57 -0.63 -1.09 -8 -0.63 -1.09 7.37
2 24 -0.43 -1.18 7.57 -0.63 -1.09 7.37

3 16 -0.81 -0.97 -24.38 -0.81 -0.97 7.19 -0.63 -1.09 -24.38
2 24 -0.81 -0.97 -24.38 -0.63 -1.09 -24.38
3 16 -0.63 -1.09 -24.38 -0.81 -0.97 7.19 -0.63 -1.09 -8
3 16 -0.63 -1.09 7.37 -0.63 -1.09 -8 -0.81 -0.97 7.19
2 24 -0.63 -1.09 7.37 -0.81 -0.97 7.19

3 16 -0.97 -0.81 -24.38 -0.97 -0.81 -8 -0.81 -0.97 -24.38
2 24 -0.97 -0.81 -24.38 -0.81 -0.97 -24.38
3 16 -0.81 -0.97 -24.38 -0.97 -0.81 -8 -0.81 -0.97 7.19
3 16 -0.81 -0.97 7.19 -0.97 -0.81 -8 -0.97 -0.81 7.03
2 24 -0.81 -0.97 7.19 -0.97 -0.81 7.03

4 16 -1.09 -0.63 -24.38 -1.09 -0.63 -8 -0.97 -0.81 -8 -0.97 -0.81 -24.38
2 24 -1.09 -0.63 -24.38 -0.97 -0.81 -24.38
3 16 -1.09 -0.63 -8 -1.09 -0.63 6.91 -0.97 -0.81 -8

4 16 -1.18 -0.43 -24.38 -1.18 -0.43 -8 -1.09 -0.63 -8 -1.09 -0.63 -24.38
2 24 -1.18 -0.43 -24.38 -1.09 -0.63 -24.38
3 16 -1.18 -0.43 -8 -1.18 -0.43 6.82 -1.09 -0.63 -8

4 16 -1.24 -0.22 -24.38 -1.24 -0.22 -8 -1.18 -0.43 -8 -1.18 -0.43 -24.38
2 24 -1.24 -0.22 -24.38 -1.18 -0.43 -24.38
3 16 -1.18 -0.43 -8 -1.24 -0.22 -8 -1.24 -0.22 6.76

4 16 -1.26 0 -24.38 -1.26 0 -8 -1.24 -0.22 -8 -1.24 -0.22 -24.38
2 24 -1.26 0 -24.38 -1.24 -0.22 -24.38
3 16 -1.26 0 -8 -1.26 0 6.74 -1.24 -0.22 -8

4 16 0.22 1.24 -24.38 0.36 3.09 -24.38 0.82 2.99 -24.38 0.43 1.18 -24.38
2 24 0.36 3.09 -24.38 0.82 2.99 -24.38
3 16 0.43 1.18 -24.38 0.82 2.99 -24.38 1.27 2.83 -24.38
2 24 0.82 2.99 -24.38 1.27 2.83 -24.38
4 16 0.43 1.18 -24.38 1.27 2.83 -24.38 1.69 2.61 -24.38 0.63 1.09 -24.38
2 24 1.27 2.83 -24.38 1.69 2.61 -24.38
4 16 0.63 1.09 -24.38 1.69 2.61 -24.38 2.07 2.32 -24.38 0.81 0.97 -24.38
2 24 1.69 2.61 -24.38 2.07 2.32 -24.38
4 16 0.81 0.97 -24.38 2.07 2.32 -24.38 2.4 1.98 -24.38 0.97 0.81 -24.38
2 24 2.07 2.32 -24.38 2.4 1.98 -24.38
4 16 0.97 0.81 -24.38 2.4 1.98 -24.38 2.67 1.59 -24.38 1.09 0.63 -24.38
2 24 2.4 1.98 -24.38 2.67 1.59 -24.38
4 16 1.09 0.63 -24.38 2.67 1.59 -24.38 2.88 1.16 -24.38 1.18 0.43 -24.38
2 24 2.67 1.59 -24.38 2.88 1.16 -24.38
4 16 1.18 0.43 -24.38 2.88 1.16 -24.38 3.02 0.71 -24.38 1.24 0.22 -24.38
2 24 2.88 1.16 -24.38 3.02 0.71 -24.38
4 16 1.24 0.22 -24.38 3.02 0.71 -24.38 3.1 0.24 -24.38 1.26 0 -24.38
2 24 3.02 0.71 -24.38 3.1 0.24 -24.38
4 16 -1.09 0.63 -24.38 -2.78 1.38 -24.38 -2.54 1.79 -24.38 -0.97 0.81 -24.38
2 24 -2.78 1.38 -24.38 -2.54 1.79 -24.38
2 24 -0.97 0.81 -24.38 -1.09 0.63 -24.38
3 16 -0.97 0.81 -24.38 -2.54 1.79 -24.38 -2.24 2.15 -24.38
2 24 -2.54 1.79 -24.38 -2.24 2.15 -24.38
4 16 -0.97 0.81 -24.38 -2.24 2.15 -24.38 -1.88 2.47 -24.38 -0.81 0.97 -24.38
2 24 -2.24 2.15 -24.38 -1.88 2.47 -24.38
4 16 -0.81 0.97 -24.38 -1.88 2.47 -24.38 -1.48 2.73 -24.38 -0.63 1.09 -24.38
2 24 -1.88 2.47 -24.38 -1.48 2.73 -24.38
4 16 -0.63 1.09 -24.38 -1.48 2.73 -24.38 -1.05 2.92 -24.38 -0.43 1.18 -24.38
2 24 -1.48 2.73 -24.38 -1.05 2.92 -24.38
4 16 -0.43 1.18 -24.38 -1.05 2.92 -24.38 -0.59 3.05 -24.38 -0.22 1.24 -24.38
2 24 -1.05 2.92 -24.38 -0.59 3.05 -24.38
4 16 -0.22 1.24 -24.38 -0.59 3.05 -24.38 -0.12 3.1 -24.38 0 1.26 -24.38
2 24 -0.59 3.05 -24.38 -0.12 3.1 -24.38
4 16 0 1.26 -24.38 -0.12 3.1 -24.38 0.36 3.09 -24.38 0.22 1.24 -24.38
2 24 -0.12 3.1 -24.38 0.36 3.09 -24.38
4 16 -0.97 -0.81 -24.38 -2.24 -2.15 -24.38 -2.54 -1.79 -24.38 -1.09 -0.63 -24.38
2 24 -2.24 -2.15 -24.38 -2.54 -1.79 -24.38
3 16 -1.09 -0.63 -24.38 -2.54 -1.79 -24.38 -2.78 -1.38 -24.38
2 24 -2.54 -1.79 -24.38 -2.78 -1.38 -24.38
4 16 -1.09 -0.63 -24.38 -2.78 -1.38 -24.38 -2.96 -0.94 -24.38 -1.18 -0.43 -24.38
2 24 -2.78 -1.38 -24.38 -2.96 -0.94 -24.38
4 16 -1.18 -0.43 -24.38 -2.96 -0.94 -24.38 -3.07 -0.47 -24.38 -1.24 -0.22 -24.38
2 24 -2.96 -0.94 -24.38 -3.07 -0.47 -24.38
4 16 -1.24 -0.22 -24.38 -3.07 -0.47 -24.38 -3.11 0 -24.38 -1.26 0 -24.38
2 24 -3.07 -0.47 -24.38 -3.11 0 -24.38
4 16 -1.26 0 -24.38 -3.11 0 -24.38 -3.07 0.47 -24.38 -1.24 0.22 -24.38
2 24 -3.11 0 -24.38 -3.07 0.47 -24.38
2 24 -1.24 0.22 -24.38 -1.26 0 -24.38
4 16 -1.24 0.22 -24.38 -3.07 0.47 -24.38 -2.96 0.94 -24.38 -1.18 0.43 -24.38
2 24 -3.07 0.47 -24.38 -2.96 0.94 -24.38
2 24 -1.18 0.43 -24.38 -1.24 0.22 -24.38
4 16 -1.18 0.43 -24.38 -2.96 0.94 -24.38 -2.78 1.38 -24.38 -1.09 0.63 -24.38
2 24 -2.96 0.94 -24.38 -2.78 1.38 -24.38
2 24 -1.09 0.63 -24.38 -1.18 0.43 -24.38
4 16 0.43 -1.18 -24.38 1.27 -2.83 -24.38 0.82 -2.99 -24.38 0.22 -1.24 -24.38
2 24 1.27 -2.83 -24.38 0.82 -2.99 -24.38
3 16 0.22 -1.24 -24.38 0.82 -2.99 -24.38 0.36 -3.09 -24.38
2 24 0.82 -2.99 -24.38 0.36 -3.09 -24.38
4 16 0.22 -1.24 -24.38 0.36 -3.09 -24.38 -0.12 -3.1 -24.38 0 -1.26 -24.38
2 24 0.36 -3.09 -24.38 -0.12 -3.1 -24.38
4 16 0 -1.26 -24.38 -0.12 -3.1 -24.38 -0.59 -3.05 -24.38 -0.22 -1.24 -24.38
2 24 -0.12 -3.1 -24.38 -0.59 -3.05 -24.38
4 16 -0.22 -1.24 -24.38 -0.59 -3.05 -24.38 -1.05 -2.92 -24.38 -0.43 -1.18 -24.38
2 24 -0.59 -3.05 -24.38 -1.05 -2.92 -24.38
4 16 -0.43 -1.18 -24.38 -1.05 -2.92 -24.38 -1.48 -2.73 -24.38 -0.63 -1.09 -24.38
2 24 -1.05 -2.92 -24.38 -1.48 -2.73 -24.38
4 16 -0.63 -1.09 -24.38 -1.48 -2.73 -24.38 -1.88 -2.47 -24.38 -0.81 -0.97 -24.38
2 24 -1.48 -2.73 -24.38 -1.88 -2.47 -24.38
4 16 -0.81 -0.97 -24.38 -1.88 -2.47 -24.38 -2.24 -2.15 -24.38 -0.97 -0.81 -24.38
2 24 -1.88 -2.47 -24.38 -2.24 -2.15 -24.38
3 16 1.26 0 -24.38 3.1 0.24 -24.38 3.1 -0.24 -24.38
2 24 3.1 0.24 -24.38 3.1 -0.24 -24.38
4 16 1.26 0 -24.38 3.1 -0.24 -24.38 3.02 -0.71 -24.38 1.24 -0.22 -24.38
2 24 3.1 -0.24 -24.38 3.02 -0.71 -24.38
2 24 1.24 -0.22 -24.38 1.26 0 -24.38
4 16 1.24 -0.22 -24.38 3.02 -0.71 -24.38 2.88 -1.16 -24.38 1.18 -0.43 -24.38
2 24 3.02 -0.71 -24.38 2.88 -1.16 -24.38
2 24 1.18 -0.43 -24.38 1.24 -0.22 -24.38
4 16 1.18 -0.43 -24.38 2.88 -1.16 -24.38 2.67 -1.59 -24.38 1.09 -0.63 -24.38
2 24 2.88 -1.16 -24.38 2.67 -1.59 -24.38
2 24 1.09 -0.63 -24.38 1.18 -0.43 -24.38
4 16 1.09 -0.63 -24.38 2.67 -1.59 -24.38 2.4 -1.98 -24.38 0.97 -0.81 -24.38
2 24 2.67 -1.59 -24.38 2.4 -1.98 -24.38
2 24 0.97 -0.81 -24.38 1.09 -0.63 -24.38
4 16 0.97 -0.81 -24.38 2.4 -1.98 -24.38 2.07 -2.32 -24.38 0.81 -0.97 -24.38
2 24 2.4 -1.98 -24.38 2.07 -2.32 -24.38
4 16 0.81 -0.97 -24.38 2.07 -2.32 -24.38 1.69 -2.61 -24.38 0.63 -1.09 -24.38
2 24 2.07 -2.32 -24.38 1.69 -2.61 -24.38
4 16 0.63 -1.09 -24.38 1.69 -2.61 -24.38 1.27 -2.83 -24.38 0.43 -1.18 -24.38
2 24 1.69 -2.61 -24.38 1.27 -2.83 -24.38

4 16 -3.12 0.43 -21.86 -3.07 0.47 -24.38 -3.11 0 -24.38 -3.15 0 -21.86
3 16 -3.12 0.43 -21.86 -3.11 0.48 -21.86 -3.07 0.47 -24.38
3 16 -3.07 0.47 -24.38 -3.11 0.48 -21.86 -3.03 0.85 -21.86
3 16 -3.07 0.47 -24.38 -3.03 0.85 -21.86 -2.96 0.94 -24.38
3 16 -3.03 0.85 -21.86 -3 0.95 -21.86 -2.96 0.94 -24.38
3 16 -2.96 0.94 -24.38 -3 0.95 -21.86 -2.89 1.25 -21.86
3 16 -2.96 0.94 -24.38 -2.89 1.25 -21.86 -2.78 1.38 -24.38
3 16 -2.89 1.25 -21.86 -2.82 1.4 -21.86 -2.78 1.38 -24.38
3 16 -2.78 1.38 -24.38 -2.82 1.4 -21.86 -2.69 1.64 -21.86
3 16 -2.78 1.38 -24.38 -2.69 1.64 -21.86 -2.54 1.79 -24.38
3 16 -2.69 1.64 -21.86 -2.58 1.81 -21.86 -2.54 1.79 -24.38
3 16 -2.54 1.79 -24.38 -2.58 1.81 -21.86 -2.44 1.99 -21.86
3 16 -2.54 1.79 -24.38 -2.44 1.99 -21.86 -2.24 2.15 -24.38
3 16 -2.44 1.99 -21.86 -2.27 2.18 -21.86 -2.24 2.15 -24.38
3 16 -2.24 2.15 -24.38 -2.27 2.18 -21.86 -2.15 2.3 -21.86
3 16 -2.24 2.15 -24.38 -2.15 2.3 -21.86 -1.88 2.47 -24.38
3 16 -2.15 2.3 -21.86 -1.91 2.5 -21.86 -1.88 2.47 -24.38
3 16 -1.88 2.47 -24.38 -1.91 2.5 -21.86 -1.82 2.57 -21.86
3 16 -1.88 2.47 -24.38 -1.82 2.57 -21.86 -1.48 2.73 -24.38
4 16 -1.06 2.96 -21.86 -1.05 2.92 -24.38 -1.48 2.73 -24.38 -1.45 2.8 -21.86
3 16 -1.45 2.8 -21.86 -1.48 2.73 -24.38 -1.5 2.77 -21.86
3 16 -1.5 2.77 -21.86 -1.48 2.73 -24.38 -1.82 2.57 -21.86
3 16 -1.06 2.96 -21.86 -1.05 2.97 -21.86 -1.05 2.92 -24.38
4 16 -1.05 2.92 -24.38 -1.05 2.97 -21.86 -0.64 3.08 -21.86 -0.59 3.05 -24.38
3 16 -0.64 3.08 -21.86 -0.6 3.09 -21.86 -0.59 3.05 -24.38
3 16 -0.59 3.05 -24.38 -0.6 3.09 -21.86 -0.21 3.14 -21.86
3 16 -0.59 3.05 -24.38 -0.21 3.14 -21.86 -0.12 3.1 -24.38
3 16 -0.21 3.14 -21.86 -0.12 3.15 -21.86 -0.12 3.1 -24.38
3 16 -0.12 3.1 -24.38 -0.12 3.15 -21.86 0.21 3.14 -21.86
3 16 -0.12 3.1 -24.38 0.21 3.14 -21.86 0.36 3.09 -24.38
3 16 0.21 3.14 -21.86 0.36 3.13 -21.86 0.36 3.09 -24.38
3 16 0.36 3.09 -24.38 0.36 3.13 -21.86 0.64 3.08 -21.86
3 16 0.36 3.09 -24.38 0.64 3.08 -21.86 0.82 2.99 -24.38
3 16 0.64 3.08 -21.86 0.83 3.04 -21.86 0.82 2.99 -24.38
3 16 0.82 2.99 -24.38 0.83 3.04 -21.86 1.05 2.97 -21.86
3 16 0.82 2.99 -24.38 1.05 2.97 -21.86 1.27 2.83 -24.38
3 16 1.05 2.97 -21.86 1.29 2.87 -21.86 1.27 2.83 -24.38
3 16 1.27 2.83 -24.38 1.29 2.87 -21.86 1.45 2.8 -21.86
3 16 1.27 2.83 -24.38 1.45 2.8 -21.86 1.69 2.61 -24.38
3 16 1.45 2.8 -21.86 1.71 2.64 -21.86 1.69 2.61 -24.38
3 16 1.69 2.61 -24.38 1.71 2.64 -21.86 1.82 2.57 -21.86
3 16 1.69 2.61 -24.38 1.82 2.57 -21.86 2.07 2.32 -24.38
4 16 2.43 2 -21.86 2.4 1.98 -24.38 2.07 2.32 -24.38 2.15 2.3 -21.86
3 16 2.15 2.3 -21.86 2.07 2.32 -24.38 2.1 2.35 -21.86
3 16 2.1 2.35 -21.86 2.07 2.32 -24.38 1.82 2.57 -21.86
3 16 2.43 2 -21.86 2.44 1.99 -21.86 2.4 1.98 -24.38
4 16 2.4 1.98 -24.38 2.44 1.99 -21.86 2.69 1.64 -21.86 2.67 1.59 -24.38
3 16 2.69 1.64 -21.86 2.71 1.61 -21.86 2.67 1.59 -24.38
3 16 2.67 1.59 -24.38 2.71 1.61 -21.86 2.89 1.25 -21.86
3 16 2.67 1.59 -24.38 2.89 1.25 -21.86 2.88 1.16 -24.38
3 16 2.89 1.25 -21.86 2.92 1.18 -21.86 2.88 1.16 -24.38
3 16 2.88 1.16 -24.38 2.92 1.18 -21.86 3.03 0.85 -21.86
3 16 2.88 1.16 -24.38 3.03 0.85 -21.86 3.02 0.71 -24.38
3 16 3.03 0.85 -21.86 3.07 0.72 -21.86 3.02 0.71 -24.38
3 16 3.02 0.71 -24.38 3.07 0.72 -21.86 3.12 0.43 -21.86
3 16 3.02 0.71 -24.38 3.12 0.43 -21.86 3.1 0.24 -24.38
3 16 3.12 0.43 -21.86 3.14 0.24 -21.86 3.1 0.24 -24.38
3 16 3.1 0.24 -24.38 3.14 0.24 -21.86 3.15 0 -21.86
3 16 3.1 0.24 -24.38 3.15 0 -21.86 3.1 -0.24 -24.38
3 16 3.15 0 -21.86 3.14 -0.24 -21.86 3.1 -0.24 -24.38
3 16 3.1 -0.24 -24.38 3.14 -0.24 -21.86 3.12 -0.43 -21.86
3 16 3.1 -0.24 -24.38 3.12 -0.43 -21.86 3.02 -0.71 -24.38
3 16 3.12 -0.43 -21.86 3.07 -0.72 -21.86 3.02 -0.71 -24.38
3 16 3.02 -0.71 -24.38 3.07 -0.72 -21.86 3.03 -0.85 -21.86
3 16 3.02 -0.71 -24.38 3.03 -0.85 -21.86 2.88 -1.16 -24.38
3 16 3.03 -0.85 -21.86 2.92 -1.18 -21.86 2.88 -1.16 -24.38
3 16 2.88 -1.16 -24.38 2.92 -1.18 -21.86 2.89 -1.25 -21.86
3 16 2.88 -1.16 -24.38 2.89 -1.25 -21.86 2.67 -1.59 -24.38
4 16 2.44 -1.99 -21.86 2.4 -1.98 -24.38 2.67 -1.59 -24.38 2.69 -1.64 -21.86
3 16 2.69 -1.64 -21.86 2.67 -1.59 -24.38 2.71 -1.61 -21.86
3 16 2.71 -1.61 -21.86 2.67 -1.59 -24.38 2.89 -1.25 -21.86
3 16 2.44 -1.99 -21.86 2.43 -2 -21.86 2.4 -1.98 -24.38
4 16 2.4 -1.98 -24.38 2.43 -2 -21.86 2.15 -2.3 -21.86 2.07 -2.32 -24.38
3 16 2.15 -2.3 -21.86 2.1 -2.35 -21.86 2.07 -2.32 -24.38
3 16 2.07 -2.32 -24.38 2.1 -2.35 -21.86 1.82 -2.57 -21.86
3 16 2.07 -2.32 -24.38 1.82 -2.57 -21.86 1.69 -2.61 -24.38
3 16 1.82 -2.57 -21.86 1.71 -2.64 -21.86 1.69 -2.61 -24.38
3 16 1.69 -2.61 -24.38 1.71 -2.64 -21.86 1.45 -2.8 -21.86
3 16 1.69 -2.61 -24.38 1.45 -2.8 -21.86 1.27 -2.83 -24.38
3 16 1.45 -2.8 -21.86 1.29 -2.87 -21.86 1.27 -2.83 -24.38
3 16 1.27 -2.83 -24.38 1.29 -2.87 -21.86 1.05 -2.97 -21.86
3 16 1.27 -2.83 -24.38 1.05 -2.97 -21.86 0.82 -2.99 -24.38
3 16 1.05 -2.97 -21.86 0.83 -3.04 -21.86 0.82 -2.99 -24.38
3 16 0.82 -2.99 -24.38 0.83 -3.04 -21.86 0.64 -3.08 -21.86
3 16 0.82 -2.99 -24.38 0.64 -3.08 -21.86 0.36 -3.09 -24.38
4 16 0 -3.15 -21.86 -0.12 -3.1 -24.38 0.36 -3.09 -24.38 0.21 -3.14 -21.86
3 16 0.21 -3.14 -21.86 0.36 -3.09 -24.38 0.36 -3.13 -21.86
3 16 0.36 -3.13 -21.86 0.36 -3.09 -24.38 0.64 -3.08 -21.86
3 16 0 -3.15 -21.86 -0.12 -3.15 -21.86 -0.12 -3.1 -24.38
3 16 -0.12 -3.1 -24.38 -0.12 -3.15 -21.86 -0.21 -3.14 -21.86
3 16 -0.12 -3.1 -24.38 -0.21 -3.14 -21.86 -0.59 -3.05 -24.38
4 16 -1.05 -2.97 -21.86 -1.05 -2.92 -24.38 -0.59 -3.05 -24.38 -0.64 -3.08 -21.86
3 16 -0.64 -3.08 -21.86 -0.59 -3.05 -24.38 -0.6 -3.09 -21.86
3 16 -0.6 -3.09 -21.86 -0.59 -3.05 -24.38 -0.21 -3.14 -21.86
3 16 -1.05 -2.97 -21.86 -1.06 -2.96 -21.86 -1.05 -2.92 -24.38
4 16 -1.05 -2.92 -24.38 -1.06 -2.96 -21.86 -1.45 -2.8 -21.86 -1.48 -2.73 -24.38
3 16 -1.45 -2.8 -21.86 -1.5 -2.77 -21.86 -1.48 -2.73 -24.38
3 16 -1.48 -2.73 -24.38 -1.5 -2.77 -21.86 -1.82 -2.57 -21.86
3 16 -1.48 -2.73 -24.38 -1.82 -2.57 -21.86 -1.88 -2.47 -24.38
3 16 -1.82 -2.57 -21.86 -1.91 -2.5 -21.86 -1.88 -2.47 -24.38
3 16 -1.88 -2.47 -24.38 -1.91 -2.5 -21.86 -2.15 -2.3 -21.86
3 16 -1.88 -2.47 -24.38 -2.15 -2.3 -21.86 -2.24 -2.15 -24.38
3 16 -2.15 -2.3 -21.86 -2.27 -2.18 -21.86 -2.24 -2.15 -24.38
3 16 -2.24 -2.15 -24.38 -2.27 -2.18 -21.86 -2.44 -1.99 -21.86
3 16 -2.24 -2.15 -24.38 -2.44 -1.99 -21.86 -2.54 -1.79 -24.38
3 16 -2.44 -1.99 -21.86 -2.58 -1.81 -21.86 -2.54 -1.79 -24.38
3 16 -2.54 -1.79 -24.38 -2.58 -1.81 -21.86 -2.69 -1.64 -21.86
3 16 -2.54 -1.79 -24.38 -2.69 -1.64 -21.86 -2.78 -1.38 -24.38
3 16 -2.69 -1.64 -21.86 -2.82 -1.4 -21.86 -2.78 -1.38 -24.38
3 16 -2.78 -1.38 -24.38 -2.82 -1.4 -21.86 -2.89 -1.25 -21.86
3 16 -2.78 -1.38 -24.38 -2.89 -1.25 -21.86 -2.96 -0.94 -24.38
3 16 -2.89 -1.25 -21.86 -3 -0.95 -21.86 -2.96 -0.94 -24.38
3 16 -2.96 -0.94 -24.38 -3 -0.95 -21.86 -3.03 -0.85 -21.86
3 16 -2.96 -0.94 -24.38 -3.03 -0.85 -21.86 -3.07 -0.47 -24.38
3 16 -3.03 -0.85 -21.86 -3.11 -0.48 -21.86 -3.07 -0.47 -24.38
3 16 -3.07 -0.47 -24.38 -3.11 -0.48 -21.86 -3.12 -0.43 -21.86
4 16 -3.07 -0.47 -24.38 -3.12 -0.43 -21.86 -3.15 0 -21.86 -3.11 0 -24.38
4 16 0.97 -0.81 -24.38 0.97 -0.81 -8 1.09 -0.63 -8 1.09 -0.63 -24.38
4 16 1.09 -0.63 -24.38 1.09 -0.63 -8 1.18 -0.43 -8 1.18 -0.43 -24.38
4 16 1.18 -0.43 -24.38 1.18 -0.43 -8 1.24 -0.22 -8 1.24 -0.22 -24.38
4 16 1.24 -0.22 -24.38 1.24 -0.22 -8 1.26 0 -8 1.26 0 -24.38
4 16 -0.97 0.81 -24.38 -0.97 0.81 -8 -1.09 0.63 -8 -1.09 0.63 -24.38
4 16 -1.09 0.63 -24.38 -1.09 0.63 -8 -1.18 0.43 -8 -1.18 0.43 -24.38
4 16 -1.18 0.43 -24.38 -1.18 0.43 -8 -1.24 0.22 -8 -1.24 0.22 -24.38
4 16 -1.24 0.22 -24.38 -1.24 0.22 -8 -1.26 0 -8 -1.26 0 -24.38
4 16 -3.15 0 -21.86 -3.9 0 -19.34 -3.86 0.52 -19.34 -3.12 0.43 -21.86
4 16 -3.12 0.43 -21.86 -3.86 0.52 -19.34 -3.86 0.53 -19.34 -3.11 0.48 -21.86
3 16 -3.11 0.48 -21.86 -3.86 0.53 -19.34 -3.76 1.03 -19.34
3 16 -3.11 0.48 -21.86 -3.76 1.03 -19.34 -3.03 0.85 -21.86
3 16 -3.03 0.85 -21.86 -3.76 1.03 -19.34 -3.75 1.05 -19.34
3 16 -3.03 0.85 -21.86 -3.75 1.05 -19.34 -3 0.95 -21.86
3 16 -3 0.95 -21.86 -3.75 1.05 -19.34 -3.59 1.52 -19.34
3 16 -3 0.95 -21.86 -3.59 1.52 -19.34 -2.89 1.25 -21.86
3 16 -2.89 1.25 -21.86 -3.59 1.52 -19.34 -3.57 1.55 -19.34
3 16 -2.89 1.25 -21.86 -3.57 1.55 -19.34 -2.82 1.4 -21.86
3 16 -2.82 1.4 -21.86 -3.57 1.55 -19.34 -3.35 1.99 -19.34
3 16 -2.82 1.4 -21.86 -3.35 1.99 -19.34 -2.69 1.64 -21.86
3 16 -2.69 1.64 -21.86 -3.35 1.99 -19.34 -3.33 2.02 -19.34
3 16 -2.69 1.64 -21.86 -3.33 2.02 -19.34 -2.58 1.81 -21.86
3 16 -2.58 1.81 -21.86 -3.33 2.02 -19.34 -3.06 2.41 -19.34
3 16 -2.58 1.81 -21.86 -3.06 2.41 -19.34 -2.44 1.99 -21.86
3 16 -2.44 1.99 -21.86 -3.06 2.41 -19.34 -3.02 2.46 -19.34
3 16 -2.44 1.99 -21.86 -3.02 2.46 -19.34 -2.27 2.18 -21.86
3 16 -2.27 2.18 -21.86 -3.02 2.46 -19.34 -2.71 2.8 -19.34
3 16 -2.27 2.18 -21.86 -2.71 2.8 -19.34 -2.15 2.3 -21.86
3 16 -2.15 2.3 -21.86 -2.71 2.8 -19.34 -2.66 2.85 -19.34
4 16 -2.15 2.3 -21.86 -2.66 2.85 -19.34 -2.31 3.14 -19.34 -1.91 2.5 -21.86
4 16 -1.91 2.5 -21.86 -2.31 3.14 -19.34 -2.25 3.18 -19.34 -1.82 2.57 -21.86
4 16 -1.82 2.57 -21.86 -2.25 3.18 -19.34 -1.87 3.42 -19.34 -1.5 2.77 -21.86
4 16 -1.5 2.77 -21.86 -1.87 3.42 -19.34 -1.79 3.46 -19.34 -1.45 2.8 -21.86
4 16 -1.45 2.8 -21.86 -1.79 3.46 -19.34 -1.4 3.64 -19.34 -1.06 2.96 -21.86
3 16 -1.06 2.96 -21.86 -1.4 3.64 -19.34 -1.05 2.97 -21.86
3 16 -1.4 3.64 -19.34 -1.3 3.67 -19.34 -1.05 2.97 -21.86
3 16 -1.05 2.97 -21.86 -1.3 3.67 -19.34 -0.9 3.79 -19.34
3 16 -1.05 2.97 -21.86 -0.9 3.79 -19.34 -0.64 3.08 -21.86
3 16 -0.64 3.08 -21.86 -0.9 3.79 -19.34 -0.79 3.82 -19.34
3 16 -0.64 3.08 -21.86 -0.79 3.82 -19.34 -0.6 3.09 -21.86
3 16 -0.6 3.09 -21.86 -0.79 3.82 -19.34 -0.39 3.88 -19.34
3 16 -0.6 3.09 -21.86 -0.39 3.88 -19.34 -0.21 3.14 -21.86
3 16 -0.21 3.14 -21.86 -0.39 3.88 -19.34 -0.27 3.89 -19.34
3 16 -0.21 3.14 -21.86 -0.27 3.89 -19.34 -0.12 3.15 -21.86
3 16 -0.12 3.15 -21.86 -0.27 3.89 -19.34 0.13 3.89 -19.34
3 16 -0.12 3.15 -21.86 0.13 3.89 -19.34 0.21 3.14 -21.86
3 16 0.21 3.14 -21.86 0.13 3.89 -19.34 0.27 3.89 -19.34
3 16 0.21 3.14 -21.86 0.27 3.89 -19.34 0.36 3.13 -21.86
3 16 0.36 3.13 -21.86 0.27 3.89 -19.34 0.65 3.84 -19.34
3 16 0.36 3.13 -21.86 0.65 3.84 -19.34 0.64 3.08 -21.86
3 16 0.64 3.08 -21.86 0.65 3.84 -19.34 0.79 3.82 -19.34
3 16 0.64 3.08 -21.86 0.79 3.82 -19.34 0.83 3.04 -21.86
3 16 0.83 3.04 -21.86 0.79 3.82 -19.34 1.15 3.72 -19.34
3 16 0.83 3.04 -21.86 1.15 3.72 -19.34 1.05 2.97 -21.86
3 16 1.05 2.97 -21.86 1.15 3.72 -19.34 1.3 3.67 -19.34
4 16 1.05 2.97 -21.86 1.3 3.67 -19.34 1.64 3.53 -19.34 1.29 2.87 -21.86
4 16 1.29 2.87 -21.86 1.64 3.53 -19.34 1.79 3.46 -19.34 1.45 2.8 -21.86
4 16 1.45 2.8 -21.86 1.79 3.46 -19.34 2.1 3.28 -19.34 1.71 2.64 -21.86
4 16 1.71 2.64 -21.86 2.1 3.28 -19.34 2.25 3.18 -19.34 1.82 2.57 -21.86
3 16 1.82 2.57 -21.86 2.25 3.18 -19.34 2.1 2.35 -21.86
3 16 2.1 2.35 -21.86 2.25 3.18 -19.34 2.52 2.98 -19.34
4 16 2.1 2.35 -21.86 2.52 2.98 -19.34 2.66 2.85 -19.34 2.15 2.3 -21.86
3 16 2.15 2.3 -21.86 2.66 2.85 -19.34 2.89 2.61 -19.34
3 16 2.15 2.3 -21.86 2.89 2.61 -19.34 2.43 2 -21.86
3 16 2.43 2 -21.86 2.89 2.61 -19.34 3.02 2.46 -19.34
3 16 2.43 2 -21.86 3.02 2.46 -19.34 2.44 1.99 -21.86
3 16 2.44 1.99 -21.86 3.02 2.46 -19.34 3.21 2.21 -19.34
3 16 2.44 1.99 -21.86 3.21 2.21 -19.34 2.69 1.64 -21.86
3 16 2.69 1.64 -21.86 3.21 2.21 -19.34 3.33 2.02 -19.34
3 16 2.69 1.64 -21.86 3.33 2.02 -19.34 2.71 1.61 -21.86
3 16 2.71 1.61 -21.86 3.33 2.02 -19.34 3.48 1.76 -19.34
3 16 2.71 1.61 -21.86 3.48 1.76 -19.34 2.89 1.25 -21.86
3 16 2.89 1.25 -21.86 3.48 1.76 -19.34 3.57 1.55 -19.34
3 16 2.89 1.25 -21.86 3.57 1.55 -19.34 2.92 1.18 -21.86
3 16 2.92 1.18 -21.86 3.57 1.55 -19.34 3.68 1.28 -19.34
3 16 2.92 1.18 -21.86 3.68 1.28 -19.34 3.03 0.85 -21.86
3 16 3.03 0.85 -21.86 3.68 1.28 -19.34 3.75 1.05 -19.34
3 16 3.03 0.85 -21.86 3.75 1.05 -19.34 3.07 0.72 -21.86
3 16 3.07 0.72 -21.86 3.75 1.05 -19.34 3.82 0.78 -19.34
3 16 3.07 0.72 -21.86 3.82 0.78 -19.34 3.12 0.43 -21.86
3 16 3.12 0.43 -21.86 3.82 0.78 -19.34 3.86 0.53 -19.34
4 16 3.12 0.43 -21.86 3.86 0.53 -19.34 3.89 0.26 -19.34 3.14 0.24 -21.86
4 16 3.14 0.24 -21.86 3.89 0.26 -19.34 3.9 0 -19.34 3.15 0 -21.86
4 16 3.15 0 -21.86 3.9 0 -19.34 3.89 -0.26 -19.34 3.14 -0.24 -21.86
4 16 3.14 -0.24 -21.86 3.89 -0.26 -19.34 3.86 -0.53 -19.34 3.12 -0.43 -21.86
3 16 3.12 -0.43 -21.86 3.86 -0.53 -19.34 3.07 -0.72 -21.86
3 16 3.07 -0.72 -21.86 3.86 -0.53 -19.34 3.82 -0.78 -19.34
3 16 3.07 -0.72 -21.86 3.82 -0.78 -19.34 3.03 -0.85 -21.86
3 16 3.82 -0.78 -19.34 3.75 -1.05 -19.34 3.03 -0.85 -21.86
3 16 3.03 -0.85 -21.86 3.75 -1.05 -19.34 3.68 -1.28 -19.34
3 16 3.03 -0.85 -21.86 3.68 -1.28 -19.34 2.92 -1.18 -21.86
3 16 2.92 -1.18 -21.86 3.68 -1.28 -19.34 3.57 -1.55 -19.34
3 16 2.92 -1.18 -21.86 3.57 -1.55 -19.34 2.89 -1.25 -21.86
3 16 2.89 -1.25 -21.86 3.57 -1.55 -19.34 3.48 -1.76 -19.34
3 16 2.89 -1.25 -21.86 3.48 -1.76 -19.34 2.71 -1.61 -21.86
3 16 2.71 -1.61 -21.86 3.48 -1.76 -19.34 3.33 -2.02 -19.34
3 16 2.71 -1.61 -21.86 3.33 -2.02 -19.34 2.69 -1.64 -21.86
3 16 2.69 -1.64 -21.86 3.33 -2.02 -19.34 3.21 -2.21 -19.34
3 16 2.69 -1.64 -21.86 3.21 -2.21 -19.34 2.44 -1.99 -21.86
3 16 2.44 -1.99 -21.86 3.21 -2.21 -19.34 3.02 -2.46 -19.34
3 16 2.44 -1.99 -21.86 3.02 -2.46 -19.34 2.43 -2 -21.86
3 16 2.43 -2 -21.86 3.02 -2.46 -19.34 2.89 -2.61 -19.34
3 16 2.43 -2 -21.86 2.89 -2.61 -19.34 2.15 -2.3 -21.86
3 16 2.15 -2.3 -21.86 2.89 -2.61 -19.34 2.66 -2.85 -19.34
4 16 2.15 -2.3 -21.86 2.66 -2.85 -19.34 2.52 -2.98 -19.34 2.1 -2.35 -21.86
4 16 2.1 -2.35 -21.86 2.52 -2.98 -19.34 2.25 -3.18 -19.34 1.82 -2.57 -21.86
4 16 1.82 -2.57 -21.86 2.25 -3.18 -19.34 2.1 -3.28 -19.34 1.71 -2.64 -21.86
4 16 1.71 -2.64 -21.86 2.1 -3.28 -19.34 1.79 -3.46 -19.34 1.45 -2.8 -21.86
4 16 1.45 -2.8 -21.86 1.79 -3.46 -19.34 1.64 -3.53 -19.34 1.29 -2.87 -21.86
4 16 1.29 -2.87 -21.86 1.64 -3.53 -19.34 1.3 -3.67 -19.34 1.05 -2.97 -21.86
3 16 1.05 -2.97 -21.86 1.3 -3.67 -19.34 0.83 -3.04 -21.86
3 16 0.83 -3.04 -21.86 1.3 -3.67 -19.34 1.15 -3.72 -19.34
3 16 0.83 -3.04 -21.86 1.15 -3.72 -19.34 0.64 -3.08 -21.86
3 16 1.15 -3.72 -19.34 0.79 -3.82 -19.34 0.64 -3.08 -21.86
3 16 0.64 -3.08 -21.86 0.79 -3.82 -19.34 0.65 -3.84 -19.34
3 16 0.64 -3.08 -21.86 0.65 -3.84 -19.34 0.36 -3.13 -21.86
3 16 0.36 -3.13 -21.86 0.65 -3.84 -19.34 0.27 -3.89 -19.34
3 16 0.36 -3.13 -21.86 0.27 -3.89 -19.34 0.21 -3.14 -21.86
3 16 0.21 -3.14 -21.86 0.27 -3.89 -19.34 0.13 -3.89 -19.34
3 16 0.21 -3.14 -21.86 0.13 -3.89 -19.34 0 -3.15 -21.86
3 16 0 -3.15 -21.86 0.13 -3.89 -19.34 0 -3.9 -19.34
3 16 0 -3.15 -21.86 0 -3.9 -19.34 -0.12 -3.15 -21.86
3 16 -0.12 -3.15 -21.86 0 -3.9 -19.34 -0.27 -3.89 -19.34
3 16 -0.12 -3.15 -21.86 -0.27 -3.89 -19.34 -0.21 -3.14 -21.86
3 16 -0.21 -3.14 -21.86 -0.27 -3.89 -19.34 -0.39 -3.88 -19.34
3 16 -0.21 -3.14 -21.86 -0.39 -3.88 -19.34 -0.6 -3.09 -21.86
3 16 -0.6 -3.09 -21.86 -0.39 -3.88 -19.34 -0.79 -3.82 -19.34
3 16 -0.6 -3.09 -21.86 -0.79 -3.82 -19.34 -0.64 -3.08 -21.86
3 16 -0.64 -3.08 -21.86 -0.79 -3.82 -19.34 -0.9 -3.79 -19.34
3 16 -0.64 -3.08 -21.86 -0.9 -3.79 -19.34 -1.05 -2.97 -21.86
3 16 -1.05 -2.97 -21.86 -0.9 -3.79 -19.34 -1.3 -3.67 -19.34
3 16 -1.05 -2.97 -21.86 -1.3 -3.67 -19.34 -1.06 -2.96 -21.86
3 16 -1.06 -2.96 -21.86 -1.3 -3.67 -19.34 -1.4 -3.64 -19.34
3 16 -1.06 -2.96 -21.86 -1.4 -3.64 -19.34 -1.45 -2.8 -21.86
3 16 -1.45 -2.8 -21.86 -1.4 -3.64 -19.34 -1.79 -3.46 -19.34
4 16 -1.45 -2.8 -21.86 -1.79 -3.46 -19.34 -1.87 -3.42 -19.34 -1.5 -2.77 -21.86
4 16 -1.5 -2.77 -21.86 -1.87 -3.42 -19.34 -2.25 -3.18 -19.34 -1.82 -2.57 -21.86
4 16 -1.82 -2.57 -21.86 -2.25 -3.18 -19.34 -2.31 -3.14 -19.34 -1.91 -2.5 -21.86
4 16 -1.91 -2.5 -21.86 -2.31 -3.14 -19.34 -2.66 -2.85 -19.34 -2.15 -2.3 -21.86
3 16 -2.15 -2.3 -21.86 -2.66 -2.85 -19.34 -2.27 -2.18 -21.86
3 16 -2.27 -2.18 -21.86 -2.66 -2.85 -19.34 -2.71 -2.8 -19.34
3 16 -2.27 -2.18 -21.86 -2.71 -2.8 -19.34 -2.44 -1.99 -21.86
3 16 -2.44 -1.99 -21.86 -2.71 -2.8 -19.34 -3.02 -2.46 -19.34
3 16 -2.44 -1.99 -21.86 -3.02 -2.46 -19.34 -2.58 -1.81 -21.86
3 16 -2.58 -1.81 -21.86 -3.02 -2.46 -19.34 -3.06 -2.41 -19.34
3 16 -2.58 -1.81 -21.86 -3.06 -2.41 -19.34 -2.69 -1.64 -21.86
3 16 -3.06 -2.41 -19.34 -3.33 -2.02 -19.34 -2.69 -1.64 -21.86
3 16 -2.69 -1.64 -21.86 -3.33 -2.02 -19.34 -3.35 -1.99 -19.34
3 16 -2.69 -1.64 -21.86 -3.35 -1.99 -19.34 -2.82 -1.4 -21.86
3 16 -2.82 -1.4 -21.86 -3.35 -1.99 -19.34 -3.57 -1.55 -19.34
3 16 -2.82 -1.4 -21.86 -3.57 -1.55 -19.34 -2.89 -1.25 -21.86
3 16 -2.89 -1.25 -21.86 -3.57 -1.55 -19.34 -3.59 -1.52 -19.34
3 16 -2.89 -1.25 -21.86 -3.59 -1.52 -19.34 -3 -0.95 -21.86
3 16 -3 -0.95 -21.86 -3.59 -1.52 -19.34 -3.75 -1.05 -19.34
3 16 -3 -0.95 -21.86 -3.75 -1.05 -19.34 -3.03 -0.85 -21.86
3 16 -3.03 -0.85 -21.86 -3.75 -1.05 -19.34 -3.76 -1.03 -19.34
3 16 -3.03 -0.85 -21.86 -3.76 -1.03 -19.34 -3.11 -0.48 -21.86
3 16 -3.11 -0.48 -21.86 -3.76 -1.03 -19.34 -3.86 -0.53 -19.34
4 16 -3.11 -0.48 -21.86 -3.86 -0.53 -19.34 -3.86 -0.52 -19.34 -3.12 -0.43 -21.86
4 16 -3.12 -0.43 -21.86 -3.86 -0.52 -19.34 -3.9 0 -19.34 -3.15 0 -21.86
4 16 -3.95 1.08 -8 -3.76 1.03 -19.34 -3.86 0.53 -19.34 -4.06 0.55 -8
4 16 -3.77 1.6 -8 -3.52 2.09 -8 -3.35 1.99 -19.34 -3.57 1.55 -19.34
3 16 -3.77 1.6 -8 -3.57 1.55 -19.34 -3.59 1.52 -19.34
4 16 -3.77 1.6 -8 -3.59 1.52 -19.34 -3.75 1.05 -19.34 -3.95 1.08 -8
3 16 -3.95 1.08 -8 -3.75 1.05 -19.34 -3.76 1.03 -19.34
4 16 -3.21 2.54 -8 -2.85 2.94 -8 -2.71 2.8 -19.34 -3.02 2.46 -19.34
3 16 -3.21 2.54 -8 -3.02 2.46 -19.34 -3.06 2.41 -19.34
4 16 -3.21 2.54 -8 -3.06 2.41 -19.34 -3.33 2.02 -19.34 -3.52 2.09 -8
3 16 -3.52 2.09 -8 -3.33 2.02 -19.34 -3.35 1.99 -19.34
4 16 -2.43 3.3 -8 -1.97 3.59 -8 -1.87 3.42 -19.34 -2.25 3.18 -19.34
3 16 -2.43 3.3 -8 -2.25 3.18 -19.34 -2.31 3.14 -19.34
4 16 -2.43 3.3 -8 -2.31 3.14 -19.34 -2.66 2.85 -19.34 -2.85 2.94 -8
3 16 -2.85 2.94 -8 -2.66 2.85 -19.34 -2.71 2.8 -19.34
3 16 -1.47 3.82 -8 -0.95 3.98 -8 -0.9 3.79 -19.34
3 16 -0.9 3.79 -19.34 -1.3 3.67 -19.34 -1.47 3.82 -8
3 16 -1.47 3.82 -8 -1.3 3.67 -19.34 -1.4 3.64 -19.34
3 16 -1.47 3.82 -8 -1.4 3.64 -19.34 -1.97 3.59 -8
3 16 -1.97 3.59 -8 -1.4 3.64 -19.34 -1.79 3.46 -19.34
3 16 -1.97 3.59 -8 -1.79 3.46 -19.34 -1.87 3.42 -19.34
3 16 -0.41 4.07 -8 0.14 4.09 -8 0.13 3.89 -19.34
3 16 0.13 3.89 -19.34 -0.27 3.89 -19.34 -0.41 4.07 -8
3 16 -0.41 4.07 -8 -0.27 3.89 -19.34 -0.39 3.88 -19.34
3 16 -0.41 4.07 -8 -0.39 3.88 -19.34 -0.95 3.98 -8
3 16 -0.95 3.98 -8 -0.39 3.88 -19.34 -0.79 3.82 -19.34
3 16 -0.95 3.98 -8 -0.79 3.82 -19.34 -0.9 3.79 -19.34
3 16 0.68 4.04 -8 1.21 3.91 -8 1.15 3.72 -19.34
3 16 1.15 3.72 -19.34 0.79 3.82 -19.34 0.68 4.04 -8
3 16 0.68 4.04 -8 0.79 3.82 -19.34 0.65 3.84 -19.34
3 16 0.68 4.04 -8 0.65 3.84 -19.34 0.14 4.09 -8
3 16 0.14 4.09 -8 0.65 3.84 -19.34 0.27 3.89 -19.34
3 16 0.14 4.09 -8 0.27 3.89 -19.34 0.13 3.89 -19.34
3 16 1.72 3.71 -8 2.2 3.45 -8 2.1 3.28 -19.34
3 16 2.1 3.28 -19.34 1.79 3.46 -19.34 1.72 3.71 -8
3 16 1.72 3.71 -8 1.79 3.46 -19.34 1.64 3.53 -19.34
3 16 1.72 3.71 -8 1.64 3.53 -19.34 1.21 3.91 -8
3 16 1.21 3.91 -8 1.64 3.53 -19.34 1.3 3.67 -19.34
3 16 1.21 3.91 -8 1.3 3.67 -19.34 1.15 3.72 -19.34
3 16 2.64 3.13 -8 3.04 2.75 -8 2.89 2.61 -19.34
3 16 2.89 2.61 -19.34 2.66 2.85 -19.34 2.64 3.13 -8
3 16 2.64 3.13 -8 2.66 2.85 -19.34 2.52 2.98 -19.34
3 16 2.64 3.13 -8 2.52 2.98 -19.34 2.2 3.45 -8
3 16 2.2 3.45 -8 2.52 2.98 -19.34 2.25 3.18 -19.34
3 16 2.2 3.45 -8 2.25 3.18 -19.34 2.1 3.28 -19.34
3 16 3.38 2.32 -8 3.65 1.85 -8 3.48 1.76 -19.34
3 16 3.48 1.76 -19.34 3.33 2.02 -19.34 3.38 2.32 -8
3 16 3.38 2.32 -8 3.33 2.02 -19.34 3.21 2.21 -19.34
3 16 3.38 2.32 -8 3.21 2.21 -19.34 3.04 2.75 -8
3 16 3.04 2.75 -8 3.21 2.21 -19.34 3.02 2.46 -19.34
3 16 3.04 2.75 -8 3.02 2.46 -19.34 2.89 2.61 -19.34
3 16 3.87 1.34 -8 4.01 0.82 -8 3.82 0.78 -19.34
3 16 3.82 0.78 -19.34 3.75 1.05 -19.34 3.87 1.34 -8
3 16 3.87 1.34 -8 3.75 1.05 -19.34 3.68 1.28 -19.34
3 16 3.87 1.34 -8 3.68 1.28 -19.34 3.65 1.85 -8
3 16 3.65 1.85 -8 3.68 1.28 -19.34 3.57 1.55 -19.34
3 16 3.65 1.85 -8 3.57 1.55 -19.34 3.48 1.76 -19.34
3 16 4.09 -0.27 -8 3.9 0 -19.34 4.09 0.27 -8
3 16 4.09 0.27 -8 3.9 0 -19.34 3.89 0.26 -19.34
3 16 4.09 0.27 -8 3.89 0.26 -19.34 4.01 0.82 -8
3 16 4.01 0.82 -8 3.89 0.26 -19.34 3.86 0.53 -19.34
3 16 4.01 0.82 -8 3.86 0.53 -19.34 3.82 0.78 -19.34
3 16 4.01 -0.82 -8 3.86 -0.53 -19.34 4.09 -0.27 -8
3 16 4.09 -0.27 -8 3.86 -0.53 -19.34 3.89 -0.26 -19.34
3 16 4.09 -0.27 -8 3.89 -0.26 -19.34 3.9 0 -19.34
3 16 3.87 -1.34 -8 3.75 -1.05 -19.34 4.01 -0.82 -8
3 16 4.01 -0.82 -8 3.75 -1.05 -19.34 3.82 -0.78 -19.34
3 16 4.01 -0.82 -8 3.82 -0.78 -19.34 3.86 -0.53 -19.34
3 16 3.65 -1.85 -8 3.57 -1.55 -19.34 3.87 -1.34 -8
3 16 3.87 -1.34 -8 3.57 -1.55 -19.34 3.68 -1.28 -19.34
3 16 3.87 -1.34 -8 3.68 -1.28 -19.34 3.75 -1.05 -19.34
3 16 3.38 -2.32 -8 3.33 -2.02 -19.34 3.65 -1.85 -8
3 16 3.65 -1.85 -8 3.33 -2.02 -19.34 3.48 -1.76 -19.34
3 16 3.65 -1.85 -8 3.48 -1.76 -19.34 3.57 -1.55 -19.34
3 16 3.04 -2.75 -8 3.02 -2.46 -19.34 3.38 -2.32 -8
3 16 3.38 -2.32 -8 3.02 -2.46 -19.34 3.21 -2.21 -19.34
3 16 3.38 -2.32 -8 3.21 -2.21 -19.34 3.33 -2.02 -19.34
3 16 2.64 -3.13 -8 2.66 -2.85 -19.34 3.04 -2.75 -8
3 16 3.04 -2.75 -8 2.66 -2.85 -19.34 2.89 -2.61 -19.34
3 16 3.04 -2.75 -8 2.89 -2.61 -19.34 3.02 -2.46 -19.34
3 16 2.2 -3.45 -8 2.25 -3.18 -19.34 2.64 -3.13 -8
3 16 2.64 -3.13 -8 2.25 -3.18 -19.34 2.52 -2.98 -19.34
3 16 2.64 -3.13 -8 2.52 -2.98 -19.34 2.66 -2.85 -19.34
3 16 1.72 -3.71 -8 1.79 -3.46 -19.34 2.2 -3.45 -8
3 16 2.2 -3.45 -8 1.79 -3.46 -19.34 2.1 -3.28 -19.34
3 16 2.2 -3.45 -8 2.1 -3.28 -19.34 2.25 -3.18 -19.34
3 16 1.21 -3.91 -8 1.3 -3.67 -19.34 1.72 -3.71 -8
3 16 1.72 -3.71 -8 1.3 -3.67 -19.34 1.64 -3.53 -19.34
3 16 1.72 -3.71 -8 1.64 -3.53 -19.34 1.79 -3.46 -19.34
3 16 0.68 -4.04 -8 0.79 -3.82 -19.34 1.21 -3.91 -8
3 16 1.21 -3.91 -8 0.79 -3.82 -19.34 1.15 -3.72 -19.34
3 16 1.21 -3.91 -8 1.15 -3.72 -19.34 1.3 -3.67 -19.34
3 16 0 -3.9 -19.34 0.13 -3.89 -19.34 0.14 -4.09 -8
3 16 0.14 -4.09 -8 0.13 -3.89 -19.34 0.27 -3.89 -19.34
3 16 0.14 -4.09 -8 0.27 -3.89 -19.34 0.68 -4.04 -8
3 16 0.68 -4.04 -8 0.27 -3.89 -19.34 0.65 -3.84 -19.34
3 16 0.68 -4.04 -8 0.65 -3.84 -19.34 0.79 -3.82 -19.34
4 16 0 -3.9 -19.34 0.14 -4.09 -8 -0.41 -4.07 -8 -0.27 -3.89 -19.34
3 16 -0.27 -3.89 -19.34 -0.41 -4.07 -8 -0.39 -3.88 -19.34
3 16 -0.39 -3.88 -19.34 -0.41 -4.07 -8 -0.79 -3.82 -19.34
3 16 -0.79 -3.82 -19.34 -0.41 -4.07 -8 -0.95 -3.98 -8
3 16 -0.79 -3.82 -19.34 -0.95 -3.98 -8 -0.9 -3.79 -19.34
3 16 -0.9 -3.79 -19.34 -0.95 -3.98 -8 -1.3 -3.67 -19.34
3 16 -1.3 -3.67 -19.34 -0.95 -3.98 -8 -1.47 -3.82 -8
3 16 -1.3 -3.67 -19.34 -1.47 -3.82 -8 -1.4 -3.64 -19.34
3 16 -1.4 -3.64 -19.34 -1.47 -3.82 -8 -1.79 -3.46 -19.34
3 16 -1.79 -3.46 -19.34 -1.47 -3.82 -8 -1.97 -3.59 -8
3 16 -1.79 -3.46 -19.34 -1.97 -3.59 -8 -1.87 -3.42 -19.34
4 16 -1.87 -3.42 -19.34 -1.97 -3.59 -8 -2.43 -3.3 -8 -2.25 -3.18 -19.34
3 16 -2.25 -3.18 -19.34 -2.43 -3.3 -8 -2.31 -3.14 -19.34
4 16 -2.31 -3.14 -19.34 -2.43 -3.3 -8 -2.85 -2.94 -8 -2.66 -2.85 -19.34
3 16 -2.66 -2.85 -19.34 -2.85 -2.94 -8 -2.71 -2.8 -19.34
3 16 -3.21 -2.54 -8 -3.06 -2.41 -19.34 -2.85 -2.94 -8
3 16 -2.85 -2.94 -8 -3.06 -2.41 -19.34 -3.02 -2.46 -19.34
3 16 -2.85 -2.94 -8 -3.02 -2.46 -19.34 -2.71 -2.8 -19.34
3 16 -3.52 -2.09 -8 -3.77 -1.6 -8 -3.59 -1.52 -19.34
3 16 -3.59 -1.52 -19.34 -3.57 -1.55 -19.34 -3.52 -2.09 -8
3 16 -3.52 -2.09 -8 -3.57 -1.55 -19.34 -3.35 -1.99 -19.34
3 16 -3.52 -2.09 -8 -3.35 -1.99 -19.34 -3.21 -2.54 -8
3 16 -3.21 -2.54 -8 -3.35 -1.99 -19.34 -3.33 -2.02 -19.34
3 16 -3.21 -2.54 -8 -3.33 -2.02 -19.34 -3.06 -2.41 -19.34
3 16 -3.86 -0.52 -19.34 -3.86 -0.53 -19.34 -3.95 -1.08 -8
3 16 -3.95 -1.08 -8 -3.86 -0.53 -19.34 -3.76 -1.03 -19.34
3 16 -3.95 -1.08 -8 -3.76 -1.03 -19.34 -3.77 -1.6 -8
3 16 -3.77 -1.6 -8 -3.76 -1.03 -19.34 -3.75 -1.05 -19.34
3 16 -3.77 -1.6 -8 -3.75 -1.05 -19.34 -3.59 -1.52 -19.34
3 16 -3.86 0.53 -19.34 -3.86 0.52 -19.34 -4.06 0.55 -8
4 16 -4.06 0.55 -8 -3.86 0.52 -19.34 -3.9 0 -19.34 -4.09 0 -8
4 16 -4.09 0 -8 -3.9 0 -19.34 -3.86 -0.52 -19.34 -4.06 -0.55 -8
3 16 -4.06 -0.55 -8 -3.86 -0.52 -19.34 -3.95 -1.08 -8
4 16 0 -1.26 8 22.17 -1.26 8 22.17 -1.24 7.78 0.22 -1.24 7.78
4 16 0 1.26 8 -22.17 1.26 8 -22.17 1.24 7.78 -0.22 1.24 7.78
4 16 -0.22 1.24 7.78 -22.17 1.24 7.78 -22.17 1.18 7.57 -0.43 1.18 7.57
4 16 -0.43 1.18 7.57 -22.17 1.18 7.57 -22.17 1.09 7.37 -0.63 1.09 7.37
4 16 -0.63 1.09 7.37 -22.17 1.09 7.37 -22.17 0.97 7.19 -0.81 0.97 7.19
4 16 -0.81 0.97 7.19 -22.17 0.97 7.19 -22.17 0.81 7.03 -0.97 0.81 7.03
3 16 -22.17 0.63 6.91 -1.09 0.63 6.91 -22.17 0.81 7.03
3 16 -22.17 0.81 7.03 -1.09 0.63 6.91 -1.03 0.72 6.97
2 24 -1.09 0.63 6.91 -1.03 0.72 6.97
3 16 -22.17 0.81 7.03 -1.03 0.72 6.97 -0.97 0.81 7.03
2 24 -1.03 0.72 6.97 -0.97 0.81 7.03
3 16 -22.17 0.43 6.82 -22.17 0.22 6.76 -1.24 0.22 6.76
3 16 -1.24 0.22 6.76 -1.22 0.33 6.78 -22.17 0.43 6.82
2 24 -1.24 0.22 6.76 -1.22 0.33 6.78
3 16 -22.17 0.43 6.82 -1.22 0.33 6.78 -1.18 0.43 6.82
2 24 -1.22 0.33 6.78 -1.18 0.43 6.82
3 16 -22.17 0.43 6.82 -1.18 0.43 6.82 -22.17 0.63 6.91
3 16 -22.17 0.63 6.91 -1.18 0.43 6.82 -1.14 0.53 6.86
2 24 -1.18 0.43 6.82 -1.14 0.53 6.86
3 16 -22.17 0.63 6.91 -1.14 0.53 6.86 -1.09 0.63 6.91
2 24 -1.14 0.53 6.86 -1.09 0.63 6.91
3 16 -22.17 -0.22 6.76 -1.26 -0.11 6.74 -22.17 0 6.74
3 16 -22.17 0 6.74 -1.26 -0.11 6.74 -1.26 0 6.74
2 24 -1.26 -0.11 6.74 -1.26 0 6.74
3 16 -22.17 0 6.74 -1.26 0 6.74 -22.17 0.22 6.76
3 16 -22.17 0.22 6.76 -1.26 0 6.74 -1.26 0.11 6.74
2 24 -1.26 0 6.74 -1.26 0.11 6.74
3 16 -22.17 0.22 6.76 -1.26 0.11 6.74 -1.24 0.22 6.76
2 24 -1.26 0.11 6.74 -1.24 0.22 6.76
3 16 -22.17 -0.43 6.82 -1.22 -0.33 6.78 -22.17 -0.22 6.76
3 16 -22.17 -0.22 6.76 -1.22 -0.33 6.78 -1.24 -0.22 6.76
2 24 -1.22 -0.33 6.78 -1.24 -0.22 6.76
3 16 -22.17 -0.22 6.76 -1.24 -0.22 6.76 -1.26 -0.11 6.74
2 24 -1.24 -0.22 6.76 -1.26 -0.11 6.74
3 16 -22.17 -0.63 6.91 -1.14 -0.53 6.86 -22.17 -0.43 6.82
3 16 -22.17 -0.43 6.82 -1.14 -0.53 6.86 -1.18 -0.43 6.82
2 24 -1.14 -0.53 6.86 -1.18 -0.43 6.82
3 16 -22.17 -0.43 6.82 -1.18 -0.43 6.82 -1.22 -0.33 6.78
2 24 -1.18 -0.43 6.82 -1.22 -0.33 6.78
4 16 -22.17 -1.26 8 0 -1.26 8 -0.22 -1.24 7.78 -22.17 -1.24 7.78
4 16 -22.17 -1.24 7.78 -0.22 -1.24 7.78 -0.43 -1.18 7.57 -22.17 -1.18 7.57
4 16 -22.17 -1.18 7.57 -0.43 -1.18 7.57 -0.63 -1.09 7.37 -22.17 -1.09 7.37
4 16 -22.17 -1.09 7.37 -0.63 -1.09 7.37 -0.81 -0.97 7.19 -22.17 -0.97 7.19
4 16 -22.17 -0.97 7.19 -0.81 -0.97 7.19 -0.97 -0.81 7.03 -22.17 -0.81 7.03
3 16 -22.17 -0.81 7.03 -0.97 -0.81 7.03 -1.03 -0.72 6.97
2 24 -0.97 -0.81 7.03 -1.03 -0.72 6.97
3 16 -22.17 -0.81 7.03 -1.03 -0.72 6.97 -22.17 -0.63 6.91
3 16 -22.17 -0.63 6.91 -1.03 -0.72 6.97 -1.09 -0.63 6.91
2 24 -1.03 -0.72 6.97 -1.09 -0.63 6.91
3 16 -22.17 -0.63 6.91 -1.09 -0.63 6.91 -1.14 -0.53 6.86
2 24 -1.09 -0.63 6.91 -1.14 -0.53 6.86
4 16 0.22 -1.24 7.78 22.17 -1.24 7.78 22.17 -1.18 7.57 0.43 -1.18 7.57
4 16 0.43 -1.18 7.57 22.17 -1.18 7.57 22.17 -1.09 7.37 0.63 -1.09 7.37
4 16 0.63 -1.09 7.37 22.17 -1.09 7.37 22.17 -0.97 7.19 0.81 -0.97 7.19
4 16 0.81 -0.97 7.19 22.17 -0.97 7.19 22.17 -0.81 7.03 0.97 -0.81 7.03
3 16 22.17 -0.63 6.91 1.09 -0.63 6.91 22.17 -0.81 7.03
3 16 22.17 -0.81 7.03 1.09 -0.63 6.91 1.03 -0.72 6.97
2 24 1.09 -0.63 6.91 1.03 -0.72 6.97
3 16 22.17 -0.81 7.03 1.03 -0.72 6.97 0.97 -0.81 7.03
2 24 1.03 -0.72 6.97 0.97 -0.81 7.03
3 16 22.17 -0.43 6.82 22.17 -0.22 6.76 1.24 -0.22 6.76
3 16 1.24 -0.22 6.76 1.22 -0.33 6.78 22.17 -0.43 6.82
2 24 1.24 -0.22 6.76 1.22 -0.33 6.78
3 16 22.17 -0.43 6.82 1.22 -0.33 6.78 1.18 -0.43 6.82
2 24 1.22 -0.33 6.78 1.18 -0.43 6.82
3 16 22.17 -0.43 6.82 1.18 -0.43 6.82 22.17 -0.63 6.91
3 16 22.17 -0.63 6.91 1.18 -0.43 6.82 1.14 -0.53 6.86
2 24 1.18 -0.43 6.82 1.14 -0.53 6.86
3 16 22.17 -0.63 6.91 1.14 -0.53 6.86 1.09 -0.63 6.91
2 24 1.14 -0.53 6.86 1.09 -0.63 6.91
3 16 22.17 0.22 6.76 1.26 0.11 6.74 22.17 0 6.74
3 16 22.17 0 6.74 1.26 0.11 6.74 1.26 0 6.74
2 24 1.26 0.11 6.74 1.26 0 6.74
3 16 22.17 0 6.74 1.26 0 6.74 22.17 -0.22 6.76
3 16 22.17 -0.22 6.76 1.26 0 6.74 1.26 -0.11 6.74
2 24 1.26 0 6.74 1.26 -0.11 6.74
3 16 22.17 -0.22 6.76 1.26 -0.11 6.74 1.24 -0.22 6.76
2 24 1.26 -0.11 6.74 1.24 -0.22 6.76
3 16 22.17 0.43 6.82 1.22 0.33 6.78 22.17 0.22 6.76
3 16 22.17 0.22 6.76 1.22 0.33 6.78 1.24 0.22 6.76
2 24 1.22 0.33 6.78 1.24 0.22 6.76
3 16 22.17 0.22 6.76 1.24 0.22 6.76 1.26 0.11 6.74
2 24 1.24 0.22 6.76 1.26 0.11 6.74
3 16 22.17 0.63 6.91 1.14 0.53 6.86 22.17 0.43 6.82
3 16 22.17 0.43 6.82 1.14 0.53 6.86 1.18 0.43 6.82
2 24 1.14 0.53 6.86 1.18 0.43 6.82
3 16 22.17 0.43 6.82 1.18 0.43 6.82 1.22 0.33 6.78
2 24 1.18 0.43 6.82 1.22 0.33 6.78
4 16 22.17 1.26 8 0 1.26 8 0.22 1.24 7.78 22.17 1.24 7.78
4 16 22.17 1.24 7.78 0.22 1.24 7.78 0.43 1.18 7.57 22.17 1.18 7.57
4 16 22.17 1.18 7.57 0.43 1.18 7.57 0.63 1.09 7.37 22.17 1.09 7.37
4 16 22.17 1.09 7.37 0.63 1.09 7.37 0.81 0.97 7.19 22.17 0.97 7.19
4 16 22.17 0.97 7.19 0.81 0.97 7.19 0.97 0.81 7.03 22.17 0.81 7.03
3 16 22.17 0.81 7.03 0.97 0.81 7.03 1.03 0.72 6.97
2 24 0.97 0.81 7.03 1.03 0.72 6.97
3 16 22.17 0.81 7.03 1.03 0.72 6.97 22.17 0.63 6.91
3 16 22.17 0.63 6.91 1.03 0.72 6.97 1.09 0.63 6.91
2 24 1.03 0.72 6.97 1.09 0.63 6.91
3 16 22.17 0.63 6.91 1.09 0.63 6.91 1.14 0.53 6.86
2 24 1.09 0.63 6.91 1.14 0.53 6.86
4 16 22.17 -1.24 8.22 -22.17 -1.24 8.22 -22.17 -1.18 8.43 22.17 -1.18 8.43
4 16 22.17 -1.18 8.43 -22.17 -1.18 8.43 -22.17 -1.09 8.63 22.17 -1.09 8.63
4 16 22.17 -1.09 8.63 -22.17 -1.09 8.63 -22.17 -0.97 8.81 22.17 -0.97 8.81
4 16 22.17 -0.97 8.81 -22.17 -0.97 8.81 -22.17 -0.81 8.97 22.17 -0.81 8.97
4 16 22.17 -0.81 8.97 -22.17 -0.81 8.97 -22.17 -0.63 9.09 22.17 -0.63 9.09
4 16 22.17 -0.63 9.09 -22.17 -0.63 9.09 -22.17 -0.43 9.18 22.17 -0.43 9.18
4 16 22.17 -0.43 9.18 -22.17 -0.43 9.18 -22.17 -0.22 9.24 22.17 -0.22 9.24
4 16 22.17 -0.22 9.24 -22.17 -0.22 9.24 -22.17 0 9.26 22.17 0 9.26
4 16 22.17 0 9.26 -22.17 0 9.26 -22.17 0.22 9.24 22.17 0.22 9.24
4 16 22.17 0.22 9.24 -22.17 0.22 9.24 -22.17 0.43 9.18 22.17 0.43 9.18
4 16 22.17 0.43 9.18 -22.17 0.43 9.18 -22.17 0.63 9.09 22.17 0.63 9.09
4 16 22.17 0.63 9.09 -22.17 0.63 9.09 -22.17 0.81 8.97 22.17 0.81 8.97
4 16 22.17 0.81 8.97 -22.17 0.81 8.97 -22.17 0.97 8.81 22.17 0.97 8.81
4 16 22.17 0.97 8.81 -22.17 0.97 8.81 -22.17 1.09 8.63 22.17 1.09 8.63
4 16 22.17 1.09 8.63 -22.17 1.09 8.63 -22.17 1.18 8.43 22.17 1.18 8.43
4 16 22.17 1.18 8.43 -22.17 1.18 8.43 -22.17 1.24 8.22 22.17 1.24 8.22
4 16 19.65 0 4.85 22.17 0 4.89 22.17 -0.54 4.94 19.65 -0.55 4.9
4 16 19.65 -0.55 4.9 22.17 -0.54 4.94 22.17 -1.06 5.08 19.65 -1.08 5.04
4 16 19.65 -1.08 5.04 22.17 -1.06 5.08 22.17 -1.55 5.31 19.65 -1.57 5.27
4 16 19.65 -1.57 5.27 22.17 -1.55 5.31 22.17 -2 5.62 19.65 -2.02 5.59
4 16 19.65 -2.02 5.59 22.17 -2 5.62 22.17 -2.38 6 19.65 -2.41 5.98
4 16 19.65 -2.41 5.98 22.17 -2.38 6 22.17 -2.69 6.45 19.65 -2.73 6.43
4 16 19.65 -2.73 6.43 22.17 -2.69 6.45 22.17 -2.92 6.94 19.65 -2.96 6.92
4 16 19.65 -2.96 6.92 22.17 -2.92 6.94 22.17 -3.06 7.46 19.65 -3.1 7.45
4 16 19.65 -3.1 7.45 22.17 -3.06 7.46 22.17 -3.11 8 19.65 -3.15 8
4 16 19.65 -3.15 8 22.17 -3.11 8 22.17 -3.06 8.54 19.65 -3.1 8.55
4 16 19.65 -3.1 8.55 22.17 -3.06 8.54 22.17 -2.92 9.06 19.65 -2.96 9.08
4 16 19.65 -2.96 9.08 22.17 -2.92 9.06 22.17 -2.69 9.55 19.65 -2.73 9.57
4 16 19.65 -2.73 9.57 22.17 -2.69 9.55 22.17 -2.38 10 19.65 -2.41 10.02
4 16 19.65 -2.41 10.02 22.17 -2.38 10 22.17 -2 10.38 19.65 -2.02 10.41
4 16 19.65 -2.02 10.41 22.17 -2 10.38 22.17 -1.55 10.69 19.65 -1.57 10.73
4 16 19.65 -1.57 10.73 22.17 -1.55 10.69 22.17 -1.06 10.92 19.65 -1.08 10.96
4 16 19.65 -1.08 10.96 22.17 -1.06 10.92 22.17 -0.54 11.06 19.65 -0.55 11.1
4 16 19.65 -0.55 11.1 22.17 -0.54 11.06 22.17 0 11.11 19.65 0 11.15
4 16 19.65 0 11.15 22.17 0 11.11 22.17 0.54 11.06 19.65 0.55 11.1
4 16 19.65 0.55 11.1 22.17 0.54 11.06 22.17 1.06 10.92 19.65 1.08 10.96
4 16 19.65 1.08 10.96 22.17 1.06 10.92 22.17 1.55 10.69 19.65 1.57 10.73
4 16 19.65 1.57 10.73 22.17 1.55 10.69 22.17 2 10.38 19.65 2.02 10.41
4 16 19.65 2.02 10.41 22.17 2 10.38 22.17 2.38 10 19.65 2.41 10.02
4 16 19.65 2.41 10.02 22.17 2.38 10 22.17 2.69 9.55 19.65 2.73 9.57
4 16 19.65 2.73 9.57 22.17 2.69 9.55 22.17 2.92 9.06 19.65 2.96 9.08
4 16 19.65 2.96 9.08 22.17 2.92 9.06 22.17 3.06 8.54 19.65 3.1 8.55
4 16 19.65 3.1 8.55 22.17 3.06 8.54 22.17 3.11 8 19.65 3.15 8
4 16 19.65 3.15 8 22.17 3.11 8 22.17 3.06 7.46 19.65 3.1 7.45
4 16 19.65 3.1 7.45 22.17 3.06 7.46 22.17 2.92 6.94 19.65 2.96 6.92
4 16 19.65 2.96 6.92 22.17 2.92 6.94 22.17 2.69 6.45 19.65 2.73 6.43
4 16 19.65 2.73 6.43 22.17 2.69 6.45 22.17 2.38 6 19.65 2.41 5.98
4 16 19.65 2.41 5.98 22.17 2.38 6 22.17 2 5.62 19.65 2.02 5.59
4 16 19.65 2.02 5.59 22.17 2 5.62 22.17 1.55 5.31 19.65 1.57 5.27
4 16 19.65 1.57 5.27 22.17 1.55 5.31 22.17 1.06 5.08 19.65 1.08 5.04
4 16 19.65 1.08 5.04 22.17 1.06 5.08 22.17 0.54 4.94 19.65 0.55 4.9
4 16 19.65 0.55 4.9 22.17 0.54 4.94 22.17 0 4.89 19.65 0 4.85
4 16 -19.65 0 11.15 -22.17 0 11.11 -22.17 -0.54 11.06 -19.65 -0.55 11.1
4 16 -19.65 -0.55 11.1 -22.17 -0.54 11.06 -22.17 -1.06 10.92 -19.65 -1.08 10.96
4 16 -19.65 -1.08 10.96 -22.17 -1.06 10.92 -22.17 -1.55 10.69 -19.65 -1.57 10.73
4 16 -19.65 -1.57 10.73 -22.17 -1.55 10.69 -22.17 -2 10.38 -19.65 -2.02 10.41
4 16 -19.65 -2.02 10.41 -22.17 -2 10.38 -22.17 -2.38 10 -19.65 -2.41 10.02
4 16 -19.65 -2.41 10.02 -22.17 -2.38 10 -22.17 -2.69 9.55 -19.65 -2.73 9.57
4 16 -19.65 -2.73 9.57 -22.17 -2.69 9.55 -22.17 -2.92 9.06 -19.65 -2.96 9.08
4 16 -19.65 -2.96 9.08 -22.17 -2.92 9.06 -22.17 -3.06 8.54 -19.65 -3.1 8.55
4 16 -19.65 -3.1 8.55 -22.17 -3.06 8.54 -22.17 -3.11 8 -19.65 -3.15 8
4 16 -19.65 -3.15 8 -22.17 -3.11 8 -22.17 -3.06 7.46 -19.65 -3.1 7.45
4 16 -19.65 -3.1 7.45 -22.17 -3.06 7.46 -22.17 -2.92 6.94 -19.65 -2.96 6.92
4 16 -19.65 -2.96 6.92 -22.17 -2.92 6.94 -22.17 -2.69 6.45 -19.65 -2.73 6.43
4 16 -19.65 -2.73 6.43 -22.17 -2.69 6.45 -22.17 -2.38 6 -19.65 -2.41 5.98
4 16 -19.65 -2.41 5.98 -22.17 -2.38 6 -22.17 -2 5.62 -19.65 -2.02 5.59
4 16 -19.65 -2.02 5.59 -22.17 -2 5.62 -22.17 -1.55 5.31 -19.65 -1.57 5.27
4 16 -19.65 -1.57 5.27 -22.17 -1.55 5.31 -22.17 -1.06 5.08 -19.65 -1.08 5.04
4 16 -19.65 -1.08 5.04 -22.17 -1.06 5.08 -22.17 -0.54 4.94 -19.65 -0.55 4.9
4 16 -19.65 -0.55 4.9 -22.17 -0.54 4.94 -22.17 0 4.89 -19.65 0 4.85
4 16 -19.65 0 4.85 -22.17 0 4.89 -22.17 0.54 4.94 -19.65 0.55 4.9
4 16 -19.65 0.55 4.9 -22.17 0.54 4.94 -22.17 1.06 5.08 -19.65 1.08 5.04
4 16 -19.65 1.08 5.04 -22.17 1.06 5.08 -22.17 1.55 5.31 -19.65 1.57 5.27
4 16 -19.65 1.57 5.27 -22.17 1.55 5.31 -22.17 2 5.62 -19.65 2.02 5.59
4 16 -19.65 2.02 5.59 -22.17 2 5.62 -22.17 2.38 6 -19.65 2.41 5.98
4 16 -19.65 2.41 5.98 -22.17 2.38 6 -22.17 2.69 6.45 -19.65 2.73 6.43
4 16 -19.65 2.73 6.43 -22.17 2.69 6.45 -22.17 2.92 6.94 -19.65 2.96 6.92
4 16 -19.65 2.96 6.92 -22.17 2.92 6.94 -22.17 3.06 7.46 -19.65 3.1 7.45
4 16 -19.65 3.1 7.45 -22.17 3.06 7.46 -22.17 3.11 8 -19.65 3.15 8
4 16 -19.65 3.15 8 -22.17 3.11 8 -22.17 3.06 8.54 -19.65 3.1 8.55
4 16 -19.65 3.1 8.55 -22.17 3.06 8.54 -22.17 2.92 9.06 -19.65 2.96 9.08
4 16 -19.65 2.96 9.08 -22.17 2.92 9.06 -22.17 2.69 9.55 -19.65 2.73 9.57
4 16 -19.65 2.73 9.57 -22.17 2.69 9.55 -22.17 2.38 10 -19.65 2.41 10.02
4 16 -19.65 2.41 10.02 -22.17 2.38 10 -22.17 2 10.38 -19.65 2.02 10.41
4 16 -19.65 2.02 10.41 -22.17 2 10.38 -22.17 1.55 10.69 -19.65 1.57 10.73
4 16 -19.65 1.57 10.73 -22.17 1.55 10.69 -22.17 1.06 10.92 -19.65 1.08 10.96
4 16 -19.65 1.08 10.96 -22.17 1.06 10.92 -22.17 0.54 11.06 -19.65 0.55 11.1
4 16 -19.65 0.55 11.1 -22.17 0.54 11.06 -22.17 0 11.11 -19.65 0 11.15
3 16 1.26 0.11 6.74 1.24 0.22 6.76 1.24 0.22 -8
3 16 0.97 0.81 -8 1.09 0.63 6.91 1.03 0.72 6.97
3 16 1.24 0.22 6.76 1.22 0.33 6.78 1.18 0.43 -8
3 16 1.18 0.43 -8 1.22 0.33 6.78 1.18 0.43 6.82
3 16 1.09 0.63 -8 1.18 0.43 6.82 1.14 0.53 6.86
3 16 1.09 0.63 -8 1.14 0.53 6.86 1.09 0.63 6.91
3 16 1.26 0.11 6.74 1.24 0.22 -8 1.26 0 6.74
3 16 1.26 0 6.74 1.26 0 -8 1.26 -0.11 6.74
3 16 1.26 -0.11 6.74 1.26 0 -8 1.24 -0.22 -8
3 16 1.26 -0.11 6.74 1.24 -0.22 -8 1.24 -0.22 6.76
3 16 1.24 -0.22 6.76 1.24 -0.22 -8 1.22 -0.33 6.78
3 16 1.22 -0.33 6.78 1.24 -0.22 -8 1.18 -0.43 -8
3 16 1.22 -0.33 6.78 1.18 -0.43 -8 1.18 -0.43 6.82
3 16 1.18 -0.43 6.82 1.18 -0.43 -8 1.14 -0.53 6.86
3 16 1.14 -0.53 6.86 1.18 -0.43 -8 1.09 -0.63 -8
3 16 1.14 -0.53 6.86 1.09 -0.63 -8 1.09 -0.63 6.91
3 16 1.09 -0.63 6.91 1.09 -0.63 -8 1.03 -0.72 6.97
3 16 1.03 -0.72 6.97 1.09 -0.63 -8 0.97 -0.81 -8
3 16 1.03 -0.72 6.97 0.97 -0.81 -8 0.97 -0.81 7.03
3 16 -0.97 -0.81 -8 -1.09 -0.63 6.91 -1.03 -0.72 6.97
3 16 -0.97 -0.81 -8 -1.03 -0.72 6.97 -0.97 -0.81 7.03
3 16 -1.24 -0.22 6.76 -1.22 -0.33 6.78 -1.18 -0.43 -8
3 16 -1.18 -0.43 -8 -1.22 -0.33 6.78 -1.18 -0.43 6.82
3 16 -1.09 -0.63 -8 -1.18 -0.43 6.82 -1.14 -0.53 6.86
3 16 -1.09 -0.63 -8 -1.14 -0.53 6.86 -1.09 -0.63 6.91
3 16 -1.24 0.22 -8 -1.26 0.11 6.74 -1.26 0 -8
3 16 -1.26 0 -8 -1.26 0.11 6.74 -1.26 0 6.74
3 16 -1.24 -0.22 -8 -1.26 0 6.74 -1.26 -0.11 6.74
3 16 -1.24 -0.22 -8 -1.26 -0.11 6.74 -1.24 -0.22 6.76
3 16 -1.18 0.43 -8 -1.22 0.33 6.78 -1.24 0.22 -8
3 16 -1.24 0.22 -8 -1.22 0.33 6.78 -1.24 0.22 6.76
3 16 -1.24 0.22 -8 -1.24 0.22 6.76 -1.26 0.11 6.74
3 16 -1.09 0.63 -8 -1.14 0.53 6.86 -1.18 0.43 -8
3 16 -1.18 0.43 -8 -1.14 0.53 6.86 -1.18 0.43 6.82
3 16 -1.18 0.43 -8 -1.18 0.43 6.82 -1.22 0.33 6.78
3 16 1.03 0.72 6.97 0.97 0.81 7.03 0.97 0.81 -8
3 16 -0.97 0.81 -8 -0.97 0.81 7.03 -1.03 0.72 6.97
3 16 -0.97 0.81 -8 -1.03 0.72 6.97 -1.09 0.63 -8
3 16 -1.09 0.63 -8 -1.03 0.72 6.97 -1.09 0.63 6.91
3 16 -1.09 0.63 -8 -1.09 0.63 6.91 -1.14 0.53 6.86
3 16 -3.88 5.04 2.83 -3.15 5.04 2.83 -3.88 5.03 2.95
3 16 -3.88 5.03 2.95 -3.15 5.04 2.83 -3.15 5.03 3.02
3 16 -3.88 5.03 2.95 -3.15 5.03 3.02 -3.88 5.02 3.05
3 16 -3.88 5.02 3.05 -3.15 5.03 3.02 -3.15 5.02 3.05
3 16 -3.88 5.02 3.05 -3.15 5.02 3.05 -3.88 4.99 3.17
3 16 -3.88 4.99 3.17 -3.15 5.02 3.05 -3.15 4.98 3.21
3 16 -3.88 4.99 3.17 -3.15 4.98 3.21 -3.88 4.96 3.27
3 16 -3.88 4.96 3.27 -3.15 4.98 3.21 -3.15 4.96 3.27
3 16 -3.88 4.96 3.27 -3.15 4.96 3.27 -3.88 4.92 3.37
3 16 -3.88 4.92 3.37 -3.15 4.96 3.27 -3.15 4.91 3.4
3 16 -3.88 4.92 3.37 -3.15 4.91 3.4 -3.88 4.87 3.46
3 16 -3.88 4.87 3.46 -3.15 4.91 3.4 -3.15 4.87 3.46
4 16 -3.88 4.87 3.46 -3.15 4.87 3.46 -3.15 4.8 3.57 -3.88 4.81 3.56
4 16 -3.88 4.81 3.56 -3.15 4.8 3.57 -3.15 4.74 3.64 -3.88 4.74 3.64
4 16 -3.88 4.74 3.64 -3.15 4.74 3.64 -3.15 4.67 3.72 -3.88 4.67 3.73
4 16 -3.88 4.67 3.73 -3.15 4.67 3.72 -3.15 4.59 3.8 -3.88 4.59 3.8
4 16 -3.88 4.59 3.8 -3.15 4.59 3.8 -3.15 4.52 3.85 -3.88 4.5 3.87
4 16 -3.88 4.5 3.87 -3.15 4.52 3.85 -3.15 4.41 3.93 -3.88 4.41 3.93
3 16 -3.88 4.41 3.93 -3.15 4.41 3.93 -3.88 4.32 3.97
3 16 -3.88 4.32 3.97 -3.15 4.41 3.93 -3.15 4.35 3.96
3 16 -3.88 4.32 3.97 -3.15 4.35 3.96 -3.88 4.21 4.02
3 16 -3.88 4.21 4.02 -3.15 4.35 3.96 -3.15 4.21 4.02
3 16 -3.88 4.21 4.02 -3.15 4.21 4.02 -3.88 4.11 4.05
3 16 -3.88 4.11 4.05 -3.15 4.21 4.02 -3.15 4.17 4.03
3 16 -3.88 4.11 4.05 -3.15 4.17 4.03 -3.88 4 4.08
3 16 -3.88 4 4.08 -3.15 4.17 4.03 -3.15 4 4.08
3 16 -3.88 4 4.08 -3.15 4 4.08 -3.88 3.9 4.09
3 16 -3.88 3.9 4.09 -3.15 4 4.08 -3.15 3.98 4.08
3 16 -3.88 3.9 4.09 -3.15 3.98 4.08 -3.88 3.78 4.09
3 16 -3.88 3.78 4.09 -3.15 3.98 4.08 -3.15 3.78 4.09
3 16 3.88 4.96 3.27 3.15 4.98 3.22 3.88 4.99 3.17
3 16 3.88 4.99 3.17 3.15 4.98 3.22 3.15 5.02 3.05
3 16 3.88 4.99 3.17 3.15 5.02 3.05 3.88 5.02 3.05
3 16 3.88 5.02 3.05 3.15 5.02 3.05 3.15 5.02 3.03
3 16 3.88 5.02 3.05 3.15 5.02 3.03 3.88 5.03 2.95
3 16 3.88 5.03 2.95 3.15 5.02 3.03 3.15 5.04 2.83
3 16 3.88 5.03 2.95 3.15 5.04 2.83 3.88 5.04 2.83
3 16 3.88 3.78 4.09 3.15 3.78 4.09 3.88 3.9 4.09
3 16 3.88 3.9 4.09 3.15 3.78 4.09 3.15 3.98 4.08
3 16 3.88 3.9 4.09 3.15 3.98 4.08 3.88 4 4.08
3 16 3.88 4 4.08 3.15 3.98 4.08 3.15 4 4.08
3 16 3.88 4 4.08 3.15 4 4.08 3.88 4.11 4.05
3 16 3.88 4.11 4.05 3.15 4 4.08 3.15 4.17 4.03
3 16 3.88 4.11 4.05 3.15 4.17 4.03 3.88 4.21 4.02
3 16 3.88 4.21 4.02 3.15 4.17 4.03 3.15 4.21 4.02
3 16 3.88 4.21 4.02 3.15 4.21 4.02 3.88 4.32 3.97
3 16 3.88 4.32 3.97 3.15 4.21 4.02 3.15 4.35 3.96
3 16 3.88 4.32 3.97 3.15 4.35 3.96 3.88 4.41 3.93
3 16 3.88 4.41 3.93 3.15 4.35 3.96 3.15 4.41 3.93
4 16 3.88 4.41 3.93 3.15 4.41 3.93 3.15 4.52 3.85 3.88 4.5 3.87
4 16 3.88 4.5 3.87 3.15 4.52 3.85 3.15 4.59 3.8 3.88 4.59 3.8
4 16 3.88 4.59 3.8 3.15 4.59 3.8 3.15 4.67 3.73 3.88 4.67 3.73
4 16 3.88 4.67 3.73 3.15 4.67 3.73 3.15 4.74 3.64 3.88 4.74 3.64
4 16 3.88 4.74 3.64 3.15 4.74 3.64 3.15 4.8 3.58 3.88 4.81 3.56
4 16 3.88 4.81 3.56 3.15 4.8 3.58 3.15 4.87 3.46 3.88 4.87 3.46
3 16 3.88 4.87 3.46 3.15 4.87 3.46 3.88 4.92 3.37
3 16 3.88 4.92 3.37 3.15 4.87 3.46 3.15 4.9 3.41
3 16 3.88 4.92 3.37 3.15 4.9 3.41 3.88 4.96 3.27
3 16 3.88 4.96 3.27 3.15 4.9 3.41 3.15 4.96 3.27
3 16 3.88 4.96 3.27 3.15 4.96 3.27 3.15 4.98 3.22
3 16 5.95 5.01 4.44 5.9 4.99 4.52 5.82 4.99 4.34
3 16 5.03 4.13 5.99 5.01 4.11 6.02 5.09 4.11 5.85
3 16 4.77 3.9 6.25 4.77 3.9 6.26 4.82 3.9 6.2
3 16 4.91 3.78 6.09 4.95 3.78 6.03 4.95 3.9 6.03
3 16 3.88 4.41 3.93 3.88 4.5 3.87 3.95 4.5 3.87
3 16 3.88 4.59 3.8 3.88 4.67 3.73 3.96 4.67 3.73
3 16 3.88 4.74 3.64 3.88 4.81 3.56 3.97 4.81 3.56
3 16 3.88 4.87 3.46 3.88 4.92 3.37 3.98 4.92 3.37
3 16 3.88 4.96 3.27 3.88 4.99 3.17 3.99 4.99 3.17
3 16 3.88 5.02 3.05 3.88 5.03 2.95 4 5.03 2.96
3 16 6.02 5.03 4.29 6.01 5.03 4.24 6.09 5.04 4.15
4 16 6.09 5.04 4.15 6.01 5.03 4.24 5.79 5.03 3.89 5.88 5.04 3.82
4 16 5.88 5.04 3.82 5.79 5.03 3.89 5.51 5.03 3.59 5.59 5.04 3.5
4 16 5.59 5.04 3.5 5.51 5.03 3.59 5.18 5.03 3.33 5.24 5.04 3.23
4 16 5.24 5.04 3.23 5.18 5.03 3.33 4.81 5.03 3.14 4.85 5.04 3.03
4 16 4.85 5.04 3.03 4.81 5.03 3.14 4.41 5.03 3.01 4.44 5.04 2.9
4 16 4.44 5.04 2.9 4.41 5.03 3.01 4 5.03 2.96 4 5.04 2.84
4 16 4 5.04 2.84 4 5.03 2.96 3.88 5.03 2.95 3.88 5.04 2.83
3 16 3.94 4.11 4.05 3.88 4.11 4.05 3.88 4.21 4.02
3 16 3.94 3.9 4.09 3.88 3.9 4.09 3.88 4 4.08
3 16 3.94 3.78 4.1 3.94 3.9 4.09 4.09 3.78 4.11
3 16 4.09 3.78 4.11 3.94 3.9 4.09 4.16 3.9 4.12
3 16 4.09 3.78 4.11 4.16 3.9 4.12 4.16 3.78 4.13
3 16 4.16 3.78 4.13 4.16 3.9 4.12 4.3 3.78 4.17
3 16 4.3 3.78 4.17 4.16 3.9 4.12 4.37 3.9 4.19
3 16 4.3 3.78 4.17 4.37 3.9 4.19 4.37 3.78 4.19
3 16 4.37 3.78 4.19 4.37 3.9 4.19 4.49 3.78 4.25
3 16 4.49 3.78 4.25 4.37 3.9 4.19 4.56 3.9 4.29
3 16 4.49 3.78 4.25 4.56 3.9 4.29 4.56 3.78 4.29
3 16 4.56 3.78 4.29 4.56 3.9 4.29 4.67 3.78 4.37
3 16 4.67 3.78 4.37 4.56 3.9 4.29 4.74 3.9 4.42
3 16 4.67 3.78 4.37 4.74 3.9 4.42 4.74 3.78 4.43
3 16 4.74 3.78 4.43 4.74 3.9 4.42 4.82 3.78 4.52
3 16 4.82 3.78 4.52 4.74 3.9 4.42 4.89 3.9 4.58
3 16 4.82 3.78 4.52 4.89 3.9 4.58 4.88 3.78 4.59
3 16 4.88 3.78 4.59 4.89 3.9 4.58 4.95 3.78 4.69
3 16 4.95 3.78 4.69 4.89 3.9 4.58 5.01 3.9 4.77
3 16 4.95 3.78 4.69 5.01 3.9 4.77 5 3.78 4.77
3 16 5 3.78 4.77 5.01 3.9 4.77 5.05 3.78 4.87
3 16 5.05 3.78 4.87 5.01 3.9 4.77 5.09 3.9 4.97
3 16 5.05 3.78 4.87 5.09 3.9 4.97 5.08 3.78 4.97
3 16 5.14 3.9 5.19 5.13 3.78 5.19 5.09 3.9 4.97
3 16 5.09 3.9 4.97 5.13 3.78 5.19 5.11 3.78 5.08
3 16 5.09 3.9 4.97 5.11 3.78 5.08 5.08 3.78 4.97
3 16 5.15 3.9 5.41 5.12 3.9 5.62 5.11 3.78 5.62
3 16 5.11 3.78 5.62 5.13 3.78 5.5 5.15 3.9 5.41
3 16 5.15 3.9 5.41 5.13 3.78 5.5 5.14 3.78 5.41
3 16 5.15 3.9 5.41 5.14 3.78 5.41 5.14 3.9 5.19
3 16 5.14 3.9 5.19 5.14 3.78 5.41 5.14 3.78 5.29
3 16 5.14 3.9 5.19 5.14 3.78 5.29 5.13 3.78 5.19
3 16 4.95 3.9 6.03 4.95 3.78 6.03 5.05 3.9 5.83
3 16 4.95 3.78 6.03 5.02 3.78 5.9 5.05 3.9 5.83
3 16 5.05 3.9 5.83 5.02 3.78 5.9 5.05 3.78 5.83
3 16 5.05 3.9 5.83 5.05 3.78 5.83 5.12 3.9 5.62
3 16 5.12 3.9 5.62 5.05 3.78 5.83 5.09 3.78 5.71
3 16 5.12 3.9 5.62 5.09 3.78 5.71 5.11 3.78 5.62
3 16 4.77 3.78 6.25 4.7 3.84 6.32 4.66 3.78 6.35
3 16 4.66 3.78 6.35 4.7 3.84 6.32 4.66 3.81 6.35
3 16 4.66 3.78 6.35 4.66 3.81 6.35 4.62 3.78 6.37
3 16 4.91 3.78 6.09 4.95 3.9 6.03 4.82 3.78 6.2
3 16 4.82 3.78 6.2 4.95 3.9 6.03 4.82 3.9 6.2
4 16 4.82 3.78 6.2 4.82 3.9 6.2 4.77 3.9 6.26 4.77 3.78 6.25
3 16 4.77 3.78 6.25 4.77 3.9 6.26 4.7 3.84 6.32
3 16 4.98 4.08 6.04 4.97 4.07 6.06 4.95 3.9 6.03
3 16 4.95 3.9 6.03 4.97 4.07 6.06 4.92 4.03 6.11
3 16 4.92 4.03 6.11 4.91 4.02 6.12 4.95 3.9 6.03
3 16 4.95 3.9 6.03 4.91 4.02 6.12 4.84 3.96 6.19
3 16 4.95 3.9 6.03 4.84 3.96 6.19 4.82 3.9 6.2
3 16 4.82 3.9 6.2 4.84 3.96 6.19 4.82 3.94 6.21
3 16 4.82 3.9 6.2 4.82 3.94 6.21 4.77 3.9 6.25
3 16 5.03 4.13 5.99 5.09 4.11 5.85 5.09 4.19 5.91
3 16 5.2 4.31 5.76 5.19 4.3 5.77 5.16 4.11 5.63
3 16 5.16 4.11 5.63 5.19 4.3 5.77 5.14 4.25 5.84
3 16 5.16 4.11 5.63 5.14 4.25 5.84 5.09 4.11 5.85
3 16 5.09 4.11 5.85 5.14 4.25 5.84 5.13 4.23 5.86
3 16 5.09 4.11 5.85 5.13 4.23 5.86 5.09 4.19 5.91
3 16 5.2 4.31 5.76 5.23 4.32 5.65 5.24 4.36 5.7
3 16 5.24 4.36 5.7 5.23 4.32 5.65 5.25 4.36 5.69
3 16 5.35 4.49 5.51 5.33 4.46 5.56 5.26 4.32 5.41
3 16 5.26 4.32 5.41 5.33 4.46 5.56 5.28 4.41 5.63
3 16 5.26 4.32 5.41 5.28 4.41 5.63 5.23 4.32 5.65
3 16 5.23 4.32 5.65 5.28 4.41 5.63 5.27 4.39 5.65
3 16 5.23 4.32 5.65 5.27 4.39 5.65 5.25 4.36 5.69
3 16 5.42 4.57 5.4 5.41 4.56 5.41 5.37 4.5 5.42
3 16 5.42 4.57 5.4 5.37 4.5 5.42 5.49 4.65 5.27
3 16 5.49 4.65 5.27 5.37 4.5 5.42 5.36 4.5 5.16
3 16 5.49 4.65 5.27 5.36 4.5 5.16 5.5 4.66 5.26
3 16 5.5 4.66 5.26 5.5 4.67 5.14 5.57 4.74 5.13
3 16 5.57 4.74 5.13 5.5 4.67 5.14 5.58 4.74 5.12
3 16 5.58 4.74 5.12 5.5 4.67 5.14 5.6 4.76 5.09
3 16 5.6 4.76 5.09 5.5 4.67 5.14 5.44 4.67 4.86
3 16 5.6 4.76 5.09 5.44 4.67 4.86 5.64 4.81 5.01
3 16 5.77 4.92 4.76 5.72 4.88 4.86 5.59 4.81 4.81
3 16 5.59 4.81 4.81 5.72 4.88 4.86 5.65 4.81 4.99
3 16 5.59 4.81 4.81 5.65 4.81 4.99 5.64 4.81 5.01
3 16 5.9 4.99 4.52 5.88 4.98 4.57 5.64 4.92 4.44
3 16 5.88 4.98 4.57 5.8 4.94 4.71 5.64 4.92 4.44
3 16 5.64 4.92 4.44 5.8 4.94 4.71 5.79 4.93 4.74
3 16 5.64 4.92 4.44 5.79 4.93 4.74 5.77 4.92 4.76
3 16 5.77 4.92 4.76 5.79 4.93 4.74 5.78 4.92 4.75
3 16 5.77 4.92 4.76 5.78 4.92 4.75 5.77 4.92 4.76
5 24 5.77 4.92 4.76 5.77 4.92 4.76 5.78 4.92 4.75 5.59 4.81 4.81
3 16 5.95 5.01 4.44 5.82 4.99 4.34 6.02 5.03 4.29
3 16 6.02 5.03 4.29 5.82 4.99 4.34 6.01 5.03 4.24
4 16 6.01 5.03 4.24 5.82 4.99 4.34 5.62 4.99 4.02 5.79 5.03 3.89
4 16 5.79 5.03 3.89 5.62 4.99 4.02 5.36 4.99 3.74 5.51 5.03 3.59
4 16 5.51 5.03 3.59 5.36 4.99 3.74 5.06 4.99 3.51 5.18 5.03 3.33
4 16 5.18 5.03 3.33 5.06 4.99 3.51 4.73 4.99 3.34 4.81 5.03 3.14
4 16 4.81 5.03 3.14 4.73 4.99 3.34 4.36 4.99 3.22 4.41 5.03 3.01
4 16 4.41 5.03 3.01 4.36 4.99 3.22 3.99 4.99 3.17 4 5.03 2.96
3 16 4 5.03 2.96 3.99 4.99 3.17 3.88 4.99 3.17
3 16 4 5.03 2.96 3.88 4.99 3.17 3.88 5.02 3.05
3 16 5.9 4.99 4.52 5.64 4.92 4.44 5.82 4.99 4.34
4 16 5.82 4.99 4.34 5.64 4.92 4.44 5.46 4.92 4.15 5.62 4.99 4.02
4 16 5.62 4.99 4.02 5.46 4.92 4.15 5.22 4.92 3.89 5.36 4.99 3.74
4 16 5.36 4.99 3.74 5.22 4.92 3.89 4.95 4.92 3.68 5.06 4.99 3.51
4 16 5.06 4.99 3.51 4.95 4.92 3.68 4.65 4.92 3.52 4.73 4.99 3.34
4 16 4.73 4.99 3.34 4.65 4.92 3.52 4.32 4.92 3.42 4.36 4.99 3.22
4 16 4.36 4.99 3.22 4.32 4.92 3.42 3.98 4.92 3.37 3.99 4.99 3.17
3 16 3.99 4.99 3.17 3.98 4.92 3.37 3.88 4.92 3.37
3 16 3.99 4.99 3.17 3.88 4.92 3.37 3.88 4.96 3.27
3 16 5.77 4.92 4.76 5.59 4.81 4.81 5.77 4.92 4.76
4 16 5.77 4.92 4.76 5.59 4.81 4.81 5.48 4.81 4.52 5.64 4.92 4.44
4 16 5.64 4.92 4.44 5.48 4.81 4.52 5.31 4.81 4.26 5.46 4.92 4.15
4 16 5.46 4.92 4.15 5.31 4.81 4.26 5.1 4.81 4.03 5.22 4.92 3.89
4 16 5.22 4.92 3.89 5.1 4.81 4.03 4.85 4.81 3.84 4.95 4.92 3.68
4 16 4.95 4.92 3.68 4.85 4.81 3.84 4.57 4.81 3.7 4.65 4.92 3.52
4 16 4.65 4.92 3.52 4.57 4.81 3.7 4.28 4.81 3.6 4.32 4.92 3.42
4 16 4.32 4.92 3.42 4.28 4.81 3.6 3.97 4.81 3.56 3.98 4.92 3.37
3 16 3.98 4.92 3.37 3.97 4.81 3.56 3.88 4.81 3.56
3 16 3.98 4.92 3.37 3.88 4.81 3.56 3.88 4.87 3.46
3 16 5.64 4.81 5.01 5.44 4.67 4.86 5.59 4.81 4.81
4 16 5.59 4.81 4.81 5.44 4.67 4.86 5.33 4.67 4.6 5.48 4.81 4.52
4 16 5.48 4.81 4.52 5.33 4.67 4.6 5.18 4.67 4.36 5.31 4.81 4.26
4 16 5.31 4.81 4.26 5.18 4.67 4.36 4.98 4.67 4.15 5.1 4.81 4.03
4 16 5.1 4.81 4.03 4.98 4.67 4.15 4.76 4.67 3.98 4.85 4.81 3.84
4 16 4.85 4.81 3.84 4.76 4.67 3.98 4.51 4.67 3.85 4.57 4.81 3.7
4 16 4.57 4.81 3.7 4.51 4.67 3.85 4.24 4.67 3.77 4.28 4.81 3.6
4 16 4.28 4.81 3.6 4.24 4.67 3.77 3.96 4.67 3.73 3.97 4.81 3.56
3 16 3.97 4.81 3.56 3.96 4.67 3.73 3.88 4.67 3.73
3 16 3.97 4.81 3.56 3.88 4.67 3.73 3.88 4.74 3.64
3 16 5.5 4.66 5.26 5.36 4.5 5.16 5.5 4.67 5.14
4 16 5.5 4.67 5.14 5.36 4.5 5.16 5.3 4.5 4.91 5.44 4.67 4.86
4 16 5.44 4.67 4.86 5.3 4.5 4.91 5.2 4.5 4.67 5.33 4.67 4.6
4 16 5.33 4.67 4.6 5.2 4.5 4.67 5.06 4.5 4.45 5.18 4.67 4.36
4 16 5.18 4.67 4.36 5.06 4.5 4.45 4.89 4.5 4.26 4.98 4.67 4.15
4 16 4.98 4.67 4.15 4.89 4.5 4.26 4.69 4.5 4.1 4.76 4.67 3.98
4 16 4.76 4.67 3.98 4.69 4.5 4.1 4.46 4.5 3.98 4.51 4.67 3.85
4 16 4.51 4.67 3.85 4.46 4.5 3.98 4.21 4.5 3.9 4.24 4.67 3.77
4 16 4.24 4.67 3.77 4.21 4.5 3.9 3.95 4.5 3.87 3.96 4.67 3.73
3 16 3.96 4.67 3.73 3.95 4.5 3.87 3.88 4.5 3.87
3 16 3.96 4.67 3.73 3.88 4.5 3.87 3.88 4.59 3.8
3 16 5.35 4.49 5.51 5.26 4.32 5.41 5.37 4.5 5.42
4 16 5.37 4.5 5.42 5.26 4.32 5.41 5.25 4.32 5.17 5.36 4.5 5.16
4 16 5.36 4.5 5.16 5.25 4.32 5.17 5.2 4.32 4.94 5.3 4.5 4.91
4 16 5.3 4.5 4.91 5.2 4.32 4.94 5.11 4.32 4.72 5.2 4.5 4.67
4 16 5.2 4.5 4.67 5.11 4.32 4.72 4.98 4.32 4.51 5.06 4.5 4.45
4 16 5.06 4.5 4.45 4.98 4.32 4.51 4.82 4.32 4.34 4.89 4.5 4.26
4 16 4.89 4.5 4.26 4.82 4.32 4.34 4.63 4.32 4.19 4.69 4.5 4.1
4 16 4.69 4.5 4.1 4.63 4.32 4.19 4.41 4.32 4.08 4.46 4.5 3.98
4 16 4.46 4.5 3.98 4.41 4.32 4.08 4.19 4.32 4.01 4.21 4.5 3.9
4 16 4.21 4.5 3.9 4.19 4.32 4.01 3.95 4.32 3.98 3.95 4.5 3.87
3 16 3.95 4.5 3.87 3.95 4.32 3.98 3.88 4.32 3.97
3 16 3.95 4.5 3.87 3.88 4.32 3.97 3.88 4.41 3.93
3 16 5.2 4.31 5.76 5.16 4.11 5.63 5.23 4.32 5.65
4 16 5.23 4.32 5.65 5.16 4.11 5.63 5.19 4.11 5.41 5.26 4.32 5.41
4 16 5.26 4.32 5.41 5.19 4.11 5.41 5.18 4.11 5.18 5.25 4.32 5.17
4 16 5.25 4.32 5.17 5.18 4.11 5.18 5.13 4.11 4.96 5.2 4.32 4.94
4 16 5.2 4.32 4.94 5.13 4.11 4.96 5.04 4.11 4.75 5.11 4.32 4.72
4 16 5.11 4.32 4.72 5.04 4.11 4.75 4.92 4.11 4.56 4.98 4.32 4.51
4 16 4.98 4.32 4.51 4.92 4.11 4.56 4.77 4.11 4.39 4.82 4.32 4.34
4 16 4.82 4.32 4.34 4.77 4.11 4.39 4.59 4.11 4.26 4.63 4.32 4.19
4 16 4.63 4.32 4.19 4.59 4.11 4.26 4.39 4.11 4.15 4.41 4.32 4.08
4 16 4.41 4.32 4.08 4.39 4.11 4.15 4.17 4.11 4.08 4.19 4.32 4.01
4 16 4.19 4.32 4.01 4.17 4.11 4.08 3.94 4.11 4.05 3.95 4.32 3.98
3 16 3.95 4.32 3.98 3.94 4.11 4.05 3.88 4.21 4.02
3 16 3.95 4.32 3.98 3.88 4.21 4.02 3.88 4.32 3.97
3 16 4.98 4.08 6.04 4.95 3.9 6.03 5.01 4.11 6.02
4 16 5.01 4.11 6.02 4.95 3.9 6.03 5.05 3.9 5.83 5.09 4.11 5.85
4 16 5.09 4.11 5.85 5.05 3.9 5.83 5.12 3.9 5.62 5.16 4.11 5.63
4 16 5.16 4.11 5.63 5.12 3.9 5.62 5.15 3.9 5.41 5.19 4.11 5.41
4 16 5.19 4.11 5.41 5.15 3.9 5.41 5.14 3.9 5.19 5.18 4.11 5.18
4 16 5.18 4.11 5.18 5.14 3.9 5.19 5.09 3.9 4.97 5.13 4.11 4.96
4 16 5.13 4.11 4.96 5.09 3.9 4.97 5.01 3.9 4.77 5.04 4.11 4.75
4 16 5.04 4.11 4.75 5.01 3.9 4.77 4.89 3.9 4.58 4.92 4.11 4.56
4 16 4.92 4.11 4.56 4.89 3.9 4.58 4.74 3.9 4.42 4.77 4.11 4.39
4 16 4.77 4.11 4.39 4.74 3.9 4.42 4.56 3.9 4.29 4.59 4.11 4.26
4 16 4.59 4.11 4.26 4.56 3.9 4.29 4.37 3.9 4.19 4.39 4.11 4.15
4 16 4.39 4.11 4.15 4.37 3.9 4.19 4.16 3.9 4.12 4.17 4.11 4.08
4 16 4.17 4.11 4.08 4.16 3.9 4.12 3.94 3.9 4.09 3.94 4.11 4.05
3 16 3.94 4.11 4.05 3.94 3.9 4.09 3.88 4 4.08
3 16 3.94 4.11 4.05 3.88 4 4.08 3.88 4.11 4.05
4 16 17.13 0 4.1 19.65 0 4.85 19.65 -0.55 4.9 17.13 -0.68 4.16
4 16 17.13 -0.68 4.16 19.65 -0.55 4.9 19.65 -1.08 5.04 17.13 -1.33 4.34
4 16 17.13 -1.33 4.34 19.65 -1.08 5.04 19.65 -1.57 5.27 17.13 -1.95 4.63
4 16 17.13 -1.95 4.63 19.65 -1.57 5.27 19.65 -2.02 5.59 17.13 -2.5 5.02
4 16 17.13 -2.5 5.02 19.65 -2.02 5.59 19.65 -2.41 5.98 17.13 -2.98 5.5
4 16 17.13 -2.98 5.5 19.65 -2.41 5.98 19.65 -2.73 6.43 17.13 -3.37 6.05
4 16 17.13 -3.37 6.05 19.65 -2.73 6.43 19.65 -2.96 6.92 17.13 -3.66 6.67
4 16 17.13 -3.66 6.67 19.65 -2.96 6.92 19.65 -3.1 7.45 17.13 -3.84 7.32
4 16 17.13 -3.84 7.32 19.65 -3.1 7.45 19.65 -3.15 8 17.13 -3.9 8
4 16 17.13 -3.9 8 19.65 -3.15 8 19.65 -3.1 8.55 17.13 -3.84 8.68
4 16 17.13 -3.84 8.68 19.65 -3.1 8.55 19.65 -2.96 9.08 17.13 -3.66 9.33
4 16 17.13 -3.66 9.33 19.65 -2.96 9.08 19.65 -2.73 9.57 17.13 -3.37 9.95
4 16 17.13 -3.37 9.95 19.65 -2.73 9.57 19.65 -2.41 10.02 17.13 -2.98 10.5
4 16 17.13 -2.98 10.5 19.65 -2.41 10.02 19.65 -2.02 10.41 17.13 -2.5 10.98
4 16 17.13 -2.5 10.98 19.65 -2.02 10.41 19.65 -1.57 10.73 17.13 -1.95 11.37
4 16 17.13 -1.95 11.37 19.65 -1.57 10.73 19.65 -1.08 10.96 17.13 -1.33 11.66
4 16 17.13 -1.33 11.66 19.65 -1.08 10.96 19.65 -0.55 11.1 17.13 -0.68 11.84
4 16 17.13 -0.68 11.84 19.65 -0.55 11.1 19.65 0 11.15 17.13 0 11.9
4 16 17.13 0 11.9 19.65 0 11.15 19.65 0.55 11.1 17.13 0.68 11.84
4 16 17.13 0.68 11.84 19.65 0.55 11.1 19.65 1.08 10.96 17.13 1.33 11.66
4 16 17.13 1.33 11.66 19.65 1.08 10.96 19.65 1.57 10.73 17.13 1.95 11.37
4 16 17.13 1.95 11.37 19.65 1.57 10.73 19.65 2.02 10.41 17.13 2.5 10.98
4 16 17.13 2.5 10.98 19.65 2.02 10.41 19.65 2.41 10.02 17.13 2.98 10.5
4 16 17.13 2.98 10.5 19.65 2.41 10.02 19.65 2.73 9.57 17.13 3.37 9.95
4 16 17.13 3.37 9.95 19.65 2.73 9.57 19.65 2.96 9.08 17.13 3.66 9.33
4 16 17.13 3.66 9.33 19.65 2.96 9.08 19.65 3.1 8.55 17.13 3.84 8.68
4 16 17.13 3.84 8.68 19.65 3.1 8.55 19.65 3.15 8 17.13 3.9 8
4 16 17.13 3.9 8 19.65 3.15 8 19.65 3.1 7.45 17.13 3.84 7.32
4 16 17.13 3.84 7.32 19.65 3.1 7.45 19.65 2.96 6.92 17.13 3.66 6.67
4 16 17.13 3.66 6.67 19.65 2.96 6.92 19.65 2.73 6.43 17.13 3.37 6.05
4 16 17.13 3.37 6.05 19.65 2.73 6.43 19.65 2.41 5.98 17.13 2.98 5.5
4 16 17.13 2.98 5.5 19.65 2.41 5.98 19.65 2.02 5.59 17.13 2.5 5.02
4 16 17.13 2.5 5.02 19.65 2.02 5.59 19.65 1.57 5.27 17.13 1.95 4.63
4 16 17.13 1.95 4.63 19.65 1.57 5.27 19.65 1.08 5.04 17.13 1.33 4.34
4 16 17.13 1.33 4.34 19.65 1.08 5.04 19.65 0.55 4.9 17.13 0.68 4.16
4 16 17.13 0.68 4.16 19.65 0.55 4.9 19.65 0 4.85 17.13 0 4.1
4 16 -17.13 0 11.9 -19.65 0 11.15 -19.65 -0.55 11.1 -17.13 -0.68 11.84
4 16 -17.13 -0.68 11.84 -19.65 -0.55 11.1 -19.65 -1.08 10.96 -17.13 -1.33 11.66
4 16 -17.13 -1.33 11.66 -19.65 -1.08 10.96 -19.65 -1.57 10.73 -17.13 -1.95 11.37
4 16 -17.13 -1.95 11.37 -19.65 -1.57 10.73 -19.65 -2.02 10.41 -17.13 -2.5 10.98
4 16 -17.13 -2.5 10.98 -19.65 -2.02 10.41 -19.65 -2.41 10.02 -17.13 -2.98 10.5
4 16 -17.13 -2.98 10.5 -19.65 -2.41 10.02 -19.65 -2.73 9.57 -17.13 -3.37 9.95
4 16 -17.13 -3.37 9.95 -19.65 -2.73 9.57 -19.65 -2.96 9.08 -17.13 -3.66 9.33
4 16 -17.13 -3.66 9.33 -19.65 -2.96 9.08 -19.65 -3.1 8.55 -17.13 -3.84 8.68
4 16 -17.13 -3.84 8.68 -19.65 -3.1 8.55 -19.65 -3.15 8 -17.13 -3.9 8
4 16 -17.13 -3.9 8 -19.65 -3.15 8 -19.65 -3.1 7.45 -17.13 -3.84 7.32
4 16 -17.13 -3.84 7.32 -19.65 -3.1 7.45 -19.65 -2.96 6.92 -17.13 -3.66 6.67
4 16 -17.13 -3.66 6.67 -19.65 -2.96 6.92 -19.65 -2.73 6.43 -17.13 -3.37 6.05
4 16 -17.13 -3.37 6.05 -19.65 -2.73 6.43 -19.65 -2.41 5.98 -17.13 -2.98 5.5
4 16 -17.13 -2.98 5.5 -19.65 -2.41 5.98 -19.65 -2.02 5.59 -17.13 -2.5 5.02
4 16 -17.13 -2.5 5.02 -19.65 -2.02 5.59 -19.65 -1.57 5.27 -17.13 -1.95 4.63
4 16 -17.13 -1.95 4.63 -19.65 -1.57 5.27 -19.65 -1.08 5.04 -17.13 -1.33 4.34
4 16 -17.13 -1.33 4.34 -19.65 -1.08 5.04 -19.65 -0.55 4.9 -17.13 -0.68 4.16
4 16 -17.13 -0.68 4.16 -19.65 -0.55 4.9 -19.65 0 4.85 -17.13 0 4.1
4 16 -17.13 0 4.1 -19.65 0 4.85 -19.65 0.55 4.9 -17.13 0.68 4.16
4 16 -17.13 0.68 4.16 -19.65 0.55 4.9 -19.65 1.08 5.04 -17.13 1.33 4.34
4 16 -17.13 1.33 4.34 -19.65 1.08 5.04 -19.65 1.57 5.27 -17.13 1.95 4.63
4 16 -17.13 1.95 4.63 -19.65 1.57 5.27 -19.65 2.02 5.59 -17.13 2.5 5.02
4 16 -17.13 2.5 5.02 -19.65 2.02 5.59 -19.65 2.41 5.98 -17.13 2.98 5.5
4 16 -17.13 2.98 5.5 -19.65 2.41 5.98 -19.65 2.73 6.43 -17.13 3.37 6.05
4 16 -17.13 3.37 6.05 -19.65 2.73 6.43 -19.65 2.96 6.92 -17.13 3.66 6.67
4 16 -17.13 3.66 6.67 -19.65 2.96 6.92 -19.65 3.1 7.45 -17.13 3.84 7.32
4 16 -17.13 3.84 7.32 -19.65 3.1 7.45 -19.65 3.15 8 -17.13 3.9 8
4 16 -17.13 3.9 8 -19.65 3.15 8 -19.65 3.1 8.55 -17.13 3.84 8.68
4 16 -17.13 3.84 8.68 -19.65 3.1 8.55 -19.65 2.96 9.08 -17.13 3.66 9.33
4 16 -17.13 3.66 9.33 -19.65 2.96 9.08 -19.65 2.73 9.57 -17.13 3.37 9.95
4 16 -17.13 3.37 9.95 -19.65 2.73 9.57 -19.65 2.41 10.02 -17.13 2.98 10.5
4 16 -17.13 2.98 10.5 -19.65 2.41 10.02 -19.65 2.02 10.41 -17.13 2.5 10.98
4 16 -17.13 2.5 10.98 -19.65 2.02 10.41 -19.65 1.57 10.73 -17.13 1.95 11.37
4 16 -17.13 1.95 11.37 -19.65 1.57 10.73 -19.65 1.08 10.96 -17.13 1.33 11.66
4 16 -17.13 1.33 11.66 -19.65 1.08 10.96 -19.65 0.55 11.1 -17.13 0.68 11.84
4 16 -17.13 0.68 11.84 -19.65 0.55 11.1 -19.65 0 11.15 -17.13 0 11.9
3 16 -3.88 4.41 3.93 -3.88 4.32 3.97 -3.95 4.32 3.98
3 16 -3.88 4.21 4.02 -3.88 4.11 4.05 -3.94 4.11 4.05
3 16 -4.66 3.81 6.35 -4.66 3.78 6.35 -4.62 3.78 6.37
3 16 -5.78 4.92 4.75 -5.77 4.92 4.76 -5.77 4.92 4.77
3 16 -6.09 5.04 4.15 -6.01 5.03 4.24 -6.02 5.03 4.29
4 16 -6.01 5.03 4.24 -6.09 5.04 4.15 -5.88 5.04 3.82 -5.79 5.03 3.89
3 16 -5.9 4.99 4.52 -5.95 5.01 4.43 -5.82 4.99 4.34
3 16 -5.82 4.99 4.34 -5.95 5.01 4.43 -5.96 5.02 4.41
3 16 -5.77 4.92 4.76 -5.78 4.92 4.75 -5.64 4.92 4.44
3 16 -5.78 4.92 4.75 -5.8 4.94 4.71 -5.64 4.92 4.44
3 16 -5.64 4.92 4.44 -5.8 4.94 4.71 -5.81 4.94 4.7
3 16 -5.64 4.92 4.44 -5.81 4.94 4.7 -5.88 4.98 4.57
3 16 -5.64 4.81 5.01 -5.65 4.81 4.99 -5.59 4.81 4.81
3 16 -5.59 4.81 4.81 -5.65 4.81 4.99 -5.73 4.88 4.85
3 16 -5.6 4.76 5.09 -5.44 4.67 4.86 -5.58 4.74 5.12
3 16 -5.58 4.74 5.12 -5.44 4.67 4.86 -5.5 4.67 5.14
3 16 -5.58 4.74 5.12 -5.5 4.67 5.14 -5.57 4.74 5.13
3 16 -5.57 4.74 5.13 -5.5 4.67 5.14 -5.5 4.66 5.26
3 16 -5.37 4.5 5.42 -5.42 4.57 5.4 -5.36 4.5 5.16
3 16 -5.36 4.5 5.16 -5.42 4.57 5.4 -5.49 4.65 5.27
3 16 -5.35 4.49 5.52 -5.38 4.53 5.51 -5.37 4.5 5.42
3 16 -5.37 4.5 5.42 -5.38 4.53 5.51 -5.41 4.56 5.41
3 16 -5.37 4.5 5.42 -5.41 4.56 5.41 -5.42 4.57 5.4
3 16 -5.23 4.32 5.65 -5.2 4.31 5.75 -5.23 4.34 5.72
3 16 -5.23 4.34 5.72 -5.24 4.36 5.7 -5.23 4.32 5.65
3 16 -5.23 4.32 5.65 -5.24 4.36 5.7 -5.27 4.39 5.65
3 16 -5.23 4.32 5.65 -5.27 4.39 5.65 -5.26 4.32 5.41
3 16 -5.26 4.32 5.41 -5.27 4.39 5.65 -5.29 4.41 5.63
3 16 -5.26 4.32 5.41 -5.29 4.41 5.63 -5.33 4.46 5.55
3 16 -5.03 4.13 5.98 -5.09 4.19 5.91 -5.09 4.11 5.85
3 16 -5.09 4.11 5.85 -5.09 4.19 5.91 -5.13 4.23 5.86
3 16 -5.09 4.11 5.85 -5.13 4.23 5.86 -5.16 4.11 5.63
3 16 -5.16 4.11 5.63 -5.13 4.23 5.86 -5.14 4.25 5.84
3 16 -5.16 4.11 5.63 -5.14 4.25 5.84 -5.19 4.3 5.77
3 16 -4.95 3.9 6.03 -4.98 4.08 6.05 -5.05 3.9 5.83
3 16 -5.05 3.9 5.83 -4.98 4.08 6.05 -5.01 4.11 6.01
3 16 -4.91 4.02 6.12 -4.95 4.06 6.08 -4.95 3.9 6.03
3 16 -4.95 3.9 6.03 -4.95 4.06 6.08 -4.97 4.08 6.05
3 16 -4.95 3.9 6.03 -4.97 4.08 6.05 -4.98 4.08 6.05
3 16 -4.77 3.9 6.26 -4.77 3.9 6.25 -4.82 3.9 6.2
3 16 -4.82 3.9 6.2 -4.77 3.9 6.25 -4.82 3.94 6.21
3 16 -4.82 3.9 6.2 -4.82 3.94 6.21 -4.95 3.9 6.03
3 16 -4.95 3.9 6.03 -4.82 3.94 6.21 -4.84 3.96 6.19
3 16 -4.95 3.9 6.03 -4.84 3.96 6.19 -4.91 4.02 6.12
3 16 -4.66 3.78 6.35 -4.66 3.81 6.35 -4.77 3.78 6.25
3 16 -4.66 3.81 6.35 -4.7 3.84 6.32 -4.77 3.78 6.25
3 16 -4.77 3.78 6.25 -4.7 3.84 6.32 -4.77 3.9 6.26
4 16 -4.77 3.78 6.25 -4.77 3.9 6.26 -4.82 3.9 6.2 -4.82 3.78 6.2
3 16 -4.82 3.78 6.2 -4.82 3.9 6.2 -4.91 3.78 6.09
3 16 -4.91 3.78 6.09 -4.82 3.9 6.2 -4.95 3.9 6.03
3 16 -4.91 3.78 6.09 -4.95 3.9 6.03 -4.95 3.78 6.03
3 16 -4.95 3.78 6.03 -4.95 3.9 6.03 -5.02 3.78 5.9
3 16 -5.02 3.78 5.9 -4.95 3.9 6.03 -5.05 3.9 5.83
3 16 -5.02 3.78 5.9 -5.05 3.9 5.83 -5.05 3.78 5.83
3 16 -5.05 3.78 5.83 -5.05 3.9 5.83 -5.09 3.78 5.71
3 16 -5.09 3.78 5.71 -5.05 3.9 5.83 -5.12 3.9 5.62
3 16 -5.09 3.78 5.71 -5.12 3.9 5.62 -5.11 3.78 5.62
3 16 -5.11 3.78 5.62 -5.12 3.9 5.62 -5.13 3.78 5.5
3 16 -5.13 3.78 5.5 -5.12 3.9 5.62 -5.15 3.9 5.41
3 16 -5.13 3.78 5.5 -5.15 3.9 5.41 -5.14 3.78 5.41
3 16 -5.14 3.78 5.41 -5.15 3.9 5.41 -5.14 3.78 5.29
3 16 -5.14 3.78 5.29 -5.15 3.9 5.41 -5.14 3.9 5.19
3 16 -5.14 3.78 5.29 -5.14 3.9 5.19 -5.13 3.78 5.19
3 16 -5.13 3.78 5.19 -5.14 3.9 5.19 -5.11 3.78 5.08
3 16 -5.11 3.78 5.08 -5.14 3.9 5.19 -5.09 3.9 4.97
3 16 -5.11 3.78 5.08 -5.09 3.9 4.97 -5.08 3.78 4.97
3 16 -5.01 3.9 4.77 -5 3.78 4.77 -5.09 3.9 4.97
3 16 -5.09 3.9 4.97 -5 3.78 4.77 -5.05 3.78 4.87
3 16 -5.09 3.9 4.97 -5.05 3.78 4.87 -5.08 3.78 4.97
3 16 -4.89 3.9 4.58 -4.74 3.9 4.42 -4.74 3.78 4.43
3 16 -4.74 3.78 4.43 -4.82 3.78 4.52 -4.89 3.9 4.58
3 16 -4.89 3.9 4.58 -4.82 3.78 4.52 -4.88 3.78 4.59
3 16 -4.89 3.9 4.58 -4.88 3.78 4.59 -5.01 3.9 4.77
3 16 -5.01 3.9 4.77 -4.88 3.78 4.59 -4.95 3.78 4.69
3 16 -5.01 3.9 4.77 -4.95 3.78 4.69 -5 3.78 4.77
3 16 -4.56 3.9 4.29 -4.37 3.9 4.19 -4.37 3.78 4.19
3 16 -4.37 3.78 4.19 -4.49 3.78 4.25 -4.56 3.9 4.29
3 16 -4.56 3.9 4.29 -4.49 3.78 4.25 -4.56 3.78 4.29
3 16 -4.56 3.9 4.29 -4.56 3.78 4.29 -4.74 3.9 4.42
3 16 -4.74 3.9 4.42 -4.56 3.78 4.29 -4.67 3.78 4.37
3 16 -4.74 3.9 4.42 -4.67 3.78 4.37 -4.74 3.78 4.43
3 16 -4.16 3.9 4.12 -3.94 3.9 4.09 -3.94 3.78 4.1
3 16 -3.94 3.78 4.1 -4.09 3.78 4.11 -4.16 3.9 4.12
3 16 -4.16 3.9 4.12 -4.09 3.78 4.11 -4.16 3.78 4.13
3 16 -4.16 3.9 4.12 -4.16 3.78 4.13 -4.37 3.9 4.19
3 16 -4.37 3.9 4.19 -4.16 3.78 4.13 -4.3 3.78 4.17
3 16 -4.37 3.9 4.19 -4.3 3.78 4.17 -4.37 3.78 4.19
3 16 -3.88 3.9 4.09 -3.94 3.9 4.09 -3.88 4 4.08
3 16 -3.88 4 4.08 -3.94 3.9 4.09 -3.88 4.11 4.05
3 16 -3.88 4.21 4.02 -3.94 4.11 4.05 -3.88 4.32 3.97
3 16 -3.88 4.59 3.8 -3.88 4.5 3.87 -3.95 4.5 3.87
3 16 -3.95 4.5 3.87 -3.88 4.5 3.87 -3.88 4.41 3.93
3 16 -3.88 4.74 3.64 -3.88 4.67 3.73 -3.96 4.67 3.73
3 16 -3.96 4.67 3.73 -3.88 4.67 3.73 -3.88 4.59 3.8
3 16 -3.88 4.87 3.46 -3.88 4.81 3.56 -3.97 4.81 3.56
3 16 -3.97 4.81 3.56 -3.88 4.81 3.56 -3.88 4.74 3.64
3 16 -3.88 4.96 3.27 -3.88 4.92 3.37 -3.98 4.92 3.37
3 16 -3.98 4.92 3.37 -3.88 4.92 3.37 -3.88 4.87 3.46
3 16 -3.88 5.02 3.05 -3.88 4.99 3.17 -3.99 4.99 3.17
3 16 -3.99 4.99 3.17 -3.88 4.99 3.17 -3.88 4.96 3.27
4 16 -4 5.04 2.84 -3.88 5.04 2.83 -3.88 5.03 2.95 -4 5.03 2.96
4 16 -5.79 5.03 3.89 -5.88 5.04 3.82 -5.59 5.04 3.5 -5.51 5.03 3.59
4 16 -5.51 5.03 3.59 -5.59 5.04 3.5 -5.24 5.04 3.23 -5.18 5.03 3.33
4 16 -5.18 5.03 3.33 -5.24 5.04 3.23 -4.85 5.04 3.03 -4.81 5.03 3.14
4 16 -4.81 5.03 3.14 -4.85 5.04 3.03 -4.44 5.04 2.9 -4.41 5.03 3.01
4 16 -4.41 5.03 3.01 -4.44 5.04 2.9 -4 5.04 2.84 -4 5.03 2.96
3 16 -4 5.03 2.96 -3.88 5.03 2.95 -3.88 5.02 3.05
3 16 -3.88 5.02 3.05 -3.99 4.99 3.17 -4 5.03 2.96
4 16 -4 5.03 2.96 -3.99 4.99 3.17 -4.36 4.99 3.22 -4.41 5.03 3.01
4 16 -4.41 5.03 3.01 -4.36 4.99 3.22 -4.73 4.99 3.34 -4.81 5.03 3.14
4 16 -4.81 5.03 3.14 -4.73 4.99 3.34 -5.06 4.99 3.51 -5.18 5.03 3.33
4 16 -5.18 5.03 3.33 -5.06 4.99 3.51 -5.36 4.99 3.74 -5.51 5.03 3.59
4 16 -5.51 5.03 3.59 -5.36 4.99 3.74 -5.62 4.99 4.02 -5.79 5.03 3.89
4 16 -5.79 5.03 3.89 -5.62 4.99 4.02 -5.82 4.99 4.34 -6.01 5.03 4.24
3 16 -6.01 5.03 4.24 -5.82 4.99 4.34 -5.96 5.02 4.41
3 16 -6.01 5.03 4.24 -5.96 5.02 4.41 -6.02 5.03 4.29
3 16 -3.88 4.96 3.27 -3.98 4.92 3.37 -3.99 4.99 3.17
4 16 -3.99 4.99 3.17 -3.98 4.92 3.37 -4.32 4.92 3.42 -4.36 4.99 3.22
4 16 -4.36 4.99 3.22 -4.32 4.92 3.42 -4.65 4.92 3.52 -4.73 4.99 3.34
4 16 -4.73 4.99 3.34 -4.65 4.92 3.52 -4.95 4.92 3.68 -5.06 4.99 3.51
4 16 -5.06 4.99 3.51 -4.95 4.92 3.68 -5.22 4.92 3.89 -5.36 4.99 3.74
4 16 -5.36 4.99 3.74 -5.22 4.92 3.89 -5.46 4.92 4.15 -5.62 4.99 4.02
4 16 -5.62 4.99 4.02 -5.46 4.92 4.15 -5.64 4.92 4.44 -5.82 4.99 4.34
3 16 -5.82 4.99 4.34 -5.64 4.92 4.44 -5.88 4.98 4.57
3 16 -5.82 4.99 4.34 -5.88 4.98 4.57 -5.9 4.99 4.52
3 16 -3.88 4.87 3.46 -3.97 4.81 3.56 -3.98 4.92 3.37
4 16 -3.98 4.92 3.37 -3.97 4.81 3.56 -4.28 4.81 3.6 -4.32 4.92 3.42
4 16 -4.32 4.92 3.42 -4.28 4.81 3.6 -4.57 4.81 3.7 -4.65 4.92 3.52
4 16 -4.65 4.92 3.52 -4.57 4.81 3.7 -4.85 4.81 3.84 -4.95 4.92 3.68
4 16 -4.95 4.92 3.68 -4.85 4.81 3.84 -5.1 4.81 4.03 -5.22 4.92 3.89
4 16 -5.22 4.92 3.89 -5.1 4.81 4.03 -5.31 4.81 4.26 -5.46 4.92 4.15
4 16 -5.46 4.92 4.15 -5.31 4.81 4.26 -5.48 4.81 4.52 -5.64 4.92 4.44
4 16 -5.64 4.92 4.44 -5.48 4.81 4.52 -5.59 4.81 4.81 -5.77 4.92 4.76
3 16 -5.77 4.92 4.76 -5.59 4.81 4.81 -5.73 4.88 4.85
3 16 -5.77 4.92 4.76 -5.73 4.88 4.85 -5.77 4.92 4.77
3 16 -3.88 4.74 3.64 -3.96 4.67 3.73 -3.97 4.81 3.56
4 16 -3.97 4.81 3.56 -3.96 4.67 3.73 -4.24 4.67 3.77 -4.28 4.81 3.6
4 16 -4.28 4.81 3.6 -4.24 4.67 3.77 -4.51 4.67 3.85 -4.57 4.81 3.7
4 16 -4.57 4.81 3.7 -4.51 4.67 3.85 -4.76 4.67 3.98 -4.85 4.81 3.84
4 16 -4.85 4.81 3.84 -4.76 4.67 3.98 -4.98 4.67 4.15 -5.1 4.81 4.03
4 16 -5.1 4.81 4.03 -4.98 4.67 4.15 -5.18 4.67 4.36 -5.31 4.81 4.26
4 16 -5.31 4.81 4.26 -5.18 4.67 4.36 -5.33 4.67 4.6 -5.48 4.81 4.52
4 16 -5.48 4.81 4.52 -5.33 4.67 4.6 -5.44 4.67 4.86 -5.59 4.81 4.81
3 16 -5.59 4.81 4.81 -5.44 4.67 4.86 -5.6 4.76 5.09
3 16 -5.59 4.81 4.81 -5.6 4.76 5.09 -5.64 4.81 5.01
3 16 -3.88 4.59 3.8 -3.95 4.5 3.87 -3.96 4.67 3.73
4 16 -3.96 4.67 3.73 -3.95 4.5 3.87 -4.21 4.5 3.9 -4.24 4.67 3.77
4 16 -4.24 4.67 3.77 -4.21 4.5 3.9 -4.46 4.5 3.98 -4.51 4.67 3.85
4 16 -4.51 4.67 3.85 -4.46 4.5 3.98 -4.69 4.5 4.1 -4.76 4.67 3.98
4 16 -4.76 4.67 3.98 -4.69 4.5 4.1 -4.89 4.5 4.26 -4.98 4.67 4.15
4 16 -4.98 4.67 4.15 -4.89 4.5 4.26 -5.06 4.5 4.45 -5.18 4.67 4.36
4 16 -5.18 4.67 4.36 -5.06 4.5 4.45 -5.2 4.5 4.67 -5.33 4.67 4.6
4 16 -5.33 4.67 4.6 -5.2 4.5 4.67 -5.3 4.5 4.91 -5.44 4.67 4.86
4 16 -5.44 4.67 4.86 -5.3 4.5 4.91 -5.36 4.5 5.16 -5.5 4.67 5.14
3 16 -5.5 4.67 5.14 -5.36 4.5 5.16 -5.49 4.65 5.27
3 16 -5.5 4.67 5.14 -5.49 4.65 5.27 -5.5 4.66 5.26
3 16 -3.88 4.41 3.93 -3.95 4.32 3.98 -3.95 4.5 3.87
4 16 -3.95 4.5 3.87 -3.95 4.32 3.98 -4.19 4.32 4.01 -4.21 4.5 3.9
4 16 -4.21 4.5 3.9 -4.19 4.32 4.01 -4.41 4.32 4.08 -4.46 4.5 3.98
4 16 -4.46 4.5 3.98 -4.41 4.32 4.08 -4.63 4.32 4.19 -4.69 4.5 4.1
4 16 -4.69 4.5 4.1 -4.63 4.32 4.19 -4.82 4.32 4.34 -4.89 4.5 4.26
4 16 -4.89 4.5 4.26 -4.82 4.32 4.34 -4.98 4.32 4.51 -5.06 4.5 4.45
4 16 -5.06 4.5 4.45 -4.98 4.32 4.51 -5.11 4.32 4.72 -5.2 4.5 4.67
4 16 -5.2 4.5 4.67 -5.11 4.32 4.72 -5.2 4.32 4.94 -5.3 4.5 4.91
4 16 -5.3 4.5 4.91 -5.2 4.32 4.94 -5.25 4.32 5.17 -5.36 4.5 5.16
4 16 -5.36 4.5 5.16 -5.25 4.32 5.17 -5.26 4.32 5.41 -5.37 4.5 5.42
3 16 -5.37 4.5 5.42 -5.26 4.32 5.41 -5.33 4.46 5.55
3 16 -5.37 4.5 5.42 -5.33 4.46 5.55 -5.35 4.49 5.52
3 16 -3.88 4.32 3.97 -3.94 4.11 4.05 -3.95 4.32 3.98
4 16 -3.95 4.32 3.98 -3.94 4.11 4.05 -4.17 4.11 4.08 -4.19 4.32 4.01
4 16 -4.19 4.32 4.01 -4.17 4.11 4.08 -4.39 4.11 4.15 -4.41 4.32 4.08
4 16 -4.41 4.32 4.08 -4.39 4.11 4.15 -4.59 4.11 4.26 -4.63 4.32 4.19
4 16 -4.63 4.32 4.19 -4.59 4.11 4.26 -4.77 4.11 4.39 -4.82 4.32 4.34
4 16 -4.82 4.32 4.34 -4.77 4.11 4.39 -4.92 4.11 4.56 -4.98 4.32 4.51
4 16 -4.98 4.32 4.51 -4.92 4.11 4.56 -5.04 4.11 4.75 -5.11 4.32 4.72
4 16 -5.11 4.32 4.72 -5.04 4.11 4.75 -5.13 4.11 4.96 -5.2 4.32 4.94
4 16 -5.2 4.32 4.94 -5.13 4.11 4.96 -5.18 4.11 5.18 -5.25 4.32 5.17
4 16 -5.25 4.32 5.17 -5.18 4.11 5.18 -5.19 4.11 5.41 -5.26 4.32 5.41
4 16 -5.26 4.32 5.41 -5.19 4.11 5.41 -5.16 4.11 5.63 -5.23 4.32 5.65
3 16 -5.23 4.32 5.65 -5.16 4.11 5.63 -5.19 4.3 5.77
3 16 -5.23 4.32 5.65 -5.19 4.3 5.77 -5.2 4.31 5.75
3 16 -3.88 4.11 4.05 -3.94 3.9 4.09 -3.94 4.11 4.05
4 16 -3.94 4.11 4.05 -3.94 3.9 4.09 -4.16 3.9 4.12 -4.17 4.11 4.08
4 16 -4.17 4.11 4.08 -4.16 3.9 4.12 -4.37 3.9 4.19 -4.39 4.11 4.15
4 16 -4.39 4.11 4.15 -4.37 3.9 4.19 -4.56 3.9 4.29 -4.59 4.11 4.26
4 16 -4.59 4.11 4.26 -4.56 3.9 4.29 -4.74 3.9 4.42 -4.77 4.11 4.39
4 16 -4.77 4.11 4.39 -4.74 3.9 4.42 -4.89 3.9 4.58 -4.92 4.11 4.56
4 16 -4.92 4.11 4.56 -4.89 3.9 4.58 -5.01 3.9 4.77 -5.04 4.11 4.75
4 16 -5.04 4.11 4.75 -5.01 3.9 4.77 -5.09 3.9 4.97 -5.13 4.11 4.96
4 16 -5.13 4.11 4.96 -5.09 3.9 4.97 -5.14 3.9 5.19 -5.18 4.11 5.18
4 16 -5.18 4.11 5.18 -5.14 3.9 5.19 -5.15 3.9 5.41 -5.19 4.11 5.41
4 16 -5.19 4.11 5.41 -5.15 3.9 5.41 -5.12 3.9 5.62 -5.16 4.11 5.63
4 16 -5.16 4.11 5.63 -5.12 3.9 5.62 -5.05 3.9 5.83 -5.09 4.11 5.85
3 16 -5.09 4.11 5.85 -5.05 3.9 5.83 -5.01 4.11 6.01
3 16 -5.09 4.11 5.85 -5.01 4.11 6.01 -5.03 4.13 5.98
4 16 -1.75 4.32 -7.39 -1.87 4.32 -7.19 -1.97 4.51 -7.24 -1.85 4.51 -7.45
3 16 -2.06 4.41 -6.58 -2.12 4.51 -6.58 -2.11 4.51 -6.75
3 16 -2.52 4.87 -6.58 -2.62 4.92 -6.58 -2.61 4.92 -6.8
3 16 -3.04 5.03 -6.58 -3.15 5.04 -6.66 -3.02 5.03 -6.75
4 16 -3.04 5.03 -6.58 -3.02 5.03 -6.75 -2.92 5.02 -6.81 -2.93 5.02 -6.58
4 16 -2.93 5.02 -6.58 -2.92 5.02 -6.81 -2.81 5 -6.82 -2.83 5 -6.58
3 16 -2.61 4.92 -6.8 -2.62 4.92 -6.58 -2.81 5 -6.82
3 16 -2.81 5 -6.82 -2.62 4.92 -6.58 -2.72 4.96 -6.58
3 16 -2.81 5 -6.82 -2.72 4.96 -6.58 -2.83 5 -6.58
3 16 -2.11 4.51 -6.75 -2.12 4.51 -6.58 -2.25 4.67 -6.76
3 16 -2.12 4.51 -6.58 -2.18 4.59 -6.58 -2.25 4.67 -6.76
3 16 -2.25 4.67 -6.76 -2.18 4.59 -6.58 -2.26 4.67 -6.58
3 16 -2.25 4.67 -6.76 -2.26 4.67 -6.58 -2.42 4.81 -6.78
3 16 -2.42 4.81 -6.78 -2.26 4.67 -6.58 -2.34 4.74 -6.58
3 16 -2.42 4.81 -6.78 -2.34 4.74 -6.58 -2.43 4.81 -6.58
3 16 -2.06 4.41 -6.58 -2.11 4.51 -6.75 -2.01 4.32 -6.58
3 16 -2.01 4.32 -6.58 -2.11 4.51 -6.75 -2 4.32 -6.73
3 16 -2.01 4.32 -6.58 -2 4.32 -6.73 -1.97 4.21 -6.58
3 16 -1.97 4.21 -6.58 -2 4.32 -6.73 -1.93 4.11 -6.73
3 16 -1.97 4.21 -6.58 -1.93 4.11 -6.73 -1.93 4.11 -6.58
3 16 -1.93 4.11 -6.58 -1.93 4.11 -6.73 -1.91 4 -6.58
3 16 -1.91 4 -6.58 -1.93 4.11 -6.73 -1.89 3.9 -6.72
3 16 -1.91 4 -6.58 -1.89 3.9 -6.72 -1.9 3.9 -6.58
4 16 -1.89 3.78 -6.58 -1.9 3.9 -6.58 -1.89 3.9 -6.72 -1.88 3.78 -6.72
3 16 -1.88 3.78 -6.72 -1.89 3.9 -6.72 -1.87 3.78 -6.8
3 16 -1.87 3.78 -6.8 -1.89 3.9 -6.72 -1.84 3.78 -6.93
3 16 -1.76 3.78 -7.14 -1.82 3.78 -7.01 -1.85 3.9 -6.94
3 16 -1.72 3.78 -7.21 -1.77 3.9 -7.14 -1.65 3.78 -7.32
3 16 -1.65 3.78 -7.32 -1.77 3.9 -7.14 -1.66 3.9 -7.32
3 16 -1.65 3.78 -7.32 -1.66 3.9 -7.32 -1.6 3.78 -7.38
3 16 -1.6 3.78 -7.38 -1.66 3.9 -7.32 -1.52 3.9 -7.49
3 16 -1.6 3.78 -7.38 -1.52 3.9 -7.49 -1.51 3.82 -7.48
3 16 -1.27 4.11 -7.72 -1.23 4.09 -7.73 -1.35 3.9 -7.63
3 16 -1.17 4.05 -7.75 -1.16 3.93 -7.74 -1.23 4.09 -7.73
3 16 -1.23 4.09 -7.73 -1.16 3.93 -7.74 -1.25 3.91 -7.69
3 16 -1.23 4.09 -7.73 -1.25 3.91 -7.69 -1.35 3.9 -7.63
3 16 -1.35 3.9 -7.63 -1.25 3.91 -7.69 -1.4 3.85 -7.58
3 16 -1.35 3.9 -7.63 -1.4 3.85 -7.58 -1.52 3.9 -7.49
3 16 -1.52 3.9 -7.49 -1.4 3.85 -7.58 -1.45 3.84 -7.55
3 16 -1.52 3.9 -7.49 -1.45 3.84 -7.55 -1.51 3.82 -7.48
3 16 -1.17 4.05 -7.75 -1.15 4.03 -7.76 -1.16 3.93 -7.74
3 16 -1.16 3.93 -7.74 -1.15 4.03 -7.76 -1.06 3.98 -7.78
3 16 -1.16 3.93 -7.74 -1.06 3.98 -7.78 -1.04 3.96 -7.79
3 16 -1.38 4.19 -7.68 -1.34 4.16 -7.7 -1.37 4.11 -7.66
3 16 -1.37 4.11 -7.66 -1.34 4.16 -7.7 -1.31 4.14 -7.71
3 16 -1.37 4.11 -7.66 -1.31 4.14 -7.71 -1.27 4.11 -7.72
3 16 -1.38 4.19 -7.68 -1.37 4.11 -7.66 -1.47 4.25 -7.64
3 16 -1.47 4.25 -7.64 -1.37 4.11 -7.66 -1.54 4.11 -7.52
3 16 -1.47 4.25 -7.64 -1.54 4.11 -7.52 -1.57 4.32 -7.6
3 16 -1.75 4.44 -7.5 -1.67 4.39 -7.54 -1.75 4.32 -7.39
3 16 -1.75 4.32 -7.39 -1.67 4.39 -7.54 -1.61 4.35 -7.57
3 16 -1.75 4.32 -7.39 -1.61 4.35 -7.57 -1.6 4.32 -7.57
3 16 -1.6 4.32 -7.57 -1.61 4.35 -7.57 -1.61 4.34 -7.58
3 16 -1.6 4.32 -7.57 -1.61 4.34 -7.58 -1.57 4.32 -7.6
3 16 -2.14 4.71 -7.28 -2.11 4.68 -7.3 -2.1 4.67 -7.3
3 16 -2.1 4.67 -7.3 -2.11 4.68 -7.3 -2.09 4.67 -7.31
3 16 -2.1 4.67 -7.3 -2.09 4.67 -7.31 -1.97 4.51 -7.24
3 16 -1.97 4.51 -7.24 -2.09 4.67 -7.31 -2.09 4.67 -7.31
5 24 -2.09 4.67 -7.31 -2.09 4.67 -7.31 -1.97 4.51 -7.24 -2.14 4.72 -7.31
3 16 -1.97 4.51 -7.24 -2.09 4.67 -7.31 -2.01 4.62 -7.36
3 16 -2.52 4.9 -7.06 -2.44 4.87 -7.11 -2.36 4.81 -7.08
3 16 -2.36 4.81 -7.08 -2.44 4.87 -7.11 -2.41 4.85 -7.12
3 16 -2.27 4.78 -7.21 -2.2 4.67 -7.04 -2.33 4.81 -7.17
3 16 -2.33 4.81 -7.17 -2.2 4.67 -7.04 -2.36 4.81 -7.08
3 16 -2.33 4.81 -7.17 -2.36 4.81 -7.08 -2.4 4.85 -7.13
3 16 -2.4 4.85 -7.13 -2.36 4.81 -7.08 -2.41 4.85 -7.12
3 16 -2.57 4.92 -7.03 -2.42 4.81 -6.78 -2.61 4.92 -6.8
3 16 -2.61 4.92 -6.8 -2.42 4.81 -6.78 -2.43 4.81 -6.58
3 16 -2.61 4.92 -6.8 -2.43 4.81 -6.58 -2.52 4.87 -6.58
3 16 -2.81 5 -6.82 -2.92 5.02 -6.81 -2.77 4.99 -6.9
3 16 -2.81 5 -6.82 -2.77 4.99 -6.9 -2.61 4.92 -6.8
3 16 -2.61 4.92 -6.8 -2.77 4.99 -6.9 -2.68 4.96 -6.96
3 16 -2.61 4.92 -6.8 -2.68 4.96 -6.96 -2.57 4.92 -7.03
3 16 -2.01 4.62 -7.36 -1.88 4.54 -7.43 -1.97 4.51 -7.24
3 16 -1.97 4.51 -7.24 -1.88 4.54 -7.43 -1.85 4.51 -7.45
3 16 -1.75 4.32 -7.39 -1.85 4.51 -7.45 -1.83 4.5 -7.46
3 16 -1.75 4.32 -7.39 -1.83 4.5 -7.46 -1.75 4.44 -7.5
3 16 -1.57 4.32 -7.6 -1.54 4.11 -7.52 -1.6 4.32 -7.57
4 16 -1.6 4.32 -7.57 -1.54 4.11 -7.52 -1.69 4.11 -7.35 -1.75 4.32 -7.39
4 16 -1.75 4.32 -7.39 -1.69 4.11 -7.35 -1.8 4.11 -7.15 -1.87 4.32 -7.19
3 16 -1.27 4.11 -7.72 -1.35 3.9 -7.63 -1.37 4.11 -7.66
4 16 -1.37 4.11 -7.66 -1.35 3.9 -7.63 -1.52 3.9 -7.49 -1.54 4.11 -7.52
4 16 -1.54 4.11 -7.52 -1.52 3.9 -7.49 -1.66 3.9 -7.32 -1.69 4.11 -7.35
4 16 -1.69 4.11 -7.35 -1.66 3.9 -7.32 -1.77 3.9 -7.14 -1.8 4.11 -7.15
3 16 -2.27 4.78 -7.21 -2.14 4.71 -7.28 -2.2 4.67 -7.04
3 16 -2.2 4.67 -7.04 -2.14 4.71 -7.28 -2.1 4.67 -7.3
4 16 -2.2 4.67 -7.04 -2.1 4.67 -7.3 -1.97 4.51 -7.24 -2.06 4.51 -7
4 16 -2.06 4.51 -7 -1.97 4.51 -7.24 -1.87 4.32 -7.19 -1.96 4.32 -6.97
4 16 -1.96 4.32 -6.97 -1.87 4.32 -7.19 -1.8 4.11 -7.15 -1.88 4.11 -6.95
4 16 -1.88 4.11 -6.95 -1.8 4.11 -7.15 -1.77 3.9 -7.14 -1.85 3.9 -6.94
3 16 -1.85 3.9 -6.94 -1.77 3.9 -7.14 -1.76 3.78 -7.14
3 16 -1.76 3.78 -7.14 -1.77 3.9 -7.14 -1.72 3.78 -7.21
3 16 -2.57 4.92 -7.03 -2.52 4.9 -7.06 -2.42 4.81 -6.78
3 16 -2.42 4.81 -6.78 -2.52 4.9 -7.06 -2.36 4.81 -7.08
4 16 -2.42 4.81 -6.78 -2.36 4.81 -7.08 -2.2 4.67 -7.04 -2.25 4.67 -6.76
4 16 -2.25 4.67 -6.76 -2.2 4.67 -7.04 -2.06 4.51 -7 -2.11 4.51 -6.75
4 16 -2.11 4.51 -6.75 -2.06 4.51 -7 -1.96 4.32 -6.97 -2 4.32 -6.73
4 16 -2 4.32 -6.73 -1.96 4.32 -6.97 -1.88 4.11 -6.95 -1.93 4.11 -6.73
4 16 -1.93 4.11 -6.73 -1.88 4.11 -6.95 -1.85 3.9 -6.94 -1.89 3.9 -6.72
3 16 -1.89 3.9 -6.72 -1.85 3.9 -6.94 -1.84 3.78 -6.93
3 16 -1.84 3.78 -6.93 -1.85 3.9 -6.94 -1.82 3.78 -7.01
3 16 -1.65 3.78 -7.32 -1.6 3.78 -7.38 -1.72 3.73 -7.21
3 16 -1.89 3.66 -6.58 -1.89 3.78 -6.58 -1.89 3.66 -6.69
3 16 -1.89 3.66 -6.69 -1.89 3.78 -6.58 -1.88 3.78 -6.72
3 16 -1.89 3.66 -6.69 -1.88 3.78 -6.72 -1.87 3.67 -6.8
3 16 -1.87 3.67 -6.8 -1.88 3.78 -6.72 -1.87 3.78 -6.8
3 16 -1.87 3.67 -6.8 -1.87 3.78 -6.8 -1.85 3.67 -6.9
3 16 -1.85 3.67 -6.9 -1.87 3.78 -6.8 -1.84 3.78 -6.93
3 16 -1.85 3.67 -6.9 -1.84 3.78 -6.93 -1.82 3.69 -7.01
3 16 -1.82 3.69 -7.01 -1.84 3.78 -6.93 -1.82 3.78 -7.01
3 16 -1.82 3.69 -7.01 -1.82 3.78 -7.01 -1.77 3.71 -7.11
3 16 -1.77 3.71 -7.11 -1.82 3.78 -7.01 -1.76 3.78 -7.14
3 16 -1.77 3.71 -7.11 -1.76 3.78 -7.14 -1.72 3.73 -7.21
3 16 -1.72 3.73 -7.21 -1.76 3.78 -7.14 -1.72 3.78 -7.21
3 16 -1.72 3.73 -7.21 -1.72 3.78 -7.21 -1.65 3.78 -7.32
3 16 -1.89 3.78 -6.58 -1.89 3.66 -6.58 -1.89 3.78 -0.49
3 16 -1.9 3.9 -6.58 -1.89 3.78 -6.58 -1.89 3.78 -0.49
3 16 -1.89 3.78 -0.49 -1.89 3.84 2.83 -1.9 3.9 -6.58
3 16 -1.9 3.9 -6.58 -1.89 3.84 2.83 -1.91 3.98 2.83
3 16 -1.9 3.9 -6.58 -1.91 3.98 2.83 -1.91 4 -6.58
3 16 -1.91 4 -6.58 -1.91 3.98 2.83 -1.91 4 2.83
3 16 -1.91 4 -6.58 -1.91 4 2.83 -1.93 4.11 -6.58
3 16 -1.93 4.11 -6.58 -1.91 4 2.83 -1.95 4.17 2.83
3 16 -1.93 4.11 -6.58 -1.95 4.17 2.83 -1.97 4.21 -6.58
3 16 -1.97 4.21 -6.58 -1.95 4.17 2.83 -1.97 4.21 2.83
3 16 -1.97 4.21 -6.58 -1.97 4.21 2.83 -2.01 4.32 -6.58
3 16 -2.01 4.32 -6.58 -1.97 4.21 2.83 -2.03 4.35 2.83
3 16 -2.01 4.32 -6.58 -2.03 4.35 2.83 -2.06 4.41 -6.58
3 16 -2.06 4.41 -6.58 -2.03 4.35 2.83 -2.06 4.41 2.83
4 16 -2.06 4.41 -6.58 -2.06 4.41 2.83 -2.13 4.52 2.83 -2.12 4.51 -6.58
4 16 -2.12 4.51 -6.58 -2.13 4.52 2.83 -2.18 4.59 2.83 -2.18 4.59 -6.58
4 16 -2.18 4.59 -6.58 -2.18 4.59 2.83 -2.26 4.67 2.83 -2.26 4.67 -6.58
4 16 -2.26 4.67 -6.58 -2.26 4.67 2.83 -2.34 4.74 2.83 -2.34 4.74 -6.58
4 16 -2.34 4.74 -6.58 -2.34 4.74 2.83 -2.41 4.8 2.83 -2.43 4.81 -6.58
4 16 -2.43 4.81 -6.58 -2.41 4.8 2.83 -2.52 4.87 2.83 -2.52 4.87 -6.58
3 16 -2.52 4.87 -6.58 -2.52 4.87 2.83 -2.62 4.92 -6.58
3 16 -2.62 4.92 -6.58 -2.52 4.87 2.83 -2.58 4.9 2.83
3 16 -2.62 4.92 -6.58 -2.58 4.9 2.83 -2.72 4.96 -6.58
3 16 -2.72 4.96 -6.58 -2.58 4.9 2.83 -2.72 4.96 2.83
3 16 -2.72 4.96 -6.58 -2.72 4.96 2.83 -2.83 5 -6.58
3 16 -2.83 5 -6.58 -2.72 4.96 2.83 -2.76 4.98 2.83
3 16 -2.83 5 -6.58 -2.76 4.98 2.83 -2.93 5.02 -6.58
3 16 -2.93 5.02 -6.58 -2.76 4.98 2.83 -2.93 5.02 2.83
3 16 -2.93 5.02 -6.58 -2.93 5.02 2.83 -3.04 5.03 -6.58
3 16 -3.04 5.03 -6.58 -2.93 5.02 2.83 -2.95 5.02 2.83
3 16 -3.15 5.04 -6.58 -2.95 5.02 2.83 -3.15 5.04 2.83
3 16 -3.15 3.78 4.09 -3.06 3.96 4.08 -3.03 3.94 4.08
3 16 -3.09 3.97 4.08 -3.06 3.96 4.08 -3.15 3.78 4.09
3 16 -3.15 3.78 4.09 -2.99 3.9 4.08 -2.97 3.87 4.08
3 16 -3.01 3.92 4.08 -2.99 3.9 4.08 -3.15 3.78 4.09
3 16 -3.03 3.94 4.08 -3.01 3.92 4.08 -3.15 3.78 4.09
3 16 -3.15 3.78 4.09 -2.95 3.81 4.08 -2.95 3.78 4.08
3 16 -2.96 3.84 4.08 -2.95 3.81 4.08 -3.15 3.78 4.09
3 16 -2.97 3.87 4.08 -2.96 3.84 4.08 -3.15 3.78 4.09
3 16 -3.15 4.41 3.93 -3.15 4.52 3.85 -3.03 4.51 3.85
3 16 -1.92 3.84 3.1 -1.95 3.82 3.22 -1.96 3.97 3.21
3 16 -1.96 3.97 3.21 -1.95 3.82 3.22 -1.97 3.81 3.27
3 16 -1.89 3.84 2.89 -1.91 3.84 3.02 -1.92 3.97 3.02
3 16 -1.92 3.97 3.02 -1.91 3.84 3.02 -1.91 3.84 3.07
3 16 -1.92 3.97 3.02 -1.91 3.84 3.07 -1.92 3.84 3.1
3 16 -1.89 3.84 2.83 -1.89 3.84 2.89 -1.91 3.98 2.83
3 16 -1.91 3.98 2.83 -1.89 3.84 2.89 -1.92 3.97 3.02
3 16 -1.91 3.98 2.83 -1.92 3.97 3.02 -1.91 4 2.83
4 16 -1.91 4 2.83 -1.92 3.97 3.02 -1.96 4.16 3.02 -1.95 4.17 2.83
3 16 -1.95 4.17 2.83 -1.96 4.16 3.02 -1.97 4.21 2.83
3 16 -1.97 4.21 2.83 -1.96 4.16 3.02 -2.04 4.35 3.02
3 16 -1.97 4.21 2.83 -2.04 4.35 3.02 -2.03 4.35 2.83
3 16 -2.03 4.35 2.83 -2.04 4.35 3.02 -2.06 4.41 2.83
3 16 -2.06 4.41 2.83 -2.04 4.35 3.02 -2.14 4.51 3.02
3 16 -2.06 4.41 2.83 -2.14 4.51 3.02 -2.13 4.52 2.83
3 16 -2.13 4.52 2.83 -2.14 4.51 3.02 -2.18 4.59 2.83
3 16 -2.18 4.59 2.83 -2.14 4.51 3.02 -2.27 4.66 3.02
3 16 -2.18 4.59 2.83 -2.27 4.66 3.02 -2.26 4.67 2.83
3 16 -2.26 4.67 2.83 -2.27 4.66 3.02 -2.34 4.74 2.83
3 16 -2.34 4.74 2.83 -2.27 4.66 3.02 -2.42 4.79 3.02
3 16 -2.34 4.74 2.83 -2.42 4.79 3.02 -2.41 4.8 2.83
3 16 -2.41 4.8 2.83 -2.42 4.79 3.02 -2.52 4.87 2.83
3 16 -2.52 4.87 2.83 -2.42 4.79 3.02 -2.58 4.89 3.02
3 16 -2.52 4.87 2.83 -2.58 4.89 3.02 -2.58 4.9 2.83
3 16 -2.58 4.9 2.83 -2.58 4.89 3.02 -2.72 4.96 2.83
3 16 -2.72 4.96 2.83 -2.58 4.89 3.02 -2.76 4.96 3.02
3 16 -2.72 4.96 2.83 -2.76 4.96 3.02 -2.76 4.98 2.83
4 16 -2.76 4.98 2.83 -2.76 4.96 3.02 -2.95 5.01 3.02 -2.93 5.02 2.83
3 16 -2.93 5.02 2.83 -2.95 5.01 3.02 -2.95 5.02 2.83
4 16 -2.95 5.02 2.83 -2.95 5.01 3.02 -3.15 5.03 3.02 -3.15 5.04 2.83
3 16 -2.96 4.97 3.21 -3.15 4.98 3.21 -3.15 5.02 3.05
3 16 -1.92 3.84 3.1 -1.96 3.97 3.21 -1.92 3.97 3.02
4 16 -1.92 3.97 3.02 -1.96 3.97 3.21 -2.01 4.15 3.21 -1.96 4.16 3.02
4 16 -1.96 4.16 3.02 -2.01 4.15 3.21 -2.08 4.32 3.21 -2.04 4.35 3.02
4 16 -2.04 4.35 3.02 -2.08 4.32 3.21 -2.18 4.49 3.21 -2.14 4.51 3.02
4 16 -2.14 4.51 3.02 -2.18 4.49 3.21 -2.3 4.63 3.21 -2.27 4.66 3.02
4 16 -2.27 4.66 3.02 -2.3 4.63 3.21 -2.44 4.75 3.21 -2.42 4.79 3.02
4 16 -2.42 4.79 3.02 -2.44 4.75 3.21 -2.6 4.85 3.21 -2.58 4.89 3.02
4 16 -2.58 4.89 3.02 -2.6 4.85 3.21 -2.78 4.92 3.21 -2.76 4.96 3.02
4 16 -2.76 4.96 3.02 -2.78 4.92 3.21 -2.96 4.97 3.21 -2.95 5.01 3.02
3 16 -2.95 5.01 3.02 -2.96 4.97 3.21 -3.15 5.02 3.05
3 16 -2.95 5.01 3.02 -3.15 5.02 3.05 -3.15 5.03 3.02
3 16 -2.97 4.89 3.4 -3.15 4.91 3.4 -3.15 4.96 3.27
3 16 -1.97 3.81 3.27 -2.04 3.96 3.4 -1.96 3.97 3.21
4 16 -1.96 3.97 3.21 -2.04 3.96 3.4 -2.08 4.13 3.4 -2.01 4.15 3.21
4 16 -2.01 4.15 3.21 -2.08 4.13 3.4 -2.15 4.29 3.4 -2.08 4.32 3.21
4 16 -2.08 4.32 3.21 -2.15 4.29 3.4 -2.24 4.44 3.4 -2.18 4.49 3.21
4 16 -2.18 4.49 3.21 -2.24 4.44 3.4 -2.35 4.58 3.4 -2.3 4.63 3.21
4 16 -2.3 4.63 3.21 -2.35 4.58 3.4 -2.49 4.69 3.4 -2.44 4.75 3.21
4 16 -2.44 4.75 3.21 -2.49 4.69 3.4 -2.64 4.78 3.4 -2.6 4.85 3.21
4 16 -2.6 4.85 3.21 -2.64 4.78 3.4 -2.8 4.85 3.4 -2.78 4.92 3.21
4 16 -2.78 4.92 3.21 -2.8 4.85 3.4 -2.97 4.89 3.4 -2.96 4.97 3.21
3 16 -2.96 4.97 3.21 -2.97 4.89 3.4 -3.15 4.96 3.27
3 16 -2.96 4.97 3.21 -3.15 4.96 3.27 -3.15 4.98 3.21
4 16 -2.04 3.96 3.4 -2.14 3.94 3.57 -2.18 4.1 3.57 -2.08 4.13 3.4
3 16 -3.15 4.74 3.64 -3.15 4.8 3.57 -2.99 4.79 3.57
3 16 -2.99 4.79 3.57 -3.15 4.8 3.57 -3.15 4.87 3.46
4 16 -2.08 4.13 3.4 -2.18 4.1 3.57 -2.24 4.24 3.57 -2.15 4.29 3.4
4 16 -2.15 4.29 3.4 -2.24 4.24 3.57 -2.32 4.38 3.57 -2.24 4.44 3.4
4 16 -2.24 4.44 3.4 -2.32 4.38 3.57 -2.43 4.5 3.57 -2.35 4.58 3.4
4 16 -2.35 4.58 3.4 -2.43 4.5 3.57 -2.55 4.61 3.57 -2.49 4.69 3.4
4 16 -2.49 4.69 3.4 -2.55 4.61 3.57 -2.68 4.69 3.57 -2.64 4.78 3.4
4 16 -2.64 4.78 3.4 -2.68 4.69 3.57 -2.83 4.75 3.57 -2.8 4.85 3.4
4 16 -2.8 4.85 3.4 -2.83 4.75 3.57 -2.99 4.79 3.57 -2.97 4.89 3.4
3 16 -2.97 4.89 3.4 -2.99 4.79 3.57 -3.15 4.87 3.46
3 16 -2.97 4.89 3.4 -3.15 4.87 3.46 -3.15 4.91 3.4
3 16 -1.97 3.81 3.27 -2.02 3.79 3.4 -2.04 3.96 3.4
3 16 -2.04 3.96 3.4 -2.02 3.79 3.4 -2.04 3.78 3.43
3 16 -2.04 3.96 3.4 -2.04 3.78 3.43 -2.14 3.94 3.57
3 16 -2.14 3.94 3.57 -2.04 3.78 3.43 -2.13 3.78 3.57
4 16 -2.14 3.94 3.57 -2.13 3.78 3.57 -2.25 3.78 3.72 -2.27 3.92 3.72
3 16 -3.15 4.74 3.64 -2.99 4.79 3.57 -3.01 4.66 3.72
4 16 -3.01 4.66 3.72 -2.99 4.79 3.57 -2.83 4.75 3.57 -2.87 4.63 3.72
4 16 -2.87 4.63 3.72 -2.83 4.75 3.57 -2.68 4.69 3.57 -2.74 4.58 3.72
4 16 -2.74 4.58 3.72 -2.68 4.69 3.57 -2.55 4.61 3.57 -2.62 4.5 3.72
4 16 -2.62 4.5 3.72 -2.55 4.61 3.57 -2.43 4.5 3.57 -2.52 4.41 3.72
4 16 -2.52 4.41 3.72 -2.43 4.5 3.57 -2.32 4.38 3.57 -2.43 4.31 3.72
4 16 -2.43 4.31 3.72 -2.32 4.38 3.57 -2.24 4.24 3.57 -2.35 4.19 3.72
4 16 -2.35 4.19 3.72 -2.24 4.24 3.57 -2.18 4.1 3.57 -2.3 4.06 3.72
4 16 -2.3 4.06 3.72 -2.18 4.1 3.57 -2.14 3.94 3.57 -2.27 3.92 3.72
4 16 -2.27 3.92 3.72 -2.25 3.78 3.72 -2.41 3.78 3.85 -2.41 3.9 3.85
3 16 -3.15 4.52 3.85 -3.15 4.59 3.8 -3.01 4.66 3.72
3 16 -3.01 4.66 3.72 -3.15 4.59 3.8 -3.15 4.67 3.72
3 16 -3.01 4.66 3.72 -3.15 4.67 3.72 -3.15 4.74 3.64
3 16 -3.15 4.52 3.85 -3.01 4.66 3.72 -3.03 4.51 3.85
4 16 -3.03 4.51 3.85 -3.01 4.66 3.72 -2.87 4.63 3.72 -2.92 4.49 3.85
4 16 -2.92 4.49 3.85 -2.87 4.63 3.72 -2.74 4.58 3.72 -2.81 4.44 3.85
4 16 -2.81 4.44 3.85 -2.74 4.58 3.72 -2.62 4.5 3.72 -2.71 4.38 3.85
4 16 -2.71 4.38 3.85 -2.62 4.5 3.72 -2.52 4.41 3.72 -2.62 4.31 3.85
4 16 -2.62 4.31 3.85 -2.52 4.41 3.72 -2.43 4.31 3.72 -2.55 4.22 3.85
4 16 -2.55 4.22 3.85 -2.43 4.31 3.72 -2.35 4.19 3.72 -2.49 4.12 3.85
4 16 -2.49 4.12 3.85 -2.35 4.19 3.72 -2.3 4.06 3.72 -2.44 4.01 3.85
4 16 -2.44 4.01 3.85 -2.3 4.06 3.72 -2.27 3.92 3.72 -2.41 3.9 3.85
4 16 -2.41 3.9 3.85 -2.41 3.78 3.85 -2.57 3.78 3.96 -2.58 3.87 3.96
3 16 -3.15 4.21 4.02 -3.15 4.35 3.96 -3.06 4.35 3.96
3 16 -3.06 4.35 3.96 -3.15 4.35 3.96 -3.15 4.41 3.93
3 16 -3.15 4.41 3.93 -3.03 4.51 3.85 -3.06 4.35 3.96
4 16 -3.06 4.35 3.96 -3.03 4.51 3.85 -2.92 4.49 3.85 -2.97 4.33 3.96
4 16 -2.97 4.33 3.96 -2.92 4.49 3.85 -2.81 4.44 3.85 -2.89 4.29 3.96
4 16 -2.89 4.29 3.96 -2.81 4.44 3.85 -2.71 4.38 3.85 -2.81 4.24 3.96
4 16 -2.81 4.24 3.96 -2.71 4.38 3.85 -2.62 4.31 3.85 -2.74 4.19 3.96
4 16 -2.74 4.19 3.96 -2.62 4.31 3.85 -2.55 4.22 3.85 -2.68 4.12 3.96
4 16 -2.68 4.12 3.96 -2.55 4.22 3.85 -2.49 4.12 3.85 -2.64 4.04 3.96
4 16 -2.64 4.04 3.96 -2.49 4.12 3.85 -2.44 4.01 3.85 -2.6 3.96 3.96
4 16 -2.6 3.96 3.96 -2.44 4.01 3.85 -2.41 3.9 3.85 -2.58 3.87 3.96
4 16 -2.58 3.87 3.96 -2.57 3.78 3.96 -2.76 3.78 4.03 -2.76 3.84 4.03
3 16 -3.09 4.17 4.03 -3.15 4.17 4.03 -3.15 4.21 4.02
3 16 -3.15 4.21 4.02 -3.06 4.35 3.96 -3.09 4.17 4.03
4 16 -3.09 4.17 4.03 -3.06 4.35 3.96 -2.97 4.33 3.96 -3.03 4.15 4.03
4 16 -3.03 4.15 4.03 -2.97 4.33 3.96 -2.89 4.29 3.96 -2.97 4.13 4.03
4 16 -2.97 4.13 4.03 -2.89 4.29 3.96 -2.81 4.24 3.96 -2.92 4.1 4.03
4 16 -2.92 4.1 4.03 -2.81 4.24 3.96 -2.74 4.19 3.96 -2.87 4.06 4.03
4 16 -2.87 4.06 4.03 -2.74 4.19 3.96 -2.68 4.12 3.96 -2.83 4.01 4.03
4 16 -2.83 4.01 4.03 -2.68 4.12 3.96 -2.64 4.04 3.96 -2.8 3.96 4.03
4 16 -2.8 3.96 4.03 -2.64 4.04 3.96 -2.6 3.96 3.96 -2.78 3.9 4.03
4 16 -2.78 3.9 4.03 -2.6 3.96 3.96 -2.58 3.87 3.96 -2.76 3.84 4.03
3 16 -3.15 3.78 4.09 -3.15 3.98 4.08 -3.12 3.98 4.08
3 16 -3.12 3.98 4.08 -3.15 3.98 4.08 -3.15 4 4.08
3 16 -3.09 3.97 4.08 -3.15 3.78 4.09 -3.12 3.98 4.08
3 16 -3.09 4.17 4.03 -3.12 3.98 4.08 -3.15 4 4.08
3 16 -3.09 4.17 4.03 -3.15 4 4.08 -3.15 4.17 4.03
3 16 -2.14 3.73 3.59 -2.13 3.78 3.57 -2.04 3.78 3.43
4 16 -3.15 2.94 4.09 -3.15 3.78 4.09 -2.95 3.78 4.08 -2.95 3.13 4.08
4 16 -2.95 3.13 4.08 -2.95 3.78 4.08 -2.76 3.78 4.03 -2.76 3.3 4.03
4 16 -2.76 3.3 4.03 -2.76 3.78 4.03 -2.57 3.78 3.96 -2.58 3.44 3.96
3 16 -2.58 3.44 3.96 -2.57 3.78 3.96 -2.41 3.78 3.85
3 16 -2.58 3.44 3.96 -2.41 3.78 3.85 -2.42 3.56 3.86
3 16 -2.42 3.56 3.86 -2.41 3.78 3.85 -2.25 3.78 3.72
3 16 -2.42 3.56 3.86 -2.25 3.78 3.72 -2.27 3.65 3.73
3 16 -2.13 3.78 3.57 -2.14 3.73 3.59 -2.25 3.78 3.72
3 16 -2.25 3.78 3.72 -2.14 3.73 3.59 -2.15 3.72 3.6
3 16 -2.25 3.78 3.72 -2.15 3.72 3.6 -2.27 3.65 3.73
3 16 -5.13 3.78 5.19 -5.11 3.78 5.08 -5.11 2.88 5.08
3 16 -4.05 1.47 4.11 -4.08 1.37 4.11 -4.09 1.38 4.11
3 16 -4.05 1.47 4.11 -4.09 3.78 4.11 -3.88 1.86 4.09
3 16 -3.88 1.86 4.09 -4.09 3.78 4.11 -3.94 3.78 4.1
3 16 -3.88 1.86 4.09 -3.94 3.78 4.1 -3.88 3.78 4.09
3 16 -4.05 1.47 4.11 -4.09 1.38 4.11 -4.09 3.78 4.11
4 16 -4.09 3.78 4.11 -4.09 1.38 4.11 -4.15 1.4 4.12 -4.16 3.78 4.13
3 16 -4.15 1.4 4.12 -4.16 1.41 4.13 -4.16 3.78 4.13
3 16 -4.16 3.78 4.13 -4.16 1.41 4.13 -4.2 1.44 4.14
3 16 -4.16 3.78 4.13 -4.2 1.44 4.14 -4.3 3.78 4.17
3 16 -4.3 3.78 4.17 -4.2 1.44 4.14 -4.3 1.51 4.17
3 16 -4.3 3.78 4.17 -4.3 1.51 4.17 -4.37 3.78 4.19
3 16 -4.37 3.78 4.19 -4.3 1.51 4.17 -4.4 1.6 4.21
3 16 -4.37 3.78 4.19 -4.4 1.6 4.21 -4.49 3.78 4.25
3 16 -4.49 3.78 4.25 -4.4 1.6 4.21 -4.49 1.7 4.25
3 16 -4.49 3.78 4.25 -4.49 1.7 4.25 -4.56 3.78 4.29
3 16 -4.56 3.78 4.29 -4.49 1.7 4.25 -4.67 3.78 4.37
3 16 -4.67 3.78 4.37 -4.49 1.7 4.25 -4.67 1.94 4.37
4 16 -4.67 3.78 4.37 -4.67 1.94 4.37 -4.75 2.05 4.44 -4.74 3.78 4.43
4 16 -4.74 3.78 4.43 -4.75 2.05 4.44 -4.82 2.18 4.52 -4.82 3.78 4.52
3 16 -4.82 3.78 4.52 -4.82 2.18 4.52 -4.88 3.78 4.59
3 16 -4.88 3.78 4.59 -4.82 2.18 4.52 -4.95 3.78 4.69
3 16 -4.95 3.78 4.69 -4.82 2.18 4.52 -4.95 2.43 4.69
3 16 -4.95 3.78 4.69 -4.95 2.43 4.69 -5.04 2.64 4.85
3 16 -5.11 2.88 5.08 -5.11 3.78 5.08 -5.05 2.66 4.87
3 16 -5.11 3.78 5.08 -5.08 3.78 4.97 -5.05 2.66 4.87
3 16 -5.05 2.66 4.87 -5.08 3.78 4.97 -5.05 3.78 4.87
3 16 -5.05 2.66 4.87 -5.05 3.78 4.87 -5.04 2.64 4.85
3 16 -5.04 2.64 4.85 -5.05 3.78 4.87 -5 3.78 4.77
3 16 -5.04 2.64 4.85 -5 3.78 4.77 -4.95 3.78 4.69
3 16 -5.13 3.78 5.19 -5.11 2.88 5.08 -5.14 3.78 5.29
3 16 -5.14 3.78 5.29 -5.11 2.88 5.08 -5.14 3.08 5.29
3 16 -5.14 3.78 5.29 -5.14 3.08 5.29 -5.14 3.15 5.36
3 16 -5.09 3.41 5.71 -5.11 3.78 5.62 -5.13 3.26 5.5
3 16 -5.13 3.26 5.5 -5.11 3.78 5.62 -5.13 3.78 5.5
3 16 -5.13 3.26 5.5 -5.13 3.78 5.5 -5.14 3.15 5.36
3 16 -5.14 3.15 5.36 -5.13 3.78 5.5 -5.14 3.78 5.41
3 16 -5.14 3.15 5.36 -5.14 3.78 5.41 -5.14 3.78 5.29
3 16 -4.77 3.72 6.25 -4.82 3.78 6.2 -4.84 3.68 6.17
3 16 -4.84 3.68 6.17 -4.82 3.78 6.2 -4.91 3.78 6.09
3 16 -4.84 3.68 6.17 -4.91 3.78 6.09 -4.91 3.64 6.09
3 16 -4.91 3.64 6.09 -4.91 3.78 6.09 -4.95 3.78 6.03
3 16 -4.91 3.64 6.09 -4.95 3.78 6.03 -4.99 3.56 5.95
3 16 -4.99 3.56 5.95 -4.95 3.78 6.03 -5.02 3.78 5.9
3 16 -4.99 3.56 5.95 -5.02 3.78 5.9 -5.02 3.53 5.9
3 16 -5.02 3.53 5.9 -5.02 3.78 5.9 -5.05 3.78 5.83
3 16 -5.02 3.53 5.9 -5.05 3.78 5.83 -5.09 3.41 5.71
3 16 -5.09 3.41 5.71 -5.05 3.78 5.83 -5.09 3.78 5.71
3 16 -5.09 3.41 5.71 -5.09 3.78 5.71 -5.11 3.78 5.62
3 16 -4.62 3.78 6.37 -4.66 3.78 6.35 -4.77 3.72 6.25
3 16 -4.77 3.72 6.25 -4.66 3.78 6.35 -4.77 3.78 6.25
3 16 -4.77 3.72 6.25 -4.77 3.78 6.25 -4.82 3.78 6.2
3 16 4.62 3.78 6.37 4.77 3.72 6.25 4.66 3.78 6.35
3 16 4.66 3.78 6.35 4.77 3.72 6.25 4.77 3.78 6.25
3 16 4.77 3.78 6.25 4.77 3.72 6.25 4.82 3.78 6.2
3 16 4.82 3.78 6.2 4.77 3.72 6.25 4.84 3.68 6.17
3 16 4.82 3.78 6.2 4.84 3.68 6.17 4.91 3.78 6.09
3 16 4.91 3.78 6.09 4.84 3.68 6.17 4.91 3.64 6.09
3 16 4.91 3.78 6.09 4.91 3.64 6.09 4.95 3.78 6.03
3 16 4.95 3.78 6.03 4.91 3.64 6.09 4.99 3.56 5.95
3 16 4.95 3.78 6.03 4.99 3.56 5.95 5.02 3.78 5.9
3 16 5.02 3.78 5.9 4.99 3.56 5.95 5.02 3.53 5.9
3 16 5.02 3.78 5.9 5.02 3.53 5.9 5.05 3.78 5.83
3 16 5.05 3.78 5.83 5.02 3.53 5.9 5.09 3.41 5.71
3 16 5.05 3.78 5.83 5.09 3.41 5.71 5.09 3.78 5.71
3 16 5.09 3.78 5.71 5.09 3.41 5.71 5.11 3.78 5.62
3 16 5.11 3.78 5.62 5.09 3.41 5.71 5.13 3.26 5.5
3 16 5.11 3.78 5.62 5.13 3.26 5.5 5.13 3.78 5.5
3 16 5.13 3.78 5.5 5.13 3.26 5.5 5.14 3.78 5.41
3 16 5.14 3.78 5.41 5.13 3.26 5.5 5.14 3.15 5.36
3 16 5.14 3.78 5.41 5.14 3.15 5.36 5.14 3.78 5.29
3 16 5.14 3.78 5.29 5.14 3.15 5.36 5.14 3.08 5.29
3 16 5.14 3.78 5.29 5.14 3.08 5.29 5.13 3.78 5.19
3 16 5.13 3.78 5.19 5.14 3.08 5.29 5.11 2.88 5.08
3 16 5.13 3.78 5.19 5.11 2.88 5.08 5.11 3.78 5.08
3 16 5.11 3.78 5.08 5.11 2.88 5.08 5.08 3.78 4.97
3 16 5.08 3.78 4.97 5.11 2.88 5.08 5.05 2.66 4.87
3 16 5.08 3.78 4.97 5.05 2.66 4.87 5.05 3.78 4.87
3 16 5.05 3.78 4.87 5.05 2.66 4.87 5 3.78 4.77
3 16 5 3.78 4.77 5.05 2.66 4.87 5.04 2.64 4.85
3 16 5 3.78 4.77 5.04 2.64 4.85 4.95 3.78 4.69
3 16 4.95 3.78 4.69 5.04 2.64 4.85 4.95 2.43 4.69
3 16 4.95 3.78 4.69 4.95 2.43 4.69 4.88 3.78 4.59
3 16 4.88 3.78 4.59 4.95 2.43 4.69 4.82 2.18 4.52
3 16 4.88 3.78 4.59 4.82 2.18 4.52 4.82 3.78 4.52
4 16 4.82 3.78 4.52 4.82 2.18 4.52 4.75 2.05 4.44 4.74 3.78 4.43
4 16 4.74 3.78 4.43 4.75 2.05 4.44 4.67 1.94 4.37 4.67 3.78 4.37
3 16 4.67 3.78 4.37 4.67 1.94 4.37 4.56 3.78 4.29
3 16 4.56 3.78 4.29 4.67 1.94 4.37 4.49 1.7 4.25
3 16 4.56 3.78 4.29 4.49 1.7 4.25 4.49 3.78 4.25
4 16 4.09 1.38 4.11 4.09 3.78 4.11 4.16 3.78 4.13 4.15 1.4 4.12
3 16 4.15 1.4 4.12 4.16 3.78 4.13 4.16 1.41 4.13
3 16 4.49 3.78 4.25 4.49 1.7 4.25 4.37 3.78 4.19
3 16 4.37 3.78 4.19 4.49 1.7 4.25 4.4 1.6 4.21
3 16 4.37 3.78 4.19 4.4 1.6 4.21 4.3 3.78 4.17
3 16 4.3 3.78 4.17 4.4 1.6 4.21 4.3 1.51 4.17
3 16 4.3 3.78 4.17 4.3 1.51 4.17 4.16 3.78 4.13
3 16 4.16 3.78 4.13 4.3 1.51 4.17 4.2 1.44 4.14
3 16 4.16 3.78 4.13 4.2 1.44 4.14 4.16 1.41 4.13
3 16 4.09 1.38 4.11 4.08 1.37 4.11 4.09 3.78 4.11
3 16 4.09 3.78 4.11 4.08 1.37 4.11 4.05 1.47 4.11
3 16 4.09 3.78 4.11 4.05 1.47 4.11 3.94 3.78 4.1
3 16 3.94 3.78 4.1 4.05 1.47 4.11 3.88 1.86 4.09
3 16 3.94 3.78 4.1 3.88 1.86 4.09 3.88 3.78 4.09
3 16 2.27 3.65 3.73 2.15 3.72 3.6 2.13 3.78 3.58
3 16 2.13 3.78 3.58 2.15 3.72 3.6 2.14 3.73 3.59
3 16 2.13 3.78 3.58 2.14 3.73 3.59 2.04 3.78 3.43
3 16 2.13 3.78 3.58 2.26 3.78 3.73 2.27 3.65 3.73
4 16 2.27 3.65 3.73 2.26 3.78 3.73 2.41 3.78 3.85 2.42 3.56 3.86
4 16 2.42 3.56 3.86 2.41 3.78 3.85 2.58 3.78 3.96 2.58 3.44 3.96
4 16 2.58 3.44 3.96 2.58 3.78 3.96 2.76 3.78 4.03 2.77 3.3 4.03
4 16 2.77 3.3 4.03 2.76 3.78 4.03 2.95 3.78 4.08 2.95 3.13 4.08
4 16 2.95 3.13 4.08 2.95 3.78 4.08 3.15 3.78 4.09 3.15 2.94 4.09
3 16 3.15 3.78 4.09 2.95 3.78 4.08 2.96 3.81 4.08
3 16 3.15 4.74 3.64 3.15 4.67 3.73 2.99 4.66 3.73
3 16 3.15 4.87 3.46 3.15 4.8 3.58 2.97 4.78 3.58
3 16 3.15 4.96 3.27 3.15 4.9 3.41 2.95 4.89 3.41
4 16 1.97 3.99 3.22 1.92 4 3.03 1.98 4.21 3.03 2.02 4.19 3.22
4 16 3.15 5.02 3.05 3.15 4.98 3.22 2.94 4.96 3.22 2.93 5 3.03
3 16 2.04 3.78 3.43 2.03 3.78 3.41 2.04 3.97 3.41
4 16 2.01 3.79 3.37 1.95 3.82 3.22 1.97 3.99 3.22 2.04 3.97 3.41
3 16 1.95 3.82 3.22 1.95 3.82 3.21 1.97 3.99 3.22
3 16 1.97 3.99 3.22 1.95 3.82 3.21 1.94 3.82 3.19
4 16 1.97 3.99 3.22 1.94 3.82 3.19 1.91 3.84 3.03 1.92 4 3.03
3 16 1.92 4 3.03 1.91 3.84 3.03 1.9 3.84 3.02
4 16 2.93 5 3.03 2.93 5.02 2.83 3.15 5.04 2.83 3.15 5.02 3.03
3 16 2.72 4.95 3.03 2.72 4.96 2.83 2.76 4.98 2.83
3 16 2.53 4.86 3.03 2.52 4.87 2.83 2.58 4.9 2.83
3 16 2.35 4.73 3.03 2.34 4.74 2.83 2.41 4.8 2.83
3 16 2.2 4.58 3.03 2.18 4.59 2.83 2.26 4.67 2.83
3 16 2.07 4.4 3.03 2.06 4.41 2.83 2.13 4.52 2.83
3 16 1.98 4.21 3.03 1.97 4.21 2.83 2.03 4.35 2.83
3 16 1.97 4.21 2.83 1.98 4.21 3.03 1.95 4.17 2.83
3 16 1.95 4.17 2.83 1.98 4.21 3.03 1.92 4 3.03
3 16 1.95 4.17 2.83 1.92 4 3.03 1.91 4 2.83
4 16 1.91 4 2.83 1.92 4 3.03 1.9 3.84 3.02 1.89 3.84 2.83
3 16 2.03 3.78 3.41 2.01 3.79 3.37 2.04 3.97 3.41
4 16 2.04 3.97 3.41 1.97 3.99 3.22 2.02 4.19 3.22 2.09 4.16 3.41
4 16 2.02 4.19 3.22 1.98 4.21 3.03 2.07 4.4 3.03 2.11 4.38 3.22
3 16 2.07 4.4 3.03 1.98 4.21 3.03 2.03 4.35 2.83
3 16 2.07 4.4 3.03 2.03 4.35 2.83 2.06 4.41 2.83
4 16 2.13 3.78 3.58 2.04 3.78 3.43 2.04 3.97 3.41 2.15 3.96 3.58
4 16 2.15 3.96 3.58 2.04 3.97 3.41 2.09 4.16 3.41 2.19 4.13 3.58
4 16 2.09 4.16 3.41 2.02 4.19 3.22 2.11 4.38 3.22 2.18 4.34 3.41
4 16 2.11 4.38 3.22 2.07 4.4 3.03 2.2 4.58 3.03 2.23 4.55 3.22
3 16 2.2 4.58 3.03 2.07 4.4 3.03 2.13 4.52 2.83
3 16 2.2 4.58 3.03 2.13 4.52 2.83 2.18 4.59 2.83
4 16 2.26 3.78 3.73 2.13 3.78 3.58 2.15 3.96 3.58 2.27 3.93 3.73
4 16 2.27 3.93 3.73 2.15 3.96 3.58 2.19 4.13 3.58 2.31 4.08 3.73
4 16 2.19 4.13 3.58 2.09 4.16 3.41 2.18 4.34 3.41 2.27 4.29 3.58
4 16 2.18 4.34 3.41 2.11 4.38 3.22 2.23 4.55 3.22 2.29 4.5 3.41
4 16 2.23 4.55 3.22 2.2 4.58 3.03 2.35 4.73 3.03 2.38 4.7 3.22
3 16 2.35 4.73 3.03 2.2 4.58 3.03 2.26 4.67 2.83
3 16 2.35 4.73 3.03 2.26 4.67 2.83 2.34 4.74 2.83
4 16 2.41 3.78 3.85 2.26 3.78 3.73 2.27 3.93 3.73 2.42 3.91 3.85
4 16 2.42 3.91 3.85 2.27 3.93 3.73 2.31 4.08 3.73 2.45 4.03 3.85
4 16 2.31 4.08 3.73 2.19 4.13 3.58 2.27 4.29 3.58 2.38 4.22 3.73
4 16 2.27 4.29 3.58 2.18 4.34 3.41 2.29 4.5 3.41 2.37 4.43 3.58
4 16 2.29 4.5 3.41 2.23 4.55 3.22 2.38 4.7 3.22 2.43 4.64 3.41
4 16 2.38 4.7 3.22 2.35 4.73 3.03 2.53 4.86 3.03 2.55 4.82 3.22
3 16 2.53 4.86 3.03 2.35 4.73 3.03 2.41 4.8 2.83
3 16 2.53 4.86 3.03 2.41 4.8 2.83 2.52 4.87 2.83
3 16 3.15 4.52 3.85 3.15 4.41 3.93 3.05 4.34 3.96
4 16 2.58 3.78 3.96 2.41 3.78 3.85 2.42 3.91 3.85 2.59 3.88 3.96
4 16 2.59 3.88 3.96 2.42 3.91 3.85 2.45 4.03 3.85 2.61 3.98 3.96
4 16 2.45 4.03 3.85 2.31 4.08 3.73 2.38 4.22 3.73 2.51 4.15 3.85
4 16 2.38 4.22 3.73 2.27 4.29 3.58 2.37 4.43 3.58 2.47 4.35 3.73
4 16 2.37 4.43 3.58 2.29 4.5 3.41 2.43 4.64 3.41 2.49 4.56 3.58
4 16 2.43 4.64 3.41 2.38 4.7 3.22 2.55 4.82 3.22 2.59 4.75 3.41
4 16 2.55 4.82 3.22 2.53 4.86 3.03 2.72 4.95 3.03 2.74 4.91 3.22
3 16 2.72 4.95 3.03 2.53 4.86 3.03 2.58 4.9 2.83
3 16 2.72 4.95 3.03 2.58 4.9 2.83 2.72 4.96 2.83
3 16 3.15 4.35 3.96 3.15 4.21 4.02 3.08 4.16 4.03
4 16 2.76 3.78 4.03 2.58 3.78 3.96 2.59 3.88 3.96 2.77 3.85 4.03
4 16 2.77 3.85 4.03 2.59 3.88 3.96 2.61 3.98 3.96 2.78 3.91 4.03
4 16 2.61 3.98 3.96 2.45 4.03 3.85 2.51 4.15 3.85 2.65 4.07 3.96
4 16 2.51 4.15 3.85 2.38 4.22 3.73 2.47 4.35 3.73 2.58 4.26 3.85
4 16 2.47 4.35 3.73 2.37 4.43 3.58 2.49 4.56 3.58 2.58 4.46 3.73
4 16 2.49 4.56 3.58 2.43 4.64 3.41 2.59 4.75 3.41 2.64 4.66 3.58
4 16 2.59 4.75 3.41 2.55 4.82 3.22 2.74 4.91 3.22 2.77 4.83 3.41
4 16 2.74 4.91 3.22 2.72 4.95 3.03 2.93 5 3.03 2.94 4.96 3.22
3 16 2.93 5 3.03 2.72 4.95 3.03 2.76 4.98 2.83
3 16 2.93 5 3.03 2.76 4.98 2.83 2.93 5.02 2.83
3 16 3.15 4.17 4.03 3.15 4 4.08 3.12 3.97 4.08
3 16 3.12 3.97 4.08 3.15 4 4.08 3.15 3.98 4.08
3 16 3.12 3.97 4.08 3.15 3.98 4.08 3.15 3.78 4.09
3 16 3.15 3.78 4.09 3.08 3.96 4.08 3.12 3.97 4.08
3 16 3.12 3.97 4.08 3.08 4.16 4.03 3.15 4.17 4.03
3 16 3.15 4.17 4.03 3.08 4.16 4.03 3.15 4.21 4.02
3 16 3.15 3.78 4.09 3.05 3.95 4.08 3.08 3.96 4.08
4 16 3.08 4.16 4.03 3.02 4.15 4.03 2.95 4.32 3.96 3.05 4.34 3.96
3 16 3.08 4.16 4.03 3.05 4.34 3.96 3.15 4.35 3.96
3 16 3.15 4.35 3.96 3.05 4.34 3.96 3.15 4.41 3.93
3 16 3.15 3.78 4.09 3.02 3.93 4.08 3.05 3.95 4.08
4 16 3.02 4.15 4.03 2.95 4.12 4.03 2.86 4.27 3.96 2.95 4.32 3.96
4 16 3.05 4.34 3.96 2.95 4.32 3.96 2.9 4.48 3.85 3.02 4.51 3.85
3 16 3.05 4.34 3.96 3.02 4.51 3.85 3.15 4.52 3.85
3 16 3.15 4.52 3.85 3.02 4.51 3.85 3.15 4.59 3.8
3 16 3.15 3.78 4.09 3 3.91 4.08 3.02 3.93 4.08
4 16 2.95 4.12 4.03 2.9 4.08 4.03 2.78 4.22 3.96 2.86 4.27 3.96
4 16 2.95 4.32 3.96 2.86 4.27 3.96 2.78 4.42 3.85 2.9 4.48 3.85
4 16 3.02 4.51 3.85 2.9 4.48 3.85 2.84 4.62 3.73 2.99 4.66 3.73
3 16 3.02 4.51 3.85 2.99 4.66 3.73 3.15 4.59 3.8
3 16 3.15 4.59 3.8 2.99 4.66 3.73 3.15 4.67 3.73
3 16 3.15 3.78 4.09 2.98 3.88 4.08 3 3.91 4.08
4 16 2.9 4.08 4.03 2.85 4.03 4.03 2.71 4.15 3.96 2.78 4.22 3.96
4 16 2.86 4.27 3.96 2.78 4.22 3.96 2.67 4.35 3.85 2.78 4.42 3.85
4 16 2.9 4.48 3.85 2.78 4.42 3.85 2.7 4.55 3.73 2.84 4.62 3.73
4 16 2.99 4.66 3.73 2.84 4.62 3.73 2.8 4.74 3.58 2.97 4.78 3.58
3 16 2.99 4.66 3.73 2.97 4.78 3.58 3.15 4.74 3.64
3 16 3.15 4.74 3.64 2.97 4.78 3.58 3.15 4.8 3.58
3 16 3.15 3.78 4.09 2.96 3.85 4.08 2.98 3.88 4.08
4 16 2.85 4.03 4.03 2.81 3.97 4.03 2.65 4.07 3.96 2.71 4.15 3.96
4 16 2.78 4.22 3.96 2.71 4.15 3.96 2.58 4.26 3.85 2.67 4.35 3.85
4 16 2.78 4.42 3.85 2.67 4.35 3.85 2.58 4.46 3.73 2.7 4.55 3.73
4 16 2.84 4.62 3.73 2.7 4.55 3.73 2.64 4.66 3.58 2.8 4.74 3.58
4 16 2.97 4.78 3.58 2.8 4.74 3.58 2.77 4.83 3.41 2.95 4.89 3.41
3 16 2.97 4.78 3.58 2.95 4.89 3.41 3.15 4.87 3.46
3 16 3.15 4.87 3.46 2.95 4.89 3.41 3.15 4.9 3.41
3 16 3.15 4.98 3.22 3.15 4.96 3.27 2.94 4.96 3.22
3 16 2.94 4.96 3.22 3.15 4.96 3.27 2.95 4.89 3.41
4 16 2.94 4.96 3.22 2.95 4.89 3.41 2.77 4.83 3.41 2.74 4.91 3.22
4 16 2.77 4.83 3.41 2.8 4.74 3.58 2.64 4.66 3.58 2.59 4.75 3.41
4 16 2.64 4.66 3.58 2.7 4.55 3.73 2.58 4.46 3.73 2.49 4.56 3.58
4 16 2.58 4.46 3.73 2.67 4.35 3.85 2.58 4.26 3.85 2.47 4.35 3.73
4 16 2.58 4.26 3.85 2.71 4.15 3.96 2.65 4.07 3.96 2.51 4.15 3.85
4 16 2.65 4.07 3.96 2.81 3.97 4.03 2.78 3.91 4.03 2.61 3.98 3.96
3 16 2.96 3.81 4.08 2.96 3.85 4.08 3.15 3.78 4.09
3 16 3.15 5.02 3.05 2.93 5 3.03 3.15 5.02 3.03
3 16 1.91 4 2.83 1.89 3.84 2.83 1.9 3.9 -6.58
3 16 1.9 3.9 -6.58 1.89 3.84 2.83 1.89 3.78 -0.49
3 16 1.9 3.9 -6.58 1.89 3.78 -0.49 1.89 3.78 -6.58
3 16 3.28 5.04 -6.6 3.15 5.04 2.83 3.04 5.03 -6.58
3 16 3.04 5.03 -6.58 3.15 5.04 2.83 2.93 5.02 2.83
3 16 3.04 5.03 -6.58 2.93 5.02 2.83 2.95 5.02 -6.58
3 16 2.95 5.02 -6.58 2.93 5.02 2.83 2.83 5 -6.58
3 16 2.83 5 -6.58 2.93 5.02 2.83 2.76 4.98 2.83
3 16 2.83 5 -6.58 2.76 4.98 2.83 2.76 4.98 -6.58
3 16 2.76 4.98 -6.58 2.76 4.98 2.83 2.62 4.92 -6.58
3 16 2.62 4.92 -6.58 2.76 4.98 2.83 2.72 4.96 2.83
3 16 2.62 4.92 -6.58 2.72 4.96 2.83 2.58 4.9 -6.58
3 16 2.72 4.96 2.83 2.58 4.9 2.83 2.58 4.9 -6.58
3 16 2.58 4.9 -6.58 2.58 4.9 2.83 2.52 4.87 2.83
3 16 2.58 4.9 -6.58 2.52 4.87 2.83 2.43 4.81 -6.58
3 16 2.43 4.81 -6.58 2.52 4.87 2.83 2.41 4.8 -6.58
3 16 2.52 4.87 2.83 2.41 4.8 2.83 2.41 4.8 -6.58
3 16 2.41 4.8 -6.58 2.41 4.8 2.83 2.34 4.74 2.83
3 16 2.41 4.8 -6.58 2.34 4.74 2.83 2.26 4.67 -6.58
3 16 2.26 4.67 -6.58 2.34 4.74 2.83 2.26 4.67 2.83
3 16 2.26 4.67 -6.58 2.26 4.67 2.83 2.12 4.51 -6.58
3 16 2.26 4.67 2.83 2.18 4.59 2.83 2.12 4.51 -6.58
3 16 2.12 4.51 -6.58 2.18 4.59 2.83 2.13 4.52 2.83
3 16 2.12 4.51 -6.58 2.13 4.52 2.83 2.03 4.35 -6.58
3 16 2.13 4.52 2.83 2.06 4.41 2.83 2.03 4.35 -6.58
3 16 2.03 4.35 -6.58 2.06 4.41 2.83 2.03 4.35 2.83
3 16 2.03 4.35 -6.58 2.03 4.35 2.83 2.01 4.32 -6.58
3 16 2.01 4.32 -6.58 2.03 4.35 2.83 1.97 4.21 2.83
3 16 2.01 4.32 -6.58 1.97 4.21 2.83 1.95 4.17 -6.58
3 16 1.95 4.17 -6.58 1.97 4.21 2.83 1.95 4.17 2.83
3 16 1.95 4.17 -6.58 1.95 4.17 2.83 1.93 4.11 -6.58
3 16 1.93 4.11 -6.58 1.95 4.17 2.83 1.91 4 2.83
3 16 1.93 4.11 -6.58 1.91 4 2.83 1.91 3.98 -6.58
3 16 1.91 3.98 -6.58 1.91 4 2.83 1.9 3.9 -6.58
3 16 1.89 3.78 -0.49 1.89 3.66 -6.58 1.89 3.78 -6.58
3 16 1.89 3.78 -6.58 1.89 3.66 -6.58 1.88 3.78 -6.72
3 16 1.88 3.78 -6.72 1.89 3.66 -6.58 1.88 3.66 -6.69
3 16 1.88 3.78 -6.72 1.88 3.66 -6.69 1.87 3.78 -6.8
3 16 1.87 3.78 -6.8 1.88 3.66 -6.69 1.87 3.67 -6.8
3 16 1.87 3.78 -6.8 1.87 3.67 -6.8 1.84 3.78 -6.93
3 16 1.84 3.78 -6.93 1.87 3.67 -6.8 1.85 3.68 -6.91
3 16 1.84 3.78 -6.93 1.85 3.68 -6.91 1.81 3.78 -7.01
3 16 1.81 3.78 -7.01 1.85 3.68 -6.91 1.81 3.69 -7.01
3 16 1.81 3.78 -7.01 1.81 3.69 -7.01 1.76 3.78 -7.14
3 16 1.76 3.78 -7.14 1.81 3.69 -7.01 1.77 3.71 -7.11
3 16 1.76 3.78 -7.14 1.77 3.71 -7.11 1.72 3.78 -7.21
3 16 1.72 3.78 -7.21 1.77 3.71 -7.11 1.72 3.73 -7.21
3 16 1.72 3.78 -7.21 1.72 3.73 -7.21 1.65 3.78 -7.32
3 16 1.65 3.78 -7.32 1.72 3.73 -7.21 1.6 3.78 -7.38
4 16 1.97 4.51 -7.24 2.1 4.67 -7.3 2.2 4.67 -7.04 2.06 4.51 -7
4 16 2.2 4.67 -7.04 2.36 4.81 -7.08 2.42 4.81 -6.78 2.25 4.67 -6.76
3 16 2.91 5.02 -6.82 2.81 5 -6.82 2.77 4.99 -6.9
3 16 2.41 4.8 -6.58 2.26 4.67 -6.58 2.25 4.67 -6.76
3 16 2.03 4.35 -6.58 2.01 4.32 -6.58 2 4.32 -6.73
3 16 1.95 4.17 -6.58 1.93 4.11 -6.58 1.93 4.11 -6.73
3 16 1.16 3.93 -7.74 1.04 3.96 -7.79 1.12 4.01 -7.77
3 16 1.12 4.01 -7.77 1.15 4.03 -7.76 1.16 3.93 -7.74
3 16 1.16 3.93 -7.74 1.15 4.03 -7.76 1.17 4.05 -7.75
3 16 1.16 3.93 -7.74 1.17 4.05 -7.75 1.24 3.91 -7.69
3 16 1.52 3.9 -7.49 1.51 3.82 -7.48 1.44 3.84 -7.55
3 16 1.44 3.84 -7.55 1.42 3.85 -7.57 1.52 3.9 -7.49
3 16 1.35 3.9 -7.63 1.4 3.85 -7.58 1.24 3.91 -7.69
3 16 1.35 3.9 -7.63 1.24 3.91 -7.69 1.23 4.09 -7.73
3 16 1.23 4.09 -7.73 1.24 3.91 -7.69 1.17 4.05 -7.75
3 16 1.51 3.82 -7.48 1.52 3.9 -7.49 1.6 3.78 -7.38
3 16 1.6 3.78 -7.38 1.52 3.9 -7.49 1.66 3.9 -7.32
3 16 1.6 3.78 -7.38 1.66 3.9 -7.32 1.65 3.78 -7.32
3 16 1.65 3.78 -7.32 1.66 3.9 -7.32 1.72 3.78 -7.21
3 16 1.72 3.78 -7.21 1.66 3.9 -7.32 1.77 3.9 -7.14
3 16 1.72 3.78 -7.21 1.77 3.9 -7.14 1.76 3.78 -7.14
3 16 1.76 3.78 -7.14 1.77 3.9 -7.14 1.81 3.78 -7.01
3 16 1.81 3.78 -7.01 1.77 3.9 -7.14 1.85 3.9 -6.94
3 16 1.81 3.78 -7.01 1.85 3.9 -6.94 1.84 3.78 -6.93
3 16 1.84 3.78 -6.93 1.85 3.9 -6.94 1.87 3.78 -6.8
3 16 1.87 3.78 -6.8 1.85 3.9 -6.94 1.89 3.9 -6.72
3 16 1.87 3.78 -6.8 1.89 3.9 -6.72 1.88 3.78 -6.72
4 16 1.89 3.78 -6.58 1.88 3.78 -6.72 1.89 3.9 -6.72 1.9 3.9 -6.58
3 16 1.9 3.9 -6.58 1.89 3.9 -6.72 1.91 3.98 -6.58
3 16 1.91 3.98 -6.58 1.89 3.9 -6.72 1.93 4.11 -6.58
3 16 1.95 4.17 -6.58 1.93 4.11 -6.73 2.01 4.32 -6.58
3 16 2.43 4.81 -6.58 2.42 4.81 -6.78 2.58 4.9 -6.58
3 16 2.58 4.9 -6.58 2.42 4.81 -6.78 2.61 4.92 -6.8
3 16 2.58 4.9 -6.58 2.61 4.92 -6.8 2.62 4.92 -6.58
3 16 2.62 4.92 -6.58 2.61 4.92 -6.8 2.76 4.98 -6.58
3 16 2.81 5 -6.82 2.83 5 -6.58 2.76 4.98 -6.58
4 16 2.83 5 -6.58 2.81 5 -6.82 2.91 5.02 -6.82 2.95 5.02 -6.58
3 16 2.95 5.02 -6.58 2.91 5.02 -6.82 3.04 5.03 -6.58
3 16 2.91 5.02 -6.82 3.02 5.03 -6.75 3.04 5.03 -6.58
3 16 3.04 5.03 -6.58 3.02 5.03 -6.75 3.15 5.04 -6.66
3 16 3.04 5.03 -6.58 3.15 5.04 -6.66 3.28 5.04 -6.6
3 16 2.76 4.98 -6.58 2.61 4.92 -6.8 2.81 5 -6.82
3 16 2.81 5 -6.82 2.61 4.92 -6.8 2.67 4.96 -6.97
3 16 2.81 5 -6.82 2.67 4.96 -6.97 2.77 4.99 -6.9
3 16 2.4 4.85 -7.13 2.41 4.85 -7.12 2.36 4.81 -7.08
3 16 2.36 4.81 -7.08 2.41 4.85 -7.12 2.44 4.87 -7.11
3 16 2.36 4.81 -7.08 2.44 4.87 -7.11 2.42 4.81 -6.78
3 16 2.42 4.81 -6.78 2.44 4.87 -7.11 2.52 4.9 -7.06
3 16 2.42 4.81 -6.78 2.52 4.9 -7.06 2.61 4.92 -6.8
3 16 2.61 4.92 -6.8 2.52 4.9 -7.06 2.57 4.92 -7.03
3 16 2.61 4.92 -6.8 2.57 4.92 -7.03 2.67 4.96 -6.97
3 16 2.1 4.67 -7.3 2.11 4.68 -7.3 2.2 4.67 -7.04
3 16 2.2 4.67 -7.04 2.11 4.68 -7.3 2.13 4.7 -7.29
3 16 2.2 4.67 -7.04 2.13 4.7 -7.29 2.36 4.81 -7.08
3 16 2.36 4.81 -7.08 2.13 4.7 -7.29 2.27 4.78 -7.21
3 16 2.36 4.81 -7.08 2.27 4.78 -7.21 2.4 4.85 -7.13
3 16 1.84 4.51 -7.45 1.88 4.54 -7.43 1.97 4.51 -7.24
3 16 1.97 4.51 -7.24 1.88 4.54 -7.43 2.01 4.62 -7.36
3 16 1.97 4.51 -7.24 2.01 4.62 -7.36 2.1 4.67 -7.3
3 16 2.1 4.67 -7.3 2.01 4.62 -7.36 2.09 4.67 -7.31
3 16 2.1 4.67 -7.3 2.09 4.67 -7.31 2.11 4.68 -7.3
3 16 1.6 4.32 -7.57 1.61 4.35 -7.57 1.75 4.32 -7.39
3 16 1.75 4.32 -7.39 1.61 4.35 -7.57 1.74 4.43 -7.51
3 16 1.75 4.32 -7.39 1.74 4.43 -7.51 1.75 4.44 -7.5
3 16 1.27 4.11 -7.72 1.31 4.14 -7.71 1.37 4.11 -7.66
3 16 1.37 4.11 -7.66 1.31 4.14 -7.71 1.38 4.19 -7.68
3 16 1.37 4.11 -7.66 1.38 4.19 -7.68 1.54 4.11 -7.52
3 16 1.54 4.11 -7.52 1.38 4.19 -7.68 1.41 4.21 -7.67
3 16 1.54 4.11 -7.52 1.41 4.21 -7.67 1.47 4.25 -7.64
4 16 2.26 4.67 -6.58 2.12 4.51 -6.58 2.11 4.51 -6.75 2.25 4.67 -6.76
4 16 2.25 4.67 -6.76 2.11 4.51 -6.75 2.06 4.51 -7 2.2 4.67 -7.04
4 16 1.87 4.32 -7.19 1.97 4.51 -7.24 2.06 4.51 -7 1.96 4.32 -6.97
4 16 1.96 4.32 -6.97 2.06 4.51 -7 2.11 4.51 -6.75 2 4.32 -6.73
3 16 2 4.32 -6.73 2.11 4.51 -6.75 2.12 4.51 -6.58
3 16 2 4.32 -6.73 2.12 4.51 -6.58 2.03 4.35 -6.58
3 16 1.75 4.44 -7.5 1.83 4.5 -7.46 1.75 4.32 -7.39
3 16 1.75 4.32 -7.39 1.83 4.5 -7.46 1.84 4.51 -7.45
4 16 1.75 4.32 -7.39 1.84 4.51 -7.45 1.97 4.51 -7.24 1.87 4.32 -7.19
3 16 2.25 4.67 -6.76 2.42 4.81 -6.78 2.41 4.8 -6.58
3 16 2.41 4.8 -6.58 2.42 4.81 -6.78 2.43 4.81 -6.58
3 16 2.01 4.32 -6.58 1.93 4.11 -6.73 2 4.32 -6.73
4 16 2 4.32 -6.73 1.93 4.11 -6.73 1.88 4.11 -6.95 1.96 4.32 -6.97
4 16 1.96 4.32 -6.97 1.88 4.11 -6.95 1.8 4.11 -7.15 1.87 4.32 -7.19
4 16 1.87 4.32 -7.19 1.8 4.11 -7.15 1.69 4.11 -7.35 1.75 4.32 -7.39
4 16 1.75 4.32 -7.39 1.69 4.11 -7.35 1.54 4.11 -7.52 1.6 4.32 -7.57
3 16 1.6 4.32 -7.57 1.54 4.11 -7.52 1.47 4.25 -7.64
3 16 1.6 4.32 -7.57 1.47 4.25 -7.64 1.61 4.35 -7.57
3 16 1.93 4.11 -6.58 1.89 3.9 -6.72 1.93 4.11 -6.73
4 16 1.93 4.11 -6.73 1.89 3.9 -6.72 1.85 3.9 -6.94 1.88 4.11 -6.95
4 16 1.88 4.11 -6.95 1.85 3.9 -6.94 1.77 3.9 -7.14 1.8 4.11 -7.15
4 16 1.8 4.11 -7.15 1.77 3.9 -7.14 1.66 3.9 -7.32 1.69 4.11 -7.35
4 16 1.69 4.11 -7.35 1.66 3.9 -7.32 1.52 3.9 -7.49 1.54 4.11 -7.52
4 16 1.54 4.11 -7.52 1.52 3.9 -7.49 1.35 3.9 -7.63 1.37 4.11 -7.66
3 16 1.37 4.11 -7.66 1.35 3.9 -7.63 1.23 4.09 -7.73
3 16 1.37 4.11 -7.66 1.23 4.09 -7.73 1.27 4.11 -7.72
3 16 5.12 4.3 5.92 5.13 4.29 5.91 5.23 4.4 5.78
3 16 5.27 4.39 5.65 5.28 4.41 5.63 5.29 4.42 5.65
3 16 5.19 4.31 5.79 5.14 4.26 5.86 5.14 4.25 5.84
3 16 5.07 4.23 5.97 5.01 4.17 6.03 5.02 4.15 6.01
3 16 6.33 5.13 4.31 6.36 5.15 4.32 6.26 5.15 4.48
3 16 6.27 5.09 4.27 6.29 5.1 4.28 6.2 5.1 4.42
3 16 5.86 5.01 5.06 5.76 4.95 5.2 5.75 4.92 5.17
3 16 5.55 4.78 5.46 5.54 4.75 5.44 5.65 4.84 5.31
3 16 6.43 5.25 4.38 6.44 5.27 4.38 6.23 5.25 4.7
4 16 5.39 4.83 5.74 5.27 4.69 5.85 5.18 4.52 5.92 5.29 4.66 5.81
3 16 4.74 3.93 6.29 4.62 3.78 6.37 4.75 3.92 6.28
3 16 4.62 3.78 6.37 4.74 3.93 6.29 4.82 4.11 6.22
4 16 5.27 4.69 5.85 5.24 4.73 5.87 5.16 4.62 5.95 5.05 4.41 6.04
4 16 5.48 5 5.65 5.75 5.16 5.37 5.74 5.2 5.38 5.56 5.08 5.58
3 16 5.56 5.08 5.58 5.74 5.2 5.38 5.73 5.23 5.4
3 16 6.26 5.51 4.77 6.26 5.51 4.78 6.26 5.46 4.77
3 16 6.26 5.46 4.77 6.26 5.51 4.78 6.17 5.48 4.89
3 16 6.26 5.46 4.77 6.17 5.48 4.89 6 5.36 5.09
3 16 6 5.36 5.09 6.17 5.48 4.89 5.96 5.38 5.14
3 16 6 5.36 5.09 5.96 5.38 5.14 5.74 5.2 5.38
3 16 5.74 5.2 5.38 5.96 5.38 5.14 5.75 5.24 5.38
3 16 5.74 5.2 5.38 5.75 5.24 5.38 5.73 5.23 5.4
3 16 6.26 5.51 4.77 6.26 5.46 4.77 6.37 5.53 4.63
3 16 6.37 5.53 4.63 6.26 5.46 4.77 6.51 5.5 4.43
3 16 6.37 5.53 4.63 6.51 5.5 4.43 6.51 5.54 4.43
3 16 4.83 4.1 6.21 4.85 4.09 6.2 5.07 4.38 6.02
3 16 5.07 4.38 6.02 4.85 4.09 6.2 4.97 4.22 6.09
4 16 5.07 4.38 6.02 4.97 4.22 6.09 5.09 4.36 5.99 5.18 4.52 5.92
3 16 5.09 4.36 5.99 4.97 4.22 6.09 4.99 4.2 6.08
4 16 5.09 4.36 5.99 4.99 4.2 6.08 5.1 4.33 5.97 5.2 4.49 5.89
3 16 5.43 4.74 5.66 5.31 4.62 5.78 5.43 4.72 5.64
3 16 5.43 4.72 5.64 5.31 4.62 5.78 5.32 4.6 5.76
3 16 5.43 4.72 5.64 5.32 4.6 5.76 5.44 4.7 5.62
3 16 5.44 4.7 5.62 5.32 4.6 5.76 5.33 4.58 5.74
3 16 5.44 4.7 5.62 5.55 4.8 5.49 5.43 4.72 5.64
3 16 5.43 4.72 5.64 5.55 4.8 5.49 5.54 4.82 5.52
3 16 5.43 4.72 5.64 5.54 4.82 5.52 5.43 4.74 5.66
3 16 5.27 4.69 5.85 5.05 4.41 6.04 5.18 4.52 5.92
4 16 5.29 4.66 5.81 5.18 4.52 5.92 5.09 4.36 5.99 5.2 4.49 5.89
3 16 5.76 4.97 5.23 5.87 5.04 5.09 5.77 5 5.26
3 16 5.77 5 5.26 5.87 5.04 5.09 5.99 5.13 4.97
3 16 5.77 5 5.26 5.99 5.13 4.97 5.77 5.03 5.28
3 16 6.39 5.19 4.35 6.42 5.23 4.37 6.29 5.19 4.5
3 16 6.29 5.19 4.5 6.42 5.23 4.37 6.21 5.21 4.68
3 16 5.87 5.04 5.09 5.98 5.1 4.95 5.99 5.13 4.97
3 16 5.99 5.13 4.97 5.98 5.1 4.95 6.09 5.14 4.8
3 16 5.99 5.13 4.97 6.09 5.14 4.8 6.21 5.21 4.68
3 16 6.21 5.21 4.68 6.09 5.14 4.8 6.19 5.17 4.65
3 16 6.21 5.21 4.68 6.19 5.17 4.65 6.29 5.19 4.5
3 16 5.53 4.87 5.56 5.77 5.03 5.28 5.77 5.07 5.31
3 16 5.77 5.07 5.31 5.77 5.03 5.28 6 5.17 5
3 16 5.77 5.07 5.31 6 5.17 5 6.01 5.21 5.02
3 16 6.01 5.21 5.02 6 5.17 5 6.23 5.25 4.7
3 16 6.01 5.21 5.02 6.23 5.25 4.7 6.24 5.29 4.72
3 16 6.24 5.29 4.72 6.23 5.25 4.7 6.44 5.27 4.38
3 16 6.24 5.29 4.72 6.44 5.27 4.38 6.47 5.33 4.4
3 16 5.77 5.03 5.28 5.99 5.13 4.97 6 5.17 5
3 16 6 5.17 5 5.99 5.13 4.97 6.21 5.21 4.68
3 16 6 5.17 5 6.21 5.21 4.68 6.23 5.25 4.7
3 16 6.23 5.25 4.7 6.21 5.21 4.68 6.42 5.23 4.37
3 16 6.23 5.25 4.7 6.42 5.23 4.37 6.43 5.25 4.38
3 16 5.41 4.78 5.7 5.53 4.9 5.58 5.52 4.93 5.6
3 16 5.52 4.93 5.6 5.53 4.9 5.58 5.77 5.1 5.33
3 16 5.52 4.93 5.6 5.77 5.1 5.33 5.76 5.13 5.35
3 16 5.76 5.13 5.35 5.77 5.1 5.33 6.01 5.25 5.04
3 16 5.76 5.13 5.35 6.01 5.25 5.04 6.01 5.28 5.06
3 16 6.01 5.28 5.06 6.01 5.25 5.04 6.25 5.33 4.74
3 16 6.26 5.38 4.75 6.48 5.36 4.41 6.5 5.41 4.42
3 16 5.24 4.73 5.87 5.27 4.69 5.85 5.36 4.87 5.77
4 16 5.36 4.87 5.77 5.27 4.69 5.85 5.39 4.83 5.74 5.46 4.98 5.68
3 16 5.46 4.98 5.68 5.39 4.83 5.74 5.51 4.95 5.62
3 16 5.46 4.98 5.68 5.51 4.95 5.62 5.48 5 5.65
3 16 5.48 5 5.65 5.51 4.95 5.62 5.75 5.16 5.37
3 16 5.74 5.2 5.38 5.75 5.16 5.37 6.01 5.32 5.08
3 16 5.74 5.2 5.38 6.01 5.32 5.08 6 5.36 5.09
3 16 6 5.36 5.09 6.01 5.32 5.08 6.26 5.42 4.76
3 16 6 5.36 5.09 6.26 5.42 4.76 6.26 5.46 4.77
3 16 6.26 5.46 4.77 6.26 5.42 4.76 6.5 5.45 4.42
3 16 6.26 5.46 4.77 6.5 5.45 4.42 6.51 5.5 4.43
4 16 5.41 4.78 5.7 5.43 4.74 5.66 5.53 4.87 5.56 5.53 4.9 5.58
3 16 5.53 4.9 5.58 5.53 4.87 5.56 5.77 5.07 5.31
3 16 5.53 4.9 5.58 5.77 5.07 5.31 5.77 5.1 5.33
3 16 5.77 5.1 5.33 5.77 5.07 5.31 6.01 5.21 5.02
3 16 5.77 5.1 5.33 6.01 5.21 5.02 6.01 5.25 5.04
3 16 6.01 5.25 5.04 6.01 5.21 5.02 6.24 5.29 4.72
3 16 6.01 5.25 5.04 6.24 5.29 4.72 6.25 5.33 4.74
3 16 6.25 5.33 4.74 6.24 5.29 4.72 6.47 5.33 4.4
3 16 5.57 4.74 5.13 5.59 4.75 5.16 5.5 4.66 5.26
3 16 5.5 4.66 5.26 5.59 4.75 5.16 5.51 4.67 5.3
3 16 5.57 4.74 5.13 5.58 4.74 5.12 5.59 4.75 5.16
3 16 5.59 4.75 5.16 5.58 4.74 5.12 5.6 4.76 5.09
3 16 5.59 4.75 5.16 5.6 4.76 5.09 5.67 4.83 5.02
3 16 5.67 4.83 5.02 5.6 4.76 5.09 5.64 4.81 5.01
3 16 5.64 4.81 5.01 5.65 4.81 4.99 5.67 4.83 5.02
3 16 5.67 4.83 5.02 5.65 4.81 4.99 5.72 4.88 4.86
3 16 5.67 4.83 5.02 5.72 4.88 4.86 5.75 4.89 4.88
3 16 5.78 4.92 4.75 5.79 4.93 4.74 5.83 4.95 4.74
3 16 5.75 4.89 4.88 5.72 4.88 4.86 5.83 4.95 4.74
3 16 5.83 4.95 4.74 5.72 4.88 4.86 5.77 4.92 4.76
3 16 5.83 4.95 4.74 5.77 4.92 4.76 5.78 4.92 4.75
3 16 5.75 4.92 5.17 5.76 4.95 5.2 5.65 4.87 5.33
3 16 5.65 4.87 5.33 5.76 4.95 5.2 5.66 4.89 5.36
3 16 5.65 4.87 5.33 5.66 4.89 5.36 5.55 4.8 5.49
3 16 5.55 4.8 5.49 5.66 4.89 5.36 5.66 4.92 5.39
3 16 5.55 4.8 5.49 5.66 4.92 5.39 5.54 4.82 5.52
3 16 5.54 4.82 5.52 5.66 4.92 5.39 5.54 4.85 5.54
3 16 5.54 4.82 5.52 5.54 4.85 5.54 5.43 4.74 5.66
3 16 5.79 4.93 4.74 5.8 4.94 4.71 5.83 4.95 4.74
3 16 5.83 4.95 4.74 5.8 4.94 4.71 5.88 4.98 4.57
3 16 5.83 4.95 4.74 5.88 4.98 4.57 5.91 4.99 4.6
3 16 5.91 4.99 4.6 5.88 4.98 4.57 5.9 4.99 4.52
3 16 5.91 4.99 4.6 5.9 4.99 4.52 5.98 5.02 4.46
3 16 5.98 5.02 4.46 5.9 4.99 4.52 5.95 5.01 4.44
3 16 5.98 5.02 4.46 5.95 5.01 4.44 6.02 5.03 4.29
3 16 6.02 5.03 4.49 6.05 5.04 4.51 5.97 5.01 4.66
3 16 6.13 5.06 4.37 6.05 5.04 4.51 6.09 5.04 4.34
3 16 6.09 5.04 4.34 6.05 5.04 4.51 6.02 5.03 4.49
3 16 6.09 5.04 4.34 6.02 5.03 4.49 6.06 5.04 4.32
3 16 5.9 4.99 4.83 5.97 5.01 4.66 5.99 5.03 4.69
3 16 5.99 5.03 4.69 5.97 5.01 4.66 6.05 5.04 4.51
3 16 5.99 5.03 4.69 6.05 5.04 4.51 6.08 5.06 4.54
3 16 6.08 5.06 4.54 6.05 5.04 4.51 6.13 5.06 4.37
3 16 6.08 5.06 4.54 6.13 5.06 4.37 6.17 5.07 4.4
3 16 5.86 5.01 5.06 5.75 4.92 5.17 5.85 4.99 5.03
3 16 5.85 4.99 5.03 5.75 4.92 5.17 5.83 4.96 5
3 16 5.85 4.99 5.03 5.83 4.96 5 5.93 5.02 4.86
3 16 5.93 5.02 4.86 5.83 4.96 5 5.9 4.99 4.83
3 16 5.93 5.02 4.86 5.9 4.99 4.83 6.02 5.06 4.72
3 16 6.02 5.06 4.72 5.9 4.99 4.83 5.99 5.03 4.69
3 16 6.02 5.06 4.72 5.99 5.03 4.69 6.11 5.08 4.57
3 16 6.11 5.08 4.57 5.99 5.03 4.69 6.08 5.06 4.54
3 16 6.11 5.08 4.57 6.08 5.06 4.54 6.2 5.1 4.42
3 16 6.2 5.1 4.42 6.08 5.06 4.54 6.17 5.07 4.4
3 16 6.2 5.1 4.42 6.17 5.07 4.4 6.27 5.09 4.27
3 16 6.32 5.12 4.3 6.33 5.13 4.31 6.23 5.12 4.45
3 16 6.23 5.12 4.45 6.33 5.13 4.31 6.26 5.15 4.48
3 16 6.23 5.12 4.45 6.26 5.15 4.48 6.14 5.11 4.6
3 16 6.14 5.11 4.6 6.26 5.15 4.48 6.17 5.14 4.63
3 16 6.14 5.11 4.6 6.17 5.14 4.63 6.05 5.08 4.75
3 16 6.05 5.08 4.75 6.17 5.14 4.63 6.07 5.11 4.77
3 16 6.05 5.08 4.75 6.07 5.11 4.77 5.95 5.04 4.89
3 16 5.95 5.04 4.89 6.07 5.11 4.77 5.97 5.07 4.92
3 16 6.29 5.1 4.28 6.32 5.12 4.3 6.2 5.1 4.42
3 16 6.2 5.1 4.42 6.32 5.12 4.3 6.23 5.12 4.45
3 16 6.2 5.1 4.42 6.23 5.12 4.45 6.11 5.08 4.57
3 16 6.11 5.08 4.57 6.23 5.12 4.45 6.14 5.11 4.6
3 16 6.11 5.08 4.57 6.14 5.11 4.6 6.02 5.06 4.72
3 16 6.02 5.06 4.72 6.14 5.11 4.6 6.05 5.08 4.75
3 16 6.02 5.06 4.72 6.05 5.08 4.75 5.93 5.02 4.86
3 16 5.93 5.02 4.86 6.05 5.08 4.75 5.95 5.04 4.89
3 16 5.93 5.02 4.86 5.95 5.04 4.89 5.85 4.99 5.03
3 16 5.85 4.99 5.03 5.95 5.04 4.89 5.97 5.07 4.92
3 16 5.85 4.99 5.03 5.97 5.07 4.92 5.86 5.01 5.06
3 16 6.02 5.03 4.29 6.09 5.04 4.15 6.06 5.04 4.32
3 16 6.06 5.04 4.32 6.09 5.04 4.15 6.13 5.04 4.17
3 16 6.06 5.04 4.32 6.13 5.04 4.17 6.09 5.04 4.34
3 16 6.09 5.04 4.34 6.13 5.04 4.17 6.17 5.05 4.2
3 16 6.09 5.04 4.34 6.17 5.05 4.2 6.13 5.06 4.37
3 16 6.13 5.06 4.37 6.17 5.05 4.2 6.2 5.06 4.22
3 16 6.13 5.06 4.37 6.2 5.06 4.22 6.17 5.07 4.4
3 16 6.17 5.07 4.4 6.2 5.06 4.22 6.25 5.07 4.25
3 16 6.17 5.07 4.4 6.25 5.07 4.25 6.27 5.09 4.27
3 16 4.62 3.78 6.37 4.66 3.81 6.35 4.69 3.85 6.32
3 16 4.69 3.85 6.32 4.66 3.81 6.35 4.7 3.84 6.32
3 16 4.69 3.85 6.32 4.7 3.84 6.32 4.76 3.91 6.27
3 16 4.76 3.91 6.27 4.7 3.84 6.32 4.77 3.9 6.26
3 16 4.76 3.91 6.27 4.77 3.9 6.26 4.77 3.9 6.25
3 16 4.96 4.09 6.07 4.9 4.03 6.14 4.92 4.03 6.11
3 16 5.01 4.11 6.02 5.02 4.15 6.01 4.98 4.08 6.04
3 16 4.98 4.08 6.04 5.02 4.15 6.01 4.96 4.09 6.07
3 16 4.98 4.08 6.04 4.96 4.09 6.07 4.97 4.07 6.06
3 16 4.97 4.07 6.06 4.96 4.09 6.07 4.92 4.03 6.11
3 16 5.14 4.25 5.84 5.14 4.26 5.86 5.13 4.23 5.86
3 16 4.77 3.9 6.25 4.82 3.94 6.21 4.83 3.97 6.21
3 16 4.83 3.97 6.21 4.82 3.94 6.21 4.84 3.96 6.19
3 16 4.83 3.97 6.21 4.84 3.96 6.19 4.9 4.03 6.14
3 16 4.9 4.03 6.14 4.84 3.96 6.19 4.91 4.02 6.12
3 16 4.9 4.03 6.14 4.91 4.02 6.12 4.92 4.03 6.11
3 16 5.14 4.25 5.84 5.19 4.3 5.77 5.19 4.31 5.79
3 16 5.19 4.31 5.79 5.19 4.3 5.77 5.2 4.31 5.76
3 16 5.19 4.31 5.79 5.2 4.31 5.76 5.24 4.37 5.72
3 16 5.24 4.37 5.72 5.2 4.31 5.76 5.24 4.36 5.7
3 16 5.24 4.37 5.72 5.24 4.36 5.7 5.25 4.36 5.69
3 16 5.33 4.46 5.56 5.35 4.49 5.51 5.38 4.52 5.51
3 16 5.37 4.51 5.48 5.41 4.56 5.41 5.42 4.57 5.44
3 16 5.42 4.57 5.44 5.41 4.56 5.41 5.42 4.57 5.4
3 16 5.42 4.57 5.44 5.42 4.57 5.4 5.51 4.67 5.3
3 16 5.51 4.67 5.3 5.42 4.57 5.4 5.49 4.65 5.27
3 16 5.51 4.67 5.3 5.49 4.65 5.27 5.5 4.66 5.26
3 16 5.43 4.59 5.47 5.34 4.49 5.6 5.38 4.52 5.51
3 16 5.38 4.52 5.51 5.34 4.49 5.6 5.33 4.47 5.58
3 16 5.38 4.52 5.51 5.33 4.47 5.58 5.33 4.46 5.56
3 16 5.09 4.19 5.91 5.13 4.23 5.86 5.13 4.27 5.88
3 16 5.13 4.27 5.88 5.13 4.23 5.86 5.14 4.26 5.86
3 16 5.13 4.27 5.88 5.14 4.26 5.86 5.19 4.32 5.81
3 16 5.19 4.32 5.81 5.14 4.26 5.86 5.19 4.31 5.79
3 16 5.19 4.32 5.81 5.19 4.31 5.79 5.24 4.38 5.74
3 16 5.24 4.38 5.74 5.19 4.31 5.79 5.24 4.37 5.72
3 16 5.24 4.38 5.74 5.24 4.37 5.72 5.29 4.42 5.65
3 16 5.29 4.42 5.65 5.24 4.37 5.72 5.25 4.36 5.69
3 16 5.29 4.42 5.65 5.25 4.36 5.69 5.27 4.39 5.65
3 16 5.94 5 4.63 5.88 4.97 4.8 5.85 4.96 4.77
3 16 5.85 4.96 4.77 5.88 4.97 4.8 5.79 4.92 4.94
3 16 5.85 4.96 4.77 5.79 4.92 4.94 5.77 4.9 4.91
3 16 5.77 4.9 4.91 5.79 4.92 4.94 5.71 4.86 5.08
3 16 5.77 4.9 4.91 5.71 4.86 5.08 5.69 4.84 5.05
3 16 5.69 4.84 5.05 5.71 4.86 5.08 5.62 4.78 5.22
3 16 5.69 4.84 5.05 5.62 4.78 5.22 5.6 4.77 5.19
3 16 5.6 4.77 5.19 5.62 4.78 5.22 5.53 4.7 5.36
3 16 5.6 4.77 5.19 5.53 4.7 5.36 5.52 4.68 5.33
3 16 5.52 4.68 5.33 5.53 4.7 5.36 5.43 4.6 5.49
3 16 5.52 4.68 5.33 5.43 4.6 5.49 5.43 4.59 5.47
3 16 5.43 4.59 5.47 5.43 4.6 5.49 5.34 4.5 5.63
3 16 5.43 4.59 5.47 5.34 4.5 5.63 5.34 4.49 5.6
3 16 5.34 4.49 5.6 5.34 4.5 5.63 5.24 4.39 5.76
3 16 5.35 4.49 5.51 5.37 4.51 5.48 5.38 4.52 5.51
3 16 5.38 4.52 5.51 5.37 4.51 5.48 5.42 4.57 5.44
3 16 5.38 4.52 5.51 5.42 4.57 5.44 5.43 4.59 5.47
3 16 5.43 4.59 5.47 5.42 4.57 5.44 5.51 4.67 5.3
3 16 5.43 4.59 5.47 5.51 4.67 5.3 5.52 4.68 5.33
3 16 5.52 4.68 5.33 5.51 4.67 5.3 5.59 4.75 5.16
3 16 5.52 4.68 5.33 5.59 4.75 5.16 5.6 4.77 5.19
3 16 5.6 4.77 5.19 5.59 4.75 5.16 5.67 4.83 5.02
3 16 5.6 4.77 5.19 5.67 4.83 5.02 5.69 4.84 5.05
3 16 5.69 4.84 5.05 5.67 4.83 5.02 5.75 4.89 4.88
3 16 5.69 4.84 5.05 5.75 4.89 4.88 5.77 4.9 4.91
3 16 5.77 4.9 4.91 5.75 4.89 4.88 5.83 4.95 4.74
3 16 5.77 4.9 4.91 5.83 4.95 4.74 5.85 4.96 4.77
3 16 5.85 4.96 4.77 5.83 4.95 4.74 5.91 4.99 4.6
3 16 5.85 4.96 4.77 5.91 4.99 4.6 5.94 5 4.63
3 16 5.94 5 4.63 5.91 4.99 4.6 5.98 5.02 4.46
3 16 5.08 4.21 5.94 5.13 4.27 5.88 5.13 4.28 5.89
3 16 5.13 4.28 5.89 5.13 4.27 5.88 5.19 4.32 5.81
3 16 5.13 4.28 5.89 5.19 4.32 5.81 5.24 4.39 5.76
3 16 5.24 4.39 5.76 5.19 4.32 5.81 5.24 4.38 5.74
3 16 5.24 4.39 5.76 5.24 4.38 5.74 5.34 4.49 5.6
3 16 5.34 4.49 5.6 5.24 4.38 5.74 5.29 4.42 5.65
3 16 5.34 4.49 5.6 5.29 4.42 5.65 5.33 4.47 5.58
3 16 5.33 4.47 5.58 5.29 4.42 5.65 5.28 4.41 5.63
3 16 5.33 4.47 5.58 5.28 4.41 5.63 5.33 4.46 5.56
3 16 4.77 3.9 6.25 4.83 3.97 6.21 4.76 3.91 6.27
3 16 4.76 3.91 6.27 4.83 3.97 6.21 4.75 3.92 6.27
3 16 4.76 3.91 6.27 4.75 3.92 6.27 4.69 3.85 6.32
3 16 4.88 4.05 6.17 4.89 4.04 6.15 4.95 4.1 6.09
3 16 5.13 4.29 5.91 5.12 4.3 5.92 5.07 4.23 5.97
3 16 5.07 4.23 5.97 5.12 4.3 5.92 5.06 4.25 6
3 16 5.07 4.23 5.97 5.06 4.25 6 5.01 4.17 6.03
3 16 4.95 4.1 6.09 5 4.18 6.05 4.88 4.05 6.17
3 16 4.88 4.05 6.17 5 4.18 6.05 4.87 4.06 6.18
3 16 4.88 4.05 6.17 4.87 4.06 6.18 4.75 3.92 6.28
3 16 4.75 3.92 6.28 4.87 4.06 6.18 4.86 4.07 6.19
3 16 4.75 3.92 6.28 4.86 4.07 6.19 4.74 3.93 6.29
3 16 5.02 4.15 6.01 5.01 4.17 6.03 4.96 4.09 6.07
3 16 4.96 4.09 6.07 5.01 4.17 6.03 4.95 4.1 6.09
3 16 4.96 4.09 6.07 4.95 4.1 6.09 4.9 4.03 6.14
3 16 4.9 4.03 6.14 4.95 4.1 6.09 4.89 4.04 6.15
3 16 4.9 4.03 6.14 4.89 4.04 6.15 4.83 3.97 6.21
3 16 4.83 3.97 6.21 4.89 4.04 6.15 4.88 4.05 6.17
3 16 4.83 3.97 6.21 4.88 4.05 6.17 4.75 3.92 6.27
3 16 4.75 3.92 6.27 4.88 4.05 6.17 4.75 3.92 6.28
3 16 4.75 3.92 6.27 4.75 3.92 6.28 4.69 3.85 6.32
3 16 4.69 3.85 6.32 4.75 3.92 6.28 4.62 3.78 6.37
3 16 5.81 4.94 4.97 5.74 4.9 5.14 5.72 4.88 5.11
3 16 5.72 4.88 5.11 5.74 4.9 5.14 5.64 4.82 5.28
3 16 5.72 4.88 5.11 5.64 4.82 5.28 5.63 4.8 5.25
3 16 5.63 4.8 5.25 5.64 4.82 5.28 5.54 4.73 5.41
3 16 5.63 4.8 5.25 5.54 4.73 5.41 5.53 4.71 5.38
3 16 5.53 4.71 5.38 5.54 4.73 5.41 5.44 4.64 5.54
3 16 5.53 4.71 5.38 5.44 4.64 5.54 5.44 4.62 5.52
3 16 5.44 4.62 5.52 5.44 4.64 5.54 5.34 4.53 5.67
3 16 5.44 4.62 5.52 5.34 4.53 5.67 5.34 4.52 5.65
3 16 5.34 4.52 5.65 5.34 4.53 5.67 5.23 4.42 5.8
3 16 5.1 4.33 5.97 5.12 4.31 5.94 5.22 4.45 5.84
3 16 5.22 4.45 5.84 5.12 4.31 5.94 5.23 4.43 5.82
3 16 5.22 4.45 5.84 5.23 4.43 5.82 5.33 4.55 5.69
3 16 5.54 4.75 5.44 5.55 4.78 5.46 5.44 4.66 5.57
3 16 5.44 4.66 5.57 5.55 4.78 5.46 5.44 4.68 5.59
3 16 5.44 4.66 5.57 5.44 4.68 5.59 5.33 4.55 5.69
3 16 5.33 4.55 5.69 5.44 4.68 5.59 5.33 4.56 5.72
3 16 5.33 4.55 5.69 5.33 4.56 5.72 5.22 4.45 5.84
3 16 5.22 4.45 5.84 5.33 4.56 5.72 5.21 4.46 5.85
3 16 5.22 4.45 5.84 5.21 4.46 5.85 5.1 4.33 5.97
3 16 5.1 4.33 5.97 5.21 4.46 5.85 5.2 4.49 5.89
3 16 5.07 4.38 6.02 5.18 4.52 5.92 5.05 4.41 6.04
3 16 5.07 4.38 6.02 5.05 4.41 6.04 4.83 4.1 6.21
3 16 5.12 4.31 5.94 5.23 4.42 5.8 5.23 4.43 5.82
3 16 5.23 4.43 5.82 5.23 4.42 5.8 5.34 4.53 5.67
3 16 5.23 4.43 5.82 5.34 4.53 5.67 5.33 4.55 5.69
3 16 5.33 4.55 5.69 5.34 4.53 5.67 5.44 4.64 5.54
3 16 5.33 4.55 5.69 5.44 4.64 5.54 5.44 4.66 5.57
3 16 5.44 4.66 5.57 5.44 4.64 5.54 5.54 4.73 5.41
3 16 5.44 4.66 5.57 5.54 4.73 5.41 5.54 4.75 5.44
3 16 5.54 4.75 5.44 5.54 4.73 5.41 5.64 4.82 5.28
3 16 5.54 4.75 5.44 5.64 4.82 5.28 5.65 4.84 5.31
3 16 5.65 4.84 5.31 5.64 4.82 5.28 5.74 4.9 5.14
3 16 5.16 4.62 5.95 4.96 4.33 6.12 5.05 4.41 6.04
3 16 5.05 4.41 6.04 4.96 4.33 6.12 4.82 4.11 6.22
3 16 5.05 4.41 6.04 4.82 4.11 6.22 4.83 4.1 6.21
3 16 4.83 4.1 6.21 4.82 4.11 6.22 4.74 3.93 6.29
3 16 4.83 4.1 6.21 4.74 3.93 6.29 4.85 4.09 6.2
3 16 4.85 4.09 6.2 4.74 3.93 6.29 4.86 4.07 6.19
3 16 4.85 4.09 6.2 4.86 4.07 6.19 4.97 4.22 6.09
3 16 4.97 4.22 6.09 4.86 4.07 6.19 4.87 4.06 6.18
3 16 4.97 4.22 6.09 4.87 4.06 6.18 4.99 4.2 6.08
3 16 4.99 4.2 6.08 4.87 4.06 6.18 5 4.18 6.05
3 16 4.99 4.2 6.08 5 4.18 6.05 5.1 4.33 5.97
3 16 5.1 4.33 5.97 5 4.18 6.05 5.06 4.25 6
3 16 5.1 4.33 5.97 5.06 4.25 6 5.12 4.31 5.94
3 16 5.12 4.31 5.94 5.06 4.25 6 5.12 4.3 5.92
3 16 5.12 4.31 5.94 5.12 4.3 5.92 5.23 4.42 5.8
3 16 5.23 4.42 5.8 5.12 4.3 5.92 5.23 4.4 5.78
3 16 5.23 4.42 5.8 5.23 4.4 5.78 5.34 4.52 5.65
3 16 5.01 4.11 6.02 5.03 4.13 5.99 5.02 4.15 6.01
3 16 5.02 4.15 6.01 5.03 4.13 5.99 5.08 4.21 5.94
3 16 5.02 4.15 6.01 5.08 4.21 5.94 5.07 4.23 5.97
3 16 5.07 4.23 5.97 5.08 4.21 5.94 5.13 4.28 5.89
3 16 5.07 4.23 5.97 5.13 4.28 5.89 5.13 4.29 5.91
3 16 5.13 4.29 5.91 5.13 4.28 5.89 5.24 4.39 5.76
3 16 5.13 4.29 5.91 5.24 4.39 5.76 5.23 4.4 5.78
3 16 5.23 4.4 5.78 5.24 4.39 5.76 5.34 4.5 5.63
3 16 5.23 4.4 5.78 5.34 4.5 5.63 5.34 4.52 5.65
3 16 5.34 4.52 5.65 5.34 4.5 5.63 5.43 4.6 5.49
3 16 5.34 4.52 5.65 5.43 4.6 5.49 5.44 4.62 5.52
3 16 5.44 4.62 5.52 5.43 4.6 5.49 5.53 4.7 5.36
3 16 5.44 4.62 5.52 5.53 4.7 5.36 5.53 4.71 5.38
3 16 5.53 4.71 5.38 5.53 4.7 5.36 5.62 4.78 5.22
3 16 5.53 4.71 5.38 5.62 4.78 5.22 5.63 4.8 5.25
3 16 5.63 4.8 5.25 5.62 4.78 5.22 5.71 4.86 5.08
3 16 5.63 4.8 5.25 5.71 4.86 5.08 5.72 4.88 5.11
3 16 5.72 4.88 5.11 5.71 4.86 5.08 5.79 4.92 4.94
3 16 5.72 4.88 5.11 5.79 4.92 4.94 5.81 4.94 4.97
3 16 5.81 4.94 4.97 5.79 4.92 4.94 5.88 4.97 4.8
3 16 6.36 5.15 4.32 6.39 5.19 4.35 6.26 5.15 4.48
3 16 6.26 5.15 4.48 6.39 5.19 4.35 6.29 5.19 4.5
3 16 6.26 5.15 4.48 6.29 5.19 4.5 6.17 5.14 4.63
3 16 6.17 5.14 4.63 6.29 5.19 4.5 6.19 5.17 4.65
3 16 6.17 5.14 4.63 6.19 5.17 4.65 6.07 5.11 4.77
3 16 6.07 5.11 4.77 6.19 5.17 4.65 6.09 5.14 4.8
3 16 6.07 5.11 4.77 6.09 5.14 4.8 5.97 5.07 4.92
3 16 5.97 5.07 4.92 6.09 5.14 4.8 5.98 5.1 4.95
3 16 5.97 5.07 4.92 5.98 5.1 4.95 5.86 5.01 5.06
3 16 5.86 5.01 5.06 5.98 5.1 4.95 5.87 5.04 5.09
3 16 5.86 5.01 5.06 5.87 5.04 5.09 5.76 4.95 5.2
3 16 5.76 4.95 5.2 5.87 5.04 5.09 5.76 4.97 5.23
3 16 5.76 4.95 5.2 5.76 4.97 5.23 5.66 4.89 5.36
3 16 5.66 4.89 5.36 5.76 4.97 5.23 5.77 5 5.26
3 16 5.66 4.89 5.36 5.77 5 5.26 5.66 4.92 5.39
3 16 5.66 4.92 5.39 5.77 5 5.26 5.77 5.03 5.28
3 16 5.66 4.92 5.39 5.77 5.03 5.28 5.54 4.85 5.54
3 16 5.54 4.85 5.54 5.77 5.03 5.28 5.53 4.87 5.56
3 16 5.54 4.85 5.54 5.53 4.87 5.56 5.43 4.74 5.66
3 16 5.43 4.74 5.66 5.41 4.78 5.7 5.31 4.62 5.78
3 16 6.02 5.03 4.29 6.06 5.04 4.32 5.98 5.02 4.46
3 16 5.98 5.02 4.46 6.06 5.04 4.32 6.02 5.03 4.49
3 16 5.98 5.02 4.46 6.02 5.03 4.49 5.94 5 4.63
3 16 5.94 5 4.63 6.02 5.03 4.49 5.97 5.01 4.66
3 16 5.94 5 4.63 5.97 5.01 4.66 5.88 4.97 4.8
3 16 5.88 4.97 4.8 5.97 5.01 4.66 5.9 4.99 4.83
3 16 5.88 4.97 4.8 5.9 4.99 4.83 5.81 4.94 4.97
3 16 5.81 4.94 4.97 5.9 4.99 4.83 5.83 4.96 5
3 16 5.81 4.94 4.97 5.83 4.96 5 5.74 4.9 5.14
3 16 5.74 4.9 5.14 5.83 4.96 5 5.75 4.92 5.17
3 16 5.74 4.9 5.14 5.75 4.92 5.17 5.65 4.84 5.31
3 16 5.65 4.84 5.31 5.75 4.92 5.17 5.65 4.87 5.33
3 16 5.65 4.84 5.31 5.65 4.87 5.33 5.55 4.78 5.46
3 16 5.55 4.78 5.46 5.65 4.87 5.33 5.55 4.8 5.49
3 16 5.55 4.78 5.46 5.55 4.8 5.49 5.44 4.68 5.59
3 16 5.44 4.68 5.59 5.55 4.8 5.49 5.44 4.7 5.62
3 16 5.44 4.68 5.59 5.44 4.7 5.62 5.33 4.56 5.72
3 16 5.33 4.56 5.72 5.44 4.7 5.62 5.33 4.58 5.74
3 16 5.33 4.56 5.72 5.33 4.58 5.74 5.21 4.46 5.85
3 16 5.21 4.46 5.85 5.33 4.58 5.74 5.32 4.6 5.76
3 16 5.21 4.46 5.85 5.32 4.6 5.76 5.2 4.49 5.89
3 16 5.2 4.49 5.89 5.32 4.6 5.76 5.31 4.62 5.78
4 16 5.2 4.49 5.89 5.31 4.62 5.78 5.41 4.78 5.7 5.29 4.66 5.81
3 16 5.29 4.66 5.81 5.41 4.78 5.7 5.39 4.83 5.74
4 16 5.39 4.83 5.74 5.41 4.78 5.7 5.52 4.93 5.6 5.51 4.95 5.62
3 16 5.51 4.95 5.62 5.52 4.93 5.6 5.76 5.13 5.35
3 16 5.51 4.95 5.62 5.76 5.13 5.35 5.75 5.16 5.37
3 16 5.75 5.16 5.37 5.76 5.13 5.35 6.01 5.28 5.06
3 16 5.75 5.16 5.37 6.01 5.28 5.06 6.01 5.32 5.08
3 16 6.01 5.32 5.08 6.01 5.28 5.06 6.26 5.38 4.75
3 16 6.01 5.32 5.08 6.26 5.38 4.75 6.26 5.42 4.76
3 16 6.26 5.42 4.76 6.26 5.38 4.75 6.5 5.41 4.42
3 16 6.26 5.42 4.76 6.5 5.41 4.42 6.5 5.45 4.42
3 16 4.29 0.38 3.9 4.24 0.72 3.94 17.13 0.68 4.16
3 16 3.49 4.03 7.06 2.99 4.08 7.28 17.13 3.84 7.32
3 16 17.13 3.84 7.32 2.99 4.08 7.28 17.13 3.9 8
3 16 2.99 4.08 7.28 2.94 4.09 7.3 17.13 3.9 8
3 16 17.13 3.9 8 2.94 4.09 7.3 2.38 4.12 7.51
3 16 17.13 3.9 8 2.38 4.12 7.51 1.85 4.15 7.65
3 16 4.84 3.68 6.17 4.77 3.72 6.25 17.13 3.66 6.67
3 16 17.13 3.66 6.67 4.77 3.72 6.25 4.62 3.78 6.37
3 16 4.62 3.78 6.37 4.53 3.81 6.44 17.13 3.66 6.67
3 16 17.13 3.66 6.67 4.53 3.81 6.44 4.3 3.87 6.6
3 16 17.13 3.66 6.67 4.3 3.87 6.6 17.13 3.84 7.32
3 16 17.13 3.84 7.32 4.3 3.87 6.6 4.03 3.94 6.77
3 16 17.13 3.84 7.32 4.03 3.94 6.77 3.49 4.03 7.06
3 16 5.09 3.41 5.71 5.02 3.53 5.9 17.13 3.37 6.05
3 16 17.13 3.37 6.05 5.02 3.53 5.9 4.99 3.56 5.95
3 16 17.13 3.37 6.05 4.99 3.56 5.95 17.13 3.66 6.67
3 16 17.13 3.66 6.67 4.99 3.56 5.95 4.91 3.64 6.09
3 16 17.13 3.66 6.67 4.91 3.64 6.09 4.84 3.68 6.17
3 16 17.13 2.5 5.02 5.04 2.64 4.85 5.05 2.66 4.87
3 16 5.05 2.66 4.87 5.11 2.88 5.08 17.13 2.5 5.02
3 16 17.13 2.5 5.02 5.11 2.88 5.08 5.14 3.08 5.29
3 16 17.13 2.5 5.02 5.14 3.08 5.29 17.13 2.98 5.5
3 16 17.13 2.98 5.5 5.14 3.08 5.29 5.14 3.15 5.36
3 16 17.13 2.98 5.5 5.14 3.15 5.36 17.13 3.37 6.05
3 16 17.13 3.37 6.05 5.14 3.15 5.36 5.13 3.26 5.5
3 16 17.13 3.37 6.05 5.13 3.26 5.5 5.09 3.41 5.71
3 16 5.04 2.64 4.85 17.13 2.5 5.02 4.95 2.43 4.69
3 16 4.95 2.43 4.69 17.13 2.5 5.02 17.13 1.95 4.63
3 16 4.95 2.43 4.69 17.13 1.95 4.63 4.82 2.18 4.52
3 16 4.2 1.44 4.14 4.3 1.51 4.17 17.13 1.33 4.34
3 16 17.13 1.33 4.34 4.3 1.51 4.17 4.4 1.6 4.21
3 16 4.4 1.6 4.21 4.49 1.7 4.25 17.13 1.33 4.34
3 16 17.13 1.33 4.34 4.49 1.7 4.25 4.67 1.94 4.37
3 16 17.13 1.33 4.34 4.67 1.94 4.37 17.13 1.95 4.63
3 16 17.13 1.95 4.63 4.67 1.94 4.37 4.75 2.05 4.44
3 16 17.13 1.95 4.63 4.75 2.05 4.44 4.82 2.18 4.52
3 16 17.13 0.68 4.16 4.24 0.72 3.94 17.13 1.33 4.34
3 16 17.13 1.33 4.34 4.24 0.72 3.94 4.24 0.75 3.95
3 16 17.13 1.33 4.34 4.24 0.75 3.95 4.17 1.06 4.02
3 16 4.08 1.37 4.11 4.09 1.38 4.11 4.17 1.06 4.02
3 16 4.17 1.06 4.02 4.09 1.38 4.11 4.15 1.4 4.12
3 16 4.17 1.06 4.02 4.15 1.4 4.12 17.13 1.33 4.34
3 16 17.13 1.33 4.34 4.15 1.4 4.12 4.16 1.41 4.13
3 16 17.13 1.33 4.34 4.16 1.41 4.13 4.2 1.44 4.14
3 16 4.29 0.38 3.9 17.13 0.68 4.16 4.3 0 3.88
3 16 4.3 0 3.88 17.13 0.68 4.16 17.13 0 4.1
3 16 4.3 0 3.88 17.13 0 4.1 4.29 -0.38 3.9
3 16 4.29 -0.38 3.9 17.13 0 4.1 17.13 -0.68 4.16
3 16 4.29 -0.38 3.9 17.13 -0.68 4.16 4.24 -0.72 3.94
3 16 4.24 -0.72 3.94 17.13 -0.68 4.16 4.24 -0.75 3.95
3 16 4.24 -0.75 3.95 17.13 -0.68 4.16 17.13 -1.33 4.34
3 16 4.24 -0.75 3.95 17.13 -1.33 4.34 4.16 -1.12 4.03
3 16 3.78 -2.07 4.42 3.9 -1.83 4.3 17.13 -1.95 4.63
3 16 17.13 -1.95 4.63 3.9 -1.83 4.3 4.05 -1.47 4.15
3 16 17.13 -1.95 4.63 4.05 -1.47 4.15 17.13 -1.33 4.34
3 16 17.13 -1.33 4.34 4.05 -1.47 4.15 4.07 -1.41 4.12
3 16 17.13 -1.33 4.34 4.07 -1.41 4.12 4.16 -1.12 4.03
3 16 3.78 -2.07 4.42 17.13 -1.95 4.63 3.73 -2.16 4.48
3 16 3.73 -2.16 4.48 17.13 -1.95 4.63 17.13 -2.5 5.02
3 16 3.73 -2.16 4.48 17.13 -2.5 5.02 3.53 -2.48 4.69
3 16 2.94 -3.18 5.34 3.05 -3.06 5.21 17.13 -2.98 5.5
4 16 17.13 -2.98 5.5 3.05 -3.06 5.21 3.31 -2.78 4.93 17.13 -2.5 5.02
3 16 17.13 -2.5 5.02 3.31 -2.78 4.93 3.4 -2.66 4.83
3 16 17.13 -2.5 5.02 3.4 -2.66 4.83 3.53 -2.48 4.69
3 16 2.94 -3.18 5.34 17.13 -2.98 5.5 2.78 -3.32 5.51
3 16 2.78 -3.32 5.51 17.13 -2.98 5.5 17.13 -3.37 6.05
3 16 2.78 -3.32 5.51 17.13 -3.37 6.05 2.48 -3.56 5.86
3 16 17.13 -3.66 6.67 2.17 -3.76 6.23 17.13 -3.37 6.05
3 16 17.13 -3.37 6.05 2.17 -3.76 6.23 2.42 -3.6 5.92
3 16 17.13 -3.37 6.05 2.42 -3.6 5.92 2.48 -3.56 5.86
3 16 1.47 -4.11 7.28 1.49 -4.1 7.23 17.13 -3.84 7.32
3 16 17.13 -3.84 7.32 1.49 -4.1 7.23 1.64 -4.03 6.96
3 16 17.13 -3.84 7.32 1.64 -4.03 6.96 17.13 -3.66 6.67
3 16 17.13 -3.66 6.67 1.64 -4.03 6.96 1.9 -3.91 6.58
3 16 17.13 -3.66 6.67 1.9 -3.91 6.58 2.17 -3.76 6.23
3 16 1.47 -4.11 7.28 17.13 -3.84 7.32 1.4 -4.13 7.43
3 16 1.4 -4.13 7.43 17.13 -3.84 7.32 17.13 -3.9 8
3 16 1.4 -4.13 7.43 17.13 -3.9 8 1.34 -4.16 7.65
3 16 1.32 4.17 7.76 1.31 4.17 7.96 1.85 4.15 7.65
3 16 1.85 4.15 7.65 1.31 4.17 7.96 1.31 4.17 8
3 16 1.85 4.15 7.65 1.31 4.17 8 17.13 3.9 8
4 16 17.13 3.84 8.68 0 4.13 8.73 0 3.94 9.43 17.13 3.66 9.33
4 16 17.13 3.66 9.33 0 3.94 9.43 0 3.63 10.1 17.13 3.37 9.95
4 16 17.13 3.37 9.95 0 3.63 10.1 0 3.21 10.7 17.13 2.98 10.5
4 16 17.13 2.98 10.5 0 3.21 10.7 0 2.7 11.21 17.13 2.5 10.98
4 16 17.13 2.5 10.98 0 2.7 11.21 0 2.1 11.63 17.13 1.95 11.37
4 16 17.13 1.95 11.37 0 2.1 11.63 0 1.43 11.94 17.13 1.33 11.66
4 16 17.13 1.33 11.66 0 1.43 11.94 0 0.73 12.13 17.13 0.68 11.84
4 16 17.13 0.68 11.84 0 0.73 12.13 0 0 12.2 17.13 0 11.9
4 16 17.13 0 11.9 0 0 12.2 0 -0.73 12.13 17.13 -0.68 11.84
4 16 17.13 -0.68 11.84 0 -0.73 12.13 0 -1.43 11.94 17.13 -1.33 11.66
4 16 17.13 -1.33 11.66 0 -1.43 11.94 0 -2.1 11.63 17.13 -1.95 11.37
4 16 17.13 -1.95 11.37 0 -2.1 11.63 0 -2.7 11.21 17.13 -2.5 10.98
4 16 17.13 -2.5 10.98 0 -2.7 11.21 0 -3.21 10.7 17.13 -2.98 10.5
4 16 17.13 -2.98 10.5 0 -3.21 10.7 0 -3.63 10.1 17.13 -3.37 9.95
4 16 17.13 -3.37 9.95 0 -3.63 10.1 0 -3.94 9.43 17.13 -3.66 9.33
4 16 17.13 -3.66 9.33 0 -3.94 9.43 0 -4.13 8.73 17.13 -3.84 8.68
3 16 17.13 -3.9 8 1.31 -4.17 8 1.31 -4.17 7.8
3 16 17.13 -3.9 8 1.31 -4.17 7.8 1.34 -4.16 7.65
3 16 -1.2 4.2 7.78 -1.32 4.17 7.76 -1.31 4.17 7.8
3 16 -1.31 4.17 7.8 -1.31 4.17 8 -1.2 4.2 7.78
3 16 -1.2 4.2 7.78 -1.31 4.17 8 -0.68 4.32 8
3 16 -1.2 4.2 7.78 -0.68 4.32 8 -0.68 4.32 7.84
3 16 -0.68 4.32 7.84 -0.68 4.32 8 -0.34 4.36 7.87
3 16 -0.34 4.36 7.87 -0.68 4.32 8 0 4.37 7.87
3 16 0 4.37 7.87 -0.68 4.32 8 0 4.37 8
3 16 0 4.37 7.87 0 4.37 8 0.34 4.36 7.87
3 16 0.34 4.36 7.87 0 4.37 8 0.68 4.32 8
3 16 0.34 4.36 7.87 0.68 4.32 8 0.68 4.32 7.84
3 16 0.68 4.32 8 1.31 4.17 8 1.31 4.17 7.96
3 16 0.68 4.32 7.84 0.68 4.32 8 1.2 4.2 7.78
3 16 1.2 4.2 7.78 0.68 4.32 8 1.31 4.17 7.96
3 16 1.2 4.2 7.78 1.31 4.17 7.96 1.32 4.17 7.76
3 16 -4.29 -0.37 3.9 -4.24 -0.72 3.94 -17.13 -0.68 4.16
3 16 -4.16 -1.12 4.03 -4.07 -1.41 4.12 -17.13 -1.33 4.34
3 16 -3.9 -1.83 4.3 -3.78 -2.07 4.42 -17.13 -1.95 4.63
3 16 -2.48 -3.56 5.86 -2.42 -3.6 5.92 -17.13 -3.37 6.05
3 16 -17.13 -3.9 8 -1.35 -4.15 7.6 -1.31 -4.17 7.8
3 16 -1.64 -4.03 6.96 -1.49 -4.1 7.23 -17.13 -3.84 7.32
3 16 -17.13 -3.84 7.32 -1.49 -4.1 7.23 -1.47 -4.11 7.28
3 16 -17.13 -3.84 7.32 -1.47 -4.11 7.28 -17.13 -3.9 8
3 16 -17.13 -3.9 8 -1.47 -4.11 7.28 -1.41 -4.13 7.41
3 16 -17.13 -3.9 8 -1.41 -4.13 7.41 -1.35 -4.15 7.6
3 16 -17.13 -3.37 6.05 -2.42 -3.6 5.92 -17.13 -3.66 6.67
3 16 -2.42 -3.6 5.92 -2.17 -3.76 6.23 -17.13 -3.66 6.67
3 16 -17.13 -3.66 6.67 -2.17 -3.76 6.23 -1.9 -3.91 6.57
3 16 -17.13 -3.66 6.67 -1.9 -3.91 6.57 -17.13 -3.84 7.32
3 16 -17.13 -3.84 7.32 -1.9 -3.91 6.57 -1.81 -3.96 6.7
3 16 -17.13 -3.84 7.32 -1.81 -3.96 6.7 -1.64 -4.03 6.96
3 16 -3.31 -2.78 4.93 -17.13 -2.98 5.5 -3.4 -2.66 4.83
3 16 -3.4 -2.66 4.83 -17.13 -2.98 5.5 -17.13 -2.5 5.02
3 16 -3.4 -2.66 4.83 -17.13 -2.5 5.02 -3.53 -2.48 4.69
3 16 -3.31 -2.78 4.93 -3.05 -3.06 5.21 -17.13 -2.98 5.5
3 16 -17.13 -2.98 5.5 -3.05 -3.06 5.21 -2.94 -3.18 5.34
3 16 -17.13 -2.98 5.5 -2.94 -3.18 5.34 -17.13 -3.37 6.05
3 16 -17.13 -3.37 6.05 -2.94 -3.18 5.34 -2.78 -3.32 5.51
3 16 -17.13 -3.37 6.05 -2.78 -3.32 5.51 -2.48 -3.56 5.86
3 16 -17.13 -1.95 4.63 -3.78 -2.07 4.42 -17.13 -2.5 5.02
3 16 -17.13 -2.5 5.02 -3.78 -2.07 4.42 -3.73 -2.16 4.48
3 16 -17.13 -2.5 5.02 -3.73 -2.16 4.48 -3.53 -2.48 4.69
3 16 -17.13 -1.33 4.34 -4.07 -1.41 4.12 -17.13 -1.95 4.63
3 16 -17.13 -1.95 4.63 -4.07 -1.41 4.12 -4.05 -1.47 4.15
3 16 -17.13 -1.95 4.63 -4.05 -1.47 4.15 -3.9 -1.83 4.3
3 16 -17.13 -0.68 4.16 -4.24 -0.72 3.94 -17.13 -1.33 4.34
3 16 -17.13 -1.33 4.34 -4.24 -0.72 3.94 -4.24 -0.75 3.95
3 16 -17.13 -1.33 4.34 -4.24 -0.75 3.95 -4.16 -1.12 4.03
3 16 -4.29 -0.37 3.9 -17.13 -0.68 4.16 -4.3 0 3.88
3 16 -4.3 0 3.88 -17.13 -0.68 4.16 -17.13 0 4.1
3 16 -4.3 0 3.88 -17.13 0 4.1 -4.29 0.38 3.9
3 16 -4.29 0.38 3.9 -17.13 0 4.1 -17.13 0.68 4.16
3 16 -4.29 0.38 3.9 -17.13 0.68 4.16 -4.24 0.72 3.94
3 16 -4.09 1.38 4.11 -4.08 1.37 4.11 -4.17 1.06 4.02
3 16 -4.24 0.72 3.94 -17.13 0.68 4.16 -4.24 0.75 3.95
3 16 -4.24 0.75 3.95 -17.13 0.68 4.16 -17.13 1.33 4.34
3 16 -4.24 0.75 3.95 -17.13 1.33 4.34 -4.17 1.06 4.02
3 16 -4.67 1.94 4.37 -17.13 1.33 4.34 -4.75 2.05 4.44
3 16 -4.75 2.05 4.44 -17.13 1.33 4.34 -17.13 1.95 4.63
3 16 -4.75 2.05 4.44 -17.13 1.95 4.63 -4.82 2.18 4.52
3 16 -4.67 1.94 4.37 -4.49 1.7 4.25 -17.13 1.33 4.34
3 16 -17.13 1.33 4.34 -4.49 1.7 4.25 -4.4 1.6 4.21
3 16 -17.13 1.33 4.34 -4.4 1.6 4.21 -4.3 1.51 4.17
3 16 -4.3 1.51 4.17 -4.2 1.44 4.14 -17.13 1.33 4.34
3 16 -17.13 1.33 4.34 -4.2 1.44 4.14 -4.16 1.41 4.13
3 16 -17.13 1.33 4.34 -4.16 1.41 4.13 -4.17 1.06 4.02
3 16 -4.17 1.06 4.02 -4.16 1.41 4.13 -4.15 1.4 4.12
3 16 -4.17 1.06 4.02 -4.15 1.4 4.12 -4.09 1.38 4.11
3 16 -5.11 2.88 5.08 -5.05 2.66 4.87 -17.13 2.5 5.02
3 16 -17.13 2.5 5.02 -5.05 2.66 4.87 -5.04 2.64 4.85
3 16 -17.13 2.5 5.02 -5.04 2.64 4.85 -17.13 1.95 4.63
3 16 -17.13 1.95 4.63 -5.04 2.64 4.85 -4.95 2.43 4.69
3 16 -17.13 1.95 4.63 -4.95 2.43 4.69 -4.82 2.18 4.52
3 16 -5.02 3.53 5.9 -5.09 3.41 5.71 -17.13 3.37 6.05
3 16 -17.13 3.37 6.05 -5.09 3.41 5.71 -5.13 3.26 5.5
3 16 -17.13 3.37 6.05 -5.13 3.26 5.5 -17.13 2.98 5.5
3 16 -17.13 2.98 5.5 -5.13 3.26 5.5 -5.14 3.15 5.36
3 16 -17.13 2.98 5.5 -5.14 3.15 5.36 -17.13 2.5 5.02
3 16 -17.13 2.5 5.02 -5.14 3.15 5.36 -5.14 3.08 5.29
3 16 -17.13 2.5 5.02 -5.14 3.08 5.29 -5.11 2.88 5.08
3 16 -4.62 3.78 6.37 -4.77 3.72 6.25 -17.13 3.66 6.67
3 16 -4.62 3.78 6.37 -17.13 3.66 6.67 -4.53 3.81 6.44
3 16 -4.77 3.72 6.25 -4.84 3.68 6.17 -17.13 3.66 6.67
3 16 -17.13 3.66 6.67 -4.84 3.68 6.17 -4.91 3.64 6.09
3 16 -17.13 3.66 6.67 -4.91 3.64 6.09 -17.13 3.37 6.05
3 16 -17.13 3.37 6.05 -4.91 3.64 6.09 -4.99 3.56 5.95
3 16 -17.13 3.37 6.05 -4.99 3.56 5.95 -5.02 3.53 5.9
3 16 -2.99 4.08 7.28 -3.35 4.04 7.12 -17.13 3.84 7.32
3 16 -17.13 3.84 7.32 -3.35 4.04 7.12 -3.49 4.03 7.06
3 16 -3.49 4.03 7.06 -3.8 3.98 6.89 -17.13 3.84 7.32
3 16 -17.13 3.84 7.32 -3.8 3.98 6.89 -4.23 3.89 6.64
3 16 -17.13 3.84 7.32 -4.23 3.89 6.64 -17.13 3.66 6.67
3 16 -17.13 3.66 6.67 -4.23 3.89 6.64 -4.31 3.87 6.59
3 16 -17.13 3.66 6.67 -4.31 3.87 6.59 -4.53 3.81 6.44
3 16 -2.33 4.13 7.52 -1.31 4.17 8 -1.81 4.15 7.66
3 16 -1.81 4.15 7.66 -1.31 4.17 8 -1.31 4.17 7.8
3 16 -1.81 4.15 7.66 -1.31 4.17 7.8 -1.32 4.17 7.76
3 16 -2.99 4.08 7.28 -17.13 3.84 7.32 -2.84 4.09 7.34
3 16 -2.84 4.09 7.34 -17.13 3.84 7.32 -17.13 3.9 8
3 16 -2.84 4.09 7.34 -17.13 3.9 8 -2.38 4.12 7.51
3 16 -1.31 -4.17 7.8 -1.31 -4.17 8 -17.13 -3.9 8
4 16 -17.13 -3.84 8.68 0 -4.13 8.73 0 -3.94 9.43 -17.13 -3.66 9.33
4 16 -17.13 -3.66 9.33 0 -3.94 9.43 0 -3.63 10.1 -17.13 -3.37 9.95
4 16 -17.13 -3.37 9.95 0 -3.63 10.1 0 -3.21 10.7 -17.13 -2.98 10.5
4 16 -17.13 -2.98 10.5 0 -3.21 10.7 0 -2.7 11.21 -17.13 -2.5 10.98
4 16 -17.13 -2.5 10.98 0 -2.7 11.21 0 -2.1 11.63 -17.13 -1.95 11.37
4 16 -17.13 -1.95 11.37 0 -2.1 11.63 0 -1.43 11.94 -17.13 -1.33 11.66
4 16 -17.13 -1.33 11.66 0 -1.43 11.94 0 -0.73 12.13 -17.13 -0.68 11.84
4 16 -17.13 -0.68 11.84 0 -0.73 12.13 0 0 12.2 -17.13 0 11.9
4 16 -17.13 0 11.9 0 0 12.2 0 0.73 12.13 -17.13 0.68 11.84
4 16 -17.13 0.68 11.84 0 0.73 12.13 0 1.43 11.94 -17.13 1.33 11.66
4 16 -17.13 1.33 11.66 0 1.43 11.94 0 2.1 11.63 -17.13 1.95 11.37
4 16 -17.13 1.95 11.37 0 2.1 11.63 0 2.7 11.21 -17.13 2.5 10.98
4 16 -17.13 2.5 10.98 0 2.7 11.21 0 3.21 10.7 -17.13 2.98 10.5
4 16 -17.13 2.98 10.5 0 3.21 10.7 0 3.63 10.1 -17.13 3.37 9.95
4 16 -17.13 3.37 9.95 0 3.63 10.1 0 3.94 9.43 -17.13 3.66 9.33
4 16 -17.13 3.66 9.33 0 3.94 9.43 0 4.13 8.73 -17.13 3.84 8.68
3 16 -17.13 3.9 8 -1.31 4.17 8 -2.33 4.13 7.52
3 16 -17.13 3.9 8 -2.33 4.13 7.52 -2.38 4.12 7.51
3 16 -5.1 4.34 5.97 -5.1 4.35 5.98 -5.22 4.46 5.85
3 16 -5.87 5.04 5.09 -5.77 4.97 5.23 -5.77 5 5.25
3 16 -5.58 4.74 5.12 -5.57 4.74 5.13 -5.59 4.75 5.16
3 16 -5.51 4.67 5.3 -5.52 4.68 5.33 -5.6 4.77 5.19
3 16 -6.23 5.12 4.45 -6.32 5.12 4.3 -6.29 5.1 4.28
3 16 -6.29 5.19 4.5 -6.39 5.19 4.35 -6.36 5.15 4.32
3 16 -5.64 4.82 5.28 -5.54 4.73 5.41 -5.54 4.76 5.44
3 16 -5.29 4.42 5.65 -5.24 4.37 5.72 -5.24 4.38 5.74
3 16 -4.77 3.9 6.26 -4.7 3.84 6.32 -4.69 3.85 6.32
3 16 -4.83 3.98 6.21 -4.76 3.91 6.27 -4.75 3.92 6.27
3 16 -4.88 4.05 6.17 -4.87 4.06 6.18 -4.99 4.2 6.07
3 16 -4.74 3.93 6.29 -4.62 3.78 6.37 -4.83 4.1 6.21
3 16 -5.13 4.58 5.98 -5.33 4.84 5.79 -5.27 4.7 5.84
3 16 -6.51 5.54 4.43 -6.51 5.5 4.43 -6.33 5.52 4.69
3 16 -6.33 5.52 4.69 -6.51 5.5 4.43 -6.26 5.46 4.77
3 16 -6.33 5.52 4.69 -6.26 5.46 4.77 -6.26 5.51 4.77
3 16 -6.26 5.51 4.77 -6.26 5.46 4.77 -6.13 5.46 4.94
3 16 -6.13 5.46 4.94 -6.26 5.46 4.77 -6 5.36 5.09
3 16 -6.13 5.46 4.94 -6 5.36 5.09 -6 5.4 5.1
3 16 -5.75 5.2 5.38 -5.73 5.22 5.4 -6 5.36 5.09
3 16 -6 5.36 5.09 -5.73 5.22 5.4 -5.93 5.36 5.18
3 16 -6 5.36 5.09 -5.93 5.36 5.18 -6 5.4 5.1
4 16 -5.27 4.7 5.84 -5.33 4.84 5.79 -5.46 4.98 5.68 -5.51 4.95 5.62
3 16 -5.51 4.95 5.62 -5.46 4.98 5.68 -5.52 5.04 5.61
3 16 -4.69 3.85 6.32 -4.62 3.78 6.37 -4.75 3.92 6.28
3 16 -4.7 3.84 6.32 -4.66 3.81 6.35 -4.69 3.85 6.32
3 16 -4.69 3.85 6.32 -4.66 3.81 6.35 -4.62 3.78 6.37
3 16 -4.77 3.9 6.25 -4.76 3.91 6.27 -4.82 3.94 6.21
3 16 -4.82 3.94 6.21 -4.76 3.91 6.27 -4.83 3.98 6.21
3 16 -4.82 3.94 6.21 -4.83 3.98 6.21 -4.84 3.96 6.19
3 16 -5.02 4.15 6.01 -5.01 4.17 6.03 -5.08 4.21 5.94
3 16 -5.08 4.21 5.94 -5.01 4.17 6.03 -5.07 4.23 5.97
3 16 -5.01 4.11 6.01 -4.98 4.08 6.05 -4.96 4.09 6.07
3 16 -4.96 4.09 6.07 -4.98 4.08 6.05 -4.97 4.08 6.05
3 16 -4.96 4.09 6.07 -4.97 4.08 6.05 -4.95 4.06 6.08
3 16 -4.95 4.06 6.08 -4.91 4.02 6.12 -4.9 4.03 6.14
3 16 -4.9 4.03 6.14 -4.91 4.02 6.12 -4.84 3.96 6.19
3 16 -4.9 4.03 6.14 -4.84 3.96 6.19 -4.89 4.04 6.15
3 16 -4.89 4.04 6.15 -4.84 3.96 6.19 -4.83 3.98 6.21
3 16 -4.89 4.04 6.15 -4.83 3.98 6.21 -4.88 4.05 6.17
3 16 -4.88 4.05 6.17 -4.83 3.98 6.21 -4.75 3.92 6.27
3 16 -4.88 4.05 6.17 -4.75 3.92 6.27 -4.87 4.06 6.18
3 16 -5.01 4.11 6.01 -4.96 4.09 6.07 -5.02 4.15 6.01
3 16 -5.02 4.15 6.01 -4.96 4.09 6.07 -4.95 4.1 6.09
3 16 -5.02 4.15 6.01 -4.95 4.1 6.09 -5.01 4.17 6.03
3 16 -5.01 4.17 6.03 -4.95 4.1 6.09 -5 4.18 6.05
3 16 -5.01 4.17 6.03 -5 4.18 6.05 -5.07 4.23 5.97
3 16 -5.07 4.23 5.97 -5 4.18 6.05 -5.06 4.25 6
3 16 -5.07 4.23 5.97 -5.06 4.25 6 -5.12 4.31 5.94
3 16 -4.95 4.06 6.08 -4.9 4.03 6.14 -4.96 4.09 6.07
3 16 -4.96 4.09 6.07 -4.9 4.03 6.14 -4.89 4.04 6.15
3 16 -4.96 4.09 6.07 -4.89 4.04 6.15 -4.95 4.1 6.09
3 16 -4.95 4.1 6.09 -4.89 4.04 6.15 -4.88 4.05 6.17
3 16 -4.95 4.1 6.09 -4.88 4.05 6.17 -5 4.18 6.05
3 16 -5 4.18 6.05 -4.88 4.05 6.17 -4.99 4.2 6.07
3 16 -5 4.18 6.05 -4.99 4.2 6.07 -5.06 4.25 6
3 16 -5.06 4.25 6 -5.1 4.34 5.97 -5.12 4.31 5.94
3 16 -5.12 4.31 5.94 -5.1 4.34 5.97 -5.22 4.46 5.85
3 16 -5.12 4.31 5.94 -5.22 4.46 5.85 -5.22 4.45 5.83
3 16 -5.12 4.3 5.92 -5.23 4.42 5.8 -5.13 4.29 5.91
3 16 -5.13 4.29 5.91 -5.23 4.42 5.8 -5.24 4.41 5.78
3 16 -5.13 4.29 5.91 -5.24 4.41 5.78 -5.13 4.28 5.89
3 16 -5.13 4.28 5.89 -5.24 4.41 5.78 -5.24 4.39 5.76
3 16 -5.13 4.28 5.89 -5.24 4.39 5.76 -5.19 4.32 5.81
3 16 -5.22 4.45 5.83 -5.23 4.43 5.82 -5.12 4.31 5.94
3 16 -5.12 4.31 5.94 -5.23 4.43 5.82 -5.12 4.3 5.92
3 16 -5.12 4.31 5.94 -5.12 4.3 5.92 -5.07 4.23 5.97
3 16 -5.07 4.23 5.97 -5.12 4.3 5.92 -5.13 4.29 5.91
3 16 -5.07 4.23 5.97 -5.13 4.29 5.91 -5.08 4.21 5.94
3 16 -5.08 4.21 5.94 -5.13 4.29 5.91 -5.13 4.28 5.89
3 16 -5.08 4.21 5.94 -5.13 4.28 5.89 -5.14 4.27 5.87
3 16 -5.14 4.27 5.87 -5.13 4.28 5.89 -5.19 4.32 5.81
3 16 -5.14 4.27 5.87 -5.19 4.32 5.81 -5.19 4.31 5.79
3 16 -5.24 4.39 5.76 -5.24 4.38 5.74 -5.19 4.32 5.81
3 16 -5.19 4.32 5.81 -5.24 4.38 5.74 -5.24 4.37 5.72
3 16 -5.19 4.32 5.81 -5.24 4.37 5.72 -5.19 4.31 5.79
3 16 -5.19 4.31 5.79 -5.24 4.37 5.72 -5.23 4.34 5.72
3 16 -5.19 4.31 5.79 -5.23 4.34 5.72 -5.2 4.31 5.75
3 16 -5.34 4.49 5.6 -5.38 4.53 5.51 -5.33 4.47 5.58
3 16 -5.33 4.47 5.58 -5.38 4.53 5.51 -5.35 4.49 5.52
3 16 -5.42 4.57 5.44 -5.38 4.53 5.51 -5.43 4.59 5.46
3 16 -5.43 4.59 5.46 -5.38 4.53 5.51 -5.34 4.49 5.6
3 16 -5.43 4.59 5.46 -5.34 4.49 5.6 -5.43 4.6 5.49
3 16 -5.43 4.6 5.49 -5.34 4.49 5.6 -5.34 4.5 5.62
3 16 -5.43 4.6 5.49 -5.34 4.5 5.62 -5.44 4.62 5.51
3 16 -5.44 4.62 5.51 -5.34 4.5 5.62 -5.34 4.52 5.65
3 16 -5.44 4.62 5.51 -5.34 4.52 5.65 -5.44 4.64 5.54
3 16 -5.44 4.64 5.54 -5.34 4.52 5.65 -5.34 4.53 5.67
3 16 -5.44 4.64 5.54 -5.34 4.53 5.67 -5.44 4.66 5.57
3 16 -5.44 4.66 5.57 -5.34 4.53 5.67 -5.34 4.55 5.69
3 16 -5.44 4.66 5.57 -5.34 4.55 5.69 -5.44 4.68 5.59
3 16 -5.44 4.68 5.59 -5.34 4.55 5.69 -5.33 4.57 5.71
3 16 -5.44 4.68 5.59 -5.33 4.57 5.71 -5.44 4.7 5.61
3 16 -5.44 4.7 5.61 -5.33 4.57 5.71 -5.33 4.58 5.74
3 16 -5.44 4.7 5.61 -5.33 4.58 5.74 -5.32 4.6 5.76
3 16 -5.32 4.6 5.76 -5.33 4.58 5.74 -5.21 4.48 5.87
3 16 -5.33 4.46 5.55 -5.29 4.41 5.63 -5.29 4.42 5.65
3 16 -5.29 4.42 5.65 -5.29 4.41 5.63 -5.27 4.39 5.65
3 16 -5.29 4.42 5.65 -5.27 4.39 5.65 -5.24 4.37 5.72
3 16 -5.24 4.37 5.72 -5.27 4.39 5.65 -5.24 4.36 5.7
3 16 -5.24 4.37 5.72 -5.24 4.36 5.7 -5.23 4.34 5.72
3 16 -5.19 4.3 5.77 -5.14 4.25 5.84 -5.14 4.26 5.86
3 16 -5.14 4.26 5.86 -5.14 4.25 5.84 -5.13 4.23 5.86
3 16 -5.2 4.31 5.75 -5.19 4.3 5.77 -5.19 4.31 5.79
3 16 -5.19 4.31 5.79 -5.19 4.3 5.77 -5.14 4.26 5.86
3 16 -5.19 4.31 5.79 -5.14 4.26 5.86 -5.14 4.27 5.87
3 16 -5.14 4.27 5.87 -5.14 4.26 5.86 -5.13 4.23 5.86
3 16 -5.14 4.27 5.87 -5.13 4.23 5.86 -5.08 4.21 5.94
3 16 -5.08 4.21 5.94 -5.13 4.23 5.86 -5.09 4.19 5.91
3 16 -5.08 4.21 5.94 -5.09 4.19 5.91 -5.02 4.15 6.01
3 16 -5.02 4.15 6.01 -5.09 4.19 5.91 -5.03 4.13 5.98
3 16 -5.02 4.15 6.01 -5.03 4.13 5.98 -5.01 4.11 6.01
3 16 -5.99 5.14 4.97 -6.09 5.14 4.8 -5.98 5.1 4.95
3 16 -5.98 5.1 4.95 -6.09 5.14 4.8 -6.07 5.11 4.77
3 16 -6.19 5.17 4.65 -6.26 5.15 4.48 -6.17 5.14 4.63
3 16 -6.17 5.14 4.63 -6.26 5.15 4.48 -6.23 5.12 4.45
3 16 -5.77 4.97 5.23 -5.87 5.04 5.09 -5.86 5.02 5.06
3 16 -5.86 5.02 5.06 -5.87 5.04 5.09 -5.97 5.07 4.92
3 16 -5.86 5.02 5.06 -5.97 5.07 4.92 -5.95 5.04 4.89
3 16 -5.95 5.04 4.89 -5.97 5.07 4.92 -6.05 5.08 4.75
3 16 -5.95 5.04 4.89 -6.05 5.08 4.75 -6.02 5.06 4.72
3 16 -6.19 5.17 4.65 -6.29 5.19 4.5 -6.26 5.15 4.48
3 16 -6.26 5.15 4.48 -6.29 5.19 4.5 -6.36 5.15 4.32
3 16 -6.26 5.15 4.48 -6.36 5.15 4.32 -6.23 5.12 4.45
3 16 -6.23 5.12 4.45 -6.36 5.15 4.32 -6.33 5.13 4.31
3 16 -6.23 5.12 4.45 -6.33 5.13 4.31 -6.32 5.12 4.3
3 16 -5.6 4.77 5.19 -5.52 4.68 5.33 -5.62 4.78 5.22
3 16 -5.62 4.78 5.22 -5.52 4.68 5.33 -5.53 4.7 5.35
3 16 -5.62 4.78 5.22 -5.53 4.7 5.35 -5.63 4.8 5.25
3 16 -5.63 4.8 5.25 -5.53 4.7 5.35 -5.53 4.72 5.38
3 16 -5.63 4.8 5.25 -5.53 4.72 5.38 -5.54 4.73 5.41
3 16 -5.54 4.73 5.41 -5.64 4.82 5.28 -5.63 4.8 5.25
3 16 -5.63 4.8 5.25 -5.64 4.82 5.28 -5.72 4.88 5.11
3 16 -5.63 4.8 5.25 -5.72 4.88 5.11 -5.62 4.78 5.22
3 16 -5.69 4.84 5.05 -5.67 4.83 5.02 -5.59 4.75 5.16
3 16 -5.71 4.86 5.08 -5.69 4.84 5.05 -5.6 4.77 5.19
3 16 -5.6 4.77 5.19 -5.69 4.84 5.05 -5.59 4.75 5.16
3 16 -5.6 4.77 5.19 -5.59 4.75 5.16 -5.51 4.67 5.3
3 16 -5.51 4.67 5.3 -5.59 4.75 5.16 -5.57 4.74 5.13
3 16 -5.51 4.67 5.3 -5.57 4.74 5.13 -5.5 4.66 5.26
3 16 -5.75 4.89 4.88 -5.67 4.83 5.02 -5.77 4.91 4.91
3 16 -5.77 4.91 4.91 -5.67 4.83 5.02 -5.69 4.84 5.05
3 16 -5.77 4.91 4.91 -5.69 4.84 5.05 -5.79 4.92 4.94
3 16 -5.79 4.92 4.94 -5.69 4.84 5.05 -5.71 4.86 5.08
3 16 -5.79 4.92 4.94 -5.71 4.86 5.08 -5.81 4.94 4.97
3 16 -5.81 4.94 4.97 -5.71 4.86 5.08 -5.72 4.88 5.11
3 16 -5.81 4.94 4.97 -5.72 4.88 5.11 -5.74 4.9 5.14
3 16 -5.74 4.9 5.14 -5.72 4.88 5.11 -5.64 4.82 5.28
3 16 -5.74 4.9 5.14 -5.64 4.82 5.28 -5.65 4.84 5.31
3 16 -5.65 4.84 5.31 -5.64 4.82 5.28 -5.54 4.76 5.44
3 16 -5.65 4.84 5.31 -5.54 4.76 5.44 -5.55 4.78 5.46
3 16 -5.77 4.92 4.77 -5.73 4.88 4.85 -5.75 4.89 4.88
3 16 -5.75 4.89 4.88 -5.73 4.88 4.85 -5.65 4.81 4.99
3 16 -5.75 4.89 4.88 -5.65 4.81 4.99 -5.67 4.83 5.02
3 16 -5.67 4.83 5.02 -5.65 4.81 4.99 -5.64 4.81 5.01
3 16 -5.67 4.83 5.02 -5.64 4.81 5.01 -5.59 4.75 5.16
3 16 -5.59 4.75 5.16 -5.64 4.81 5.01 -5.6 4.76 5.09
3 16 -5.59 4.75 5.16 -5.6 4.76 5.09 -5.58 4.74 5.12
3 16 -5.91 4.99 4.83 -5.97 5.01 4.66 -5.88 4.97 4.8
3 16 -5.88 4.97 4.8 -5.97 5.01 4.66 -5.94 5 4.63
3 16 -5.88 4.97 4.8 -5.94 5 4.63 -5.86 4.96 4.77
3 16 -5.86 4.96 4.77 -5.94 5 4.63 -5.83 4.95 4.74
3 16 -6.02 5.03 4.49 -5.98 5.02 4.46 -5.91 4.99 4.6
3 16 -6.14 5.11 4.6 -6.2 5.1 4.42 -6.11 5.08 4.57
3 16 -6.11 5.08 4.57 -6.2 5.1 4.42 -6.17 5.07 4.4
3 16 -6.11 5.08 4.57 -6.17 5.07 4.4 -6.08 5.06 4.54
3 16 -6.08 5.06 4.54 -6.17 5.07 4.4 -6.13 5.06 4.37
3 16 -6.08 5.06 4.54 -6.13 5.06 4.37 -6.05 5.04 4.51
3 16 -6.05 5.04 4.51 -6.13 5.06 4.37 -6.09 5.04 4.34
3 16 -6.05 5.04 4.51 -6.09 5.04 4.34 -6.02 5.03 4.49
3 16 -6.02 5.03 4.49 -6.09 5.04 4.34 -6.06 5.04 4.31
3 16 -6.02 5.03 4.49 -6.06 5.04 4.31 -5.98 5.02 4.46
3 16 -5.98 5.02 4.46 -6.06 5.04 4.31 -6.02 5.03 4.29
3 16 -6.02 5.03 4.29 -5.96 5.02 4.41 -5.98 5.02 4.46
3 16 -5.98 5.02 4.46 -5.96 5.02 4.41 -5.95 5.01 4.43
3 16 -5.98 5.02 4.46 -5.95 5.01 4.43 -5.91 4.99 4.6
3 16 -5.91 4.99 4.6 -5.95 5.01 4.43 -5.9 4.99 4.52
3 16 -5.91 4.99 4.6 -5.9 4.99 4.52 -5.88 4.98 4.57
3 16 -5.88 4.98 4.57 -5.81 4.94 4.7 -5.83 4.95 4.74
3 16 -5.83 4.95 4.74 -5.81 4.94 4.7 -5.8 4.94 4.71
3 16 -5.83 4.95 4.74 -5.8 4.94 4.71 -5.78 4.92 4.75
3 16 -5.78 4.92 4.75 -5.77 4.92 4.77 -5.83 4.95 4.74
3 16 -5.83 4.95 4.74 -5.77 4.92 4.77 -5.75 4.89 4.88
3 16 -5.83 4.95 4.74 -5.75 4.89 4.88 -5.86 4.96 4.77
3 16 -5.86 4.96 4.77 -5.75 4.89 4.88 -5.77 4.91 4.91
3 16 -5.86 4.96 4.77 -5.77 4.91 4.91 -5.88 4.97 4.8
3 16 -5.88 4.97 4.8 -5.77 4.91 4.91 -5.79 4.92 4.94
3 16 -5.88 4.97 4.8 -5.79 4.92 4.94 -5.91 4.99 4.83
3 16 -5.91 4.99 4.83 -5.79 4.92 4.94 -5.81 4.94 4.97
3 16 -5.91 4.99 4.83 -5.81 4.94 4.97 -5.83 4.96 5
3 16 -5.83 4.96 5 -5.81 4.94 4.97 -5.74 4.9 5.14
3 16 -5.83 4.96 5 -5.74 4.9 5.14 -5.75 4.92 5.17
3 16 -5.75 4.92 5.17 -5.74 4.9 5.14 -5.65 4.84 5.31
3 16 -5.75 4.92 5.17 -5.65 4.84 5.31 -5.65 4.87 5.33
3 16 -5.65 4.87 5.33 -5.65 4.84 5.31 -5.55 4.78 5.46
3 16 -5.65 4.87 5.33 -5.55 4.78 5.46 -5.55 4.8 5.49
3 16 -6.27 5.09 4.27 -6.17 5.07 4.4 -6.29 5.1 4.28
3 16 -6.29 5.1 4.28 -6.17 5.07 4.4 -6.2 5.1 4.42
3 16 -6.29 5.1 4.28 -6.2 5.1 4.42 -6.23 5.12 4.45
3 16 -6.23 5.12 4.45 -6.2 5.1 4.42 -6.14 5.11 4.6
3 16 -6.23 5.12 4.45 -6.14 5.11 4.6 -6.17 5.14 4.63
3 16 -5.52 4.93 5.6 -5.76 5.13 5.35 -5.65 5.01 5.46
3 16 -5.65 5.01 5.46 -5.76 5.13 5.35 -5.77 5.1 5.33
3 16 -5.65 5.01 5.46 -5.77 5.1 5.33 -5.65 4.98 5.44
3 16 -5.65 4.98 5.44 -5.77 5.1 5.33 -5.77 5.07 5.3
3 16 -5.65 4.98 5.44 -5.77 5.07 5.3 -5.66 4.95 5.41
3 16 -5.66 4.95 5.41 -5.77 5.07 5.3 -5.77 5.03 5.28
3 16 -5.66 4.95 5.41 -5.77 5.03 5.28 -5.66 4.92 5.39
3 16 -5.66 4.92 5.39 -5.77 5.03 5.28 -5.77 5 5.25
3 16 -5.66 4.92 5.39 -5.77 5 5.25 -5.66 4.89 5.36
3 16 -5.66 4.89 5.36 -5.77 5 5.25 -5.77 4.97 5.23
3 16 -5.66 4.89 5.36 -5.77 4.97 5.23 -5.76 4.95 5.2
3 16 -5.76 4.95 5.2 -5.77 4.97 5.23 -5.86 5.02 5.06
3 16 -5.76 4.95 5.2 -5.86 5.02 5.06 -5.85 4.99 5.03
3 16 -5.85 4.99 5.03 -5.86 5.02 5.06 -5.95 5.04 4.89
3 16 -5.85 4.99 5.03 -5.95 5.04 4.89 -5.93 5.02 4.86
3 16 -5.93 5.02 4.86 -5.95 5.04 4.89 -6.02 5.06 4.72
3 16 -5.93 5.02 4.86 -6.02 5.06 4.72 -5.99 5.03 4.69
4 16 -5.52 5.04 5.61 -5.73 5.22 5.4 -5.75 5.2 5.38 -5.51 4.95 5.62
3 16 -5.51 4.95 5.62 -5.75 5.2 5.38 -5.76 5.16 5.37
3 16 -5.76 5.16 5.37 -5.75 5.2 5.38 -6 5.36 5.09
3 16 -5.76 5.16 5.37 -6 5.36 5.09 -6.01 5.32 5.08
3 16 -6.01 5.32 5.08 -6 5.36 5.09 -6.26 5.46 4.77
3 16 -6.01 5.32 5.08 -6.26 5.46 4.77 -6.26 5.42 4.76
3 16 -6.26 5.42 4.76 -6.26 5.46 4.77 -6.51 5.5 4.43
3 16 -6.26 5.42 4.76 -6.51 5.5 4.43 -6.5 5.45 4.42
3 16 -6.42 5.23 4.37 -6.21 5.21 4.68 -6.43 5.25 4.38
3 16 -6.43 5.25 4.38 -6.21 5.21 4.68 -6.23 5.25 4.7
3 16 -6.43 5.25 4.38 -6.23 5.25 4.7 -6.46 5.31 4.4
3 16 -6.46 5.31 4.4 -6.23 5.25 4.7 -6.24 5.29 4.72
3 16 -6.46 5.31 4.4 -6.24 5.29 4.72 -6.47 5.33 4.4
3 16 -6.47 5.33 4.4 -6.24 5.29 4.72 -6.25 5.33 4.73
3 16 -6.01 5.28 5.06 -6.26 5.38 4.75 -6.01 5.25 5.04
3 16 -6.01 5.25 5.04 -6.26 5.38 4.75 -6.25 5.33 4.73
3 16 -6.01 5.25 5.04 -6.25 5.33 4.73 -6.01 5.21 5.02
3 16 -6.01 5.21 5.02 -6.25 5.33 4.73 -6.24 5.29 4.72
3 16 -6.01 5.21 5.02 -6.24 5.29 4.72 -6 5.17 5
3 16 -6 5.17 5 -6.24 5.29 4.72 -6.23 5.25 4.7
3 16 -6 5.17 5 -6.23 5.25 4.7 -5.99 5.14 4.97
3 16 -5.99 5.14 4.97 -6.23 5.25 4.7 -6.21 5.21 4.68
3 16 -5.99 5.14 4.97 -6.21 5.21 4.68 -6.09 5.14 4.8
4 16 -6.48 5.36 4.41 -6.25 5.33 4.73 -6.5 5.41 4.42 -6.58 5.41 4.29
3 16 -6.5 5.41 4.42 -6.25 5.33 4.73 -6.26 5.38 4.75
3 16 -6.5 5.41 4.42 -6.26 5.38 4.75 -6.5 5.45 4.42
3 16 -5.76 5.13 5.35 -6.01 5.28 5.06 -5.77 5.1 5.33
3 16 -5.77 5.1 5.33 -6.01 5.28 5.06 -6.01 5.25 5.04
3 16 -5.77 5.1 5.33 -6.01 5.25 5.04 -5.77 5.07 5.3
3 16 -5.77 5.07 5.3 -6.01 5.25 5.04 -6.01 5.21 5.02
3 16 -5.77 5.07 5.3 -6.01 5.21 5.02 -5.77 5.03 5.28
3 16 -5.77 5.03 5.28 -6.01 5.21 5.02 -6 5.17 5
3 16 -5.77 5.03 5.28 -6 5.17 5 -5.77 5 5.25
3 16 -5.77 5 5.25 -6 5.17 5 -5.99 5.14 4.97
3 16 -5.77 5 5.25 -5.99 5.14 4.97 -5.87 5.04 5.09
3 16 -5.87 5.04 5.09 -5.99 5.14 4.97 -5.98 5.1 4.95
3 16 -5.87 5.04 5.09 -5.98 5.1 4.95 -5.97 5.07 4.92
3 16 -5.97 5.07 4.92 -5.98 5.1 4.95 -6.07 5.11 4.77
3 16 -5.97 5.07 4.92 -6.07 5.11 4.77 -6.05 5.08 4.75
3 16 -6.5 5.45 4.42 -6.26 5.38 4.75 -6.26 5.42 4.76
3 16 -6.26 5.42 4.76 -6.26 5.38 4.75 -6.01 5.28 5.06
3 16 -6.26 5.42 4.76 -6.01 5.28 5.06 -6.01 5.32 5.08
3 16 -6.01 5.32 5.08 -6.01 5.28 5.06 -5.76 5.13 5.35
3 16 -6.01 5.32 5.08 -5.76 5.13 5.35 -5.76 5.16 5.37
3 16 -5.76 5.16 5.37 -5.76 5.13 5.35 -5.52 4.93 5.6
3 16 -5.76 5.16 5.37 -5.52 4.93 5.6 -5.51 4.95 5.62
4 16 -5.51 4.95 5.62 -5.52 4.93 5.6 -5.3 4.66 5.81 -5.29 4.68 5.83
3 16 -5.51 4.95 5.62 -5.29 4.68 5.83 -5.27 4.7 5.84
3 16 -4.97 4.22 6.09 -4.86 4.08 6.19 -4.85 4.09 6.2
3 16 -4.85 4.09 6.2 -4.86 4.08 6.19 -4.75 3.92 6.28
3 16 -4.85 4.09 6.2 -4.75 3.92 6.28 -4.74 3.93 6.29
3 16 -4.62 3.78 6.37 -4.9 4.24 6.16 -4.83 4.1 6.21
4 16 -4.83 4.1 6.21 -4.9 4.24 6.16 -5.05 4.41 6.04 -4.96 4.24 6.11
3 16 -4.96 4.24 6.11 -5.05 4.41 6.04 -5.07 4.38 6.02
3 16 -4.96 4.24 6.11 -5.07 4.38 6.02 -5.08 4.37 6.01
3 16 -5.08 4.37 6.01 -5.07 4.38 6.02 -5.3 4.66 5.81
3 16 -5.08 4.37 6.01 -5.3 4.66 5.81 -5.31 4.64 5.79
3 16 -5.31 4.64 5.79 -5.3 4.66 5.81 -5.53 4.9 5.58
3 16 -5.31 4.64 5.79 -5.53 4.9 5.58 -5.54 4.87 5.56
3 16 -5.31 4.62 5.78 -5.54 4.85 5.54 -5.43 4.72 5.64
3 16 -5.43 4.72 5.64 -5.54 4.85 5.54 -5.55 4.82 5.51
3 16 -5.43 4.72 5.64 -5.55 4.82 5.51 -5.55 4.8 5.49
3 16 -5.1 4.35 5.98 -5.21 4.48 5.87 -5.22 4.46 5.85
3 16 -5.22 4.46 5.85 -5.21 4.48 5.87 -5.33 4.58 5.74
3 16 -5.22 4.46 5.85 -5.33 4.58 5.74 -5.22 4.45 5.83
3 16 -5.22 4.45 5.83 -5.33 4.58 5.74 -5.33 4.57 5.71
3 16 -5.22 4.45 5.83 -5.33 4.57 5.71 -5.23 4.43 5.82
3 16 -5.23 4.43 5.82 -5.33 4.57 5.71 -5.34 4.55 5.69
3 16 -5.23 4.42 5.8 -5.34 4.55 5.69 -5.34 4.53 5.67
3 16 -5.23 4.42 5.8 -5.34 4.53 5.67 -5.24 4.41 5.78
3 16 -5.24 4.41 5.78 -5.34 4.53 5.67 -5.34 4.52 5.65
3 16 -5.24 4.41 5.78 -5.34 4.52 5.65 -5.24 4.39 5.76
3 16 -5.24 4.39 5.76 -5.34 4.52 5.65 -5.34 4.5 5.62
3 16 -5.24 4.39 5.76 -5.34 4.5 5.62 -5.24 4.38 5.74
3 16 -5.24 4.38 5.74 -5.34 4.5 5.62 -5.34 4.49 5.6
3 16 -5.24 4.38 5.74 -5.34 4.49 5.6 -5.29 4.42 5.65
3 16 -5.29 4.42 5.65 -5.34 4.49 5.6 -5.33 4.47 5.58
3 16 -5.29 4.42 5.65 -5.33 4.47 5.58 -5.33 4.46 5.55
3 16 -5.33 4.46 5.55 -5.33 4.47 5.58 -5.35 4.49 5.52
3 16 -4.74 3.93 6.29 -4.83 4.1 6.21 -4.85 4.09 6.2
3 16 -4.85 4.09 6.2 -4.83 4.1 6.21 -4.96 4.24 6.11
3 16 -4.85 4.09 6.2 -4.96 4.24 6.11 -4.97 4.22 6.09
3 16 -4.97 4.22 6.09 -4.96 4.24 6.11 -5.08 4.37 6.01
3 16 -4.97 4.22 6.09 -5.08 4.37 6.01 -5.09 4.36 5.99
3 16 -5.09 4.36 5.99 -5.08 4.37 6.01 -5.31 4.64 5.79
3 16 -5.09 4.36 5.99 -5.31 4.64 5.79 -5.31 4.62 5.78
3 16 -5.31 4.62 5.78 -5.31 4.64 5.79 -5.54 4.87 5.56
3 16 -5.31 4.62 5.78 -5.54 4.87 5.56 -5.54 4.85 5.54
3 16 -4.75 3.92 6.28 -4.62 3.78 6.37 -4.74 3.93 6.29
4 16 -4.9 4.24 6.16 -4.53 10.08 6.44 -5.13 4.58 5.98 -5.05 4.41 6.04
3 16 -5.05 4.41 6.04 -5.13 4.58 5.98 -5.27 4.7 5.84
3 16 -5.05 4.41 6.04 -5.27 4.7 5.84 -5.07 4.38 6.02
3 16 -5.07 4.38 6.02 -5.27 4.7 5.84 -5.29 4.68 5.83
3 16 -5.07 4.38 6.02 -5.29 4.68 5.83 -5.3 4.66 5.81
3 16 -5.3 4.66 5.81 -5.52 4.93 5.6 -5.53 4.9 5.58
3 16 -5.53 4.9 5.58 -5.52 4.93 5.6 -5.65 5.01 5.46
3 16 -5.53 4.9 5.58 -5.65 5.01 5.46 -5.54 4.87 5.56
3 16 -5.54 4.87 5.56 -5.65 5.01 5.46 -5.65 4.98 5.44
3 16 -5.54 4.87 5.56 -5.65 4.98 5.44 -5.54 4.85 5.54
3 16 -5.54 4.85 5.54 -5.65 4.98 5.44 -5.66 4.95 5.41
3 16 -5.54 4.85 5.54 -5.66 4.95 5.41 -5.55 4.82 5.51
3 16 -5.55 4.82 5.51 -5.66 4.95 5.41 -5.66 4.92 5.39
3 16 -5.55 4.82 5.51 -5.66 4.92 5.39 -5.55 4.8 5.49
3 16 -5.55 4.8 5.49 -5.66 4.92 5.39 -5.66 4.89 5.36
3 16 -5.55 4.8 5.49 -5.66 4.89 5.36 -5.65 4.87 5.33
3 16 -5.65 4.87 5.33 -5.66 4.89 5.36 -5.76 4.95 5.2
3 16 -5.65 4.87 5.33 -5.76 4.95 5.2 -5.75 4.92 5.17
3 16 -5.75 4.92 5.17 -5.76 4.95 5.2 -5.85 4.99 5.03
3 16 -5.75 4.92 5.17 -5.85 4.99 5.03 -5.83 4.96 5
3 16 -5.83 4.96 5 -5.85 4.99 5.03 -5.93 5.02 4.86
3 16 -5.83 4.96 5 -5.93 5.02 4.86 -5.91 4.99 4.83
3 16 -5.91 4.99 4.83 -5.93 5.02 4.86 -5.99 5.03 4.69
3 16 -5.91 4.99 4.83 -5.99 5.03 4.69 -5.97 5.01 4.66
3 16 -6.27 5.09 4.27 -6.25 5.07 4.25 -6.17 5.07 4.4
3 16 -6.17 5.07 4.4 -6.25 5.07 4.25 -6.2 5.06 4.22
3 16 -6.17 5.07 4.4 -6.2 5.06 4.22 -6.13 5.06 4.37
3 16 -6.13 5.06 4.37 -6.2 5.06 4.22 -6.17 5.05 4.2
3 16 -6.13 5.06 4.37 -6.17 5.05 4.2 -6.09 5.04 4.34
3 16 -6.09 5.04 4.34 -6.17 5.05 4.2 -6.13 5.04 4.17
3 16 -6.09 5.04 4.34 -6.13 5.04 4.17 -6.06 5.04 4.31
3 16 -6.06 5.04 4.31 -6.13 5.04 4.17 -6.09 5.04 4.15
3 16 -6.06 5.04 4.31 -6.09 5.04 4.15 -6.02 5.03 4.29
3 16 -5.49 4.65 5.27 -5.42 4.57 5.4 -5.42 4.57 5.44
3 16 -5.42 4.57 5.44 -5.42 4.57 5.4 -5.41 4.56 5.41
3 16 -5.42 4.57 5.44 -5.41 4.56 5.41 -5.38 4.53 5.51
3 16 -5.88 4.98 4.57 -5.83 4.95 4.74 -5.91 4.99 4.6
3 16 -5.91 4.99 4.6 -5.83 4.95 4.74 -5.94 5 4.63
3 16 -5.91 4.99 4.6 -5.94 5 4.63 -6.02 5.03 4.49
3 16 -6.02 5.03 4.49 -5.94 5 4.63 -5.97 5.01 4.66
3 16 -6.02 5.03 4.49 -5.97 5.01 4.66 -6.05 5.04 4.51
3 16 -6.05 5.04 4.51 -5.97 5.01 4.66 -5.99 5.03 4.69
3 16 -6.05 5.04 4.51 -5.99 5.03 4.69 -6.08 5.06 4.54
3 16 -6.08 5.06 4.54 -5.99 5.03 4.69 -6.02 5.06 4.72
3 16 -6.08 5.06 4.54 -6.02 5.06 4.72 -6.11 5.08 4.57
3 16 -6.11 5.08 4.57 -6.02 5.06 4.72 -6.05 5.08 4.75
3 16 -6.11 5.08 4.57 -6.05 5.08 4.75 -6.14 5.11 4.6
3 16 -6.14 5.11 4.6 -6.05 5.08 4.75 -6.07 5.11 4.77
3 16 -6.14 5.11 4.6 -6.07 5.11 4.77 -6.17 5.14 4.63
3 16 -6.17 5.14 4.63 -6.07 5.11 4.77 -6.09 5.14 4.8
3 16 -6.17 5.14 4.63 -6.09 5.14 4.8 -6.19 5.17 4.65
3 16 -6.19 5.17 4.65 -6.09 5.14 4.8 -6.21 5.21 4.68
3 16 -6.19 5.17 4.65 -6.21 5.21 4.68 -6.29 5.19 4.5
3 16 -6.29 5.19 4.5 -6.21 5.21 4.68 -6.42 5.23 4.37
3 16 -6.29 5.19 4.5 -6.42 5.23 4.37 -6.39 5.19 4.35
3 16 -4.77 3.9 6.25 -4.77 3.9 6.26 -4.76 3.91 6.27
3 16 -4.76 3.91 6.27 -4.77 3.9 6.26 -4.69 3.85 6.32
3 16 -4.76 3.91 6.27 -4.69 3.85 6.32 -4.75 3.92 6.27
3 16 -4.75 3.92 6.27 -4.69 3.85 6.32 -4.75 3.92 6.28
3 16 -4.75 3.92 6.27 -4.75 3.92 6.28 -4.87 4.06 6.18
3 16 -4.87 4.06 6.18 -4.75 3.92 6.28 -4.86 4.08 6.19
3 16 -4.87 4.06 6.18 -4.86 4.08 6.19 -4.99 4.2 6.07
3 16 -4.99 4.2 6.07 -4.86 4.08 6.19 -4.97 4.22 6.09
3 16 -4.99 4.2 6.07 -4.97 4.22 6.09 -5.1 4.35 5.98
3 16 -5.1 4.35 5.98 -4.97 4.22 6.09 -5.09 4.36 5.99
3 16 -5.1 4.35 5.98 -5.09 4.36 5.99 -5.21 4.48 5.87
3 16 -5.21 4.48 5.87 -5.09 4.36 5.99 -5.31 4.62 5.78
3 16 -5.21 4.48 5.87 -5.31 4.62 5.78 -5.32 4.6 5.76
3 16 -5.32 4.6 5.76 -5.31 4.62 5.78 -5.43 4.72 5.64
3 16 -5.32 4.6 5.76 -5.43 4.72 5.64 -5.44 4.7 5.61
3 16 -5.44 4.7 5.61 -5.43 4.72 5.64 -5.55 4.8 5.49
3 16 -5.44 4.7 5.61 -5.55 4.8 5.49 -5.44 4.68 5.59
3 16 -5.44 4.68 5.59 -5.55 4.8 5.49 -5.55 4.78 5.46
3 16 -5.44 4.68 5.59 -5.55 4.78 5.46 -5.44 4.66 5.57
3 16 -5.44 4.66 5.57 -5.55 4.78 5.46 -5.54 4.76 5.44
3 16 -5.44 4.66 5.57 -5.54 4.76 5.44 -5.44 4.64 5.54
3 16 -5.44 4.64 5.54 -5.54 4.76 5.44 -5.54 4.73 5.41
3 16 -5.44 4.64 5.54 -5.54 4.73 5.41 -5.44 4.62 5.51
3 16 -5.44 4.62 5.51 -5.54 4.73 5.41 -5.53 4.72 5.38
3 16 -5.44 4.62 5.51 -5.53 4.72 5.38 -5.43 4.6 5.49
3 16 -5.43 4.6 5.49 -5.53 4.72 5.38 -5.53 4.7 5.35
3 16 -5.43 4.6 5.49 -5.53 4.7 5.35 -5.43 4.59 5.46
3 16 -5.43 4.59 5.46 -5.53 4.7 5.35 -5.52 4.68 5.33
3 16 -5.43 4.59 5.46 -5.52 4.68 5.33 -5.42 4.57 5.44
3 16 -5.42 4.57 5.44 -5.52 4.68 5.33 -5.51 4.67 5.3
3 16 -5.42 4.57 5.44 -5.51 4.67 5.3 -5.49 4.65 5.27
3 16 -5.49 4.65 5.27 -5.51 4.67 5.3 -5.5 4.66 5.26
3 16 -6.17 5.05 4.2 -6.2 5.06 4.22 -6.28 5.06 4.1
3 16 -6.25 5.07 4.25 -6.27 5.09 4.27 -6.35 5.09 4.14
3 16 -6.32 5.12 4.3 -6.33 5.13 4.31 -6.41 5.13 4.19
3 16 -6.36 5.15 4.32 -6.39 5.19 4.35 -6.47 5.19 4.22
3 16 -6.42 5.23 4.37 -6.43 5.25 4.38 -6.52 5.25 4.25
3 16 -6.46 5.31 4.4 -6.47 5.33 4.4 -6.55 5.33 4.28
3 16 -6.5 5.45 4.42 -6.51 5.5 4.43 -6.59 5.5 4.3
3 16 -3.36 5.45 -7.11 -3.36 5.41 -7.1 -3.49 5.41 -7.04
3 16 -3.33 5.27 -7.05 -3.32 5.25 -7.04 -3.46 5.25 -6.97
3 16 -3.32 5.23 -7.02 -3.3 5.19 -6.99 -3.43 5.19 -6.92
3 16 -3.28 5.15 -6.95 -3.27 5.13 -6.93 -3.4 5.13 -6.86
3 16 -3.25 5.09 -6.87 -3.24 5.09 -6.86 -3.37 5.09 -6.79
3 16 -3.23 5.07 -6.83 -3.21 5.06 -6.78 -3.33 5.06 -6.72
3 16 -3.19 5.05 -6.74 -3.17 5.04 -6.71 -3.3 5.04 -6.64
4 16 -6.17 5.04 4.03 -6.21 5.04 4.05 -6.6 5.04 3.38 -6.56 5.04 3.36
4 16 -6.56 5.04 3.36 -6.6 5.04 3.38 -6.92 5.04 2.66 -6.88 5.04 2.65
4 16 -6.88 5.04 2.65 -6.92 5.04 2.66 -7.17 5.04 1.92 -7.12 5.04 1.91
4 16 -7.12 5.04 1.91 -7.17 5.04 1.92 -7.33 5.04 1.15 -7.28 5.04 1.15
4 16 -7.28 5.04 1.15 -7.33 5.04 1.15 -7.41 5.04 0.37 -7.36 5.04 0.37
4 16 -7.36 5.04 0.37 -7.41 5.04 0.37 -7.41 5.04 -0.41 -7.36 5.04 -0.41
4 16 -7.36 5.04 -0.41 -7.41 5.04 -0.41 -7.32 5.04 -1.19 -7.28 5.04 -1.18
4 16 -7.28 5.04 -1.18 -7.32 5.04 -1.19 -7.16 5.04 -1.95 -7.11 5.04 -1.94
4 16 -7.11 5.04 -1.94 -7.16 5.04 -1.95 -6.91 5.04 -2.69 -6.87 5.04 -2.68
4 16 -6.87 5.04 -2.68 -6.91 5.04 -2.69 -6.59 5.04 -3.41 -6.55 5.04 -3.38
4 16 -6.55 5.04 -3.38 -6.59 5.04 -3.41 -6.19 5.04 -4.08 -6.15 5.04 -4.06
4 16 -6.15 5.04 -4.06 -6.19 5.04 -4.08 -5.73 5.04 -4.71 -5.69 5.04 -4.68
4 16 -5.69 5.04 -4.68 -5.73 5.04 -4.71 -5.2 5.04 -5.29 -5.17 5.04 -5.25
4 16 -5.17 5.04 -5.25 -5.2 5.04 -5.29 -4.62 5.04 -5.81 -4.59 5.04 -5.77
4 16 -4.59 5.04 -5.77 -4.62 5.04 -5.81 -3.98 5.04 -6.26 -3.95 5.04 -6.22
4 16 -3.95 5.04 -6.22 -3.98 5.04 -6.26 -3.3 5.04 -6.64 -3.28 5.04 -6.6
4 16 -3.25 5.09 -6.87 -3.37 5.09 -6.79 -3.4 5.13 -6.86 -3.27 5.12 -6.91
3 16 -3.5 5.54 -7.05 -3.5 5.5 -7.05 -4.02 5.54 -6.77
3 16 -4.02 5.54 -6.77 -3.5 5.5 -7.05 -4.22 5.5 -6.64
3 16 -4.02 5.54 -6.77 -4.22 5.5 -6.64 -4.22 5.54 -6.65
4 16 -4.22 5.54 -6.65 -4.22 5.5 -6.64 -4.9 5.5 -6.16 -4.9 5.54 -6.16
3 16 -6.61 5.54 -4.28 -6.58 5.54 -4.33 -6.57 5.5 -4.33
4 16 -6.57 5.5 -4.33 -6.58 5.54 -4.33 -6.08 5.54 -5 -6.08 5.5 -5
3 16 -6.08 5.5 -5 -6.08 5.54 -5 -5.88 5.54 -5.24
3 16 -6.08 5.5 -5 -5.88 5.54 -5.24 -5.52 5.5 -5.61
3 16 -5.52 5.5 -5.61 -5.88 5.54 -5.24 -5.52 5.54 -5.61
3 16 -5.52 5.5 -5.61 -5.52 5.54 -5.61 -4.9 5.5 -6.16
3 16 -4.9 5.5 -6.16 -5.52 5.54 -5.61 -5.01 5.54 -6.07
3 16 -4.9 5.5 -6.16 -5.01 5.54 -6.07 -4.9 5.54 -6.16
3 16 -6.61 5.54 -4.28 -6.57 5.5 -4.33 -6.99 5.54 -3.62
3 16 -6.99 5.54 -3.62 -6.57 5.5 -4.33 -6.99 5.5 -3.61
3 16 -6.99 5.54 -3.62 -6.99 5.5 -3.61 -7.19 5.54 -3.22
3 16 -7.19 5.54 -3.22 -6.99 5.5 -3.61 -7.33 5.5 -2.86
3 16 -7.19 5.54 -3.22 -7.33 5.5 -2.86 -7.34 5.54 -2.86
3 16 -7.34 5.54 -2.86 -7.33 5.5 -2.86 -7.59 5.54 -2.09
3 16 -7.59 5.54 -2.09 -7.33 5.5 -2.86 -7.59 5.5 -2.07
3 16 -7.59 5.54 -2.09 -7.59 5.5 -2.07 -7.6 5.54 -2.07
4 16 -7.6 5.54 -2.07 -7.59 5.5 -2.07 -7.77 5.5 -1.26 -7.77 5.54 -1.26
3 16 -7.77 5.54 -1.26 -7.77 5.5 -1.26 -7.82 5.54 -0.9
3 16 -7.82 5.54 -0.9 -7.77 5.5 -1.26 -7.86 5.5 -0.43
3 16 -7.82 5.54 -0.9 -7.86 5.5 -0.43 -7.86 5.54 -0.43
3 16 -7.86 5.54 -0.43 -7.86 5.5 -0.43 -7.87 5.54 0.3
3 16 -7.87 5.54 0.3 -7.86 5.5 -0.43 -7.86 5.5 0.4
3 16 -7.87 5.54 0.3 -7.86 5.5 0.4 -7.86 5.54 0.4
4 16 -7.86 5.54 0.4 -7.86 5.5 0.4 -7.78 5.5 1.22 -7.78 5.54 1.22
3 16 -7.78 5.54 1.22 -7.78 5.5 1.22 -7.73 5.54 1.5
3 16 -7.73 5.54 1.5 -7.78 5.5 1.22 -7.6 5.5 2.04
3 16 -7.73 5.54 1.5 -7.6 5.5 2.04 -7.61 5.54 2.04
3 16 -7.61 5.54 2.04 -7.6 5.5 2.04 -7.41 5.54 2.66
3 16 -7.41 5.54 2.66 -7.6 5.5 2.04 -7.35 5.5 2.83
3 16 -7.41 5.54 2.66 -7.35 5.5 2.83 -7.35 5.54 2.83
4 16 -7.35 5.54 2.83 -7.35 5.5 2.83 -7.01 5.5 3.58 -7.01 5.54 3.58
3 16 -7.01 5.54 3.58 -7.01 5.5 3.58 -6.92 5.54 3.76
3 16 -6.92 5.54 3.76 -7.01 5.5 3.58 -6.59 5.5 4.3
3 16 -6.92 5.54 3.76 -6.59 5.5 4.3 -6.59 5.54 4.3
4 16 -6.59 5.54 4.3 -6.59 5.5 4.3 -6.51 5.5 4.43 -6.51 5.54 4.43
4 16 -6.32 5.12 4.3 -6.41 5.13 4.19 -6.35 5.09 4.14 -6.29 5.1 4.28
3 16 -3.36 5.5 -7.12 -3.36 5.45 -7.11 -3.5 5.5 -7.05
3 16 -3.5 5.5 -7.05 -3.36 5.45 -7.11 -3.49 5.41 -7.04
4 16 -3.5 5.5 -7.05 -3.49 5.41 -7.04 -4.21 5.41 -6.63 -4.22 5.5 -6.64
4 16 -4.22 5.5 -6.64 -4.21 5.41 -6.63 -4.89 5.41 -6.15 -4.9 5.5 -6.16
4 16 -4.9 5.5 -6.16 -4.89 5.41 -6.15 -5.51 5.41 -5.6 -5.52 5.5 -5.61
4 16 -5.52 5.5 -5.61 -5.51 5.41 -5.6 -6.07 5.41 -4.99 -6.08 5.5 -5
4 16 -6.08 5.5 -5 -6.07 5.41 -4.99 -6.56 5.41 -4.32 -6.57 5.5 -4.33
4 16 -6.57 5.5 -4.33 -6.56 5.41 -4.32 -6.98 5.41 -3.61 -6.99 5.5 -3.61
4 16 -6.99 5.5 -3.61 -6.98 5.41 -3.61 -7.32 5.41 -2.85 -7.33 5.5 -2.86
4 16 -7.33 5.5 -2.86 -7.32 5.41 -2.85 -7.58 5.41 -2.07 -7.59 5.5 -2.07
4 16 -7.59 5.5 -2.07 -7.58 5.41 -2.07 -7.76 5.41 -1.26 -7.77 5.5 -1.26
4 16 -7.77 5.5 -1.26 -7.76 5.41 -1.26 -7.84 5.41 -0.43 -7.86 5.5 -0.43
4 16 -7.86 5.5 -0.43 -7.84 5.41 -0.43 -7.85 5.41 0.4 -7.86 5.5 0.4
4 16 -7.86 5.5 0.4 -7.85 5.41 0.4 -7.76 5.41 1.22 -7.78 5.5 1.22
4 16 -7.78 5.5 1.22 -7.76 5.41 1.22 -7.59 5.41 2.03 -7.6 5.5 2.04
4 16 -7.6 5.5 2.04 -7.59 5.41 2.03 -7.33 5.41 2.82 -7.35 5.5 2.83
4 16 -7.35 5.5 2.83 -7.33 5.41 2.82 -6.99 5.41 3.58 -7.01 5.5 3.58
4 16 -7.01 5.5 3.58 -6.99 5.41 3.58 -6.58 5.41 4.29 -6.59 5.5 4.3
3 16 -6.59 5.5 4.3 -6.58 5.41 4.29 -6.5 5.45 4.42
3 16 -6.5 5.45 4.42 -6.58 5.41 4.29 -6.5 5.41 4.42
3 16 -3.36 5.41 -7.1 -3.35 5.36 -7.09 -3.49 5.41 -7.04
3 16 -3.49 5.41 -7.04 -3.35 5.36 -7.09 -3.48 5.33 -7.01
4 16 -3.49 5.41 -7.04 -3.48 5.33 -7.01 -4.2 5.33 -6.61 -4.21 5.41 -6.63
4 16 -4.21 5.41 -6.63 -4.2 5.33 -6.61 -4.87 5.33 -6.13 -4.89 5.41 -6.15
4 16 -4.89 5.41 -6.15 -4.87 5.33 -6.13 -5.49 5.33 -5.58 -5.51 5.41 -5.6
4 16 -5.51 5.41 -5.6 -5.49 5.33 -5.58 -6.05 5.33 -4.97 -6.07 5.41 -4.99
4 16 -6.07 5.41 -4.99 -6.05 5.33 -4.97 -6.53 5.33 -4.31 -6.56 5.41 -4.32
4 16 -6.56 5.41 -4.32 -6.53 5.33 -4.31 -6.95 5.33 -3.59 -6.98 5.41 -3.61
4 16 -6.98 5.41 -3.61 -6.95 5.33 -3.59 -7.29 5.33 -2.84 -7.32 5.41 -2.85
4 16 -7.32 5.41 -2.85 -7.29 5.33 -2.84 -7.55 5.33 -2.06 -7.58 5.41 -2.07
4 16 -7.58 5.41 -2.07 -7.55 5.33 -2.06 -7.73 5.33 -1.25 -7.76 5.41 -1.26
4 16 -7.76 5.41 -1.26 -7.73 5.33 -1.25 -7.81 5.33 -0.43 -7.84 5.41 -0.43
4 16 -7.84 5.41 -0.43 -7.81 5.33 -0.43 -7.82 5.33 0.4 -7.85 5.41 0.4
4 16 -7.85 5.41 0.4 -7.82 5.33 0.4 -7.73 5.33 1.22 -7.76 5.41 1.22
4 16 -7.76 5.41 1.22 -7.73 5.33 1.22 -7.56 5.33 2.02 -7.59 5.41 2.03
4 16 -7.59 5.41 2.03 -7.56 5.33 2.02 -7.3 5.33 2.81 -7.33 5.41 2.82
4 16 -7.33 5.41 2.82 -7.3 5.33 2.81 -6.97 5.33 3.56 -6.99 5.41 3.58
4 16 -6.99 5.41 3.58 -6.97 5.33 3.56 -6.55 5.33 4.28 -6.58 5.41 4.29
3 16 -6.58 5.41 4.29 -6.55 5.33 4.28 -6.48 5.36 4.41
3 16 -3.34 5.33 -7.08 -3.33 5.27 -7.05 -3.48 5.33 -7.01
3 16 -3.48 5.33 -7.01 -3.33 5.27 -7.05 -3.46 5.25 -6.97
4 16 -3.48 5.33 -7.01 -3.46 5.25 -6.97 -4.17 5.25 -6.57 -4.2 5.33 -6.61
4 16 -4.2 5.33 -6.61 -4.17 5.25 -6.57 -4.84 5.25 -6.09 -4.87 5.33 -6.13
4 16 -4.87 5.33 -6.13 -4.84 5.25 -6.09 -5.46 5.25 -5.55 -5.49 5.33 -5.58
4 16 -5.49 5.33 -5.58 -5.46 5.25 -5.55 -6.01 5.25 -4.94 -6.05 5.33 -4.97
4 16 -6.05 5.33 -4.97 -6.01 5.25 -4.94 -6.5 5.25 -4.28 -6.53 5.33 -4.31
4 16 -6.53 5.33 -4.31 -6.5 5.25 -4.28 -6.91 5.25 -3.57 -6.95 5.33 -3.59
4 16 -6.95 5.33 -3.59 -6.91 5.25 -3.57 -7.25 5.25 -2.83 -7.29 5.33 -2.84
4 16 -7.29 5.33 -2.84 -7.25 5.25 -2.83 -7.51 5.25 -2.05 -7.55 5.33 -2.06
4 16 -7.55 5.33 -2.06 -7.51 5.25 -2.05 -7.68 5.25 -1.24 -7.73 5.33 -1.25
4 16 -7.73 5.33 -1.25 -7.68 5.25 -1.24 -7.77 5.25 -0.43 -7.81 5.33 -0.43
4 16 -7.81 5.33 -0.43 -7.77 5.25 -0.43 -7.77 5.25 0.39 -7.82 5.33 0.4
4 16 -7.82 5.33 0.4 -7.77 5.25 0.39 -7.69 5.25 1.21 -7.73 5.33 1.22
4 16 -7.73 5.33 1.22 -7.69 5.25 1.21 -7.52 5.25 2.01 -7.56 5.33 2.02
4 16 -7.56 5.33 2.02 -7.52 5.25 2.01 -7.26 5.25 2.79 -7.3 5.33 2.81
4 16 -7.3 5.33 2.81 -7.26 5.25 2.79 -6.93 5.25 3.54 -6.97 5.33 3.56
4 16 -6.97 5.33 3.56 -6.93 5.25 3.54 -6.52 5.25 4.25 -6.55 5.33 4.28
3 16 -6.55 5.33 4.28 -6.52 5.25 4.25 -6.46 5.31 4.4
3 16 -6.46 5.31 4.4 -6.52 5.25 4.25 -6.43 5.25 4.38
3 16 -3.32 5.25 -7.04 -3.32 5.23 -7.02 -3.46 5.25 -6.97
3 16 -3.46 5.25 -6.97 -3.32 5.23 -7.02 -3.43 5.19 -6.92
4 16 -3.46 5.25 -6.97 -3.43 5.19 -6.92 -4.14 5.19 -6.52 -4.17 5.25 -6.57
4 16 -4.17 5.25 -6.57 -4.14 5.19 -6.52 -4.81 5.19 -6.05 -4.84 5.25 -6.09
4 16 -4.84 5.25 -6.09 -4.81 5.19 -6.05 -5.42 5.19 -5.51 -5.46 5.25 -5.55
4 16 -5.46 5.25 -5.55 -5.42 5.19 -5.51 -5.97 5.19 -4.91 -6.01 5.25 -4.94
4 16 -6.01 5.25 -4.94 -5.97 5.19 -4.91 -6.45 5.19 -4.25 -6.5 5.25 -4.28
4 16 -6.5 5.25 -4.28 -6.45 5.19 -4.25 -6.86 5.19 -3.55 -6.91 5.25 -3.57
4 16 -6.91 5.25 -3.57 -6.86 5.19 -3.55 -7.2 5.19 -2.81 -7.25 5.25 -2.83
4 16 -7.25 5.25 -2.83 -7.2 5.19 -2.81 -7.45 5.19 -2.03 -7.51 5.25 -2.05
4 16 -7.51 5.25 -2.05 -7.45 5.19 -2.03 -7.63 5.19 -1.23 -7.68 5.25 -1.24
4 16 -7.68 5.25 -1.24 -7.63 5.19 -1.23 -7.71 5.19 -0.42 -7.77 5.25 -0.43
4 16 -7.77 5.25 -0.43 -7.71 5.19 -0.42 -7.72 5.19 0.39 -7.77 5.25 0.39
4 16 -7.77 5.25 0.39 -7.72 5.19 0.39 -7.63 5.19 1.2 -7.69 5.25 1.21
4 16 -7.69 5.25 1.21 -7.63 5.19 1.2 -7.46 5.19 2 -7.52 5.25 2.01
4 16 -7.52 5.25 2.01 -7.46 5.19 2 -7.21 5.19 2.77 -7.26 5.25 2.79
4 16 -7.26 5.25 2.79 -7.21 5.19 2.77 -6.88 5.19 3.52 -6.93 5.25 3.54
4 16 -6.93 5.25 3.54 -6.88 5.19 3.52 -6.47 5.19 4.22 -6.52 5.25 4.25
3 16 -6.52 5.25 4.25 -6.47 5.19 4.22 -6.42 5.23 4.37
3 16 -6.42 5.23 4.37 -6.47 5.19 4.22 -6.39 5.19 4.35
3 16 -3.3 5.19 -6.99 -3.28 5.15 -6.95 -3.43 5.19 -6.92
3 16 -3.43 5.19 -6.92 -3.28 5.15 -6.95 -3.4 5.13 -6.86
4 16 -3.43 5.19 -6.92 -3.4 5.13 -6.86 -4.11 5.13 -6.46 -4.14 5.19 -6.52
4 16 -4.14 5.19 -6.52 -4.11 5.13 -6.46 -4.77 5.13 -6 -4.81 5.19 -6.05
4 16 -4.81 5.19 -6.05 -4.77 5.13 -6 -5.37 5.13 -5.46 -5.42 5.19 -5.51
4 16 -5.42 5.19 -5.51 -5.37 5.13 -5.46 -5.92 5.13 -4.86 -5.97 5.19 -4.91
4 16 -5.97 5.19 -4.91 -5.92 5.13 -4.86 -6.4 5.13 -4.21 -6.45 5.19 -4.25
4 16 -6.45 5.19 -4.25 -6.4 5.13 -4.21 -6.8 5.13 -3.52 -6.86 5.19 -3.55
4 16 -6.86 5.19 -3.55 -6.8 5.13 -3.52 -7.14 5.13 -2.78 -7.2 5.19 -2.81
4 16 -7.2 5.19 -2.81 -7.14 5.13 -2.78 -7.39 5.13 -2.01 -7.45 5.19 -2.03
4 16 -7.45 5.19 -2.03 -7.39 5.13 -2.01 -7.56 5.13 -1.22 -7.63 5.19 -1.23
4 16 -7.63 5.19 -1.23 -7.56 5.13 -1.22 -7.65 5.13 -0.42 -7.71 5.19 -0.42
4 16 -7.71 5.19 -0.42 -7.65 5.13 -0.42 -7.65 5.13 0.39 -7.72 5.19 0.39
4 16 -7.72 5.19 0.39 -7.65 5.13 0.39 -7.57 5.13 1.19 -7.63 5.19 1.2
4 16 -7.63 5.19 1.2 -7.57 5.13 1.19 -7.4 5.13 1.98 -7.46 5.19 2
4 16 -7.46 5.19 2 -7.4 5.13 1.98 -7.15 5.13 2.75 -7.21 5.19 2.77
4 16 -7.21 5.19 2.77 -7.15 5.13 2.75 -6.82 5.13 3.49 -6.88 5.19 3.52
4 16 -6.88 5.19 3.52 -6.82 5.13 3.49 -6.41 5.13 4.19 -6.47 5.19 4.22
3 16 -6.47 5.19 4.22 -6.41 5.13 4.19 -6.36 5.15 4.32
3 16 -6.36 5.15 4.32 -6.41 5.13 4.19 -6.33 5.13 4.31
3 16 -3.27 5.13 -6.93 -3.27 5.12 -6.91 -3.4 5.13 -6.86
4 16 -3.4 5.13 -6.86 -3.37 5.09 -6.79 -4.07 5.09 -6.4 -4.11 5.13 -6.46
4 16 -4.11 5.13 -6.46 -4.07 5.09 -6.4 -4.72 5.09 -5.94 -4.77 5.13 -6
4 16 -4.77 5.13 -6 -4.72 5.09 -5.94 -5.32 5.09 -5.41 -5.37 5.13 -5.46
4 16 -5.37 5.13 -5.46 -5.32 5.09 -5.41 -5.86 5.09 -4.82 -5.92 5.13 -4.86
4 16 -5.92 5.13 -4.86 -5.86 5.09 -4.82 -6.33 5.09 -4.17 -6.4 5.13 -4.21
4 16 -6.4 5.13 -4.21 -6.33 5.09 -4.17 -6.74 5.09 -3.48 -6.8 5.13 -3.52
4 16 -6.8 5.13 -3.52 -6.74 5.09 -3.48 -7.07 5.09 -2.75 -7.14 5.13 -2.78
4 16 -7.14 5.13 -2.78 -7.07 5.09 -2.75 -7.32 5.09 -1.99 -7.39 5.13 -2.01
4 16 -7.39 5.13 -2.01 -7.32 5.09 -1.99 -7.49 5.09 -1.21 -7.56 5.13 -1.22
4 16 -7.56 5.13 -1.22 -7.49 5.09 -1.21 -7.57 5.09 -0.42 -7.65 5.13 -0.42
4 16 -7.65 5.13 -0.42 -7.57 5.09 -0.42 -7.57 5.09 0.38 -7.65 5.13 0.39
4 16 -7.65 5.13 0.39 -7.57 5.09 0.38 -7.49 5.09 1.18 -7.57 5.13 1.19
4 16 -7.57 5.13 1.19 -7.49 5.09 1.18 -7.33 5.09 1.96 -7.4 5.13 1.98
4 16 -7.4 5.13 1.98 -7.33 5.09 1.96 -7.08 5.09 2.72 -7.15 5.13 2.75
4 16 -7.15 5.13 2.75 -7.08 5.09 2.72 -6.75 5.09 3.45 -6.82 5.13 3.49
4 16 -6.82 5.13 3.49 -6.75 5.09 3.45 -6.35 5.09 4.14 -6.41 5.13 4.19
3 16 -6.29 5.1 4.28 -6.35 5.09 4.14 -6.27 5.09 4.27
3 16 -3.24 5.09 -6.86 -3.23 5.07 -6.83 -3.37 5.09 -6.79
3 16 -3.37 5.09 -6.79 -3.23 5.07 -6.83 -3.33 5.06 -6.72
4 16 -3.37 5.09 -6.79 -3.33 5.06 -6.72 -4.02 5.06 -6.33 -4.07 5.09 -6.4
4 16 -4.07 5.09 -6.4 -4.02 5.06 -6.33 -4.67 5.06 -5.87 -4.72 5.09 -5.94
4 16 -4.72 5.09 -5.94 -4.67 5.06 -5.87 -5.26 5.06 -5.35 -5.32 5.09 -5.41
4 16 -5.32 5.09 -5.41 -5.26 5.06 -5.35 -5.8 5.06 -4.77 -5.86 5.09 -4.82
4 16 -5.86 5.09 -4.82 -5.8 5.06 -4.77 -6.27 5.06 -4.13 -6.33 5.09 -4.17
4 16 -6.33 5.09 -4.17 -6.27 5.06 -4.13 -6.67 5.06 -3.45 -6.74 5.09 -3.48
4 16 -6.74 5.09 -3.48 -6.67 5.06 -3.45 -6.99 5.06 -2.72 -7.07 5.09 -2.75
4 16 -7.07 5.09 -2.75 -6.99 5.06 -2.72 -7.24 5.06 -1.97 -7.32 5.09 -1.99
4 16 -7.32 5.09 -1.99 -7.24 5.06 -1.97 -7.41 5.06 -1.2 -7.49 5.09 -1.21
4 16 -7.49 5.09 -1.21 -7.41 5.06 -1.2 -7.49 5.06 -0.41 -7.57 5.09 -0.42
4 16 -7.57 5.09 -0.42 -7.49 5.06 -0.41 -7.49 5.06 0.38 -7.57 5.09 0.38
4 16 -7.57 5.09 0.38 -7.49 5.06 0.38 -7.41 5.06 1.17 -7.49 5.09 1.18
4 16 -7.49 5.09 1.18 -7.41 5.06 1.17 -7.25 5.06 1.94 -7.33 5.09 1.96
4 16 -7.33 5.09 1.96 -7.25 5.06 1.94 -7 5.06 2.69 -7.08 5.09 2.72
4 16 -7.08 5.09 2.72 -7 5.06 2.69 -6.68 5.06 3.42 -6.75 5.09 3.45
3 16 -6.25 5.07 4.25 -6.28 5.06 4.1 -6.2 5.06 4.22
3 16 -3.21 5.06 -6.78 -3.19 5.05 -6.74 -3.33 5.06 -6.72
3 16 -3.33 5.06 -6.72 -3.19 5.05 -6.74 -3.3 5.04 -6.64
4 16 -3.33 5.06 -6.72 -3.3 5.04 -6.64 -3.98 5.04 -6.26 -4.02 5.06 -6.33
4 16 -4.02 5.06 -6.33 -3.98 5.04 -6.26 -4.62 5.04 -5.81 -4.67 5.06 -5.87
4 16 -4.67 5.06 -5.87 -4.62 5.04 -5.81 -5.2 5.04 -5.29 -5.26 5.06 -5.35
4 16 -5.26 5.06 -5.35 -5.2 5.04 -5.29 -5.73 5.04 -4.71 -5.8 5.06 -4.77
4 16 -5.8 5.06 -4.77 -5.73 5.04 -4.71 -6.19 5.04 -4.08 -6.27 5.06 -4.13
4 16 -6.27 5.06 -4.13 -6.19 5.04 -4.08 -6.59 5.04 -3.41 -6.67 5.06 -3.45
4 16 -6.67 5.06 -3.45 -6.59 5.04 -3.41 -6.91 5.04 -2.69 -6.99 5.06 -2.72
4 16 -6.99 5.06 -2.72 -6.91 5.04 -2.69 -7.16 5.04 -1.95 -7.24 5.06 -1.97
4 16 -7.24 5.06 -1.97 -7.16 5.04 -1.95 -7.32 5.04 -1.19 -7.41 5.06 -1.2
4 16 -7.41 5.06 -1.2 -7.32 5.04 -1.19 -7.41 5.04 -0.41 -7.49 5.06 -0.41
4 16 -7.49 5.06 -0.41 -7.41 5.04 -0.41 -7.41 5.04 0.37 -7.49 5.06 0.38
4 16 -7.49 5.06 0.38 -7.41 5.04 0.37 -7.33 5.04 1.15 -7.41 5.06 1.17
4 16 -7.41 5.06 1.17 -7.33 5.04 1.15 -7.17 5.04 1.92 -7.25 5.06 1.94
4 16 -7.25 5.06 1.94 -7.17 5.04 1.92 -6.92 5.04 2.66 -7 5.06 2.69
4 16 -7 5.06 2.69 -6.92 5.04 2.66 -6.6 5.04 3.38 -6.68 5.06 3.42
3 16 -6.17 5.05 4.2 -6.21 5.04 4.05 -6.13 5.04 4.17
3 16 -3.32 5.25 -7.04 -3.33 5.27 -7.05 -3.01 5.25 -7.2
4 16 -1.37 4.33 -7.73 -1.51 4.45 -7.69 -1.62 4.6 -7.68 -1.48 4.48 -7.71
3 16 -1.7 4.51 -7.6 -1.71 4.5 -7.58 -1.85 4.59 -7.53
3 16 -2.25 4.91 -7.43 -2.24 4.94 -7.46 -2.09 4.86 -7.51
3 16 -2.85 5.15 -7.21 -2.69 5.12 -7.28 -2.69 5.08 -7.24
3 16 -1.79 4.95 -7.67 -1.76 4.93 -7.67 -1.69 4.8 -7.69
3 16 -1.67 4.39 -7.54 -1.75 4.44 -7.5 -1.74 4.46 -7.52
3 16 -3.15 5.04 -6.66 -3.04 5.04 -6.78 -3.02 5.03 -6.75
3 16 -3.02 5.03 -6.75 -3.04 5.04 -6.78 -2.91 5.02 -6.86
3 16 -3.02 5.03 -6.75 -2.91 5.02 -6.86 -2.92 5.02 -6.81
3 16 -2.92 5.02 -6.81 -2.91 5.02 -6.86 -2.79 5 -6.94
3 16 -2.92 5.02 -6.81 -2.79 5 -6.94 -2.77 4.99 -6.9
3 16 -2.77 4.99 -6.9 -2.79 5 -6.94 -2.66 4.96 -7.02
3 16 -2.77 4.99 -6.9 -2.66 4.96 -7.02 -2.68 4.96 -6.96
3 16 -2.68 4.96 -6.96 -2.66 4.96 -7.02 -2.57 4.92 -7.03
3 16 -2.57 4.92 -7.03 -2.66 4.96 -7.02 -2.53 4.91 -7.09
3 16 -2.57 4.92 -7.03 -2.53 4.91 -7.09 -2.52 4.9 -7.06
3 16 -2.52 4.9 -7.06 -2.53 4.91 -7.09 -2.44 4.87 -7.11
3 16 -2.44 4.87 -7.11 -2.53 4.91 -7.09 -2.4 4.86 -7.16
3 16 -2.44 4.87 -7.11 -2.4 4.86 -7.16 -2.41 4.85 -7.12
3 16 -2.27 4.78 -7.21 -2.33 4.81 -7.17 -2.4 4.86 -7.16
3 16 -2.4 4.86 -7.16 -2.33 4.81 -7.17 -2.4 4.85 -7.13
3 16 -2.4 4.86 -7.16 -2.4 4.85 -7.13 -2.41 4.85 -7.12
3 16 -2.4 4.86 -7.16 -2.27 4.79 -7.24 -2.27 4.78 -7.21
3 16 -2.27 4.78 -7.21 -2.27 4.79 -7.24 -2.14 4.72 -7.31
3 16 -2.27 4.78 -7.21 -2.14 4.72 -7.31 -2.14 4.71 -7.28
3 16 -2.01 4.62 -7.36 -2.09 4.67 -7.31 -2.14 4.72 -7.31
3 16 -2.09 4.67 -7.31 -2.09 4.67 -7.31 -2.14 4.72 -7.31
3 16 -2.14 4.72 -7.31 -2.09 4.67 -7.31 -2.11 4.68 -7.3
3 16 -2.14 4.72 -7.31 -2.11 4.68 -7.3 -2.14 4.71 -7.28
3 16 -1.85 4.51 -7.45 -1.88 4.54 -7.43 -1.88 4.55 -7.45
3 16 -1.88 4.55 -7.45 -1.88 4.54 -7.43 -2.01 4.62 -7.36
3 16 -1.88 4.55 -7.45 -2.01 4.62 -7.36 -2.01 4.64 -7.38
3 16 -2.01 4.64 -7.38 -2.01 4.62 -7.36 -2.14 4.72 -7.31
3 16 -1.74 4.46 -7.52 -1.75 4.44 -7.5 -1.88 4.55 -7.45
3 16 -1.88 4.55 -7.45 -1.75 4.44 -7.5 -1.83 4.5 -7.46
3 16 -1.88 4.55 -7.45 -1.83 4.5 -7.46 -1.85 4.51 -7.45
3 16 -1.47 4.25 -7.64 -1.57 4.32 -7.6 -1.6 4.36 -7.59
3 16 -1.6 4.36 -7.59 -1.57 4.32 -7.6 -1.61 4.34 -7.58
3 16 -1.6 4.36 -7.59 -1.61 4.34 -7.58 -1.61 4.35 -7.57
3 16 -1.3 4.15 -7.71 -1.31 4.14 -7.71 -1.34 4.16 -7.7
3 16 -1.31 4.14 -7.71 -1.3 4.15 -7.71 -1.27 4.11 -7.72
3 16 -1.27 4.11 -7.72 -1.3 4.15 -7.71 -1.29 4.16 -7.72
3 16 -1.27 4.11 -7.72 -1.29 4.16 -7.72 -1.23 4.09 -7.73
3 16 -1.23 4.09 -7.73 -1.29 4.16 -7.72 -1.21 4.1 -7.75
3 16 -1.23 4.09 -7.73 -1.21 4.1 -7.75 -1.17 4.05 -7.75
3 16 -1.17 4.05 -7.75 -1.21 4.1 -7.75 -1.13 4.04 -7.77
3 16 -1.17 4.05 -7.75 -1.13 4.04 -7.77 -1.15 4.03 -7.76
3 16 -1.15 4.03 -7.76 -1.13 4.04 -7.77 -1.05 3.99 -7.79
3 16 -1.15 4.03 -7.76 -1.05 3.99 -7.79 -1.06 3.98 -7.78
3 16 -0.91 4 -7.82 -0.94 3.99 -7.82 -1.16 4.27 -7.79
3 16 -0.91 4 -7.82 -1.16 4.27 -7.79 -1.13 4.28 -7.79
3 16 -1.13 4.28 -7.79 -1.16 4.27 -7.79 -1.42 4.54 -7.74
3 16 -1.13 4.28 -7.79 -1.42 4.54 -7.74 -1.39 4.58 -7.75
4 16 -1.79 4.95 -7.67 -1.69 4.8 -7.69 -1.99 5.02 -7.61 -1.96 5.08 -7.63
4 16 -1.96 5.08 -7.63 -2.32 5.21 -7.52 -2.3 5.24 -7.53 -2.12 5.18 -7.58
3 16 -2.12 5.18 -7.58 -2.3 5.24 -7.53 -2.29 5.27 -7.53
3 16 -2.29 5.27 -7.53 -2.3 5.24 -7.53 -2.49 5.36 -7.47
3 16 -2.49 5.36 -7.47 -2.3 5.24 -7.53 -2.65 5.38 -7.41
3 16 -2.49 5.36 -7.47 -2.65 5.38 -7.41 -2.64 5.42 -7.42
3 16 -2.64 5.42 -7.42 -2.65 5.38 -7.41 -2.89 5.49 -7.32
3 16 -2.89 5.49 -7.32 -2.65 5.38 -7.41 -3 5.47 -7.28
3 16 -2.89 5.49 -7.32 -3 5.47 -7.28 -2.94 5.5 -7.3
3 16 -2.94 5.5 -7.3 -3 5.47 -7.28 -3.24 5.54 -7.18
3 16 -3.24 5.54 -7.18 -3 5.47 -7.28 -3.36 5.5 -7.12
3 16 -3.24 5.54 -7.18 -3.36 5.5 -7.12 -3.36 5.54 -7.12
3 16 -3.11 5.1 -6.95 -3.27 5.12 -6.91 -3.12 5.12 -6.99
3 16 -3.12 5.12 -6.99 -3.27 5.12 -6.91 -3.27 5.13 -6.93
3 16 -3.12 5.12 -6.99 -3.27 5.13 -6.93 -3.14 5.15 -7.03
3 16 -3.21 5.06 -6.78 -3.23 5.07 -6.83 -3.09 5.07 -6.91
3 16 -3.09 5.07 -6.91 -3.23 5.07 -6.83 -3.24 5.09 -6.86
3 16 -3.09 5.07 -6.91 -3.24 5.09 -6.86 -3.11 5.1 -6.95
3 16 -3.11 5.1 -6.95 -3.24 5.09 -6.86 -3.25 5.09 -6.87
3 16 -3.11 5.1 -6.95 -3.25 5.09 -6.87 -3.27 5.12 -6.91
3 16 -3 5.18 -7.14 -2.85 5.15 -7.21 -2.84 5.12 -7.17
3 16 -3 5.18 -7.14 -2.84 5.12 -7.17 -2.99 5.14 -7.1
3 16 -2.99 5.14 -7.1 -2.84 5.12 -7.17 -2.84 5.09 -7.14
3 16 -2.99 5.14 -7.1 -2.84 5.09 -7.14 -2.98 5.11 -7.07
3 16 -2.98 5.11 -7.07 -2.84 5.09 -7.14 -2.83 5.06 -7.1
3 16 -2.98 5.11 -7.07 -2.83 5.06 -7.1 -2.97 5.08 -7.03
3 16 -2.97 5.08 -7.03 -2.83 5.06 -7.1 -2.82 5.04 -7.06
3 16 -2.97 5.08 -7.03 -2.82 5.04 -7.06 -2.96 5.06 -6.99
3 16 -2.85 5.15 -7.21 -2.69 5.08 -7.24 -2.84 5.12 -7.17
3 16 -2.84 5.12 -7.17 -2.69 5.08 -7.24 -2.69 5.05 -7.21
3 16 -2.84 5.12 -7.17 -2.69 5.05 -7.21 -2.84 5.09 -7.14
3 16 -2.84 5.09 -7.14 -2.69 5.05 -7.21 -2.69 5.03 -7.17
3 16 -2.84 5.09 -7.14 -2.69 5.03 -7.17 -2.83 5.06 -7.1
3 16 -2.83 5.06 -7.1 -2.69 5.03 -7.17 -2.68 5.01 -7.13
3 16 -2.83 5.06 -7.1 -2.68 5.01 -7.13 -2.82 5.04 -7.06
3 16 -2.69 5.12 -7.28 -2.55 5.04 -7.31 -2.69 5.08 -7.24
3 16 -2.69 5.08 -7.24 -2.55 5.04 -7.31 -2.55 5.01 -7.28
3 16 -2.69 5.08 -7.24 -2.55 5.01 -7.28 -2.69 5.05 -7.21
3 16 -2.69 5.05 -7.21 -2.55 5.01 -7.28 -2.55 4.98 -7.24
3 16 -2.69 5.05 -7.21 -2.55 4.98 -7.24 -2.69 5.03 -7.17
3 16 -2.69 5.03 -7.17 -2.55 4.98 -7.24 -2.55 4.96 -7.2
3 16 -2.69 5.03 -7.17 -2.55 4.96 -7.2 -2.68 5.01 -7.13
3 16 -2.68 5.01 -7.13 -2.55 4.96 -7.2 -2.68 4.99 -7.09
3 16 -2.68 5.01 -7.13 -2.68 4.99 -7.09 -2.82 5.04 -7.06
3 16 -2.82 5.04 -7.06 -2.68 4.99 -7.09 -2.81 5.02 -7.02
3 16 -2.82 5.04 -7.06 -2.81 5.02 -7.02 -2.96 5.06 -6.99
3 16 -2.96 5.06 -6.99 -2.81 5.02 -7.02 -2.94 5.04 -6.94
3 16 -2.96 5.06 -6.99 -2.94 5.04 -6.94 -3.08 5.06 -6.87
3 16 -3.08 5.06 -6.87 -2.94 5.04 -6.94 -3.06 5.04 -6.82
3 16 -3.08 5.06 -6.87 -3.06 5.04 -6.82 -3.19 5.05 -6.74
3 16 -3.19 5.05 -6.74 -3.06 5.04 -6.82 -3.17 5.04 -6.71
3 16 -2.39 5.01 -7.4 -2.24 4.94 -7.46 -2.4 4.98 -7.37
3 16 -2.4 4.98 -7.37 -2.24 4.94 -7.46 -2.25 4.91 -7.43
3 16 -2.4 4.98 -7.37 -2.25 4.91 -7.43 -2.4 4.95 -7.34
3 16 -2.41 4.93 -7.31 -2.4 4.95 -7.34 -2.26 4.89 -7.4
3 16 -2.26 4.89 -7.4 -2.4 4.95 -7.34 -2.25 4.91 -7.43
3 16 -2.26 4.89 -7.4 -2.25 4.91 -7.43 -2.1 4.83 -7.49
3 16 -2.1 4.83 -7.49 -2.25 4.91 -7.43 -2.09 4.86 -7.51
4 16 -2.1 4.83 -7.49 -2.09 4.86 -7.51 -1.96 4.74 -7.54 -1.97 4.72 -7.52
3 16 -1.96 4.74 -7.54 -2.09 4.86 -7.51 -1.94 4.77 -7.56
3 16 -1.96 4.74 -7.54 -1.94 4.77 -7.56 -1.81 4.65 -7.59
3 16 -1.81 4.65 -7.59 -1.83 4.63 -7.57 -1.96 4.74 -7.54
3 16 -1.96 4.74 -7.54 -1.83 4.63 -7.57 -1.97 4.72 -7.52
4 16 -2.1 4.83 -7.49 -1.97 4.72 -7.52 -1.98 4.7 -7.49 -2.11 4.81 -7.46
3 16 -2.1 4.83 -7.49 -2.11 4.81 -7.46 -2.26 4.89 -7.4
3 16 -2.26 4.89 -7.4 -2.11 4.81 -7.46 -2.26 4.86 -7.37
3 16 -2.26 4.89 -7.4 -2.26 4.86 -7.37 -2.41 4.93 -7.31
3 16 -2.41 4.93 -7.31 -2.26 4.86 -7.37 -2.41 4.91 -7.27
3 16 -1.81 4.65 -7.59 -1.68 4.53 -7.62 -1.83 4.63 -7.57
3 16 -1.83 4.63 -7.57 -1.68 4.53 -7.62 -1.84 4.61 -7.55
3 16 -1.83 4.63 -7.57 -1.84 4.61 -7.55 -1.97 4.72 -7.52
3 16 -1.97 4.72 -7.52 -1.84 4.61 -7.55 -1.98 4.7 -7.49
3 16 -2.11 4.81 -7.46 -1.98 4.7 -7.49 -2.12 4.79 -7.43
3 16 -2.11 4.81 -7.46 -2.12 4.79 -7.43 -2.26 4.86 -7.37
3 16 -2.26 4.86 -7.37 -2.12 4.79 -7.43 -2.27 4.84 -7.34
3 16 -2.26 4.86 -7.37 -2.27 4.84 -7.34 -2.41 4.91 -7.27
3 16 -1.68 4.53 -7.62 -1.7 4.51 -7.6 -1.84 4.61 -7.55
3 16 -1.84 4.61 -7.55 -1.7 4.51 -7.6 -1.85 4.59 -7.53
3 16 -1.84 4.61 -7.55 -1.85 4.59 -7.53 -1.98 4.7 -7.49
3 16 -1.98 4.7 -7.49 -1.85 4.59 -7.53 -1.99 4.68 -7.47
3 16 -1.98 4.7 -7.49 -1.99 4.68 -7.47 -2.12 4.79 -7.43
3 16 -2.12 4.79 -7.43 -1.99 4.68 -7.47 -2.13 4.77 -7.4
3 16 -2.12 4.79 -7.43 -2.13 4.77 -7.4 -2.27 4.84 -7.34
3 16 -1.28 4.16 -7.73 -1.27 4.17 -7.74 -1.19 4.12 -7.76
3 16 -1.19 4.12 -7.76 -1.27 4.17 -7.74 -1.25 4.19 -7.75
3 16 -1.19 4.12 -7.76 -1.25 4.19 -7.75 -1.12 4.06 -7.78
3 16 -1.27 4.17 -7.74 -1.41 4.3 -7.7 -1.25 4.19 -7.75
3 16 -1.25 4.19 -7.75 -1.41 4.3 -7.7 -1.4 4.31 -7.71
3 16 -1.25 4.19 -7.75 -1.4 4.31 -7.71 -1.37 4.33 -7.73
3 16 -1.37 4.33 -7.73 -1.4 4.31 -7.71 -1.53 4.44 -7.68
3 16 -1.37 4.33 -7.73 -1.53 4.44 -7.68 -1.51 4.45 -7.69
3 16 -2.54 4.94 -7.17 -2.41 4.91 -7.27 -2.41 4.89 -7.24
3 16 -2.41 4.89 -7.24 -2.41 4.91 -7.27 -2.27 4.84 -7.34
3 16 -2.41 4.89 -7.24 -2.27 4.84 -7.34 -2.27 4.82 -7.31
3 16 -2.27 4.82 -7.31 -2.27 4.84 -7.34 -2.13 4.77 -7.4
3 16 -2.27 4.82 -7.31 -2.13 4.77 -7.4 -2.13 4.75 -7.37
3 16 -2.13 4.75 -7.37 -2.13 4.77 -7.4 -1.99 4.68 -7.47
3 16 -2.13 4.75 -7.37 -1.99 4.68 -7.47 -2 4.67 -7.44
3 16 -2 4.67 -7.44 -1.99 4.68 -7.47 -1.85 4.59 -7.53
3 16 -2 4.67 -7.44 -1.85 4.59 -7.53 -1.86 4.58 -7.5
3 16 -1.86 4.58 -7.5 -1.85 4.59 -7.53 -1.71 4.5 -7.58
3 16 -1.86 4.58 -7.5 -1.71 4.5 -7.58 -1.72 4.48 -7.56
3 16 -2.67 4.97 -7.05 -2.54 4.94 -7.17 -2.54 4.92 -7.13
3 16 -2.54 4.92 -7.13 -2.54 4.94 -7.17 -2.41 4.89 -7.24
3 16 -2.54 4.92 -7.13 -2.41 4.89 -7.24 -2.4 4.87 -7.2
3 16 -2.4 4.87 -7.2 -2.41 4.89 -7.24 -2.27 4.82 -7.31
3 16 -2.4 4.87 -7.2 -2.27 4.82 -7.31 -2.27 4.8 -7.27
3 16 -2.27 4.8 -7.27 -2.27 4.82 -7.31 -2.13 4.75 -7.37
3 16 -2.27 4.8 -7.27 -2.13 4.75 -7.37 -2.14 4.73 -7.34
3 16 -2.14 4.73 -7.34 -2.13 4.75 -7.37 -2 4.67 -7.44
3 16 -2.14 4.73 -7.34 -2 4.67 -7.44 -2.01 4.65 -7.41
3 16 -2.01 4.65 -7.41 -2 4.67 -7.44 -1.86 4.58 -7.5
3 16 -2.01 4.65 -7.41 -1.86 4.58 -7.5 -1.87 4.56 -7.48
3 16 -1.87 4.56 -7.48 -1.86 4.58 -7.5 -1.72 4.48 -7.56
3 16 -1.87 4.56 -7.48 -1.72 4.48 -7.56 -1.73 4.47 -7.54
3 16 -3.04 5.04 -6.78 -2.93 5.03 -6.9 -2.91 5.02 -6.86
3 16 -2.91 5.02 -6.86 -2.93 5.03 -6.9 -2.8 5.01 -6.98
3 16 -2.91 5.02 -6.86 -2.8 5.01 -6.98 -2.79 5 -6.94
3 16 -2.79 5 -6.94 -2.8 5.01 -6.98 -2.67 4.97 -7.05
3 16 -2.79 5 -6.94 -2.67 4.97 -7.05 -2.66 4.96 -7.02
3 16 -2.66 4.96 -7.02 -2.67 4.97 -7.05 -2.54 4.92 -7.13
3 16 -2.66 4.96 -7.02 -2.54 4.92 -7.13 -2.53 4.91 -7.09
3 16 -2.53 4.91 -7.09 -2.54 4.92 -7.13 -2.4 4.87 -7.2
3 16 -2.53 4.91 -7.09 -2.4 4.87 -7.2 -2.4 4.86 -7.16
3 16 -2.4 4.86 -7.16 -2.4 4.87 -7.2 -2.27 4.8 -7.27
3 16 -2.4 4.86 -7.16 -2.27 4.8 -7.27 -2.27 4.79 -7.24
3 16 -2.27 4.79 -7.24 -2.27 4.8 -7.27 -2.14 4.73 -7.34
3 16 -2.27 4.79 -7.24 -2.14 4.73 -7.34 -2.14 4.72 -7.31
3 16 -2.14 4.72 -7.31 -2.14 4.73 -7.34 -2.01 4.65 -7.41
3 16 -2.14 4.72 -7.31 -2.01 4.65 -7.41 -2.01 4.64 -7.38
3 16 -2.01 4.64 -7.38 -2.01 4.65 -7.41 -1.87 4.56 -7.48
3 16 -2.01 4.64 -7.38 -1.87 4.56 -7.48 -1.88 4.55 -7.45
3 16 -1.88 4.55 -7.45 -1.87 4.56 -7.48 -1.73 4.47 -7.54
3 16 -1.88 4.55 -7.45 -1.73 4.47 -7.54 -1.74 4.46 -7.52
3 16 -1.61 4.35 -7.57 -1.67 4.39 -7.54 -1.6 4.36 -7.59
3 16 -1.6 4.36 -7.59 -1.67 4.39 -7.54 -1.74 4.46 -7.52
3 16 -1.6 4.36 -7.59 -1.74 4.46 -7.52 -1.59 4.37 -7.61
3 16 -1.59 4.37 -7.61 -1.74 4.46 -7.52 -1.73 4.47 -7.54
3 16 -1.59 4.37 -7.61 -1.73 4.47 -7.54 -1.58 4.38 -7.62
3 16 -1.58 4.38 -7.62 -1.73 4.47 -7.54 -1.72 4.48 -7.56
3 16 -1.58 4.38 -7.62 -1.72 4.48 -7.56 -1.57 4.4 -7.64
3 16 -1.57 4.4 -7.64 -1.72 4.48 -7.56 -1.71 4.5 -7.58
3 16 -1.57 4.4 -7.64 -1.71 4.5 -7.58 -1.56 4.41 -7.65
3 16 -1.56 4.41 -7.65 -1.71 4.5 -7.58 -1.7 4.51 -7.6
3 16 -1.56 4.41 -7.65 -1.7 4.51 -7.6 -1.54 4.42 -7.67
3 16 -1.54 4.42 -7.67 -1.7 4.51 -7.6 -1.68 4.53 -7.62
3 16 -1.54 4.42 -7.67 -1.68 4.53 -7.62 -1.67 4.55 -7.64
3 16 -1.67 4.55 -7.64 -1.68 4.53 -7.62 -1.81 4.65 -7.59
3 16 -1.67 4.55 -7.64 -1.81 4.65 -7.59 -1.8 4.67 -7.61
3 16 -1.8 4.67 -7.61 -1.81 4.65 -7.59 -1.94 4.77 -7.56
3 16 -1.29 4.16 -7.72 -1.28 4.16 -7.73 -1.21 4.1 -7.75
3 16 -1.21 4.1 -7.75 -1.28 4.16 -7.73 -1.19 4.12 -7.76
3 16 -1.21 4.1 -7.75 -1.19 4.12 -7.76 -1.13 4.04 -7.77
3 16 -1.13 4.04 -7.77 -1.19 4.12 -7.76 -1.12 4.06 -7.78
3 16 -1.13 4.04 -7.77 -1.12 4.06 -7.78 -1.05 3.99 -7.79
3 16 -1.34 4.16 -7.7 -1.38 4.19 -7.68 -1.3 4.15 -7.71
3 16 -1.3 4.15 -7.71 -1.38 4.19 -7.68 -1.46 4.25 -7.66
3 16 -1.3 4.15 -7.71 -1.46 4.25 -7.66 -1.29 4.16 -7.72
3 16 -1.29 4.16 -7.72 -1.46 4.25 -7.66 -1.44 4.27 -7.67
3 16 -1.29 4.16 -7.72 -1.44 4.27 -7.67 -1.28 4.16 -7.73
3 16 -1.28 4.16 -7.73 -1.44 4.27 -7.67 -1.43 4.28 -7.68
3 16 -1.28 4.16 -7.73 -1.43 4.28 -7.68 -1.27 4.17 -7.74
3 16 -1.27 4.17 -7.74 -1.43 4.28 -7.68 -1.42 4.29 -7.69
3 16 -1.27 4.17 -7.74 -1.42 4.29 -7.69 -1.41 4.3 -7.7
3 16 -1.77 4.71 -7.64 -1.78 4.69 -7.63 -1.93 4.79 -7.58
3 16 -2.01 4.99 -7.6 -1.71 4.78 -7.68 -1.88 4.86 -7.63
3 16 -1.88 4.86 -7.63 -1.71 4.78 -7.68 -1.73 4.75 -7.67
3 16 -1.88 4.86 -7.63 -1.73 4.75 -7.67 -1.9 4.84 -7.62
3 16 -1.9 4.84 -7.62 -1.73 4.75 -7.67 -1.77 4.71 -7.64
3 16 -1.9 4.84 -7.62 -1.77 4.71 -7.64 -1.91 4.81 -7.6
3 16 -1.91 4.81 -7.6 -1.77 4.71 -7.64 -1.93 4.79 -7.58
3 16 -1.62 4.6 -7.68 -1.66 4.56 -7.65 -1.78 4.69 -7.63
4 16 -1.76 4.93 -7.67 -1.39 4.58 -7.75 -1.42 4.54 -7.74 -1.69 4.8 -7.69
3 16 -1.69 4.8 -7.69 -1.42 4.54 -7.74 -1.59 4.64 -7.7
3 16 -1.45 4.51 -7.73 -1.31 4.38 -7.76 -1.34 4.36 -7.75
3 16 -1.34 4.36 -7.75 -1.31 4.38 -7.76 -1.2 4.23 -7.77
3 16 -1.34 4.36 -7.75 -1.2 4.23 -7.77 -1.23 4.21 -7.76
3 16 -1.23 4.21 -7.76 -1.2 4.23 -7.77 -1.08 4.08 -7.79
3 16 -1.23 4.21 -7.76 -1.08 4.08 -7.79 -1.1 4.07 -7.79
3 16 -1.1 4.07 -7.79 -1.08 4.08 -7.79 -0.99 3.98 -7.81
3 16 -1.1 4.07 -7.79 -0.99 3.98 -7.81 -1.01 3.97 -7.8
3 16 -1.31 4.38 -7.76 -1.18 4.25 -7.78 -1.2 4.23 -7.77
3 16 -1.2 4.23 -7.77 -1.18 4.25 -7.78 -1.07 4.09 -7.8
3 16 -1.2 4.23 -7.77 -1.07 4.09 -7.8 -1.08 4.08 -7.79
3 16 -1.08 4.08 -7.79 -1.07 4.09 -7.8 -0.97 3.98 -7.81
3 16 -1.08 4.08 -7.79 -0.97 3.98 -7.81 -0.99 3.98 -7.81
3 16 -1.04 3.96 -7.79 -1.06 3.98 -7.78 -1.02 3.97 -7.8
3 16 -1.02 3.97 -7.8 -1.06 3.98 -7.78 -1.05 3.99 -7.79
3 16 -1.02 3.97 -7.8 -1.05 3.99 -7.79 -1.01 3.97 -7.8
3 16 -1.01 3.97 -7.8 -1.05 3.99 -7.79 -1.12 4.06 -7.78
3 16 -1.01 3.97 -7.8 -1.12 4.06 -7.78 -1.1 4.07 -7.79
3 16 -1.1 4.07 -7.79 -1.12 4.06 -7.78 -1.25 4.19 -7.75
3 16 -1.1 4.07 -7.79 -1.25 4.19 -7.75 -1.23 4.21 -7.76
3 16 -1.23 4.21 -7.76 -1.25 4.19 -7.75 -1.37 4.33 -7.73
3 16 -1.23 4.21 -7.76 -1.37 4.33 -7.73 -1.34 4.36 -7.75
3 16 -1.34 4.36 -7.75 -1.37 4.33 -7.73 -1.48 4.48 -7.71
4 16 -1.34 4.36 -7.75 -1.48 4.48 -7.71 -1.59 4.64 -7.7 -1.45 4.51 -7.73
3 16 -1.53 4.44 -7.68 -1.66 4.56 -7.65 -1.51 4.45 -7.69
3 16 -1.51 4.45 -7.69 -1.66 4.56 -7.65 -1.62 4.6 -7.68
4 16 -1.48 4.48 -7.71 -1.62 4.6 -7.68 -1.73 4.75 -7.67 -1.59 4.64 -7.7
3 16 -1.45 4.51 -7.73 -1.59 4.64 -7.7 -1.42 4.54 -7.74
3 16 -1.45 4.51 -7.73 -1.42 4.54 -7.74 -1.31 4.38 -7.76
3 16 -1.31 4.38 -7.76 -1.42 4.54 -7.74 -1.16 4.27 -7.79
3 16 -1.31 4.38 -7.76 -1.16 4.27 -7.79 -1.18 4.25 -7.78
3 16 -1.18 4.25 -7.78 -1.16 4.27 -7.79 -0.94 3.99 -7.82
3 16 -1.18 4.25 -7.78 -0.94 3.99 -7.82 -1.07 4.09 -7.8
3 16 -1.07 4.09 -7.8 -0.94 3.99 -7.82 -0.96 3.98 -7.81
3 16 -1.07 4.09 -7.8 -0.96 3.98 -7.81 -0.97 3.98 -7.81
3 16 -1.96 5.08 -7.63 -1.99 5.02 -7.61 -2.32 5.21 -7.52
3 16 -2.3 5.24 -7.53 -2.32 5.21 -7.52 -2.66 5.34 -7.4
3 16 -2.3 5.24 -7.53 -2.66 5.34 -7.4 -2.65 5.38 -7.41
3 16 -2.65 5.38 -7.41 -2.66 5.34 -7.4 -3.01 5.43 -7.27
3 16 -2.65 5.38 -7.41 -3.01 5.43 -7.27 -3 5.47 -7.28
3 16 -3 5.47 -7.28 -3.01 5.43 -7.27 -3.36 5.45 -7.11
3 16 -3 5.47 -7.28 -3.36 5.45 -7.11 -3.36 5.5 -7.12
3 16 -1.78 4.69 -7.63 -1.77 4.71 -7.64 -1.62 4.6 -7.68
3 16 -1.62 4.6 -7.68 -1.77 4.71 -7.64 -1.73 4.75 -7.67
3 16 -1.59 4.64 -7.7 -1.73 4.75 -7.67 -1.71 4.78 -7.68
3 16 -1.59 4.64 -7.7 -1.71 4.78 -7.68 -1.69 4.8 -7.69
3 16 -1.69 4.8 -7.69 -1.71 4.78 -7.68 -2.01 4.99 -7.6
3 16 -1.69 4.8 -7.69 -2.01 4.99 -7.6 -1.99 5.02 -7.61
3 16 -1.99 5.02 -7.61 -2.01 4.99 -7.6 -2.33 5.17 -7.51
3 16 -1.99 5.02 -7.61 -2.33 5.17 -7.51 -2.32 5.21 -7.52
3 16 -2.32 5.21 -7.52 -2.33 5.17 -7.51 -2.67 5.3 -7.39
3 16 -2.32 5.21 -7.52 -2.67 5.3 -7.39 -2.66 5.34 -7.4
3 16 -2.66 5.34 -7.4 -2.67 5.3 -7.39 -3.01 5.38 -7.26
3 16 -2.66 5.34 -7.4 -3.01 5.38 -7.26 -3.01 5.43 -7.27
3 16 -3.01 5.43 -7.27 -3.01 5.38 -7.26 -3.36 5.41 -7.1
3 16 -3.01 5.43 -7.27 -3.36 5.41 -7.1 -3.36 5.45 -7.11
3 16 -3.33 5.27 -7.05 -3.34 5.33 -7.08 -3.01 5.3 -7.22
3 16 -3.32 5.25 -7.04 -3.01 5.25 -7.2 -3.32 5.23 -7.02
3 16 -2.69 5.19 -7.33 -2.69 5.15 -7.31 -3.01 5.21 -7.17
3 16 -3.27 5.13 -6.93 -3.28 5.15 -6.95 -3.14 5.15 -7.03
3 16 -3.14 5.15 -7.03 -3.28 5.15 -6.95 -3.3 5.19 -6.99
3 16 -3.14 5.15 -7.03 -3.3 5.19 -6.99 -3.15 5.19 -7.06
3 16 -3.15 5.19 -7.06 -3.3 5.19 -6.99 -3.32 5.23 -7.02
3 16 -3.15 5.19 -7.06 -3.32 5.23 -7.02 -3.01 5.21 -7.17
3 16 -3.01 5.21 -7.17 -3.32 5.23 -7.02 -3.01 5.25 -7.2
3 16 -3.01 5.21 -7.17 -3.01 5.25 -7.2 -2.69 5.19 -7.33
3 16 -3.01 5.3 -7.22 -3.01 5.34 -7.24 -2.68 5.26 -7.38
3 16 -3.01 5.3 -7.22 -2.68 5.26 -7.38 -2.68 5.22 -7.36
3 16 -2.68 5.22 -7.36 -2.68 5.26 -7.38 -2.35 5.14 -7.49
3 16 -2.68 5.22 -7.36 -2.35 5.14 -7.49 -2.36 5.1 -7.47
3 16 -2.36 5.1 -7.47 -2.35 5.14 -7.49 -2.03 4.97 -7.59
3 16 -2.36 5.1 -7.47 -2.03 4.97 -7.59 -2.05 4.94 -7.57
3 16 -2.37 5.07 -7.45 -2.06 4.91 -7.56 -2.38 5.04 -7.43
3 16 -2.38 5.04 -7.43 -2.06 4.91 -7.56 -2.08 4.88 -7.53
3 16 -2.69 5.19 -7.33 -2.37 5.07 -7.45 -2.69 5.15 -7.31
3 16 -2.69 5.15 -7.31 -2.37 5.07 -7.45 -2.38 5.04 -7.43
3 16 -2.69 5.15 -7.31 -2.38 5.04 -7.43 -2.54 5.07 -7.34
3 16 -3.33 5.27 -7.05 -3.01 5.3 -7.22 -3.01 5.25 -7.2
3 16 -3.01 5.25 -7.2 -3.01 5.3 -7.22 -2.68 5.22 -7.36
3 16 -3.01 5.25 -7.2 -2.68 5.22 -7.36 -2.69 5.19 -7.33
3 16 -2.69 5.19 -7.33 -2.68 5.22 -7.36 -2.36 5.1 -7.47
3 16 -2.69 5.19 -7.33 -2.36 5.1 -7.47 -2.37 5.07 -7.45
3 16 -2.37 5.07 -7.45 -2.36 5.1 -7.47 -2.05 4.94 -7.57
3 16 -2.37 5.07 -7.45 -2.05 4.94 -7.57 -2.06 4.91 -7.56
3 16 -3.19 5.05 -6.74 -3.21 5.06 -6.78 -3.08 5.06 -6.87
3 16 -3.08 5.06 -6.87 -3.21 5.06 -6.78 -3.09 5.07 -6.91
3 16 -3.08 5.06 -6.87 -3.09 5.07 -6.91 -2.96 5.06 -6.99
3 16 -2.96 5.06 -6.99 -3.09 5.07 -6.91 -3.11 5.1 -6.95
3 16 -2.96 5.06 -6.99 -3.11 5.1 -6.95 -2.97 5.08 -7.03
3 16 -2.97 5.08 -7.03 -3.11 5.1 -6.95 -3.12 5.12 -6.99
3 16 -2.97 5.08 -7.03 -3.12 5.12 -6.99 -2.98 5.11 -7.07
3 16 -2.98 5.11 -7.07 -3.12 5.12 -6.99 -3.14 5.15 -7.03
3 16 -2.98 5.11 -7.07 -3.14 5.15 -7.03 -2.99 5.14 -7.1
3 16 -2.99 5.14 -7.1 -3.14 5.15 -7.03 -3.15 5.19 -7.06
3 16 -2.99 5.14 -7.1 -3.15 5.19 -7.06 -3 5.18 -7.14
3 16 -3 5.18 -7.14 -3.15 5.19 -7.06 -3.01 5.21 -7.17
3 16 -3 5.18 -7.14 -3.01 5.21 -7.17 -2.85 5.15 -7.21
3 16 -2.85 5.15 -7.21 -3.01 5.21 -7.17 -2.69 5.15 -7.31
3 16 -2.85 5.15 -7.21 -2.69 5.15 -7.31 -2.69 5.12 -7.28
3 16 -2.69 5.12 -7.28 -2.69 5.15 -7.31 -2.54 5.07 -7.34
3 16 -2.69 5.12 -7.28 -2.54 5.07 -7.34 -2.55 5.04 -7.31
3 16 -1.93 4.79 -7.58 -2.08 4.88 -7.53 -1.91 4.81 -7.6
3 16 -1.91 4.81 -7.6 -2.08 4.88 -7.53 -2.06 4.91 -7.56
3 16 -1.91 4.81 -7.6 -2.06 4.91 -7.56 -1.9 4.84 -7.62
3 16 -1.9 4.84 -7.62 -2.06 4.91 -7.56 -2.05 4.94 -7.57
3 16 -1.9 4.84 -7.62 -2.05 4.94 -7.57 -1.88 4.86 -7.63
3 16 -1.88 4.86 -7.63 -2.05 4.94 -7.57 -2.03 4.97 -7.59
3 16 -1.88 4.86 -7.63 -2.03 4.97 -7.59 -2.01 4.99 -7.6
3 16 -2.01 4.99 -7.6 -2.03 4.97 -7.59 -2.35 5.14 -7.49
3 16 -2.01 4.99 -7.6 -2.35 5.14 -7.49 -2.33 5.17 -7.51
3 16 -2.33 5.17 -7.51 -2.35 5.14 -7.49 -2.68 5.26 -7.38
3 16 -2.33 5.17 -7.51 -2.68 5.26 -7.38 -2.67 5.3 -7.39
3 16 -2.67 5.3 -7.39 -2.68 5.26 -7.38 -3.01 5.34 -7.24
3 16 -2.67 5.3 -7.39 -3.01 5.34 -7.24 -3.01 5.38 -7.26
3 16 -3.01 5.38 -7.26 -3.01 5.34 -7.24 -3.35 5.36 -7.09
3 16 -3.01 5.38 -7.26 -3.35 5.36 -7.09 -3.36 5.41 -7.1
3 16 -1.38 4.19 -7.68 -1.47 4.25 -7.64 -1.46 4.25 -7.66
3 16 -1.46 4.25 -7.66 -1.47 4.25 -7.64 -1.6 4.36 -7.59
3 16 -1.46 4.25 -7.66 -1.6 4.36 -7.59 -1.44 4.27 -7.67
3 16 -1.44 4.27 -7.67 -1.6 4.36 -7.59 -1.59 4.37 -7.61
3 16 -1.44 4.27 -7.67 -1.59 4.37 -7.61 -1.43 4.28 -7.68
3 16 -1.43 4.28 -7.68 -1.59 4.37 -7.61 -1.58 4.38 -7.62
3 16 -1.43 4.28 -7.68 -1.58 4.38 -7.62 -1.42 4.29 -7.69
3 16 -1.42 4.29 -7.69 -1.58 4.38 -7.62 -1.57 4.4 -7.64
3 16 -1.42 4.29 -7.69 -1.57 4.4 -7.64 -1.41 4.3 -7.7
3 16 -1.41 4.3 -7.7 -1.57 4.4 -7.64 -1.56 4.41 -7.65
3 16 -1.41 4.3 -7.7 -1.56 4.41 -7.65 -1.4 4.31 -7.71
3 16 -1.4 4.31 -7.71 -1.56 4.41 -7.65 -1.54 4.42 -7.67
3 16 -1.4 4.31 -7.71 -1.54 4.42 -7.67 -1.53 4.44 -7.68
3 16 -1.53 4.44 -7.68 -1.54 4.42 -7.67 -1.67 4.55 -7.64
3 16 -1.53 4.44 -7.68 -1.67 4.55 -7.64 -1.66 4.56 -7.65
3 16 -1.66 4.56 -7.65 -1.67 4.55 -7.64 -1.8 4.67 -7.61
3 16 -1.66 4.56 -7.65 -1.8 4.67 -7.61 -1.78 4.69 -7.63
3 16 -1.78 4.69 -7.63 -1.8 4.67 -7.61 -1.94 4.77 -7.56
3 16 -1.78 4.69 -7.63 -1.94 4.77 -7.56 -1.93 4.79 -7.58
3 16 -1.93 4.79 -7.58 -1.94 4.77 -7.56 -2.09 4.86 -7.51
3 16 -1.93 4.79 -7.58 -2.09 4.86 -7.51 -2.08 4.88 -7.53
3 16 -2.08 4.88 -7.53 -2.09 4.86 -7.51 -2.24 4.94 -7.46
3 16 -2.08 4.88 -7.53 -2.24 4.94 -7.46 -2.38 5.04 -7.43
3 16 -2.38 5.04 -7.43 -2.24 4.94 -7.46 -2.39 5.01 -7.4
3 16 -2.38 5.04 -7.43 -2.39 5.01 -7.4 -2.54 5.07 -7.34
3 16 -2.54 5.07 -7.34 -2.39 5.01 -7.4 -2.4 4.98 -7.37
3 16 -2.54 5.07 -7.34 -2.4 4.98 -7.37 -2.55 5.04 -7.31
3 16 -2.55 5.04 -7.31 -2.4 4.98 -7.37 -2.4 4.95 -7.34
3 16 -2.55 5.04 -7.31 -2.4 4.95 -7.34 -2.55 5.01 -7.28
3 16 -2.55 5.01 -7.28 -2.4 4.95 -7.34 -2.41 4.93 -7.31
3 16 -2.55 5.01 -7.28 -2.41 4.93 -7.31 -2.55 4.98 -7.24
3 16 -2.55 4.98 -7.24 -2.41 4.93 -7.31 -2.41 4.91 -7.27
3 16 -2.55 4.98 -7.24 -2.41 4.91 -7.27 -2.55 4.96 -7.2
3 16 -2.55 4.96 -7.2 -2.41 4.91 -7.27 -2.54 4.94 -7.17
3 16 -2.55 4.96 -7.2 -2.54 4.94 -7.17 -2.68 4.99 -7.09
3 16 -2.68 4.99 -7.09 -2.54 4.94 -7.17 -2.67 4.97 -7.05
3 16 -2.68 4.99 -7.09 -2.67 4.97 -7.05 -2.81 5.02 -7.02
3 16 -2.81 5.02 -7.02 -2.67 4.97 -7.05 -2.8 5.01 -6.98
3 16 -2.81 5.02 -7.02 -2.8 5.01 -6.98 -2.94 5.04 -6.94
3 16 -2.94 5.04 -6.94 -2.8 5.01 -6.98 -2.93 5.03 -6.9
3 16 -2.94 5.04 -6.94 -2.93 5.03 -6.9 -3.06 5.04 -6.82
3 16 -3.06 5.04 -6.82 -2.93 5.03 -6.9 -3.04 5.04 -6.78
3 16 -3.06 5.04 -6.82 -3.04 5.04 -6.78 -3.17 5.04 -6.71
3 16 -3.17 5.04 -6.71 -3.04 5.04 -6.78 -3.15 5.04 -6.66
4 16 3.14 2.63 -8 3.3 2.77 4.09 3.73 2.15 4.09 3.55 2.05 -8
3 16 3.88 1.86 4.09 4.05 1.47 4.11 3.85 1.4 -8
3 16 2.42 -3.6 5.92 2.17 -3.76 6.23 2.05 -3.55 -8
3 16 -1.25 3.91 -7.69 -1.16 3.93 -7.74 -1.4 3.85 -8
3 16 -1.4 3.85 -8 -1.16 3.93 -7.74 -1.04 3.96 -7.79
3 16 -1.4 3.85 -8 -1.04 3.96 -7.79 -1.02 3.97 -7.8
3 16 -1.02 3.97 -7.8 -1.01 3.97 -7.8 -1.4 3.85 -8
3 16 -1.4 3.85 -8 -1.01 3.97 -7.8 -0.99 3.98 -7.81
3 16 -1.4 3.85 -8 -0.99 3.98 -7.81 -0.97 3.98 -7.81
3 16 -0.97 3.98 -7.81 -0.96 3.98 -7.81 -1.4 3.85 -8
3 16 -1.4 3.85 -8 -0.96 3.98 -7.81 -0.94 3.99 -7.82
3 16 -1.4 3.85 -8 -0.94 3.99 -7.82 -0.71 4.03 -8
3 16 -0.71 4.03 -8 -0.94 3.99 -7.82 -0.91 4 -7.82
3 16 -1.89 3.66 -6.58 -1.89 3.66 -6.69 -2.05 3.55 -8
3 16 -1.89 3.66 -6.58 -2.05 3.55 -8 -1.89 3.78 -0.49
3 16 -1.92 3.84 3.1 -1.91 3.84 3.07 -2.15 3.72 3.6
3 16 -1.92 3.84 3.1 -2.15 3.72 3.6 -1.95 3.82 3.22
3 16 -2.14 3.73 3.59 -2.04 3.78 3.43 -2.02 3.79 3.4
3 16 -2.14 3.73 3.59 -2.02 3.79 3.4 -2.15 3.72 3.6
3 16 -2.15 3.72 3.6 -2.02 3.79 3.4 -1.97 3.81 3.27
3 16 -2.15 3.72 3.6 -1.97 3.81 3.27 -1.95 3.82 3.22
3 16 -1.91 3.84 3.07 -1.91 3.84 3.02 -2.15 3.72 3.6
3 16 -2.15 3.72 3.6 -1.91 3.84 3.02 -1.89 3.84 2.89
3 16 -2.15 3.72 3.6 -1.89 3.84 2.89 -1.89 3.84 2.83
3 16 -1.89 3.66 -6.69 -1.87 3.67 -6.8 -2.05 3.55 -8
3 16 -2.05 3.55 -8 -1.87 3.67 -6.8 -1.85 3.67 -6.9
3 16 -2.05 3.55 -8 -1.85 3.67 -6.9 -1.82 3.69 -7.01
3 16 -1.82 3.69 -7.01 -1.77 3.71 -7.11 -2.05 3.55 -8
3 16 -2.05 3.55 -8 -1.77 3.71 -7.11 -1.72 3.73 -7.21
3 16 -2.05 3.55 -8 -1.72 3.73 -7.21 -1.6 3.78 -7.38
3 16 -1.6 3.78 -7.38 -1.51 3.82 -7.48 -2.05 3.55 -8
3 16 -2.05 3.55 -8 -1.51 3.82 -7.48 -1.45 3.84 -7.55
3 16 -2.05 3.55 -8 -1.45 3.84 -7.55 -1.4 3.85 -8
3 16 -1.4 3.85 -8 -1.45 3.84 -7.55 -1.4 3.85 -7.58
3 16 -1.4 3.85 -8 -1.4 3.85 -7.58 -1.25 3.91 -7.69
3 16 -2.63 3.14 -8 -2.76 3.3 4.03 -2.58 3.44 3.96
3 16 -1.89 3.84 2.83 -1.89 3.78 -0.49 -2.15 3.72 3.6
3 16 -2.15 3.72 3.6 -1.89 3.78 -0.49 -2.05 3.55 -8
3 16 -2.15 3.72 3.6 -2.05 3.55 -8 -2.27 3.65 3.73
3 16 -2.27 3.65 3.73 -2.05 3.55 -8 -2.63 3.14 -8
3 16 -2.27 3.65 3.73 -2.63 3.14 -8 -2.42 3.56 3.86
3 16 -2.42 3.56 3.86 -2.63 3.14 -8 -2.58 3.44 3.96
3 16 -2.76 3.3 4.03 -2.63 3.14 -8 -2.95 3.13 4.08
4 16 -2.95 3.13 4.08 -2.63 3.14 -8 -3.14 2.63 -8 -3.15 2.94 4.09
3 16 -3.15 2.94 4.09 -3.14 2.63 -8 -3.3 2.77 4.09
4 16 -3.3 2.77 4.09 -3.14 2.63 -8 -3.55 2.05 -8 -3.73 2.15 4.09
3 16 -4.17 1.06 4.02 -3.85 1.4 -8 -4.24 0.75 3.95
3 16 -4.24 0.75 3.95 -3.85 1.4 -8 -4.03 0.71 -8
3 16 -4.24 0.75 3.95 -4.03 0.71 -8 -4.24 0.72 3.94
3 16 -3.73 2.15 4.09 -3.55 2.05 -8 -3.88 1.86 4.09
3 16 -3.88 1.86 4.09 -3.55 2.05 -8 -3.85 1.4 -8
3 16 -3.88 1.86 4.09 -3.85 1.4 -8 -4.05 1.47 4.11
3 16 -4.05 1.47 4.11 -3.85 1.4 -8 -4.17 1.06 4.02
3 16 -4.05 1.47 4.11 -4.17 1.06 4.02 -4.08 1.37 4.11
3 16 -4.24 -0.75 3.95 -4.24 -0.72 3.94 -4.03 -0.71 -8
3 16 -4.03 -0.71 -8 -4.24 -0.72 3.94 -4.29 -0.37 3.9
3 16 -4.03 -0.71 -8 -4.29 -0.37 3.9 -4.09 0 -8
3 16 -4.09 0 -8 -4.29 -0.37 3.9 -4.3 0 3.88
3 16 -4.09 0 -8 -4.3 0 3.88 -4.03 0.71 -8
3 16 -4.03 0.71 -8 -4.3 0 3.88 -4.29 0.38 3.9
3 16 -4.03 0.71 -8 -4.29 0.38 3.9 -4.24 0.72 3.94
3 16 -4.24 -0.75 3.95 -4.03 -0.71 -8 -4.16 -1.12 4.03
3 16 -4.16 -1.12 4.03 -4.03 -0.71 -8 -3.85 -1.4 -8
3 16 -4.16 -1.12 4.03 -3.85 -1.4 -8 -4.07 -1.41 4.12
3 16 -3.73 -2.16 4.48 -3.78 -2.07 4.42 -3.55 -2.05 -8
3 16 -3.55 -2.05 -8 -3.78 -2.07 4.42 -3.9 -1.83 4.3
3 16 -3.55 -2.05 -8 -3.9 -1.83 4.3 -3.85 -1.4 -8
3 16 -3.85 -1.4 -8 -3.9 -1.83 4.3 -4.05 -1.47 4.15
3 16 -3.85 -1.4 -8 -4.05 -1.47 4.15 -4.07 -1.41 4.12
3 16 -3.73 -2.16 4.48 -3.55 -2.05 -8 -3.53 -2.48 4.69
3 16 -3.53 -2.48 4.69 -3.55 -2.05 -8 -3.14 -2.63 -8
3 16 -3.53 -2.48 4.69 -3.14 -2.63 -8 -3.4 -2.66 4.83
3 16 -2.78 -3.32 5.51 -2.94 -3.18 5.34 -2.63 -3.14 -8
3 16 -2.63 -3.14 -8 -2.94 -3.18 5.34 -3.05 -3.06 5.21
3 16 -2.63 -3.14 -8 -3.05 -3.06 5.21 -3.14 -2.63 -8
3 16 -3.14 -2.63 -8 -3.05 -3.06 5.21 -3.31 -2.78 4.93
3 16 -3.14 -2.63 -8 -3.31 -2.78 4.93 -3.4 -2.66 4.83
3 16 -2.78 -3.32 5.51 -2.63 -3.14 -8 -2.48 -3.56 5.86
4 16 -2.48 -3.56 5.86 -2.63 -3.14 -8 -2.05 -3.55 -8 -2.42 -3.6 5.92
3 16 -1.4 -3.85 -8 -1.49 -4.1 7.23 -1.64 -4.03 6.96
3 16 -1.64 -4.03 6.96 -1.81 -3.96 6.7 -1.4 -3.85 -8
4 16 -1.4 -3.85 -8 -1.81 -3.96 6.7 -1.9 -3.91 6.57 -2.05 -3.55 -8
3 16 -2.05 -3.55 -8 -1.9 -3.91 6.57 -2.17 -3.76 6.23
3 16 -2.05 -3.55 -8 -2.17 -3.76 6.23 -2.42 -3.6 5.92
3 16 -1.31 -4.17 8 -1.31 -4.17 7.8 -0.76 -4.31 8
3 16 -0.76 -4.31 8 -1.31 -4.17 7.8 -1.35 -4.15 7.6
3 16 -0.76 -4.31 8 -1.35 -4.15 7.6 -1.41 -4.13 7.41
3 16 -1.49 -4.1 7.23 -1.4 -3.85 -8 -1.47 -4.11 7.28
3 16 -1.47 -4.11 7.28 -1.4 -3.85 -8 -0.71 -4.03 -8
3 16 -1.47 -4.11 7.28 -0.71 -4.03 -8 -1.41 -4.13 7.41
3 16 1.4 -4.13 7.43 1.34 -4.16 7.65 0.76 -4.31 8
3 16 0.76 -4.31 8 1.34 -4.16 7.65 1.31 -4.17 7.8
3 16 0.76 -4.31 8 1.31 -4.17 7.8 1.31 -4.17 8
3 16 1.47 -4.11 7.28 0.71 -4.03 -8 1.49 -4.1 7.23
3 16 1.49 -4.1 7.23 0.71 -4.03 -8 1.4 -3.85 -8
3 16 1.49 -4.1 7.23 1.4 -3.85 -8 1.64 -4.03 6.96
3 16 2.05 -3.55 -8 2.17 -3.76 6.23 1.4 -3.85 -8
3 16 1.4 -3.85 -8 2.17 -3.76 6.23 1.9 -3.91 6.58
3 16 1.4 -3.85 -8 1.9 -3.91 6.58 1.64 -4.03 6.96
3 16 3.05 -3.06 5.21 2.63 -3.14 -8 3.31 -2.78 4.93
3 16 3.31 -2.78 4.93 2.63 -3.14 -8 3.14 -2.63 -8
3 16 3.31 -2.78 4.93 3.14 -2.63 -8 3.4 -2.66 4.83
3 16 3.05 -3.06 5.21 2.94 -3.18 5.34 2.63 -3.14 -8
3 16 2.63 -3.14 -8 2.94 -3.18 5.34 2.78 -3.32 5.51
3 16 2.63 -3.14 -8 2.78 -3.32 5.51 2.05 -3.55 -8
3 16 2.05 -3.55 -8 2.78 -3.32 5.51 2.48 -3.56 5.86
3 16 2.05 -3.55 -8 2.48 -3.56 5.86 2.42 -3.6 5.92
3 16 3.9 -1.83 4.3 3.55 -2.05 -8 4.05 -1.47 4.15
3 16 4.05 -1.47 4.15 3.55 -2.05 -8 3.85 -1.4 -8
3 16 4.05 -1.47 4.15 3.85 -1.4 -8 4.07 -1.41 4.12
3 16 3.9 -1.83 4.3 3.78 -2.07 4.42 3.55 -2.05 -8
3 16 3.55 -2.05 -8 3.78 -2.07 4.42 3.73 -2.16 4.48
3 16 3.55 -2.05 -8 3.73 -2.16 4.48 3.14 -2.63 -8
3 16 3.14 -2.63 -8 3.73 -2.16 4.48 3.53 -2.48 4.69
3 16 3.14 -2.63 -8 3.53 -2.48 4.69 3.4 -2.66 4.83
3 16 4.29 -0.38 3.9 4.24 -0.72 3.94 4.03 -0.71 -8
3 16 4.03 -0.71 -8 4.24 -0.72 3.94 4.24 -0.75 3.95
3 16 4.03 -0.71 -8 4.24 -0.75 3.95 3.85 -1.4 -8
3 16 3.85 -1.4 -8 4.24 -0.75 3.95 4.16 -1.12 4.03
3 16 3.85 -1.4 -8 4.16 -1.12 4.03 4.07 -1.41 4.12
3 16 4.29 -0.38 3.9 4.03 -0.71 -8 4.3 0 3.88
3 16 4.3 0 3.88 4.03 -0.71 -8 4.09 0 -8
3 16 4.3 0 3.88 4.09 0 -8 4.29 0.38 3.9
3 16 4.29 0.38 3.9 4.09 0 -8 4.03 0.71 -8
3 16 4.29 0.38 3.9 4.03 0.71 -8 4.24 0.72 3.94
3 16 4.05 1.47 4.11 4.08 1.37 4.11 3.85 1.4 -8
3 16 3.85 1.4 -8 4.08 1.37 4.11 4.17 1.06 4.02
3 16 3.85 1.4 -8 4.17 1.06 4.02 4.03 0.71 -8
3 16 4.03 0.71 -8 4.17 1.06 4.02 4.24 0.75 3.95
3 16 4.03 0.71 -8 4.24 0.75 3.95 4.24 0.72 3.94
3 16 3.88 1.86 4.09 3.85 1.4 -8 3.73 2.15 4.09
3 16 3.73 2.15 4.09 3.85 1.4 -8 3.55 2.05 -8
4 16 2.63 3.14 -8 2.95 3.13 4.08 3.15 2.94 4.09 3.14 2.63 -8
3 16 3.14 2.63 -8 3.15 2.94 4.09 3.3 2.77 4.09
3 16 2.42 3.56 3.86 2.58 3.44 3.96 2.63 3.14 -8
3 16 2.63 3.14 -8 2.58 3.44 3.96 2.77 3.3 4.03
3 16 2.63 3.14 -8 2.77 3.3 4.03 2.95 3.13 4.08
3 16 1.4 3.85 -8 1.4 3.85 -7.58 2.05 3.55 -8
3 16 2.05 3.55 -8 1.4 3.85 -7.58 1.42 3.85 -7.57
3 16 2.05 3.55 -8 1.42 3.85 -7.57 1.44 3.84 -7.55
3 16 1.44 3.84 -7.55 1.51 3.82 -7.48 2.05 3.55 -8
3 16 2.05 3.55 -8 1.51 3.82 -7.48 1.6 3.78 -7.38
3 16 2.05 3.55 -8 1.6 3.78 -7.38 1.72 3.73 -7.21
3 16 1.72 3.73 -7.21 1.77 3.71 -7.11 2.05 3.55 -8
3 16 2.05 3.55 -8 1.77 3.71 -7.11 1.81 3.69 -7.01
3 16 2.05 3.55 -8 1.81 3.69 -7.01 1.85 3.68 -6.91
3 16 1.85 3.68 -6.91 1.87 3.67 -6.8 2.05 3.55 -8
3 16 2.05 3.55 -8 1.87 3.67 -6.8 1.88 3.66 -6.69
3 16 2.05 3.55 -8 1.88 3.66 -6.69 1.89 3.66 -6.58
3 16 1.89 3.66 -6.58 1.89 3.78 -0.49 2.05 3.55 -8
3 16 2.05 3.55 -8 1.89 3.78 -0.49 2.15 3.72 3.6
3 16 2.05 3.55 -8 2.15 3.72 3.6 2.63 3.14 -8
3 16 2.63 3.14 -8 2.15 3.72 3.6 2.27 3.65 3.73
3 16 2.63 3.14 -8 2.27 3.65 3.73 2.42 3.56 3.86
3 16 1.89 3.84 2.83 1.9 3.84 3.02 1.91 3.84 3.03
3 16 1.89 3.84 2.83 1.91 3.84 3.03 1.89 3.78 -0.49
3 16 1.89 3.78 -0.49 1.91 3.84 3.03 1.94 3.82 3.19
3 16 1.89 3.78 -0.49 1.94 3.82 3.19 1.95 3.82 3.21
3 16 1.95 3.82 3.21 1.95 3.82 3.22 1.89 3.78 -0.49
3 16 1.89 3.78 -0.49 1.95 3.82 3.22 2.01 3.79 3.37
3 16 1.89 3.78 -0.49 2.01 3.79 3.37 2.03 3.78 3.41
3 16 2.03 3.78 3.41 2.04 3.78 3.43 1.89 3.78 -0.49
3 16 1.89 3.78 -0.49 2.04 3.78 3.43 2.14 3.73 3.59
3 16 1.89 3.78 -0.49 2.14 3.73 3.59 2.15 3.72 3.6
3 16 0.96 3.98 -7.81 0.97 3.98 -7.81 1.4 3.85 -8
3 16 0.71 4.03 -7.84 0.91 4 -7.82 0.71 4.03 -8
3 16 0.71 4.03 -8 0.91 4 -7.82 0.92 3.99 -7.82
3 16 0.71 4.03 -8 0.92 3.99 -7.82 1.4 3.85 -8
3 16 1.4 3.85 -8 0.92 3.99 -7.82 0.94 3.99 -7.82
3 16 1.4 3.85 -8 0.94 3.99 -7.82 0.96 3.98 -7.81
3 16 0.97 3.98 -7.81 0.99 3.98 -7.81 1.4 3.85 -8
3 16 1.4 3.85 -8 0.99 3.98 -7.81 0.99 3.98 -7.81
2 24 0.99 3.98 -7.81 0.99 3.98 -7.81
3 16 1.4 3.85 -8 0.99 3.98 -7.81 1.04 3.96 -7.79
3 16 1.04 3.96 -7.79 1.16 3.93 -7.74 1.4 3.85 -8
3 16 1.4 3.85 -8 1.16 3.93 -7.74 1.24 3.91 -7.69
3 16 1.4 3.85 -8 1.24 3.91 -7.69 1.4 3.85 -7.58
3 16 0 4.09 -8 0 4.1 -7.87 0.3 4.09 -7.87
3 16 0 4.09 -8 0.3 4.09 -7.87 0.71 4.03 -8
3 16 0.71 4.03 -8 0.3 4.09 -7.87 0.6 4.05 -7.85
3 16 0.71 4.03 -8 0.6 4.05 -7.85 0.71 4.03 -7.84
3 16 -0.91 4 -7.82 -0.71 4.04 -7.84 -0.71 4.03 -8
3 16 -0.71 4.03 -8 -0.71 4.04 -7.84 -0.6 4.05 -7.85
3 16 -0.71 4.03 -8 -0.6 4.05 -7.85 0 4.09 -8
3 16 0 4.09 -8 -0.6 4.05 -7.85 -0.3 4.09 -7.87
3 16 0 4.09 -8 -0.3 4.09 -7.87 0 4.1 -7.87
3 16 -1.41 -4.13 7.41 -0.71 -4.03 -8 -0.76 -4.31 8
4 16 -0.76 -4.31 8 -0.71 -4.03 -8 0 -4.09 -8 0 -4.37 8
4 16 0 -4.37 8 0 -4.09 -8 0.71 -4.03 -8 0.76 -4.31 8
3 16 0.76 -4.31 8 0.71 -4.03 -8 1.47 -4.11 7.28
3 16 0.76 -4.31 8 1.47 -4.11 7.28 1.4 -4.13 7.43
3 16 3.15 5.19 -7.06 3.3 5.19 -6.99 3.28 5.15 -6.95
3 16 3.27 5.13 -6.93 3.27 5.12 -6.91 3.12 5.12 -6.99
3 16 3.12 5.12 -6.99 3.27 5.12 -6.91 3.25 5.09 -6.87
3 16 3.09 5.07 -6.91 3.23 5.07 -6.83 3.21 5.06 -6.78
3 16 3.04 5.04 -6.78 2.91 5.02 -6.86 2.93 5.03 -6.9
3 16 3.06 5.04 -6.82 3.19 5.05 -6.74 3.17 5.04 -6.71
3 16 1.22 4.22 -7.77 1.23 4.21 -7.76 1.08 4.08 -7.79
3 16 1.23 4.21 -7.76 1.22 4.22 -7.77 1.37 4.33 -7.73
3 16 1.36 4.35 -7.74 1.5 4.47 -7.7 1.51 4.45 -7.69
3 16 1.51 4.45 -7.69 1.5 4.47 -7.7 1.66 4.56 -7.65
3 16 1.64 4.58 -7.67 1.78 4.69 -7.63 1.8 4.67 -7.61
3 16 1.8 4.67 -7.61 1.78 4.69 -7.63 1.94 4.77 -7.56
3 16 3.34 5.31 -7.07 3.32 5.25 -7.04 3.01 5.25 -7.2
3 16 1.57 4.76 -7.72 1.69 4.8 -7.69 1.42 4.54 -7.74
3 16 1.88 4.54 -7.43 1.88 4.55 -7.45 2.01 4.64 -7.38
3 16 1.47 4.25 -7.64 1.46 4.25 -7.66 1.6 4.36 -7.59
3 16 1.13 4.04 -7.77 1.15 4.03 -7.76 1.12 4.01 -7.77
3 16 1.13 4.04 -7.77 1.12 4.01 -7.77 1.05 3.99 -7.79
3 16 1.47 4.25 -7.64 1.41 4.21 -7.67 1.46 4.25 -7.66
3 16 1.46 4.25 -7.66 1.41 4.21 -7.67 1.38 4.19 -7.68
3 16 1.46 4.25 -7.66 1.38 4.19 -7.68 1.3 4.15 -7.71
3 16 1.3 4.15 -7.71 1.38 4.19 -7.68 1.31 4.14 -7.71
3 16 1.3 4.15 -7.71 1.31 4.14 -7.71 1.27 4.11 -7.72
3 16 1.74 4.46 -7.52 1.74 4.43 -7.51 1.6 4.36 -7.59
3 16 1.6 4.36 -7.59 1.74 4.43 -7.51 1.61 4.35 -7.57
3 16 1.6 4.36 -7.59 1.61 4.35 -7.57 1.47 4.25 -7.64
3 16 1.88 4.54 -7.43 1.84 4.51 -7.45 1.88 4.55 -7.45
3 16 1.88 4.55 -7.45 1.84 4.51 -7.45 1.83 4.5 -7.46
3 16 1.88 4.55 -7.45 1.83 4.5 -7.46 1.74 4.46 -7.52
3 16 1.74 4.46 -7.52 1.83 4.5 -7.46 1.75 4.44 -7.5
3 16 1.74 4.46 -7.52 1.75 4.44 -7.5 1.74 4.43 -7.51
3 16 2.14 4.72 -7.31 2.09 4.67 -7.31 2.01 4.64 -7.38
3 16 2.01 4.64 -7.38 2.09 4.67 -7.31 2.01 4.62 -7.36
3 16 2.01 4.64 -7.38 2.01 4.62 -7.36 1.88 4.54 -7.43
3 16 2.4 4.86 -7.16 2.27 4.78 -7.21 2.27 4.79 -7.24
3 16 2.27 4.79 -7.24 2.27 4.78 -7.21 2.13 4.7 -7.29
3 16 2.27 4.79 -7.24 2.13 4.7 -7.29 2.14 4.72 -7.31
3 16 2.14 4.72 -7.31 2.13 4.7 -7.29 2.11 4.68 -7.3
3 16 2.14 4.72 -7.31 2.11 4.68 -7.3 2.09 4.67 -7.31
3 16 2.52 4.9 -7.06 2.44 4.87 -7.11 2.4 4.86 -7.16
3 16 2.44 4.87 -7.11 2.41 4.85 -7.12 2.4 4.86 -7.16
3 16 2.4 4.86 -7.16 2.41 4.85 -7.12 2.4 4.85 -7.13
3 16 2.4 4.86 -7.16 2.4 4.85 -7.13 2.27 4.78 -7.21
3 16 2.67 4.96 -6.97 2.57 4.92 -7.03 2.53 4.91 -7.09
3 16 3.04 5.04 -6.78 3.02 5.03 -6.75 2.91 5.02 -6.82
4 16 3.36 5.5 -7.12 3 5.47 -7.28 3 5.51 -7.28 3.36 5.54 -7.12
3 16 2.64 5.42 -7.42 2.3 5.24 -7.53 2.28 5.27 -7.54
4 16 2.28 5.27 -7.54 2.3 5.24 -7.53 1.99 5.02 -7.61 1.91 5.04 -7.64
3 16 1.57 4.76 -7.72 1.79 4.95 -7.67 1.99 5.02 -7.61
3 16 1.99 5.02 -7.61 1.79 4.95 -7.67 1.91 5.04 -7.64
3 16 1.57 4.76 -7.72 1.42 4.54 -7.74 1.38 4.57 -7.75
3 16 1.38 4.57 -7.75 1.42 4.54 -7.74 1.16 4.27 -7.79
4 16 1.38 4.57 -7.75 1.16 4.27 -7.79 1.1 4.25 -7.8 0.6 10.08 -7.85
3 16 1.1 4.25 -7.8 1.16 4.27 -7.79 0.92 3.99 -7.82
3 16 1.1 4.25 -7.8 0.92 3.99 -7.82 0.91 4 -7.82
3 16 1.23 4.21 -7.76 1.1 4.07 -7.79 1.08 4.08 -7.79
3 16 1.08 4.08 -7.79 1.1 4.07 -7.79 0.97 3.98 -7.81
3 16 1.08 4.08 -7.79 0.97 3.98 -7.81 0.96 3.98 -7.81
3 16 1.12 4.06 -7.78 0.99 3.98 -7.81 0.99 3.98 -7.81
3 16 1.12 4.01 -7.77 1.04 3.96 -7.79 1.05 3.99 -7.79
3 16 1.05 3.99 -7.79 1.04 3.96 -7.79 0.99 3.98 -7.81
3 16 1.05 3.99 -7.79 0.99 3.98 -7.81 1.13 4.04 -7.77
3 16 1.13 4.04 -7.77 0.99 3.98 -7.81 1.12 4.06 -7.78
3 16 1.13 4.04 -7.77 1.12 4.06 -7.78 1.21 4.1 -7.75
3 16 3.3 5.19 -6.99 3.15 5.19 -7.06 3.32 5.23 -7.02
3 16 3.32 5.23 -7.02 3.15 5.19 -7.06 3.01 5.21 -7.17
3 16 3.32 5.23 -7.02 3.01 5.21 -7.17 3.32 5.25 -7.04
3 16 2.32 5.21 -7.52 2.65 5.38 -7.41 2.66 5.34 -7.4
3 16 2.66 5.34 -7.4 2.65 5.38 -7.41 3 5.47 -7.28
3 16 2.66 5.34 -7.4 3 5.47 -7.28 3.01 5.43 -7.27
3 16 3.01 5.43 -7.27 3 5.47 -7.28 3.36 5.5 -7.12
3 16 3.01 5.43 -7.27 3.36 5.5 -7.12 3.36 5.45 -7.11
3 16 2.24 4.94 -7.46 2.23 4.97 -7.48 2.38 5.04 -7.43
3 16 3.32 5.25 -7.04 3.01 5.21 -7.17 3.01 5.25 -7.2
3 16 3.01 5.25 -7.2 3.01 5.21 -7.17 2.69 5.15 -7.31
3 16 3.01 5.25 -7.2 2.69 5.15 -7.31 2.69 5.19 -7.33
3 16 2.69 5.19 -7.33 2.69 5.15 -7.31 2.38 5.04 -7.43
3 16 2.69 5.19 -7.33 2.38 5.04 -7.43 2.37 5.07 -7.45
3 16 2.37 5.07 -7.45 2.38 5.04 -7.43 2.23 4.97 -7.48
3 16 2.37 5.07 -7.45 2.23 4.97 -7.48 2.22 5 -7.51
3 16 3.34 5.31 -7.07 3.01 5.25 -7.2 3.01 5.3 -7.22
3 16 3.01 5.3 -7.22 3.01 5.25 -7.2 2.69 5.19 -7.33
3 16 3.01 5.3 -7.22 2.69 5.19 -7.33 2.68 5.22 -7.36
3 16 2.68 5.22 -7.36 2.69 5.19 -7.33 2.37 5.07 -7.45
3 16 2.68 5.22 -7.36 2.37 5.07 -7.45 2.36 5.1 -7.47
3 16 2.36 5.1 -7.47 2.37 5.07 -7.45 2.22 5 -7.51
3 16 2.36 5.1 -7.47 2.22 5 -7.51 2.05 4.94 -7.57
4 16 1.73 4.75 -7.67 2.01 4.99 -7.6 2.03 4.97 -7.59 1.75 4.73 -7.66
3 16 2.03 4.97 -7.59 2.01 4.99 -7.6 2.33 5.17 -7.51
3 16 2.03 4.97 -7.59 2.33 5.17 -7.51 2.35 5.14 -7.49
3 16 2.35 5.14 -7.49 2.33 5.17 -7.51 2.67 5.3 -7.39
3 16 2.35 5.14 -7.49 2.67 5.3 -7.39 2.68 5.26 -7.38
3 16 2.68 5.26 -7.38 2.67 5.3 -7.39 3.01 5.38 -7.26
3 16 2.68 5.26 -7.38 3.01 5.38 -7.26 3.01 5.34 -7.24
3 16 3.01 5.34 -7.24 3.01 5.38 -7.26 3.36 5.41 -7.1
4 16 3.01 5.34 -7.24 3.36 5.41 -7.1 3.49 5.41 -7.04 3.35 5.36 -7.09
3 16 2.01 4.99 -7.6 2.32 5.21 -7.52 2.33 5.17 -7.51
3 16 2.33 5.17 -7.51 2.32 5.21 -7.52 2.66 5.34 -7.4
3 16 2.33 5.17 -7.51 2.66 5.34 -7.4 2.67 5.3 -7.39
3 16 2.67 5.3 -7.39 2.66 5.34 -7.4 3.01 5.43 -7.27
3 16 2.67 5.3 -7.39 3.01 5.43 -7.27 3.01 5.38 -7.26
3 16 3.01 5.38 -7.26 3.01 5.43 -7.27 3.36 5.45 -7.11
3 16 3.01 5.38 -7.26 3.36 5.45 -7.11 3.36 5.41 -7.1
3 16 2.09 4.86 -7.51 1.94 4.77 -7.56 2.08 4.88 -7.53
3 16 2.08 4.88 -7.53 1.94 4.77 -7.56 1.78 4.69 -7.63
3 16 2.08 4.88 -7.53 1.78 4.69 -7.63 2.06 4.91 -7.56
3 16 2.06 4.91 -7.56 1.78 4.69 -7.63 1.77 4.71 -7.64
3 16 1.77 4.71 -7.64 1.78 4.69 -7.63 1.64 4.58 -7.67
3 16 1.77 4.71 -7.64 1.64 4.58 -7.67 1.48 4.48 -7.71
3 16 1.8 4.67 -7.61 1.66 4.56 -7.65 1.64 4.58 -7.67
3 16 1.64 4.58 -7.67 1.66 4.56 -7.65 1.5 4.47 -7.7
3 16 1.64 4.58 -7.67 1.5 4.47 -7.7 1.48 4.48 -7.71
3 16 1.48 4.48 -7.71 1.5 4.47 -7.7 1.36 4.35 -7.74
3 16 1.48 4.48 -7.71 1.36 4.35 -7.74 1.2 4.23 -7.77
3 16 1.18 4.25 -7.78 1.45 4.51 -7.73 1.19 4.24 -7.78
3 16 1.19 4.24 -7.78 1.45 4.51 -7.73 1.47 4.5 -7.72
3 16 1.47 4.5 -7.72 1.73 4.75 -7.67 1.75 4.73 -7.66
4 16 1.75 4.73 -7.66 2.03 4.97 -7.59 2.05 4.94 -7.57 1.77 4.71 -7.64
3 16 2.05 4.94 -7.57 2.03 4.97 -7.59 2.35 5.14 -7.49
3 16 2.05 4.94 -7.57 2.35 5.14 -7.49 2.36 5.1 -7.47
3 16 2.36 5.1 -7.47 2.35 5.14 -7.49 2.68 5.26 -7.38
3 16 2.36 5.1 -7.47 2.68 5.26 -7.38 2.68 5.22 -7.36
3 16 2.68 5.22 -7.36 2.68 5.26 -7.38 3.01 5.34 -7.24
3 16 2.68 5.22 -7.36 3.01 5.34 -7.24 3.01 5.3 -7.22
3 16 3.01 5.3 -7.22 3.34 5.33 -7.08 3.34 5.31 -7.07
3 16 1.47 4.5 -7.72 1.45 4.51 -7.73 1.73 4.75 -7.67
3 16 1.73 4.75 -7.67 1.45 4.51 -7.73 1.71 4.78 -7.68
4 16 1.73 4.75 -7.67 1.71 4.78 -7.68 1.99 5.02 -7.61 2.01 4.99 -7.6
3 16 2.01 4.99 -7.6 1.99 5.02 -7.61 2.32 5.21 -7.52
3 16 2.32 5.21 -7.52 1.99 5.02 -7.61 2.3 5.24 -7.53
3 16 2.32 5.21 -7.52 2.3 5.24 -7.53 2.65 5.38 -7.41
3 16 2.65 5.38 -7.41 2.3 5.24 -7.53 2.64 5.42 -7.42
3 16 2.65 5.38 -7.41 2.64 5.42 -7.42 3 5.47 -7.28
3 16 3 5.47 -7.28 2.64 5.42 -7.42 2.94 5.5 -7.3
3 16 3 5.47 -7.28 2.94 5.5 -7.3 3 5.51 -7.28
3 16 1.57 4.76 -7.72 1.99 5.02 -7.61 1.69 4.8 -7.69
3 16 1.69 4.8 -7.69 1.99 5.02 -7.61 1.71 4.78 -7.68
3 16 1.69 4.8 -7.69 1.71 4.78 -7.68 1.42 4.54 -7.74
3 16 1.42 4.54 -7.74 1.71 4.78 -7.68 1.45 4.51 -7.73
3 16 1.42 4.54 -7.74 1.45 4.51 -7.73 1.16 4.27 -7.79
3 16 1.16 4.27 -7.79 1.45 4.51 -7.73 1.18 4.25 -7.78
3 16 1.16 4.27 -7.79 1.18 4.25 -7.78 0.92 3.99 -7.82
3 16 1.27 4.17 -7.74 1.41 4.3 -7.7 1.42 4.29 -7.69
3 16 1.42 4.29 -7.69 1.41 4.3 -7.7 1.56 4.41 -7.65
3 16 1.42 4.29 -7.69 1.56 4.41 -7.65 1.57 4.4 -7.64
3 16 1.57 4.4 -7.64 1.56 4.41 -7.65 1.7 4.51 -7.6
3 16 1.57 4.4 -7.64 1.7 4.51 -7.6 1.71 4.5 -7.58
3 16 1.71 4.5 -7.58 1.7 4.51 -7.6 1.84 4.61 -7.55
3 16 1.71 4.5 -7.58 1.84 4.61 -7.55 1.85 4.59 -7.53
3 16 1.85 4.59 -7.53 1.84 4.61 -7.55 1.98 4.7 -7.49
3 16 1.85 4.59 -7.53 1.98 4.7 -7.49 1.99 4.68 -7.47
3 16 1.99 4.68 -7.47 1.98 4.7 -7.49 2.12 4.79 -7.43
3 16 1.99 4.68 -7.47 2.12 4.79 -7.43 2.13 4.77 -7.4
3 16 2.13 4.77 -7.4 2.12 4.79 -7.43 2.27 4.84 -7.34
3 16 1.37 4.33 -7.73 1.4 4.31 -7.71 1.23 4.21 -7.76
3 16 1.23 4.21 -7.76 1.4 4.31 -7.71 1.25 4.19 -7.75
3 16 1.23 4.21 -7.76 1.25 4.19 -7.75 1.1 4.07 -7.79
3 16 2.57 4.92 -7.03 2.52 4.9 -7.06 2.53 4.91 -7.09
3 16 2.53 4.91 -7.09 2.52 4.9 -7.06 2.4 4.86 -7.16
3 16 2.53 4.91 -7.09 2.4 4.86 -7.16 2.54 4.92 -7.13
3 16 1.21 4.1 -7.75 1.28 4.16 -7.73 1.29 4.16 -7.72
3 16 1.29 4.16 -7.72 1.28 4.16 -7.73 1.43 4.28 -7.68
3 16 1.29 4.16 -7.72 1.43 4.28 -7.68 1.44 4.27 -7.67
3 16 1.44 4.27 -7.67 1.43 4.28 -7.68 1.58 4.38 -7.62
3 16 1.44 4.27 -7.67 1.58 4.38 -7.62 1.59 4.37 -7.61
3 16 1.59 4.37 -7.61 1.58 4.38 -7.62 1.72 4.48 -7.56
3 16 1.59 4.37 -7.61 1.72 4.48 -7.56 1.73 4.47 -7.54
3 16 1.73 4.47 -7.54 1.72 4.48 -7.56 1.86 4.58 -7.5
3 16 1.73 4.47 -7.54 1.86 4.58 -7.5 1.87 4.56 -7.48
3 16 1.87 4.56 -7.48 1.86 4.58 -7.5 2 4.67 -7.44
3 16 1.87 4.56 -7.48 2 4.67 -7.44 2.01 4.65 -7.41
3 16 2.01 4.65 -7.41 2 4.67 -7.44 2.13 4.75 -7.37
3 16 2.01 4.65 -7.41 2.13 4.75 -7.37 2.14 4.73 -7.34
3 16 2.14 4.73 -7.34 2.13 4.75 -7.37 2.27 4.82 -7.31
3 16 2.14 4.73 -7.34 2.27 4.82 -7.31 2.27 4.8 -7.27
3 16 2.27 4.8 -7.27 2.27 4.82 -7.31 2.41 4.89 -7.24
3 16 2.27 4.8 -7.27 2.41 4.89 -7.24 2.4 4.87 -7.2
3 16 2.4 4.87 -7.2 2.41 4.89 -7.24 2.54 4.92 -7.13
3 16 2.54 4.92 -7.13 2.4 4.86 -7.16 2.4 4.87 -7.2
3 16 2.4 4.87 -7.2 2.4 4.86 -7.16 2.27 4.79 -7.24
3 16 2.4 4.87 -7.2 2.27 4.79 -7.24 2.27 4.8 -7.27
3 16 2.27 4.8 -7.27 2.27 4.79 -7.24 2.14 4.72 -7.31
3 16 2.27 4.8 -7.27 2.14 4.72 -7.31 2.14 4.73 -7.34
3 16 2.14 4.73 -7.34 2.14 4.72 -7.31 2.01 4.64 -7.38
3 16 2.14 4.73 -7.34 2.01 4.64 -7.38 2.01 4.65 -7.41
3 16 2.01 4.65 -7.41 2.01 4.64 -7.38 1.88 4.55 -7.45
3 16 2.01 4.65 -7.41 1.88 4.55 -7.45 1.87 4.56 -7.48
3 16 1.87 4.56 -7.48 1.88 4.55 -7.45 1.74 4.46 -7.52
3 16 1.87 4.56 -7.48 1.74 4.46 -7.52 1.73 4.47 -7.54
3 16 1.73 4.47 -7.54 1.74 4.46 -7.52 1.6 4.36 -7.59
3 16 1.73 4.47 -7.54 1.6 4.36 -7.59 1.59 4.37 -7.61
3 16 1.59 4.37 -7.61 1.6 4.36 -7.59 1.46 4.25 -7.66
3 16 1.59 4.37 -7.61 1.46 4.25 -7.66 1.44 4.27 -7.67
3 16 1.44 4.27 -7.67 1.46 4.25 -7.66 1.3 4.15 -7.71
3 16 1.44 4.27 -7.67 1.3 4.15 -7.71 1.29 4.16 -7.72
3 16 1.29 4.16 -7.72 1.3 4.15 -7.71 1.27 4.11 -7.72
3 16 1.29 4.16 -7.72 1.27 4.11 -7.72 1.21 4.1 -7.75
3 16 1.21 4.1 -7.75 1.27 4.11 -7.72 1.23 4.09 -7.73
3 16 1.21 4.1 -7.75 1.23 4.09 -7.73 1.13 4.04 -7.77
3 16 1.13 4.04 -7.77 1.23 4.09 -7.73 1.17 4.05 -7.75
3 16 1.13 4.04 -7.77 1.17 4.05 -7.75 1.15 4.03 -7.76
3 16 2.85 5.15 -7.21 3 5.18 -7.14 2.99 5.14 -7.1
3 16 2.99 5.14 -7.1 3 5.18 -7.14 3.14 5.15 -7.03
3 16 2.99 5.14 -7.1 3.14 5.15 -7.03 3.12 5.12 -6.99
3 16 2.54 5.07 -7.34 2.69 5.12 -7.28 2.69 5.08 -7.24
3 16 2.69 5.08 -7.24 2.69 5.12 -7.28 2.84 5.12 -7.17
3 16 2.69 5.08 -7.24 2.84 5.12 -7.17 2.84 5.09 -7.14
3 16 2.84 5.09 -7.14 2.84 5.12 -7.17 2.98 5.11 -7.07
3 16 2.84 5.09 -7.14 2.98 5.11 -7.07 2.97 5.08 -7.03
3 16 2.97 5.08 -7.03 2.98 5.11 -7.07 3.11 5.1 -6.95
3 16 2.97 5.08 -7.03 3.11 5.1 -6.95 3.09 5.07 -6.91
3 16 3.27 5.13 -6.93 3.12 5.12 -6.99 3.28 5.15 -6.95
3 16 3.28 5.15 -6.95 3.12 5.12 -6.99 3.14 5.15 -7.03
3 16 3.28 5.15 -6.95 3.14 5.15 -7.03 3.15 5.19 -7.06
3 16 3.15 5.19 -7.06 3.14 5.15 -7.03 3 5.18 -7.14
3 16 3.15 5.19 -7.06 3 5.18 -7.14 3.01 5.21 -7.17
3 16 3.01 5.21 -7.17 3 5.18 -7.14 2.85 5.15 -7.21
3 16 3.01 5.21 -7.17 2.85 5.15 -7.21 2.69 5.15 -7.31
3 16 2.41 4.91 -7.27 2.27 4.84 -7.34 2.26 4.86 -7.37
3 16 2.26 4.86 -7.37 2.27 4.84 -7.34 2.12 4.79 -7.43
3 16 2.26 4.86 -7.37 2.12 4.79 -7.43 2.11 4.81 -7.46
3 16 2.11 4.81 -7.46 2.12 4.79 -7.43 1.98 4.7 -7.49
4 16 2.11 4.81 -7.46 1.98 4.7 -7.49 1.97 4.72 -7.52 2.1 4.83 -7.49
3 16 1.97 4.72 -7.52 1.98 4.7 -7.49 1.84 4.61 -7.55
3 16 1.97 4.72 -7.52 1.84 4.61 -7.55 1.83 4.63 -7.57
3 16 1.83 4.63 -7.57 1.84 4.61 -7.55 1.7 4.51 -7.6
3 16 1.83 4.63 -7.57 1.7 4.51 -7.6 1.68 4.53 -7.62
3 16 1.68 4.53 -7.62 1.7 4.51 -7.6 1.56 4.41 -7.65
3 16 1.54 4.42 -7.67 1.41 4.3 -7.7 1.4 4.31 -7.71
3 16 1.4 4.31 -7.71 1.41 4.3 -7.7 1.27 4.17 -7.74
3 16 1.4 4.31 -7.71 1.27 4.17 -7.74 1.25 4.19 -7.75
3 16 1.25 4.19 -7.75 1.27 4.17 -7.74 1.19 4.12 -7.76
3 16 1.25 4.19 -7.75 1.19 4.12 -7.76 1.1 4.07 -7.79
3 16 3.19 5.05 -6.74 3.06 5.04 -6.82 3.08 5.06 -6.87
3 16 3.08 5.06 -6.87 3.06 5.04 -6.82 2.94 5.04 -6.94
3 16 3.08 5.06 -6.87 2.94 5.04 -6.94 2.96 5.06 -6.99
3 16 2.96 5.06 -6.99 2.94 5.04 -6.94 2.82 5.04 -7.06
3 16 2.96 5.06 -6.99 2.82 5.04 -7.06 2.83 5.06 -7.1
3 16 2.83 5.06 -7.1 2.82 5.04 -7.06 2.69 5.03 -7.17
3 16 2.83 5.06 -7.1 2.69 5.03 -7.17 2.69 5.05 -7.21
3 16 2.69 5.05 -7.21 2.69 5.03 -7.17 2.55 5.01 -7.28
3 16 2.69 5.05 -7.21 2.55 5.01 -7.28 2.55 5.04 -7.31
3 16 2.55 5.04 -7.31 2.55 5.01 -7.28 2.4 4.98 -7.37
3 16 2.55 5.04 -7.31 2.4 4.98 -7.37 2.39 5.01 -7.4
3 16 2.91 5.02 -6.86 2.79 5 -6.94 2.93 5.03 -6.9
3 16 2.93 5.03 -6.9 2.79 5 -6.94 2.8 5.01 -6.98
3 16 2.93 5.03 -6.9 2.8 5.01 -6.98 2.81 5.02 -7.02
3 16 2.81 5.02 -7.02 2.8 5.01 -6.98 2.68 4.99 -7.09
3 16 2.81 5.02 -7.02 2.68 4.99 -7.09 2.68 5.01 -7.13
3 16 2.68 5.01 -7.13 2.68 4.99 -7.09 2.55 4.96 -7.2
3 16 2.68 5.01 -7.13 2.55 4.96 -7.2 2.55 4.98 -7.24
3 16 2.55 4.98 -7.24 2.55 4.96 -7.2 2.41 4.93 -7.31
3 16 2.55 4.98 -7.24 2.41 4.93 -7.31 2.4 4.95 -7.34
3 16 2.4 4.95 -7.34 2.41 4.93 -7.31 2.26 4.89 -7.4
3 16 2.4 4.95 -7.34 2.26 4.89 -7.4 2.25 4.91 -7.43
3 16 2.25 4.91 -7.43 2.26 4.89 -7.4 2.1 4.83 -7.49
3 16 2.25 4.91 -7.43 2.1 4.83 -7.49 2.09 4.86 -7.51
4 16 2.09 4.86 -7.51 2.1 4.83 -7.49 1.97 4.72 -7.52 1.96 4.74 -7.54
3 16 2.09 4.86 -7.51 1.96 4.74 -7.54 1.94 4.77 -7.56
3 16 1.94 4.77 -7.56 1.96 4.74 -7.54 1.81 4.65 -7.59
3 16 1.94 4.77 -7.56 1.81 4.65 -7.59 1.8 4.67 -7.61
3 16 1.8 4.67 -7.61 1.81 4.65 -7.59 1.67 4.55 -7.64
3 16 1.8 4.67 -7.61 1.67 4.55 -7.64 1.66 4.56 -7.65
3 16 1.66 4.56 -7.65 1.67 4.55 -7.64 1.53 4.44 -7.68
3 16 1.66 4.56 -7.65 1.53 4.44 -7.68 1.51 4.45 -7.69
3 16 2.39 5.01 -7.4 2.54 5.07 -7.34 2.55 5.04 -7.31
3 16 2.55 5.04 -7.31 2.54 5.07 -7.34 2.69 5.08 -7.24
3 16 2.55 5.04 -7.31 2.69 5.08 -7.24 2.69 5.05 -7.21
3 16 2.69 5.05 -7.21 2.69 5.08 -7.24 2.84 5.09 -7.14
3 16 2.69 5.05 -7.21 2.84 5.09 -7.14 2.83 5.06 -7.1
3 16 2.83 5.06 -7.1 2.84 5.09 -7.14 2.97 5.08 -7.03
3 16 2.83 5.06 -7.1 2.97 5.08 -7.03 2.96 5.06 -6.99
3 16 2.96 5.06 -6.99 2.97 5.08 -7.03 3.09 5.07 -6.91
3 16 2.96 5.06 -6.99 3.09 5.07 -6.91 3.08 5.06 -6.87
3 16 3.08 5.06 -6.87 3.09 5.07 -6.91 3.21 5.06 -6.78
3 16 3.08 5.06 -6.87 3.21 5.06 -6.78 3.19 5.05 -6.74
3 16 2.79 5 -6.94 2.66 4.96 -7.02 2.8 5.01 -6.98
3 16 2.8 5.01 -6.98 2.66 4.96 -7.02 2.67 4.97 -7.05
3 16 2.8 5.01 -6.98 2.67 4.97 -7.05 2.68 4.99 -7.09
3 16 2.68 4.99 -7.09 2.67 4.97 -7.05 2.54 4.94 -7.17
3 16 2.68 4.99 -7.09 2.54 4.94 -7.17 2.55 4.96 -7.2
3 16 2.55 4.96 -7.2 2.54 4.94 -7.17 2.41 4.91 -7.27
3 16 2.55 4.96 -7.2 2.41 4.91 -7.27 2.41 4.93 -7.31
3 16 2.41 4.93 -7.31 2.41 4.91 -7.27 2.26 4.86 -7.37
3 16 2.41 4.93 -7.31 2.26 4.86 -7.37 2.26 4.89 -7.4
3 16 2.26 4.89 -7.4 2.26 4.86 -7.37 2.11 4.81 -7.46
3 16 2.26 4.89 -7.4 2.11 4.81 -7.46 2.1 4.83 -7.49
3 16 1.96 4.74 -7.54 1.97 4.72 -7.52 1.83 4.63 -7.57
3 16 1.96 4.74 -7.54 1.83 4.63 -7.57 1.81 4.65 -7.59
3 16 1.81 4.65 -7.59 1.83 4.63 -7.57 1.68 4.53 -7.62
3 16 1.81 4.65 -7.59 1.68 4.53 -7.62 1.67 4.55 -7.64
3 16 1.67 4.55 -7.64 1.68 4.53 -7.62 1.54 4.42 -7.67
3 16 1.67 4.55 -7.64 1.54 4.42 -7.67 1.53 4.44 -7.68
3 16 1.53 4.44 -7.68 1.54 4.42 -7.67 1.4 4.31 -7.71
3 16 1.53 4.44 -7.68 1.4 4.31 -7.71 1.51 4.45 -7.69
3 16 1.51 4.45 -7.69 1.4 4.31 -7.71 1.37 4.33 -7.73
3 16 1.51 4.45 -7.69 1.37 4.33 -7.73 1.36 4.35 -7.74
3 16 1.36 4.35 -7.74 1.37 4.33 -7.73 1.22 4.22 -7.77
3 16 1.36 4.35 -7.74 1.22 4.22 -7.77 1.2 4.23 -7.77
3 16 1.2 4.23 -7.77 1.22 4.22 -7.77 1.08 4.08 -7.79
3 16 1.2 4.23 -7.77 1.08 4.08 -7.79 1.07 4.09 -7.8
3 16 1.07 4.09 -7.8 1.08 4.08 -7.79 0.96 3.98 -7.81
3 16 1.07 4.09 -7.8 0.96 3.98 -7.81 0.94 3.99 -7.82
3 16 2.4 4.98 -7.37 2.24 4.94 -7.46 2.39 5.01 -7.4
3 16 2.39 5.01 -7.4 2.24 4.94 -7.46 2.38 5.04 -7.43
3 16 2.39 5.01 -7.4 2.38 5.04 -7.43 2.54 5.07 -7.34
3 16 2.54 5.07 -7.34 2.38 5.04 -7.43 2.69 5.15 -7.31
3 16 2.54 5.07 -7.34 2.69 5.15 -7.31 2.69 5.12 -7.28
3 16 2.69 5.12 -7.28 2.69 5.15 -7.31 2.85 5.15 -7.21
3 16 2.69 5.12 -7.28 2.85 5.15 -7.21 2.84 5.12 -7.17
3 16 2.84 5.12 -7.17 2.85 5.15 -7.21 2.99 5.14 -7.1
3 16 2.84 5.12 -7.17 2.99 5.14 -7.1 2.98 5.11 -7.07
3 16 2.98 5.11 -7.07 2.99 5.14 -7.1 3.12 5.12 -6.99
3 16 2.98 5.11 -7.07 3.12 5.12 -6.99 3.11 5.1 -6.95
3 16 3.11 5.1 -6.95 3.12 5.12 -6.99 3.25 5.09 -6.87
3 16 3.11 5.1 -6.95 3.25 5.09 -6.87 3.09 5.07 -6.91
3 16 3.09 5.07 -6.91 3.25 5.09 -6.87 3.24 5.09 -6.86
3 16 3.09 5.07 -6.91 3.24 5.09 -6.86 3.23 5.07 -6.83
3 16 3.04 5.04 -6.78 2.91 5.02 -6.82 2.91 5.02 -6.86
3 16 2.91 5.02 -6.86 2.91 5.02 -6.82 2.77 4.99 -6.9
3 16 2.91 5.02 -6.86 2.77 4.99 -6.9 2.79 5 -6.94
3 16 2.79 5 -6.94 2.77 4.99 -6.9 2.67 4.96 -6.97
3 16 2.79 5 -6.94 2.67 4.96 -6.97 2.66 4.96 -7.02
3 16 2.66 4.96 -7.02 2.67 4.96 -6.97 2.53 4.91 -7.09
3 16 2.66 4.96 -7.02 2.53 4.91 -7.09 2.67 4.97 -7.05
3 16 2.67 4.97 -7.05 2.53 4.91 -7.09 2.54 4.92 -7.13
3 16 2.67 4.97 -7.05 2.54 4.92 -7.13 2.54 4.94 -7.17
3 16 2.54 4.94 -7.17 2.54 4.92 -7.13 2.41 4.89 -7.24
3 16 2.54 4.94 -7.17 2.41 4.89 -7.24 2.41 4.91 -7.27
3 16 2.41 4.91 -7.27 2.41 4.89 -7.24 2.27 4.82 -7.31
3 16 2.41 4.91 -7.27 2.27 4.82 -7.31 2.27 4.84 -7.34
3 16 2.27 4.84 -7.34 2.27 4.82 -7.31 2.13 4.75 -7.37
3 16 2.27 4.84 -7.34 2.13 4.75 -7.37 2.13 4.77 -7.4
3 16 2.13 4.77 -7.4 2.13 4.75 -7.37 2 4.67 -7.44
3 16 2.13 4.77 -7.4 2 4.67 -7.44 1.99 4.68 -7.47
3 16 1.99 4.68 -7.47 2 4.67 -7.44 1.86 4.58 -7.5
3 16 1.99 4.68 -7.47 1.86 4.58 -7.5 1.85 4.59 -7.53
3 16 1.85 4.59 -7.53 1.86 4.58 -7.5 1.72 4.48 -7.56
3 16 1.85 4.59 -7.53 1.72 4.48 -7.56 1.71 4.5 -7.58
3 16 1.71 4.5 -7.58 1.72 4.48 -7.56 1.58 4.38 -7.62
3 16 1.71 4.5 -7.58 1.58 4.38 -7.62 1.57 4.4 -7.64
3 16 1.57 4.4 -7.64 1.58 4.38 -7.62 1.43 4.28 -7.68
3 16 1.57 4.4 -7.64 1.43 4.28 -7.68 1.42 4.29 -7.69
3 16 1.42 4.29 -7.69 1.43 4.28 -7.68 1.28 4.16 -7.73
3 16 1.42 4.29 -7.69 1.28 4.16 -7.73 1.27 4.17 -7.74
3 16 1.27 4.17 -7.74 1.28 4.16 -7.73 1.21 4.1 -7.75
3 16 1.27 4.17 -7.74 1.21 4.1 -7.75 1.19 4.12 -7.76
3 16 1.19 4.12 -7.76 1.21 4.1 -7.75 1.12 4.06 -7.78
3 16 1.19 4.12 -7.76 1.12 4.06 -7.78 1.1 4.07 -7.79
3 16 1.1 4.07 -7.79 1.12 4.06 -7.78 0.99 3.98 -7.81
3 16 1.1 4.07 -7.79 0.99 3.98 -7.81 0.97 3.98 -7.81
3 16 3.15 5.04 -6.66 3.02 5.03 -6.75 3.17 5.04 -6.71
3 16 3.17 5.04 -6.71 3.02 5.03 -6.75 3.04 5.04 -6.78
3 16 3.17 5.04 -6.71 3.04 5.04 -6.78 3.06 5.04 -6.82
3 16 3.06 5.04 -6.82 3.04 5.04 -6.78 2.93 5.03 -6.9
3 16 3.06 5.04 -6.82 2.93 5.03 -6.9 2.94 5.04 -6.94
3 16 2.94 5.04 -6.94 2.93 5.03 -6.9 2.81 5.02 -7.02
3 16 2.94 5.04 -6.94 2.81 5.02 -7.02 2.82 5.04 -7.06
3 16 2.82 5.04 -7.06 2.81 5.02 -7.02 2.68 5.01 -7.13
3 16 2.82 5.04 -7.06 2.68 5.01 -7.13 2.69 5.03 -7.17
3 16 2.69 5.03 -7.17 2.68 5.01 -7.13 2.55 4.98 -7.24
3 16 2.69 5.03 -7.17 2.55 4.98 -7.24 2.55 5.01 -7.28
3 16 2.55 5.01 -7.28 2.55 4.98 -7.24 2.4 4.95 -7.34
3 16 2.55 5.01 -7.28 2.4 4.95 -7.34 2.4 4.98 -7.37
3 16 2.4 4.98 -7.37 2.4 4.95 -7.34 2.25 4.91 -7.43
3 16 2.4 4.98 -7.37 2.25 4.91 -7.43 2.24 4.94 -7.46
3 16 2.24 4.94 -7.46 2.25 4.91 -7.43 2.09 4.86 -7.51
3 16 2.24 4.94 -7.46 2.09 4.86 -7.51 2.23 4.97 -7.48
3 16 2.23 4.97 -7.48 2.09 4.86 -7.51 2.08 4.88 -7.53
3 16 2.23 4.97 -7.48 2.08 4.88 -7.53 2.22 5 -7.51
3 16 2.22 5 -7.51 2.08 4.88 -7.53 2.06 4.91 -7.56
3 16 2.22 5 -7.51 2.06 4.91 -7.56 2.05 4.94 -7.57
3 16 2.05 4.94 -7.57 2.06 4.91 -7.56 1.77 4.71 -7.64
3 16 1.75 4.73 -7.66 1.77 4.71 -7.64 1.48 4.48 -7.71
3 16 1.75 4.73 -7.66 1.48 4.48 -7.71 1.47 4.5 -7.72
3 16 1.47 4.5 -7.72 1.48 4.48 -7.71 1.2 4.23 -7.77
3 16 1.47 4.5 -7.72 1.2 4.23 -7.77 1.19 4.24 -7.78
3 16 1.19 4.24 -7.78 1.2 4.23 -7.77 1.07 4.09 -7.8
3 16 1.19 4.24 -7.78 1.07 4.09 -7.8 1.18 4.25 -7.78
3 16 1.18 4.25 -7.78 1.07 4.09 -7.8 0.94 3.99 -7.82
3 16 1.18 4.25 -7.78 0.94 3.99 -7.82 0.92 3.99 -7.82
3 16 3.19 5.05 -6.74 3.21 5.06 -6.78 3.33 5.06 -6.72
3 16 3.27 5.12 -6.91 3.27 5.13 -6.93 3.4 5.13 -6.86
3 16 3.28 5.15 -6.95 3.3 5.19 -6.99 3.43 5.19 -6.92
3 16 3.32 5.23 -7.02 3.32 5.25 -7.04 3.46 5.25 -6.97
3 16 3.34 5.31 -7.07 3.34 5.33 -7.08 3.48 5.33 -7.01
3 16 3.36 5.45 -7.11 3.36 5.5 -7.12 3.5 5.5 -7.05
3 16 6.5 5.45 4.42 6.5 5.41 4.42 6.58 5.41 4.29
3 16 6.44 5.27 4.38 6.43 5.25 4.38 6.52 5.25 4.25
3 16 6.42 5.23 4.37 6.39 5.19 4.35 6.47 5.19 4.22
3 16 6.29 5.1 4.28 6.27 5.09 4.27 6.35 5.09 4.14
3 16 6.25 5.07 4.25 6.2 5.06 4.22 6.28 5.06 4.1
3 16 6.17 5.05 4.2 6.13 5.04 4.17 6.21 5.04 4.05
4 16 3.28 5.04 -6.6 3.3 5.04 -6.64 3.98 5.04 -6.26 3.95 5.04 -6.22
4 16 3.95 5.04 -6.22 3.98 5.04 -6.26 4.62 5.04 -5.81 4.59 5.04 -5.77
4 16 4.59 5.04 -5.77 4.62 5.04 -5.81 5.2 5.04 -5.29 5.17 5.04 -5.25
4 16 5.17 5.04 -5.25 5.2 5.04 -5.29 5.73 5.04 -4.71 5.69 5.04 -4.68
4 16 5.69 5.04 -4.68 5.73 5.04 -4.71 6.19 5.04 -4.08 6.15 5.04 -4.06
4 16 6.15 5.04 -4.06 6.19 5.04 -4.08 6.59 5.04 -3.41 6.55 5.04 -3.38
4 16 6.55 5.04 -3.38 6.59 5.04 -3.41 6.91 5.04 -2.69 6.87 5.04 -2.68
4 16 6.87 5.04 -2.68 6.91 5.04 -2.69 7.16 5.04 -1.95 7.11 5.04 -1.94
4 16 7.11 5.04 -1.94 7.16 5.04 -1.95 7.32 5.04 -1.19 7.28 5.04 -1.18
4 16 7.28 5.04 -1.18 7.32 5.04 -1.19 7.41 5.04 -0.41 7.36 5.04 -0.41
4 16 7.36 5.04 -0.41 7.41 5.04 -0.41 7.41 5.04 0.37 7.36 5.04 0.37
4 16 7.36 5.04 0.37 7.41 5.04 0.37 7.33 5.04 1.15 7.28 5.04 1.15
4 16 7.28 5.04 1.15 7.33 5.04 1.15 7.17 5.04 1.92 7.12 5.04 1.91
4 16 7.12 5.04 1.91 7.17 5.04 1.92 6.92 5.04 2.66 6.88 5.04 2.65
4 16 6.88 5.04 2.65 6.92 5.04 2.66 6.6 5.04 3.38 6.56 5.04 3.36
4 16 6.56 5.04 3.36 6.6 5.04 3.38 6.21 5.04 4.05 6.17 5.04 4.03
3 16 6.36 5.15 4.32 6.33 5.13 4.31 6.41 5.13 4.19
3 16 6.41 5.13 4.19 6.33 5.13 4.31 6.32 5.12 4.3
4 16 6.51 5.54 4.43 6.51 5.5 4.43 6.59 5.5 4.3 6.59 5.54 4.3
3 16 6.59 5.54 4.3 6.59 5.5 4.3 6.92 5.54 3.76
3 16 6.92 5.54 3.76 6.59 5.5 4.3 7.01 5.5 3.58
3 16 6.92 5.54 3.76 7.01 5.5 3.58 7.01 5.54 3.58
4 16 7.01 5.54 3.58 7.01 5.5 3.58 7.35 5.5 2.83 7.35 5.54 2.83
3 16 7.6 5.5 2.04 7.41 5.54 2.66 7.35 5.5 2.83
3 16 7.35 5.5 2.83 7.41 5.54 2.66 7.35 5.54 2.83
3 16 7.87 5.54 0.3 7.86 5.54 0.4 7.86 5.5 0.4
4 16 7.86 5.5 0.4 7.86 5.54 0.4 7.78 5.54 1.22 7.78 5.5 1.22
3 16 7.78 5.5 1.22 7.78 5.54 1.22 7.73 5.54 1.5
3 16 7.78 5.5 1.22 7.73 5.54 1.5 7.6 5.5 2.04
3 16 7.6 5.5 2.04 7.73 5.54 1.5 7.61 5.54 2.04
3 16 7.6 5.5 2.04 7.61 5.54 2.04 7.41 5.54 2.66
3 16 7.87 5.54 0.3 7.86 5.5 0.4 7.86 5.54 -0.43
3 16 7.86 5.54 -0.43 7.86 5.5 0.4 7.86 5.5 -0.43
3 16 7.86 5.54 -0.43 7.86 5.5 -0.43 7.82 5.54 -0.9
3 16 7.82 5.54 -0.9 7.86 5.5 -0.43 7.77 5.5 -1.26
3 16 7.82 5.54 -0.9 7.77 5.5 -1.26 7.77 5.54 -1.26
4 16 7.77 5.54 -1.26 7.77 5.5 -1.26 7.59 5.5 -2.07 7.6 5.54 -2.07
3 16 7.6 5.54 -2.07 7.59 5.5 -2.07 7.59 5.54 -2.09
3 16 7.59 5.54 -2.09 7.59 5.5 -2.07 7.33 5.5 -2.86
3 16 7.59 5.54 -2.09 7.33 5.5 -2.86 7.34 5.54 -2.86
3 16 7.34 5.54 -2.86 7.33 5.5 -2.86 7.19 5.54 -3.22
3 16 7.19 5.54 -3.22 7.33 5.5 -2.86 6.99 5.5 -3.61
3 16 7.19 5.54 -3.22 6.99 5.5 -3.61 6.99 5.54 -3.62
3 16 6.99 5.54 -3.62 6.99 5.5 -3.61 6.61 5.54 -4.28
3 16 6.61 5.54 -4.28 6.99 5.5 -3.61 6.57 5.5 -4.33
3 16 6.61 5.54 -4.28 6.57 5.5 -4.33 6.58 5.54 -4.33
4 16 6.58 5.54 -4.33 6.57 5.5 -4.33 6.08 5.5 -5 6.08 5.54 -5
3 16 6.08 5.54 -5 6.08 5.5 -5 5.88 5.54 -5.24
3 16 5.88 5.54 -5.24 6.08 5.5 -5 5.52 5.5 -5.61
3 16 5.88 5.54 -5.24 5.52 5.5 -5.61 5.52 5.54 -5.61
3 16 5.52 5.54 -5.61 5.52 5.5 -5.61 5.01 5.54 -6.07
3 16 5.01 5.54 -6.07 5.52 5.5 -5.61 4.9 5.5 -6.16
3 16 5.01 5.54 -6.07 4.9 5.5 -6.16 4.9 5.54 -6.16
4 16 4.9 5.54 -6.16 4.9 5.5 -6.16 4.22 5.5 -6.64 4.22 5.54 -6.65
3 16 4.22 5.54 -6.65 4.22 5.5 -6.64 4.02 5.54 -6.77
3 16 4.02 5.54 -6.77 4.22 5.5 -6.64 3.5 5.5 -7.05
3 16 4.02 5.54 -6.77 3.5 5.5 -7.05 3.5 5.54 -7.05
3 16 3.23 5.07 -6.83 3.24 5.09 -6.86 3.37 5.09 -6.79
3 16 3.37 5.09 -6.79 3.24 5.09 -6.86 3.25 5.09 -6.87
3 16 6.51 5.5 4.43 6.5 5.45 4.42 6.59 5.5 4.3
3 16 6.59 5.5 4.3 6.5 5.45 4.42 6.58 5.41 4.29
4 16 6.59 5.5 4.3 6.58 5.41 4.29 6.99 5.41 3.58 7.01 5.5 3.58
4 16 7.01 5.5 3.58 6.99 5.41 3.58 7.33 5.41 2.82 7.35 5.5 2.83
4 16 7.35 5.5 2.83 7.33 5.41 2.82 7.59 5.41 2.03 7.6 5.5 2.04
4 16 7.6 5.5 2.04 7.59 5.41 2.03 7.76 5.41 1.22 7.78 5.5 1.22
4 16 7.78 5.5 1.22 7.76 5.41 1.22 7.85 5.41 0.4 7.86 5.5 0.4
4 16 7.86 5.5 0.4 7.85 5.41 0.4 7.84 5.41 -0.43 7.86 5.5 -0.43
4 16 7.86 5.5 -0.43 7.84 5.41 -0.43 7.76 5.41 -1.26 7.77 5.5 -1.26
4 16 7.77 5.5 -1.26 7.76 5.41 -1.26 7.58 5.41 -2.07 7.59 5.5 -2.07
4 16 7.59 5.5 -2.07 7.58 5.41 -2.07 7.32 5.41 -2.85 7.33 5.5 -2.86
4 16 7.33 5.5 -2.86 7.32 5.41 -2.85 6.98 5.41 -3.61 6.99 5.5 -3.61
4 16 6.99 5.5 -3.61 6.98 5.41 -3.61 6.56 5.41 -4.32 6.57 5.5 -4.33
4 16 6.57 5.5 -4.33 6.56 5.41 -4.32 6.07 5.41 -4.99 6.08 5.5 -5
4 16 6.08 5.5 -5 6.07 5.41 -4.99 5.51 5.41 -5.6 5.52 5.5 -5.61
4 16 5.52 5.5 -5.61 5.51 5.41 -5.6 4.89 5.41 -6.15 4.9 5.5 -6.16
4 16 4.9 5.5 -6.16 4.89 5.41 -6.15 4.21 5.41 -6.63 4.22 5.5 -6.64
4 16 4.22 5.5 -6.64 4.21 5.41 -6.63 3.49 5.41 -7.04 3.5 5.5 -7.05
3 16 3.5 5.5 -7.05 3.49 5.41 -7.04 3.36 5.45 -7.11
3 16 3.36 5.45 -7.11 3.49 5.41 -7.04 3.36 5.41 -7.1
3 16 6.5 5.41 4.42 6.48 5.36 4.41 6.58 5.41 4.29
3 16 6.58 5.41 4.29 6.48 5.36 4.41 6.55 5.33 4.28
4 16 6.58 5.41 4.29 6.55 5.33 4.28 6.97 5.33 3.56 6.99 5.41 3.58
4 16 6.99 5.41 3.58 6.97 5.33 3.56 7.3 5.33 2.81 7.33 5.41 2.82
4 16 7.33 5.41 2.82 7.3 5.33 2.81 7.56 5.33 2.02 7.59 5.41 2.03
4 16 7.59 5.41 2.03 7.56 5.33 2.02 7.73 5.33 1.22 7.76 5.41 1.22
4 16 7.76 5.41 1.22 7.73 5.33 1.22 7.82 5.33 0.4 7.85 5.41 0.4
4 16 7.85 5.41 0.4 7.82 5.33 0.4 7.81 5.33 -0.43 7.84 5.41 -0.43
4 16 7.84 5.41 -0.43 7.81 5.33 -0.43 7.73 5.33 -1.25 7.76 5.41 -1.26
4 16 7.76 5.41 -1.26 7.73 5.33 -1.25 7.55 5.33 -2.06 7.58 5.41 -2.07
4 16 7.58 5.41 -2.07 7.55 5.33 -2.06 7.29 5.33 -2.84 7.32 5.41 -2.85
4 16 7.32 5.41 -2.85 7.29 5.33 -2.84 6.95 5.33 -3.59 6.98 5.41 -3.61
4 16 6.98 5.41 -3.61 6.95 5.33 -3.59 6.53 5.33 -4.31 6.56 5.41 -4.32
4 16 6.56 5.41 -4.32 6.53 5.33 -4.31 6.05 5.33 -4.97 6.07 5.41 -4.99
4 16 6.07 5.41 -4.99 6.05 5.33 -4.97 5.49 5.33 -5.58 5.51 5.41 -5.6
4 16 5.51 5.41 -5.6 5.49 5.33 -5.58 4.87 5.33 -6.13 4.89 5.41 -6.15
4 16 4.89 5.41 -6.15 4.87 5.33 -6.13 4.2 5.33 -6.61 4.21 5.41 -6.63
4 16 4.21 5.41 -6.63 4.2 5.33 -6.61 3.48 5.33 -7.01 3.49 5.41 -7.04
3 16 3.49 5.41 -7.04 3.48 5.33 -7.01 3.35 5.36 -7.09
3 16 6.47 5.33 4.4 6.44 5.27 4.38 6.55 5.33 4.28
3 16 6.55 5.33 4.28 6.44 5.27 4.38 6.52 5.25 4.25
4 16 6.55 5.33 4.28 6.52 5.25 4.25 6.93 5.25 3.54 6.97 5.33 3.56
4 16 6.97 5.33 3.56 6.93 5.25 3.54 7.26 5.25 2.79 7.3 5.33 2.81
4 16 7.3 5.33 2.81 7.26 5.25 2.79 7.52 5.25 2.01 7.56 5.33 2.02
4 16 7.56 5.33 2.02 7.52 5.25 2.01 7.69 5.25 1.21 7.73 5.33 1.22
4 16 7.73 5.33 1.22 7.69 5.25 1.21 7.77 5.25 0.39 7.82 5.33 0.4
4 16 7.82 5.33 0.4 7.77 5.25 0.39 7.77 5.25 -0.43 7.81 5.33 -0.43
4 16 7.81 5.33 -0.43 7.77 5.25 -0.43 7.68 5.25 -1.24 7.73 5.33 -1.25
4 16 7.73 5.33 -1.25 7.68 5.25 -1.24 7.51 5.25 -2.05 7.55 5.33 -2.06
4 16 7.55 5.33 -2.06 7.51 5.25 -2.05 7.25 5.25 -2.83 7.29 5.33 -2.84
4 16 7.29 5.33 -2.84 7.25 5.25 -2.83 6.91 5.25 -3.57 6.95 5.33 -3.59
4 16 6.95 5.33 -3.59 6.91 5.25 -3.57 6.5 5.25 -4.28 6.53 5.33 -4.31
4 16 6.53 5.33 -4.31 6.5 5.25 -4.28 6.01 5.25 -4.94 6.05 5.33 -4.97
4 16 6.05 5.33 -4.97 6.01 5.25 -4.94 5.46 5.25 -5.55 5.49 5.33 -5.58
4 16 5.49 5.33 -5.58 5.46 5.25 -5.55 4.84 5.25 -6.09 4.87 5.33 -6.13
4 16 4.87 5.33 -6.13 4.84 5.25 -6.09 4.17 5.25 -6.57 4.2 5.33 -6.61
4 16 4.2 5.33 -6.61 4.17 5.25 -6.57 3.46 5.25 -6.97 3.48 5.33 -7.01
3 16 3.48 5.33 -7.01 3.46 5.25 -6.97 3.34 5.31 -7.07
3 16 3.34 5.31 -7.07 3.46 5.25 -6.97 3.32 5.25 -7.04
3 16 6.43 5.25 4.38 6.42 5.23 4.37 6.52 5.25 4.25
3 16 6.52 5.25 4.25 6.42 5.23 4.37 6.47 5.19 4.22
4 16 6.52 5.25 4.25 6.47 5.19 4.22 6.88 5.19 3.52 6.93 5.25 3.54
4 16 6.93 5.25 3.54 6.88 5.19 3.52 7.21 5.19 2.77 7.26 5.25 2.79
4 16 7.26 5.25 2.79 7.21 5.19 2.77 7.46 5.19 2 7.52 5.25 2.01
4 16 7.52 5.25 2.01 7.46 5.19 2 7.63 5.19 1.2 7.69 5.25 1.21
4 16 7.69 5.25 1.21 7.63 5.19 1.2 7.72 5.19 0.39 7.77 5.25 0.39
4 16 7.77 5.25 0.39 7.72 5.19 0.39 7.71 5.19 -0.42 7.77 5.25 -0.43
4 16 7.77 5.25 -0.43 7.71 5.19 -0.42 7.63 5.19 -1.23 7.68 5.25 -1.24
4 16 7.68 5.25 -1.24 7.63 5.19 -1.23 7.45 5.19 -2.03 7.51 5.25 -2.05
4 16 7.51 5.25 -2.05 7.45 5.19 -2.03 7.2 5.19 -2.81 7.25 5.25 -2.83
4 16 7.25 5.25 -2.83 7.2 5.19 -2.81 6.86 5.19 -3.55 6.91 5.25 -3.57
4 16 6.91 5.25 -3.57 6.86 5.19 -3.55 6.45 5.19 -4.25 6.5 5.25 -4.28
4 16 6.5 5.25 -4.28 6.45 5.19 -4.25 5.97 5.19 -4.91 6.01 5.25 -4.94
4 16 6.01 5.25 -4.94 5.97 5.19 -4.91 5.42 5.19 -5.51 5.46 5.25 -5.55
4 16 5.46 5.25 -5.55 5.42 5.19 -5.51 4.81 5.19 -6.05 4.84 5.25 -6.09
4 16 4.84 5.25 -6.09 4.81 5.19 -6.05 4.14 5.19 -6.52 4.17 5.25 -6.57
4 16 4.17 5.25 -6.57 4.14 5.19 -6.52 3.43 5.19 -6.92 3.46 5.25 -6.97
3 16 3.46 5.25 -6.97 3.43 5.19 -6.92 3.32 5.23 -7.02
3 16 3.32 5.23 -7.02 3.43 5.19 -6.92 3.3 5.19 -6.99
3 16 6.39 5.19 4.35 6.36 5.15 4.32 6.47 5.19 4.22
3 16 6.47 5.19 4.22 6.36 5.15 4.32 6.41 5.13 4.19
4 16 6.47 5.19 4.22 6.41 5.13 4.19 6.82 5.13 3.49 6.88 5.19 3.52
4 16 6.88 5.19 3.52 6.82 5.13 3.49 7.15 5.13 2.75 7.21 5.19 2.77
4 16 7.21 5.19 2.77 7.15 5.13 2.75 7.4 5.13 1.98 7.46 5.19 2
4 16 7.46 5.19 2 7.4 5.13 1.98 7.57 5.13 1.19 7.63 5.19 1.2
4 16 7.63 5.19 1.2 7.57 5.13 1.19 7.65 5.13 0.39 7.72 5.19 0.39
4 16 7.72 5.19 0.39 7.65 5.13 0.39 7.65 5.13 -0.42 7.71 5.19 -0.42
4 16 7.71 5.19 -0.42 7.65 5.13 -0.42 7.56 5.13 -1.22 7.63 5.19 -1.23
4 16 7.63 5.19 -1.23 7.56 5.13 -1.22 7.39 5.13 -2.01 7.45 5.19 -2.03
4 16 7.45 5.19 -2.03 7.39 5.13 -2.01 7.14 5.13 -2.78 7.2 5.19 -2.81
4 16 7.2 5.19 -2.81 7.14 5.13 -2.78 6.8 5.13 -3.52 6.86 5.19 -3.55
4 16 6.86 5.19 -3.55 6.8 5.13 -3.52 6.4 5.13 -4.21 6.45 5.19 -4.25
4 16 6.45 5.19 -4.25 6.4 5.13 -4.21 5.92 5.13 -4.86 5.97 5.19 -4.91
4 16 5.97 5.19 -4.91 5.92 5.13 -4.86 5.37 5.13 -5.46 5.42 5.19 -5.51
4 16 5.42 5.19 -5.51 5.37 5.13 -5.46 4.77 5.13 -6 4.81 5.19 -6.05
4 16 4.81 5.19 -6.05 4.77 5.13 -6 4.11 5.13 -6.46 4.14 5.19 -6.52
4 16 4.14 5.19 -6.52 4.11 5.13 -6.46 3.4 5.13 -6.86 3.43 5.19 -6.92
3 16 3.43 5.19 -6.92 3.4 5.13 -6.86 3.28 5.15 -6.95
3 16 3.28 5.15 -6.95 3.4 5.13 -6.86 3.27 5.13 -6.93
4 16 6.32 5.12 4.3 6.29 5.1 4.28 6.35 5.09 4.14 6.41 5.13 4.19
4 16 6.41 5.13 4.19 6.35 5.09 4.14 6.75 5.09 3.45 6.82 5.13 3.49
4 16 6.82 5.13 3.49 6.75 5.09 3.45 7.08 5.09 2.72 7.15 5.13 2.75
4 16 7.15 5.13 2.75 7.08 5.09 2.72 7.33 5.09 1.96 7.4 5.13 1.98
4 16 7.4 5.13 1.98 7.33 5.09 1.96 7.49 5.09 1.18 7.57 5.13 1.19
4 16 7.57 5.13 1.19 7.49 5.09 1.18 7.57 5.09 0.38 7.65 5.13 0.39
4 16 7.65 5.13 0.39 7.57 5.09 0.38 7.57 5.09 -0.42 7.65 5.13 -0.42
4 16 7.65 5.13 -0.42 7.57 5.09 -0.42 7.49 5.09 -1.21 7.56 5.13 -1.22
4 16 7.56 5.13 -1.22 7.49 5.09 -1.21 7.32 5.09 -1.99 7.39 5.13 -2.01
4 16 7.39 5.13 -2.01 7.32 5.09 -1.99 7.07 5.09 -2.75 7.14 5.13 -2.78
4 16 7.14 5.13 -2.78 7.07 5.09 -2.75 6.74 5.09 -3.48 6.8 5.13 -3.52
4 16 6.8 5.13 -3.52 6.74 5.09 -3.48 6.33 5.09 -4.17 6.4 5.13 -4.21
4 16 6.4 5.13 -4.21 6.33 5.09 -4.17 5.86 5.09 -4.82 5.92 5.13 -4.86
4 16 5.92 5.13 -4.86 5.86 5.09 -4.82 5.32 5.09 -5.41 5.37 5.13 -5.46
4 16 5.37 5.13 -5.46 5.32 5.09 -5.41 4.72 5.09 -5.94 4.77 5.13 -6
4 16 4.77 5.13 -6 4.72 5.09 -5.94 4.07 5.09 -6.4 4.11 5.13 -6.46
4 16 4.11 5.13 -6.46 4.07 5.09 -6.4 3.37 5.09 -6.79 3.4 5.13 -6.86
4 16 3.4 5.13 -6.86 3.37 5.09 -6.79 3.25 5.09 -6.87 3.27 5.12 -6.91
3 16 6.27 5.09 4.27 6.25 5.07 4.25 6.35 5.09 4.14
3 16 6.35 5.09 4.14 6.25 5.07 4.25 6.28 5.06 4.1
4 16 6.35 5.09 4.14 6.28 5.06 4.1 6.68 5.06 3.42 6.75 5.09 3.45
4 16 6.75 5.09 3.45 6.68 5.06 3.42 7 5.06 2.69 7.08 5.09 2.72
4 16 7.08 5.09 2.72 7 5.06 2.69 7.25 5.06 1.94 7.33 5.09 1.96
4 16 7.33 5.09 1.96 7.25 5.06 1.94 7.41 5.06 1.17 7.49 5.09 1.18
4 16 7.49 5.09 1.18 7.41 5.06 1.17 7.49 5.06 0.38 7.57 5.09 0.38
4 16 7.57 5.09 0.38 7.49 5.06 0.38 7.49 5.06 -0.41 7.57 5.09 -0.42
4 16 7.57 5.09 -0.42 7.49 5.06 -0.41 7.41 5.06 -1.2 7.49 5.09 -1.21
4 16 7.49 5.09 -1.21 7.41 5.06 -1.2 7.24 5.06 -1.97 7.32 5.09 -1.99
4 16 7.32 5.09 -1.99 7.24 5.06 -1.97 6.99 5.06 -2.72 7.07 5.09 -2.75
4 16 7.07 5.09 -2.75 6.99 5.06 -2.72 6.67 5.06 -3.45 6.74 5.09 -3.48
4 16 6.74 5.09 -3.48 6.67 5.06 -3.45 6.27 5.06 -4.13 6.33 5.09 -4.17
4 16 6.33 5.09 -4.17 6.27 5.06 -4.13 5.8 5.06 -4.77 5.86 5.09 -4.82
4 16 5.86 5.09 -4.82 5.8 5.06 -4.77 5.26 5.06 -5.35 5.32 5.09 -5.41
4 16 5.32 5.09 -5.41 5.26 5.06 -5.35 4.67 5.06 -5.87 4.72 5.09 -5.94
4 16 4.72 5.09 -5.94 4.67 5.06 -5.87 4.02 5.06 -6.33 4.07 5.09 -6.4
3 16 3.23 5.07 -6.83 3.33 5.06 -6.72 3.21 5.06 -6.78
3 16 6.2 5.06 4.22 6.17 5.05 4.2 6.28 5.06 4.1
3 16 6.28 5.06 4.1 6.17 5.05 4.2 6.21 5.04 4.05
4 16 6.28 5.06 4.1 6.21 5.04 4.05 6.6 5.04 3.38 6.68 5.06 3.42
4 16 6.68 5.06 3.42 6.6 5.04 3.38 6.92 5.04 2.66 7 5.06 2.69
4 16 7 5.06 2.69 6.92 5.04 2.66 7.17 5.04 1.92 7.25 5.06 1.94
4 16 7.25 5.06 1.94 7.17 5.04 1.92 7.33 5.04 1.15 7.41 5.06 1.17
4 16 7.41 5.06 1.17 7.33 5.04 1.15 7.41 5.04 0.37 7.49 5.06 0.38
4 16 7.49 5.06 0.38 7.41 5.04 0.37 7.41 5.04 -0.41 7.49 5.06 -0.41
4 16 7.49 5.06 -0.41 7.41 5.04 -0.41 7.32 5.04 -1.19 7.41 5.06 -1.2
4 16 7.41 5.06 -1.2 7.32 5.04 -1.19 7.16 5.04 -1.95 7.24 5.06 -1.97
4 16 7.24 5.06 -1.97 7.16 5.04 -1.95 6.91 5.04 -2.69 6.99 5.06 -2.72
4 16 6.99 5.06 -2.72 6.91 5.04 -2.69 6.59 5.04 -3.41 6.67 5.06 -3.45
4 16 6.67 5.06 -3.45 6.59 5.04 -3.41 6.19 5.04 -4.08 6.27 5.06 -4.13
4 16 6.27 5.06 -4.13 6.19 5.04 -4.08 5.73 5.04 -4.71 5.8 5.06 -4.77
4 16 5.8 5.06 -4.77 5.73 5.04 -4.71 5.2 5.04 -5.29 5.26 5.06 -5.35
4 16 5.26 5.06 -5.35 5.2 5.04 -5.29 4.62 5.04 -5.81 4.67 5.06 -5.87
4 16 4.67 5.06 -5.87 4.62 5.04 -5.81 3.98 5.04 -6.26 4.02 5.06 -6.33
3 16 3.19 5.05 -6.74 3.3 5.04 -6.64 3.17 5.04 -6.71
3 16 3 5.51 -7.28 2.94 5.5 -7.3 2.94 10.08 -7.3
3 16 -6.33 5.52 4.69 -6.26 5.51 4.77 -6.26 10.08 4.77
3 16 2.99 4.08 7.28 3.49 4.03 7.06 3.49 10.08 7.06
3 16 4.3 3.87 6.6 4.53 3.81 6.44 4.53 10.08 6.44
3 16 6.92 5.54 3.76 6.92 10.08 3.76 6.59 5.54 4.3
3 16 6.59 5.54 4.3 6.92 10.08 3.76 6.26 10.08 4.77
3 16 6.59 5.54 4.3 6.26 10.08 4.77 6.51 5.54 4.43
3 16 6.51 5.54 4.43 6.26 10.08 4.77 6.37 5.53 4.63
3 16 5.48 5 5.65 5.56 5.08 5.58 5.46 10.08 5.67
3 16 5.56 5.08 5.58 5.73 5.23 5.4 5.46 10.08 5.67
3 16 5.46 10.08 5.67 5.73 5.23 5.4 5.75 5.24 5.38
3 16 5.46 10.08 5.67 5.75 5.24 5.38 5.96 5.38 5.14
3 16 5.96 5.38 5.14 6.17 5.48 4.89 5.46 10.08 5.67
3 16 5.46 10.08 5.67 6.17 5.48 4.89 6.26 5.51 4.78
3 16 5.46 10.08 5.67 6.26 5.51 4.78 6.26 10.08 4.77
3 16 6.26 10.08 4.77 6.26 5.51 4.78 6.26 5.51 4.77
3 16 6.26 10.08 4.77 6.26 5.51 4.77 6.37 5.53 4.63
3 16 4.96 4.33 6.12 5.16 4.62 5.95 4.53 10.08 6.44
3 16 4.53 3.81 6.44 4.62 3.78 6.37 4.53 10.08 6.44
3 16 4.53 10.08 6.44 4.62 3.78 6.37 4.82 4.11 6.22
3 16 4.53 10.08 6.44 4.82 4.11 6.22 4.96 4.33 6.12
3 16 5.16 4.62 5.95 5.24 4.73 5.87 4.53 10.08 6.44
3 16 4.53 10.08 6.44 5.24 4.73 5.87 5.36 4.87 5.77
3 16 4.53 10.08 6.44 5.36 4.87 5.77 5.46 10.08 5.67
3 16 5.46 10.08 5.67 5.36 4.87 5.77 5.46 4.98 5.68
3 16 5.46 10.08 5.67 5.46 4.98 5.68 5.48 5 5.65
3 16 3.49 10.08 7.06 3.49 4.03 7.06 4.53 10.08 6.44
3 16 4.53 10.08 6.44 3.49 4.03 7.06 4.03 3.94 6.77
3 16 4.53 10.08 6.44 4.03 3.94 6.77 4.3 3.87 6.6
3 16 2.38 10.08 7.51 2.38 4.12 7.51 3.49 10.08 7.06
3 16 3.49 10.08 7.06 2.38 4.12 7.51 2.94 4.09 7.3
3 16 3.49 10.08 7.06 2.94 4.09 7.3 2.99 4.08 7.28
3 16 1.2 10.08 7.78 1.32 4.17 7.76 2.38 10.08 7.51
3 16 2.38 10.08 7.51 1.32 4.17 7.76 1.85 4.15 7.65
3 16 2.38 10.08 7.51 1.85 4.15 7.65 2.38 4.12 7.51
3 16 0.34 4.36 7.87 0.68 4.32 7.84 1.2 10.08 7.78
3 16 1.2 10.08 7.78 0.68 4.32 7.84 1.2 4.2 7.78
3 16 1.2 10.08 7.78 1.2 4.2 7.78 1.32 4.17 7.76
3 16 0.34 4.36 7.87 1.2 10.08 7.78 0 4.37 7.87
3 16 0 4.37 7.87 1.2 10.08 7.78 0 10.08 7.87
3 16 0 4.37 7.87 0 10.08 7.87 -0.34 4.36 7.87
3 16 -0.34 4.36 7.87 0 10.08 7.87 -1.2 10.08 7.78
3 16 -0.34 4.36 7.87 -1.2 10.08 7.78 -0.68 4.32 7.84
3 16 -2.33 4.13 7.52 -1.81 4.15 7.66 -2.38 10.08 7.51
3 16 -2.38 10.08 7.51 -1.81 4.15 7.66 -1.32 4.17 7.76
3 16 -2.38 10.08 7.51 -1.32 4.17 7.76 -1.2 10.08 7.78
3 16 -1.2 10.08 7.78 -1.32 4.17 7.76 -1.2 4.2 7.78
3 16 -1.2 10.08 7.78 -1.2 4.2 7.78 -0.68 4.32 7.84
3 16 -3.35 4.04 7.12 -2.99 4.08 7.28 -3.49 10.08 7.06
4 16 -3.49 10.08 7.06 -2.99 4.08 7.28 -2.84 4.09 7.34 -2.38 10.08 7.51
3 16 -2.38 10.08 7.51 -2.84 4.09 7.34 -2.38 4.12 7.51
3 16 -2.38 10.08 7.51 -2.38 4.12 7.51 -2.33 4.13 7.52
3 16 -4.31 3.87 6.59 -4.23 3.89 6.64 -4.53 10.08 6.44
4 16 -4.53 10.08 6.44 -4.23 3.89 6.64 -3.8 3.98 6.89 -3.49 10.08 7.06
3 16 -3.49 10.08 7.06 -3.8 3.98 6.89 -3.49 4.03 7.06
3 16 -3.49 10.08 7.06 -3.49 4.03 7.06 -3.35 4.04 7.12
3 16 -4.31 3.87 6.59 -4.53 10.08 6.44 -4.53 3.81 6.44
3 16 -4.53 3.81 6.44 -4.53 10.08 6.44 -4.9 4.24 6.16
3 16 -4.53 3.81 6.44 -4.9 4.24 6.16 -4.62 3.78 6.37
3 16 -5.93 5.36 5.18 -5.73 5.22 5.4 -5.46 10.08 5.67
3 16 -5.93 5.36 5.18 -5.46 10.08 5.67 -6 5.4 5.1
3 16 -6.26 10.08 4.77 -6.26 5.51 4.77 -5.46 10.08 5.67
3 16 -5.46 10.08 5.67 -6.26 5.51 4.77 -6.13 5.46 4.94
3 16 -5.46 10.08 5.67 -6.13 5.46 4.94 -6 5.4 5.1
3 16 -5.73 5.22 5.4 -5.52 5.04 5.61 -5.46 10.08 5.67
3 16 -5.46 10.08 5.67 -5.52 5.04 5.61 -5.46 4.98 5.68
3 16 -5.46 10.08 5.67 -5.46 4.98 5.68 -4.53 10.08 6.44
3 16 -4.53 10.08 6.44 -5.46 4.98 5.68 -5.33 4.84 5.79
3 16 -4.53 10.08 6.44 -5.33 4.84 5.79 -5.13 4.58 5.98
3 16 -7.01 5.54 3.58 -6.92 5.54 3.76 -6.92 10.08 3.76
3 16 -6.92 10.08 3.76 -6.92 5.54 3.76 -6.59 5.54 4.3
3 16 -6.92 10.08 3.76 -6.59 5.54 4.3 -6.26 10.08 4.77
3 16 -6.26 10.08 4.77 -6.59 5.54 4.3 -6.51 5.54 4.43
3 16 -6.26 10.08 4.77 -6.51 5.54 4.43 -6.33 5.52 4.69
4 16 -7.01 5.54 3.58 -6.92 10.08 3.76 -7.41 10.08 2.66 -7.35 5.54 2.83
3 16 -7.35 5.54 2.83 -7.41 10.08 2.66 -7.41 5.54 2.66
3 16 -7.41 5.54 2.66 -7.41 10.08 2.66 -7.61 5.54 2.04
3 16 -7.61 5.54 2.04 -7.41 10.08 2.66 -7.73 10.08 1.5
3 16 -7.61 5.54 2.04 -7.73 10.08 1.5 -7.73 5.54 1.5
3 16 -7.87 10.08 0.3 -7.86 5.54 0.4 -7.73 10.08 1.5
3 16 -7.73 10.08 1.5 -7.86 5.54 0.4 -7.78 5.54 1.22
3 16 -7.73 10.08 1.5 -7.78 5.54 1.22 -7.73 5.54 1.5
3 16 -7.77 5.54 -1.26 -7.82 5.54 -0.9 -7.82 10.08 -0.9
3 16 -7.82 10.08 -0.9 -7.82 5.54 -0.9 -7.86 5.54 -0.43
3 16 -7.82 10.08 -0.9 -7.86 5.54 -0.43 -7.87 10.08 0.3
3 16 -7.87 10.08 0.3 -7.86 5.54 -0.43 -7.87 5.54 0.3
3 16 -7.87 10.08 0.3 -7.87 5.54 0.3 -7.86 5.54 0.4
3 16 -7.19 10.08 -3.22 -7.34 5.54 -2.86 -7.59 10.08 -2.09
3 16 -7.59 10.08 -2.09 -7.34 5.54 -2.86 -7.59 5.54 -2.09
3 16 -7.59 10.08 -2.09 -7.59 5.54 -2.09 -7.82 10.08 -0.9
3 16 -7.82 10.08 -0.9 -7.59 5.54 -2.09 -7.6 5.54 -2.07
3 16 -7.82 10.08 -0.9 -7.6 5.54 -2.07 -7.77 5.54 -1.26
3 16 -6.61 10.08 -4.28 -6.99 5.54 -3.62 -7.19 10.08 -3.22
3 16 -7.19 10.08 -3.22 -6.99 5.54 -3.62 -7.19 5.54 -3.22
3 16 -7.19 10.08 -3.22 -7.19 5.54 -3.22 -7.34 5.54 -2.86
3 16 -5.88 5.54 -5.24 -6.08 5.54 -5 -5.88 10.08 -5.24
3 16 -5.88 10.08 -5.24 -6.08 5.54 -5 -6.58 5.54 -4.33
3 16 -5.88 10.08 -5.24 -6.58 5.54 -4.33 -6.61 10.08 -4.28
3 16 -6.61 10.08 -4.28 -6.58 5.54 -4.33 -6.61 5.54 -4.28
3 16 -6.61 10.08 -4.28 -6.61 5.54 -4.28 -6.99 5.54 -3.62
3 16 -5.88 5.54 -5.24 -5.88 10.08 -5.24 -5.52 5.54 -5.61
3 16 -5.52 5.54 -5.61 -5.88 10.08 -5.24 -5.01 10.08 -6.07
3 16 -5.52 5.54 -5.61 -5.01 10.08 -6.07 -5.01 5.54 -6.07
3 16 -5.01 5.54 -6.07 -5.01 10.08 -6.07 -4.9 5.54 -6.16
4 16 -4.9 5.54 -6.16 -5.01 10.08 -6.07 -4.02 10.08 -6.77 -4.22 5.54 -6.65
3 16 -3.24 5.54 -7.18 -3.36 5.54 -7.12 -2.94 10.08 -7.3
4 16 -2.94 10.08 -7.3 -3.36 5.54 -7.12 -3.5 5.54 -7.05 -4.02 10.08 -6.77
3 16 -4.02 10.08 -6.77 -3.5 5.54 -7.05 -4.02 5.54 -6.77
3 16 -4.02 10.08 -6.77 -4.02 5.54 -6.77 -4.22 5.54 -6.65
3 16 -1.96 5.08 -7.63 -2.12 5.18 -7.58 -1.79 10.08 -7.67
3 16 -1.79 10.08 -7.67 -2.12 5.18 -7.58 -2.29 5.27 -7.53
3 16 -1.79 10.08 -7.67 -2.29 5.27 -7.53 -2.49 5.36 -7.47
3 16 -2.49 5.36 -7.47 -2.64 5.42 -7.42 -1.79 10.08 -7.67
3 16 -1.79 10.08 -7.67 -2.64 5.42 -7.42 -2.89 5.49 -7.32
3 16 -1.79 10.08 -7.67 -2.89 5.49 -7.32 -2.94 10.08 -7.3
3 16 -2.94 10.08 -7.3 -2.89 5.49 -7.32 -2.94 5.5 -7.3
3 16 -2.94 10.08 -7.3 -2.94 5.5 -7.3 -3.24 5.54 -7.18
3 16 -0.91 4 -7.82 -1.13 4.28 -7.79 -0.71 4.04 -7.84
3 16 -0.71 4.04 -7.84 -1.13 4.28 -7.79 -0.6 10.08 -7.85
3 16 -0.71 4.04 -7.84 -0.6 10.08 -7.85 -0.6 4.05 -7.85
3 16 -1.13 4.28 -7.79 -1.39 4.58 -7.75 -0.6 10.08 -7.85
3 16 -0.6 10.08 -7.85 -1.39 4.58 -7.75 -1.76 4.93 -7.67
3 16 -0.6 10.08 -7.85 -1.76 4.93 -7.67 -1.79 10.08 -7.67
3 16 -1.79 10.08 -7.67 -1.76 4.93 -7.67 -1.79 4.95 -7.67
3 16 -1.79 10.08 -7.67 -1.79 4.95 -7.67 -1.96 5.08 -7.63
3 16 0.6 4.05 -7.85 0.3 4.09 -7.87 0.6 10.08 -7.85
3 16 0.6 10.08 -7.85 0.3 4.09 -7.87 0 4.1 -7.87
3 16 0.6 10.08 -7.85 0 4.1 -7.87 -0.6 10.08 -7.85
3 16 -0.6 10.08 -7.85 0 4.1 -7.87 -0.3 4.09 -7.87
3 16 -0.6 10.08 -7.85 -0.3 4.09 -7.87 -0.6 4.05 -7.85
3 16 1.1 4.25 -7.8 0.91 4 -7.82 0.6 10.08 -7.85
3 16 0.6 10.08 -7.85 0.91 4 -7.82 0.71 4.03 -7.84
3 16 0.6 10.08 -7.85 0.71 4.03 -7.84 0.6 4.05 -7.85
3 16 2.94 10.08 -7.3 2.94 5.5 -7.3 1.79 10.08 -7.67
3 16 1.79 10.08 -7.67 2.94 5.5 -7.3 2.64 5.42 -7.42
3 16 1.79 10.08 -7.67 2.64 5.42 -7.42 2.28 5.27 -7.54
3 16 2.28 5.27 -7.54 1.91 5.04 -7.64 1.79 10.08 -7.67
3 16 1.79 10.08 -7.67 1.91 5.04 -7.64 1.79 4.95 -7.67
3 16 1.79 10.08 -7.67 1.79 4.95 -7.67 0.6 10.08 -7.85
3 16 0.6 10.08 -7.85 1.79 4.95 -7.67 1.57 4.76 -7.72
3 16 0.6 10.08 -7.85 1.57 4.76 -7.72 1.38 4.57 -7.75
3 16 4.22 5.54 -6.65 4.02 5.54 -6.77 4.02 10.08 -6.77
3 16 4.02 10.08 -6.77 4.02 5.54 -6.77 3.5 5.54 -7.05
4 16 4.02 10.08 -6.77 3.5 5.54 -7.05 3.36 5.54 -7.12 2.94 10.08 -7.3
3 16 2.94 10.08 -7.3 3.36 5.54 -7.12 3 5.51 -7.28
4 16 4.22 5.54 -6.65 4.02 10.08 -6.77 5.01 10.08 -6.07 4.9 5.54 -6.16
3 16 4.9 5.54 -6.16 5.01 10.08 -6.07 5.01 5.54 -6.07
3 16 5.01 5.54 -6.07 5.01 10.08 -6.07 5.52 5.54 -5.61
3 16 5.52 5.54 -5.61 5.01 10.08 -6.07 5.88 10.08 -5.24
3 16 5.52 5.54 -5.61 5.88 10.08 -5.24 5.88 5.54 -5.24
3 16 6.61 10.08 -4.28 6.58 5.54 -4.33 5.88 10.08 -5.24
3 16 5.88 10.08 -5.24 6.58 5.54 -4.33 6.08 5.54 -5
3 16 5.88 10.08 -5.24 6.08 5.54 -5 5.88 5.54 -5.24
3 16 7.19 10.08 -3.22 6.99 5.54 -3.62 6.61 10.08 -4.28
3 16 6.61 10.08 -4.28 6.99 5.54 -3.62 6.61 5.54 -4.28
3 16 6.61 10.08 -4.28 6.61 5.54 -4.28 6.58 5.54 -4.33
3 16 7.59 10.08 -2.09 7.34 5.54 -2.86 7.19 10.08 -3.22
3 16 7.19 10.08 -3.22 7.34 5.54 -2.86 7.19 5.54 -3.22
3 16 7.19 10.08 -3.22 7.19 5.54 -3.22 6.99 5.54 -3.62
3 16 7.82 5.54 -0.9 7.77 5.54 -1.26 7.82 10.08 -0.9
3 16 7.82 10.08 -0.9 7.77 5.54 -1.26 7.6 5.54 -2.07
3 16 7.82 10.08 -0.9 7.6 5.54 -2.07 7.59 10.08 -2.09
3 16 7.59 10.08 -2.09 7.6 5.54 -2.07 7.59 5.54 -2.09
3 16 7.59 10.08 -2.09 7.59 5.54 -2.09 7.34 5.54 -2.86
3 16 7.82 5.54 -0.9 7.82 10.08 -0.9 7.86 5.54 -0.43
3 16 7.86 5.54 -0.43 7.82 10.08 -0.9 7.87 10.08 0.3
3 16 7.86 5.54 -0.43 7.87 10.08 0.3 7.87 5.54 0.3
3 16 7.87 5.54 0.3 7.87 10.08 0.3 7.86 5.54 0.4
3 16 7.86 5.54 0.4 7.87 10.08 0.3 7.73 10.08 1.5
3 16 7.86 5.54 0.4 7.73 10.08 1.5 7.78 5.54 1.22
3 16 7.41 10.08 2.66 7.61 5.54 2.04 7.73 10.08 1.5
3 16 7.73 10.08 1.5 7.61 5.54 2.04 7.73 5.54 1.5
3 16 7.73 10.08 1.5 7.73 5.54 1.5 7.78 5.54 1.22
3 16 6.92 5.54 3.76 7.01 5.54 3.58 6.92 10.08 3.76
4 16 6.92 10.08 3.76 7.01 5.54 3.58 7.35 5.54 2.83 7.41 10.08 2.66
3 16 7.41 10.08 2.66 7.35 5.54 2.83 7.41 5.54 2.66
3 16 7.41 10.08 2.66 7.41 5.54 2.66 7.61 5.54 2.04
5 24 -0.81 0.97 7.19 -0.81 0.97 7.19 0 0 0 -0.97 0.81 7.03
5 24 -0.43 1.18 7.57 -0.43 1.18 7.57 0 0 0 -0.63 1.09 7.37
5 24 0 1.26 8 0 1.26 8 0 0 0 -0.22 1.24 7.78
5 24 0.43 1.18 7.57 0.43 1.18 7.57 0 0 0 0.22 1.24 7.78
5 24 0.81 0.97 7.19 0.81 0.97 7.19 0 0 0 0.63 1.09 7.37
5 24 -0.81 -0.97 7.19 -0.81 -0.97 7.19 0 0 0 -0.97 -0.81 -8
5 24 -0.43 -1.18 7.57 -0.43 -1.18 7.57 0 0 0 -0.63 -1.09 -8
5 24 0 -1.26 8 0 -1.26 8 0 0 0 -0.22 -1.24 -8
5 24 0.43 -1.18 7.57 0.43 -1.18 7.57 0 0 0 0.22 -1.24 -8
5 24 0.81 -0.97 7.19 0.81 -0.97 7.19 0 0 0 0.63 -1.09 -8
2 24 2.38 10.08 7.51 3.49 10.08 7.06
