0 228-7725-000 Pneumatic Pump sub 2
0 Name: s/228-7725-000s2.dat
0 Author: 
0 !LDRAW_ORG Subpart
0 !LICENSE Redistributable under CCAL version 2.0 : see CAreadme.txt

0 BFC CERTIFY CCW

0 // Created with stl2dat conversion tool

4 16 -117.23 3.36 0.59 -117.23 3.41 0 -117.23 -2.61 -2.19 -117.23 3.21 1.17
2 24 -117.23 3.41 0 -117.23 3.36 0.59
2 24 -117.23 3.36 0.59 -117.23 3.21 1.17
3 16 -117.23 1.71 -2.95 -117.23 1.17 -3.21 -117.23 -2.61 -2.19
2 24 -117.23 1.17 -3.21 -117.23 1.71 -2.95
4 16 -117.23 -2.95 -1.71 -117.23 -3.21 -1.17 -117.23 2.61 2.19 -117.23 -2.61 -2.19
2 24 -117.23 -3.21 -1.17 -117.23 -2.95 -1.71
2 24 -117.23 -2.95 -1.71 -117.23 -2.61 -2.19
4 16 -117.23 3.41 0 -117.23 3.36 -0.59 -117.23 3.21 -1.17 -117.23 -2.61 -2.19
2 24 -117.23 3.36 -0.59 -117.23 3.41 0
2 24 -117.23 3.21 -1.17 -117.23 3.36 -0.59
4 16 -117.23 -2.61 -2.19 -117.23 3.21 -1.17 -117.23 2.95 -1.71 -117.23 2.61 -2.19
2 24 -117.23 2.95 -1.71 -117.23 3.21 -1.17
2 24 -117.23 2.61 -2.19 -117.23 2.95 -1.71
4 16 -117.23 1.17 -3.21 -117.23 0.59 -3.36 -117.23 0 -3.41 -117.23 -2.61 -2.19
2 24 -117.23 0.59 -3.36 -117.23 1.17 -3.21
2 24 -117.23 0 -3.41 -117.23 0.59 -3.36
4 16 -117.23 -2.61 -2.19 -117.23 0 -3.41 -117.23 -0.59 -3.36 -117.23 -1.17 -3.21
2 24 -117.23 -0.59 -3.36 -117.23 0 -3.41
2 24 -117.23 -1.17 -3.21 -117.23 -0.59 -3.36
4 16 -117.23 -2.61 -2.19 -117.23 -1.17 -3.21 -117.23 -1.71 -2.95 -117.23 -2.19 -2.61
2 24 -117.23 -1.71 -2.95 -117.23 -1.17 -3.21
2 24 -117.23 -2.19 -2.61 -117.23 -1.71 -2.95
2 24 -117.23 -2.61 -2.19 -117.23 -2.19 -2.61
3 16 -117.23 -3.21 -1.17 -117.23 -3.36 -0.59 -117.23 2.61 2.19
2 24 -117.23 -3.36 -0.59 -117.23 -3.21 -1.17
4 16 -117.23 2.61 2.19 -117.23 -3.36 -0.59 -117.23 -3.41 0 -117.23 -3.36 0.59
2 24 -117.23 -3.41 0 -117.23 -3.36 -0.59
2 24 -117.23 -3.36 0.59 -117.23 -3.41 0
4 16 -117.23 -3.36 0.59 -117.23 -3.21 1.17 -117.23 -2.95 1.71 -117.23 2.61 2.19
2 24 -117.23 -3.21 1.17 -117.23 -3.36 0.59
2 24 -117.23 -2.95 1.71 -117.23 -3.21 1.17
4 16 -117.23 2.61 2.19 -117.23 -2.95 1.71 -117.23 -2.61 2.19 -117.23 -2.19 2.61
2 24 -117.23 -2.61 2.19 -117.23 -2.95 1.71
2 24 -117.23 -2.19 2.61 -117.23 -2.61 2.19
4 16 -117.23 2.61 2.19 -117.23 -2.19 2.61 -117.23 -1.71 2.95 -117.23 -1.17 3.21
2 24 -117.23 -1.71 2.95 -117.23 -2.19 2.61
2 24 -117.23 -1.17 3.21 -117.23 -1.71 2.95
4 16 -117.23 -2.61 -2.19 -117.23 2.61 2.19 -117.23 2.95 1.71 -117.23 3.21 1.17
2 24 -117.23 2.95 1.71 -117.23 2.61 2.19
2 24 -117.23 3.21 1.17 -117.23 2.95 1.71
4 16 -117.23 -2.61 -2.19 -117.23 2.61 -2.19 -117.23 2.19 -2.61 -117.23 1.71 -2.95
2 24 -117.23 2.19 -2.61 -117.23 2.61 -2.19
2 24 -117.23 1.71 -2.95 -117.23 2.19 -2.61
4 16 -117.23 -0.59 3.36 -117.23 0 3.41 -117.23 0.59 3.36 -117.23 -1.17 3.21
2 24 -117.23 0 3.41 -117.23 -0.59 3.36
2 24 -117.23 0.59 3.36 -117.23 0 3.41
2 24 -117.23 -0.59 3.36 -117.23 -1.17 3.21
4 16 -117.23 -1.17 3.21 -117.23 0.59 3.36 -117.23 1.17 3.21 -117.23 1.71 2.95
2 24 -117.23 1.17 3.21 -117.23 0.59 3.36
2 24 -117.23 1.71 2.95 -117.23 1.17 3.21
4 16 -117.23 -1.17 3.21 -117.23 1.71 2.95 -117.23 2.19 2.61 -117.23 2.61 2.19
2 24 -117.23 2.19 2.61 -117.23 1.71 2.95
2 24 -117.23 2.61 2.19 -117.23 2.19 2.61

3 16 -51.68 -14.24 -48 -53.42 -24.06 -48 -80 -24.06 -48
3 16 51.68 14.24 -48 53.42 24.06 -48 80 24.06 -48
3 16 -80 24.06 -48 -53.42 24.06 -48 -51.68 14.24 -48
3 16 80 -24.06 -48 53.42 -24.06 -48 51.68 -14.24 -48
4 16 -80 -24.06 -48 -80 24.06 -48 -51.68 14.24 -48 -51.68 -14.24 -48
4 16 -51.68 -14.24 -48 -51.68 14.24 -48 51.68 14.24 -48 51.68 -14.24 -48
4 16 51.68 -14.24 -48 51.68 14.24 -48 80 24.06 -48 80 -24.06 -48

4 16 85.92 -24.06 -12.5 85.92 -21.98 -5.67 85.92 -21.98 5.67 85.92 -24.06 12.6
3 16 85.92 -24.06 12.6 85.92 -21.98 5.67 85.92 -19.84 5.67
3 16 85.92 -19.84 5.67 85.92 -19.59 5.65 85.92 -24.06 12.6
3 16 85.92 -24.06 12.6 85.92 -19.59 5.65 85.92 -19.32 5.58
4 16 85.92 -24.06 12.6 85.92 -19.32 5.58 85.92 -19.09 5.48 85.92 24.06 12.6
3 16 85.92 24.06 12.6 85.92 -19.09 5.48 85.92 -18.85 5.34
3 16 85.92 -18.2 -4.03 85.92 -18.22 -4.29 85.92 24.06 -12.5
3 16 85.92 -24.06 -12.5 85.92 -19.41 -5.61 85.92 -19.68 -5.66
3 16 85.92 -18.22 -4.29 85.92 -18.29 -4.55 85.92 24.06 -12.5
3 16 85.92 24.06 -12.5 85.92 -18.29 -4.55 85.92 -18.39 -4.79
3 16 85.92 24.06 -12.5 85.92 -18.39 -4.79 85.92 -18.54 -5.02
3 16 85.92 -18.54 -5.02 85.92 -18.72 -5.23 85.92 24.06 -12.5
3 16 85.92 24.06 -12.5 85.92 -18.72 -5.23 85.92 -18.94 -5.4
4 16 85.92 24.06 -12.5 85.92 -18.94 -5.4 85.92 -19.17 -5.53 85.92 -24.06 -12.5
2 24 85.92 24.06 -12.5 85.92 -24.06 -12.5
3 16 85.92 -24.06 -12.5 85.92 -19.17 -5.53 85.92 -19.41 -5.61
3 16 85.92 -19.68 -5.66 85.92 -19.84 -5.67 85.92 -24.06 -12.5
3 16 85.92 -24.06 -12.5 85.92 -19.84 -5.67 85.92 -21.98 -5.67
3 16 85.92 -18.85 5.34 85.92 -18.65 5.15 85.92 24.06 12.6
3 16 85.92 24.06 12.6 85.92 -18.65 5.15 85.92 -18.48 4.94
3 16 85.92 24.06 12.6 85.92 -18.48 4.94 85.92 -18.35 4.7
3 16 85.92 -18.35 4.7 85.92 -18.26 4.46 85.92 24.06 12.6
3 16 85.92 24.06 12.6 85.92 -18.26 4.46 85.92 -18.21 4.2
4 16 85.92 24.06 12.6 85.92 -18.21 4.2 85.92 -18.2 4.03 85.92 24.06 -12.5
3 16 85.92 24.06 -12.5 85.92 -18.2 4.03 85.92 -18.2 -4.03

4 16 -80 -24.06 48 -53.42 -24.06 48 -51.68 -14.24 48 -80 24.06 48
4 16 80 24.06 48 53.42 24.06 48 51.68 14.24 48 80 -24.06 48
4 16 53.42 -24.06 48 80 -24.06 48 51.68 14.24 48 51.68 -14.24 48
4 16 51.68 -14.24 48 51.68 14.24 48 -51.68 14.24 48 -51.68 -14.24 48
4 16 -51.68 -14.24 48 -51.68 14.24 48 -53.42 24.06 48 -80 24.06 48

3 16 -96 1.29 7.32 -96 0 7.43 -96 24.06 32
2 24 -96 0 7.43 -96 1.29 7.32
3 16 -96 -3.72 6.44 -96 -4.78 5.69 -96 -24.06 32
2 24 -96 -4.78 5.69 -96 -3.72 6.44
3 16 -96 -3.72 6.44 -96 -24.06 32 -96 -2.54 6.98
2 24 -96 -3.72 6.44 -96 -2.54 6.98
4 16 -96 24.06 32 -96 0 7.43 -96 -1.29 7.32 -96 -24.06 32
2 24 -96 -1.29 7.32 -96 0 7.43
3 16 -96 -24.06 32 -96 -1.29 7.32 -96 -2.54 6.98
2 24 -96 -2.54 6.98 -96 -1.29 7.32
3 16 -96 1.29 -7.32 -96 2.54 -6.98 -96 24.06 -32
2 24 -96 2.54 -6.98 -96 1.29 -7.32
3 16 -96 24.06 -32 -96 2.54 -6.98 -96 3.72 -6.44
2 24 -96 3.72 -6.44 -96 2.54 -6.98
3 16 -96 24.06 -32 -96 3.72 -6.44 -96 4.78 -5.69
2 24 -96 4.78 -5.69 -96 3.72 -6.44
3 16 -96 4.78 -5.69 -96 5.69 -4.78 -96 24.06 -32
2 24 -96 5.69 -4.78 -96 4.78 -5.69
3 16 -96 24.06 -32 -96 5.69 -4.78 -96 6.44 -3.72
2 24 -96 6.44 -3.72 -96 5.69 -4.78
3 16 -96 24.06 -32 -96 6.44 -3.72 -96 6.98 -2.54
2 24 -96 6.98 -2.54 -96 6.44 -3.72
3 16 -96 -4.78 5.69 -96 -5.69 4.78 -96 -24.06 32
2 24 -96 -5.69 4.78 -96 -4.78 5.69
3 16 -96 -24.06 32 -96 -5.69 4.78 -96 -6.44 3.72
2 24 -96 -6.44 3.72 -96 -5.69 4.78
3 16 -96 -24.06 32 -96 -6.44 3.72 -96 -6.98 2.54
2 24 -96 -6.98 2.54 -96 -6.44 3.72
3 16 -96 -24.06 -32 -96 -6.98 -2.54 -96 -6.44 -3.72
2 24 -96 -6.44 -3.72 -96 -6.98 -2.54
3 16 -96 -6.98 2.54 -96 -7.32 1.29 -96 -24.06 32
2 24 -96 -7.32 1.29 -96 -6.98 2.54
3 16 -96 -24.06 32 -96 -7.32 1.29 -96 -7.43 0
2 24 -96 -7.43 0 -96 -7.32 1.29
4 16 -96 -24.06 32 -96 -7.43 0 -96 -7.32 -1.29 -96 -24.06 -32
2 24 -96 -7.32 -1.29 -96 -7.43 0
3 16 -96 -24.06 -32 -96 -7.32 -1.29 -96 -6.98 -2.54
2 24 -96 -6.98 -2.54 -96 -7.32 -1.29
3 16 -96 -6.44 -3.72 -96 -5.69 -4.78 -96 -24.06 -32
2 24 -96 -5.69 -4.78 -96 -6.44 -3.72
3 16 -96 -24.06 -32 -96 -5.69 -4.78 -96 -4.78 -5.69
2 24 -96 -4.78 -5.69 -96 -5.69 -4.78
3 16 -96 -24.06 -32 -96 -4.78 -5.69 -96 -3.72 -6.44
2 24 -96 -3.72 -6.44 -96 -4.78 -5.69
3 16 -96 -3.72 -6.44 -96 -2.54 -6.98 -96 -24.06 -32
2 24 -96 -2.54 -6.98 -96 -3.72 -6.44
3 16 -96 -24.06 -32 -96 -2.54 -6.98 -96 -1.29 -7.32
2 24 -96 -1.29 -7.32 -96 -2.54 -6.98
4 16 -96 -24.06 -32 -96 -1.29 -7.32 -96 0 -7.43 -96 24.06 -32
2 24 -96 0 -7.43 -96 -1.29 -7.32
3 16 -96 24.06 -32 -96 0 -7.43 -96 1.29 -7.32
2 24 -96 1.29 -7.32 -96 0 -7.43
3 16 -96 6.98 -2.54 -96 7.32 -1.29 -96 24.06 -32
2 24 -96 7.32 -1.29 -96 6.98 -2.54
3 16 -96 24.06 -32 -96 7.32 -1.29 -96 7.43 0
2 24 -96 7.43 0 -96 7.32 -1.29
4 16 -96 24.06 -32 -96 7.43 0 -96 7.32 1.29 -96 24.06 32
2 24 -96 7.32 1.29 -96 7.43 0
3 16 -96 24.06 32 -96 7.32 1.29 -96 6.98 2.54
2 24 -96 6.98 2.54 -96 7.32 1.29
3 16 -96 6.98 2.54 -96 6.44 3.72 -96 24.06 32
2 24 -96 6.44 3.72 -96 6.98 2.54
3 16 -96 24.06 32 -96 6.44 3.72 -96 5.69 4.78
2 24 -96 5.69 4.78 -96 6.44 3.72
3 16 -96 24.06 32 -96 5.69 4.78 -96 4.78 5.69
2 24 -96 4.78 5.69 -96 5.69 4.78
3 16 -96 4.78 5.69 -96 3.72 6.44 -96 24.06 32
2 24 -96 3.72 6.44 -96 4.78 5.69
3 16 -96 24.06 32 -96 3.72 6.44 -96 2.54 6.98
2 24 -96 2.54 6.98 -96 3.72 6.44
3 16 -96 24.06 32 -96 2.54 6.98 -96 1.29 7.32
2 24 -96 1.29 7.32 -96 2.54 6.98

4 16 -117.23 3.36 0.59 -117.23 3.41 0 -117.23 -2.61 -2.19 -117.23 3.21 1.17
2 24 -117.23 3.41 0 -117.23 3.36 0.59
2 24 -117.23 3.36 0.59 -117.23 3.21 1.17
3 16 -117.23 1.71 -2.95 -117.23 1.17 -3.21 -117.23 -2.61 -2.19
2 24 -117.23 1.17 -3.21 -117.23 1.71 -2.95
4 16 -117.23 -2.95 -1.71 -117.23 -3.21 -1.17 -117.23 2.61 2.19 -117.23 -2.61 -2.19
2 24 -117.23 -2.95 -1.71 -117.23 -3.21 -1.17
2 24 -117.23 -2.61 -2.19 -117.23 -2.95 -1.71
4 16 -117.23 3.41 0 -117.23 3.36 -0.59 -117.23 3.21 -1.17 -117.23 -2.61 -2.19
2 24 -117.23 3.36 -0.59 -117.23 3.41 0
2 24 -117.23 3.21 -1.17 -117.23 3.36 -0.59
4 16 -117.23 -2.61 -2.19 -117.23 3.21 -1.17 -117.23 2.95 -1.71 -117.23 2.61 -2.19
2 24 -117.23 2.95 -1.71 -117.23 3.21 -1.17
2 24 -117.23 2.61 -2.19 -117.23 2.95 -1.71
4 16 -117.23 1.17 -3.21 -117.23 0.59 -3.36 -117.23 0 -3.41 -117.23 -2.61 -2.19
2 24 -117.23 0.59 -3.36 -117.23 1.17 -3.21
2 24 -117.23 0 -3.41 -117.23 0.59 -3.36
4 16 -117.23 -2.61 -2.19 -117.23 0 -3.41 -117.23 -0.59 -3.36 -117.23 -1.17 -3.21
2 24 -117.23 0 -3.41 -117.23 -0.59 -3.36
2 24 -117.23 -0.59 -3.36 -117.23 -1.17 -3.21
4 16 -117.23 -2.61 -2.19 -117.23 -1.17 -3.21 -117.23 -1.71 -2.95 -117.23 -2.19 -2.61
2 24 -117.23 -1.17 -3.21 -117.23 -1.71 -2.95
2 24 -117.23 -1.71 -2.95 -117.23 -2.19 -2.61
2 24 -117.23 -2.19 -2.61 -117.23 -2.61 -2.19
3 16 -117.23 -3.21 -1.17 -117.23 -3.36 -0.59 -117.23 2.61 2.19
2 24 -117.23 -3.21 -1.17 -117.23 -3.36 -0.59
4 16 -117.23 2.61 2.19 -117.23 -3.36 -0.59 -117.23 -3.41 0 -117.23 -3.36 0.59
2 24 -117.23 -3.36 -0.59 -117.23 -3.41 0
2 24 -117.23 -3.41 0 -117.23 -3.36 0.59
4 16 -117.23 -3.36 0.59 -117.23 -3.21 1.17 -117.23 -2.95 1.71 -117.23 2.61 2.19
2 24 -117.23 -3.36 0.59 -117.23 -3.21 1.17
2 24 -117.23 -3.21 1.17 -117.23 -2.95 1.71
4 16 -117.23 2.61 2.19 -117.23 -2.95 1.71 -117.23 -2.61 2.19 -117.23 -2.19 2.61
2 24 -117.23 -2.95 1.71 -117.23 -2.61 2.19
2 24 -117.23 -2.61 2.19 -117.23 -2.19 2.61
4 16 -117.23 2.61 2.19 -117.23 -2.19 2.61 -117.23 -1.71 2.95 -117.23 -1.17 3.21
2 24 -117.23 -2.19 2.61 -117.23 -1.71 2.95
2 24 -117.23 -1.71 2.95 -117.23 -1.17 3.21
4 16 -117.23 -2.61 -2.19 -117.23 2.61 2.19 -117.23 2.95 1.71 -117.23 3.21 1.17
2 24 -117.23 2.95 1.71 -117.23 2.61 2.19
2 24 -117.23 3.21 1.17 -117.23 2.95 1.71
4 16 -117.23 -2.61 -2.19 -117.23 2.61 -2.19 -117.23 2.19 -2.61 -117.23 1.71 -2.95
2 24 -117.23 2.19 -2.61 -117.23 2.61 -2.19
2 24 -117.23 1.71 -2.95 -117.23 2.19 -2.61
4 16 -117.23 -0.59 3.36 -117.23 0 3.41 -117.23 0.59 3.36 -117.23 -1.17 3.21
2 24 -117.23 -0.59 3.36 -117.23 0 3.41
2 24 -117.23 0.59 3.36 -117.23 0 3.41
2 24 -117.23 -1.17 3.21 -117.23 -0.59 3.36
4 16 -117.23 -1.17 3.21 -117.23 0.59 3.36 -117.23 1.17 3.21 -117.23 1.71 2.95
2 24 -117.23 1.17 3.21 -117.23 0.59 3.36
2 24 -117.23 1.71 2.95 -117.23 1.17 3.21
4 16 -117.23 -1.17 3.21 -117.23 1.71 2.95 -117.23 2.19 2.61 -117.23 2.61 2.19
2 24 -117.23 2.19 2.61 -117.23 1.71 2.95
2 24 -117.23 2.61 2.19 -117.23 2.19 2.61

4 16 -96 0 -7.43 -98.46 0 -7.43 -98.46 1.29 -7.32 -96 1.29 -7.32
4 16 -96 1.29 -7.32 -98.46 1.29 -7.32 -98.46 2.54 -6.98 -96 2.54 -6.98
4 16 -96 2.54 -6.98 -98.46 2.54 -6.98 -98.46 3.72 -6.44 -96 3.72 -6.44
4 16 -96 3.72 -6.44 -98.46 3.72 -6.44 -98.46 4.78 -5.69 -96 4.78 -5.69
4 16 -96 4.78 -5.69 -98.46 4.78 -5.69 -98.46 5.69 -4.78 -96 5.69 -4.78
4 16 -96 5.69 -4.78 -98.46 5.69 -4.78 -98.46 6.44 -3.72 -96 6.44 -3.72
4 16 -96 6.44 -3.72 -98.46 6.44 -3.72 -98.46 6.98 -2.54 -96 6.98 -2.54
4 16 -96 6.98 -2.54 -98.46 6.98 -2.54 -98.46 7.32 -1.29 -96 7.32 -1.29
4 16 -96 7.32 -1.29 -98.46 7.32 -1.29 -98.46 7.43 0 -96 7.43 0
4 16 -96 7.43 0 -98.46 7.43 0 -98.46 7.32 1.29 -96 7.32 1.29
4 16 -96 7.32 1.29 -98.46 7.32 1.29 -98.46 6.98 2.54 -96 6.98 2.54
4 16 -96 6.98 2.54 -98.46 6.98 2.54 -98.46 6.44 3.72 -96 6.44 3.72
4 16 -96 6.44 3.72 -98.46 6.44 3.72 -98.46 5.69 4.78 -96 5.69 4.78
4 16 -96 5.69 4.78 -98.46 5.69 4.78 -98.46 4.78 5.69 -96 4.78 5.69
4 16 -96 4.78 5.69 -98.46 4.78 5.69 -98.46 3.72 6.44 -96 3.72 6.44
4 16 -96 3.72 6.44 -98.46 3.72 6.44 -98.46 2.54 6.98 -96 2.54 6.98
4 16 -96 2.54 6.98 -98.46 2.54 6.98 -98.46 1.29 7.32 -96 1.29 7.32
4 16 -96 1.29 7.32 -98.46 1.29 7.32 -98.46 0 7.43 -96 0 7.43
4 16 -101.58 0.72 4.11 -101.58 0 4.17 -101.43 0 4.21 -101.43 0.73 4.15
4 16 -101.29 0.74 4.21 -101.29 0 4.28 -101.17 0 4.36 -101.17 0.76 4.3
4 16 -101.17 0.76 4.3 -101.17 0 4.36 -101.06 0 4.47 -101.06 0.78 4.4
4 16 -101.06 0.78 4.4 -101.06 0 4.47 -100.97 0 4.6 -100.97 0.8 4.53
4 16 -100.97 0.8 4.53 -100.97 0 4.6 -100.9 0 4.74 -100.9 0.82 4.67
4 16 -100.9 0.82 4.67 -100.9 0 4.74 -100.86 0 4.89 -100.86 0.85 4.81
4 16 -100.86 0 4.89 -100.85 0 5.04 -100.85 0.88 4.96 -100.86 0.85 4.81
4 16 -100.86 0.85 4.81 -100.85 0.88 4.96 -100.85 1.72 4.74 -100.86 1.67 4.59
4 16 -100.86 1.67 4.59 -100.85 1.72 4.74 -100.85 2.52 4.36 -100.86 2.44 4.23
4 16 -100.86 2.44 4.23 -100.85 2.52 4.36 -100.85 3.24 3.86 -100.86 3.14 3.74
4 16 -100.86 3.14 3.74 -100.85 3.24 3.86 -100.85 3.86 3.24 -100.86 3.74 3.14
4 16 -100.86 3.74 3.14 -100.85 3.86 3.24 -100.85 4.36 2.52 -100.86 4.23 2.44
4 16 -100.86 4.23 2.44 -100.85 4.36 2.52 -100.85 4.74 1.72 -100.86 4.59 1.67
4 16 -100.86 4.59 1.67 -100.85 4.74 1.72 -100.85 4.96 0.88 -100.86 4.81 0.85
4 16 -100.86 4.81 0.85 -100.85 4.96 0.88 -100.85 5.04 0 -100.86 4.89 0
4 16 -100.86 4.89 0 -100.85 5.04 0 -100.85 4.96 -0.88 -100.86 4.81 -0.85
4 16 -100.86 4.81 -0.85 -100.85 4.96 -0.88 -100.85 4.74 -1.72 -100.86 4.59 -1.67
4 16 -100.86 4.59 -1.67 -100.85 4.74 -1.72 -100.85 4.36 -2.52 -100.86 4.23 -2.44
4 16 -100.86 4.23 -2.44 -100.85 4.36 -2.52 -100.85 3.86 -3.24 -100.86 3.74 -3.14
4 16 -100.86 3.74 -3.14 -100.85 3.86 -3.24 -100.85 3.24 -3.86 -100.86 3.14 -3.74
4 16 -100.86 3.14 -3.74 -100.85 3.24 -3.86 -100.85 2.52 -4.36 -100.86 2.44 -4.23
4 16 -100.86 2.44 -4.23 -100.85 2.52 -4.36 -100.85 1.72 -4.74 -100.86 1.67 -4.59
4 16 -100.86 1.67 -4.59 -100.85 1.72 -4.74 -100.85 0.88 -4.96 -100.86 0.85 -4.81
4 16 -100.9 0 -4.74 -100.9 0.82 -4.67 -100.86 0.85 -4.81 -100.86 0 -4.89
4 16 -100.86 0 -4.89 -100.86 0.85 -4.81 -100.85 0.88 -4.96 -100.85 0 -5.04
4 16 -100.9 0.82 4.67 -100.86 0.85 4.81 -100.86 1.67 4.59 -100.9 1.62 4.45
4 16 -100.9 1.62 4.45 -100.86 1.67 4.59 -100.86 2.44 4.23 -100.9 2.37 4.1
4 16 -100.9 2.37 4.1 -100.86 2.44 4.23 -100.86 3.14 3.74 -100.9 3.05 3.63
4 16 -100.9 3.05 3.63 -100.86 3.14 3.74 -100.86 3.74 3.14 -100.9 3.63 3.05
4 16 -100.9 3.63 3.05 -100.86 3.74 3.14 -100.86 4.23 2.44 -100.9 4.1 2.37
4 16 -100.9 4.1 2.37 -100.86 4.23 2.44 -100.86 4.59 1.67 -100.9 4.45 1.62
4 16 -100.9 4.45 1.62 -100.86 4.59 1.67 -100.86 4.81 0.85 -100.9 4.67 0.82
4 16 -100.9 4.67 0.82 -100.86 4.81 0.85 -100.86 4.89 0 -100.9 4.74 0
4 16 -100.9 4.74 0 -100.86 4.89 0 -100.86 4.81 -0.85 -100.9 4.67 -0.82
4 16 -100.9 4.67 -0.82 -100.86 4.81 -0.85 -100.86 4.59 -1.67 -100.9 4.45 -1.62
4 16 -100.9 4.45 -1.62 -100.86 4.59 -1.67 -100.86 4.23 -2.44 -100.9 4.1 -2.37
4 16 -100.9 4.1 -2.37 -100.86 4.23 -2.44 -100.86 3.74 -3.14 -100.9 3.63 -3.05
4 16 -100.9 3.63 -3.05 -100.86 3.74 -3.14 -100.86 3.14 -3.74 -100.9 3.05 -3.63
4 16 -100.9 3.05 -3.63 -100.86 3.14 -3.74 -100.86 2.44 -4.23 -100.9 2.37 -4.1
4 16 -100.9 2.37 -4.1 -100.86 2.44 -4.23 -100.86 1.67 -4.59 -100.9 1.62 -4.45
4 16 -100.9 1.62 -4.45 -100.86 1.67 -4.59 -100.86 0.85 -4.81 -100.9 0.82 -4.67
4 16 -100.9 0.82 -4.67 -100.9 0 -4.74 -100.97 0 -4.6 -100.97 0.8 -4.53
4 16 -100.97 0.8 4.53 -100.9 0.82 4.67 -100.9 1.62 4.45 -100.97 1.57 4.32
4 16 -100.97 1.57 4.32 -100.9 1.62 4.45 -100.9 2.37 4.1 -100.97 2.3 3.98
4 16 -100.97 2.3 3.98 -100.9 2.37 4.1 -100.9 3.05 3.63 -100.97 2.96 3.52
4 16 -100.97 2.96 3.52 -100.9 3.05 3.63 -100.9 3.63 3.05 -100.97 3.52 2.96
4 16 -100.97 3.52 2.96 -100.9 3.63 3.05 -100.9 4.1 2.37 -100.97 3.98 2.3
4 16 -100.97 3.98 2.3 -100.9 4.1 2.37 -100.9 4.45 1.62 -100.97 4.32 1.57
4 16 -100.97 4.32 1.57 -100.9 4.45 1.62 -100.9 4.67 0.82 -100.97 4.53 0.8
4 16 -100.97 4.53 0.8 -100.9 4.67 0.82 -100.9 4.74 0 -100.97 4.6 0
4 16 -100.97 4.6 0 -100.9 4.74 0 -100.9 4.67 -0.82 -100.97 4.53 -0.8
4 16 -100.97 4.53 -0.8 -100.9 4.67 -0.82 -100.9 4.45 -1.62 -100.97 4.32 -1.57
4 16 -100.97 4.32 -1.57 -100.9 4.45 -1.62 -100.9 4.1 -2.37 -100.97 3.98 -2.3
4 16 -100.97 3.98 -2.3 -100.9 4.1 -2.37 -100.9 3.63 -3.05 -100.97 3.52 -2.96
4 16 -100.97 3.52 -2.96 -100.9 3.63 -3.05 -100.9 3.05 -3.63 -100.97 2.96 -3.52
4 16 -100.97 2.96 -3.52 -100.9 3.05 -3.63 -100.9 2.37 -4.1 -100.97 2.3 -3.98
4 16 -100.97 2.3 -3.98 -100.9 2.37 -4.1 -100.9 1.62 -4.45 -100.97 1.57 -4.32
4 16 -100.97 1.57 -4.32 -100.9 1.62 -4.45 -100.9 0.82 -4.67 -100.97 0.8 -4.53
4 16 -100.97 0.8 -4.53 -100.97 0 -4.6 -101.06 0 -4.47 -101.06 0.78 -4.4
4 16 -101.06 0.78 4.4 -100.97 0.8 4.53 -100.97 1.57 4.32 -101.06 1.53 4.2
4 16 -101.06 1.53 4.2 -100.97 1.57 4.32 -100.97 2.3 3.98 -101.06 2.24 3.87
4 16 -101.06 2.24 3.87 -100.97 2.3 3.98 -100.97 2.96 3.52 -101.06 2.87 3.43
4 16 -101.06 2.87 3.43 -100.97 2.96 3.52 -100.97 3.52 2.96 -101.06 3.43 2.87
4 16 -101.06 3.43 2.87 -100.97 3.52 2.96 -100.97 3.98 2.3 -101.06 3.87 2.24
4 16 -101.06 3.87 2.24 -100.97 3.98 2.3 -100.97 4.32 1.57 -101.06 4.2 1.53
4 16 -101.06 4.2 1.53 -100.97 4.32 1.57 -100.97 4.53 0.8 -101.06 4.4 0.78
4 16 -101.06 4.4 0.78 -100.97 4.53 0.8 -100.97 4.6 0 -101.06 4.47 0
4 16 -101.06 4.47 0 -100.97 4.6 0 -100.97 4.53 -0.8 -101.06 4.4 -0.78
4 16 -101.06 4.4 -0.78 -100.97 4.53 -0.8 -100.97 4.32 -1.57 -101.06 4.2 -1.53
4 16 -101.06 4.2 -1.53 -100.97 4.32 -1.57 -100.97 3.98 -2.3 -101.06 3.87 -2.24
4 16 -101.06 3.87 -2.24 -100.97 3.98 -2.3 -100.97 3.52 -2.96 -101.06 3.43 -2.87
4 16 -101.06 3.43 -2.87 -100.97 3.52 -2.96 -100.97 2.96 -3.52 -101.06 2.87 -3.43
4 16 -101.06 2.87 -3.43 -100.97 2.96 -3.52 -100.97 2.3 -3.98 -101.06 2.24 -3.87
4 16 -101.06 2.24 -3.87 -100.97 2.3 -3.98 -100.97 1.57 -4.32 -101.06 1.53 -4.2
4 16 -101.06 1.53 -4.2 -100.97 1.57 -4.32 -100.97 0.8 -4.53 -101.06 0.78 -4.4
4 16 -101.06 0.78 -4.4 -101.06 0 -4.47 -101.17 0 -4.36 -101.17 0.76 -4.3
4 16 -101.17 0.76 4.3 -101.06 0.78 4.4 -101.06 1.53 4.2 -101.17 1.49 4.1
4 16 -101.17 1.49 4.1 -101.06 1.53 4.2 -101.06 2.24 3.87 -101.17 2.18 3.78
4 16 -101.17 2.18 3.78 -101.06 2.24 3.87 -101.06 2.87 3.43 -101.17 2.8 3.34
4 16 -101.17 2.8 3.34 -101.06 2.87 3.43 -101.06 3.43 2.87 -101.17 3.34 2.8
4 16 -101.17 3.34 2.8 -101.06 3.43 2.87 -101.06 3.87 2.24 -101.17 3.78 2.18
4 16 -101.17 3.78 2.18 -101.06 3.87 2.24 -101.06 4.2 1.53 -101.17 4.1 1.49
4 16 -101.17 4.1 1.49 -101.06 4.2 1.53 -101.06 4.4 0.78 -101.17 4.3 0.76
4 16 -101.17 4.3 0.76 -101.06 4.4 0.78 -101.06 4.47 0 -101.17 4.36 0
4 16 -101.17 4.36 0 -101.06 4.47 0 -101.06 4.4 -0.78 -101.17 4.3 -0.76
4 16 -101.17 4.3 -0.76 -101.06 4.4 -0.78 -101.06 4.2 -1.53 -101.17 4.1 -1.49
4 16 -101.17 4.1 -1.49 -101.06 4.2 -1.53 -101.06 3.87 -2.24 -101.17 3.78 -2.18
4 16 -101.17 3.78 -2.18 -101.06 3.87 -2.24 -101.06 3.43 -2.87 -101.17 3.34 -2.8
4 16 -101.17 3.34 -2.8 -101.06 3.43 -2.87 -101.06 2.87 -3.43 -101.17 2.8 -3.34
4 16 -101.17 2.8 -3.34 -101.06 2.87 -3.43 -101.06 2.24 -3.87 -101.17 2.18 -3.78
4 16 -101.17 2.18 -3.78 -101.06 2.24 -3.87 -101.06 1.53 -4.2 -101.17 1.49 -4.1
4 16 -101.17 1.49 -4.1 -101.06 1.53 -4.2 -101.06 0.78 -4.4 -101.17 0.76 -4.3
4 16 -101.17 0.76 -4.3 -101.17 0 -4.36 -101.29 0 -4.28 -101.29 0.74 -4.21
4 16 -101.29 0.74 4.21 -101.17 0.76 4.3 -101.17 1.49 4.1 -101.29 1.46 4.02
4 16 -101.29 1.46 4.02 -101.17 1.49 4.1 -101.17 2.18 3.78 -101.29 2.14 3.7
4 16 -101.29 2.14 3.7 -101.17 2.18 3.78 -101.17 2.8 3.34 -101.29 2.75 3.28
4 16 -101.29 2.75 3.28 -101.17 2.8 3.34 -101.17 3.34 2.8 -101.29 3.28 2.75
4 16 -101.29 3.28 2.75 -101.17 3.34 2.8 -101.17 3.78 2.18 -101.29 3.7 2.14
4 16 -101.29 3.7 2.14 -101.17 3.78 2.18 -101.17 4.1 1.49 -101.29 4.02 1.46
4 16 -101.29 4.02 1.46 -101.17 4.1 1.49 -101.17 4.3 0.76 -101.29 4.21 0.74
4 16 -101.29 4.21 0.74 -101.17 4.3 0.76 -101.17 4.36 0 -101.29 4.28 0
4 16 -101.29 4.28 0 -101.17 4.36 0 -101.17 4.3 -0.76 -101.29 4.21 -0.74
4 16 -101.29 4.21 -0.74 -101.17 4.3 -0.76 -101.17 4.1 -1.49 -101.29 4.02 -1.46
4 16 -101.29 4.02 -1.46 -101.17 4.1 -1.49 -101.17 3.78 -2.18 -101.29 3.7 -2.14
4 16 -101.29 3.7 -2.14 -101.17 3.78 -2.18 -101.17 3.34 -2.8 -101.29 3.28 -2.75
4 16 -101.29 3.28 -2.75 -101.17 3.34 -2.8 -101.17 2.8 -3.34 -101.29 2.75 -3.28
4 16 -101.29 2.75 -3.28 -101.17 2.8 -3.34 -101.17 2.18 -3.78 -101.29 2.14 -3.7
4 16 -101.29 2.14 -3.7 -101.17 2.18 -3.78 -101.17 1.49 -4.1 -101.29 1.46 -4.02
4 16 -101.29 1.46 -4.02 -101.17 1.49 -4.1 -101.17 0.76 -4.3 -101.29 0.74 -4.21
4 16 -101.29 0.74 -4.21 -101.29 0 -4.28 -101.43 0 -4.21 -101.43 0.73 -4.15
4 16 -101.29 0 4.28 -101.29 0.74 4.21 -101.43 0.73 4.15 -101.43 0 4.21
4 16 -101.43 0.73 4.15 -101.29 0.74 4.21 -101.29 1.46 4.02 -101.43 1.44 3.96
4 16 -101.43 1.44 3.96 -101.29 1.46 4.02 -101.29 2.14 3.7 -101.43 2.11 3.65
4 16 -101.43 2.11 3.65 -101.29 2.14 3.7 -101.29 2.75 3.28 -101.43 2.71 3.23
4 16 -101.43 2.71 3.23 -101.29 2.75 3.28 -101.29 3.28 2.75 -101.43 3.23 2.71
4 16 -101.43 3.23 2.71 -101.29 3.28 2.75 -101.29 3.7 2.14 -101.43 3.65 2.11
4 16 -101.43 3.65 2.11 -101.29 3.7 2.14 -101.29 4.02 1.46 -101.43 3.96 1.44
4 16 -101.43 3.96 1.44 -101.29 4.02 1.46 -101.29 4.21 0.74 -101.43 4.15 0.73
4 16 -101.43 4.15 0.73 -101.29 4.21 0.74 -101.29 4.28 0 -101.43 4.21 0
4 16 -101.43 4.21 0 -101.29 4.28 0 -101.29 4.21 -0.74 -101.43 4.15 -0.73
4 16 -101.43 4.15 -0.73 -101.29 4.21 -0.74 -101.29 4.02 -1.46 -101.43 3.96 -1.44
4 16 -101.43 3.96 -1.44 -101.29 4.02 -1.46 -101.29 3.7 -2.14 -101.43 3.65 -2.11
4 16 -101.43 3.65 -2.11 -101.29 3.7 -2.14 -101.29 3.28 -2.75 -101.43 3.23 -2.71
4 16 -101.43 3.23 -2.71 -101.29 3.28 -2.75 -101.29 2.75 -3.28 -101.43 2.71 -3.23
4 16 -101.43 2.71 -3.23 -101.29 2.75 -3.28 -101.29 2.14 -3.7 -101.43 2.11 -3.65
4 16 -101.43 2.11 -3.65 -101.29 2.14 -3.7 -101.29 1.46 -4.02 -101.43 1.44 -3.96
4 16 -101.43 1.44 -3.96 -101.29 1.46 -4.02 -101.29 0.74 -4.21 -101.43 0.73 -4.15
4 16 -101.43 0.73 -4.15 -101.43 0 -4.21 -101.58 0 -4.17 -101.58 0.72 -4.11
4 16 -101.43 0.73 -4.15 -101.58 0.72 -4.11 -101.58 1.43 -3.92 -101.43 1.44 -3.96
4 16 -101.43 1.44 -3.96 -101.58 1.43 -3.92 -101.58 2.09 -3.61 -101.43 2.11 -3.65
4 16 -101.43 2.11 -3.65 -101.58 2.09 -3.61 -101.58 2.68 -3.2 -101.43 2.71 -3.23
4 16 -101.43 2.71 -3.23 -101.58 2.68 -3.2 -101.58 3.2 -2.68 -101.43 3.23 -2.71
4 16 -101.43 3.23 -2.71 -101.58 3.2 -2.68 -101.58 3.61 -2.09 -101.43 3.65 -2.11
4 16 -101.43 3.65 -2.11 -101.58 3.61 -2.09 -101.58 3.92 -1.43 -101.43 3.96 -1.44
4 16 -101.43 3.96 -1.44 -101.58 3.92 -1.43 -101.58 4.11 -0.72 -101.43 4.15 -0.73
4 16 -101.43 4.15 -0.73 -101.58 4.11 -0.72 -101.58 4.17 0 -101.43 4.21 0
4 16 -101.43 4.21 0 -101.58 4.17 0 -101.58 4.11 0.72 -101.43 4.15 0.73
4 16 -101.43 4.15 0.73 -101.58 4.11 0.72 -101.58 3.92 1.43 -101.43 3.96 1.44
4 16 -101.43 3.96 1.44 -101.58 3.92 1.43 -101.58 3.61 2.09 -101.43 3.65 2.11
4 16 -101.43 3.65 2.11 -101.58 3.61 2.09 -101.58 3.2 2.68 -101.43 3.23 2.71
4 16 -101.43 3.23 2.71 -101.58 3.2 2.68 -101.58 2.68 3.2 -101.43 2.71 3.23
4 16 -101.43 2.71 3.23 -101.58 2.68 3.2 -101.58 2.09 3.61 -101.43 2.11 3.65
4 16 -101.43 2.11 3.65 -101.58 2.09 3.61 -101.58 1.43 3.92 -101.43 1.44 3.96
4 16 -101.43 1.44 3.96 -101.58 1.43 3.92 -101.58 0.72 4.11 -101.43 0.73 4.15
4 16 -101.73 0 4.16 -101.58 0 4.17 -101.58 0.72 4.11 -101.73 0.72 4.09
4 16 -101.73 0.72 4.09 -101.58 0.72 4.11 -101.58 1.43 3.92 -101.73 1.42 3.91
4 16 -101.73 1.42 3.91 -101.58 1.43 3.92 -101.58 2.09 3.61 -101.73 2.08 3.6
4 16 -101.73 2.08 3.6 -101.58 2.09 3.61 -101.58 2.68 3.2 -101.73 2.67 3.18
4 16 -101.73 2.67 3.18 -101.58 2.68 3.2 -101.58 3.2 2.68 -101.73 3.18 2.67
4 16 -101.73 3.18 2.67 -101.58 3.2 2.68 -101.58 3.61 2.09 -101.73 3.6 2.08
4 16 -101.73 3.6 2.08 -101.58 3.61 2.09 -101.58 3.92 1.43 -101.73 3.91 1.42
4 16 -101.73 3.91 1.42 -101.58 3.92 1.43 -101.58 4.11 0.72 -101.73 4.09 0.72
4 16 -101.73 4.09 0.72 -101.58 4.11 0.72 -101.58 4.17 0 -101.73 4.16 0
4 16 -101.73 4.16 0 -101.58 4.17 0 -101.58 4.11 -0.72 -101.73 4.09 -0.72
4 16 -101.73 4.09 -0.72 -101.58 4.11 -0.72 -101.58 3.92 -1.43 -101.73 3.91 -1.42
4 16 -101.73 3.91 -1.42 -101.58 3.92 -1.43 -101.58 3.61 -2.09 -101.73 3.6 -2.08
4 16 -101.73 3.6 -2.08 -101.58 3.61 -2.09 -101.58 3.2 -2.68 -101.73 3.18 -2.67
4 16 -101.73 3.18 -2.67 -101.58 3.2 -2.68 -101.58 2.68 -3.2 -101.73 2.67 -3.18
4 16 -101.73 2.67 -3.18 -101.58 2.68 -3.2 -101.58 2.09 -3.61 -101.73 2.08 -3.6
4 16 -101.73 2.08 -3.6 -101.58 2.09 -3.61 -101.58 1.43 -3.92 -101.73 1.42 -3.91
4 16 -101.73 1.42 -3.91 -101.58 1.43 -3.92 -101.58 0.72 -4.11 -101.73 0.72 -4.09
4 16 -101.73 0.72 -4.09 -101.58 0.72 -4.11 -101.58 0 -4.17 -101.73 0 -4.16
4 16 -98.83 0 7.4 -98.46 0 7.43 -98.46 1.29 7.32 -98.83 1.29 7.29
4 16 -98.83 1.29 7.29 -98.46 1.29 7.32 -98.46 2.54 6.98 -98.83 2.53 6.96
4 16 -98.83 2.53 6.96 -98.46 2.54 6.98 -98.46 3.72 6.44 -98.83 3.7 6.41
4 16 -98.83 3.7 6.41 -98.46 3.72 6.44 -98.46 4.78 5.69 -98.83 4.76 5.67
4 16 -98.83 4.76 5.67 -98.46 4.78 5.69 -98.46 5.69 4.78 -98.83 5.67 4.76
4 16 -98.83 5.67 4.76 -98.46 5.69 4.78 -98.46 6.44 3.72 -98.83 6.41 3.7
4 16 -98.83 6.41 3.7 -98.46 6.44 3.72 -98.46 6.98 2.54 -98.83 6.96 2.53
4 16 -98.83 6.96 2.53 -98.46 6.98 2.54 -98.46 7.32 1.29 -98.83 7.29 1.29
4 16 -98.83 7.29 1.29 -98.46 7.32 1.29 -98.46 7.43 0 -98.83 7.4 0
4 16 -98.83 7.4 0 -98.46 7.43 0 -98.46 7.32 -1.29 -98.83 7.29 -1.29
4 16 -98.83 7.29 -1.29 -98.46 7.32 -1.29 -98.46 6.98 -2.54 -98.83 6.96 -2.53
4 16 -98.83 6.96 -2.53 -98.46 6.98 -2.54 -98.46 6.44 -3.72 -98.83 6.41 -3.7
4 16 -98.83 6.41 -3.7 -98.46 6.44 -3.72 -98.46 5.69 -4.78 -98.83 5.67 -4.76
4 16 -98.83 5.67 -4.76 -98.46 5.69 -4.78 -98.46 4.78 -5.69 -98.83 4.76 -5.67
4 16 -98.83 4.76 -5.67 -98.46 4.78 -5.69 -98.46 3.72 -6.44 -98.83 3.7 -6.41
4 16 -98.83 3.7 -6.41 -98.46 3.72 -6.44 -98.46 2.54 -6.98 -98.83 2.53 -6.96
4 16 -98.83 2.53 -6.96 -98.46 2.54 -6.98 -98.46 1.29 -7.32 -98.83 1.29 -7.29
4 16 -98.83 1.29 -7.29 -98.46 1.29 -7.32 -98.46 0 -7.43 -98.83 0 -7.4
4 16 -99.2 0 7.32 -98.83 0 7.4 -98.83 1.29 7.29 -99.2 1.27 7.2
4 16 -99.2 1.27 7.2 -98.83 1.29 7.29 -98.83 2.53 6.96 -99.2 2.5 6.87
4 16 -99.2 2.5 6.87 -98.83 2.53 6.96 -98.83 3.7 6.41 -99.2 3.66 6.34
4 16 -99.2 3.66 6.34 -98.83 3.7 6.41 -98.83 4.76 5.67 -99.2 4.7 5.6
4 16 -99.2 4.7 5.6 -98.83 4.76 5.67 -98.83 5.67 4.76 -99.2 5.6 4.7
4 16 -99.2 5.6 4.7 -98.83 5.67 4.76 -98.83 6.41 3.7 -99.2 6.34 3.66
4 16 -99.2 6.34 3.66 -98.83 6.41 3.7 -98.83 6.96 2.53 -99.2 6.87 2.5
4 16 -99.2 6.87 2.5 -98.83 6.96 2.53 -98.83 7.29 1.29 -99.2 7.2 1.27
4 16 -99.2 7.2 1.27 -98.83 7.29 1.29 -98.83 7.4 0 -99.2 7.32 0
4 16 -99.2 7.32 0 -98.83 7.4 0 -98.83 7.29 -1.29 -99.2 7.2 -1.27
4 16 -99.2 7.2 -1.27 -98.83 7.29 -1.29 -98.83 6.96 -2.53 -99.2 6.87 -2.5
4 16 -99.2 6.87 -2.5 -98.83 6.96 -2.53 -98.83 6.41 -3.7 -99.2 6.34 -3.66
4 16 -99.2 6.34 -3.66 -98.83 6.41 -3.7 -98.83 5.67 -4.76 -99.2 5.6 -4.7
4 16 -99.2 5.6 -4.7 -98.83 5.67 -4.76 -98.83 4.76 -5.67 -99.2 4.7 -5.6
4 16 -99.2 4.7 -5.6 -98.83 4.76 -5.67 -98.83 3.7 -6.41 -99.2 3.66 -6.34
4 16 -99.2 3.66 -6.34 -98.83 3.7 -6.41 -98.83 2.53 -6.96 -99.2 2.5 -6.87
4 16 -99.2 2.5 -6.87 -98.83 2.53 -6.96 -98.83 1.29 -7.29 -99.2 1.27 -7.2
4 16 -99.2 1.27 -7.2 -98.83 1.29 -7.29 -98.83 0 -7.4 -99.2 0 -7.32
4 16 -99.54 0 7.17 -99.2 0 7.32 -99.2 1.27 7.2 -99.54 1.25 7.06
4 16 -99.54 1.25 7.06 -99.2 1.27 7.2 -99.2 2.5 6.87 -99.54 2.45 6.74
4 16 -99.54 2.45 6.74 -99.2 2.5 6.87 -99.2 3.66 6.34 -99.54 3.59 6.21
4 16 -99.54 3.59 6.21 -99.2 3.66 6.34 -99.2 4.7 5.6 -99.54 4.61 5.49
4 16 -99.54 4.61 5.49 -99.2 4.7 5.6 -99.2 5.6 4.7 -99.54 5.49 4.61
4 16 -99.54 5.49 4.61 -99.2 5.6 4.7 -99.2 6.34 3.66 -99.54 6.21 3.59
4 16 -99.54 6.21 3.59 -99.2 6.34 3.66 -99.2 6.87 2.5 -99.54 6.74 2.45
4 16 -99.54 6.74 2.45 -99.2 6.87 2.5 -99.2 7.2 1.27 -99.54 7.06 1.25
4 16 -99.54 7.06 1.25 -99.2 7.2 1.27 -99.2 7.32 0 -99.54 7.17 0
4 16 -99.54 7.17 0 -99.2 7.32 0 -99.2 7.2 -1.27 -99.54 7.06 -1.25
4 16 -99.54 7.06 -1.25 -99.2 7.2 -1.27 -99.2 6.87 -2.5 -99.54 6.74 -2.45
4 16 -99.54 6.74 -2.45 -99.2 6.87 -2.5 -99.2 6.34 -3.66 -99.54 6.21 -3.59
4 16 -99.54 6.21 -3.59 -99.2 6.34 -3.66 -99.2 5.6 -4.7 -99.54 5.49 -4.61
4 16 -99.54 5.49 -4.61 -99.2 5.6 -4.7 -99.2 4.7 -5.6 -99.54 4.61 -5.49
4 16 -99.54 4.61 -5.49 -99.2 4.7 -5.6 -99.2 3.66 -6.34 -99.54 3.59 -6.21
4 16 -99.54 3.59 -6.21 -99.2 3.66 -6.34 -99.2 2.5 -6.87 -99.54 2.45 -6.74
4 16 -99.54 2.45 -6.74 -99.2 2.5 -6.87 -99.2 1.27 -7.2 -99.54 1.25 -7.06
4 16 -99.54 1.25 -7.06 -99.2 1.27 -7.2 -99.2 0 -7.32 -99.54 0 -7.17
4 16 -99.86 0 6.98 -99.54 0 7.17 -99.54 1.25 7.06 -99.86 1.21 6.87
4 16 -99.86 1.21 6.87 -99.54 1.25 7.06 -99.54 2.45 6.74 -99.86 2.39 6.56
4 16 -99.86 2.39 6.56 -99.54 2.45 6.74 -99.54 3.59 6.21 -99.86 3.49 6.04
4 16 -99.86 3.49 6.04 -99.54 3.59 6.21 -99.54 4.61 5.49 -99.86 4.48 5.34
4 16 -99.86 4.48 5.34 -99.54 4.61 5.49 -99.54 5.49 4.61 -99.86 5.34 4.48
4 16 -99.86 5.34 4.48 -99.54 5.49 4.61 -99.54 6.21 3.59 -99.86 6.04 3.49
4 16 -99.86 6.04 3.49 -99.54 6.21 3.59 -99.54 6.74 2.45 -99.86 6.56 2.39
4 16 -99.86 6.56 2.39 -99.54 6.74 2.45 -99.54 7.06 1.25 -99.86 6.87 1.21
4 16 -99.86 6.87 1.21 -99.54 7.06 1.25 -99.54 7.17 0 -99.86 6.98 0
4 16 -99.86 6.98 0 -99.54 7.17 0 -99.54 7.06 -1.25 -99.86 6.87 -1.21
4 16 -99.86 6.87 -1.21 -99.54 7.06 -1.25 -99.54 6.74 -2.45 -99.86 6.56 -2.39
4 16 -99.86 6.56 -2.39 -99.54 6.74 -2.45 -99.54 6.21 -3.59 -99.86 6.04 -3.49
4 16 -99.86 6.04 -3.49 -99.54 6.21 -3.59 -99.54 5.49 -4.61 -99.86 5.34 -4.48
4 16 -99.86 5.34 -4.48 -99.54 5.49 -4.61 -99.54 4.61 -5.49 -99.86 4.48 -5.34
4 16 -99.86 4.48 -5.34 -99.54 4.61 -5.49 -99.54 3.59 -6.21 -99.86 3.49 -6.04
4 16 -99.86 3.49 -6.04 -99.54 3.59 -6.21 -99.54 2.45 -6.74 -99.86 2.39 -6.56
4 16 -99.86 2.39 -6.56 -99.54 2.45 -6.74 -99.54 1.25 -7.06 -99.86 1.21 -6.87
4 16 -99.86 1.21 -6.87 -99.54 1.25 -7.06 -99.54 0 -7.17 -99.86 0 -6.98
4 16 -100.15 0 6.73 -99.86 0 6.98 -99.86 1.21 6.87 -100.15 1.17 6.63
4 16 -100.15 1.17 6.63 -99.86 1.21 6.87 -99.86 2.39 6.56 -100.15 2.3 6.33
4 16 -100.15 2.3 6.33 -99.86 2.39 6.56 -99.86 3.49 6.04 -100.15 3.37 5.83
4 16 -100.15 3.37 5.83 -99.86 3.49 6.04 -99.86 4.48 5.34 -100.15 4.33 5.16
4 16 -100.15 4.33 5.16 -99.86 4.48 5.34 -99.86 5.34 4.48 -100.15 5.16 4.33
4 16 -100.15 5.16 4.33 -99.86 5.34 4.48 -99.86 6.04 3.49 -100.15 5.83 3.37
4 16 -100.15 5.83 3.37 -99.86 6.04 3.49 -99.86 6.56 2.39 -100.15 6.33 2.3
4 16 -100.15 6.33 2.3 -99.86 6.56 2.39 -99.86 6.87 1.21 -100.15 6.63 1.17
4 16 -100.15 6.63 1.17 -99.86 6.87 1.21 -99.86 6.98 0 -100.15 6.73 0
4 16 -100.15 6.73 0 -99.86 6.98 0 -99.86 6.87 -1.21 -100.15 6.63 -1.17
4 16 -100.15 6.63 -1.17 -99.86 6.87 -1.21 -99.86 6.56 -2.39 -100.15 6.33 -2.3
4 16 -100.15 6.33 -2.3 -99.86 6.56 -2.39 -99.86 6.04 -3.49 -100.15 5.83 -3.37
4 16 -100.15 5.83 -3.37 -99.86 6.04 -3.49 -99.86 5.34 -4.48 -100.15 5.16 -4.33
4 16 -100.15 5.16 -4.33 -99.86 5.34 -4.48 -99.86 4.48 -5.34 -100.15 4.33 -5.16
4 16 -100.15 4.33 -5.16 -99.86 4.48 -5.34 -99.86 3.49 -6.04 -100.15 3.37 -5.83
4 16 -100.15 3.37 -5.83 -99.86 3.49 -6.04 -99.86 2.39 -6.56 -100.15 2.3 -6.33
4 16 -100.15 2.3 -6.33 -99.86 2.39 -6.56 -99.86 1.21 -6.87 -100.15 1.17 -6.63
4 16 -100.15 1.17 -6.63 -99.86 1.21 -6.87 -99.86 0 -6.98 -100.15 0 -6.73
4 16 -100.39 0 6.45 -100.15 0 6.73 -100.15 1.17 6.63 -100.39 1.12 6.35
4 16 -100.39 1.12 6.35 -100.15 1.17 6.63 -100.15 2.3 6.33 -100.39 2.2 6.06
4 16 -100.39 2.2 6.06 -100.15 2.3 6.33 -100.15 3.37 5.83 -100.39 3.22 5.58
4 16 -100.39 3.22 5.58 -100.15 3.37 5.83 -100.15 4.33 5.16 -100.39 4.14 4.94
4 16 -100.39 4.14 4.94 -100.15 4.33 5.16 -100.15 5.16 4.33 -100.39 4.94 4.14
4 16 -100.39 4.94 4.14 -100.15 5.16 4.33 -100.15 5.83 3.37 -100.39 5.58 3.22
4 16 -100.39 5.58 3.22 -100.15 5.83 3.37 -100.15 6.33 2.3 -100.39 6.06 2.2
4 16 -100.39 6.06 2.2 -100.15 6.33 2.3 -100.15 6.63 1.17 -100.39 6.35 1.12
4 16 -100.39 6.35 1.12 -100.15 6.63 1.17 -100.15 6.73 0 -100.39 6.45 0
4 16 -100.39 6.45 0 -100.15 6.73 0 -100.15 6.63 -1.17 -100.39 6.35 -1.12
4 16 -100.39 6.35 -1.12 -100.15 6.63 -1.17 -100.15 6.33 -2.3 -100.39 6.06 -2.2
4 16 -100.39 6.06 -2.2 -100.15 6.33 -2.3 -100.15 5.83 -3.37 -100.39 5.58 -3.22
4 16 -100.39 5.58 -3.22 -100.15 5.83 -3.37 -100.15 5.16 -4.33 -100.39 4.94 -4.14
4 16 -100.39 4.94 -4.14 -100.15 5.16 -4.33 -100.15 4.33 -5.16 -100.39 4.14 -4.94
4 16 -100.39 4.14 -4.94 -100.15 4.33 -5.16 -100.15 3.37 -5.83 -100.39 3.22 -5.58
4 16 -100.39 3.22 -5.58 -100.15 3.37 -5.83 -100.15 2.3 -6.33 -100.39 2.2 -6.06
4 16 -100.39 2.2 -6.06 -100.15 2.3 -6.33 -100.15 1.17 -6.63 -100.39 1.12 -6.35
4 16 -100.39 1.12 -6.35 -100.15 1.17 -6.63 -100.15 0 -6.73 -100.39 0 -6.45
4 16 -100.59 0 6.13 -100.39 0 6.45 -100.39 1.12 6.35 -100.59 1.06 6.03
4 16 -100.59 1.06 6.03 -100.39 1.12 6.35 -100.39 2.2 6.06 -100.59 2.1 5.76
4 16 -100.59 2.1 5.76 -100.39 2.2 6.06 -100.39 3.22 5.58 -100.59 3.06 5.31
4 16 -100.59 3.06 5.31 -100.39 3.22 5.58 -100.39 4.14 4.94 -100.59 3.94 4.69
4 16 -100.59 3.94 4.69 -100.39 4.14 4.94 -100.39 4.94 4.14 -100.59 4.69 3.94
4 16 -100.59 4.69 3.94 -100.39 4.94 4.14 -100.39 5.58 3.22 -100.59 5.31 3.06
4 16 -100.59 5.31 3.06 -100.39 5.58 3.22 -100.39 6.06 2.2 -100.59 5.76 2.1
4 16 -100.59 5.76 2.1 -100.39 6.06 2.2 -100.39 6.35 1.12 -100.59 6.03 1.06
4 16 -100.59 6.03 1.06 -100.39 6.35 1.12 -100.39 6.45 0 -100.59 6.13 0
4 16 -100.59 6.13 0 -100.39 6.45 0 -100.39 6.35 -1.12 -100.59 6.03 -1.06
4 16 -100.59 6.03 -1.06 -100.39 6.35 -1.12 -100.39 6.06 -2.2 -100.59 5.76 -2.1
4 16 -100.59 5.76 -2.1 -100.39 6.06 -2.2 -100.39 5.58 -3.22 -100.59 5.31 -3.06
4 16 -100.59 5.31 -3.06 -100.39 5.58 -3.22 -100.39 4.94 -4.14 -100.59 4.69 -3.94
4 16 -100.59 4.69 -3.94 -100.39 4.94 -4.14 -100.39 4.14 -4.94 -100.59 3.94 -4.69
4 16 -100.59 3.94 -4.69 -100.39 4.14 -4.94 -100.39 3.22 -5.58 -100.59 3.06 -5.31
4 16 -100.59 3.06 -5.31 -100.39 3.22 -5.58 -100.39 2.2 -6.06 -100.59 2.1 -5.76
4 16 -100.59 2.1 -5.76 -100.39 2.2 -6.06 -100.39 1.12 -6.35 -100.59 1.06 -6.03
4 16 -100.59 1.06 -6.03 -100.39 1.12 -6.35 -100.39 0 -6.45 -100.59 0 -6.13
4 16 -100.73 0 5.78 -100.59 0 6.13 -100.59 1.06 6.03 -100.73 1 5.69
4 16 -100.73 1 5.69 -100.59 1.06 6.03 -100.59 2.1 5.76 -100.73 1.98 5.43
4 16 -100.73 1.98 5.43 -100.59 2.1 5.76 -100.59 3.06 5.31 -100.73 2.89 5
4 16 -100.73 2.89 5 -100.59 3.06 5.31 -100.59 3.94 4.69 -100.73 3.71 4.43
4 16 -100.73 3.71 4.43 -100.59 3.94 4.69 -100.59 4.69 3.94 -100.73 4.43 3.71
4 16 -100.73 4.43 3.71 -100.59 4.69 3.94 -100.59 5.31 3.06 -100.73 5 2.89
4 16 -100.73 5 2.89 -100.59 5.31 3.06 -100.59 5.76 2.1 -100.73 5.43 1.98
4 16 -100.73 5.43 1.98 -100.59 5.76 2.1 -100.59 6.03 1.06 -100.73 5.69 1
4 16 -100.73 5.69 1 -100.59 6.03 1.06 -100.59 6.13 0 -100.73 5.78 0
4 16 -100.73 5.78 0 -100.59 6.13 0 -100.59 6.03 -1.06 -100.73 5.69 -1
4 16 -100.73 5.69 -1 -100.59 6.03 -1.06 -100.59 5.76 -2.1 -100.73 5.43 -1.98
4 16 -100.73 5.43 -1.98 -100.59 5.76 -2.1 -100.59 5.31 -3.06 -100.73 5 -2.89
4 16 -100.73 5 -2.89 -100.59 5.31 -3.06 -100.59 4.69 -3.94 -100.73 4.43 -3.71
4 16 -100.73 4.43 -3.71 -100.59 4.69 -3.94 -100.59 3.94 -4.69 -100.73 3.71 -4.43
4 16 -100.73 3.71 -4.43 -100.59 3.94 -4.69 -100.59 3.06 -5.31 -100.73 2.89 -5
4 16 -100.73 2.89 -5 -100.59 3.06 -5.31 -100.59 2.1 -5.76 -100.73 1.98 -5.43
4 16 -100.73 1.98 -5.43 -100.59 2.1 -5.76 -100.59 1.06 -6.03 -100.73 1 -5.69
4 16 -100.73 1 -5.69 -100.59 1.06 -6.03 -100.59 0 -6.13 -100.73 0 -5.78
4 16 -100.82 0 5.41 -100.73 0 5.78 -100.73 1 5.69 -100.82 0.94 5.33
4 16 -100.82 0.94 5.33 -100.73 1 5.69 -100.73 1.98 5.43 -100.82 1.85 5.09
4 16 -100.82 1.85 5.09 -100.73 1.98 5.43 -100.73 2.89 5 -100.82 2.71 4.69
4 16 -100.82 2.71 4.69 -100.73 2.89 5 -100.73 3.71 4.43 -100.82 3.48 4.15
4 16 -100.82 3.48 4.15 -100.73 3.71 4.43 -100.73 4.43 3.71 -100.82 4.15 3.48
4 16 -100.82 4.15 3.48 -100.73 4.43 3.71 -100.73 5 2.89 -100.82 4.69 2.71
4 16 -100.82 4.69 2.71 -100.73 5 2.89 -100.73 5.43 1.98 -100.82 5.09 1.85
4 16 -100.82 5.09 1.85 -100.73 5.43 1.98 -100.73 5.69 1 -100.82 5.33 0.94
4 16 -100.82 5.33 0.94 -100.73 5.69 1 -100.73 5.78 0 -100.82 5.41 0
4 16 -100.82 5.41 0 -100.73 5.78 0 -100.73 5.69 -1 -100.82 5.33 -0.94
4 16 -100.82 5.33 -0.94 -100.73 5.69 -1 -100.73 5.43 -1.98 -100.82 5.09 -1.85
4 16 -100.82 5.09 -1.85 -100.73 5.43 -1.98 -100.73 5 -2.89 -100.82 4.69 -2.71
4 16 -100.82 4.69 -2.71 -100.73 5 -2.89 -100.73 4.43 -3.71 -100.82 4.15 -3.48
4 16 -100.82 4.15 -3.48 -100.73 4.43 -3.71 -100.73 3.71 -4.43 -100.82 3.48 -4.15
4 16 -100.82 3.48 -4.15 -100.73 3.71 -4.43 -100.73 2.89 -5 -100.82 2.71 -4.69
4 16 -100.82 2.71 -4.69 -100.73 2.89 -5 -100.73 1.98 -5.43 -100.82 1.85 -5.09
4 16 -100.82 1.85 -5.09 -100.73 1.98 -5.43 -100.73 1 -5.69 -100.82 0.94 -5.33
4 16 -100.82 0.94 -5.33 -100.73 1 -5.69 -100.73 0 -5.78 -100.82 0 -5.41
4 16 -100.85 0 5.04 -100.82 0 5.41 -100.82 0.94 5.33 -100.85 0.88 4.96
4 16 -100.85 0.88 4.96 -100.82 0.94 5.33 -100.82 1.85 5.09 -100.85 1.72 4.74
4 16 -100.85 1.72 4.74 -100.82 1.85 5.09 -100.82 2.71 4.69 -100.85 2.52 4.36
4 16 -100.85 2.52 4.36 -100.82 2.71 4.69 -100.82 3.48 4.15 -100.85 3.24 3.86
4 16 -100.85 3.24 3.86 -100.82 3.48 4.15 -100.82 4.15 3.48 -100.85 3.86 3.24
4 16 -100.85 3.86 3.24 -100.82 4.15 3.48 -100.82 4.69 2.71 -100.85 4.36 2.52
4 16 -100.85 4.36 2.52 -100.82 4.69 2.71 -100.82 5.09 1.85 -100.85 4.74 1.72
4 16 -100.85 4.74 1.72 -100.82 5.09 1.85 -100.82 5.33 0.94 -100.85 4.96 0.88
4 16 -100.85 4.96 0.88 -100.82 5.33 0.94 -100.82 5.41 0 -100.85 5.04 0
4 16 -100.85 5.04 0 -100.82 5.41 0 -100.82 5.33 -0.94 -100.85 4.96 -0.88
4 16 -100.85 4.96 -0.88 -100.82 5.33 -0.94 -100.82 5.09 -1.85 -100.85 4.74 -1.72
4 16 -100.85 4.74 -1.72 -100.82 5.09 -1.85 -100.82 4.69 -2.71 -100.85 4.36 -2.52
4 16 -100.85 4.36 -2.52 -100.82 4.69 -2.71 -100.82 4.15 -3.48 -100.85 3.86 -3.24
4 16 -100.85 3.86 -3.24 -100.82 4.15 -3.48 -100.82 3.48 -4.15 -100.85 3.24 -3.86
4 16 -100.85 3.24 -3.86 -100.82 3.48 -4.15 -100.82 2.71 -4.69 -100.85 2.52 -4.36
4 16 -100.85 2.52 -4.36 -100.82 2.71 -4.69 -100.82 1.85 -5.09 -100.85 1.72 -4.74
4 16 -100.85 1.72 -4.74 -100.82 1.85 -5.09 -100.82 0.94 -5.33 -100.85 0.88 -4.96
4 16 -100.85 0.88 -4.96 -100.82 0.94 -5.33 -100.82 0 -5.41 -100.85 0 -5.04
4 16 -101.73 0 -4.16 -112.08 0 -4.16 -112.08 0.72 -4.09 -101.73 0.72 -4.09
4 16 -101.73 0.72 -4.09 -112.08 0.72 -4.09 -112.08 1.42 -3.91 -101.73 1.42 -3.91
4 16 -101.73 1.42 -3.91 -112.08 1.42 -3.91 -112.08 2.08 -3.6 -101.73 2.08 -3.6
4 16 -101.73 2.08 -3.6 -112.08 2.08 -3.6 -112.08 2.67 -3.18 -101.73 2.67 -3.18
4 16 -101.73 2.67 -3.18 -112.08 2.67 -3.18 -112.08 3.18 -2.67 -101.73 3.18 -2.67
4 16 -101.73 3.18 -2.67 -112.08 3.18 -2.67 -112.08 3.6 -2.08 -101.73 3.6 -2.08
4 16 -101.73 3.6 -2.08 -112.08 3.6 -2.08 -112.08 3.91 -1.42 -101.73 3.91 -1.42
4 16 -101.73 3.91 -1.42 -112.08 3.91 -1.42 -112.08 4.09 -0.72 -101.73 4.09 -0.72
4 16 -101.73 4.09 -0.72 -112.08 4.09 -0.72 -112.08 4.16 0 -101.73 4.16 0
4 16 -101.73 4.16 0 -112.08 4.16 0 -112.08 4.09 0.72 -101.73 4.09 0.72
4 16 -101.73 4.09 0.72 -112.08 4.09 0.72 -112.08 3.91 1.42 -101.73 3.91 1.42
4 16 -101.73 3.91 1.42 -112.08 3.91 1.42 -112.08 3.6 2.08 -101.73 3.6 2.08
4 16 -101.73 3.6 2.08 -112.08 3.6 2.08 -112.08 3.18 2.67 -101.73 3.18 2.67
4 16 -101.73 3.18 2.67 -112.08 3.18 2.67 -112.08 2.67 3.18 -101.73 2.67 3.18
4 16 -101.73 2.67 3.18 -112.08 2.67 3.18 -112.08 2.08 3.6 -101.73 2.08 3.6
4 16 -101.73 2.08 3.6 -112.08 2.08 3.6 -112.08 1.42 3.91 -101.73 1.42 3.91
4 16 -101.73 1.42 3.91 -112.08 1.42 3.91 -112.08 0.72 4.09 -101.73 0.72 4.09
4 16 -101.73 0.72 4.09 -112.08 0.72 4.09 -112.08 0 4.16 -101.73 0 4.16
4 16 -114.6 0 3.41 -112.08 0 4.16 -112.08 0.72 4.09 -114.6 0.59 3.36
4 16 -114.6 0.59 3.36 -112.08 0.72 4.09 -112.08 1.42 3.91 -114.6 1.17 3.21
4 16 -114.6 1.17 3.21 -112.08 1.42 3.91 -112.08 2.08 3.6 -114.6 1.71 2.95
4 16 -114.6 1.71 2.95 -112.08 2.08 3.6 -112.08 2.67 3.18 -114.6 2.19 2.61
4 16 -114.6 2.19 2.61 -112.08 2.67 3.18 -112.08 3.18 2.67 -114.6 2.61 2.19
4 16 -114.6 2.61 2.19 -112.08 3.18 2.67 -112.08 3.6 2.08 -114.6 2.95 1.71
4 16 -114.6 2.95 1.71 -112.08 3.6 2.08 -112.08 3.91 1.42 -114.6 3.21 1.17
4 16 -114.6 3.21 1.17 -112.08 3.91 1.42 -112.08 4.09 0.72 -114.6 3.36 0.59
4 16 -114.6 3.36 0.59 -112.08 4.09 0.72 -112.08 4.16 0 -114.6 3.41 0
4 16 -114.6 3.41 0 -112.08 4.16 0 -112.08 4.09 -0.72 -114.6 3.36 -0.59
4 16 -114.6 3.36 -0.59 -112.08 4.09 -0.72 -112.08 3.91 -1.42 -114.6 3.21 -1.17
4 16 -114.6 3.21 -1.17 -112.08 3.91 -1.42 -112.08 3.6 -2.08 -114.6 2.95 -1.71
4 16 -114.6 2.95 -1.71 -112.08 3.6 -2.08 -112.08 3.18 -2.67 -114.6 2.61 -2.19
4 16 -114.6 2.61 -2.19 -112.08 3.18 -2.67 -112.08 2.67 -3.18 -114.6 2.19 -2.61
4 16 -114.6 2.19 -2.61 -112.08 2.67 -3.18 -112.08 2.08 -3.6 -114.6 1.71 -2.95
4 16 -114.6 1.71 -2.95 -112.08 2.08 -3.6 -112.08 1.42 -3.91 -114.6 1.17 -3.21
4 16 -114.6 1.17 -3.21 -112.08 1.42 -3.91 -112.08 0.72 -4.09 -114.6 0.59 -3.36
4 16 -114.6 0.59 -3.36 -112.08 0.72 -4.09 -112.08 0 -4.16 -114.6 0 -3.41
4 16 -114.6 0 -3.41 -117.23 0 -3.41 -117.23 0.59 -3.36 -114.6 0.59 -3.36
4 16 -114.6 0.59 -3.36 -117.23 0.59 -3.36 -117.23 1.17 -3.21 -114.6 1.17 -3.21
4 16 -114.6 1.17 -3.21 -117.23 1.17 -3.21 -117.23 1.71 -2.95 -114.6 1.71 -2.95
4 16 -114.6 1.71 -2.95 -117.23 1.71 -2.95 -117.23 2.19 -2.61 -114.6 2.19 -2.61
4 16 -114.6 2.19 -2.61 -117.23 2.19 -2.61 -117.23 2.61 -2.19 -114.6 2.61 -2.19
4 16 -114.6 2.61 -2.19 -117.23 2.61 -2.19 -117.23 2.95 -1.71 -114.6 2.95 -1.71
4 16 -114.6 2.95 -1.71 -117.23 2.95 -1.71 -117.23 3.21 -1.17 -114.6 3.21 -1.17
4 16 -114.6 3.21 -1.17 -117.23 3.21 -1.17 -117.23 3.36 -0.59 -114.6 3.36 -0.59
4 16 -114.6 3.36 -0.59 -117.23 3.36 -0.59 -117.23 3.41 0 -114.6 3.41 0
4 16 -114.6 3.41 0 -117.23 3.41 0 -117.23 3.36 0.59 -114.6 3.36 0.59
4 16 -114.6 3.36 0.59 -117.23 3.36 0.59 -117.23 3.21 1.17 -114.6 3.21 1.17
4 16 -114.6 3.21 1.17 -117.23 3.21 1.17 -117.23 2.95 1.71 -114.6 2.95 1.71
4 16 -114.6 2.95 1.71 -117.23 2.95 1.71 -117.23 2.61 2.19 -114.6 2.61 2.19
4 16 -114.6 2.61 2.19 -117.23 2.61 2.19 -117.23 2.19 2.61 -114.6 2.19 2.61
4 16 -114.6 2.19 2.61 -117.23 2.19 2.61 -117.23 1.71 2.95 -114.6 1.71 2.95
4 16 -114.6 1.71 2.95 -117.23 1.71 2.95 -117.23 1.17 3.21 -114.6 1.17 3.21
4 16 -114.6 1.17 3.21 -117.23 1.17 3.21 -117.23 0.59 3.36 -114.6 0.59 3.36
4 16 -114.6 0.59 3.36 -117.23 0.59 3.36 -117.23 0 3.41 -114.6 0 3.41
4 16 -114.6 0 3.41 -117.23 0 3.41 -117.23 -0.59 3.36 -114.6 -0.59 3.36
4 16 -114.6 -0.59 3.36 -117.23 -0.59 3.36 -117.23 -1.17 3.21 -114.6 -1.17 3.21
4 16 -114.6 -1.17 3.21 -117.23 -1.17 3.21 -117.23 -1.71 2.95 -114.6 -1.71 2.95
4 16 -114.6 -1.71 2.95 -117.23 -1.71 2.95 -117.23 -2.19 2.61 -114.6 -2.19 2.61
4 16 -114.6 -2.19 2.61 -117.23 -2.19 2.61 -117.23 -2.61 2.19 -114.6 -2.61 2.19
4 16 -114.6 -2.61 2.19 -117.23 -2.61 2.19 -117.23 -2.95 1.71 -114.6 -2.95 1.71
4 16 -114.6 -2.95 1.71 -117.23 -2.95 1.71 -117.23 -3.21 1.17 -114.6 -3.21 1.17
4 16 -114.6 -3.21 1.17 -117.23 -3.21 1.17 -117.23 -3.36 0.59 -114.6 -3.36 0.59
4 16 -114.6 -3.36 0.59 -117.23 -3.36 0.59 -117.23 -3.41 0 -114.6 -3.41 0
4 16 -114.6 -3.41 0 -117.23 -3.41 0 -117.23 -3.36 -0.59 -114.6 -3.36 -0.59
4 16 -114.6 -3.36 -0.59 -117.23 -3.36 -0.59 -117.23 -3.21 -1.17 -114.6 -3.21 -1.17
4 16 -114.6 -3.21 -1.17 -117.23 -3.21 -1.17 -117.23 -2.95 -1.71 -114.6 -2.95 -1.71
4 16 -114.6 -2.95 -1.71 -117.23 -2.95 -1.71 -117.23 -2.61 -2.19 -114.6 -2.61 -2.19
4 16 -114.6 -2.61 -2.19 -117.23 -2.61 -2.19 -117.23 -2.19 -2.61 -114.6 -2.19 -2.61
4 16 -114.6 -2.19 -2.61 -117.23 -2.19 -2.61 -117.23 -1.71 -2.95 -114.6 -1.71 -2.95
4 16 -114.6 -1.71 -2.95 -117.23 -1.71 -2.95 -117.23 -1.17 -3.21 -114.6 -1.17 -3.21
4 16 -114.6 -1.17 -3.21 -117.23 -1.17 -3.21 -117.23 -0.59 -3.36 -114.6 -0.59 -3.36
4 16 -114.6 -0.59 -3.36 -117.23 -0.59 -3.36 -117.23 0 -3.41 -114.6 0 -3.41
4 16 -114.6 0 -3.41 -112.08 0 -4.16 -112.08 -0.72 -4.09 -114.6 -0.59 -3.36
4 16 -114.6 -0.59 -3.36 -112.08 -0.72 -4.09 -112.08 -1.42 -3.91 -114.6 -1.17 -3.21
4 16 -114.6 -1.17 -3.21 -112.08 -1.42 -3.91 -112.08 -2.08 -3.6 -114.6 -1.71 -2.95
4 16 -114.6 -1.71 -2.95 -112.08 -2.08 -3.6 -112.08 -2.67 -3.18 -114.6 -2.19 -2.61
4 16 -114.6 -2.19 -2.61 -112.08 -2.67 -3.18 -112.08 -3.18 -2.67 -114.6 -2.61 -2.19
4 16 -114.6 -2.61 -2.19 -112.08 -3.18 -2.67 -112.08 -3.6 -2.08 -114.6 -2.95 -1.71
4 16 -114.6 -2.95 -1.71 -112.08 -3.6 -2.08 -112.08 -3.91 -1.42 -114.6 -3.21 -1.17
4 16 -114.6 -3.21 -1.17 -112.08 -3.91 -1.42 -112.08 -4.09 -0.72 -114.6 -3.36 -0.59
4 16 -114.6 -3.36 -0.59 -112.08 -4.09 -0.72 -112.08 -4.16 0 -114.6 -3.41 0
4 16 -114.6 -3.41 0 -112.08 -4.16 0 -112.08 -4.09 0.72 -114.6 -3.36 0.59
4 16 -114.6 -3.36 0.59 -112.08 -4.09 0.72 -112.08 -3.91 1.42 -114.6 -3.21 1.17
4 16 -114.6 -3.21 1.17 -112.08 -3.91 1.42 -112.08 -3.6 2.08 -114.6 -2.95 1.71
4 16 -114.6 -2.95 1.71 -112.08 -3.6 2.08 -112.08 -3.18 2.67 -114.6 -2.61 2.19
4 16 -114.6 -2.61 2.19 -112.08 -3.18 2.67 -112.08 -2.67 3.18 -114.6 -2.19 2.61
4 16 -114.6 -2.19 2.61 -112.08 -2.67 3.18 -112.08 -2.08 3.6 -114.6 -1.71 2.95
4 16 -114.6 -1.71 2.95 -112.08 -2.08 3.6 -112.08 -1.42 3.91 -114.6 -1.17 3.21
4 16 -114.6 -1.17 3.21 -112.08 -1.42 3.91 -112.08 -0.72 4.09 -114.6 -0.59 3.36
4 16 -114.6 -0.59 3.36 -112.08 -0.72 4.09 -112.08 0 4.16 -114.6 0 3.41
4 16 -101.73 0 4.16 -112.08 0 4.16 -112.08 -0.72 4.09 -101.73 -0.72 4.09
4 16 -101.73 -0.72 4.09 -112.08 -0.72 4.09 -112.08 -1.42 3.91 -101.73 -1.42 3.91
4 16 -101.73 -1.42 3.91 -112.08 -1.42 3.91 -112.08 -2.08 3.6 -101.73 -2.08 3.6
4 16 -101.73 -2.08 3.6 -112.08 -2.08 3.6 -112.08 -2.67 3.18 -101.73 -2.67 3.18
4 16 -101.73 -2.67 3.18 -112.08 -2.67 3.18 -112.08 -3.18 2.67 -101.73 -3.18 2.67
4 16 -101.73 -3.18 2.67 -112.08 -3.18 2.67 -112.08 -3.6 2.08 -101.73 -3.6 2.08
4 16 -101.73 -3.6 2.08 -112.08 -3.6 2.08 -112.08 -3.91 1.42 -101.73 -3.91 1.42
4 16 -101.73 -3.91 1.42 -112.08 -3.91 1.42 -112.08 -4.09 0.72 -101.73 -4.09 0.72
4 16 -101.73 -4.09 0.72 -112.08 -4.09 0.72 -112.08 -4.16 0 -101.73 -4.16 0
4 16 -101.73 -4.16 0 -112.08 -4.16 0 -112.08 -4.09 -0.72 -101.73 -4.09 -0.72
4 16 -101.73 -4.09 -0.72 -112.08 -4.09 -0.72 -112.08 -3.91 -1.42 -101.73 -3.91 -1.42
4 16 -101.73 -3.91 -1.42 -112.08 -3.91 -1.42 -112.08 -3.6 -2.08 -101.73 -3.6 -2.08
4 16 -101.73 -3.6 -2.08 -112.08 -3.6 -2.08 -112.08 -3.18 -2.67 -101.73 -3.18 -2.67
4 16 -101.73 -3.18 -2.67 -112.08 -3.18 -2.67 -112.08 -2.67 -3.18 -101.73 -2.67 -3.18
4 16 -101.73 -2.67 -3.18 -112.08 -2.67 -3.18 -112.08 -2.08 -3.6 -101.73 -2.08 -3.6
4 16 -101.73 -2.08 -3.6 -112.08 -2.08 -3.6 -112.08 -1.42 -3.91 -101.73 -1.42 -3.91
4 16 -101.73 -1.42 -3.91 -112.08 -1.42 -3.91 -112.08 -0.72 -4.09 -101.73 -0.72 -4.09
4 16 -101.73 -0.72 -4.09 -112.08 -0.72 -4.09 -112.08 0 -4.16 -101.73 0 -4.16
4 16 -101.58 -0.72 -4.11 -101.58 0 -4.17 -101.43 0 -4.21 -101.43 -0.73 -4.15
4 16 -101.29 -0.74 -4.21 -101.29 0 -4.28 -101.17 0 -4.36 -101.17 -0.76 -4.3
4 16 -101.17 -0.76 -4.3 -101.17 0 -4.36 -101.06 0 -4.47 -101.06 -0.78 -4.4
4 16 -101.06 -0.78 -4.4 -101.06 0 -4.47 -100.97 0 -4.6 -100.97 -0.8 -4.53
4 16 -100.97 -0.8 -4.53 -100.97 0 -4.6 -100.9 0 -4.74 -100.9 -0.82 -4.67
4 16 -100.9 -0.82 -4.67 -100.9 0 -4.74 -100.86 0 -4.89 -100.86 -0.85 -4.81
4 16 -100.86 0 -4.89 -100.85 0 -5.04 -100.85 -0.88 -4.96 -100.86 -0.85 -4.81
4 16 -100.86 -0.85 -4.81 -100.85 -0.88 -4.96 -100.85 -1.72 -4.74 -100.86 -1.67 -4.59
4 16 -100.86 -1.67 -4.59 -100.85 -1.72 -4.74 -100.85 -2.52 -4.36 -100.86 -2.44 -4.23
4 16 -100.86 -2.44 -4.23 -100.85 -2.52 -4.36 -100.85 -3.24 -3.86 -100.86 -3.14 -3.74
4 16 -100.86 -3.14 -3.74 -100.85 -3.24 -3.86 -100.85 -3.86 -3.24 -100.86 -3.74 -3.14
4 16 -100.86 -3.74 -3.14 -100.85 -3.86 -3.24 -100.85 -4.36 -2.52 -100.86 -4.23 -2.44
4 16 -100.86 -4.23 -2.44 -100.85 -4.36 -2.52 -100.85 -4.74 -1.72 -100.86 -4.59 -1.67
4 16 -100.86 -4.59 -1.67 -100.85 -4.74 -1.72 -100.85 -4.96 -0.88 -100.86 -4.81 -0.85
4 16 -100.86 -4.81 -0.85 -100.85 -4.96 -0.88 -100.85 -5.04 0 -100.86 -4.89 0
4 16 -100.86 -4.89 0 -100.85 -5.04 0 -100.85 -4.96 0.88 -100.86 -4.81 0.85
4 16 -100.86 -4.81 0.85 -100.85 -4.96 0.88 -100.85 -4.74 1.72 -100.86 -4.59 1.67
4 16 -100.86 -4.59 1.67 -100.85 -4.74 1.72 -100.85 -4.36 2.52 -100.86 -4.23 2.44
4 16 -100.86 -4.23 2.44 -100.85 -4.36 2.52 -100.85 -3.86 3.24 -100.86 -3.74 3.14
4 16 -100.86 -3.74 3.14 -100.85 -3.86 3.24 -100.85 -3.24 3.86 -100.86 -3.14 3.74
4 16 -100.86 -3.14 3.74 -100.85 -3.24 3.86 -100.85 -2.52 4.36 -100.86 -2.44 4.23
4 16 -100.86 -2.44 4.23 -100.85 -2.52 4.36 -100.85 -1.72 4.74 -100.86 -1.67 4.59
4 16 -100.86 -1.67 4.59 -100.85 -1.72 4.74 -100.85 -0.88 4.96 -100.86 -0.85 4.81
4 16 -100.9 0 4.74 -100.9 -0.82 4.67 -100.86 -0.85 4.81 -100.86 0 4.89
4 16 -100.86 0 4.89 -100.86 -0.85 4.81 -100.85 -0.88 4.96 -100.85 0 5.04
4 16 -100.9 -0.82 -4.67 -100.86 -0.85 -4.81 -100.86 -1.67 -4.59 -100.9 -1.62 -4.45
4 16 -100.9 -1.62 -4.45 -100.86 -1.67 -4.59 -100.86 -2.44 -4.23 -100.9 -2.37 -4.1
4 16 -100.9 -2.37 -4.1 -100.86 -2.44 -4.23 -100.86 -3.14 -3.74 -100.9 -3.05 -3.63
4 16 -100.9 -3.05 -3.63 -100.86 -3.14 -3.74 -100.86 -3.74 -3.14 -100.9 -3.63 -3.05
4 16 -100.9 -3.63 -3.05 -100.86 -3.74 -3.14 -100.86 -4.23 -2.44 -100.9 -4.1 -2.37
4 16 -100.9 -4.1 -2.37 -100.86 -4.23 -2.44 -100.86 -4.59 -1.67 -100.9 -4.45 -1.62
4 16 -100.9 -4.45 -1.62 -100.86 -4.59 -1.67 -100.86 -4.81 -0.85 -100.9 -4.67 -0.82
4 16 -100.9 -4.67 -0.82 -100.86 -4.81 -0.85 -100.86 -4.89 0 -100.9 -4.74 0
4 16 -100.9 -4.74 0 -100.86 -4.89 0 -100.86 -4.81 0.85 -100.9 -4.67 0.82
4 16 -100.9 -4.67 0.82 -100.86 -4.81 0.85 -100.86 -4.59 1.67 -100.9 -4.45 1.62
4 16 -100.9 -4.45 1.62 -100.86 -4.59 1.67 -100.86 -4.23 2.44 -100.9 -4.1 2.37
4 16 -100.9 -4.1 2.37 -100.86 -4.23 2.44 -100.86 -3.74 3.14 -100.9 -3.63 3.05
4 16 -100.9 -3.63 3.05 -100.86 -3.74 3.14 -100.86 -3.14 3.74 -100.9 -3.05 3.63
4 16 -100.9 -3.05 3.63 -100.86 -3.14 3.74 -100.86 -2.44 4.23 -100.9 -2.37 4.1
4 16 -100.9 -2.37 4.1 -100.86 -2.44 4.23 -100.86 -1.67 4.59 -100.9 -1.62 4.45
4 16 -100.9 -1.62 4.45 -100.86 -1.67 4.59 -100.86 -0.85 4.81 -100.9 -0.82 4.67
4 16 -100.9 -0.82 4.67 -100.9 0 4.74 -100.97 0 4.6 -100.97 -0.8 4.53
4 16 -100.97 -0.8 -4.53 -100.9 -0.82 -4.67 -100.9 -1.62 -4.45 -100.97 -1.57 -4.32
4 16 -100.97 -1.57 -4.32 -100.9 -1.62 -4.45 -100.9 -2.37 -4.1 -100.97 -2.3 -3.98
4 16 -100.97 -2.3 -3.98 -100.9 -2.37 -4.1 -100.9 -3.05 -3.63 -100.97 -2.96 -3.52
4 16 -100.97 -2.96 -3.52 -100.9 -3.05 -3.63 -100.9 -3.63 -3.05 -100.97 -3.52 -2.96
4 16 -100.97 -3.52 -2.96 -100.9 -3.63 -3.05 -100.9 -4.1 -2.37 -100.97 -3.98 -2.3
4 16 -100.97 -3.98 -2.3 -100.9 -4.1 -2.37 -100.9 -4.45 -1.62 -100.97 -4.32 -1.57
4 16 -100.97 -4.32 -1.57 -100.9 -4.45 -1.62 -100.9 -4.67 -0.82 -100.97 -4.53 -0.8
4 16 -100.97 -4.53 -0.8 -100.9 -4.67 -0.82 -100.9 -4.74 0 -100.97 -4.6 0
4 16 -100.97 -4.6 0 -100.9 -4.74 0 -100.9 -4.67 0.82 -100.97 -4.53 0.8
4 16 -100.97 -4.53 0.8 -100.9 -4.67 0.82 -100.9 -4.45 1.62 -100.97 -4.32 1.57
4 16 -100.97 -4.32 1.57 -100.9 -4.45 1.62 -100.9 -4.1 2.37 -100.97 -3.98 2.3
4 16 -100.97 -3.98 2.3 -100.9 -4.1 2.37 -100.9 -3.63 3.05 -100.97 -3.52 2.96
4 16 -100.97 -3.52 2.96 -100.9 -3.63 3.05 -100.9 -3.05 3.63 -100.97 -2.96 3.52
4 16 -100.97 -2.96 3.52 -100.9 -3.05 3.63 -100.9 -2.37 4.1 -100.97 -2.3 3.98
4 16 -100.97 -2.3 3.98 -100.9 -2.37 4.1 -100.9 -1.62 4.45 -100.97 -1.57 4.32
4 16 -100.97 -1.57 4.32 -100.9 -1.62 4.45 -100.9 -0.82 4.67 -100.97 -0.8 4.53
4 16 -100.97 -0.8 4.53 -100.97 0 4.6 -101.06 0 4.47 -101.06 -0.78 4.4
4 16 -101.06 -0.78 -4.4 -100.97 -0.8 -4.53 -100.97 -1.57 -4.32 -101.06 -1.53 -4.2
4 16 -101.06 -1.53 -4.2 -100.97 -1.57 -4.32 -100.97 -2.3 -3.98 -101.06 -2.24 -3.87
4 16 -101.06 -2.24 -3.87 -100.97 -2.3 -3.98 -100.97 -2.96 -3.52 -101.06 -2.87 -3.43
4 16 -101.06 -2.87 -3.43 -100.97 -2.96 -3.52 -100.97 -3.52 -2.96 -101.06 -3.43 -2.87
4 16 -101.06 -3.43 -2.87 -100.97 -3.52 -2.96 -100.97 -3.98 -2.3 -101.06 -3.87 -2.24
4 16 -101.06 -3.87 -2.24 -100.97 -3.98 -2.3 -100.97 -4.32 -1.57 -101.06 -4.2 -1.53
4 16 -101.06 -4.2 -1.53 -100.97 -4.32 -1.57 -100.97 -4.53 -0.8 -101.06 -4.4 -0.78
4 16 -101.06 -4.4 -0.78 -100.97 -4.53 -0.8 -100.97 -4.6 0 -101.06 -4.47 0
4 16 -101.06 -4.47 0 -100.97 -4.6 0 -100.97 -4.53 0.8 -101.06 -4.4 0.78
4 16 -101.06 -4.4 0.78 -100.97 -4.53 0.8 -100.97 -4.32 1.57 -101.06 -4.2 1.53
4 16 -101.06 -4.2 1.53 -100.97 -4.32 1.57 -100.97 -3.98 2.3 -101.06 -3.87 2.24
4 16 -101.06 -3.87 2.24 -100.97 -3.98 2.3 -100.97 -3.52 2.96 -101.06 -3.43 2.87
4 16 -101.06 -3.43 2.87 -100.97 -3.52 2.96 -100.97 -2.96 3.52 -101.06 -2.87 3.43
4 16 -101.06 -2.87 3.43 -100.97 -2.96 3.52 -100.97 -2.3 3.98 -101.06 -2.24 3.87
4 16 -101.06 -2.24 3.87 -100.97 -2.3 3.98 -100.97 -1.57 4.32 -101.06 -1.53 4.2
4 16 -101.06 -1.53 4.2 -100.97 -1.57 4.32 -100.97 -0.8 4.53 -101.06 -0.78 4.4
4 16 -101.06 -0.78 4.4 -101.06 0 4.47 -101.17 0 4.36 -101.17 -0.76 4.3
4 16 -101.17 -0.76 -4.3 -101.06 -0.78 -4.4 -101.06 -1.53 -4.2 -101.17 -1.49 -4.1
4 16 -101.17 -1.49 -4.1 -101.06 -1.53 -4.2 -101.06 -2.24 -3.87 -101.17 -2.18 -3.78
4 16 -101.17 -2.18 -3.78 -101.06 -2.24 -3.87 -101.06 -2.87 -3.43 -101.17 -2.8 -3.34
4 16 -101.17 -2.8 -3.34 -101.06 -2.87 -3.43 -101.06 -3.43 -2.87 -101.17 -3.34 -2.8
4 16 -101.17 -3.34 -2.8 -101.06 -3.43 -2.87 -101.06 -3.87 -2.24 -101.17 -3.78 -2.18
4 16 -101.17 -3.78 -2.18 -101.06 -3.87 -2.24 -101.06 -4.2 -1.53 -101.17 -4.1 -1.49
4 16 -101.17 -4.1 -1.49 -101.06 -4.2 -1.53 -101.06 -4.4 -0.78 -101.17 -4.3 -0.76
4 16 -101.17 -4.3 -0.76 -101.06 -4.4 -0.78 -101.06 -4.47 0 -101.17 -4.36 0
4 16 -101.17 -4.36 0 -101.06 -4.47 0 -101.06 -4.4 0.78 -101.17 -4.3 0.76
4 16 -101.17 -4.3 0.76 -101.06 -4.4 0.78 -101.06 -4.2 1.53 -101.17 -4.1 1.49
4 16 -101.17 -4.1 1.49 -101.06 -4.2 1.53 -101.06 -3.87 2.24 -101.17 -3.78 2.18
4 16 -101.17 -3.78 2.18 -101.06 -3.87 2.24 -101.06 -3.43 2.87 -101.17 -3.34 2.8
4 16 -101.17 -3.34 2.8 -101.06 -3.43 2.87 -101.06 -2.87 3.43 -101.17 -2.8 3.34
4 16 -101.17 -2.8 3.34 -101.06 -2.87 3.43 -101.06 -2.24 3.87 -101.17 -2.18 3.78
4 16 -101.17 -2.18 3.78 -101.06 -2.24 3.87 -101.06 -1.53 4.2 -101.17 -1.49 4.1
4 16 -101.17 -1.49 4.1 -101.06 -1.53 4.2 -101.06 -0.78 4.4 -101.17 -0.76 4.3
4 16 -101.17 -0.76 4.3 -101.17 0 4.36 -101.29 0 4.28 -101.29 -0.74 4.21
4 16 -101.29 -0.74 -4.21 -101.17 -0.76 -4.3 -101.17 -1.49 -4.1 -101.29 -1.46 -4.02
4 16 -101.29 -1.46 -4.02 -101.17 -1.49 -4.1 -101.17 -2.18 -3.78 -101.29 -2.14 -3.7
4 16 -101.29 -2.14 -3.7 -101.17 -2.18 -3.78 -101.17 -2.8 -3.34 -101.29 -2.75 -3.28
4 16 -101.29 -2.75 -3.28 -101.17 -2.8 -3.34 -101.17 -3.34 -2.8 -101.29 -3.28 -2.75
4 16 -101.29 -3.28 -2.75 -101.17 -3.34 -2.8 -101.17 -3.78 -2.18 -101.29 -3.7 -2.14
4 16 -101.29 -3.7 -2.14 -101.17 -3.78 -2.18 -101.17 -4.1 -1.49 -101.29 -4.02 -1.46
4 16 -101.29 -4.02 -1.46 -101.17 -4.1 -1.49 -101.17 -4.3 -0.76 -101.29 -4.21 -0.74
4 16 -101.29 -4.21 -0.74 -101.17 -4.3 -0.76 -101.17 -4.36 0 -101.29 -4.28 0
4 16 -101.29 -4.28 0 -101.17 -4.36 0 -101.17 -4.3 0.76 -101.29 -4.21 0.74
4 16 -101.29 -4.21 0.74 -101.17 -4.3 0.76 -101.17 -4.1 1.49 -101.29 -4.02 1.46
4 16 -101.29 -4.02 1.46 -101.17 -4.1 1.49 -101.17 -3.78 2.18 -101.29 -3.7 2.14
4 16 -101.29 -3.7 2.14 -101.17 -3.78 2.18 -101.17 -3.34 2.8 -101.29 -3.28 2.75
4 16 -101.29 -3.28 2.75 -101.17 -3.34 2.8 -101.17 -2.8 3.34 -101.29 -2.75 3.28
4 16 -101.29 -2.75 3.28 -101.17 -2.8 3.34 -101.17 -2.18 3.78 -101.29 -2.14 3.7
4 16 -101.29 -2.14 3.7 -101.17 -2.18 3.78 -101.17 -1.49 4.1 -101.29 -1.46 4.02
4 16 -101.29 -1.46 4.02 -101.17 -1.49 4.1 -101.17 -0.76 4.3 -101.29 -0.74 4.21
4 16 -101.29 -0.74 4.21 -101.29 0 4.28 -101.43 0 4.21 -101.43 -0.73 4.15
4 16 -101.29 0 -4.28 -101.29 -0.74 -4.21 -101.43 -0.73 -4.15 -101.43 0 -4.21
4 16 -101.43 -0.73 -4.15 -101.29 -0.74 -4.21 -101.29 -1.46 -4.02 -101.43 -1.44 -3.96
4 16 -101.43 -1.44 -3.96 -101.29 -1.46 -4.02 -101.29 -2.14 -3.7 -101.43 -2.11 -3.65
4 16 -101.43 -2.11 -3.65 -101.29 -2.14 -3.7 -101.29 -2.75 -3.28 -101.43 -2.71 -3.23
4 16 -101.43 -2.71 -3.23 -101.29 -2.75 -3.28 -101.29 -3.28 -2.75 -101.43 -3.23 -2.71
4 16 -101.43 -3.23 -2.71 -101.29 -3.28 -2.75 -101.29 -3.7 -2.14 -101.43 -3.65 -2.11
4 16 -101.43 -3.65 -2.11 -101.29 -3.7 -2.14 -101.29 -4.02 -1.46 -101.43 -3.96 -1.44
4 16 -101.43 -3.96 -1.44 -101.29 -4.02 -1.46 -101.29 -4.21 -0.74 -101.43 -4.15 -0.73
4 16 -101.43 -4.15 -0.73 -101.29 -4.21 -0.74 -101.29 -4.28 0 -101.43 -4.21 0
4 16 -101.43 -4.21 0 -101.29 -4.28 0 -101.29 -4.21 0.74 -101.43 -4.15 0.73
4 16 -101.43 -4.15 0.73 -101.29 -4.21 0.74 -101.29 -4.02 1.46 -101.43 -3.96 1.44
4 16 -101.43 -3.96 1.44 -101.29 -4.02 1.46 -101.29 -3.7 2.14 -101.43 -3.65 2.11
4 16 -101.43 -3.65 2.11 -101.29 -3.7 2.14 -101.29 -3.28 2.75 -101.43 -3.23 2.71
4 16 -101.43 -3.23 2.71 -101.29 -3.28 2.75 -101.29 -2.75 3.28 -101.43 -2.71 3.23
4 16 -101.43 -2.71 3.23 -101.29 -2.75 3.28 -101.29 -2.14 3.7 -101.43 -2.11 3.65
4 16 -101.43 -2.11 3.65 -101.29 -2.14 3.7 -101.29 -1.46 4.02 -101.43 -1.44 3.96
4 16 -101.43 -1.44 3.96 -101.29 -1.46 4.02 -101.29 -0.74 4.21 -101.43 -0.73 4.15
4 16 -101.43 -0.73 4.15 -101.43 0 4.21 -101.58 0 4.17 -101.58 -0.72 4.11
4 16 -101.43 -0.73 4.15 -101.58 -0.72 4.11 -101.58 -1.43 3.92 -101.43 -1.44 3.96
4 16 -101.43 -1.44 3.96 -101.58 -1.43 3.92 -101.58 -2.09 3.61 -101.43 -2.11 3.65
4 16 -101.43 -2.11 3.65 -101.58 -2.09 3.61 -101.58 -2.68 3.2 -101.43 -2.71 3.23
4 16 -101.43 -2.71 3.23 -101.58 -2.68 3.2 -101.58 -3.2 2.68 -101.43 -3.23 2.71
4 16 -101.43 -3.23 2.71 -101.58 -3.2 2.68 -101.58 -3.61 2.09 -101.43 -3.65 2.11
4 16 -101.43 -3.65 2.11 -101.58 -3.61 2.09 -101.58 -3.92 1.43 -101.43 -3.96 1.44
4 16 -101.43 -3.96 1.44 -101.58 -3.92 1.43 -101.58 -4.11 0.72 -101.43 -4.15 0.73
4 16 -101.43 -4.15 0.73 -101.58 -4.11 0.72 -101.58 -4.17 0 -101.43 -4.21 0
4 16 -101.43 -4.21 0 -101.58 -4.17 0 -101.58 -4.11 -0.72 -101.43 -4.15 -0.73
4 16 -101.43 -4.15 -0.73 -101.58 -4.11 -0.72 -101.58 -3.92 -1.43 -101.43 -3.96 -1.44
4 16 -101.43 -3.96 -1.44 -101.58 -3.92 -1.43 -101.58 -3.61 -2.09 -101.43 -3.65 -2.11
4 16 -101.43 -3.65 -2.11 -101.58 -3.61 -2.09 -101.58 -3.2 -2.68 -101.43 -3.23 -2.71
4 16 -101.43 -3.23 -2.71 -101.58 -3.2 -2.68 -101.58 -2.68 -3.2 -101.43 -2.71 -3.23
4 16 -101.43 -2.71 -3.23 -101.58 -2.68 -3.2 -101.58 -2.09 -3.61 -101.43 -2.11 -3.65
4 16 -101.43 -2.11 -3.65 -101.58 -2.09 -3.61 -101.58 -1.43 -3.92 -101.43 -1.44 -3.96
4 16 -101.43 -1.44 -3.96 -101.58 -1.43 -3.92 -101.58 -0.72 -4.11 -101.43 -0.73 -4.15
4 16 -101.73 0 -4.16 -101.58 0 -4.17 -101.58 -0.72 -4.11 -101.73 -0.72 -4.09
4 16 -101.73 -0.72 -4.09 -101.58 -0.72 -4.11 -101.58 -1.43 -3.92 -101.73 -1.42 -3.91
4 16 -101.73 -1.42 -3.91 -101.58 -1.43 -3.92 -101.58 -2.09 -3.61 -101.73 -2.08 -3.6
4 16 -101.73 -2.08 -3.6 -101.58 -2.09 -3.61 -101.58 -2.68 -3.2 -101.73 -2.67 -3.18
4 16 -101.73 -2.67 -3.18 -101.58 -2.68 -3.2 -101.58 -3.2 -2.68 -101.73 -3.18 -2.67
4 16 -101.73 -3.18 -2.67 -101.58 -3.2 -2.68 -101.58 -3.61 -2.09 -101.73 -3.6 -2.08
4 16 -101.73 -3.6 -2.08 -101.58 -3.61 -2.09 -101.58 -3.92 -1.43 -101.73 -3.91 -1.42
4 16 -101.73 -3.91 -1.42 -101.58 -3.92 -1.43 -101.58 -4.11 -0.72 -101.73 -4.09 -0.72
4 16 -101.73 -4.09 -0.72 -101.58 -4.11 -0.72 -101.58 -4.17 0 -101.73 -4.16 0
4 16 -101.73 -4.16 0 -101.58 -4.17 0 -101.58 -4.11 0.72 -101.73 -4.09 0.72
4 16 -101.73 -4.09 0.72 -101.58 -4.11 0.72 -101.58 -3.92 1.43 -101.73 -3.91 1.42
4 16 -101.73 -3.91 1.42 -101.58 -3.92 1.43 -101.58 -3.61 2.09 -101.73 -3.6 2.08
4 16 -101.73 -3.6 2.08 -101.58 -3.61 2.09 -101.58 -3.2 2.68 -101.73 -3.18 2.67
4 16 -101.73 -3.18 2.67 -101.58 -3.2 2.68 -101.58 -2.68 3.2 -101.73 -2.67 3.18
4 16 -101.73 -2.67 3.18 -101.58 -2.68 3.2 -101.58 -2.09 3.61 -101.73 -2.08 3.6
4 16 -101.73 -2.08 3.6 -101.58 -2.09 3.61 -101.58 -1.43 3.92 -101.73 -1.42 3.91
4 16 -101.73 -1.42 3.91 -101.58 -1.43 3.92 -101.58 -0.72 4.11 -101.73 -0.72 4.09
4 16 -101.73 -0.72 4.09 -101.58 -0.72 4.11 -101.58 0 4.17 -101.73 0 4.16
4 16 -98.83 0 -7.4 -98.46 0 -7.43 -98.46 -1.29 -7.32 -98.83 -1.29 -7.29
4 16 -98.83 -1.29 -7.29 -98.46 -1.29 -7.32 -98.46 -2.54 -6.98 -98.83 -2.53 -6.96
4 16 -98.83 -2.53 -6.96 -98.46 -2.54 -6.98 -98.46 -3.72 -6.44 -98.83 -3.7 -6.41
4 16 -98.83 -3.7 -6.41 -98.46 -3.72 -6.44 -98.46 -4.78 -5.69 -98.83 -4.76 -5.67
4 16 -98.83 -4.76 -5.67 -98.46 -4.78 -5.69 -98.46 -5.69 -4.78 -98.83 -5.67 -4.76
4 16 -98.83 -5.67 -4.76 -98.46 -5.69 -4.78 -98.46 -6.44 -3.72 -98.83 -6.41 -3.7
4 16 -98.83 -6.41 -3.7 -98.46 -6.44 -3.72 -98.46 -6.98 -2.54 -98.83 -6.96 -2.53
4 16 -98.83 -6.96 -2.53 -98.46 -6.98 -2.54 -98.46 -7.32 -1.29 -98.83 -7.29 -1.29
4 16 -98.83 -7.29 -1.29 -98.46 -7.32 -1.29 -98.46 -7.43 0 -98.83 -7.4 0
4 16 -98.83 -7.4 0 -98.46 -7.43 0 -98.46 -7.32 1.29 -98.83 -7.29 1.29
4 16 -98.83 -7.29 1.29 -98.46 -7.32 1.29 -98.46 -6.98 2.54 -98.83 -6.96 2.53
4 16 -98.83 -6.96 2.53 -98.46 -6.98 2.54 -98.46 -6.44 3.72 -98.83 -6.41 3.7
4 16 -98.83 -6.41 3.7 -98.46 -6.44 3.72 -98.46 -5.69 4.78 -98.83 -5.67 4.76
4 16 -98.83 -5.67 4.76 -98.46 -5.69 4.78 -98.46 -4.78 5.69 -98.83 -4.76 5.67
4 16 -98.83 -4.76 5.67 -98.46 -4.78 5.69 -98.46 -3.72 6.44 -98.83 -3.7 6.41
4 16 -98.83 -3.7 6.41 -98.46 -3.72 6.44 -98.46 -2.54 6.98 -98.83 -2.53 6.96
4 16 -98.83 -2.53 6.96 -98.46 -2.54 6.98 -98.46 -1.29 7.32 -98.83 -1.29 7.29
4 16 -98.83 -1.29 7.29 -98.46 -1.29 7.32 -98.46 0 7.43 -98.83 0 7.4
4 16 -99.2 0 -7.32 -98.83 0 -7.4 -98.83 -1.29 -7.29 -99.2 -1.27 -7.2
4 16 -99.2 -1.27 -7.2 -98.83 -1.29 -7.29 -98.83 -2.53 -6.96 -99.2 -2.5 -6.87
4 16 -99.2 -2.5 -6.87 -98.83 -2.53 -6.96 -98.83 -3.7 -6.41 -99.2 -3.66 -6.34
4 16 -99.2 -3.66 -6.34 -98.83 -3.7 -6.41 -98.83 -4.76 -5.67 -99.2 -4.7 -5.6
4 16 -99.2 -4.7 -5.6 -98.83 -4.76 -5.67 -98.83 -5.67 -4.76 -99.2 -5.6 -4.7
4 16 -99.2 -5.6 -4.7 -98.83 -5.67 -4.76 -98.83 -6.41 -3.7 -99.2 -6.34 -3.66
4 16 -99.2 -6.34 -3.66 -98.83 -6.41 -3.7 -98.83 -6.96 -2.53 -99.2 -6.87 -2.5
4 16 -99.2 -6.87 -2.5 -98.83 -6.96 -2.53 -98.83 -7.29 -1.29 -99.2 -7.2 -1.27
4 16 -99.2 -7.2 -1.27 -98.83 -7.29 -1.29 -98.83 -7.4 0 -99.2 -7.32 0
4 16 -99.2 -7.32 0 -98.83 -7.4 0 -98.83 -7.29 1.29 -99.2 -7.2 1.27
4 16 -99.2 -7.2 1.27 -98.83 -7.29 1.29 -98.83 -6.96 2.53 -99.2 -6.87 2.5
4 16 -99.2 -6.87 2.5 -98.83 -6.96 2.53 -98.83 -6.41 3.7 -99.2 -6.34 3.66
4 16 -99.2 -6.34 3.66 -98.83 -6.41 3.7 -98.83 -5.67 4.76 -99.2 -5.6 4.7
4 16 -99.2 -5.6 4.7 -98.83 -5.67 4.76 -98.83 -4.76 5.67 -99.2 -4.7 5.6
4 16 -99.2 -4.7 5.6 -98.83 -4.76 5.67 -98.83 -3.7 6.41 -99.2 -3.66 6.34
4 16 -99.2 -3.66 6.34 -98.83 -3.7 6.41 -98.83 -2.53 6.96 -99.2 -2.5 6.87
4 16 -99.2 -2.5 6.87 -98.83 -2.53 6.96 -98.83 -1.29 7.29 -99.2 -1.27 7.2
4 16 -99.2 -1.27 7.2 -98.83 -1.29 7.29 -98.83 0 7.4 -99.2 0 7.32
4 16 -99.54 0 -7.17 -99.2 0 -7.32 -99.2 -1.27 -7.2 -99.54 -1.25 -7.06
4 16 -99.54 -1.25 -7.06 -99.2 -1.27 -7.2 -99.2 -2.5 -6.87 -99.54 -2.45 -6.74
4 16 -99.54 -2.45 -6.74 -99.2 -2.5 -6.87 -99.2 -3.66 -6.34 -99.54 -3.59 -6.21
4 16 -99.54 -3.59 -6.21 -99.2 -3.66 -6.34 -99.2 -4.7 -5.6 -99.54 -4.61 -5.49
4 16 -99.54 -4.61 -5.49 -99.2 -4.7 -5.6 -99.2 -5.6 -4.7 -99.54 -5.49 -4.61
4 16 -99.54 -5.49 -4.61 -99.2 -5.6 -4.7 -99.2 -6.34 -3.66 -99.54 -6.21 -3.59
4 16 -99.54 -6.21 -3.59 -99.2 -6.34 -3.66 -99.2 -6.87 -2.5 -99.54 -6.74 -2.45
4 16 -99.54 -6.74 -2.45 -99.2 -6.87 -2.5 -99.2 -7.2 -1.27 -99.54 -7.06 -1.25
4 16 -99.54 -7.06 -1.25 -99.2 -7.2 -1.27 -99.2 -7.32 0 -99.54 -7.17 0
4 16 -99.54 -7.17 0 -99.2 -7.32 0 -99.2 -7.2 1.27 -99.54 -7.06 1.25
4 16 -99.54 -7.06 1.25 -99.2 -7.2 1.27 -99.2 -6.87 2.5 -99.54 -6.74 2.45
4 16 -99.54 -6.74 2.45 -99.2 -6.87 2.5 -99.2 -6.34 3.66 -99.54 -6.21 3.59
4 16 -99.54 -6.21 3.59 -99.2 -6.34 3.66 -99.2 -5.6 4.7 -99.54 -5.49 4.61
4 16 -99.54 -5.49 4.61 -99.2 -5.6 4.7 -99.2 -4.7 5.6 -99.54 -4.61 5.49
4 16 -99.54 -4.61 5.49 -99.2 -4.7 5.6 -99.2 -3.66 6.34 -99.54 -3.59 6.21
4 16 -99.54 -3.59 6.21 -99.2 -3.66 6.34 -99.2 -2.5 6.87 -99.54 -2.45 6.74
4 16 -99.54 -2.45 6.74 -99.2 -2.5 6.87 -99.2 -1.27 7.2 -99.54 -1.25 7.06
4 16 -99.54 -1.25 7.06 -99.2 -1.27 7.2 -99.2 0 7.32 -99.54 0 7.17
4 16 -99.86 0 -6.98 -99.54 0 -7.17 -99.54 -1.25 -7.06 -99.86 -1.21 -6.87
4 16 -99.86 -1.21 -6.87 -99.54 -1.25 -7.06 -99.54 -2.45 -6.74 -99.86 -2.39 -6.56
4 16 -99.86 -2.39 -6.56 -99.54 -2.45 -6.74 -99.54 -3.59 -6.21 -99.86 -3.49 -6.04
4 16 -99.86 -3.49 -6.04 -99.54 -3.59 -6.21 -99.54 -4.61 -5.49 -99.86 -4.48 -5.34
4 16 -99.86 -4.48 -5.34 -99.54 -4.61 -5.49 -99.54 -5.49 -4.61 -99.86 -5.34 -4.48
4 16 -99.86 -5.34 -4.48 -99.54 -5.49 -4.61 -99.54 -6.21 -3.59 -99.86 -6.04 -3.49
4 16 -99.86 -6.04 -3.49 -99.54 -6.21 -3.59 -99.54 -6.74 -2.45 -99.86 -6.56 -2.39
4 16 -99.86 -6.56 -2.39 -99.54 -6.74 -2.45 -99.54 -7.06 -1.25 -99.86 -6.87 -1.21
4 16 -99.86 -6.87 -1.21 -99.54 -7.06 -1.25 -99.54 -7.17 0 -99.86 -6.98 0
4 16 -99.86 -6.98 0 -99.54 -7.17 0 -99.54 -7.06 1.25 -99.86 -6.87 1.21
4 16 -99.86 -6.87 1.21 -99.54 -7.06 1.25 -99.54 -6.74 2.45 -99.86 -6.56 2.39
4 16 -99.86 -6.56 2.39 -99.54 -6.74 2.45 -99.54 -6.21 3.59 -99.86 -6.04 3.49
4 16 -99.86 -6.04 3.49 -99.54 -6.21 3.59 -99.54 -5.49 4.61 -99.86 -5.34 4.48
4 16 -99.86 -5.34 4.48 -99.54 -5.49 4.61 -99.54 -4.61 5.49 -99.86 -4.48 5.34
4 16 -99.86 -4.48 5.34 -99.54 -4.61 5.49 -99.54 -3.59 6.21 -99.86 -3.49 6.04
4 16 -99.86 -3.49 6.04 -99.54 -3.59 6.21 -99.54 -2.45 6.74 -99.86 -2.39 6.56
4 16 -99.86 -2.39 6.56 -99.54 -2.45 6.74 -99.54 -1.25 7.06 -99.86 -1.21 6.87
4 16 -99.86 -1.21 6.87 -99.54 -1.25 7.06 -99.54 0 7.17 -99.86 0 6.98
4 16 -100.15 0 -6.73 -99.86 0 -6.98 -99.86 -1.21 -6.87 -100.15 -1.17 -6.63
4 16 -100.15 -1.17 -6.63 -99.86 -1.21 -6.87 -99.86 -2.39 -6.56 -100.15 -2.3 -6.33
4 16 -100.15 -2.3 -6.33 -99.86 -2.39 -6.56 -99.86 -3.49 -6.04 -100.15 -3.37 -5.83
4 16 -100.15 -3.37 -5.83 -99.86 -3.49 -6.04 -99.86 -4.48 -5.34 -100.15 -4.33 -5.16
4 16 -100.15 -4.33 -5.16 -99.86 -4.48 -5.34 -99.86 -5.34 -4.48 -100.15 -5.16 -4.33
4 16 -100.15 -5.16 -4.33 -99.86 -5.34 -4.48 -99.86 -6.04 -3.49 -100.15 -5.83 -3.37
4 16 -100.15 -5.83 -3.37 -99.86 -6.04 -3.49 -99.86 -6.56 -2.39 -100.15 -6.33 -2.3
4 16 -100.15 -6.33 -2.3 -99.86 -6.56 -2.39 -99.86 -6.87 -1.21 -100.15 -6.63 -1.17
4 16 -100.15 -6.63 -1.17 -99.86 -6.87 -1.21 -99.86 -6.98 0 -100.15 -6.73 0
4 16 -100.15 -6.73 0 -99.86 -6.98 0 -99.86 -6.87 1.21 -100.15 -6.63 1.17
4 16 -100.15 -6.63 1.17 -99.86 -6.87 1.21 -99.86 -6.56 2.39 -100.15 -6.33 2.3
4 16 -100.15 -6.33 2.3 -99.86 -6.56 2.39 -99.86 -6.04 3.49 -100.15 -5.83 3.37
4 16 -100.15 -5.83 3.37 -99.86 -6.04 3.49 -99.86 -5.34 4.48 -100.15 -5.16 4.33
4 16 -100.15 -5.16 4.33 -99.86 -5.34 4.48 -99.86 -4.48 5.34 -100.15 -4.33 5.16
4 16 -100.15 -4.33 5.16 -99.86 -4.48 5.34 -99.86 -3.49 6.04 -100.15 -3.37 5.83
4 16 -100.15 -3.37 5.83 -99.86 -3.49 6.04 -99.86 -2.39 6.56 -100.15 -2.3 6.33
4 16 -100.15 -2.3 6.33 -99.86 -2.39 6.56 -99.86 -1.21 6.87 -100.15 -1.17 6.63
4 16 -100.15 -1.17 6.63 -99.86 -1.21 6.87 -99.86 0 6.98 -100.15 0 6.73
4 16 -100.39 0 -6.45 -100.15 0 -6.73 -100.15 -1.17 -6.63 -100.39 -1.12 -6.35
4 16 -100.39 -1.12 -6.35 -100.15 -1.17 -6.63 -100.15 -2.3 -6.33 -100.39 -2.2 -6.06
4 16 -100.39 -2.2 -6.06 -100.15 -2.3 -6.33 -100.15 -3.37 -5.83 -100.39 -3.22 -5.58
4 16 -100.39 -3.22 -5.58 -100.15 -3.37 -5.83 -100.15 -4.33 -5.16 -100.39 -4.14 -4.94
4 16 -100.39 -4.14 -4.94 -100.15 -4.33 -5.16 -100.15 -5.16 -4.33 -100.39 -4.94 -4.14
4 16 -100.39 -4.94 -4.14 -100.15 -5.16 -4.33 -100.15 -5.83 -3.37 -100.39 -5.58 -3.22
4 16 -100.39 -5.58 -3.22 -100.15 -5.83 -3.37 -100.15 -6.33 -2.3 -100.39 -6.06 -2.2
4 16 -100.39 -6.06 -2.2 -100.15 -6.33 -2.3 -100.15 -6.63 -1.17 -100.39 -6.35 -1.12
4 16 -100.39 -6.35 -1.12 -100.15 -6.63 -1.17 -100.15 -6.73 0 -100.39 -6.45 0
4 16 -100.39 -6.45 0 -100.15 -6.73 0 -100.15 -6.63 1.17 -100.39 -6.35 1.12
4 16 -100.39 -6.35 1.12 -100.15 -6.63 1.17 -100.15 -6.33 2.3 -100.39 -6.06 2.2
4 16 -100.39 -6.06 2.2 -100.15 -6.33 2.3 -100.15 -5.83 3.37 -100.39 -5.58 3.22
4 16 -100.39 -5.58 3.22 -100.15 -5.83 3.37 -100.15 -5.16 4.33 -100.39 -4.94 4.14
4 16 -100.39 -4.94 4.14 -100.15 -5.16 4.33 -100.15 -4.33 5.16 -100.39 -4.14 4.94
4 16 -100.39 -4.14 4.94 -100.15 -4.33 5.16 -100.15 -3.37 5.83 -100.39 -3.22 5.58
4 16 -100.39 -3.22 5.58 -100.15 -3.37 5.83 -100.15 -2.3 6.33 -100.39 -2.2 6.06
4 16 -100.39 -2.2 6.06 -100.15 -2.3 6.33 -100.15 -1.17 6.63 -100.39 -1.12 6.35
4 16 -100.39 -1.12 6.35 -100.15 -1.17 6.63 -100.15 0 6.73 -100.39 0 6.45
4 16 -100.59 0 -6.13 -100.39 0 -6.45 -100.39 -1.12 -6.35 -100.59 -1.06 -6.03
4 16 -100.59 -1.06 -6.03 -100.39 -1.12 -6.35 -100.39 -2.2 -6.06 -100.59 -2.1 -5.76
4 16 -100.59 -2.1 -5.76 -100.39 -2.2 -6.06 -100.39 -3.22 -5.58 -100.59 -3.06 -5.31
4 16 -100.59 -3.06 -5.31 -100.39 -3.22 -5.58 -100.39 -4.14 -4.94 -100.59 -3.94 -4.69
4 16 -100.59 -3.94 -4.69 -100.39 -4.14 -4.94 -100.39 -4.94 -4.14 -100.59 -4.69 -3.94
4 16 -100.59 -4.69 -3.94 -100.39 -4.94 -4.14 -100.39 -5.58 -3.22 -100.59 -5.31 -3.06
4 16 -100.59 -5.31 -3.06 -100.39 -5.58 -3.22 -100.39 -6.06 -2.2 -100.59 -5.76 -2.1
4 16 -100.59 -5.76 -2.1 -100.39 -6.06 -2.2 -100.39 -6.35 -1.12 -100.59 -6.03 -1.06
4 16 -100.59 -6.03 -1.06 -100.39 -6.35 -1.12 -100.39 -6.45 0 -100.59 -6.13 0
4 16 -100.59 -6.13 0 -100.39 -6.45 0 -100.39 -6.35 1.12 -100.59 -6.03 1.06
4 16 -100.59 -6.03 1.06 -100.39 -6.35 1.12 -100.39 -6.06 2.2 -100.59 -5.76 2.1
4 16 -100.59 -5.76 2.1 -100.39 -6.06 2.2 -100.39 -5.58 3.22 -100.59 -5.31 3.06
4 16 -100.59 -5.31 3.06 -100.39 -5.58 3.22 -100.39 -4.94 4.14 -100.59 -4.69 3.94
4 16 -100.59 -4.69 3.94 -100.39 -4.94 4.14 -100.39 -4.14 4.94 -100.59 -3.94 4.69
4 16 -100.59 -3.94 4.69 -100.39 -4.14 4.94 -100.39 -3.22 5.58 -100.59 -3.06 5.31
4 16 -100.59 -3.06 5.31 -100.39 -3.22 5.58 -100.39 -2.2 6.06 -100.59 -2.1 5.76
4 16 -100.59 -2.1 5.76 -100.39 -2.2 6.06 -100.39 -1.12 6.35 -100.59 -1.06 6.03
4 16 -100.59 -1.06 6.03 -100.39 -1.12 6.35 -100.39 0 6.45 -100.59 0 6.13
4 16 -100.73 0 -5.78 -100.59 0 -6.13 -100.59 -1.06 -6.03 -100.73 -1 -5.69
4 16 -100.73 -1 -5.69 -100.59 -1.06 -6.03 -100.59 -2.1 -5.76 -100.73 -1.98 -5.43
4 16 -100.73 -1.98 -5.43 -100.59 -2.1 -5.76 -100.59 -3.06 -5.31 -100.73 -2.89 -5
4 16 -100.73 -2.89 -5 -100.59 -3.06 -5.31 -100.59 -3.94 -4.69 -100.73 -3.71 -4.43
4 16 -100.73 -3.71 -4.43 -100.59 -3.94 -4.69 -100.59 -4.69 -3.94 -100.73 -4.43 -3.71
4 16 -100.73 -4.43 -3.71 -100.59 -4.69 -3.94 -100.59 -5.31 -3.06 -100.73 -5 -2.89
4 16 -100.73 -5 -2.89 -100.59 -5.31 -3.06 -100.59 -5.76 -2.1 -100.73 -5.43 -1.98
4 16 -100.73 -5.43 -1.98 -100.59 -5.76 -2.1 -100.59 -6.03 -1.06 -100.73 -5.69 -1
4 16 -100.73 -5.69 -1 -100.59 -6.03 -1.06 -100.59 -6.13 0 -100.73 -5.78 0
4 16 -100.73 -5.78 0 -100.59 -6.13 0 -100.59 -6.03 1.06 -100.73 -5.69 1
4 16 -100.73 -5.69 1 -100.59 -6.03 1.06 -100.59 -5.76 2.1 -100.73 -5.43 1.98
4 16 -100.73 -5.43 1.98 -100.59 -5.76 2.1 -100.59 -5.31 3.06 -100.73 -5 2.89
4 16 -100.73 -5 2.89 -100.59 -5.31 3.06 -100.59 -4.69 3.94 -100.73 -4.43 3.71
4 16 -100.73 -4.43 3.71 -100.59 -4.69 3.94 -100.59 -3.94 4.69 -100.73 -3.71 4.43
4 16 -100.73 -3.71 4.43 -100.59 -3.94 4.69 -100.59 -3.06 5.31 -100.73 -2.89 5
4 16 -100.73 -2.89 5 -100.59 -3.06 5.31 -100.59 -2.1 5.76 -100.73 -1.98 5.43
4 16 -100.73 -1.98 5.43 -100.59 -2.1 5.76 -100.59 -1.06 6.03 -100.73 -1 5.69
4 16 -100.73 -1 5.69 -100.59 -1.06 6.03 -100.59 0 6.13 -100.73 0 5.78
4 16 -100.82 0 -5.41 -100.73 0 -5.78 -100.73 -1 -5.69 -100.82 -0.94 -5.33
4 16 -100.82 -0.94 -5.33 -100.73 -1 -5.69 -100.73 -1.98 -5.43 -100.82 -1.85 -5.09
4 16 -100.82 -1.85 -5.09 -100.73 -1.98 -5.43 -100.73 -2.89 -5 -100.82 -2.71 -4.69
4 16 -100.82 -2.71 -4.69 -100.73 -2.89 -5 -100.73 -3.71 -4.43 -100.82 -3.48 -4.15
4 16 -100.82 -3.48 -4.15 -100.73 -3.71 -4.43 -100.73 -4.43 -3.71 -100.82 -4.15 -3.48
4 16 -100.82 -4.15 -3.48 -100.73 -4.43 -3.71 -100.73 -5 -2.89 -100.82 -4.69 -2.71
4 16 -100.82 -4.69 -2.71 -100.73 -5 -2.89 -100.73 -5.43 -1.98 -100.82 -5.09 -1.85
4 16 -100.82 -5.09 -1.85 -100.73 -5.43 -1.98 -100.73 -5.69 -1 -100.82 -5.33 -0.94
4 16 -100.82 -5.33 -0.94 -100.73 -5.69 -1 -100.73 -5.78 0 -100.82 -5.41 0
4 16 -100.82 -5.41 0 -100.73 -5.78 0 -100.73 -5.69 1 -100.82 -5.33 0.94
4 16 -100.82 -5.33 0.94 -100.73 -5.69 1 -100.73 -5.43 1.98 -100.82 -5.09 1.85
4 16 -100.82 -5.09 1.85 -100.73 -5.43 1.98 -100.73 -5 2.89 -100.82 -4.69 2.71
4 16 -100.82 -4.69 2.71 -100.73 -5 2.89 -100.73 -4.43 3.71 -100.82 -4.15 3.48
4 16 -100.82 -4.15 3.48 -100.73 -4.43 3.71 -100.73 -3.71 4.43 -100.82 -3.48 4.15
4 16 -100.82 -3.48 4.15 -100.73 -3.71 4.43 -100.73 -2.89 5 -100.82 -2.71 4.69
4 16 -100.82 -2.71 4.69 -100.73 -2.89 5 -100.73 -1.98 5.43 -100.82 -1.85 5.09
4 16 -100.82 -1.85 5.09 -100.73 -1.98 5.43 -100.73 -1 5.69 -100.82 -0.94 5.33
4 16 -100.82 -0.94 5.33 -100.73 -1 5.69 -100.73 0 5.78 -100.82 0 5.41
4 16 -100.85 0 -5.04 -100.82 0 -5.41 -100.82 -0.94 -5.33 -100.85 -0.88 -4.96
4 16 -100.85 -0.88 -4.96 -100.82 -0.94 -5.33 -100.82 -1.85 -5.09 -100.85 -1.72 -4.74
4 16 -100.85 -1.72 -4.74 -100.82 -1.85 -5.09 -100.82 -2.71 -4.69 -100.85 -2.52 -4.36
4 16 -100.85 -2.52 -4.36 -100.82 -2.71 -4.69 -100.82 -3.48 -4.15 -100.85 -3.24 -3.86
4 16 -100.85 -3.24 -3.86 -100.82 -3.48 -4.15 -100.82 -4.15 -3.48 -100.85 -3.86 -3.24
4 16 -100.85 -3.86 -3.24 -100.82 -4.15 -3.48 -100.82 -4.69 -2.71 -100.85 -4.36 -2.52
4 16 -100.85 -4.36 -2.52 -100.82 -4.69 -2.71 -100.82 -5.09 -1.85 -100.85 -4.74 -1.72
4 16 -100.85 -4.74 -1.72 -100.82 -5.09 -1.85 -100.82 -5.33 -0.94 -100.85 -4.96 -0.88
4 16 -100.85 -4.96 -0.88 -100.82 -5.33 -0.94 -100.82 -5.41 0 -100.85 -5.04 0
4 16 -100.85 -5.04 0 -100.82 -5.41 0 -100.82 -5.33 0.94 -100.85 -4.96 0.88
4 16 -100.85 -4.96 0.88 -100.82 -5.33 0.94 -100.82 -5.09 1.85 -100.85 -4.74 1.72
4 16 -100.85 -4.74 1.72 -100.82 -5.09 1.85 -100.82 -4.69 2.71 -100.85 -4.36 2.52
4 16 -100.85 -4.36 2.52 -100.82 -4.69 2.71 -100.82 -4.15 3.48 -100.85 -3.86 3.24
4 16 -100.85 -3.86 3.24 -100.82 -4.15 3.48 -100.82 -3.48 4.15 -100.85 -3.24 3.86
4 16 -100.85 -3.24 3.86 -100.82 -3.48 4.15 -100.82 -2.71 4.69 -100.85 -2.52 4.36
4 16 -100.85 -2.52 4.36 -100.82 -2.71 4.69 -100.82 -1.85 5.09 -100.85 -1.72 4.74
4 16 -100.85 -1.72 4.74 -100.82 -1.85 5.09 -100.82 -0.94 5.33 -100.85 -0.88 4.96
4 16 -100.85 -0.88 4.96 -100.82 -0.94 5.33 -100.82 0 5.41 -100.85 0 5.04
4 16 -96 0 7.43 -98.46 0 7.43 -98.46 -1.29 7.32 -96 -1.29 7.32
4 16 -96 -1.29 7.32 -98.46 -1.29 7.32 -98.46 -2.54 6.98 -96 -2.54 6.98
4 16 -96 -2.54 6.98 -98.46 -2.54 6.98 -98.46 -3.72 6.44 -96 -3.72 6.44
4 16 -96 -3.72 6.44 -98.46 -3.72 6.44 -98.46 -4.78 5.69 -96 -4.78 5.69
4 16 -96 -4.78 5.69 -98.46 -4.78 5.69 -98.46 -5.69 4.78 -96 -5.69 4.78
4 16 -96 -5.69 4.78 -98.46 -5.69 4.78 -98.46 -6.44 3.72 -96 -6.44 3.72
4 16 -96 -6.44 3.72 -98.46 -6.44 3.72 -98.46 -6.98 2.54 -96 -6.98 2.54
4 16 -96 -6.98 2.54 -98.46 -6.98 2.54 -98.46 -7.32 1.29 -96 -7.32 1.29
4 16 -96 -7.32 1.29 -98.46 -7.32 1.29 -98.46 -7.43 0 -96 -7.43 0
4 16 -96 -7.43 0 -98.46 -7.43 0 -98.46 -7.32 -1.29 -96 -7.32 -1.29
4 16 -96 -7.32 -1.29 -98.46 -7.32 -1.29 -98.46 -6.98 -2.54 -96 -6.98 -2.54
4 16 -96 -6.98 -2.54 -98.46 -6.98 -2.54 -98.46 -6.44 -3.72 -96 -6.44 -3.72
4 16 -96 -6.44 -3.72 -98.46 -6.44 -3.72 -98.46 -5.69 -4.78 -96 -5.69 -4.78
4 16 -96 -5.69 -4.78 -98.46 -5.69 -4.78 -98.46 -4.78 -5.69 -96 -4.78 -5.69
4 16 -96 -4.78 -5.69 -98.46 -4.78 -5.69 -98.46 -3.72 -6.44 -96 -3.72 -6.44
4 16 -96 -3.72 -6.44 -98.46 -3.72 -6.44 -98.46 -2.54 -6.98 -96 -2.54 -6.98
4 16 -96 -2.54 -6.98 -98.46 -2.54 -6.98 -98.46 -1.29 -7.32 -96 -1.29 -7.32
4 16 -96 -1.29 -7.32 -98.46 -1.29 -7.32 -98.46 0 -7.43 -96 0 -7.43
4 16 -96 24.06 32 -96 -24.06 32 -95.76 -24.06 34.78 -95.76 24.06 34.78
4 16 -95.76 24.06 34.78 -95.76 -24.06 34.78 -95.04 -24.06 37.47 -95.04 24.06 37.47
4 16 -95.04 24.06 37.47 -95.04 -24.06 37.47 -93.86 -24.06 40 -93.86 24.06 40
4 16 -93.86 24.06 40 -93.86 -24.06 40 -92.26 -24.06 42.28 -92.26 24.06 42.28
4 16 -92.26 24.06 42.28 -92.26 -24.06 42.28 -90.28 -24.06 44.26 -90.28 24.06 44.26
4 16 -90.28 24.06 44.26 -90.28 -24.06 44.26 -88 -24.06 45.86 -88 24.06 45.86
4 16 -88 24.06 45.86 -88 -24.06 45.86 -85.47 -24.06 47.04 -85.47 24.06 47.04
4 16 -85.47 24.06 47.04 -85.47 -24.06 47.04 -82.78 -24.06 47.76 -82.78 24.06 47.76
4 16 -82.78 24.06 47.76 -82.78 -24.06 47.76 -80 -24.06 48 -80 24.06 48
4 16 80 24.06 48 80 -24.06 48 82.78 -24.06 47.76 82.78 24.06 47.76
4 16 82.78 24.06 47.76 82.78 -24.06 47.76 85.47 -24.06 47.04 85.47 24.06 47.04
4 16 85.47 24.06 47.04 85.47 -24.06 47.04 88 -24.06 45.86 88 24.06 45.86
4 16 88 24.06 45.86 88 -24.06 45.86 90.28 -24.06 44.26 90.28 24.06 44.26
4 16 90.28 24.06 44.26 90.28 -24.06 44.26 92.26 -24.06 42.28 92.26 24.06 42.28
4 16 92.26 24.06 42.28 92.26 -24.06 42.28 93.86 -24.06 40 93.86 24.06 40
4 16 93.86 24.06 40 93.86 -24.06 40 95.04 -24.06 37.47 95.04 24.06 37.47
4 16 95.04 24.06 37.47 95.04 -24.06 37.47 95.76 -24.06 34.78 95.76 24.06 34.78
4 16 95.76 24.06 34.78 95.76 -24.06 34.78 96 -24.06 32 96 24.06 32
4 16 96 24.06 15.3 96 24.06 32 96 -24.06 32 96 -24.06 15.3
4 16 96 24.06 -15.2 85.92 24.06 -12.5 85.92 -24.06 -12.5 96 -24.06 -15.2
2 24 96 -24.06 -15.2 96 24.06 -15.2
4 16 96 24.06 -32 96 24.06 -15.2 96 -24.06 -15.2 96 -24.06 -32
4 16 96 24.06 -32 96 -24.06 -32 95.76 -24.06 -34.78 95.76 24.06 -34.78
4 16 95.76 24.06 -34.78 95.76 -24.06 -34.78 95.04 -24.06 -37.47 95.04 24.06 -37.47
4 16 95.04 24.06 -37.47 95.04 -24.06 -37.47 93.86 -24.06 -40 93.86 24.06 -40
4 16 93.86 24.06 -40 93.86 -24.06 -40 92.26 -24.06 -42.28 92.26 24.06 -42.28
4 16 92.26 24.06 -42.28 92.26 -24.06 -42.28 90.28 -24.06 -44.26 90.28 24.06 -44.26
4 16 90.28 24.06 -44.26 90.28 -24.06 -44.26 88 -24.06 -45.86 88 24.06 -45.86
4 16 88 24.06 -45.86 88 -24.06 -45.86 85.47 -24.06 -47.04 85.47 24.06 -47.04
4 16 85.47 24.06 -47.04 85.47 -24.06 -47.04 82.78 -24.06 -47.76 82.78 24.06 -47.76
4 16 82.78 24.06 -47.76 82.78 -24.06 -47.76 80 -24.06 -48 80 24.06 -48
4 16 -80 24.06 -48 -80 -24.06 -48 -82.78 -24.06 -47.76 -82.78 24.06 -47.76
4 16 -82.78 24.06 -47.76 -82.78 -24.06 -47.76 -85.47 -24.06 -47.04 -85.47 24.06 -47.04
4 16 -85.47 24.06 -47.04 -85.47 -24.06 -47.04 -88 -24.06 -45.86 -88 24.06 -45.86
4 16 -88 24.06 -45.86 -88 -24.06 -45.86 -90.28 -24.06 -44.26 -90.28 24.06 -44.26
4 16 -90.28 24.06 -44.26 -90.28 -24.06 -44.26 -92.26 -24.06 -42.28 -92.26 24.06 -42.28
4 16 -92.26 24.06 -42.28 -92.26 -24.06 -42.28 -93.86 -24.06 -40 -93.86 24.06 -40
4 16 -93.86 24.06 -40 -93.86 -24.06 -40 -95.04 -24.06 -37.47 -95.04 24.06 -37.47
4 16 -95.04 24.06 -37.47 -95.04 -24.06 -37.47 -95.76 -24.06 -34.78 -95.76 24.06 -34.78
4 16 -95.76 24.06 -34.78 -95.76 -24.06 -34.78 -96 -24.06 -32 -96 24.06 -32
4 16 95.87 -24.06 15.3 85.8 -24.06 12.6 85.8 24.06 12.6 95.87 24.06 15.3
3 16 -98.46 0 7.43 -98.46 -0.63 7.41 -96 0 7.43
3 16 -96 0 7.43 -98.46 -0.63 7.41 -96 -0.9 7.38
3 16 -98.46 -1.78 7.22 -96 -1.78 7.22 -98.46 -1.26 7.33
3 16 -98.46 -1.26 7.33 -96 -1.78 7.22 -96 -0.9 7.38
3 16 -98.46 -1.26 7.33 -96 -0.9 7.38 -98.46 -0.9 7.38
3 16 -98.46 -0.9 7.38 -96 -0.9 7.38 -98.46 -0.63 7.41
3 16 -98.46 -1.78 7.22 -98.46 -1.87 7.19 -96 -1.78 7.22
4 16 -96 -1.78 7.22 -98.46 -1.87 7.19 -98.46 -2.48 7.01 -96 -2.64 6.95
3 16 -98.46 -3.45 6.58 -96 -3.45 6.58 -98.46 -3.06 6.77
3 16 -98.46 -3.06 6.77 -96 -3.45 6.58 -96 -2.64 6.95
3 16 -98.46 -3.06 6.77 -96 -2.64 6.95 -98.46 -2.64 6.95
3 16 -98.46 -2.64 6.95 -96 -2.64 6.95 -98.46 -2.48 7.01
3 16 -98.46 -3.45 6.58 -98.46 -3.63 6.49 -96 -3.45 6.58
4 16 -96 -3.45 6.58 -98.46 -3.63 6.49 -98.46 -4.16 6.16 -96 -4.22 6.12
3 16 -98.46 -4.16 6.16 -98.46 -4.22 6.12 -96 -4.22 6.12
3 16 -96 -4.22 6.12 -98.46 -4.22 6.12 -98.46 -4.67 5.78
3 16 -96 -4.22 6.12 -98.46 -4.67 5.78 -96 -4.93 5.56
3 16 -98.46 -5.56 4.93 -96 -5.56 4.93 -98.46 -5.14 5.37
3 16 -98.46 -5.14 5.37 -96 -5.56 4.93 -96 -4.93 5.56
3 16 -98.46 -5.14 5.37 -96 -4.93 5.56 -98.46 -4.93 5.56
3 16 -98.46 -4.93 5.56 -96 -4.93 5.56 -98.46 -4.67 5.78
3 16 -98.46 -5.56 4.93 -98.46 -5.58 4.91 -96 -5.56 4.93
3 16 -96 -5.56 4.93 -98.46 -5.58 4.91 -98.46 -5.98 4.42
3 16 -96 -5.56 4.93 -98.46 -5.98 4.42 -96 -6.12 4.22
3 16 -98.46 -6.58 3.45 -96 -6.58 3.45 -98.46 -6.33 3.9
3 16 -98.46 -6.33 3.9 -96 -6.58 3.45 -96 -6.12 4.22
3 16 -98.46 -6.33 3.9 -96 -6.12 4.22 -98.46 -6.12 4.22
3 16 -98.46 -6.12 4.22 -96 -6.12 4.22 -98.46 -5.98 4.42
3 16 -98.46 -6.58 3.45 -98.46 -6.64 3.35 -96 -6.58 3.45
4 16 -96 -6.58 3.45 -98.46 -6.64 3.35 -98.46 -6.9 2.77 -96 -6.95 2.64
3 16 -98.46 -7.22 1.78 -96 -7.22 1.78 -98.46 -7.11 2.18
3 16 -98.46 -7.11 2.18 -96 -7.22 1.78 -96 -6.95 2.64
3 16 -98.46 -7.11 2.18 -96 -6.95 2.64 -98.46 -6.95 2.64
3 16 -98.46 -6.95 2.64 -96 -6.95 2.64 -98.46 -6.9 2.77
3 16 -98.46 -7.22 1.78 -98.46 -7.27 1.57 -96 -7.22 1.78
3 16 -96 -7.22 1.78 -98.46 -7.27 1.57 -98.46 -7.37 0.94
3 16 -96 -7.22 1.78 -98.46 -7.37 0.94 -96 -7.38 0.9
3 16 -98.46 -7.37 0.94 -98.46 -7.38 0.9 -96 -7.38 0.9
3 16 -96 -7.38 0.9 -98.46 -7.38 0.9 -98.46 -7.43 0.32
3 16 -96 -7.38 0.9 -98.46 -7.43 0.32 -96 -7.43 0
3 16 -98.46 -7.38 -0.9 -96 -7.38 -0.9 -98.46 -7.43 -0.32
3 16 -98.46 -7.43 -0.32 -96 -7.38 -0.9 -96 -7.43 0
3 16 -98.46 -7.43 -0.32 -96 -7.43 0 -98.46 -7.43 0
3 16 -98.46 -7.43 0 -96 -7.43 0 -98.46 -7.43 0.32
3 16 -98.46 -7.38 -0.9 -98.46 -7.37 -0.94 -96 -7.38 -0.9
3 16 -96 -7.38 -0.9 -98.46 -7.37 -0.94 -98.46 -7.27 -1.57
3 16 -96 -7.38 -0.9 -98.46 -7.27 -1.57 -96 -7.22 -1.78
3 16 -98.46 -6.95 -2.64 -96 -6.95 -2.64 -98.46 -7.11 -2.18
3 16 -98.46 -7.11 -2.18 -96 -6.95 -2.64 -96 -7.22 -1.78
3 16 -98.46 -7.11 -2.18 -96 -7.22 -1.78 -98.46 -7.22 -1.78
3 16 -98.46 -7.22 -1.78 -96 -7.22 -1.78 -98.46 -7.27 -1.57
3 16 -98.46 -6.95 -2.64 -98.46 -6.9 -2.77 -96 -6.95 -2.64
4 16 -96 -6.95 -2.64 -98.46 -6.9 -2.77 -98.46 -6.64 -3.35 -96 -6.58 -3.45
3 16 -98.46 -6.12 -4.22 -96 -6.12 -4.22 -98.46 -6.33 -3.9
3 16 -98.46 -6.33 -3.9 -96 -6.12 -4.22 -96 -6.58 -3.45
3 16 -98.46 -6.33 -3.9 -96 -6.58 -3.45 -98.46 -6.58 -3.45
3 16 -98.46 -6.58 -3.45 -96 -6.58 -3.45 -98.46 -6.64 -3.35
3 16 -98.46 -6.12 -4.22 -98.46 -5.98 -4.42 -96 -6.12 -4.22
3 16 -96 -6.12 -4.22 -98.46 -5.98 -4.42 -98.46 -5.58 -4.91
3 16 -96 -6.12 -4.22 -98.46 -5.58 -4.91 -96 -5.56 -4.93
3 16 -98.46 -5.58 -4.91 -98.46 -5.56 -4.93 -96 -5.56 -4.93
3 16 -96 -5.56 -4.93 -98.46 -5.56 -4.93 -98.46 -5.14 -5.37
3 16 -96 -5.56 -4.93 -98.46 -5.14 -5.37 -96 -4.93 -5.56
3 16 -98.46 -4.22 -6.12 -96 -4.22 -6.12 -98.46 -4.67 -5.78
3 16 -98.46 -4.67 -5.78 -96 -4.22 -6.12 -96 -4.93 -5.56
3 16 -98.46 -4.67 -5.78 -96 -4.93 -5.56 -98.46 -4.93 -5.56
3 16 -98.46 -4.93 -5.56 -96 -4.93 -5.56 -98.46 -5.14 -5.37
3 16 -98.46 -4.22 -6.12 -98.46 -4.16 -6.16 -96 -4.22 -6.12
4 16 -96 -4.22 -6.12 -98.46 -4.16 -6.16 -98.46 -3.63 -6.49 -96 -3.45 -6.58
3 16 -98.46 -2.64 -6.95 -96 -2.64 -6.95 -98.46 -3.06 -6.77
3 16 -98.46 -3.06 -6.77 -96 -2.64 -6.95 -96 -3.45 -6.58
3 16 -98.46 -3.06 -6.77 -96 -3.45 -6.58 -98.46 -3.45 -6.58
3 16 -98.46 -3.45 -6.58 -96 -3.45 -6.58 -98.46 -3.63 -6.49
3 16 -98.46 -2.64 -6.95 -98.46 -2.48 -7.01 -96 -2.64 -6.95
4 16 -96 -2.64 -6.95 -98.46 -2.48 -7.01 -98.46 -1.87 -7.19 -96 -1.78 -7.22
3 16 -98.46 -1.87 -7.19 -98.46 -1.78 -7.22 -96 -1.78 -7.22
3 16 -96 -1.78 -7.22 -98.46 -1.78 -7.22 -98.46 -1.26 -7.33
3 16 -96 -1.78 -7.22 -98.46 -1.26 -7.33 -96 -0.9 -7.38
3 16 -98.46 0 -7.43 -96 0 -7.43 -98.46 -0.63 -7.41
3 16 -98.46 -0.63 -7.41 -96 0 -7.43 -96 -0.9 -7.38
3 16 -98.46 -0.63 -7.41 -96 -0.9 -7.38 -98.46 -0.9 -7.38
3 16 -98.46 -0.9 -7.38 -96 -0.9 -7.38 -98.46 -1.26 -7.33
3 16 -98.46 0 -7.43 -98.46 0.63 -7.41 -96 0 -7.43
3 16 -96 0 -7.43 -98.46 0.63 -7.41 -96 0.9 -7.38
3 16 -98.46 1.78 -7.22 -96 1.78 -7.22 -98.46 1.26 -7.33
3 16 -98.46 1.26 -7.33 -96 1.78 -7.22 -96 0.9 -7.38
3 16 -98.46 1.26 -7.33 -96 0.9 -7.38 -98.46 0.9 -7.38
3 16 -98.46 0.9 -7.38 -96 0.9 -7.38 -98.46 0.63 -7.41
3 16 -98.46 1.78 -7.22 -98.46 1.87 -7.19 -96 1.78 -7.22
4 16 -96 1.78 -7.22 -98.46 1.87 -7.19 -98.46 2.48 -7.01 -96 2.64 -6.95
3 16 -98.46 3.45 -6.58 -96 3.45 -6.58 -98.46 3.06 -6.77
3 16 -98.46 3.06 -6.77 -96 3.45 -6.58 -96 2.64 -6.95
3 16 -98.46 3.06 -6.77 -96 2.64 -6.95 -98.46 2.64 -6.95
3 16 -98.46 2.64 -6.95 -96 2.64 -6.95 -98.46 2.48 -7.01
3 16 -98.46 3.45 -6.58 -98.46 3.63 -6.49 -96 3.45 -6.58
4 16 -96 3.45 -6.58 -98.46 3.63 -6.49 -98.46 4.16 -6.16 -96 4.22 -6.12
3 16 -98.46 4.16 -6.16 -98.46 4.22 -6.12 -96 4.22 -6.12
3 16 -96 4.22 -6.12 -98.46 4.22 -6.12 -98.46 4.67 -5.78
3 16 -96 4.22 -6.12 -98.46 4.67 -5.78 -96 4.93 -5.56
3 16 -98.46 5.56 -4.93 -96 5.56 -4.93 -98.46 5.14 -5.37
3 16 -98.46 5.14 -5.37 -96 5.56 -4.93 -96 4.93 -5.56
3 16 -98.46 5.14 -5.37 -96 4.93 -5.56 -98.46 4.93 -5.56
3 16 -98.46 4.93 -5.56 -96 4.93 -5.56 -98.46 4.67 -5.78
3 16 -98.46 5.56 -4.93 -98.46 5.58 -4.91 -96 5.56 -4.93
3 16 -96 5.56 -4.93 -98.46 5.58 -4.91 -98.46 5.98 -4.42
3 16 -96 5.56 -4.93 -98.46 5.98 -4.42 -96 6.12 -4.22
3 16 -98.46 6.58 -3.45 -96 6.58 -3.45 -98.46 6.33 -3.9
3 16 -98.46 6.33 -3.9 -96 6.58 -3.45 -96 6.12 -4.22
3 16 -98.46 6.33 -3.9 -96 6.12 -4.22 -98.46 6.12 -4.22
3 16 -98.46 6.12 -4.22 -96 6.12 -4.22 -98.46 5.98 -4.42
3 16 -98.46 6.58 -3.45 -98.46 6.64 -3.35 -96 6.58 -3.45
4 16 -96 6.58 -3.45 -98.46 6.64 -3.35 -98.46 6.9 -2.77 -96 6.95 -2.64
3 16 -98.46 7.22 -1.78 -96 7.22 -1.78 -98.46 7.11 -2.18
3 16 -98.46 7.11 -2.18 -96 7.22 -1.78 -96 6.95 -2.64
3 16 -98.46 7.11 -2.18 -96 6.95 -2.64 -98.46 6.95 -2.64
3 16 -98.46 6.95 -2.64 -96 6.95 -2.64 -98.46 6.9 -2.77
3 16 -98.46 7.22 -1.78 -98.46 7.27 -1.57 -96 7.22 -1.78
3 16 -96 7.22 -1.78 -98.46 7.27 -1.57 -98.46 7.37 -0.94
3 16 -96 7.22 -1.78 -98.46 7.37 -0.94 -96 7.38 -0.9
3 16 -98.46 7.37 -0.94 -98.46 7.38 -0.9 -96 7.38 -0.9
3 16 -96 7.38 -0.9 -98.46 7.38 -0.9 -98.46 7.43 -0.32
3 16 -96 7.38 -0.9 -98.46 7.43 -0.32 -96 7.43 0
3 16 -98.46 7.38 0.9 -96 7.38 0.9 -98.46 7.43 0.32
3 16 -98.46 7.43 0.32 -96 7.38 0.9 -96 7.43 0
3 16 -98.46 7.43 0.32 -96 7.43 0 -98.46 7.43 0
3 16 -98.46 7.43 0 -96 7.43 0 -98.46 7.43 -0.32
3 16 -98.46 7.38 0.9 -98.46 7.37 0.94 -96 7.38 0.9
3 16 -96 7.38 0.9 -98.46 7.37 0.94 -98.46 7.27 1.57
3 16 -96 7.38 0.9 -98.46 7.27 1.57 -96 7.22 1.78
3 16 -98.46 6.95 2.64 -96 6.95 2.64 -98.46 7.11 2.18
3 16 -98.46 7.11 2.18 -96 6.95 2.64 -96 7.22 1.78
3 16 -98.46 7.11 2.18 -96 7.22 1.78 -98.46 7.22 1.78
3 16 -98.46 7.22 1.78 -96 7.22 1.78 -98.46 7.27 1.57
3 16 -98.46 6.95 2.64 -98.46 6.9 2.77 -96 6.95 2.64
4 16 -96 6.95 2.64 -98.46 6.9 2.77 -98.46 6.64 3.35 -96 6.58 3.45
3 16 -98.46 6.12 4.22 -96 6.12 4.22 -98.46 6.33 3.9
3 16 -98.46 6.33 3.9 -96 6.12 4.22 -96 6.58 3.45
3 16 -98.46 6.33 3.9 -96 6.58 3.45 -98.46 6.58 3.45
3 16 -98.46 6.58 3.45 -96 6.58 3.45 -98.46 6.64 3.35
3 16 -98.46 6.12 4.22 -98.46 5.98 4.42 -96 6.12 4.22
3 16 -96 6.12 4.22 -98.46 5.98 4.42 -98.46 5.58 4.91
3 16 -96 6.12 4.22 -98.46 5.58 4.91 -96 5.56 4.93
3 16 -98.46 5.58 4.91 -98.46 5.56 4.93 -96 5.56 4.93
3 16 -96 5.56 4.93 -98.46 5.56 4.93 -98.46 5.14 5.37
3 16 -96 5.56 4.93 -98.46 5.14 5.37 -96 4.93 5.56
3 16 -98.46 4.22 6.12 -96 4.22 6.12 -98.46 4.67 5.78
3 16 -98.46 4.67 5.78 -96 4.22 6.12 -96 4.93 5.56
3 16 -98.46 4.67 5.78 -96 4.93 5.56 -98.46 4.93 5.56
3 16 -98.46 4.93 5.56 -96 4.93 5.56 -98.46 5.14 5.37
3 16 -98.46 4.22 6.12 -98.46 4.16 6.16 -96 4.22 6.12
4 16 -96 4.22 6.12 -98.46 4.16 6.16 -98.46 3.63 6.49 -96 3.45 6.58
3 16 -98.46 2.64 6.95 -96 2.64 6.95 -98.46 3.06 6.77
3 16 -98.46 3.06 6.77 -96 2.64 6.95 -96 3.45 6.58
3 16 -98.46 3.06 6.77 -96 3.45 6.58 -98.46 3.45 6.58
3 16 -98.46 3.45 6.58 -96 3.45 6.58 -98.46 3.63 6.49
3 16 -98.46 2.64 6.95 -98.46 2.48 7.01 -96 2.64 6.95
4 16 -96 2.64 6.95 -98.46 2.48 7.01 -98.46 1.87 7.19 -96 1.78 7.22
3 16 -98.46 1.87 7.19 -98.46 1.78 7.22 -96 1.78 7.22
3 16 -96 1.78 7.22 -98.46 1.78 7.22 -98.46 1.26 7.33
3 16 -96 1.78 7.22 -98.46 1.26 7.33 -96 0.9 7.38
3 16 -98.46 0 7.43 -96 0 7.43 -98.46 0.63 7.41
3 16 -98.46 0.63 7.41 -96 0 7.43 -96 0.9 7.38
3 16 -98.46 0.63 7.41 -96 0.9 7.38 -98.46 0.9 7.38
3 16 -98.46 0.9 7.38 -96 0.9 7.38 -98.46 1.26 7.33
3 16 -98.46 -3.45 -6.58 -98.46 -3.63 -6.49 -98.8 -3.61 -6.47
3 16 -98.46 -5.56 -4.93 -98.46 -5.58 -4.91 -98.8 -5.56 -4.89
3 16 -98.46 -6.58 -3.45 -98.46 -6.64 -3.35 -98.8 -6.62 -3.34
3 16 -98.46 -6.95 -2.64 -98.46 -7.11 -2.18 -98.8 -7.08 -2.17
3 16 -98.46 -7.22 -1.78 -98.46 -7.27 -1.57 -98.8 -7.24 -1.56
3 16 -98.46 -7.38 0.9 -98.46 -7.37 0.94 -98.8 -7.35 0.94
3 16 -98.46 -6.95 2.64 -98.46 -6.9 2.77 -98.8 -6.87 2.76
3 16 -98.46 -6.58 3.45 -98.46 -6.33 3.9 -98.8 -6.31 3.88
3 16 -98.46 -6.12 4.22 -98.46 -5.98 4.42 -98.8 -5.96 4.41
3 16 -98.46 -2.64 6.95 -98.46 -2.48 7.01 -98.8 -2.47 6.99
3 16 -98.46 -0.9 7.38 -98.46 -0.63 7.41 -98.8 -0.63 7.38
4 16 -98.46 -0.63 7.41 -98.46 0 7.43 -98.8 0 7.41 -98.8 -0.63 7.38
3 16 -98.46 -0.9 7.38 -98.8 -0.63 7.38 -98.46 -1.26 7.33
3 16 -98.8 -1.87 7.17 -98.46 -1.87 7.19 -98.46 -1.78 7.22
4 16 -98.46 -1.87 7.19 -98.8 -1.87 7.17 -98.8 -2.47 6.99 -98.46 -2.48 7.01
3 16 -98.46 -3.45 6.58 -98.46 -3.06 6.77 -98.8 -3.05 6.75
3 16 -98.8 -3.05 6.75 -98.46 -3.06 6.77 -98.46 -2.64 6.95
3 16 -98.8 -3.61 6.47 -98.46 -3.63 6.49 -98.46 -3.45 6.58
4 16 -98.46 -3.63 6.49 -98.8 -3.61 6.47 -98.8 -4.15 6.14 -98.46 -4.16 6.16
3 16 -98.46 -4.93 5.56 -98.46 -4.67 5.78 -98.8 -4.65 5.76
4 16 -98.8 -4.65 5.76 -98.46 -4.67 5.78 -98.46 -4.22 6.12 -98.8 -4.15 6.14
4 16 -98.46 -5.56 4.93 -98.46 -5.14 5.37 -98.8 -5.13 5.35 -98.8 -5.56 4.89
3 16 -98.8 -5.13 5.35 -98.46 -5.14 5.37 -98.46 -4.93 5.56
3 16 -98.8 -5.56 4.89 -98.46 -5.58 4.91 -98.46 -5.56 4.93
4 16 -98.46 -5.58 4.91 -98.8 -5.56 4.89 -98.8 -5.96 4.41 -98.46 -5.98 4.42
3 16 -98.46 -6.12 4.22 -98.8 -5.96 4.41 -98.46 -6.33 3.9
3 16 -98.8 -6.62 3.34 -98.46 -6.64 3.35 -98.46 -6.58 3.45
3 16 -98.46 -7.22 1.78 -98.46 -7.11 2.18 -98.8 -7.08 2.17
3 16 -98.8 -7.08 2.17 -98.46 -7.11 2.18 -98.46 -6.95 2.64
3 16 -98.8 -7.24 1.56 -98.46 -7.27 1.57 -98.46 -7.22 1.78
4 16 -98.46 -7.27 1.57 -98.8 -7.24 1.56 -98.8 -7.35 0.94 -98.46 -7.37 0.94
4 16 -98.8 -7.4 0.31 -98.46 -7.43 0.32 -98.46 -7.38 0.9 -98.8 -7.35 0.94
4 16 -98.46 -7.38 -0.9 -98.46 -7.43 -0.32 -98.8 -7.4 -0.31 -98.8 -7.35 -0.94
3 16 -98.8 -7.4 -0.31 -98.46 -7.43 -0.32 -98.46 -7.43 0
3 16 -98.8 -7.35 -0.94 -98.46 -7.37 -0.94 -98.46 -7.38 -0.9
4 16 -98.46 -7.37 -0.94 -98.8 -7.35 -0.94 -98.8 -7.24 -1.56 -98.46 -7.27 -1.57
3 16 -98.46 -7.22 -1.78 -98.8 -7.24 -1.56 -98.46 -7.11 -2.18
3 16 -98.8 -6.87 -2.76 -98.46 -6.9 -2.77 -98.46 -6.95 -2.64
3 16 -98.46 -6.12 -4.22 -98.46 -6.33 -3.9 -98.8 -6.31 -3.88
3 16 -98.8 -6.31 -3.88 -98.46 -6.33 -3.9 -98.46 -6.58 -3.45
3 16 -98.8 -5.96 -4.41 -98.46 -5.98 -4.42 -98.46 -6.12 -4.22
4 16 -98.46 -5.98 -4.42 -98.8 -5.96 -4.41 -98.8 -5.56 -4.89 -98.46 -5.58 -4.91
3 16 -98.46 -4.67 -5.78 -98.46 -4.93 -5.56 -98.8 -5.13 -5.35
3 16 -98.8 -5.13 -5.35 -98.46 -4.93 -5.56 -98.46 -5.14 -5.37
4 16 -98.8 -5.13 -5.35 -98.46 -5.14 -5.37 -98.46 -5.56 -4.93 -98.8 -5.56 -4.89
3 16 -98.8 -4.15 -6.14 -98.46 -4.16 -6.16 -98.46 -4.22 -6.12
4 16 -98.46 -4.16 -6.16 -98.8 -4.15 -6.14 -98.8 -3.61 -6.47 -98.46 -3.63 -6.49
3 16 -98.46 -2.64 -6.95 -98.46 -3.06 -6.77 -98.8 -3.05 -6.75
3 16 -98.8 -3.05 -6.75 -98.46 -3.06 -6.77 -98.46 -3.45 -6.58
3 16 -98.8 -2.47 -6.99 -98.46 -2.48 -7.01 -98.46 -2.64 -6.95
4 16 -98.46 -2.48 -7.01 -98.8 -2.47 -6.99 -98.8 -1.87 -7.17 -98.46 -1.87 -7.19
3 16 -98.46 -0.9 -7.38 -98.46 -1.26 -7.33 -98.8 -1.25 -7.3
3 16 -98.8 -1.25 -7.3 -98.46 -1.26 -7.33 -98.46 -1.78 -7.22
3 16 -98.8 -0.63 -7.38 -98.46 -0.63 -7.41 -98.46 -0.9 -7.38
4 16 -98.46 -0.63 -7.41 -98.8 -0.63 -7.38 -98.8 0 -7.41 -98.46 0 -7.43
4 16 -98.8 -2.47 6.99 -98.8 -1.87 7.17 -99.13 -1.85 7.1 -99.13 -2.44 6.92
4 16 -99.13 -2.44 6.92 -99.13 -1.85 7.1 -99.45 -1.82 6.98 -99.45 -2.4 6.8
4 16 -99.45 -2.4 6.8 -99.45 -1.82 6.98 -99.75 -1.78 6.83 -99.75 -2.35 6.65
4 16 -99.75 -2.35 6.65 -99.75 -1.78 6.83 -100.02 -1.73 6.63 -100.02 -2.28 6.46
4 16 -100.02 -2.28 6.46 -100.02 -1.73 6.63 -100.27 -1.66 6.39 -100.27 -2.2 6.23
4 16 -100.27 -2.2 6.23 -100.27 -1.66 6.39 -100.47 -1.6 6.13 -100.47 -2.11 5.97
4 16 -100.47 -2.11 5.97 -100.47 -1.6 6.13 -100.63 -1.52 5.84 -100.63 -2.01 5.69
4 16 -100.63 -2.01 5.69 -100.63 -1.52 5.84 -100.75 -1.44 5.53 -100.75 -1.9 5.39
4 16 -100.75 -1.9 5.39 -100.75 -1.44 5.53 -100.83 -1.36 5.21 -100.83 -1.79 5.07
3 16 -98.46 -2.64 6.95 -98.8 -2.47 6.99 -98.8 -3.05 6.75
4 16 -98.8 -3.05 6.75 -98.8 -2.47 6.99 -99.13 -2.44 6.92 -99.13 -3.02 6.68
4 16 -99.13 -3.02 6.68 -99.13 -2.44 6.92 -99.45 -2.4 6.8 -99.45 -2.97 6.58
4 16 -99.45 -2.97 6.58 -99.45 -2.4 6.8 -99.75 -2.35 6.65 -99.75 -2.91 6.43
4 16 -99.75 -2.91 6.43 -99.75 -2.35 6.65 -100.02 -2.28 6.46 -100.02 -2.82 6.24
4 16 -100.02 -2.82 6.24 -100.02 -2.28 6.46 -100.27 -2.2 6.23 -100.27 -2.72 6.02
4 16 -100.27 -2.72 6.02 -100.27 -2.2 6.23 -100.47 -2.11 5.97 -100.47 -2.61 5.77
4 16 -100.47 -2.61 5.77 -100.47 -2.11 5.97 -100.63 -2.01 5.69 -100.63 -2.49 5.5
4 16 -100.63 -2.49 5.5 -100.63 -2.01 5.69 -100.75 -1.9 5.39 -100.75 -2.35 5.21
4 16 -100.75 -2.35 5.21 -100.75 -1.9 5.39 -100.83 -1.79 5.07 -100.83 -2.22 4.9
3 16 -98.46 -3.45 6.58 -98.8 -3.05 6.75 -98.8 -3.61 6.47
4 16 -98.8 -3.61 6.47 -98.8 -3.05 6.75 -99.13 -3.02 6.68 -99.13 -3.58 6.4
4 16 -99.13 -3.58 6.4 -99.13 -3.02 6.68 -99.45 -2.97 6.58 -99.45 -3.52 6.3
4 16 -99.45 -3.52 6.3 -99.45 -2.97 6.58 -99.75 -2.91 6.43 -99.75 -3.44 6.16
4 16 -99.75 -3.44 6.16 -99.75 -2.91 6.43 -100.02 -2.82 6.24 -100.02 -3.34 5.98
4 16 -100.02 -3.34 5.98 -100.02 -2.82 6.24 -100.27 -2.72 6.02 -100.27 -3.22 5.77
4 16 -100.27 -3.22 5.77 -100.27 -2.72 6.02 -100.47 -2.61 5.77 -100.47 -3.09 5.53
4 16 -100.47 -3.09 5.53 -100.47 -2.61 5.77 -100.63 -2.49 5.5 -100.63 -2.94 5.27
4 16 -100.63 -2.94 5.27 -100.63 -2.49 5.5 -100.75 -2.35 5.21 -100.75 -2.79 4.99
4 16 -100.75 -2.79 4.99 -100.75 -2.35 5.21 -100.83 -2.22 4.9 -100.83 -2.62 4.7
4 16 -98.8 -4.15 6.14 -98.8 -3.61 6.47 -99.13 -3.58 6.4 -99.13 -4.11 6.08
4 16 -99.13 -4.11 6.08 -99.13 -3.58 6.4 -99.45 -3.52 6.3 -99.45 -4.04 5.98
4 16 -99.45 -4.04 5.98 -99.45 -3.52 6.3 -99.75 -3.44 6.16 -99.75 -3.95 5.84
4 16 -99.75 -3.95 5.84 -99.75 -3.44 6.16 -100.02 -3.34 5.98 -100.02 -3.83 5.67
4 16 -100.02 -3.83 5.67 -100.02 -3.34 5.98 -100.27 -3.22 5.77 -100.27 -3.7 5.47
4 16 -100.27 -3.7 5.47 -100.27 -3.22 5.77 -100.47 -3.09 5.53 -100.47 -3.55 5.25
4 16 -100.47 -3.55 5.25 -100.47 -3.09 5.53 -100.63 -2.94 5.27 -100.63 -3.38 5
4 16 -100.63 -3.38 5 -100.63 -2.94 5.27 -100.75 -2.79 4.99 -100.75 -3.2 4.73
4 16 -100.75 -3.2 4.73 -100.75 -2.79 4.99 -100.83 -2.62 4.7 -100.83 -3.01 4.46
3 16 -98.46 -4.93 5.56 -98.8 -4.65 5.76 -98.8 -5.13 5.35
4 16 -98.8 -5.13 5.35 -98.8 -4.65 5.76 -99.13 -4.61 5.71 -99.13 -5.08 5.3
4 16 -99.13 -5.08 5.3 -99.13 -4.61 5.71 -99.45 -4.53 5.61 -99.45 -4.99 5.21
4 16 -99.45 -4.99 5.21 -99.45 -4.53 5.61 -99.75 -4.43 5.49 -99.75 -4.88 5.09
4 16 -99.75 -4.88 5.09 -99.75 -4.43 5.49 -100.02 -4.3 5.33 -100.02 -4.74 4.94
4 16 -100.02 -4.74 4.94 -100.02 -4.3 5.33 -100.27 -4.15 5.14 -100.27 -4.57 4.77
4 16 -100.27 -4.57 4.77 -100.27 -4.15 5.14 -100.47 -3.98 4.93 -100.47 -4.38 4.57
4 16 -100.47 -4.38 4.57 -100.47 -3.98 4.93 -100.63 -3.79 4.69 -100.63 -4.17 4.36
4 16 -100.63 -4.17 4.36 -100.63 -3.79 4.69 -100.75 -3.59 4.45 -100.75 -3.95 4.13
4 16 -100.75 -3.95 4.13 -100.75 -3.59 4.45 -100.83 -3.38 4.19 -100.83 -3.72 3.88
4 16 -98.8 -5.56 4.89 -98.8 -5.13 5.35 -99.13 -5.08 5.3 -99.13 -5.51 4.85
4 16 -99.13 -5.51 4.85 -99.13 -5.08 5.3 -99.45 -4.99 5.21 -99.45 -5.42 4.77
4 16 -99.45 -5.42 4.77 -99.45 -4.99 5.21 -99.75 -4.88 5.09 -99.75 -5.29 4.66
4 16 -99.75 -5.29 4.66 -99.75 -4.88 5.09 -100.02 -4.74 4.94 -100.02 -5.14 4.52
4 16 -100.02 -5.14 4.52 -100.02 -4.74 4.94 -100.27 -4.57 4.77 -100.27 -4.96 4.37
4 16 -100.27 -4.96 4.37 -100.27 -4.57 4.77 -100.47 -4.38 4.57 -100.47 -4.75 4.18
4 16 -100.47 -4.75 4.18 -100.47 -4.38 4.57 -100.63 -4.17 4.36 -100.63 -4.53 3.99
4 16 -100.63 -4.53 3.99 -100.63 -4.17 4.36 -100.75 -3.95 4.13 -100.75 -4.29 3.77
4 16 -100.75 -4.29 3.77 -100.75 -3.95 4.13 -100.83 -3.72 3.88 -100.83 -4.04 3.55
4 16 -98.8 -5.96 4.41 -98.8 -5.56 4.89 -99.13 -5.51 4.85 -99.13 -5.9 4.36
4 16 -99.13 -5.9 4.36 -99.13 -5.51 4.85 -99.45 -5.42 4.77 -99.45 -5.8 4.29
4 16 -99.45 -5.8 4.29 -99.45 -5.42 4.77 -99.75 -5.29 4.66 -99.75 -5.67 4.19
4 16 -99.75 -5.67 4.19 -99.75 -5.29 4.66 -100.02 -5.14 4.52 -100.02 -5.51 4.07
4 16 -100.02 -5.51 4.07 -100.02 -5.14 4.52 -100.27 -4.96 4.37 -100.27 -5.31 3.93
4 16 -100.27 -5.31 3.93 -100.27 -4.96 4.37 -100.47 -4.75 4.18 -100.47 -5.09 3.77
4 16 -100.47 -5.09 3.77 -100.47 -4.75 4.18 -100.63 -4.53 3.99 -100.63 -4.85 3.59
4 16 -100.63 -4.85 3.59 -100.63 -4.53 3.99 -100.75 -4.29 3.77 -100.75 -4.59 3.4
4 16 -100.75 -4.59 3.4 -100.75 -4.29 3.77 -100.83 -4.04 3.55 -100.83 -4.33 3.2
3 16 -98.46 -6.33 3.9 -98.8 -5.96 4.41 -98.8 -6.31 3.88
4 16 -98.8 -6.31 3.88 -98.8 -5.96 4.41 -99.13 -5.9 4.36 -99.13 -6.25 3.85
4 16 -99.13 -6.25 3.85 -99.13 -5.9 4.36 -99.45 -5.8 4.29 -99.45 -6.15 3.78
4 16 -99.45 -6.15 3.78 -99.45 -5.8 4.29 -99.75 -5.67 4.19 -99.75 -6.01 3.7
4 16 -99.75 -6.01 3.7 -99.75 -5.67 4.19 -100.02 -5.51 4.07 -100.02 -5.83 3.59
4 16 -100.02 -5.83 3.59 -100.02 -5.51 4.07 -100.27 -5.31 3.93 -100.27 -5.63 3.46
4 16 -100.27 -5.63 3.46 -100.27 -5.31 3.93 -100.47 -5.09 3.77 -100.47 -5.39 3.32
4 16 -100.47 -5.39 3.32 -100.47 -5.09 3.77 -100.63 -4.85 3.59 -100.63 -5.14 3.16
4 16 -100.63 -5.14 3.16 -100.63 -4.85 3.59 -100.75 -4.59 3.4 -100.75 -4.87 3
4 16 -100.75 -4.87 3 -100.75 -4.59 3.4 -100.83 -4.33 3.2 -100.83 -4.58 2.82
3 16 -98.46 -6.58 3.45 -98.8 -6.31 3.88 -98.8 -6.62 3.34
4 16 -98.8 -6.62 3.34 -98.8 -6.31 3.88 -99.13 -6.25 3.85 -99.13 -6.55 3.3
4 16 -99.13 -6.55 3.3 -99.13 -6.25 3.85 -99.45 -6.15 3.78 -99.45 -6.44 3.25
4 16 -99.45 -6.44 3.25 -99.45 -6.15 3.78 -99.75 -6.01 3.7 -99.75 -6.3 3.18
4 16 -99.75 -6.3 3.18 -99.75 -6.01 3.7 -100.02 -5.83 3.59 -100.02 -6.12 3.08
4 16 -100.02 -6.12 3.08 -100.02 -5.83 3.59 -100.27 -5.63 3.46 -100.27 -5.9 2.97
4 16 -100.27 -5.9 2.97 -100.27 -5.63 3.46 -100.47 -5.39 3.32 -100.47 -5.66 2.85
4 16 -100.47 -5.66 2.85 -100.47 -5.39 3.32 -100.63 -5.14 3.16 -100.63 -5.39 2.72
4 16 -100.63 -5.39 2.72 -100.63 -5.14 3.16 -100.75 -4.87 3 -100.75 -5.1 2.57
4 16 -100.75 -5.1 2.57 -100.75 -4.87 3 -100.83 -4.58 2.82 -100.83 -4.8 2.42
3 16 -98.46 -6.95 2.64 -98.8 -6.87 2.76 -98.8 -7.08 2.17
4 16 -98.8 -7.08 2.17 -98.8 -6.87 2.76 -99.13 -6.81 2.74 -99.13 -7.01 2.15
4 16 -99.13 -7.01 2.15 -99.13 -6.81 2.74 -99.45 -6.7 2.69 -99.45 -6.9 2.11
4 16 -99.45 -6.9 2.11 -99.45 -6.7 2.69 -99.75 -6.54 2.63 -99.75 -6.74 2.07
4 16 -99.75 -6.74 2.07 -99.75 -6.54 2.63 -100.02 -6.35 2.55 -100.02 -6.55 2.01
4 16 -100.02 -6.55 2.01 -100.02 -6.35 2.55 -100.27 -6.13 2.46 -100.27 -6.32 1.93
4 16 -100.27 -6.32 1.93 -100.27 -6.13 2.46 -100.47 -5.88 2.36 -100.47 -6.06 1.85
4 16 -100.47 -6.06 1.85 -100.47 -5.88 2.36 -100.63 -5.6 2.25 -100.63 -5.77 1.77
4 16 -100.63 -5.77 1.77 -100.63 -5.6 2.25 -100.75 -5.3 2.13 -100.75 -5.46 1.67
4 16 -100.75 -5.46 1.67 -100.75 -5.3 2.13 -100.83 -4.99 2.01 -100.83 -5.14 1.58
3 16 -98.46 -7.22 1.78 -98.8 -7.08 2.17 -98.8 -7.24 1.56
4 16 -98.8 -7.24 1.56 -98.8 -7.08 2.17 -99.13 -7.01 2.15 -99.13 -7.17 1.55
4 16 -99.13 -7.17 1.55 -99.13 -7.01 2.15 -99.45 -6.9 2.11 -99.45 -7.05 1.52
4 16 -99.45 -7.05 1.52 -99.45 -6.9 2.11 -99.75 -6.74 2.07 -99.75 -6.89 1.49
4 16 -99.75 -6.89 1.49 -99.75 -6.74 2.07 -100.02 -6.55 2.01 -100.02 -6.69 1.44
4 16 -100.02 -6.69 1.44 -100.02 -6.55 2.01 -100.27 -6.32 1.93 -100.27 -6.46 1.39
4 16 -100.27 -6.46 1.39 -100.27 -6.32 1.93 -100.47 -6.06 1.85 -100.47 -6.19 1.33
4 16 -100.47 -6.19 1.33 -100.47 -6.06 1.85 -100.63 -5.77 1.77 -100.63 -5.9 1.27
4 16 -100.63 -5.9 1.27 -100.63 -5.77 1.77 -100.75 -5.46 1.67 -100.75 -5.59 1.2
4 16 -100.75 -5.59 1.2 -100.75 -5.46 1.67 -100.83 -5.14 1.58 -100.83 -5.26 1.13
4 16 -98.8 -7.35 0.94 -98.8 -7.24 1.56 -99.13 -7.17 1.55 -99.13 -7.28 0.93
4 16 -99.13 -7.28 0.93 -99.13 -7.17 1.55 -99.45 -7.05 1.52 -99.45 -7.16 0.92
4 16 -99.45 -7.16 0.92 -99.45 -7.05 1.52 -99.75 -6.89 1.49 -99.75 -7 0.9
4 16 -99.75 -7 0.9 -99.75 -6.89 1.49 -100.02 -6.69 1.44 -100.02 -6.79 0.87
4 16 -100.02 -6.79 0.87 -100.02 -6.69 1.44 -100.27 -6.46 1.39 -100.27 -6.55 0.84
4 16 -100.27 -6.55 0.84 -100.27 -6.46 1.39 -100.47 -6.19 1.33 -100.47 -6.28 0.8
4 16 -100.47 -6.28 0.8 -100.47 -6.19 1.33 -100.63 -5.9 1.27 -100.63 -5.98 0.77
4 16 -100.63 -5.98 0.77 -100.63 -5.9 1.27 -100.75 -5.59 1.2 -100.75 -5.67 0.73
4 16 -100.75 -5.67 0.73 -100.75 -5.59 1.2 -100.83 -5.26 1.13 -100.83 -5.34 0.68
4 16 -98.8 -7.4 0.31 -98.8 -7.35 0.94 -99.13 -7.28 0.93 -99.13 -7.33 0.31
4 16 -99.13 -7.33 0.31 -99.13 -7.28 0.93 -99.45 -7.16 0.92 -99.45 -7.21 0.31
4 16 -99.45 -7.21 0.31 -99.45 -7.16 0.92 -99.75 -7 0.9 -99.75 -7.05 0.3
4 16 -99.75 -7.05 0.3 -99.75 -7 0.9 -100.02 -6.79 0.87 -100.02 -6.84 0.29
4 16 -100.02 -6.84 0.29 -100.02 -6.79 0.87 -100.27 -6.55 0.84 -100.27 -6.6 0.28
4 16 -100.27 -6.6 0.28 -100.27 -6.55 0.84 -100.47 -6.28 0.8 -100.47 -6.33 0.27
4 16 -100.47 -6.33 0.27 -100.47 -6.28 0.8 -100.63 -5.98 0.77 -100.63 -6.03 0.26
4 16 -100.63 -6.03 0.26 -100.63 -5.98 0.77 -100.75 -5.67 0.73 -100.75 -5.71 0.24
4 16 -100.75 -5.71 0.24 -100.75 -5.67 0.73 -100.83 -5.34 0.68 -100.83 -5.38 0.23
4 16 -98.8 -7.35 -0.94 -98.8 -7.4 -0.31 -99.13 -7.33 -0.31 -99.13 -7.28 -0.93
4 16 -99.13 -7.28 -0.93 -99.13 -7.33 -0.31 -99.45 -7.21 -0.31 -99.45 -7.16 -0.92
4 16 -99.45 -7.16 -0.92 -99.45 -7.21 -0.31 -99.75 -7.05 -0.3 -99.75 -7 -0.9
4 16 -99.75 -7 -0.9 -99.75 -7.05 -0.3 -100.02 -6.84 -0.29 -100.02 -6.79 -0.87
4 16 -100.02 -6.79 -0.87 -100.02 -6.84 -0.29 -100.27 -6.6 -0.28 -100.27 -6.55 -0.84
4 16 -100.27 -6.55 -0.84 -100.27 -6.6 -0.28 -100.47 -6.33 -0.27 -100.47 -6.28 -0.8
4 16 -100.47 -6.28 -0.8 -100.47 -6.33 -0.27 -100.63 -6.03 -0.26 -100.63 -5.98 -0.77
4 16 -100.63 -5.98 -0.77 -100.63 -6.03 -0.26 -100.75 -5.71 -0.24 -100.75 -5.67 -0.73
4 16 -100.75 -5.67 -0.73 -100.75 -5.71 -0.24 -100.83 -5.38 -0.23 -100.83 -5.34 -0.68
4 16 -98.8 -7.24 -1.56 -98.8 -7.35 -0.94 -99.13 -7.28 -0.93 -99.13 -7.17 -1.55
4 16 -99.13 -7.17 -1.55 -99.13 -7.28 -0.93 -99.45 -7.16 -0.92 -99.45 -7.05 -1.52
4 16 -99.45 -7.05 -1.52 -99.45 -7.16 -0.92 -99.75 -7 -0.9 -99.75 -6.89 -1.49
4 16 -99.75 -6.89 -1.49 -99.75 -7 -0.9 -100.02 -6.79 -0.87 -100.02 -6.69 -1.44
4 16 -100.02 -6.69 -1.44 -100.02 -6.79 -0.87 -100.27 -6.55 -0.84 -100.27 -6.46 -1.39
4 16 -100.27 -6.46 -1.39 -100.27 -6.55 -0.84 -100.47 -6.28 -0.8 -100.47 -6.19 -1.33
4 16 -100.47 -6.19 -1.33 -100.47 -6.28 -0.8 -100.63 -5.98 -0.77 -100.63 -5.9 -1.27
4 16 -100.63 -5.9 -1.27 -100.63 -5.98 -0.77 -100.75 -5.67 -0.73 -100.75 -5.59 -1.2
4 16 -100.75 -5.59 -1.2 -100.75 -5.67 -0.73 -100.83 -5.34 -0.68 -100.83 -5.26 -1.13
3 16 -98.46 -7.11 -2.18 -98.8 -7.24 -1.56 -98.8 -7.08 -2.17
4 16 -98.8 -7.08 -2.17 -98.8 -7.24 -1.56 -99.13 -7.17 -1.55 -99.13 -7.01 -2.15
4 16 -99.13 -7.01 -2.15 -99.13 -7.17 -1.55 -99.45 -7.05 -1.52 -99.45 -6.9 -2.11
4 16 -99.45 -6.9 -2.11 -99.45 -7.05 -1.52 -99.75 -6.89 -1.49 -99.75 -6.74 -2.07
4 16 -99.75 -6.74 -2.07 -99.75 -6.89 -1.49 -100.02 -6.69 -1.44 -100.02 -6.55 -2.01
4 16 -100.02 -6.55 -2.01 -100.02 -6.69 -1.44 -100.27 -6.46 -1.39 -100.27 -6.32 -1.93
4 16 -100.27 -6.32 -1.93 -100.27 -6.46 -1.39 -100.47 -6.19 -1.33 -100.47 -6.06 -1.85
4 16 -100.47 -6.06 -1.85 -100.47 -6.19 -1.33 -100.63 -5.9 -1.27 -100.63 -5.77 -1.77
4 16 -100.63 -5.77 -1.77 -100.63 -5.9 -1.27 -100.75 -5.59 -1.2 -100.75 -5.46 -1.67
4 16 -100.75 -5.46 -1.67 -100.75 -5.59 -1.2 -100.83 -5.26 -1.13 -100.83 -5.14 -1.58
3 16 -98.46 -6.95 -2.64 -98.8 -7.08 -2.17 -98.8 -6.87 -2.76
4 16 -98.8 -6.87 -2.76 -98.8 -7.08 -2.17 -99.13 -7.01 -2.15 -99.13 -6.81 -2.74
4 16 -99.13 -6.81 -2.74 -99.13 -7.01 -2.15 -99.45 -6.9 -2.11 -99.45 -6.7 -2.69
4 16 -99.45 -6.7 -2.69 -99.45 -6.9 -2.11 -99.75 -6.74 -2.07 -99.75 -6.54 -2.63
4 16 -99.75 -6.54 -2.63 -99.75 -6.74 -2.07 -100.02 -6.55 -2.01 -100.02 -6.35 -2.55
4 16 -100.02 -6.35 -2.55 -100.02 -6.55 -2.01 -100.27 -6.32 -1.93 -100.27 -6.13 -2.46
4 16 -100.27 -6.13 -2.46 -100.27 -6.32 -1.93 -100.47 -6.06 -1.85 -100.47 -5.88 -2.36
4 16 -100.47 -5.88 -2.36 -100.47 -6.06 -1.85 -100.63 -5.77 -1.77 -100.63 -5.6 -2.25
4 16 -100.63 -5.6 -2.25 -100.63 -5.77 -1.77 -100.75 -5.46 -1.67 -100.75 -5.3 -2.13
4 16 -100.75 -5.3 -2.13 -100.75 -5.46 -1.67 -100.83 -5.14 -1.58 -100.83 -4.99 -2.01
3 16 -98.46 -6.58 -3.45 -98.8 -6.62 -3.34 -98.8 -6.31 -3.88
4 16 -98.8 -6.31 -3.88 -98.8 -6.62 -3.34 -99.13 -6.55 -3.3 -99.13 -6.25 -3.85
4 16 -99.13 -6.25 -3.85 -99.13 -6.55 -3.3 -99.45 -6.44 -3.25 -99.45 -6.15 -3.78
4 16 -99.45 -6.15 -3.78 -99.45 -6.44 -3.25 -99.75 -6.3 -3.18 -99.75 -6.01 -3.7
4 16 -99.75 -6.01 -3.7 -99.75 -6.3 -3.18 -100.02 -6.12 -3.08 -100.02 -5.83 -3.59
4 16 -100.02 -5.83 -3.59 -100.02 -6.12 -3.08 -100.27 -5.9 -2.97 -100.27 -5.63 -3.46
4 16 -100.27 -5.63 -3.46 -100.27 -5.9 -2.97 -100.47 -5.66 -2.85 -100.47 -5.39 -3.32
4 16 -100.47 -5.39 -3.32 -100.47 -5.66 -2.85 -100.63 -5.39 -2.72 -100.63 -5.14 -3.16
4 16 -100.63 -5.14 -3.16 -100.63 -5.39 -2.72 -100.75 -5.1 -2.57 -100.75 -4.87 -3
4 16 -100.75 -4.87 -3 -100.75 -5.1 -2.57 -100.83 -4.8 -2.42 -100.83 -4.58 -2.82
3 16 -98.46 -6.12 -4.22 -98.8 -6.31 -3.88 -98.8 -5.96 -4.41
4 16 -98.8 -5.96 -4.41 -98.8 -6.31 -3.88 -99.13 -6.25 -3.85 -99.13 -5.9 -4.36
4 16 -99.13 -5.9 -4.36 -99.13 -6.25 -3.85 -99.45 -6.15 -3.78 -99.45 -5.8 -4.29
4 16 -99.45 -5.8 -4.29 -99.45 -6.15 -3.78 -99.75 -6.01 -3.7 -99.75 -5.67 -4.19
4 16 -99.75 -5.67 -4.19 -99.75 -6.01 -3.7 -100.02 -5.83 -3.59 -100.02 -5.51 -4.07
4 16 -100.02 -5.51 -4.07 -100.02 -5.83 -3.59 -100.27 -5.63 -3.46 -100.27 -5.31 -3.93
4 16 -100.27 -5.31 -3.93 -100.27 -5.63 -3.46 -100.47 -5.39 -3.32 -100.47 -5.09 -3.77
4 16 -100.47 -5.09 -3.77 -100.47 -5.39 -3.32 -100.63 -5.14 -3.16 -100.63 -4.85 -3.59
4 16 -100.63 -4.85 -3.59 -100.63 -5.14 -3.16 -100.75 -4.87 -3 -100.75 -4.59 -3.4
4 16 -100.75 -4.59 -3.4 -100.75 -4.87 -3 -100.83 -4.58 -2.82 -100.83 -4.33 -3.2
4 16 -98.8 -5.56 -4.89 -98.8 -5.96 -4.41 -99.13 -5.9 -4.36 -99.13 -5.51 -4.85
4 16 -99.13 -5.51 -4.85 -99.13 -5.9 -4.36 -99.45 -5.8 -4.29 -99.45 -5.42 -4.77
4 16 -99.45 -5.42 -4.77 -99.45 -5.8 -4.29 -99.75 -5.67 -4.19 -99.75 -5.29 -4.66
4 16 -99.75 -5.29 -4.66 -99.75 -5.67 -4.19 -100.02 -5.51 -4.07 -100.02 -5.14 -4.52
4 16 -100.02 -5.14 -4.52 -100.02 -5.51 -4.07 -100.27 -5.31 -3.93 -100.27 -4.96 -4.37
4 16 -100.27 -4.96 -4.37 -100.27 -5.31 -3.93 -100.47 -5.09 -3.77 -100.47 -4.75 -4.18
4 16 -100.47 -4.75 -4.18 -100.47 -5.09 -3.77 -100.63 -4.85 -3.59 -100.63 -4.53 -3.99
4 16 -100.63 -4.53 -3.99 -100.63 -4.85 -3.59 -100.75 -4.59 -3.4 -100.75 -4.29 -3.77
4 16 -100.75 -4.29 -3.77 -100.75 -4.59 -3.4 -100.83 -4.33 -3.2 -100.83 -4.04 -3.55
4 16 -98.8 -5.13 -5.35 -98.8 -5.56 -4.89 -99.13 -5.51 -4.85 -99.13 -5.08 -5.3
4 16 -99.13 -5.08 -5.3 -99.13 -5.51 -4.85 -99.45 -5.42 -4.77 -99.45 -4.99 -5.21
4 16 -99.45 -4.99 -5.21 -99.45 -5.42 -4.77 -99.75 -5.29 -4.66 -99.75 -4.88 -5.09
4 16 -99.75 -4.88 -5.09 -99.75 -5.29 -4.66 -100.02 -5.14 -4.52 -100.02 -4.74 -4.94
4 16 -100.02 -4.74 -4.94 -100.02 -5.14 -4.52 -100.27 -4.96 -4.37 -100.27 -4.57 -4.77
4 16 -100.27 -4.57 -4.77 -100.27 -4.96 -4.37 -100.47 -4.75 -4.18 -100.47 -4.38 -4.57
4 16 -100.47 -4.38 -4.57 -100.47 -4.75 -4.18 -100.63 -4.53 -3.99 -100.63 -4.17 -4.36
4 16 -100.63 -4.17 -4.36 -100.63 -4.53 -3.99 -100.75 -4.29 -3.77 -100.75 -3.95 -4.13
4 16 -100.75 -3.95 -4.13 -100.75 -4.29 -3.77 -100.83 -4.04 -3.55 -100.83 -3.72 -3.88
3 16 -98.46 -4.67 -5.78 -98.8 -5.13 -5.35 -98.8 -4.65 -5.76
4 16 -98.8 -4.65 -5.76 -98.8 -5.13 -5.35 -99.13 -5.08 -5.3 -99.13 -4.61 -5.71
4 16 -99.13 -4.61 -5.71 -99.13 -5.08 -5.3 -99.45 -4.99 -5.21 -99.45 -4.53 -5.61
4 16 -99.45 -4.53 -5.61 -99.45 -4.99 -5.21 -99.75 -4.88 -5.09 -99.75 -4.43 -5.49
4 16 -99.75 -4.43 -5.49 -99.75 -4.88 -5.09 -100.02 -4.74 -4.94 -100.02 -4.3 -5.33
4 16 -100.02 -4.3 -5.33 -100.02 -4.74 -4.94 -100.27 -4.57 -4.77 -100.27 -4.15 -5.14
4 16 -100.27 -4.15 -5.14 -100.27 -4.57 -4.77 -100.47 -4.38 -4.57 -100.47 -3.98 -4.93
4 16 -100.47 -3.98 -4.93 -100.47 -4.38 -4.57 -100.63 -4.17 -4.36 -100.63 -3.79 -4.69
4 16 -100.63 -3.79 -4.69 -100.63 -4.17 -4.36 -100.75 -3.95 -4.13 -100.75 -3.59 -4.45
4 16 -100.75 -3.59 -4.45 -100.75 -3.95 -4.13 -100.83 -3.72 -3.88 -100.83 -3.38 -4.19
4 16 -98.8 -3.61 -6.47 -98.8 -4.15 -6.14 -99.13 -4.11 -6.08 -99.13 -3.58 -6.4
4 16 -99.13 -3.58 -6.4 -99.13 -4.11 -6.08 -99.45 -4.04 -5.98 -99.45 -3.52 -6.3
4 16 -99.45 -3.52 -6.3 -99.45 -4.04 -5.98 -99.75 -3.95 -5.84 -99.75 -3.44 -6.16
4 16 -99.75 -3.44 -6.16 -99.75 -3.95 -5.84 -100.02 -3.83 -5.67 -100.02 -3.34 -5.98
4 16 -100.02 -3.34 -5.98 -100.02 -3.83 -5.67 -100.27 -3.7 -5.47 -100.27 -3.22 -5.77
4 16 -100.27 -3.22 -5.77 -100.27 -3.7 -5.47 -100.47 -3.55 -5.25 -100.47 -3.09 -5.53
4 16 -100.47 -3.09 -5.53 -100.47 -3.55 -5.25 -100.63 -3.38 -5 -100.63 -2.94 -5.27
4 16 -100.63 -2.94 -5.27 -100.63 -3.38 -5 -100.75 -3.2 -4.73 -100.75 -2.79 -4.99
4 16 -100.75 -2.79 -4.99 -100.75 -3.2 -4.73 -100.83 -3.01 -4.46 -100.83 -2.62 -4.7
3 16 -98.46 -3.45 -6.58 -98.8 -3.61 -6.47 -98.8 -3.05 -6.75
4 16 -98.8 -3.05 -6.75 -98.8 -3.61 -6.47 -99.13 -3.58 -6.4 -99.13 -3.02 -6.68
4 16 -99.13 -3.02 -6.68 -99.13 -3.58 -6.4 -99.45 -3.52 -6.3 -99.45 -2.97 -6.58
4 16 -99.45 -2.97 -6.58 -99.45 -3.52 -6.3 -99.75 -3.44 -6.16 -99.75 -2.91 -6.43
4 16 -99.75 -2.91 -6.43 -99.75 -3.44 -6.16 -100.02 -3.34 -5.98 -100.02 -2.82 -6.24
4 16 -100.02 -2.82 -6.24 -100.02 -3.34 -5.98 -100.27 -3.22 -5.77 -100.27 -2.72 -6.02
4 16 -100.27 -2.72 -6.02 -100.27 -3.22 -5.77 -100.47 -3.09 -5.53 -100.47 -2.61 -5.77
4 16 -100.47 -2.61 -5.77 -100.47 -3.09 -5.53 -100.63 -2.94 -5.27 -100.63 -2.49 -5.5
4 16 -100.63 -2.49 -5.5 -100.63 -2.94 -5.27 -100.75 -2.79 -4.99 -100.75 -2.35 -5.21
4 16 -100.75 -2.35 -5.21 -100.75 -2.79 -4.99 -100.83 -2.62 -4.7 -100.83 -2.22 -4.9
3 16 -98.46 -2.64 -6.95 -98.8 -3.05 -6.75 -98.8 -2.47 -6.99
4 16 -98.8 -2.47 -6.99 -98.8 -3.05 -6.75 -99.13 -3.02 -6.68 -99.13 -2.44 -6.92
4 16 -99.13 -2.44 -6.92 -99.13 -3.02 -6.68 -99.45 -2.97 -6.58 -99.45 -2.4 -6.8
4 16 -99.45 -2.4 -6.8 -99.45 -2.97 -6.58 -99.75 -2.91 -6.43 -99.75 -2.35 -6.65
4 16 -99.75 -2.35 -6.65 -99.75 -2.91 -6.43 -100.02 -2.82 -6.24 -100.02 -2.28 -6.46
4 16 -100.02 -2.28 -6.46 -100.02 -2.82 -6.24 -100.27 -2.72 -6.02 -100.27 -2.2 -6.23
4 16 -100.27 -2.2 -6.23 -100.27 -2.72 -6.02 -100.47 -2.61 -5.77 -100.47 -2.11 -5.97
4 16 -100.47 -2.11 -5.97 -100.47 -2.61 -5.77 -100.63 -2.49 -5.5 -100.63 -2.01 -5.69
4 16 -100.63 -2.01 -5.69 -100.63 -2.49 -5.5 -100.75 -2.35 -5.21 -100.75 -1.9 -5.39
4 16 -100.75 -1.9 -5.39 -100.75 -2.35 -5.21 -100.83 -2.22 -4.9 -100.83 -1.79 -5.07
4 16 -98.8 -1.87 -7.17 -98.8 -2.47 -6.99 -99.13 -2.44 -6.92 -99.13 -1.85 -7.1
4 16 -99.13 -1.85 -7.1 -99.13 -2.44 -6.92 -99.45 -2.4 -6.8 -99.45 -1.82 -6.98
4 16 -99.45 -1.82 -6.98 -99.45 -2.4 -6.8 -99.75 -2.35 -6.65 -99.75 -1.78 -6.83
4 16 -99.75 -1.78 -6.83 -99.75 -2.35 -6.65 -100.02 -2.28 -6.46 -100.02 -1.73 -6.63
4 16 -100.02 -1.73 -6.63 -100.02 -2.28 -6.46 -100.27 -2.2 -6.23 -100.27 -1.66 -6.39
4 16 -100.27 -1.66 -6.39 -100.27 -2.2 -6.23 -100.47 -2.11 -5.97 -100.47 -1.6 -6.13
4 16 -100.47 -1.6 -6.13 -100.47 -2.11 -5.97 -100.63 -2.01 -5.69 -100.63 -1.52 -5.84
4 16 -100.63 -1.52 -5.84 -100.63 -2.01 -5.69 -100.75 -1.9 -5.39 -100.75 -1.44 -5.53
4 16 -100.75 -1.44 -5.53 -100.75 -1.9 -5.39 -100.83 -1.79 -5.07 -100.83 -1.36 -5.21
3 16 -98.46 -0.9 -7.38 -98.8 -1.25 -7.3 -98.8 -0.63 -7.38
4 16 -98.8 -0.63 -7.38 -98.8 -1.25 -7.3 -99.13 -1.24 -7.23 -99.13 -0.62 -7.31
4 16 -99.13 -0.62 -7.31 -99.13 -1.24 -7.23 -99.45 -1.22 -7.11 -99.45 -0.61 -7.19
4 16 -99.45 -0.61 -7.19 -99.45 -1.22 -7.11 -99.75 -1.19 -6.95 -99.75 -0.6 -7.03
4 16 -99.75 -0.6 -7.03 -99.75 -1.19 -6.95 -100.02 -1.16 -6.75 -100.02 -0.58 -6.82
4 16 -100.02 -0.58 -6.82 -100.02 -1.16 -6.75 -100.27 -1.12 -6.51 -100.27 -0.56 -6.58
4 16 -100.27 -0.56 -6.58 -100.27 -1.12 -6.51 -100.47 -1.07 -6.24 -100.47 -0.54 -6.31
4 16 -100.47 -0.54 -6.31 -100.47 -1.07 -6.24 -100.63 -1.02 -5.95 -100.63 -0.51 -6.01
4 16 -100.63 -0.51 -6.01 -100.63 -1.02 -5.95 -100.75 -0.97 -5.63 -100.75 -0.48 -5.69
4 16 -100.75 -0.48 -5.69 -100.75 -0.97 -5.63 -100.83 -0.91 -5.3 -100.83 -0.46 -5.36
4 16 -98.8 0 -7.41 -98.8 -0.63 -7.38 -99.13 -0.62 -7.31 -99.13 0 -7.34
4 16 -99.13 0 -7.34 -99.13 -0.62 -7.31 -99.45 -0.61 -7.19 -99.45 0 -7.22
4 16 -99.45 0 -7.22 -99.45 -0.61 -7.19 -99.75 -0.6 -7.03 -99.75 0 -7.05
4 16 -99.75 0 -7.05 -99.75 -0.6 -7.03 -100.02 -0.58 -6.82 -100.02 0 -6.85
4 16 -100.02 0 -6.85 -100.02 -0.58 -6.82 -100.27 -0.56 -6.58 -100.27 0 -6.61
4 16 -100.27 0 -6.61 -100.27 -0.56 -6.58 -100.47 -0.54 -6.31 -100.47 0 -6.33
4 16 -100.47 0 -6.33 -100.47 -0.54 -6.31 -100.63 -0.51 -6.01 -100.63 0 -6.03
4 16 -100.63 0 -6.03 -100.63 -0.51 -6.01 -100.75 -0.48 -5.69 -100.75 0 -5.71
4 16 -100.75 0 -5.71 -100.75 -0.48 -5.69 -100.83 -0.46 -5.36 -100.83 0 -5.38
4 16 -98.8 -0.63 7.38 -98.8 0 7.41 -99.13 0 7.34 -99.13 -0.62 7.31
4 16 -99.13 -0.62 7.31 -99.13 0 7.34 -99.45 0 7.22 -99.45 -0.61 7.19
4 16 -99.45 -0.61 7.19 -99.45 0 7.22 -99.75 0 7.05 -99.75 -0.6 7.03
4 16 -99.75 -0.6 7.03 -99.75 0 7.05 -100.02 0 6.85 -100.02 -0.58 6.82
4 16 -100.02 -0.58 6.82 -100.02 0 6.85 -100.27 0 6.61 -100.27 -0.56 6.58
4 16 -100.27 -0.56 6.58 -100.27 0 6.61 -100.47 0 6.33 -100.47 -0.54 6.31
4 16 -100.47 -0.54 6.31 -100.47 0 6.33 -100.63 0 6.03 -100.63 -0.51 6.01
4 16 -100.63 -0.51 6.01 -100.63 0 6.03 -100.75 0 5.71 -100.75 -0.48 5.69
4 16 -100.75 -0.48 5.69 -100.75 0 5.71 -100.83 0 5.38 -100.83 -0.46 5.36
3 16 -100.83 -0.46 5.36 -100.83 0 5.38 -100.85 0 5.04
4 16 -100.83 -0.46 5.36 -100.85 0 5.04 -100.85 -0.53 5.01 -100.83 -0.91 5.3
3 16 -98.46 -1.26 7.33 -98.8 -0.63 7.38 -98.8 -1.25 7.3
4 16 -98.8 -1.25 7.3 -98.8 -0.63 7.38 -99.13 -0.62 7.31 -99.13 -1.24 7.23
4 16 -99.13 -1.24 7.23 -99.13 -0.62 7.31 -99.45 -0.61 7.19 -99.45 -1.22 7.11
4 16 -99.45 -1.22 7.11 -99.45 -0.61 7.19 -99.75 -0.6 7.03 -99.75 -1.19 6.95
4 16 -99.75 -1.19 6.95 -99.75 -0.6 7.03 -100.02 -0.58 6.82 -100.02 -1.16 6.75
4 16 -100.02 -1.16 6.75 -100.02 -0.58 6.82 -100.27 -0.56 6.58 -100.27 -1.12 6.51
4 16 -100.27 -1.12 6.51 -100.27 -0.56 6.58 -100.47 -0.54 6.31 -100.47 -1.07 6.24
4 16 -100.47 -1.07 6.24 -100.47 -0.54 6.31 -100.63 -0.51 6.01 -100.63 -1.02 5.95
4 16 -100.63 -1.02 5.95 -100.63 -0.51 6.01 -100.75 -0.48 5.69 -100.75 -0.97 5.63
4 16 -100.75 -0.97 5.63 -100.75 -0.48 5.69 -100.83 -0.46 5.36 -100.83 -0.91 5.3
4 16 -100.83 -0.91 5.3 -100.85 -0.53 5.01 -100.85 -1.05 4.93 -100.83 -1.36 5.21
4 16 -100.85 -2.96 4.08 -100.83 -3.38 4.19 -100.83 -3.01 4.46 -100.85 -2.52 4.36
3 16 -100.85 -2.52 4.36 -100.83 -3.01 4.46 -100.83 -2.62 4.7
4 16 -100.85 -2.52 4.36 -100.83 -2.62 4.7 -100.83 -2.22 4.9 -100.85 -2.05 4.6
4 16 -100.85 -2.05 4.6 -100.83 -2.22 4.9 -100.83 -1.79 5.07 -100.85 -1.56 4.79
4 16 -100.85 -1.56 4.79 -100.83 -1.79 5.07 -100.83 -1.36 5.21 -100.85 -1.05 4.93
4 16 -100.83 -0.91 5.3 -100.83 -1.36 5.21 -100.75 -1.44 5.53 -100.75 -0.97 5.63
4 16 -100.75 -0.97 5.63 -100.75 -1.44 5.53 -100.63 -1.52 5.84 -100.63 -1.02 5.95
4 16 -100.63 -1.02 5.95 -100.63 -1.52 5.84 -100.47 -1.6 6.13 -100.47 -1.07 6.24
4 16 -100.47 -1.07 6.24 -100.47 -1.6 6.13 -100.27 -1.66 6.39 -100.27 -1.12 6.51
4 16 -100.27 -1.12 6.51 -100.27 -1.66 6.39 -100.02 -1.73 6.63 -100.02 -1.16 6.75
4 16 -100.02 -1.16 6.75 -100.02 -1.73 6.63 -99.75 -1.78 6.83 -99.75 -1.19 6.95
4 16 -99.75 -1.19 6.95 -99.75 -1.78 6.83 -99.45 -1.82 6.98 -99.45 -1.22 7.11
4 16 -99.45 -1.22 7.11 -99.45 -1.82 6.98 -99.13 -1.85 7.1 -99.13 -1.24 7.23
4 16 -99.13 -1.24 7.23 -99.13 -1.85 7.1 -98.8 -1.87 7.17 -98.8 -1.25 7.3
3 16 -98.8 -1.25 7.3 -98.8 -1.87 7.17 -98.46 -1.78 7.22
3 16 -98.8 -1.25 7.3 -98.46 -1.78 7.22 -98.46 -1.26 7.33
4 16 -100.85 -4.6 2.05 -100.83 -4.99 2.01 -100.83 -4.8 2.42 -100.85 -4.36 2.52
3 16 -100.85 -4.36 2.52 -100.83 -4.8 2.42 -100.83 -4.58 2.82
4 16 -100.85 -4.36 2.52 -100.83 -4.58 2.82 -100.83 -4.33 3.2 -100.85 -4.08 2.96
4 16 -100.85 -4.08 2.96 -100.83 -4.33 3.2 -100.83 -4.04 3.55 -100.85 -3.74 3.37
4 16 -100.85 -3.74 3.37 -100.83 -4.04 3.55 -100.83 -3.72 3.88 -100.85 -3.37 3.74
4 16 -100.85 -3.37 3.74 -100.83 -3.72 3.88 -100.83 -3.38 4.19 -100.85 -2.96 4.08
4 16 -100.83 -3.01 4.46 -100.83 -3.38 4.19 -100.75 -3.59 4.45 -100.75 -3.2 4.73
4 16 -100.75 -3.2 4.73 -100.75 -3.59 4.45 -100.63 -3.79 4.69 -100.63 -3.38 5
4 16 -100.63 -3.38 5 -100.63 -3.79 4.69 -100.47 -3.98 4.93 -100.47 -3.55 5.25
4 16 -100.47 -3.55 5.25 -100.47 -3.98 4.93 -100.27 -4.15 5.14 -100.27 -3.7 5.47
4 16 -100.27 -3.7 5.47 -100.27 -4.15 5.14 -100.02 -4.3 5.33 -100.02 -3.83 5.67
4 16 -100.02 -3.83 5.67 -100.02 -4.3 5.33 -99.75 -4.43 5.49 -99.75 -3.95 5.84
4 16 -99.75 -3.95 5.84 -99.75 -4.43 5.49 -99.45 -4.53 5.61 -99.45 -4.04 5.98
4 16 -99.45 -4.04 5.98 -99.45 -4.53 5.61 -99.13 -4.61 5.71 -99.13 -4.11 6.08
4 16 -99.13 -4.11 6.08 -99.13 -4.61 5.71 -98.8 -4.65 5.76 -98.8 -4.15 6.14
3 16 -98.8 -4.15 6.14 -98.46 -4.22 6.12 -98.46 -4.16 6.16
4 16 -100.85 -5.04 0 -100.83 -5.38 -0.23 -100.83 -5.38 0.23 -100.85 -5.01 0.53
3 16 -100.85 -5.01 0.53 -100.83 -5.38 0.23 -100.83 -5.34 0.68
4 16 -100.85 -5.01 0.53 -100.83 -5.34 0.68 -100.83 -5.26 1.13 -100.85 -4.93 1.05
4 16 -100.85 -4.93 1.05 -100.83 -5.26 1.13 -100.83 -5.14 1.58 -100.85 -4.79 1.56
4 16 -100.85 -4.79 1.56 -100.83 -5.14 1.58 -100.83 -4.99 2.01 -100.85 -4.6 2.05
4 16 -100.83 -4.8 2.42 -100.83 -4.99 2.01 -100.75 -5.3 2.13 -100.75 -5.1 2.57
4 16 -100.75 -5.1 2.57 -100.75 -5.3 2.13 -100.63 -5.6 2.25 -100.63 -5.39 2.72
4 16 -100.63 -5.39 2.72 -100.63 -5.6 2.25 -100.47 -5.88 2.36 -100.47 -5.66 2.85
4 16 -100.47 -5.66 2.85 -100.47 -5.88 2.36 -100.27 -6.13 2.46 -100.27 -5.9 2.97
4 16 -100.27 -5.9 2.97 -100.27 -6.13 2.46 -100.02 -6.35 2.55 -100.02 -6.12 3.08
4 16 -100.02 -6.12 3.08 -100.02 -6.35 2.55 -99.75 -6.54 2.63 -99.75 -6.3 3.18
4 16 -99.75 -6.3 3.18 -99.75 -6.54 2.63 -99.45 -6.7 2.69 -99.45 -6.44 3.25
4 16 -99.45 -6.44 3.25 -99.45 -6.7 2.69 -99.13 -6.81 2.74 -99.13 -6.55 3.3
4 16 -99.13 -6.55 3.3 -99.13 -6.81 2.74 -98.8 -6.87 2.76 -98.8 -6.62 3.34
4 16 -98.8 -6.62 3.34 -98.8 -6.87 2.76 -98.46 -6.9 2.77 -98.46 -6.64 3.35
4 16 -100.85 -4.6 -2.05 -100.83 -4.8 -2.42 -100.83 -4.99 -2.01 -100.85 -4.79 -1.56
3 16 -100.85 -4.79 -1.56 -100.83 -4.99 -2.01 -100.83 -5.14 -1.58
4 16 -100.85 -4.79 -1.56 -100.83 -5.14 -1.58 -100.83 -5.26 -1.13 -100.85 -4.93 -1.05
4 16 -100.85 -4.93 -1.05 -100.83 -5.26 -1.13 -100.83 -5.34 -0.68 -100.85 -5.01 -0.53
4 16 -100.85 -5.01 -0.53 -100.83 -5.34 -0.68 -100.83 -5.38 -0.23 -100.85 -5.04 0
4 16 -100.83 -5.38 0.23 -100.83 -5.38 -0.23 -100.75 -5.71 -0.24 -100.75 -5.71 0.24
4 16 -100.75 -5.71 0.24 -100.75 -5.71 -0.24 -100.63 -6.03 -0.26 -100.63 -6.03 0.26
4 16 -100.63 -6.03 0.26 -100.63 -6.03 -0.26 -100.47 -6.33 -0.27 -100.47 -6.33 0.27
4 16 -100.47 -6.33 0.27 -100.47 -6.33 -0.27 -100.27 -6.6 -0.28 -100.27 -6.6 0.28
4 16 -100.27 -6.6 0.28 -100.27 -6.6 -0.28 -100.02 -6.84 -0.29 -100.02 -6.84 0.29
4 16 -100.02 -6.84 0.29 -100.02 -6.84 -0.29 -99.75 -7.05 -0.3 -99.75 -7.05 0.3
4 16 -99.75 -7.05 0.3 -99.75 -7.05 -0.3 -99.45 -7.21 -0.31 -99.45 -7.21 0.31
4 16 -99.45 -7.21 0.31 -99.45 -7.21 -0.31 -99.13 -7.33 -0.31 -99.13 -7.33 0.31
4 16 -99.13 -7.33 0.31 -99.13 -7.33 -0.31 -98.8 -7.4 -0.31 -98.8 -7.4 0.31
3 16 -98.8 -7.4 0.31 -98.8 -7.4 -0.31 -98.46 -7.43 0
3 16 -98.8 -7.4 0.31 -98.46 -7.43 0 -98.46 -7.43 0.32
4 16 -100.85 -2.96 -4.08 -100.83 -3.01 -4.46 -100.83 -3.38 -4.19 -100.85 -3.37 -3.74
3 16 -100.85 -3.37 -3.74 -100.83 -3.38 -4.19 -100.83 -3.72 -3.88
4 16 -100.85 -3.37 -3.74 -100.83 -3.72 -3.88 -100.83 -4.04 -3.55 -100.85 -3.74 -3.37
4 16 -100.85 -3.74 -3.37 -100.83 -4.04 -3.55 -100.83 -4.33 -3.2 -100.85 -4.08 -2.96
4 16 -100.85 -4.08 -2.96 -100.83 -4.33 -3.2 -100.83 -4.58 -2.82 -100.85 -4.36 -2.52
4 16 -100.85 -4.36 -2.52 -100.83 -4.58 -2.82 -100.83 -4.8 -2.42 -100.85 -4.6 -2.05
4 16 -100.83 -4.99 -2.01 -100.83 -4.8 -2.42 -100.75 -5.1 -2.57 -100.75 -5.3 -2.13
4 16 -100.75 -5.3 -2.13 -100.75 -5.1 -2.57 -100.63 -5.39 -2.72 -100.63 -5.6 -2.25
4 16 -100.63 -5.6 -2.25 -100.63 -5.39 -2.72 -100.47 -5.66 -2.85 -100.47 -5.88 -2.36
4 16 -100.47 -5.88 -2.36 -100.47 -5.66 -2.85 -100.27 -5.9 -2.97 -100.27 -6.13 -2.46
4 16 -100.27 -6.13 -2.46 -100.27 -5.9 -2.97 -100.02 -6.12 -3.08 -100.02 -6.35 -2.55
4 16 -100.02 -6.35 -2.55 -100.02 -6.12 -3.08 -99.75 -6.3 -3.18 -99.75 -6.54 -2.63
4 16 -99.75 -6.54 -2.63 -99.75 -6.3 -3.18 -99.45 -6.44 -3.25 -99.45 -6.7 -2.69
4 16 -99.45 -6.7 -2.69 -99.45 -6.44 -3.25 -99.13 -6.55 -3.3 -99.13 -6.81 -2.74
4 16 -99.13 -6.81 -2.74 -99.13 -6.55 -3.3 -98.8 -6.62 -3.34 -98.8 -6.87 -2.76
4 16 -98.8 -6.87 -2.76 -98.8 -6.62 -3.34 -98.46 -6.64 -3.35 -98.46 -6.9 -2.77
4 16 -100.85 -1.05 -4.93 -100.83 -0.91 -5.3 -100.83 -1.36 -5.21 -100.85 -1.56 -4.79
3 16 -100.85 -1.56 -4.79 -100.83 -1.36 -5.21 -100.83 -1.79 -5.07
4 16 -100.85 -1.56 -4.79 -100.83 -1.79 -5.07 -100.83 -2.22 -4.9 -100.85 -2.05 -4.6
4 16 -100.85 -2.05 -4.6 -100.83 -2.22 -4.9 -100.83 -2.62 -4.7 -100.85 -2.52 -4.36
4 16 -100.85 -2.52 -4.36 -100.83 -2.62 -4.7 -100.83 -3.01 -4.46 -100.85 -2.96 -4.08
4 16 -100.83 -3.38 -4.19 -100.83 -3.01 -4.46 -100.75 -3.2 -4.73 -100.75 -3.59 -4.45
4 16 -100.75 -3.59 -4.45 -100.75 -3.2 -4.73 -100.63 -3.38 -5 -100.63 -3.79 -4.69
4 16 -100.63 -3.79 -4.69 -100.63 -3.38 -5 -100.47 -3.55 -5.25 -100.47 -3.98 -4.93
4 16 -100.47 -3.98 -4.93 -100.47 -3.55 -5.25 -100.27 -3.7 -5.47 -100.27 -4.15 -5.14
4 16 -100.27 -4.15 -5.14 -100.27 -3.7 -5.47 -100.02 -3.83 -5.67 -100.02 -4.3 -5.33
4 16 -100.02 -4.3 -5.33 -100.02 -3.83 -5.67 -99.75 -3.95 -5.84 -99.75 -4.43 -5.49
4 16 -99.75 -4.43 -5.49 -99.75 -3.95 -5.84 -99.45 -4.04 -5.98 -99.45 -4.53 -5.61
4 16 -99.45 -4.53 -5.61 -99.45 -4.04 -5.98 -99.13 -4.11 -6.08 -99.13 -4.61 -5.71
4 16 -99.13 -4.61 -5.71 -99.13 -4.11 -6.08 -98.8 -4.15 -6.14 -98.8 -4.65 -5.76
4 16 -98.8 -4.65 -5.76 -98.8 -4.15 -6.14 -98.46 -4.22 -6.12 -98.46 -4.67 -5.78
4 16 -100.85 0 -5.04 -100.83 0.46 -5.36 -100.83 0 -5.38 -100.85 -0.53 -5.01
3 16 -100.85 -0.53 -5.01 -100.83 0 -5.38 -100.83 -0.46 -5.36
4 16 -100.85 -0.53 -5.01 -100.83 -0.46 -5.36 -100.83 -0.91 -5.3 -100.85 -1.05 -4.93
4 16 -100.83 -1.36 -5.21 -100.83 -0.91 -5.3 -100.75 -0.97 -5.63 -100.75 -1.44 -5.53
4 16 -100.75 -1.44 -5.53 -100.75 -0.97 -5.63 -100.63 -1.02 -5.95 -100.63 -1.52 -5.84
4 16 -100.63 -1.52 -5.84 -100.63 -1.02 -5.95 -100.47 -1.07 -6.24 -100.47 -1.6 -6.13
4 16 -100.47 -1.6 -6.13 -100.47 -1.07 -6.24 -100.27 -1.12 -6.51 -100.27 -1.66 -6.39
4 16 -100.27 -1.66 -6.39 -100.27 -1.12 -6.51 -100.02 -1.16 -6.75 -100.02 -1.73 -6.63
4 16 -100.02 -1.73 -6.63 -100.02 -1.16 -6.75 -99.75 -1.19 -6.95 -99.75 -1.78 -6.83
4 16 -99.75 -1.78 -6.83 -99.75 -1.19 -6.95 -99.45 -1.22 -7.11 -99.45 -1.82 -6.98
4 16 -99.45 -1.82 -6.98 -99.45 -1.22 -7.11 -99.13 -1.24 -7.23 -99.13 -1.85 -7.1
4 16 -99.13 -1.85 -7.1 -99.13 -1.24 -7.23 -98.8 -1.25 -7.3 -98.8 -1.87 -7.17
3 16 -98.8 -1.87 -7.17 -98.8 -1.25 -7.3 -98.46 -1.78 -7.22
3 16 -98.8 -1.87 -7.17 -98.46 -1.78 -7.22 -98.46 -1.87 -7.19
3 16 -98.46 3.45 6.58 -98.46 3.63 6.49 -98.8 3.61 6.47
3 16 -98.46 5.56 4.93 -98.46 5.58 4.91 -98.8 5.56 4.89
3 16 -98.46 6.58 3.45 -98.46 6.64 3.35 -98.8 6.62 3.34
3 16 -98.46 6.95 2.64 -98.46 7.11 2.18 -98.8 7.08 2.17
3 16 -98.46 7.22 1.78 -98.46 7.27 1.57 -98.8 7.24 1.56
3 16 -98.46 7.38 -0.9 -98.46 7.37 -0.94 -98.8 7.35 -0.94
3 16 -98.46 6.95 -2.64 -98.46 6.9 -2.77 -98.8 6.87 -2.76
3 16 -98.46 6.58 -3.45 -98.46 6.33 -3.9 -98.8 6.31 -3.88
3 16 -98.46 6.12 -4.22 -98.46 5.98 -4.42 -98.8 5.96 -4.41
3 16 -98.46 2.64 -6.95 -98.46 2.48 -7.01 -98.8 2.47 -6.99
3 16 -98.46 0.9 -7.38 -98.46 0.63 -7.41 -98.8 0.63 -7.38
4 16 -98.46 0.63 -7.41 -98.46 0 -7.43 -98.8 0 -7.41 -98.8 0.63 -7.38
3 16 -98.46 0.9 -7.38 -98.8 0.63 -7.38 -98.46 1.26 -7.33
3 16 -98.8 1.87 -7.17 -98.46 1.87 -7.19 -98.46 1.78 -7.22
4 16 -98.46 1.87 -7.19 -98.8 1.87 -7.17 -98.8 2.47 -6.99 -98.46 2.48 -7.01
3 16 -98.46 3.45 -6.58 -98.46 3.06 -6.77 -98.8 3.05 -6.75
3 16 -98.8 3.05 -6.75 -98.46 3.06 -6.77 -98.46 2.64 -6.95
3 16 -98.8 3.61 -6.47 -98.46 3.63 -6.49 -98.46 3.45 -6.58
4 16 -98.46 3.63 -6.49 -98.8 3.61 -6.47 -98.8 4.15 -6.14 -98.46 4.16 -6.16
3 16 -98.46 4.93 -5.56 -98.46 4.67 -5.78 -98.8 4.65 -5.76
4 16 -98.8 4.65 -5.76 -98.46 4.67 -5.78 -98.46 4.22 -6.12 -98.8 4.15 -6.14
4 16 -98.46 5.56 -4.93 -98.46 5.14 -5.37 -98.8 5.13 -5.35 -98.8 5.56 -4.89
3 16 -98.8 5.13 -5.35 -98.46 5.14 -5.37 -98.46 4.93 -5.56
3 16 -98.8 5.56 -4.89 -98.46 5.58 -4.91 -98.46 5.56 -4.93
4 16 -98.46 5.58 -4.91 -98.8 5.56 -4.89 -98.8 5.96 -4.41 -98.46 5.98 -4.42
3 16 -98.46 6.12 -4.22 -98.8 5.96 -4.41 -98.46 6.33 -3.9
3 16 -98.8 6.62 -3.34 -98.46 6.64 -3.35 -98.46 6.58 -3.45
3 16 -98.46 7.22 -1.78 -98.46 7.11 -2.18 -98.8 7.08 -2.17
3 16 -98.8 7.08 -2.17 -98.46 7.11 -2.18 -98.46 6.95 -2.64
3 16 -98.8 7.24 -1.56 -98.46 7.27 -1.57 -98.46 7.22 -1.78
4 16 -98.46 7.27 -1.57 -98.8 7.24 -1.56 -98.8 7.35 -0.94 -98.46 7.37 -0.94
4 16 -98.8 7.4 -0.31 -98.46 7.43 -0.32 -98.46 7.38 -0.9 -98.8 7.35 -0.94
4 16 -98.46 7.38 0.9 -98.46 7.43 0.32 -98.8 7.4 0.31 -98.8 7.35 0.94
3 16 -98.8 7.4 0.31 -98.46 7.43 0.32 -98.46 7.43 0
3 16 -98.8 7.35 0.94 -98.46 7.37 0.94 -98.46 7.38 0.9
4 16 -98.46 7.37 0.94 -98.8 7.35 0.94 -98.8 7.24 1.56 -98.46 7.27 1.57
3 16 -98.46 7.22 1.78 -98.8 7.24 1.56 -98.46 7.11 2.18
3 16 -98.8 6.87 2.76 -98.46 6.9 2.77 -98.46 6.95 2.64
3 16 -98.46 6.12 4.22 -98.46 6.33 3.9 -98.8 6.31 3.88
3 16 -98.8 6.31 3.88 -98.46 6.33 3.9 -98.46 6.58 3.45
3 16 -98.8 5.96 4.41 -98.46 5.98 4.42 -98.46 6.12 4.22
4 16 -98.46 5.98 4.42 -98.8 5.96 4.41 -98.8 5.56 4.89 -98.46 5.58 4.91
3 16 -98.46 4.67 5.78 -98.46 4.93 5.56 -98.8 5.13 5.35
3 16 -98.8 5.13 5.35 -98.46 4.93 5.56 -98.46 5.14 5.37
4 16 -98.8 5.13 5.35 -98.46 5.14 5.37 -98.46 5.56 4.93 -98.8 5.56 4.89
3 16 -98.8 4.15 6.14 -98.46 4.16 6.16 -98.46 4.22 6.12
4 16 -98.46 4.16 6.16 -98.8 4.15 6.14 -98.8 3.61 6.47 -98.46 3.63 6.49
3 16 -98.46 2.64 6.95 -98.46 3.06 6.77 -98.8 3.05 6.75
3 16 -98.8 3.05 6.75 -98.46 3.06 6.77 -98.46 3.45 6.58
3 16 -98.8 2.47 6.99 -98.46 2.48 7.01 -98.46 2.64 6.95
4 16 -98.46 2.48 7.01 -98.8 2.47 6.99 -98.8 1.87 7.17 -98.46 1.87 7.19
3 16 -98.46 0.9 7.38 -98.46 1.26 7.33 -98.8 1.25 7.3
3 16 -98.8 1.25 7.3 -98.46 1.26 7.33 -98.46 1.78 7.22
3 16 -98.8 0.63 7.38 -98.46 0.63 7.41 -98.46 0.9 7.38
4 16 -98.46 0.63 7.41 -98.8 0.63 7.38 -98.8 0 7.41 -98.46 0 7.43
4 16 -98.8 2.47 -6.99 -98.8 1.87 -7.17 -99.13 1.85 -7.1 -99.13 2.44 -6.92
4 16 -99.13 2.44 -6.92 -99.13 1.85 -7.1 -99.45 1.82 -6.98 -99.45 2.4 -6.8
4 16 -99.45 2.4 -6.8 -99.45 1.82 -6.98 -99.75 1.78 -6.83 -99.75 2.35 -6.65
4 16 -99.75 2.35 -6.65 -99.75 1.78 -6.83 -100.02 1.73 -6.63 -100.02 2.28 -6.46
4 16 -100.02 2.28 -6.46 -100.02 1.73 -6.63 -100.27 1.66 -6.39 -100.27 2.2 -6.23
4 16 -100.27 2.2 -6.23 -100.27 1.66 -6.39 -100.47 1.6 -6.13 -100.47 2.11 -5.97
4 16 -100.47 2.11 -5.97 -100.47 1.6 -6.13 -100.63 1.52 -5.84 -100.63 2.01 -5.69
4 16 -100.63 2.01 -5.69 -100.63 1.52 -5.84 -100.75 1.44 -5.53 -100.75 1.9 -5.39
4 16 -100.75 1.9 -5.39 -100.75 1.44 -5.53 -100.83 1.36 -5.21 -100.83 1.79 -5.07
3 16 -98.46 2.64 -6.95 -98.8 2.47 -6.99 -98.8 3.05 -6.75
4 16 -98.8 3.05 -6.75 -98.8 2.47 -6.99 -99.13 2.44 -6.92 -99.13 3.02 -6.68
4 16 -99.13 3.02 -6.68 -99.13 2.44 -6.92 -99.45 2.4 -6.8 -99.45 2.97 -6.58
4 16 -99.45 2.97 -6.58 -99.45 2.4 -6.8 -99.75 2.35 -6.65 -99.75 2.91 -6.43
4 16 -99.75 2.91 -6.43 -99.75 2.35 -6.65 -100.02 2.28 -6.46 -100.02 2.82 -6.24
4 16 -100.02 2.82 -6.24 -100.02 2.28 -6.46 -100.27 2.2 -6.23 -100.27 2.72 -6.02
4 16 -100.27 2.72 -6.02 -100.27 2.2 -6.23 -100.47 2.11 -5.97 -100.47 2.61 -5.77
4 16 -100.47 2.61 -5.77 -100.47 2.11 -5.97 -100.63 2.01 -5.69 -100.63 2.49 -5.5
4 16 -100.63 2.49 -5.5 -100.63 2.01 -5.69 -100.75 1.9 -5.39 -100.75 2.35 -5.21
4 16 -100.75 2.35 -5.21 -100.75 1.9 -5.39 -100.83 1.79 -5.07 -100.83 2.22 -4.9
3 16 -98.46 3.45 -6.58 -98.8 3.05 -6.75 -98.8 3.61 -6.47
4 16 -98.8 3.61 -6.47 -98.8 3.05 -6.75 -99.13 3.02 -6.68 -99.13 3.58 -6.4
4 16 -99.13 3.58 -6.4 -99.13 3.02 -6.68 -99.45 2.97 -6.58 -99.45 3.52 -6.3
4 16 -99.45 3.52 -6.3 -99.45 2.97 -6.58 -99.75 2.91 -6.43 -99.75 3.44 -6.16
4 16 -99.75 3.44 -6.16 -99.75 2.91 -6.43 -100.02 2.82 -6.24 -100.02 3.34 -5.98
4 16 -100.02 3.34 -5.98 -100.02 2.82 -6.24 -100.27 2.72 -6.02 -100.27 3.22 -5.77
4 16 -100.27 3.22 -5.77 -100.27 2.72 -6.02 -100.47 2.61 -5.77 -100.47 3.09 -5.53
4 16 -100.47 3.09 -5.53 -100.47 2.61 -5.77 -100.63 2.49 -5.5 -100.63 2.94 -5.27
4 16 -100.63 2.94 -5.27 -100.63 2.49 -5.5 -100.75 2.35 -5.21 -100.75 2.79 -4.99
4 16 -100.75 2.79 -4.99 -100.75 2.35 -5.21 -100.83 2.22 -4.9 -100.83 2.62 -4.7
4 16 -98.8 4.15 -6.14 -98.8 3.61 -6.47 -99.13 3.58 -6.4 -99.13 4.11 -6.08
4 16 -99.13 4.11 -6.08 -99.13 3.58 -6.4 -99.45 3.52 -6.3 -99.45 4.04 -5.98
4 16 -99.45 4.04 -5.98 -99.45 3.52 -6.3 -99.75 3.44 -6.16 -99.75 3.95 -5.84
4 16 -99.75 3.95 -5.84 -99.75 3.44 -6.16 -100.02 3.34 -5.98 -100.02 3.83 -5.67
4 16 -100.02 3.83 -5.67 -100.02 3.34 -5.98 -100.27 3.22 -5.77 -100.27 3.7 -5.47
4 16 -100.27 3.7 -5.47 -100.27 3.22 -5.77 -100.47 3.09 -5.53 -100.47 3.55 -5.25
4 16 -100.47 3.55 -5.25 -100.47 3.09 -5.53 -100.63 2.94 -5.27 -100.63 3.38 -5
4 16 -100.63 3.38 -5 -100.63 2.94 -5.27 -100.75 2.79 -4.99 -100.75 3.2 -4.73
4 16 -100.75 3.2 -4.73 -100.75 2.79 -4.99 -100.83 2.62 -4.7 -100.83 3.01 -4.46
3 16 -98.46 4.93 -5.56 -98.8 4.65 -5.76 -98.8 5.13 -5.35
4 16 -98.8 5.13 -5.35 -98.8 4.65 -5.76 -99.13 4.61 -5.71 -99.13 5.08 -5.3
4 16 -99.13 5.08 -5.3 -99.13 4.61 -5.71 -99.45 4.53 -5.61 -99.45 4.99 -5.21
4 16 -99.45 4.99 -5.21 -99.45 4.53 -5.61 -99.75 4.43 -5.49 -99.75 4.88 -5.09
4 16 -99.75 4.88 -5.09 -99.75 4.43 -5.49 -100.02 4.3 -5.33 -100.02 4.74 -4.94
4 16 -100.02 4.74 -4.94 -100.02 4.3 -5.33 -100.27 4.15 -5.14 -100.27 4.57 -4.77
4 16 -100.27 4.57 -4.77 -100.27 4.15 -5.14 -100.47 3.98 -4.93 -100.47 4.38 -4.57
4 16 -100.47 4.38 -4.57 -100.47 3.98 -4.93 -100.63 3.79 -4.69 -100.63 4.17 -4.36
4 16 -100.63 4.17 -4.36 -100.63 3.79 -4.69 -100.75 3.59 -4.45 -100.75 3.95 -4.13
4 16 -100.75 3.95 -4.13 -100.75 3.59 -4.45 -100.83 3.38 -4.19 -100.83 3.72 -3.88
4 16 -98.8 5.56 -4.89 -98.8 5.13 -5.35 -99.13 5.08 -5.3 -99.13 5.51 -4.85
4 16 -99.13 5.51 -4.85 -99.13 5.08 -5.3 -99.45 4.99 -5.21 -99.45 5.42 -4.77
4 16 -99.45 5.42 -4.77 -99.45 4.99 -5.21 -99.75 4.88 -5.09 -99.75 5.29 -4.66
4 16 -99.75 5.29 -4.66 -99.75 4.88 -5.09 -100.02 4.74 -4.94 -100.02 5.14 -4.52
4 16 -100.02 5.14 -4.52 -100.02 4.74 -4.94 -100.27 4.57 -4.77 -100.27 4.96 -4.37
4 16 -100.27 4.96 -4.37 -100.27 4.57 -4.77 -100.47 4.38 -4.57 -100.47 4.75 -4.18
4 16 -100.47 4.75 -4.18 -100.47 4.38 -4.57 -100.63 4.17 -4.36 -100.63 4.53 -3.99
4 16 -100.63 4.53 -3.99 -100.63 4.17 -4.36 -100.75 3.95 -4.13 -100.75 4.29 -3.77
4 16 -100.75 4.29 -3.77 -100.75 3.95 -4.13 -100.83 3.72 -3.88 -100.83 4.04 -3.55
4 16 -98.8 5.96 -4.41 -98.8 5.56 -4.89 -99.13 5.51 -4.85 -99.13 5.9 -4.36
4 16 -99.13 5.9 -4.36 -99.13 5.51 -4.85 -99.45 5.42 -4.77 -99.45 5.8 -4.29
4 16 -99.45 5.8 -4.29 -99.45 5.42 -4.77 -99.75 5.29 -4.66 -99.75 5.67 -4.19
4 16 -99.75 5.67 -4.19 -99.75 5.29 -4.66 -100.02 5.14 -4.52 -100.02 5.51 -4.07
4 16 -100.02 5.51 -4.07 -100.02 5.14 -4.52 -100.27 4.96 -4.37 -100.27 5.31 -3.93
4 16 -100.27 5.31 -3.93 -100.27 4.96 -4.37 -100.47 4.75 -4.18 -100.47 5.09 -3.77
4 16 -100.47 5.09 -3.77 -100.47 4.75 -4.18 -100.63 4.53 -3.99 -100.63 4.85 -3.59
4 16 -100.63 4.85 -3.59 -100.63 4.53 -3.99 -100.75 4.29 -3.77 -100.75 4.59 -3.4
4 16 -100.75 4.59 -3.4 -100.75 4.29 -3.77 -100.83 4.04 -3.55 -100.83 4.33 -3.2
3 16 -98.46 6.33 -3.9 -98.8 5.96 -4.41 -98.8 6.31 -3.88
4 16 -98.8 6.31 -3.88 -98.8 5.96 -4.41 -99.13 5.9 -4.36 -99.13 6.25 -3.85
4 16 -99.13 6.25 -3.85 -99.13 5.9 -4.36 -99.45 5.8 -4.29 -99.45 6.15 -3.78
4 16 -99.45 6.15 -3.78 -99.45 5.8 -4.29 -99.75 5.67 -4.19 -99.75 6.01 -3.7
4 16 -99.75 6.01 -3.7 -99.75 5.67 -4.19 -100.02 5.51 -4.07 -100.02 5.83 -3.59
4 16 -100.02 5.83 -3.59 -100.02 5.51 -4.07 -100.27 5.31 -3.93 -100.27 5.63 -3.46
4 16 -100.27 5.63 -3.46 -100.27 5.31 -3.93 -100.47 5.09 -3.77 -100.47 5.39 -3.32
4 16 -100.47 5.39 -3.32 -100.47 5.09 -3.77 -100.63 4.85 -3.59 -100.63 5.14 -3.16
4 16 -100.63 5.14 -3.16 -100.63 4.85 -3.59 -100.75 4.59 -3.4 -100.75 4.87 -3
4 16 -100.75 4.87 -3 -100.75 4.59 -3.4 -100.83 4.33 -3.2 -100.83 4.58 -2.82
3 16 -98.46 6.58 -3.45 -98.8 6.31 -3.88 -98.8 6.62 -3.34
4 16 -98.8 6.62 -3.34 -98.8 6.31 -3.88 -99.13 6.25 -3.85 -99.13 6.55 -3.3
4 16 -99.13 6.55 -3.3 -99.13 6.25 -3.85 -99.45 6.15 -3.78 -99.45 6.44 -3.25
4 16 -99.45 6.44 -3.25 -99.45 6.15 -3.78 -99.75 6.01 -3.7 -99.75 6.3 -3.18
4 16 -99.75 6.3 -3.18 -99.75 6.01 -3.7 -100.02 5.83 -3.59 -100.02 6.12 -3.08
4 16 -100.02 6.12 -3.08 -100.02 5.83 -3.59 -100.27 5.63 -3.46 -100.27 5.9 -2.97
4 16 -100.27 5.9 -2.97 -100.27 5.63 -3.46 -100.47 5.39 -3.32 -100.47 5.66 -2.85
4 16 -100.47 5.66 -2.85 -100.47 5.39 -3.32 -100.63 5.14 -3.16 -100.63 5.39 -2.72
4 16 -100.63 5.39 -2.72 -100.63 5.14 -3.16 -100.75 4.87 -3 -100.75 5.1 -2.57
4 16 -100.75 5.1 -2.57 -100.75 4.87 -3 -100.83 4.58 -2.82 -100.83 4.8 -2.42
3 16 -98.46 6.95 -2.64 -98.8 6.87 -2.76 -98.8 7.08 -2.17
4 16 -98.8 7.08 -2.17 -98.8 6.87 -2.76 -99.13 6.81 -2.74 -99.13 7.01 -2.15
4 16 -99.13 7.01 -2.15 -99.13 6.81 -2.74 -99.45 6.7 -2.69 -99.45 6.9 -2.11
4 16 -99.45 6.9 -2.11 -99.45 6.7 -2.69 -99.75 6.54 -2.63 -99.75 6.74 -2.07
4 16 -99.75 6.74 -2.07 -99.75 6.54 -2.63 -100.02 6.35 -2.55 -100.02 6.55 -2.01
4 16 -100.02 6.55 -2.01 -100.02 6.35 -2.55 -100.27 6.13 -2.46 -100.27 6.32 -1.93
4 16 -100.27 6.32 -1.93 -100.27 6.13 -2.46 -100.47 5.88 -2.36 -100.47 6.06 -1.85
4 16 -100.47 6.06 -1.85 -100.47 5.88 -2.36 -100.63 5.6 -2.25 -100.63 5.77 -1.77
4 16 -100.63 5.77 -1.77 -100.63 5.6 -2.25 -100.75 5.3 -2.13 -100.75 5.46 -1.67
4 16 -100.75 5.46 -1.67 -100.75 5.3 -2.13 -100.83 4.99 -2.01 -100.83 5.14 -1.58
3 16 -98.46 7.22 -1.78 -98.8 7.08 -2.17 -98.8 7.24 -1.56
4 16 -98.8 7.24 -1.56 -98.8 7.08 -2.17 -99.13 7.01 -2.15 -99.13 7.17 -1.55
4 16 -99.13 7.17 -1.55 -99.13 7.01 -2.15 -99.45 6.9 -2.11 -99.45 7.05 -1.52
4 16 -99.45 7.05 -1.52 -99.45 6.9 -2.11 -99.75 6.74 -2.07 -99.75 6.89 -1.49
4 16 -99.75 6.89 -1.49 -99.75 6.74 -2.07 -100.02 6.55 -2.01 -100.02 6.69 -1.44
4 16 -100.02 6.69 -1.44 -100.02 6.55 -2.01 -100.27 6.32 -1.93 -100.27 6.46 -1.39
4 16 -100.27 6.46 -1.39 -100.27 6.32 -1.93 -100.47 6.06 -1.85 -100.47 6.19 -1.33
4 16 -100.47 6.19 -1.33 -100.47 6.06 -1.85 -100.63 5.77 -1.77 -100.63 5.9 -1.27
4 16 -100.63 5.9 -1.27 -100.63 5.77 -1.77 -100.75 5.46 -1.67 -100.75 5.59 -1.2
4 16 -100.75 5.59 -1.2 -100.75 5.46 -1.67 -100.83 5.14 -1.58 -100.83 5.26 -1.13
4 16 -98.8 7.35 -0.94 -98.8 7.24 -1.56 -99.13 7.17 -1.55 -99.13 7.28 -0.93
4 16 -99.13 7.28 -0.93 -99.13 7.17 -1.55 -99.45 7.05 -1.52 -99.45 7.16 -0.92
4 16 -99.45 7.16 -0.92 -99.45 7.05 -1.52 -99.75 6.89 -1.49 -99.75 7 -0.9
4 16 -99.75 7 -0.9 -99.75 6.89 -1.49 -100.02 6.69 -1.44 -100.02 6.79 -0.87
4 16 -100.02 6.79 -0.87 -100.02 6.69 -1.44 -100.27 6.46 -1.39 -100.27 6.55 -0.84
4 16 -100.27 6.55 -0.84 -100.27 6.46 -1.39 -100.47 6.19 -1.33 -100.47 6.28 -0.8
4 16 -100.47 6.28 -0.8 -100.47 6.19 -1.33 -100.63 5.9 -1.27 -100.63 5.98 -0.77
4 16 -100.63 5.98 -0.77 -100.63 5.9 -1.27 -100.75 5.59 -1.2 -100.75 5.67 -0.73
4 16 -100.75 5.67 -0.73 -100.75 5.59 -1.2 -100.83 5.26 -1.13 -100.83 5.34 -0.68
4 16 -98.8 7.4 -0.31 -98.8 7.35 -0.94 -99.13 7.28 -0.93 -99.13 7.33 -0.31
4 16 -99.13 7.33 -0.31 -99.13 7.28 -0.93 -99.45 7.16 -0.92 -99.45 7.21 -0.31
4 16 -99.45 7.21 -0.31 -99.45 7.16 -0.92 -99.75 7 -0.9 -99.75 7.05 -0.3
4 16 -99.75 7.05 -0.3 -99.75 7 -0.9 -100.02 6.79 -0.87 -100.02 6.84 -0.29
4 16 -100.02 6.84 -0.29 -100.02 6.79 -0.87 -100.27 6.55 -0.84 -100.27 6.6 -0.28
4 16 -100.27 6.6 -0.28 -100.27 6.55 -0.84 -100.47 6.28 -0.8 -100.47 6.33 -0.27
4 16 -100.47 6.33 -0.27 -100.47 6.28 -0.8 -100.63 5.98 -0.77 -100.63 6.03 -0.26
4 16 -100.63 6.03 -0.26 -100.63 5.98 -0.77 -100.75 5.67 -0.73 -100.75 5.71 -0.24
4 16 -100.75 5.71 -0.24 -100.75 5.67 -0.73 -100.83 5.34 -0.68 -100.83 5.38 -0.23
4 16 -98.8 7.35 0.94 -98.8 7.4 0.31 -99.13 7.33 0.31 -99.13 7.28 0.93
4 16 -99.13 7.28 0.93 -99.13 7.33 0.31 -99.45 7.21 0.31 -99.45 7.16 0.92
4 16 -99.45 7.16 0.92 -99.45 7.21 0.31 -99.75 7.05 0.3 -99.75 7 0.9
4 16 -99.75 7 0.9 -99.75 7.05 0.3 -100.02 6.84 0.29 -100.02 6.79 0.87
4 16 -100.02 6.79 0.87 -100.02 6.84 0.29 -100.27 6.6 0.28 -100.27 6.55 0.84
4 16 -100.27 6.55 0.84 -100.27 6.6 0.28 -100.47 6.33 0.27 -100.47 6.28 0.8
4 16 -100.47 6.28 0.8 -100.47 6.33 0.27 -100.63 6.03 0.26 -100.63 5.98 0.77
4 16 -100.63 5.98 0.77 -100.63 6.03 0.26 -100.75 5.71 0.24 -100.75 5.67 0.73
4 16 -100.75 5.67 0.73 -100.75 5.71 0.24 -100.83 5.38 0.23 -100.83 5.34 0.68
4 16 -98.8 7.24 1.56 -98.8 7.35 0.94 -99.13 7.28 0.93 -99.13 7.17 1.55
4 16 -99.13 7.17 1.55 -99.13 7.28 0.93 -99.45 7.16 0.92 -99.45 7.05 1.52
4 16 -99.45 7.05 1.52 -99.45 7.16 0.92 -99.75 7 0.9 -99.75 6.89 1.49
4 16 -99.75 6.89 1.49 -99.75 7 0.9 -100.02 6.79 0.87 -100.02 6.69 1.44
4 16 -100.02 6.69 1.44 -100.02 6.79 0.87 -100.27 6.55 0.84 -100.27 6.46 1.39
4 16 -100.27 6.46 1.39 -100.27 6.55 0.84 -100.47 6.28 0.8 -100.47 6.19 1.33
4 16 -100.47 6.19 1.33 -100.47 6.28 0.8 -100.63 5.98 0.77 -100.63 5.9 1.27
4 16 -100.63 5.9 1.27 -100.63 5.98 0.77 -100.75 5.67 0.73 -100.75 5.59 1.2
4 16 -100.75 5.59 1.2 -100.75 5.67 0.73 -100.83 5.34 0.68 -100.83 5.26 1.13
3 16 -98.46 7.11 2.18 -98.8 7.24 1.56 -98.8 7.08 2.17
4 16 -98.8 7.08 2.17 -98.8 7.24 1.56 -99.13 7.17 1.55 -99.13 7.01 2.15
4 16 -99.13 7.01 2.15 -99.13 7.17 1.55 -99.45 7.05 1.52 -99.45 6.9 2.11
4 16 -99.45 6.9 2.11 -99.45 7.05 1.52 -99.75 6.89 1.49 -99.75 6.74 2.07
4 16 -99.75 6.74 2.07 -99.75 6.89 1.49 -100.02 6.69 1.44 -100.02 6.55 2.01
4 16 -100.02 6.55 2.01 -100.02 6.69 1.44 -100.27 6.46 1.39 -100.27 6.32 1.93
4 16 -100.27 6.32 1.93 -100.27 6.46 1.39 -100.47 6.19 1.33 -100.47 6.06 1.85
4 16 -100.47 6.06 1.85 -100.47 6.19 1.33 -100.63 5.9 1.27 -100.63 5.77 1.77
4 16 -100.63 5.77 1.77 -100.63 5.9 1.27 -100.75 5.59 1.2 -100.75 5.46 1.67
4 16 -100.75 5.46 1.67 -100.75 5.59 1.2 -100.83 5.26 1.13 -100.83 5.14 1.58
3 16 -98.46 6.95 2.64 -98.8 7.08 2.17 -98.8 6.87 2.76
4 16 -98.8 6.87 2.76 -98.8 7.08 2.17 -99.13 7.01 2.15 -99.13 6.81 2.74
4 16 -99.13 6.81 2.74 -99.13 7.01 2.15 -99.45 6.9 2.11 -99.45 6.7 2.69
4 16 -99.45 6.7 2.69 -99.45 6.9 2.11 -99.75 6.74 2.07 -99.75 6.54 2.63
4 16 -99.75 6.54 2.63 -99.75 6.74 2.07 -100.02 6.55 2.01 -100.02 6.35 2.55
4 16 -100.02 6.35 2.55 -100.02 6.55 2.01 -100.27 6.32 1.93 -100.27 6.13 2.46
4 16 -100.27 6.13 2.46 -100.27 6.32 1.93 -100.47 6.06 1.85 -100.47 5.88 2.36
4 16 -100.47 5.88 2.36 -100.47 6.06 1.85 -100.63 5.77 1.77 -100.63 5.6 2.25
4 16 -100.63 5.6 2.25 -100.63 5.77 1.77 -100.75 5.46 1.67 -100.75 5.3 2.13
4 16 -100.75 5.3 2.13 -100.75 5.46 1.67 -100.83 5.14 1.58 -100.83 4.99 2.01
3 16 -98.46 6.58 3.45 -98.8 6.62 3.34 -98.8 6.31 3.88
4 16 -98.8 6.31 3.88 -98.8 6.62 3.34 -99.13 6.55 3.3 -99.13 6.25 3.85
4 16 -99.13 6.25 3.85 -99.13 6.55 3.3 -99.45 6.44 3.25 -99.45 6.15 3.78
4 16 -99.45 6.15 3.78 -99.45 6.44 3.25 -99.75 6.3 3.18 -99.75 6.01 3.7
4 16 -99.75 6.01 3.7 -99.75 6.3 3.18 -100.02 6.12 3.08 -100.02 5.83 3.59
4 16 -100.02 5.83 3.59 -100.02 6.12 3.08 -100.27 5.9 2.97 -100.27 5.63 3.46
4 16 -100.27 5.63 3.46 -100.27 5.9 2.97 -100.47 5.66 2.85 -100.47 5.39 3.32
4 16 -100.47 5.39 3.32 -100.47 5.66 2.85 -100.63 5.39 2.72 -100.63 5.14 3.16
4 16 -100.63 5.14 3.16 -100.63 5.39 2.72 -100.75 5.1 2.57 -100.75 4.87 3
4 16 -100.75 4.87 3 -100.75 5.1 2.57 -100.83 4.8 2.42 -100.83 4.58 2.82
3 16 -98.46 6.12 4.22 -98.8 6.31 3.88 -98.8 5.96 4.41
4 16 -98.8 5.96 4.41 -98.8 6.31 3.88 -99.13 6.25 3.85 -99.13 5.9 4.36
4 16 -99.13 5.9 4.36 -99.13 6.25 3.85 -99.45 6.15 3.78 -99.45 5.8 4.29
4 16 -99.45 5.8 4.29 -99.45 6.15 3.78 -99.75 6.01 3.7 -99.75 5.67 4.19
4 16 -99.75 5.67 4.19 -99.75 6.01 3.7 -100.02 5.83 3.59 -100.02 5.51 4.07
4 16 -100.02 5.51 4.07 -100.02 5.83 3.59 -100.27 5.63 3.46 -100.27 5.31 3.93
4 16 -100.27 5.31 3.93 -100.27 5.63 3.46 -100.47 5.39 3.32 -100.47 5.09 3.77
4 16 -100.47 5.09 3.77 -100.47 5.39 3.32 -100.63 5.14 3.16 -100.63 4.85 3.59
4 16 -100.63 4.85 3.59 -100.63 5.14 3.16 -100.75 4.87 3 -100.75 4.59 3.4
4 16 -100.75 4.59 3.4 -100.75 4.87 3 -100.83 4.58 2.82 -100.83 4.33 3.2
4 16 -98.8 5.56 4.89 -98.8 5.96 4.41 -99.13 5.9 4.36 -99.13 5.51 4.85
4 16 -99.13 5.51 4.85 -99.13 5.9 4.36 -99.45 5.8 4.29 -99.45 5.42 4.77
4 16 -99.45 5.42 4.77 -99.45 5.8 4.29 -99.75 5.67 4.19 -99.75 5.29 4.66
4 16 -99.75 5.29 4.66 -99.75 5.67 4.19 -100.02 5.51 4.07 -100.02 5.14 4.52
4 16 -100.02 5.14 4.52 -100.02 5.51 4.07 -100.27 5.31 3.93 -100.27 4.96 4.37
4 16 -100.27 4.96 4.37 -100.27 5.31 3.93 -100.47 5.09 3.77 -100.47 4.75 4.18
4 16 -100.47 4.75 4.18 -100.47 5.09 3.77 -100.63 4.85 3.59 -100.63 4.53 3.99
4 16 -100.63 4.53 3.99 -100.63 4.85 3.59 -100.75 4.59 3.4 -100.75 4.29 3.77
4 16 -100.75 4.29 3.77 -100.75 4.59 3.4 -100.83 4.33 3.2 -100.83 4.04 3.55
4 16 -98.8 5.13 5.35 -98.8 5.56 4.89 -99.13 5.51 4.85 -99.13 5.08 5.3
4 16 -99.13 5.08 5.3 -99.13 5.51 4.85 -99.45 5.42 4.77 -99.45 4.99 5.21
4 16 -99.45 4.99 5.21 -99.45 5.42 4.77 -99.75 5.29 4.66 -99.75 4.88 5.09
4 16 -99.75 4.88 5.09 -99.75 5.29 4.66 -100.02 5.14 4.52 -100.02 4.74 4.94
4 16 -100.02 4.74 4.94 -100.02 5.14 4.52 -100.27 4.96 4.37 -100.27 4.57 4.77
4 16 -100.27 4.57 4.77 -100.27 4.96 4.37 -100.47 4.75 4.18 -100.47 4.38 4.57
4 16 -100.47 4.38 4.57 -100.47 4.75 4.18 -100.63 4.53 3.99 -100.63 4.17 4.36
4 16 -100.63 4.17 4.36 -100.63 4.53 3.99 -100.75 4.29 3.77 -100.75 3.95 4.13
4 16 -100.75 3.95 4.13 -100.75 4.29 3.77 -100.83 4.04 3.55 -100.83 3.72 3.88
3 16 -98.46 4.67 5.78 -98.8 5.13 5.35 -98.8 4.65 5.76
4 16 -98.8 4.65 5.76 -98.8 5.13 5.35 -99.13 5.08 5.3 -99.13 4.61 5.71
4 16 -99.13 4.61 5.71 -99.13 5.08 5.3 -99.45 4.99 5.21 -99.45 4.53 5.61
4 16 -99.45 4.53 5.61 -99.45 4.99 5.21 -99.75 4.88 5.09 -99.75 4.43 5.49
4 16 -99.75 4.43 5.49 -99.75 4.88 5.09 -100.02 4.74 4.94 -100.02 4.3 5.33
4 16 -100.02 4.3 5.33 -100.02 4.74 4.94 -100.27 4.57 4.77 -100.27 4.15 5.14
4 16 -100.27 4.15 5.14 -100.27 4.57 4.77 -100.47 4.38 4.57 -100.47 3.98 4.93
4 16 -100.47 3.98 4.93 -100.47 4.38 4.57 -100.63 4.17 4.36 -100.63 3.79 4.69
4 16 -100.63 3.79 4.69 -100.63 4.17 4.36 -100.75 3.95 4.13 -100.75 3.59 4.45
4 16 -100.75 3.59 4.45 -100.75 3.95 4.13 -100.83 3.72 3.88 -100.83 3.38 4.19
4 16 -98.8 3.61 6.47 -98.8 4.15 6.14 -99.13 4.11 6.08 -99.13 3.58 6.4
4 16 -99.13 3.58 6.4 -99.13 4.11 6.08 -99.45 4.04 5.98 -99.45 3.52 6.3
4 16 -99.45 3.52 6.3 -99.45 4.04 5.98 -99.75 3.95 5.84 -99.75 3.44 6.16
4 16 -99.75 3.44 6.16 -99.75 3.95 5.84 -100.02 3.83 5.67 -100.02 3.34 5.98
4 16 -100.02 3.34 5.98 -100.02 3.83 5.67 -100.27 3.7 5.47 -100.27 3.22 5.77
4 16 -100.27 3.22 5.77 -100.27 3.7 5.47 -100.47 3.55 5.25 -100.47 3.09 5.53
4 16 -100.47 3.09 5.53 -100.47 3.55 5.25 -100.63 3.38 5 -100.63 2.94 5.27
4 16 -100.63 2.94 5.27 -100.63 3.38 5 -100.75 3.2 4.73 -100.75 2.79 4.99
4 16 -100.75 2.79 4.99 -100.75 3.2 4.73 -100.83 3.01 4.46 -100.83 2.62 4.7
3 16 -98.46 3.45 6.58 -98.8 3.61 6.47 -98.8 3.05 6.75
4 16 -98.8 3.05 6.75 -98.8 3.61 6.47 -99.13 3.58 6.4 -99.13 3.02 6.68
4 16 -99.13 3.02 6.68 -99.13 3.58 6.4 -99.45 3.52 6.3 -99.45 2.97 6.58
4 16 -99.45 2.97 6.58 -99.45 3.52 6.3 -99.75 3.44 6.16 -99.75 2.91 6.43
4 16 -99.75 2.91 6.43 -99.75 3.44 6.16 -100.02 3.34 5.98 -100.02 2.82 6.24
4 16 -100.02 2.82 6.24 -100.02 3.34 5.98 -100.27 3.22 5.77 -100.27 2.72 6.02
4 16 -100.27 2.72 6.02 -100.27 3.22 5.77 -100.47 3.09 5.53 -100.47 2.61 5.77
4 16 -100.47 2.61 5.77 -100.47 3.09 5.53 -100.63 2.94 5.27 -100.63 2.49 5.5
4 16 -100.63 2.49 5.5 -100.63 2.94 5.27 -100.75 2.79 4.99 -100.75 2.35 5.21
4 16 -100.75 2.35 5.21 -100.75 2.79 4.99 -100.83 2.62 4.7 -100.83 2.22 4.9
3 16 -98.46 2.64 6.95 -98.8 3.05 6.75 -98.8 2.47 6.99
4 16 -98.8 2.47 6.99 -98.8 3.05 6.75 -99.13 3.02 6.68 -99.13 2.44 6.92
4 16 -99.13 2.44 6.92 -99.13 3.02 6.68 -99.45 2.97 6.58 -99.45 2.4 6.8
4 16 -99.45 2.4 6.8 -99.45 2.97 6.58 -99.75 2.91 6.43 -99.75 2.35 6.65
4 16 -99.75 2.35 6.65 -99.75 2.91 6.43 -100.02 2.82 6.24 -100.02 2.28 6.46
4 16 -100.02 2.28 6.46 -100.02 2.82 6.24 -100.27 2.72 6.02 -100.27 2.2 6.23
4 16 -100.27 2.2 6.23 -100.27 2.72 6.02 -100.47 2.61 5.77 -100.47 2.11 5.97
4 16 -100.47 2.11 5.97 -100.47 2.61 5.77 -100.63 2.49 5.5 -100.63 2.01 5.69
4 16 -100.63 2.01 5.69 -100.63 2.49 5.5 -100.75 2.35 5.21 -100.75 1.9 5.39
4 16 -100.75 1.9 5.39 -100.75 2.35 5.21 -100.83 2.22 4.9 -100.83 1.79 5.07
4 16 -98.8 1.87 7.17 -98.8 2.47 6.99 -99.13 2.44 6.92 -99.13 1.85 7.1
4 16 -99.13 1.85 7.1 -99.13 2.44 6.92 -99.45 2.4 6.8 -99.45 1.82 6.98
4 16 -99.45 1.82 6.98 -99.45 2.4 6.8 -99.75 2.35 6.65 -99.75 1.78 6.83
4 16 -99.75 1.78 6.83 -99.75 2.35 6.65 -100.02 2.28 6.46 -100.02 1.73 6.63
4 16 -100.02 1.73 6.63 -100.02 2.28 6.46 -100.27 2.2 6.23 -100.27 1.66 6.39
4 16 -100.27 1.66 6.39 -100.27 2.2 6.23 -100.47 2.11 5.97 -100.47 1.6 6.13
4 16 -100.47 1.6 6.13 -100.47 2.11 5.97 -100.63 2.01 5.69 -100.63 1.52 5.84
4 16 -100.63 1.52 5.84 -100.63 2.01 5.69 -100.75 1.9 5.39 -100.75 1.44 5.53
4 16 -100.75 1.44 5.53 -100.75 1.9 5.39 -100.83 1.79 5.07 -100.83 1.36 5.21
3 16 -98.46 0.9 7.38 -98.8 1.25 7.3 -98.8 0.63 7.38
4 16 -98.8 0.63 7.38 -98.8 1.25 7.3 -99.13 1.24 7.23 -99.13 0.62 7.31
4 16 -99.13 0.62 7.31 -99.13 1.24 7.23 -99.45 1.22 7.11 -99.45 0.61 7.19
4 16 -99.45 0.61 7.19 -99.45 1.22 7.11 -99.75 1.19 6.95 -99.75 0.6 7.03
4 16 -99.75 0.6 7.03 -99.75 1.19 6.95 -100.02 1.16 6.75 -100.02 0.58 6.82
4 16 -100.02 0.58 6.82 -100.02 1.16 6.75 -100.27 1.12 6.51 -100.27 0.56 6.58
4 16 -100.27 0.56 6.58 -100.27 1.12 6.51 -100.47 1.07 6.24 -100.47 0.54 6.31
4 16 -100.47 0.54 6.31 -100.47 1.07 6.24 -100.63 1.02 5.95 -100.63 0.51 6.01
4 16 -100.63 0.51 6.01 -100.63 1.02 5.95 -100.75 0.97 5.63 -100.75 0.48 5.69
4 16 -100.75 0.48 5.69 -100.75 0.97 5.63 -100.83 0.91 5.3 -100.83 0.46 5.36
4 16 -98.8 0 7.41 -98.8 0.63 7.38 -99.13 0.62 7.31 -99.13 0 7.34
4 16 -99.13 0 7.34 -99.13 0.62 7.31 -99.45 0.61 7.19 -99.45 0 7.22
4 16 -99.45 0 7.22 -99.45 0.61 7.19 -99.75 0.6 7.03 -99.75 0 7.05
4 16 -99.75 0 7.05 -99.75 0.6 7.03 -100.02 0.58 6.82 -100.02 0 6.85
4 16 -100.02 0 6.85 -100.02 0.58 6.82 -100.27 0.56 6.58 -100.27 0 6.61
4 16 -100.27 0 6.61 -100.27 0.56 6.58 -100.47 0.54 6.31 -100.47 0 6.33
4 16 -100.47 0 6.33 -100.47 0.54 6.31 -100.63 0.51 6.01 -100.63 0 6.03
4 16 -100.63 0 6.03 -100.63 0.51 6.01 -100.75 0.48 5.69 -100.75 0 5.71
4 16 -100.75 0 5.71 -100.75 0.48 5.69 -100.83 0.46 5.36 -100.83 0 5.38
4 16 -98.8 0.63 -7.38 -98.8 0 -7.41 -99.13 0 -7.34 -99.13 0.62 -7.31
4 16 -99.13 0.62 -7.31 -99.13 0 -7.34 -99.45 0 -7.22 -99.45 0.61 -7.19
4 16 -99.45 0.61 -7.19 -99.45 0 -7.22 -99.75 0 -7.05 -99.75 0.6 -7.03
4 16 -99.75 0.6 -7.03 -99.75 0 -7.05 -100.02 0 -6.85 -100.02 0.58 -6.82
4 16 -100.02 0.58 -6.82 -100.02 0 -6.85 -100.27 0 -6.61 -100.27 0.56 -6.58
4 16 -100.27 0.56 -6.58 -100.27 0 -6.61 -100.47 0 -6.33 -100.47 0.54 -6.31
4 16 -100.47 0.54 -6.31 -100.47 0 -6.33 -100.63 0 -6.03 -100.63 0.51 -6.01
4 16 -100.63 0.51 -6.01 -100.63 0 -6.03 -100.75 0 -5.71 -100.75 0.48 -5.69
4 16 -100.75 0.48 -5.69 -100.75 0 -5.71 -100.83 0 -5.38 -100.83 0.46 -5.36
4 16 -100.83 0.46 -5.36 -100.85 0 -5.04 -100.85 0.53 -5.01 -100.83 0.91 -5.3
3 16 -98.46 1.26 -7.33 -98.8 0.63 -7.38 -98.8 1.25 -7.3
4 16 -98.8 1.25 -7.3 -98.8 0.63 -7.38 -99.13 0.62 -7.31 -99.13 1.24 -7.23
4 16 -99.13 1.24 -7.23 -99.13 0.62 -7.31 -99.45 0.61 -7.19 -99.45 1.22 -7.11
4 16 -99.45 1.22 -7.11 -99.45 0.61 -7.19 -99.75 0.6 -7.03 -99.75 1.19 -6.95
4 16 -99.75 1.19 -6.95 -99.75 0.6 -7.03 -100.02 0.58 -6.82 -100.02 1.16 -6.75
4 16 -100.02 1.16 -6.75 -100.02 0.58 -6.82 -100.27 0.56 -6.58 -100.27 1.12 -6.51
4 16 -100.27 1.12 -6.51 -100.27 0.56 -6.58 -100.47 0.54 -6.31 -100.47 1.07 -6.24
4 16 -100.47 1.07 -6.24 -100.47 0.54 -6.31 -100.63 0.51 -6.01 -100.63 1.02 -5.95
4 16 -100.63 1.02 -5.95 -100.63 0.51 -6.01 -100.75 0.48 -5.69 -100.75 0.97 -5.63
4 16 -100.75 0.97 -5.63 -100.75 0.48 -5.69 -100.83 0.46 -5.36 -100.83 0.91 -5.3
4 16 -100.83 0.91 -5.3 -100.85 0.53 -5.01 -100.85 1.05 -4.93 -100.83 1.36 -5.21
4 16 -100.85 2.96 -4.08 -100.83 3.38 -4.19 -100.83 3.01 -4.46 -100.85 2.52 -4.36
3 16 -100.85 2.52 -4.36 -100.83 3.01 -4.46 -100.83 2.62 -4.7
4 16 -100.85 2.52 -4.36 -100.83 2.62 -4.7 -100.83 2.22 -4.9 -100.85 2.05 -4.6
4 16 -100.85 2.05 -4.6 -100.83 2.22 -4.9 -100.83 1.79 -5.07 -100.85 1.56 -4.79
4 16 -100.85 1.56 -4.79 -100.83 1.79 -5.07 -100.83 1.36 -5.21 -100.85 1.05 -4.93
4 16 -100.83 0.91 -5.3 -100.83 1.36 -5.21 -100.75 1.44 -5.53 -100.75 0.97 -5.63
4 16 -100.75 0.97 -5.63 -100.75 1.44 -5.53 -100.63 1.52 -5.84 -100.63 1.02 -5.95
4 16 -100.63 1.02 -5.95 -100.63 1.52 -5.84 -100.47 1.6 -6.13 -100.47 1.07 -6.24
4 16 -100.47 1.07 -6.24 -100.47 1.6 -6.13 -100.27 1.66 -6.39 -100.27 1.12 -6.51
4 16 -100.27 1.12 -6.51 -100.27 1.66 -6.39 -100.02 1.73 -6.63 -100.02 1.16 -6.75
4 16 -100.02 1.16 -6.75 -100.02 1.73 -6.63 -99.75 1.78 -6.83 -99.75 1.19 -6.95
4 16 -99.75 1.19 -6.95 -99.75 1.78 -6.83 -99.45 1.82 -6.98 -99.45 1.22 -7.11
4 16 -99.45 1.22 -7.11 -99.45 1.82 -6.98 -99.13 1.85 -7.1 -99.13 1.24 -7.23
4 16 -99.13 1.24 -7.23 -99.13 1.85 -7.1 -98.8 1.87 -7.17 -98.8 1.25 -7.3
3 16 -98.8 1.25 -7.3 -98.8 1.87 -7.17 -98.46 1.78 -7.22
3 16 -98.8 1.25 -7.3 -98.46 1.78 -7.22 -98.46 1.26 -7.33
4 16 -100.85 4.6 -2.05 -100.83 4.99 -2.01 -100.83 4.8 -2.42 -100.85 4.36 -2.52
3 16 -100.85 4.36 -2.52 -100.83 4.8 -2.42 -100.83 4.58 -2.82
4 16 -100.85 4.36 -2.52 -100.83 4.58 -2.82 -100.83 4.33 -3.2 -100.85 4.08 -2.96
4 16 -100.85 4.08 -2.96 -100.83 4.33 -3.2 -100.83 4.04 -3.55 -100.85 3.74 -3.37
4 16 -100.85 3.74 -3.37 -100.83 4.04 -3.55 -100.83 3.72 -3.88 -100.85 3.37 -3.74
4 16 -100.85 3.37 -3.74 -100.83 3.72 -3.88 -100.83 3.38 -4.19 -100.85 2.96 -4.08
4 16 -100.83 3.01 -4.46 -100.83 3.38 -4.19 -100.75 3.59 -4.45 -100.75 3.2 -4.73
4 16 -100.75 3.2 -4.73 -100.75 3.59 -4.45 -100.63 3.79 -4.69 -100.63 3.38 -5
4 16 -100.63 3.38 -5 -100.63 3.79 -4.69 -100.47 3.98 -4.93 -100.47 3.55 -5.25
4 16 -100.47 3.55 -5.25 -100.47 3.98 -4.93 -100.27 4.15 -5.14 -100.27 3.7 -5.47
4 16 -100.27 3.7 -5.47 -100.27 4.15 -5.14 -100.02 4.3 -5.33 -100.02 3.83 -5.67
4 16 -100.02 3.83 -5.67 -100.02 4.3 -5.33 -99.75 4.43 -5.49 -99.75 3.95 -5.84
4 16 -99.75 3.95 -5.84 -99.75 4.43 -5.49 -99.45 4.53 -5.61 -99.45 4.04 -5.98
4 16 -99.45 4.04 -5.98 -99.45 4.53 -5.61 -99.13 4.61 -5.71 -99.13 4.11 -6.08
4 16 -99.13 4.11 -6.08 -99.13 4.61 -5.71 -98.8 4.65 -5.76 -98.8 4.15 -6.14
3 16 -98.8 4.15 -6.14 -98.46 4.22 -6.12 -98.46 4.16 -6.16
4 16 -100.85 5.04 0 -100.83 5.38 0.23 -100.83 5.38 -0.23 -100.85 5.01 -0.53
3 16 -100.85 5.01 -0.53 -100.83 5.38 -0.23 -100.83 5.34 -0.68
4 16 -100.85 5.01 -0.53 -100.83 5.34 -0.68 -100.83 5.26 -1.13 -100.85 4.93 -1.05
4 16 -100.85 4.93 -1.05 -100.83 5.26 -1.13 -100.83 5.14 -1.58 -100.85 4.79 -1.56
4 16 -100.85 4.79 -1.56 -100.83 5.14 -1.58 -100.83 4.99 -2.01 -100.85 4.6 -2.05
4 16 -100.83 4.8 -2.42 -100.83 4.99 -2.01 -100.75 5.3 -2.13 -100.75 5.1 -2.57
4 16 -100.75 5.1 -2.57 -100.75 5.3 -2.13 -100.63 5.6 -2.25 -100.63 5.39 -2.72
4 16 -100.63 5.39 -2.72 -100.63 5.6 -2.25 -100.47 5.88 -2.36 -100.47 5.66 -2.85
4 16 -100.47 5.66 -2.85 -100.47 5.88 -2.36 -100.27 6.13 -2.46 -100.27 5.9 -2.97
4 16 -100.27 5.9 -2.97 -100.27 6.13 -2.46 -100.02 6.35 -2.55 -100.02 6.12 -3.08
4 16 -100.02 6.12 -3.08 -100.02 6.35 -2.55 -99.75 6.54 -2.63 -99.75 6.3 -3.18
4 16 -99.75 6.3 -3.18 -99.75 6.54 -2.63 -99.45 6.7 -2.69 -99.45 6.44 -3.25
4 16 -99.45 6.44 -3.25 -99.45 6.7 -2.69 -99.13 6.81 -2.74 -99.13 6.55 -3.3
4 16 -99.13 6.55 -3.3 -99.13 6.81 -2.74 -98.8 6.87 -2.76 -98.8 6.62 -3.34
4 16 -98.8 6.62 -3.34 -98.8 6.87 -2.76 -98.46 6.9 -2.77 -98.46 6.64 -3.35
4 16 -100.85 4.6 2.05 -100.83 4.8 2.42 -100.83 4.99 2.01 -100.85 4.79 1.56
3 16 -100.85 4.79 1.56 -100.83 4.99 2.01 -100.83 5.14 1.58
4 16 -100.85 4.79 1.56 -100.83 5.14 1.58 -100.83 5.26 1.13 -100.85 4.93 1.05
4 16 -100.85 4.93 1.05 -100.83 5.26 1.13 -100.83 5.34 0.68 -100.85 5.01 0.53
4 16 -100.85 5.01 0.53 -100.83 5.34 0.68 -100.83 5.38 0.23 -100.85 5.04 0
4 16 -100.83 5.38 -0.23 -100.83 5.38 0.23 -100.75 5.71 0.24 -100.75 5.71 -0.24
4 16 -100.75 5.71 -0.24 -100.75 5.71 0.24 -100.63 6.03 0.26 -100.63 6.03 -0.26
4 16 -100.63 6.03 -0.26 -100.63 6.03 0.26 -100.47 6.33 0.27 -100.47 6.33 -0.27
4 16 -100.47 6.33 -0.27 -100.47 6.33 0.27 -100.27 6.6 0.28 -100.27 6.6 -0.28
4 16 -100.27 6.6 -0.28 -100.27 6.6 0.28 -100.02 6.84 0.29 -100.02 6.84 -0.29
4 16 -100.02 6.84 -0.29 -100.02 6.84 0.29 -99.75 7.05 0.3 -99.75 7.05 -0.3
4 16 -99.75 7.05 -0.3 -99.75 7.05 0.3 -99.45 7.21 0.31 -99.45 7.21 -0.31
4 16 -99.45 7.21 -0.31 -99.45 7.21 0.31 -99.13 7.33 0.31 -99.13 7.33 -0.31
4 16 -99.13 7.33 -0.31 -99.13 7.33 0.31 -98.8 7.4 0.31 -98.8 7.4 -0.31
3 16 -98.8 7.4 -0.31 -98.8 7.4 0.31 -98.46 7.43 0
3 16 -98.8 7.4 -0.31 -98.46 7.43 0 -98.46 7.43 -0.32
4 16 -100.85 2.96 4.08 -100.83 3.01 4.46 -100.83 3.38 4.19 -100.85 3.37 3.74
3 16 -100.85 3.37 3.74 -100.83 3.38 4.19 -100.83 3.72 3.88
4 16 -100.85 3.37 3.74 -100.83 3.72 3.88 -100.83 4.04 3.55 -100.85 3.74 3.37
4 16 -100.85 3.74 3.37 -100.83 4.04 3.55 -100.83 4.33 3.2 -100.85 4.08 2.96
4 16 -100.85 4.08 2.96 -100.83 4.33 3.2 -100.83 4.58 2.82 -100.85 4.36 2.52
4 16 -100.85 4.36 2.52 -100.83 4.58 2.82 -100.83 4.8 2.42 -100.85 4.6 2.05
4 16 -100.83 4.99 2.01 -100.83 4.8 2.42 -100.75 5.1 2.57 -100.75 5.3 2.13
4 16 -100.75 5.3 2.13 -100.75 5.1 2.57 -100.63 5.39 2.72 -100.63 5.6 2.25
4 16 -100.63 5.6 2.25 -100.63 5.39 2.72 -100.47 5.66 2.85 -100.47 5.88 2.36
4 16 -100.47 5.88 2.36 -100.47 5.66 2.85 -100.27 5.9 2.97 -100.27 6.13 2.46
4 16 -100.27 6.13 2.46 -100.27 5.9 2.97 -100.02 6.12 3.08 -100.02 6.35 2.55
4 16 -100.02 6.35 2.55 -100.02 6.12 3.08 -99.75 6.3 3.18 -99.75 6.54 2.63
4 16 -99.75 6.54 2.63 -99.75 6.3 3.18 -99.45 6.44 3.25 -99.45 6.7 2.69
4 16 -99.45 6.7 2.69 -99.45 6.44 3.25 -99.13 6.55 3.3 -99.13 6.81 2.74
4 16 -99.13 6.81 2.74 -99.13 6.55 3.3 -98.8 6.62 3.34 -98.8 6.87 2.76
4 16 -98.8 6.87 2.76 -98.8 6.62 3.34 -98.46 6.64 3.35 -98.46 6.9 2.77
4 16 -100.85 1.05 4.93 -100.83 0.91 5.3 -100.83 1.36 5.21 -100.85 1.56 4.79
3 16 -100.85 1.56 4.79 -100.83 1.36 5.21 -100.83 1.79 5.07
4 16 -100.85 1.56 4.79 -100.83 1.79 5.07 -100.83 2.22 4.9 -100.85 2.05 4.6
4 16 -100.85 2.05 4.6 -100.83 2.22 4.9 -100.83 2.62 4.7 -100.85 2.52 4.36
4 16 -100.85 2.52 4.36 -100.83 2.62 4.7 -100.83 3.01 4.46 -100.85 2.96 4.08
4 16 -100.83 3.38 4.19 -100.83 3.01 4.46 -100.75 3.2 4.73 -100.75 3.59 4.45
4 16 -100.75 3.59 4.45 -100.75 3.2 4.73 -100.63 3.38 5 -100.63 3.79 4.69
4 16 -100.63 3.79 4.69 -100.63 3.38 5 -100.47 3.55 5.25 -100.47 3.98 4.93
4 16 -100.47 3.98 4.93 -100.47 3.55 5.25 -100.27 3.7 5.47 -100.27 4.15 5.14
4 16 -100.27 4.15 5.14 -100.27 3.7 5.47 -100.02 3.83 5.67 -100.02 4.3 5.33
4 16 -100.02 4.3 5.33 -100.02 3.83 5.67 -99.75 3.95 5.84 -99.75 4.43 5.49
4 16 -99.75 4.43 5.49 -99.75 3.95 5.84 -99.45 4.04 5.98 -99.45 4.53 5.61
4 16 -99.45 4.53 5.61 -99.45 4.04 5.98 -99.13 4.11 6.08 -99.13 4.61 5.71
4 16 -99.13 4.61 5.71 -99.13 4.11 6.08 -98.8 4.15 6.14 -98.8 4.65 5.76
4 16 -98.8 4.65 5.76 -98.8 4.15 6.14 -98.46 4.22 6.12 -98.46 4.67 5.78
4 16 -100.85 0 5.04 -100.83 0 5.38 -100.83 0.46 5.36 -100.85 0.53 5.01
4 16 -100.85 0.53 5.01 -100.83 0.46 5.36 -100.83 0.91 5.3 -100.85 1.05 4.93
4 16 -100.83 1.36 5.21 -100.83 0.91 5.3 -100.75 0.97 5.63 -100.75 1.44 5.53
4 16 -100.75 1.44 5.53 -100.75 0.97 5.63 -100.63 1.02 5.95 -100.63 1.52 5.84
4 16 -100.63 1.52 5.84 -100.63 1.02 5.95 -100.47 1.07 6.24 -100.47 1.6 6.13
4 16 -100.47 1.6 6.13 -100.47 1.07 6.24 -100.27 1.12 6.51 -100.27 1.66 6.39
4 16 -100.27 1.66 6.39 -100.27 1.12 6.51 -100.02 1.16 6.75 -100.02 1.73 6.63
4 16 -100.02 1.73 6.63 -100.02 1.16 6.75 -99.75 1.19 6.95 -99.75 1.78 6.83
4 16 -99.75 1.78 6.83 -99.75 1.19 6.95 -99.45 1.22 7.11 -99.45 1.82 6.98
4 16 -99.45 1.82 6.98 -99.45 1.22 7.11 -99.13 1.24 7.23 -99.13 1.85 7.1
4 16 -99.13 1.85 7.1 -99.13 1.24 7.23 -98.8 1.25 7.3 -98.8 1.87 7.17
3 16 -98.8 1.87 7.17 -98.8 1.25 7.3 -98.46 1.78 7.22
3 16 -98.8 1.87 7.17 -98.46 1.78 7.22 -98.46 1.87 7.19
4 16 -100.9 -3.17 -3.52 -100.86 -3.27 -3.63 -100.86 -3.63 -3.27 -100.9 -3.52 -3.17
4 16 -100.85 0 5.04 -100.86 0 4.89 -100.86 -0.51 4.86 -100.85 -0.53 5.01
4 16 -100.85 -0.53 5.01 -100.86 -0.51 4.86 -100.86 -1.02 4.78 -100.85 -1.05 4.93
4 16 -100.85 -1.56 4.79 -100.85 -1.05 4.93 -100.86 -1.02 4.78 -100.86 -1.51 4.65
4 16 -100.85 -2.05 4.6 -100.85 -1.56 4.79 -100.86 -1.51 4.65 -100.86 -1.99 4.46
4 16 -100.85 -2.52 4.36 -100.85 -2.05 4.6 -100.86 -1.99 4.46 -100.86 -2.44 4.23
4 16 -100.85 -3.37 3.74 -100.85 -2.96 4.08 -100.86 -2.87 3.95 -100.86 -3.27 3.63
4 16 -100.85 -3.74 3.37 -100.85 -3.37 3.74 -100.86 -3.27 3.63 -100.86 -3.63 3.27
4 16 -100.85 -4.08 2.96 -100.85 -3.74 3.37 -100.86 -3.63 3.27 -100.86 -3.95 2.87
4 16 -100.85 -4.36 2.52 -100.85 -4.08 2.96 -100.86 -3.95 2.87 -100.86 -4.23 2.44
4 16 -100.85 -4.6 2.05 -100.85 -4.36 2.52 -100.86 -4.23 2.44 -100.86 -4.46 1.99
4 16 -100.85 -4.79 1.56 -100.85 -4.6 2.05 -100.86 -4.46 1.99 -100.86 -4.65 1.51
4 16 -100.85 -5.01 0.53 -100.85 -4.93 1.05 -100.86 -4.78 1.02 -100.86 -4.86 0.51
4 16 -100.85 -5.04 0 -100.85 -5.01 0.53 -100.86 -4.86 0.51 -100.86 -4.89 0
4 16 -100.85 -5.01 -0.53 -100.85 -5.04 0 -100.86 -4.89 0 -100.86 -4.86 -0.51
4 16 -100.85 -4.93 -1.05 -100.85 -5.01 -0.53 -100.86 -4.86 -0.51 -100.86 -4.78 -1.02
3 16 -100.85 -4.6 -2.05 -100.85 -4.79 -1.56 -100.86 -4.65 -1.51
4 16 -100.85 -4.36 -2.52 -100.85 -4.6 -2.05 -100.86 -4.65 -1.51 -100.86 -4.46 -1.99
4 16 -100.85 -4.08 -2.96 -100.85 -4.36 -2.52 -100.86 -4.46 -1.99 -100.86 -4.23 -2.44
4 16 -100.85 -3.74 -3.37 -100.85 -4.08 -2.96 -100.86 -4.23 -2.44 -100.86 -3.95 -2.87
4 16 -100.85 -3.74 -3.37 -100.86 -3.95 -2.87 -100.86 -3.63 -3.27 -100.85 -3.37 -3.74
3 16 -100.85 -3.37 -3.74 -100.86 -3.63 -3.27 -100.86 -3.27 -3.63
4 16 -100.85 -3.37 -3.74 -100.86 -3.27 -3.63 -100.86 -2.87 -3.95 -100.85 -2.96 -4.08
4 16 -100.85 -2.52 -4.36 -100.85 -2.96 -4.08 -100.86 -2.87 -3.95 -100.86 -2.44 -4.23
4 16 -100.86 -2.87 -3.95 -100.86 -3.27 -3.63 -100.9 -3.17 -3.52 -100.9 -2.78 -3.83
4 16 -100.9 -2.78 -3.83 -100.9 -3.17 -3.52 -100.97 -3.08 -3.42 -100.97 -2.7 -3.72
4 16 -100.85 -2.05 -4.6 -100.85 -2.52 -4.36 -100.86 -2.44 -4.23 -100.86 -1.99 -4.46
4 16 -100.86 -2.44 -4.23 -100.86 -2.87 -3.95 -100.9 -2.78 -3.83 -100.9 -2.37 -4.1
4 16 -100.9 -2.37 -4.1 -100.9 -2.78 -3.83 -100.97 -2.7 -3.72 -100.97 -2.3 -3.98
4 16 -100.97 -2.3 -3.98 -100.97 -2.7 -3.72 -101.06 -2.63 -3.62 -101.06 -2.24 -3.87
4 16 -100.85 -1.56 -4.79 -100.85 -2.05 -4.6 -100.86 -1.99 -4.46 -100.86 -1.51 -4.65
4 16 -100.86 -1.99 -4.46 -100.86 -2.44 -4.23 -100.9 -2.37 -4.1 -100.9 -1.93 -4.33
4 16 -100.9 -1.93 -4.33 -100.9 -2.37 -4.1 -100.97 -2.3 -3.98 -100.97 -1.87 -4.2
4 16 -100.97 -1.87 -4.2 -100.97 -2.3 -3.98 -101.06 -2.24 -3.87 -101.06 -1.82 -4.09
4 16 -101.06 -1.82 -4.09 -101.06 -2.24 -3.87 -101.17 -2.18 -3.78 -101.17 -1.77 -3.99
4 16 -100.85 -1.05 -4.93 -100.85 -1.56 -4.79 -100.86 -1.51 -4.65 -100.86 -1.02 -4.78
4 16 -100.86 -1.51 -4.65 -100.86 -1.99 -4.46 -100.9 -1.93 -4.33 -100.9 -1.46 -4.51
4 16 -100.9 -1.46 -4.51 -100.9 -1.93 -4.33 -100.97 -1.87 -4.2 -100.97 -1.42 -4.37
4 16 -100.97 -1.42 -4.37 -100.97 -1.87 -4.2 -101.06 -1.82 -4.09 -101.06 -1.38 -4.25
4 16 -101.06 -1.38 -4.25 -101.06 -1.82 -4.09 -101.17 -1.77 -3.99 -101.17 -1.35 -4.15
4 16 -101.17 -1.35 -4.15 -101.17 -1.77 -3.99 -101.29 -1.74 -3.91 -101.29 -1.32 -4.07
4 16 -101.17 -0.46 4.34 -101.29 -0.45 4.25 -101.29 -0.89 4.18 -101.17 -0.91 4.27
4 16 -100.85 -0.53 -5.01 -100.85 -1.05 -4.93 -100.86 -1.02 -4.78 -100.86 -0.51 -4.86
4 16 -100.86 -1.02 -4.78 -100.86 -1.51 -4.65 -100.9 -1.46 -4.51 -100.9 -0.99 -4.63
4 16 -100.9 -0.99 -4.63 -100.9 -1.46 -4.51 -100.97 -1.42 -4.37 -100.97 -0.96 -4.5
4 16 -100.97 -0.96 -4.5 -100.97 -1.42 -4.37 -101.06 -1.38 -4.25 -101.06 -0.93 -4.37
4 16 -101.06 -0.93 -4.37 -101.06 -1.38 -4.25 -101.17 -1.35 -4.15 -101.17 -0.91 -4.27
4 16 -101.17 -0.91 -4.27 -101.17 -1.35 -4.15 -101.29 -1.32 -4.07 -101.29 -0.89 -4.18
4 16 -101.29 -0.89 -4.18 -101.29 -1.32 -4.07 -101.43 -1.3 -4 -101.43 -0.88 -4.12
4 16 -101.43 -1.3 4 -101.29 -1.32 4.07 -101.29 -0.89 4.18 -101.43 -0.88 4.12
4 16 -101.43 -0.88 4.12 -101.29 -0.89 4.18 -101.29 -0.45 4.25 -101.43 -0.44 4.19
4 16 -100.85 0 -5.04 -100.85 -0.53 -5.01 -100.86 -0.51 -4.86 -100.86 0 -4.89
4 16 -100.86 -0.51 -4.86 -100.86 -1.02 -4.78 -100.9 -0.99 -4.63 -100.9 -0.5 -4.71
4 16 -100.9 -0.5 -4.71 -100.9 -0.99 -4.63 -100.97 -0.96 -4.5 -100.97 -0.48 -4.57
4 16 -100.97 -0.48 -4.57 -100.97 -0.96 -4.5 -101.06 -0.93 -4.37 -101.06 -0.47 -4.45
4 16 -101.06 -0.47 -4.45 -101.06 -0.93 -4.37 -101.17 -0.91 -4.27 -101.17 -0.46 -4.34
4 16 -101.17 -0.46 -4.34 -101.17 -0.91 -4.27 -101.29 -0.89 -4.18 -101.29 -0.45 -4.25
4 16 -101.29 -0.45 -4.25 -101.29 -0.89 -4.18 -101.43 -0.88 -4.12 -101.43 -0.44 -4.19
4 16 -101.43 -0.44 -4.19 -101.43 -0.88 -4.12 -101.58 -0.87 -4.08 -101.58 -0.44 -4.15
4 16 -101.58 -1.7 3.81 -101.43 -1.71 3.85 -101.43 -1.3 4 -101.58 -1.29 3.97
4 16 -101.58 -1.29 3.97 -101.43 -1.3 4 -101.43 -0.88 4.12 -101.58 -0.87 4.08
4 16 -101.58 -0.87 4.08 -101.43 -0.88 4.12 -101.43 -0.44 4.19 -101.58 -0.44 4.15
4 16 -100.86 0 4.89 -100.9 0 4.74 -100.9 -0.5 4.71 -100.86 -0.51 4.86
4 16 -100.86 -0.51 4.86 -100.9 -0.5 4.71 -100.9 -0.99 4.63 -100.86 -1.02 4.78
4 16 -100.9 -0.99 4.63 -100.9 -0.5 4.71 -100.97 -0.48 4.57 -100.97 -0.96 4.5
4 16 -100.9 -0.99 4.63 -100.97 -0.96 4.5 -100.97 -1.42 4.37 -100.9 -1.46 4.51
4 16 -100.97 -1.42 4.37 -100.97 -0.96 4.5 -101.06 -0.93 4.37 -101.06 -1.38 4.25
4 16 -100.97 -1.42 4.37 -101.06 -1.38 4.25 -101.06 -1.82 4.09 -100.97 -1.87 4.2
4 16 -101.06 -1.82 4.09 -101.06 -1.38 4.25 -101.17 -1.35 4.15 -101.17 -1.77 3.99
4 16 -101.06 -1.82 4.09 -101.17 -1.77 3.99 -101.17 -2.18 3.78 -101.06 -2.24 3.87
4 16 -101.17 -2.18 3.78 -101.17 -1.77 3.99 -101.29 -1.74 3.91 -101.29 -2.14 3.7
4 16 -101.17 -2.18 3.78 -101.29 -2.14 3.7 -101.29 -2.51 3.46 -101.17 -2.56 3.53
4 16 -101.29 -2.51 3.46 -101.29 -2.14 3.7 -101.43 -2.11 3.65 -101.43 -2.47 3.41
4 16 -101.29 -2.51 3.46 -101.43 -2.47 3.41 -101.43 -2.82 3.13 -101.29 -2.86 3.18
4 16 -101.43 -2.82 3.13 -101.43 -2.47 3.41 -101.58 -2.45 3.37 -101.58 -2.79 3.1
4 16 -101.43 -2.82 3.13 -101.58 -2.79 3.1 -101.58 -3.1 2.79 -101.43 -3.13 2.82
4 16 -100.86 -1.02 4.78 -100.9 -0.99 4.63 -100.9 -1.46 4.51 -100.86 -1.51 4.65
4 16 -100.9 -1.46 4.51 -100.97 -1.42 4.37 -100.97 -1.87 4.2 -100.9 -1.93 4.33
4 16 -100.97 -1.87 4.2 -101.06 -1.82 4.09 -101.06 -2.24 3.87 -100.97 -2.3 3.98
4 16 -101.06 -2.24 3.87 -101.17 -2.18 3.78 -101.17 -2.56 3.53 -101.06 -2.63 3.62
4 16 -101.17 -2.56 3.53 -101.29 -2.51 3.46 -101.29 -2.86 3.18 -101.17 -2.92 3.24
4 16 -101.29 -2.86 3.18 -101.43 -2.82 3.13 -101.43 -3.13 2.82 -101.29 -3.18 2.86
4 16 -101.43 -3.13 2.82 -101.58 -3.1 2.79 -101.58 -3.37 2.45 -101.43 -3.41 2.47
4 16 -100.86 -1.51 4.65 -100.9 -1.46 4.51 -100.9 -1.93 4.33 -100.86 -1.99 4.46
4 16 -100.9 -1.93 4.33 -100.97 -1.87 4.2 -100.97 -2.3 3.98 -100.9 -2.37 4.1
4 16 -100.97 -2.3 3.98 -101.06 -2.24 3.87 -101.06 -2.63 3.62 -100.97 -2.7 3.72
4 16 -101.06 -2.63 3.62 -101.17 -2.56 3.53 -101.17 -2.92 3.24 -101.06 -2.99 3.32
4 16 -101.17 -2.92 3.24 -101.29 -2.86 3.18 -101.29 -3.18 2.86 -101.17 -3.24 2.92
4 16 -101.29 -3.18 2.86 -101.43 -3.13 2.82 -101.43 -3.41 2.47 -101.29 -3.46 2.51
4 16 -101.43 -3.41 2.47 -101.58 -3.37 2.45 -101.58 -3.61 2.09 -101.43 -3.65 2.11
4 16 -100.86 -3.27 3.63 -100.86 -2.87 3.95 -100.9 -2.78 3.83 -100.9 -3.17 3.52
4 16 -100.86 -3.27 3.63 -100.9 -3.17 3.52 -100.9 -3.52 3.17 -100.86 -3.63 3.27
4 16 -100.9 -3.52 3.17 -100.9 -3.17 3.52 -100.97 -3.08 3.42 -100.97 -3.42 3.08
4 16 -100.9 -3.52 3.17 -100.97 -3.42 3.08 -100.97 -3.72 2.7 -100.9 -3.83 2.78
4 16 -100.97 -3.72 2.7 -100.97 -3.42 3.08 -101.06 -3.32 2.99 -101.06 -3.62 2.63
4 16 -100.97 -3.72 2.7 -101.06 -3.62 2.63 -101.06 -3.87 2.24 -100.97 -3.98 2.3
4 16 -101.06 -3.87 2.24 -101.06 -3.62 2.63 -101.17 -3.53 2.56 -101.17 -3.78 2.18
4 16 -101.06 -3.87 2.24 -101.17 -3.78 2.18 -101.17 -3.99 1.77 -101.06 -4.09 1.82
4 16 -101.17 -3.99 1.77 -101.17 -3.78 2.18 -101.29 -3.7 2.14 -101.29 -3.91 1.74
4 16 -101.17 -3.99 1.77 -101.29 -3.91 1.74 -101.29 -4.07 1.32 -101.17 -4.15 1.35
4 16 -101.29 -4.07 1.32 -101.29 -3.91 1.74 -101.43 -3.85 1.71 -101.43 -4 1.3
4 16 -101.29 -4.07 1.32 -101.43 -4 1.3 -101.43 -4.12 0.88 -101.29 -4.18 0.89
4 16 -101.43 -4.12 0.88 -101.43 -4 1.3 -101.58 -3.97 1.29 -101.58 -4.08 0.87
4 16 -101.43 -4.12 0.88 -101.58 -4.08 0.87 -101.58 -4.15 0.44 -101.43 -4.19 0.44
4 16 -100.86 -3.63 3.27 -100.9 -3.52 3.17 -100.9 -3.83 2.78 -100.86 -3.95 2.87
4 16 -100.9 -3.83 2.78 -100.97 -3.72 2.7 -100.97 -3.98 2.3 -100.9 -4.1 2.37
4 16 -100.97 -3.98 2.3 -101.06 -3.87 2.24 -101.06 -4.09 1.82 -100.97 -4.2 1.87
4 16 -101.06 -4.09 1.82 -101.17 -3.99 1.77 -101.17 -4.15 1.35 -101.06 -4.25 1.38
4 16 -101.17 -4.15 1.35 -101.29 -4.07 1.32 -101.29 -4.18 0.89 -101.17 -4.27 0.91
4 16 -101.29 -4.18 0.89 -101.43 -4.12 0.88 -101.43 -4.19 0.44 -101.29 -4.25 0.45
4 16 -101.43 -4.19 0.44 -101.58 -4.15 0.44 -101.58 -4.17 0 -101.43 -4.21 0
4 16 -100.86 -3.95 2.87 -100.9 -3.83 2.78 -100.9 -4.1 2.37 -100.86 -4.23 2.44
4 16 -100.9 -4.1 2.37 -100.97 -3.98 2.3 -100.97 -4.2 1.87 -100.9 -4.33 1.93
4 16 -100.97 -4.2 1.87 -101.06 -4.09 1.82 -101.06 -4.25 1.38 -100.97 -4.37 1.42
4 16 -101.06 -4.25 1.38 -101.17 -4.15 1.35 -101.17 -4.27 0.91 -101.06 -4.37 0.93
4 16 -101.17 -4.27 0.91 -101.29 -4.18 0.89 -101.29 -4.25 0.45 -101.17 -4.34 0.46
4 16 -101.29 -4.25 0.45 -101.43 -4.19 0.44 -101.43 -4.21 0 -101.29 -4.28 0
4 16 -101.43 -4.21 0 -101.58 -4.17 0 -101.58 -4.15 -0.44 -101.43 -4.19 -0.44
4 16 -100.86 -4.86 0.51 -100.86 -4.78 1.02 -100.9 -4.63 0.99 -100.9 -4.71 0.5
4 16 -100.86 -4.86 0.51 -100.9 -4.71 0.5 -100.9 -4.74 0 -100.86 -4.89 0
4 16 -100.9 -4.74 0 -100.9 -4.71 0.5 -100.97 -4.57 0.48 -100.97 -4.6 0
4 16 -100.9 -4.74 0 -100.97 -4.6 0 -100.97 -4.57 -0.48 -100.9 -4.71 -0.5
4 16 -100.97 -4.57 -0.48 -100.97 -4.6 0 -101.06 -4.47 0 -101.06 -4.45 -0.47
4 16 -100.97 -4.57 -0.48 -101.06 -4.45 -0.47 -101.06 -4.37 -0.93 -100.97 -4.5 -0.96
4 16 -101.06 -4.37 -0.93 -101.06 -4.45 -0.47 -101.17 -4.34 -0.46 -101.17 -4.27 -0.91
4 16 -101.06 -4.37 -0.93 -101.17 -4.27 -0.91 -101.17 -4.15 -1.35 -101.06 -4.25 -1.38
4 16 -101.17 -4.15 -1.35 -101.17 -4.27 -0.91 -101.29 -4.18 -0.89 -101.29 -4.07 -1.32
4 16 -101.17 -4.15 -1.35 -101.29 -4.07 -1.32 -101.29 -3.91 -1.74 -101.17 -3.99 -1.77
4 16 -101.29 -3.91 -1.74 -101.29 -4.07 -1.32 -101.43 -4 -1.3 -101.43 -3.85 -1.71
4 16 -101.29 -3.91 -1.74 -101.43 -3.85 -1.71 -101.43 -3.65 -2.11 -101.29 -3.7 -2.14
4 16 -101.43 -3.65 -2.11 -101.43 -3.85 -1.71 -101.58 -3.81 -1.7 -101.58 -3.61 -2.09
4 16 -101.43 -3.65 -2.11 -101.58 -3.61 -2.09 -101.58 -3.37 -2.45 -101.43 -3.41 -2.47
4 16 -100.86 -4.89 0 -100.9 -4.74 0 -100.9 -4.71 -0.5 -100.86 -4.86 -0.51
4 16 -100.9 -4.71 -0.5 -100.97 -4.57 -0.48 -100.97 -4.5 -0.96 -100.9 -4.63 -0.99
4 16 -100.97 -4.5 -0.96 -101.06 -4.37 -0.93 -101.06 -4.25 -1.38 -100.97 -4.37 -1.42
4 16 -101.06 -4.25 -1.38 -101.17 -4.15 -1.35 -101.17 -3.99 -1.77 -101.06 -4.09 -1.82
4 16 -101.17 -3.99 -1.77 -101.29 -3.91 -1.74 -101.29 -3.7 -2.14 -101.17 -3.78 -2.18
4 16 -101.29 -3.7 -2.14 -101.43 -3.65 -2.11 -101.43 -3.41 -2.47 -101.29 -3.46 -2.51
4 16 -101.43 -3.41 -2.47 -101.58 -3.37 -2.45 -101.58 -3.1 -2.79 -101.43 -3.13 -2.82
4 16 -100.86 -4.46 -1.99 -100.86 -4.65 -1.51 -100.9 -4.51 -1.46 -100.9 -4.33 -1.93
4 16 -100.86 -4.46 -1.99 -100.9 -4.33 -1.93 -100.9 -4.1 -2.37 -100.86 -4.23 -2.44
4 16 -100.9 -4.1 -2.37 -100.9 -4.33 -1.93 -100.97 -4.2 -1.87 -100.97 -3.98 -2.3
4 16 -100.9 -4.1 -2.37 -100.97 -3.98 -2.3 -100.97 -3.72 -2.7 -100.9 -3.83 -2.78
4 16 -100.97 -3.72 -2.7 -100.97 -3.98 -2.3 -101.06 -3.87 -2.24 -101.06 -3.62 -2.63
4 16 -100.97 -3.72 -2.7 -101.06 -3.62 -2.63 -101.06 -3.32 -2.99 -100.97 -3.42 -3.08
4 16 -101.06 -3.32 -2.99 -101.06 -3.62 -2.63 -101.17 -3.53 -2.56 -101.17 -3.24 -2.92
4 16 -101.06 -3.32 -2.99 -101.17 -3.24 -2.92 -101.17 -2.92 -3.24 -101.06 -2.99 -3.32
4 16 -101.17 -2.92 -3.24 -101.17 -3.24 -2.92 -101.29 -3.18 -2.86 -101.29 -2.86 -3.18
4 16 -101.17 -2.92 -3.24 -101.29 -2.86 -3.18 -101.29 -2.51 -3.46 -101.17 -2.56 -3.53
4 16 -101.29 -2.51 -3.46 -101.29 -2.86 -3.18 -101.43 -2.82 -3.13 -101.43 -2.47 -3.41
4 16 -101.29 -2.51 -3.46 -101.43 -2.47 -3.41 -101.43 -2.11 -3.65 -101.29 -2.14 -3.7
4 16 -101.43 -2.11 -3.65 -101.43 -2.47 -3.41 -101.58 -2.45 -3.37 -101.58 -2.09 -3.61
4 16 -101.43 -2.11 -3.65 -101.58 -2.09 -3.61 -101.58 -1.7 -3.81 -101.43 -1.71 -3.85
4 16 -100.86 -4.23 -2.44 -100.9 -4.1 -2.37 -100.9 -3.83 -2.78 -100.86 -3.95 -2.87
4 16 -100.9 -3.83 -2.78 -100.97 -3.72 -2.7 -100.97 -3.42 -3.08 -100.9 -3.52 -3.17
4 16 -100.97 -3.42 -3.08 -101.06 -3.32 -2.99 -101.06 -2.99 -3.32 -100.97 -3.08 -3.42
4 16 -101.06 -2.99 -3.32 -101.17 -2.92 -3.24 -101.17 -2.56 -3.53 -101.06 -2.63 -3.62
4 16 -101.17 -2.56 -3.53 -101.29 -2.51 -3.46 -101.29 -2.14 -3.7 -101.17 -2.18 -3.78
4 16 -101.29 -2.14 -3.7 -101.43 -2.11 -3.65 -101.43 -1.71 -3.85 -101.29 -1.74 -3.91
4 16 -101.43 -1.71 -3.85 -101.58 -1.7 -3.81 -101.58 -1.29 -3.97 -101.43 -1.3 -4
4 16 -100.86 -3.95 -2.87 -100.9 -3.83 -2.78 -100.9 -3.52 -3.17 -100.86 -3.63 -3.27
4 16 -100.9 -3.52 -3.17 -100.97 -3.42 -3.08 -100.97 -3.08 -3.42 -100.9 -3.17 -3.52
4 16 -100.97 -3.08 -3.42 -101.06 -2.99 -3.32 -101.06 -2.63 -3.62 -100.97 -2.7 -3.72
4 16 -101.06 -2.63 -3.62 -101.17 -2.56 -3.53 -101.17 -2.18 -3.78 -101.06 -2.24 -3.87
4 16 -101.17 -2.18 -3.78 -101.29 -2.14 -3.7 -101.29 -1.74 -3.91 -101.17 -1.77 -3.99
4 16 -101.29 -1.74 -3.91 -101.43 -1.71 -3.85 -101.43 -1.3 -4 -101.29 -1.32 -4.07
4 16 -101.43 -1.3 -4 -101.58 -1.29 -3.97 -101.58 -0.87 -4.08 -101.43 -0.88 -4.12
4 16 -101.73 0 4.16 -101.73 -0.43 4.13 -101.58 -0.44 4.15 -101.58 0 4.17
4 16 -101.58 0 4.17 -101.58 -0.44 4.15 -101.43 -0.44 4.19 -101.43 0 4.21
4 16 -101.43 0 4.21 -101.43 -0.44 4.19 -101.29 -0.45 4.25 -101.29 0 4.28
4 16 -101.29 0 4.28 -101.29 -0.45 4.25 -101.17 -0.46 4.34 -101.17 0 4.36
3 16 -101.58 -0.44 4.15 -101.73 -0.43 4.13 -101.73 -0.65 4.11
3 16 -101.58 -0.44 4.15 -101.73 -0.65 4.11 -101.58 -0.87 4.08
3 16 -101.58 -0.87 4.08 -101.73 -0.65 4.11 -101.73 -0.86 4.07
4 16 -101.58 -0.87 4.08 -101.73 -0.86 4.07 -101.73 -1.28 3.95 -101.58 -1.29 3.97
4 16 -101.58 -1.29 3.97 -101.73 -1.28 3.95 -101.73 -1.69 3.8 -101.58 -1.7 3.81
3 16 -101.58 -1.7 3.81 -101.73 -1.69 3.8 -101.73 -1.89 3.7
4 16 -101.06 0 4.47 -101.17 0 4.36 -101.17 -0.46 4.34 -101.06 -0.47 4.45
4 16 -101.06 -0.47 4.45 -101.17 -0.46 4.34 -101.17 -0.91 4.27 -101.06 -0.93 4.37
4 16 -101.17 -0.91 4.27 -101.29 -0.89 4.18 -101.29 -1.32 4.07 -101.17 -1.35 4.15
4 16 -101.29 -1.32 4.07 -101.43 -1.3 4 -101.43 -1.71 3.85 -101.29 -1.74 3.91
4 16 -101.43 -1.71 3.85 -101.58 -1.7 3.81 -101.58 -2.09 3.61 -101.43 -2.11 3.65
3 16 -101.58 -2.09 3.61 -101.58 -1.7 3.81 -101.73 -1.89 3.7
3 16 -101.58 -2.09 3.61 -101.73 -1.89 3.7 -101.73 -2.08 3.6
4 16 -100.97 0 4.6 -101.06 0 4.47 -101.06 -0.47 4.45 -100.97 -0.48 4.57
4 16 -100.97 -0.48 4.57 -101.06 -0.47 4.45 -101.06 -0.93 4.37 -100.97 -0.96 4.5
4 16 -101.06 -0.93 4.37 -101.17 -0.91 4.27 -101.17 -1.35 4.15 -101.06 -1.38 4.25
4 16 -101.17 -1.35 4.15 -101.29 -1.32 4.07 -101.29 -1.74 3.91 -101.17 -1.77 3.99
4 16 -101.29 -1.74 3.91 -101.43 -1.71 3.85 -101.43 -2.11 3.65 -101.29 -2.14 3.7
4 16 -101.43 -2.11 3.65 -101.58 -2.09 3.61 -101.58 -2.45 3.37 -101.43 -2.47 3.41
4 16 -101.58 -2.45 3.37 -101.58 -2.09 3.61 -101.73 -2.08 3.6 -101.73 -2.44 3.36
4 16 -100.9 0 4.74 -100.97 0 4.6 -100.97 -0.48 4.57 -100.9 -0.5 4.71
4 16 -101.58 -2.79 3.1 -101.58 -2.45 3.37 -101.73 -2.44 3.36 -101.73 -2.78 3.09
3 16 -101.58 -2.79 3.1 -101.73 -2.78 3.09 -101.73 -2.94 2.94
3 16 -101.58 -2.79 3.1 -101.73 -2.94 2.94 -101.58 -3.1 2.79
3 16 -101.58 -3.1 2.79 -101.73 -2.94 2.94 -101.73 -3.09 2.78
4 16 -101.58 -3.1 2.79 -101.73 -3.09 2.78 -101.73 -3.36 2.44 -101.58 -3.37 2.45
4 16 -101.58 -3.37 2.45 -101.73 -3.36 2.44 -101.73 -3.6 2.08 -101.58 -3.61 2.09
3 16 -101.58 -3.61 2.09 -101.73 -3.6 2.08 -101.73 -3.7 1.89
4 16 -100.86 -1.99 4.46 -100.9 -1.93 4.33 -100.9 -2.37 4.1 -100.86 -2.44 4.23
4 16 -100.9 -2.37 4.1 -100.97 -2.3 3.98 -100.97 -2.7 3.72 -100.9 -2.78 3.83
4 16 -100.97 -2.7 3.72 -101.06 -2.63 3.62 -101.06 -2.99 3.32 -100.97 -3.08 3.42
4 16 -101.06 -2.99 3.32 -101.17 -2.92 3.24 -101.17 -3.24 2.92 -101.06 -3.32 2.99
4 16 -101.17 -3.24 2.92 -101.29 -3.18 2.86 -101.29 -3.46 2.51 -101.17 -3.53 2.56
4 16 -101.29 -3.46 2.51 -101.43 -3.41 2.47 -101.43 -3.65 2.11 -101.29 -3.7 2.14
4 16 -101.43 -3.65 2.11 -101.58 -3.61 2.09 -101.58 -3.81 1.7 -101.43 -3.85 1.71
3 16 -101.58 -3.81 1.7 -101.58 -3.61 2.09 -101.73 -3.7 1.89
3 16 -101.58 -3.81 1.7 -101.73 -3.7 1.89 -101.73 -3.8 1.69
4 16 -100.86 -2.44 4.23 -100.9 -2.37 4.1 -100.9 -2.78 3.83 -100.86 -2.87 3.95
4 16 -100.9 -2.78 3.83 -100.97 -2.7 3.72 -100.97 -3.08 3.42 -100.9 -3.17 3.52
4 16 -100.97 -3.08 3.42 -101.06 -2.99 3.32 -101.06 -3.32 2.99 -100.97 -3.42 3.08
4 16 -101.06 -3.32 2.99 -101.17 -3.24 2.92 -101.17 -3.53 2.56 -101.06 -3.62 2.63
4 16 -101.17 -3.53 2.56 -101.29 -3.46 2.51 -101.29 -3.7 2.14 -101.17 -3.78 2.18
4 16 -101.29 -3.7 2.14 -101.43 -3.65 2.11 -101.43 -3.85 1.71 -101.29 -3.91 1.74
4 16 -101.43 -3.85 1.71 -101.58 -3.81 1.7 -101.58 -3.97 1.29 -101.43 -4 1.3
4 16 -101.58 -3.97 1.29 -101.58 -3.81 1.7 -101.73 -3.8 1.69 -101.73 -3.95 1.28
4 16 -101.73 -3.95 1.28 -101.73 -4.07 0.86 -101.58 -4.08 0.87 -101.58 -3.97 1.29
4 16 -100.86 -2.44 4.23 -100.86 -2.87 3.95 -100.85 -2.96 4.08 -100.85 -2.52 4.36
3 16 -101.58 -4.08 0.87 -101.73 -4.07 0.86 -101.73 -4.11 0.65
3 16 -101.58 -4.08 0.87 -101.73 -4.11 0.65 -101.58 -4.15 0.44
3 16 -101.58 -4.15 0.44 -101.73 -4.11 0.65 -101.73 -4.13 0.43
4 16 -101.58 -4.15 0.44 -101.73 -4.13 0.43 -101.73 -4.16 0 -101.58 -4.17 0
4 16 -101.58 -4.17 0 -101.73 -4.16 0 -101.73 -4.13 -0.43 -101.58 -4.15 -0.44
3 16 -101.58 -4.15 -0.44 -101.73 -4.13 -0.43 -101.73 -4.11 -0.65
4 16 -100.86 -4.23 2.44 -100.9 -4.1 2.37 -100.9 -4.33 1.93 -100.86 -4.46 1.99
4 16 -100.9 -4.33 1.93 -100.97 -4.2 1.87 -100.97 -4.37 1.42 -100.9 -4.51 1.46
4 16 -100.97 -4.37 1.42 -101.06 -4.25 1.38 -101.06 -4.37 0.93 -100.97 -4.5 0.96
4 16 -101.06 -4.37 0.93 -101.17 -4.27 0.91 -101.17 -4.34 0.46 -101.06 -4.45 0.47
4 16 -101.17 -4.34 0.46 -101.29 -4.25 0.45 -101.29 -4.28 0 -101.17 -4.36 0
4 16 -101.29 -4.28 0 -101.43 -4.21 0 -101.43 -4.19 -0.44 -101.29 -4.25 -0.45
4 16 -101.43 -4.19 -0.44 -101.58 -4.15 -0.44 -101.58 -4.08 -0.87 -101.43 -4.12 -0.88
3 16 -101.58 -4.08 -0.87 -101.58 -4.15 -0.44 -101.73 -4.11 -0.65
3 16 -101.58 -4.08 -0.87 -101.73 -4.11 -0.65 -101.73 -4.07 -0.86
4 16 -100.86 -4.46 1.99 -100.9 -4.33 1.93 -100.9 -4.51 1.46 -100.86 -4.65 1.51
4 16 -100.9 -4.51 1.46 -100.97 -4.37 1.42 -100.97 -4.5 0.96 -100.9 -4.63 0.99
4 16 -100.97 -4.5 0.96 -101.06 -4.37 0.93 -101.06 -4.45 0.47 -100.97 -4.57 0.48
4 16 -101.06 -4.45 0.47 -101.17 -4.34 0.46 -101.17 -4.36 0 -101.06 -4.47 0
4 16 -101.17 -4.36 0 -101.29 -4.28 0 -101.29 -4.25 -0.45 -101.17 -4.34 -0.46
4 16 -101.29 -4.25 -0.45 -101.43 -4.19 -0.44 -101.43 -4.12 -0.88 -101.29 -4.18 -0.89
4 16 -101.43 -4.12 -0.88 -101.58 -4.08 -0.87 -101.58 -3.97 -1.29 -101.43 -4 -1.3
4 16 -101.58 -3.97 -1.29 -101.58 -4.08 -0.87 -101.73 -4.07 -0.86 -101.73 -3.95 -1.28
4 16 -100.86 -4.65 1.51 -100.9 -4.51 1.46 -100.9 -4.63 0.99 -100.86 -4.78 1.02
4 16 -100.9 -4.63 0.99 -100.97 -4.5 0.96 -100.97 -4.57 0.48 -100.9 -4.71 0.5
4 16 -100.97 -4.57 0.48 -101.06 -4.45 0.47 -101.06 -4.47 0 -100.97 -4.6 0
4 16 -101.06 -4.47 0 -101.17 -4.36 0 -101.17 -4.34 -0.46 -101.06 -4.45 -0.47
4 16 -101.17 -4.34 -0.46 -101.29 -4.25 -0.45 -101.29 -4.18 -0.89 -101.17 -4.27 -0.91
4 16 -101.29 -4.18 -0.89 -101.43 -4.12 -0.88 -101.43 -4 -1.3 -101.29 -4.07 -1.32
4 16 -101.43 -4 -1.3 -101.58 -3.97 -1.29 -101.58 -3.81 -1.7 -101.43 -3.85 -1.71
4 16 -101.58 -3.81 -1.7 -101.58 -3.97 -1.29 -101.73 -3.95 -1.28 -101.73 -3.8 -1.69
3 16 -101.73 -3.8 -1.69 -101.58 -3.61 -2.09 -101.58 -3.81 -1.7
4 16 -100.86 -4.65 1.51 -100.86 -4.78 1.02 -100.85 -4.93 1.05 -100.85 -4.79 1.56
3 16 -101.73 -3.8 -1.69 -101.73 -3.7 -1.89 -101.58 -3.61 -2.09
3 16 -101.58 -3.61 -2.09 -101.73 -3.7 -1.89 -101.73 -3.6 -2.08
4 16 -101.58 -3.61 -2.09 -101.73 -3.6 -2.08 -101.73 -3.36 -2.44 -101.58 -3.37 -2.45
4 16 -101.58 -3.37 -2.45 -101.73 -3.36 -2.44 -101.73 -3.09 -2.78 -101.58 -3.1 -2.79
3 16 -101.58 -3.1 -2.79 -101.73 -3.09 -2.78 -101.73 -2.94 -2.94
4 16 -100.86 -4.86 -0.51 -100.9 -4.71 -0.5 -100.9 -4.63 -0.99 -100.86 -4.78 -1.02
4 16 -100.9 -4.63 -0.99 -100.97 -4.5 -0.96 -100.97 -4.37 -1.42 -100.9 -4.51 -1.46
4 16 -100.97 -4.37 -1.42 -101.06 -4.25 -1.38 -101.06 -4.09 -1.82 -100.97 -4.2 -1.87
4 16 -101.06 -4.09 -1.82 -101.17 -3.99 -1.77 -101.17 -3.78 -2.18 -101.06 -3.87 -2.24
4 16 -101.17 -3.78 -2.18 -101.29 -3.7 -2.14 -101.29 -3.46 -2.51 -101.17 -3.53 -2.56
4 16 -101.29 -3.46 -2.51 -101.43 -3.41 -2.47 -101.43 -3.13 -2.82 -101.29 -3.18 -2.86
4 16 -101.43 -3.13 -2.82 -101.58 -3.1 -2.79 -101.58 -2.79 -3.1 -101.43 -2.82 -3.13
3 16 -101.58 -2.79 -3.1 -101.58 -3.1 -2.79 -101.73 -2.94 -2.94
3 16 -101.58 -2.79 -3.1 -101.73 -2.94 -2.94 -101.73 -2.78 -3.09
4 16 -100.86 -4.78 -1.02 -100.9 -4.63 -0.99 -100.9 -4.51 -1.46 -100.86 -4.65 -1.51
4 16 -100.9 -4.51 -1.46 -100.97 -4.37 -1.42 -100.97 -4.2 -1.87 -100.9 -4.33 -1.93
4 16 -100.97 -4.2 -1.87 -101.06 -4.09 -1.82 -101.06 -3.87 -2.24 -100.97 -3.98 -2.3
4 16 -101.06 -3.87 -2.24 -101.17 -3.78 -2.18 -101.17 -3.53 -2.56 -101.06 -3.62 -2.63
4 16 -101.17 -3.53 -2.56 -101.29 -3.46 -2.51 -101.29 -3.18 -2.86 -101.17 -3.24 -2.92
4 16 -101.29 -3.18 -2.86 -101.43 -3.13 -2.82 -101.43 -2.82 -3.13 -101.29 -2.86 -3.18
4 16 -101.43 -2.82 -3.13 -101.58 -2.79 -3.1 -101.58 -2.45 -3.37 -101.43 -2.47 -3.41
4 16 -101.58 -2.45 -3.37 -101.58 -2.79 -3.1 -101.73 -2.78 -3.09 -101.73 -2.44 -3.36
4 16 -101.73 -2.44 -3.36 -101.73 -2.08 -3.6 -101.58 -2.09 -3.61 -101.58 -2.45 -3.37
4 16 -100.86 -4.78 -1.02 -100.86 -4.65 -1.51 -100.85 -4.79 -1.56 -100.85 -4.93 -1.05
3 16 -101.58 -2.09 -3.61 -101.73 -2.08 -3.6 -101.73 -1.89 -3.7
3 16 -101.58 -2.09 -3.61 -101.73 -1.89 -3.7 -101.58 -1.7 -3.81
3 16 -101.58 -1.7 -3.81 -101.73 -1.89 -3.7 -101.73 -1.69 -3.8
4 16 -101.58 -1.7 -3.81 -101.73 -1.69 -3.8 -101.73 -1.28 -3.95 -101.58 -1.29 -3.97
4 16 -101.58 -1.29 -3.97 -101.73 -1.28 -3.95 -101.73 -0.86 -4.07 -101.58 -0.87 -4.08
3 16 -101.58 -0.87 -4.08 -101.73 -0.86 -4.07 -101.73 -0.65 -4.11
3 16 -101.58 -0.44 -4.15 -101.58 -0.87 -4.08 -101.73 -0.65 -4.11
3 16 -101.58 -0.44 -4.15 -101.73 -0.65 -4.11 -101.73 -0.43 -4.13
4 16 -100.86 0 -4.89 -100.86 -0.51 -4.86 -100.9 -0.5 -4.71 -100.9 0 -4.74
4 16 -100.9 0 -4.74 -100.9 -0.5 -4.71 -100.97 -0.48 -4.57 -100.97 0 -4.6
4 16 -100.97 0 -4.6 -100.97 -0.48 -4.57 -101.06 -0.47 -4.45 -101.06 0 -4.47
4 16 -101.06 0 -4.47 -101.06 -0.47 -4.45 -101.17 -0.46 -4.34 -101.17 0 -4.36
4 16 -101.17 0 -4.36 -101.17 -0.46 -4.34 -101.29 -0.45 -4.25 -101.29 0 -4.28
4 16 -101.29 0 -4.28 -101.29 -0.45 -4.25 -101.43 -0.44 -4.19 -101.43 0 -4.21
4 16 -101.43 0 -4.21 -101.43 -0.44 -4.19 -101.58 -0.44 -4.15 -101.58 0 -4.17
4 16 -101.58 0 -4.17 -101.58 -0.44 -4.15 -101.73 -0.43 -4.13 -101.73 0 -4.16
3 16 -101.73 0.65 4.11 -101.73 0.43 4.13 -101.58 0.44 4.15
3 16 -101.73 4.11 -0.65 -101.73 4.13 -0.43 -101.58 4.15 -0.44
4 16 -100.9 3.17 3.52 -100.86 3.27 3.63 -100.86 3.63 3.27 -100.9 3.52 3.17
4 16 -100.85 0 -5.04 -100.86 0 -4.89 -100.86 0.51 -4.86 -100.85 0.53 -5.01
4 16 -100.85 0.53 -5.01 -100.86 0.51 -4.86 -100.86 1.02 -4.78 -100.85 1.05 -4.93
4 16 -100.85 1.56 -4.79 -100.85 1.05 -4.93 -100.86 1.02 -4.78 -100.86 1.51 -4.65
4 16 -100.85 2.05 -4.6 -100.85 1.56 -4.79 -100.86 1.51 -4.65 -100.86 1.99 -4.46
4 16 -100.85 2.52 -4.36 -100.85 2.05 -4.6 -100.86 1.99 -4.46 -100.86 2.44 -4.23
4 16 -100.85 2.96 -4.08 -100.85 2.52 -4.36 -100.86 2.44 -4.23 -100.86 2.87 -3.95
4 16 -100.85 3.37 -3.74 -100.85 2.96 -4.08 -100.86 2.87 -3.95 -100.86 3.27 -3.63
4 16 -100.85 3.74 -3.37 -100.85 3.37 -3.74 -100.86 3.27 -3.63 -100.86 3.63 -3.27
4 16 -100.85 4.08 -2.96 -100.85 3.74 -3.37 -100.86 3.63 -3.27 -100.86 3.95 -2.87
4 16 -100.85 4.6 -2.05 -100.85 4.36 -2.52 -100.86 4.23 -2.44 -100.86 4.46 -1.99
4 16 -100.85 4.79 -1.56 -100.85 4.6 -2.05 -100.86 4.46 -1.99 -100.86 4.65 -1.51
4 16 -100.85 4.93 -1.05 -100.85 4.79 -1.56 -100.86 4.65 -1.51 -100.86 4.78 -1.02
4 16 -100.85 5.01 -0.53 -100.85 4.93 -1.05 -100.86 4.78 -1.02 -100.86 4.86 -0.51
3 16 -100.85 5.01 0.53 -100.85 5.04 0 -100.86 4.89 0
4 16 -100.85 4.93 1.05 -100.85 5.01 0.53 -100.86 4.89 0 -100.86 4.86 0.51
4 16 -100.85 4.79 1.56 -100.85 4.93 1.05 -100.86 4.86 0.51 -100.86 4.78 1.02
4 16 -100.85 4.6 2.05 -100.85 4.79 1.56 -100.86 4.78 1.02 -100.86 4.65 1.51
4 16 -100.85 4.36 2.52 -100.85 4.6 2.05 -100.86 4.65 1.51 -100.86 4.46 1.99
4 16 -100.85 4.08 2.96 -100.85 4.36 2.52 -100.86 4.46 1.99 -100.86 4.23 2.44
4 16 -100.85 3.74 3.37 -100.85 4.08 2.96 -100.86 4.23 2.44 -100.86 3.95 2.87
4 16 -100.85 3.74 3.37 -100.86 3.95 2.87 -100.86 3.63 3.27 -100.85 3.37 3.74
3 16 -100.85 3.37 3.74 -100.86 3.63 3.27 -100.86 3.27 3.63
4 16 -100.85 3.37 3.74 -100.86 3.27 3.63 -100.86 2.87 3.95 -100.85 2.96 4.08
4 16 -100.85 2.52 4.36 -100.85 2.96 4.08 -100.86 2.87 3.95 -100.86 2.44 4.23
4 16 -100.86 2.87 3.95 -100.86 3.27 3.63 -100.9 3.17 3.52 -100.9 2.78 3.83
4 16 -100.9 2.78 3.83 -100.9 3.17 3.52 -100.97 3.08 3.42 -100.97 2.7 3.72
4 16 -100.85 2.05 4.6 -100.85 2.52 4.36 -100.86 2.44 4.23 -100.86 1.99 4.46
4 16 -100.86 2.44 4.23 -100.86 2.87 3.95 -100.9 2.78 3.83 -100.9 2.37 4.1
4 16 -100.9 2.37 4.1 -100.9 2.78 3.83 -100.97 2.7 3.72 -100.97 2.3 3.98
4 16 -100.97 2.3 3.98 -100.97 2.7 3.72 -101.06 2.63 3.62 -101.06 2.24 3.87
4 16 -100.85 1.56 4.79 -100.85 2.05 4.6 -100.86 1.99 4.46 -100.86 1.51 4.65
4 16 -100.86 1.99 4.46 -100.86 2.44 4.23 -100.9 2.37 4.1 -100.9 1.93 4.33
4 16 -100.9 1.93 4.33 -100.9 2.37 4.1 -100.97 2.3 3.98 -100.97 1.87 4.2
4 16 -100.97 1.87 4.2 -100.97 2.3 3.98 -101.06 2.24 3.87 -101.06 1.82 4.09
4 16 -101.06 1.82 4.09 -101.06 2.24 3.87 -101.17 2.18 3.78 -101.17 1.77 3.99
4 16 -100.85 1.05 4.93 -100.85 1.56 4.79 -100.86 1.51 4.65 -100.86 1.02 4.78
4 16 -100.86 1.51 4.65 -100.86 1.99 4.46 -100.9 1.93 4.33 -100.9 1.46 4.51
4 16 -100.9 1.46 4.51 -100.9 1.93 4.33 -100.97 1.87 4.2 -100.97 1.42 4.37
4 16 -100.97 1.42 4.37 -100.97 1.87 4.2 -101.06 1.82 4.09 -101.06 1.38 4.25
4 16 -101.06 1.38 4.25 -101.06 1.82 4.09 -101.17 1.77 3.99 -101.17 1.35 4.15
4 16 -101.17 1.35 4.15 -101.17 1.77 3.99 -101.29 1.74 3.91 -101.29 1.32 4.07
4 16 -101.17 0.46 -4.34 -101.29 0.45 -4.25 -101.29 0.89 -4.18 -101.17 0.91 -4.27
4 16 -100.85 0.53 5.01 -100.85 1.05 4.93 -100.86 1.02 4.78 -100.86 0.51 4.86
4 16 -100.86 1.02 4.78 -100.86 1.51 4.65 -100.9 1.46 4.51 -100.9 0.99 4.63
4 16 -100.9 0.99 4.63 -100.9 1.46 4.51 -100.97 1.42 4.37 -100.97 0.96 4.5
4 16 -100.97 0.96 4.5 -100.97 1.42 4.37 -101.06 1.38 4.25 -101.06 0.93 4.37
4 16 -101.06 0.93 4.37 -101.06 1.38 4.25 -101.17 1.35 4.15 -101.17 0.91 4.27
4 16 -101.17 0.91 4.27 -101.17 1.35 4.15 -101.29 1.32 4.07 -101.29 0.89 4.18
4 16 -101.29 0.89 4.18 -101.29 1.32 4.07 -101.43 1.3 4 -101.43 0.88 4.12
4 16 -101.43 1.3 -4 -101.29 1.32 -4.07 -101.29 0.89 -4.18 -101.43 0.88 -4.12
4 16 -101.43 0.88 -4.12 -101.29 0.89 -4.18 -101.29 0.45 -4.25 -101.43 0.44 -4.19
4 16 -100.85 0 5.04 -100.85 0.53 5.01 -100.86 0.51 4.86 -100.86 0 4.89
4 16 -100.86 0.51 4.86 -100.86 1.02 4.78 -100.9 0.99 4.63 -100.9 0.5 4.71
4 16 -100.9 0.5 4.71 -100.9 0.99 4.63 -100.97 0.96 4.5 -100.97 0.48 4.57
4 16 -100.97 0.48 4.57 -100.97 0.96 4.5 -101.06 0.93 4.37 -101.06 0.47 4.45
4 16 -101.06 0.47 4.45 -101.06 0.93 4.37 -101.17 0.91 4.27 -101.17 0.46 4.34
4 16 -101.17 0.46 4.34 -101.17 0.91 4.27 -101.29 0.89 4.18 -101.29 0.45 4.25
4 16 -101.29 0.45 4.25 -101.29 0.89 4.18 -101.43 0.88 4.12 -101.43 0.44 4.19
4 16 -101.43 0.44 4.19 -101.43 0.88 4.12 -101.58 0.87 4.08 -101.58 0.44 4.15
4 16 -101.58 1.7 -3.81 -101.43 1.71 -3.85 -101.43 1.3 -4 -101.58 1.29 -3.97
4 16 -101.58 1.29 -3.97 -101.43 1.3 -4 -101.43 0.88 -4.12 -101.58 0.87 -4.08
4 16 -101.58 0.87 -4.08 -101.43 0.88 -4.12 -101.43 0.44 -4.19 -101.58 0.44 -4.15
4 16 -100.86 0 -4.89 -100.9 0 -4.74 -100.9 0.5 -4.71 -100.86 0.51 -4.86
4 16 -100.86 0.51 -4.86 -100.9 0.5 -4.71 -100.9 0.99 -4.63 -100.86 1.02 -4.78
4 16 -100.9 0.99 -4.63 -100.9 0.5 -4.71 -100.97 0.48 -4.57 -100.97 0.96 -4.5
4 16 -100.9 0.99 -4.63 -100.97 0.96 -4.5 -100.97 1.42 -4.37 -100.9 1.46 -4.51
4 16 -100.97 1.42 -4.37 -100.97 0.96 -4.5 -101.06 0.93 -4.37 -101.06 1.38 -4.25
4 16 -100.97 1.42 -4.37 -101.06 1.38 -4.25 -101.06 1.82 -4.09 -100.97 1.87 -4.2
4 16 -101.06 1.82 -4.09 -101.06 1.38 -4.25 -101.17 1.35 -4.15 -101.17 1.77 -3.99
4 16 -101.06 1.82 -4.09 -101.17 1.77 -3.99 -101.17 2.18 -3.78 -101.06 2.24 -3.87
4 16 -101.17 2.18 -3.78 -101.17 1.77 -3.99 -101.29 1.74 -3.91 -101.29 2.14 -3.7
4 16 -101.17 2.18 -3.78 -101.29 2.14 -3.7 -101.29 2.51 -3.46 -101.17 2.56 -3.53
4 16 -101.29 2.51 -3.46 -101.29 2.14 -3.7 -101.43 2.11 -3.65 -101.43 2.47 -3.41
4 16 -101.29 2.51 -3.46 -101.43 2.47 -3.41 -101.43 2.82 -3.13 -101.29 2.86 -3.18
4 16 -101.43 2.82 -3.13 -101.43 2.47 -3.41 -101.58 2.45 -3.37 -101.58 2.79 -3.1
4 16 -101.43 2.82 -3.13 -101.58 2.79 -3.1 -101.58 3.1 -2.79 -101.43 3.13 -2.82
4 16 -100.86 1.02 -4.78 -100.9 0.99 -4.63 -100.9 1.46 -4.51 -100.86 1.51 -4.65
4 16 -100.9 1.46 -4.51 -100.97 1.42 -4.37 -100.97 1.87 -4.2 -100.9 1.93 -4.33
4 16 -100.97 1.87 -4.2 -101.06 1.82 -4.09 -101.06 2.24 -3.87 -100.97 2.3 -3.98
4 16 -101.06 2.24 -3.87 -101.17 2.18 -3.78 -101.17 2.56 -3.53 -101.06 2.63 -3.62
4 16 -101.17 2.56 -3.53 -101.29 2.51 -3.46 -101.29 2.86 -3.18 -101.17 2.92 -3.24
4 16 -101.29 2.86 -3.18 -101.43 2.82 -3.13 -101.43 3.13 -2.82 -101.29 3.18 -2.86
4 16 -101.43 3.13 -2.82 -101.58 3.1 -2.79 -101.58 3.37 -2.45 -101.43 3.41 -2.47
4 16 -100.86 1.51 -4.65 -100.9 1.46 -4.51 -100.9 1.93 -4.33 -100.86 1.99 -4.46
4 16 -100.9 1.93 -4.33 -100.97 1.87 -4.2 -100.97 2.3 -3.98 -100.9 2.37 -4.1
4 16 -100.97 2.3 -3.98 -101.06 2.24 -3.87 -101.06 2.63 -3.62 -100.97 2.7 -3.72
4 16 -101.06 2.63 -3.62 -101.17 2.56 -3.53 -101.17 2.92 -3.24 -101.06 2.99 -3.32
4 16 -101.17 2.92 -3.24 -101.29 2.86 -3.18 -101.29 3.18 -2.86 -101.17 3.24 -2.92
4 16 -101.29 3.18 -2.86 -101.43 3.13 -2.82 -101.43 3.41 -2.47 -101.29 3.46 -2.51
4 16 -101.43 3.41 -2.47 -101.58 3.37 -2.45 -101.58 3.61 -2.09 -101.43 3.65 -2.11
4 16 -100.86 4.46 -1.99 -100.86 4.23 -2.44 -100.9 4.1 -2.37 -100.9 4.33 -1.93
4 16 -100.86 4.46 -1.99 -100.9 4.33 -1.93 -100.9 4.51 -1.46 -100.86 4.65 -1.51
4 16 -100.9 4.51 -1.46 -100.9 4.33 -1.93 -100.97 4.2 -1.87 -100.97 4.37 -1.42
4 16 -100.9 4.51 -1.46 -100.97 4.37 -1.42 -100.97 4.5 -0.96 -100.9 4.63 -0.99
4 16 -100.97 4.5 -0.96 -100.97 4.37 -1.42 -101.06 4.25 -1.38 -101.06 4.37 -0.93
4 16 -100.97 4.5 -0.96 -101.06 4.37 -0.93 -101.06 4.45 -0.47 -100.97 4.57 -0.48
4 16 -101.06 4.45 -0.47 -101.06 4.37 -0.93 -101.17 4.27 -0.91 -101.17 4.34 -0.46
4 16 -101.06 4.45 -0.47 -101.17 4.34 -0.46 -101.17 4.36 0 -101.06 4.47 0
4 16 -101.17 4.36 0 -101.17 4.34 -0.46 -101.29 4.25 -0.45 -101.29 4.28 0
4 16 -101.17 4.36 0 -101.29 4.28 0 -101.29 4.25 0.45 -101.17 4.34 0.46
4 16 -101.29 4.25 0.45 -101.29 4.28 0 -101.43 4.21 0 -101.43 4.19 0.44
4 16 -101.29 4.25 0.45 -101.43 4.19 0.44 -101.43 4.12 0.88 -101.29 4.18 0.89
4 16 -101.43 4.12 0.88 -101.43 4.19 0.44 -101.58 4.15 0.44 -101.58 4.08 0.87
4 16 -101.43 4.12 0.88 -101.58 4.08 0.87 -101.58 3.97 1.29 -101.43 4 1.3
4 16 -100.86 4.65 -1.51 -100.9 4.51 -1.46 -100.9 4.63 -0.99 -100.86 4.78 -1.02
4 16 -100.9 4.63 -0.99 -100.97 4.5 -0.96 -100.97 4.57 -0.48 -100.9 4.71 -0.5
4 16 -100.97 4.57 -0.48 -101.06 4.45 -0.47 -101.06 4.47 0 -100.97 4.6 0
4 16 -101.06 4.47 0 -101.17 4.36 0 -101.17 4.34 0.46 -101.06 4.45 0.47
4 16 -101.17 4.34 0.46 -101.29 4.25 0.45 -101.29 4.18 0.89 -101.17 4.27 0.91
4 16 -101.29 4.18 0.89 -101.43 4.12 0.88 -101.43 4 1.3 -101.29 4.07 1.32
4 16 -101.43 4 1.3 -101.58 3.97 1.29 -101.58 3.81 1.7 -101.43 3.85 1.71
4 16 -100.86 4.86 0.51 -100.86 4.89 0 -100.9 4.74 0 -100.9 4.71 0.5
4 16 -100.86 4.86 0.51 -100.9 4.71 0.5 -100.9 4.63 0.99 -100.86 4.78 1.02
4 16 -100.9 4.63 0.99 -100.9 4.71 0.5 -100.97 4.57 0.48 -100.97 4.5 0.96
4 16 -100.9 4.63 0.99 -100.97 4.5 0.96 -100.97 4.37 1.42 -100.9 4.51 1.46
4 16 -100.97 4.37 1.42 -100.97 4.5 0.96 -101.06 4.37 0.93 -101.06 4.25 1.38
4 16 -100.97 4.37 1.42 -101.06 4.25 1.38 -101.06 4.09 1.82 -100.97 4.2 1.87
4 16 -101.06 4.09 1.82 -101.06 4.25 1.38 -101.17 4.15 1.35 -101.17 3.99 1.77
4 16 -101.06 4.09 1.82 -101.17 3.99 1.77 -101.17 3.78 2.18 -101.06 3.87 2.24
4 16 -101.17 3.78 2.18 -101.17 3.99 1.77 -101.29 3.91 1.74 -101.29 3.7 2.14
4 16 -101.17 3.78 2.18 -101.29 3.7 2.14 -101.29 3.46 2.51 -101.17 3.53 2.56
4 16 -101.29 3.46 2.51 -101.29 3.7 2.14 -101.43 3.65 2.11 -101.43 3.41 2.47
4 16 -101.29 3.46 2.51 -101.43 3.41 2.47 -101.43 3.13 2.82 -101.29 3.18 2.86
4 16 -101.43 3.13 2.82 -101.43 3.41 2.47 -101.58 3.37 2.45 -101.58 3.1 2.79
4 16 -101.43 3.13 2.82 -101.58 3.1 2.79 -101.58 2.79 3.1 -101.43 2.82 3.13
4 16 -100.86 4.78 1.02 -100.9 4.63 0.99 -100.9 4.51 1.46 -100.86 4.65 1.51
4 16 -100.9 4.51 1.46 -100.97 4.37 1.42 -100.97 4.2 1.87 -100.9 4.33 1.93
4 16 -100.97 4.2 1.87 -101.06 4.09 1.82 -101.06 3.87 2.24 -100.97 3.98 2.3
4 16 -101.06 3.87 2.24 -101.17 3.78 2.18 -101.17 3.53 2.56 -101.06 3.62 2.63
4 16 -101.17 3.53 2.56 -101.29 3.46 2.51 -101.29 3.18 2.86 -101.17 3.24 2.92
4 16 -101.29 3.18 2.86 -101.43 3.13 2.82 -101.43 2.82 3.13 -101.29 2.86 3.18
4 16 -101.43 2.82 3.13 -101.58 2.79 3.1 -101.58 2.45 3.37 -101.43 2.47 3.41
4 16 -100.86 4.65 1.51 -100.9 4.51 1.46 -100.9 4.33 1.93 -100.86 4.46 1.99
4 16 -100.9 4.33 1.93 -100.97 4.2 1.87 -100.97 3.98 2.3 -100.9 4.1 2.37
4 16 -100.97 3.98 2.3 -101.06 3.87 2.24 -101.06 3.62 2.63 -100.97 3.72 2.7
4 16 -101.06 3.62 2.63 -101.17 3.53 2.56 -101.17 3.24 2.92 -101.06 3.32 2.99
4 16 -101.17 3.24 2.92 -101.29 3.18 2.86 -101.29 2.86 3.18 -101.17 2.92 3.24
4 16 -101.29 2.86 3.18 -101.43 2.82 3.13 -101.43 2.47 3.41 -101.29 2.51 3.46
4 16 -101.43 2.47 3.41 -101.58 2.45 3.37 -101.58 2.09 3.61 -101.43 2.11 3.65
4 16 -101.73 0 -4.16 -101.73 0.43 -4.13 -101.58 0.44 -4.15 -101.58 0 -4.17
4 16 -101.58 0 -4.17 -101.58 0.44 -4.15 -101.43 0.44 -4.19 -101.43 0 -4.21
4 16 -101.43 0 -4.21 -101.43 0.44 -4.19 -101.29 0.45 -4.25 -101.29 0 -4.28
4 16 -101.29 0 -4.28 -101.29 0.45 -4.25 -101.17 0.46 -4.34 -101.17 0 -4.36
3 16 -101.58 0.44 -4.15 -101.73 0.43 -4.13 -101.73 0.65 -4.11
3 16 -101.58 0.44 -4.15 -101.73 0.65 -4.11 -101.58 0.87 -4.08
3 16 -101.58 0.87 -4.08 -101.73 0.65 -4.11 -101.73 0.86 -4.07
4 16 -101.58 0.87 -4.08 -101.73 0.86 -4.07 -101.73 1.28 -3.95 -101.58 1.29 -3.97
4 16 -101.58 1.29 -3.97 -101.73 1.28 -3.95 -101.73 1.69 -3.8 -101.58 1.7 -3.81
3 16 -101.58 1.7 -3.81 -101.73 1.69 -3.8 -101.73 1.89 -3.7
4 16 -101.06 0 -4.47 -101.17 0 -4.36 -101.17 0.46 -4.34 -101.06 0.47 -4.45
4 16 -101.06 0.47 -4.45 -101.17 0.46 -4.34 -101.17 0.91 -4.27 -101.06 0.93 -4.37
4 16 -101.17 0.91 -4.27 -101.29 0.89 -4.18 -101.29 1.32 -4.07 -101.17 1.35 -4.15
4 16 -101.29 1.32 -4.07 -101.43 1.3 -4 -101.43 1.71 -3.85 -101.29 1.74 -3.91
4 16 -101.43 1.71 -3.85 -101.58 1.7 -3.81 -101.58 2.09 -3.61 -101.43 2.11 -3.65
3 16 -101.58 2.09 -3.61 -101.58 1.7 -3.81 -101.73 1.89 -3.7
3 16 -101.58 2.09 -3.61 -101.73 1.89 -3.7 -101.73 2.08 -3.6
4 16 -100.97 0 -4.6 -101.06 0 -4.47 -101.06 0.47 -4.45 -100.97 0.48 -4.57
4 16 -100.97 0.48 -4.57 -101.06 0.47 -4.45 -101.06 0.93 -4.37 -100.97 0.96 -4.5
4 16 -101.06 0.93 -4.37 -101.17 0.91 -4.27 -101.17 1.35 -4.15 -101.06 1.38 -4.25
4 16 -101.17 1.35 -4.15 -101.29 1.32 -4.07 -101.29 1.74 -3.91 -101.17 1.77 -3.99
4 16 -101.29 1.74 -3.91 -101.43 1.71 -3.85 -101.43 2.11 -3.65 -101.29 2.14 -3.7
4 16 -101.43 2.11 -3.65 -101.58 2.09 -3.61 -101.58 2.45 -3.37 -101.43 2.47 -3.41
4 16 -101.58 2.45 -3.37 -101.58 2.09 -3.61 -101.73 2.08 -3.6 -101.73 2.44 -3.36
4 16 -100.9 0 -4.74 -100.97 0 -4.6 -100.97 0.48 -4.57 -100.9 0.5 -4.71
4 16 -101.58 2.79 -3.1 -101.58 2.45 -3.37 -101.73 2.44 -3.36 -101.73 2.78 -3.09
3 16 -101.58 2.79 -3.1 -101.73 2.78 -3.09 -101.73 2.94 -2.94
3 16 -101.58 2.79 -3.1 -101.73 2.94 -2.94 -101.58 3.1 -2.79
3 16 -101.58 3.1 -2.79 -101.73 2.94 -2.94 -101.73 3.09 -2.78
4 16 -101.58 3.1 -2.79 -101.73 3.09 -2.78 -101.73 3.36 -2.44 -101.58 3.37 -2.45
4 16 -101.58 3.37 -2.45 -101.73 3.36 -2.44 -101.73 3.6 -2.08 -101.58 3.61 -2.09
3 16 -101.58 3.61 -2.09 -101.73 3.6 -2.08 -101.73 3.7 -1.89
4 16 -100.86 1.99 -4.46 -100.9 1.93 -4.33 -100.9 2.37 -4.1 -100.86 2.44 -4.23
4 16 -100.9 2.37 -4.1 -100.97 2.3 -3.98 -100.97 2.7 -3.72 -100.9 2.78 -3.83
4 16 -100.97 2.7 -3.72 -101.06 2.63 -3.62 -101.06 2.99 -3.32 -100.97 3.08 -3.42
4 16 -101.06 2.99 -3.32 -101.17 2.92 -3.24 -101.17 3.24 -2.92 -101.06 3.32 -2.99
4 16 -101.17 3.24 -2.92 -101.29 3.18 -2.86 -101.29 3.46 -2.51 -101.17 3.53 -2.56
4 16 -101.29 3.46 -2.51 -101.43 3.41 -2.47 -101.43 3.65 -2.11 -101.29 3.7 -2.14
4 16 -101.43 3.65 -2.11 -101.58 3.61 -2.09 -101.58 3.81 -1.7 -101.43 3.85 -1.71
3 16 -101.58 3.81 -1.7 -101.58 3.61 -2.09 -101.73 3.7 -1.89
3 16 -101.58 3.81 -1.7 -101.73 3.7 -1.89 -101.73 3.8 -1.69
4 16 -100.86 2.44 -4.23 -100.9 2.37 -4.1 -100.9 2.78 -3.83 -100.86 2.87 -3.95
4 16 -100.9 2.78 -3.83 -100.97 2.7 -3.72 -100.97 3.08 -3.42 -100.9 3.17 -3.52
4 16 -100.97 3.08 -3.42 -101.06 2.99 -3.32 -101.06 3.32 -2.99 -100.97 3.42 -3.08
4 16 -101.06 3.32 -2.99 -101.17 3.24 -2.92 -101.17 3.53 -2.56 -101.06 3.62 -2.63
4 16 -101.17 3.53 -2.56 -101.29 3.46 -2.51 -101.29 3.7 -2.14 -101.17 3.78 -2.18
4 16 -101.29 3.7 -2.14 -101.43 3.65 -2.11 -101.43 3.85 -1.71 -101.29 3.91 -1.74
4 16 -101.43 3.85 -1.71 -101.58 3.81 -1.7 -101.58 3.97 -1.29 -101.43 4 -1.3
4 16 -101.58 3.97 -1.29 -101.58 3.81 -1.7 -101.73 3.8 -1.69 -101.73 3.95 -1.28
4 16 -100.86 2.87 -3.95 -100.9 2.78 -3.83 -100.9 3.17 -3.52 -100.86 3.27 -3.63
4 16 -100.9 3.17 -3.52 -100.97 3.08 -3.42 -100.97 3.42 -3.08 -100.9 3.52 -3.17
4 16 -100.97 3.42 -3.08 -101.06 3.32 -2.99 -101.06 3.62 -2.63 -100.97 3.72 -2.7
4 16 -101.06 3.62 -2.63 -101.17 3.53 -2.56 -101.17 3.78 -2.18 -101.06 3.87 -2.24
4 16 -101.17 3.78 -2.18 -101.29 3.7 -2.14 -101.29 3.91 -1.74 -101.17 3.99 -1.77
4 16 -101.29 3.91 -1.74 -101.43 3.85 -1.71 -101.43 4 -1.3 -101.29 4.07 -1.32
4 16 -101.43 4 -1.3 -101.58 3.97 -1.29 -101.58 4.08 -0.87 -101.43 4.12 -0.88
4 16 -101.58 4.08 -0.87 -101.58 3.97 -1.29 -101.73 3.95 -1.28 -101.73 4.07 -0.86
4 16 -100.86 3.27 -3.63 -100.9 3.17 -3.52 -100.9 3.52 -3.17 -100.86 3.63 -3.27
4 16 -100.9 3.52 -3.17 -100.97 3.42 -3.08 -100.97 3.72 -2.7 -100.9 3.83 -2.78
4 16 -100.97 3.72 -2.7 -101.06 3.62 -2.63 -101.06 3.87 -2.24 -100.97 3.98 -2.3
4 16 -101.06 3.87 -2.24 -101.17 3.78 -2.18 -101.17 3.99 -1.77 -101.06 4.09 -1.82
4 16 -101.17 3.99 -1.77 -101.29 3.91 -1.74 -101.29 4.07 -1.32 -101.17 4.15 -1.35
4 16 -101.29 4.07 -1.32 -101.43 4 -1.3 -101.43 4.12 -0.88 -101.29 4.18 -0.89
4 16 -101.43 4.12 -0.88 -101.58 4.08 -0.87 -101.58 4.15 -0.44 -101.43 4.19 -0.44
3 16 -101.58 4.15 -0.44 -101.58 4.08 -0.87 -101.73 4.07 -0.86
3 16 -101.58 4.15 -0.44 -101.73 4.07 -0.86 -101.73 4.11 -0.65
4 16 -100.86 3.63 -3.27 -100.9 3.52 -3.17 -100.9 3.83 -2.78 -100.86 3.95 -2.87
4 16 -100.9 3.83 -2.78 -100.97 3.72 -2.7 -100.97 3.98 -2.3 -100.9 4.1 -2.37
4 16 -100.97 3.98 -2.3 -101.06 3.87 -2.24 -101.06 4.09 -1.82 -100.97 4.2 -1.87
4 16 -101.06 4.09 -1.82 -101.17 3.99 -1.77 -101.17 4.15 -1.35 -101.06 4.25 -1.38
4 16 -101.17 4.15 -1.35 -101.29 4.07 -1.32 -101.29 4.18 -0.89 -101.17 4.27 -0.91
4 16 -101.29 4.18 -0.89 -101.43 4.12 -0.88 -101.43 4.19 -0.44 -101.29 4.25 -0.45
4 16 -101.43 4.19 -0.44 -101.58 4.15 -0.44 -101.58 4.17 0 -101.43 4.21 0
4 16 -101.58 4.17 0 -101.58 4.15 -0.44 -101.73 4.13 -0.43 -101.73 4.16 0
4 16 -100.86 3.95 -2.87 -100.9 3.83 -2.78 -100.9 4.1 -2.37 -100.86 4.23 -2.44
4 16 -100.9 4.1 -2.37 -100.97 3.98 -2.3 -100.97 4.2 -1.87 -100.9 4.33 -1.93
4 16 -100.97 4.2 -1.87 -101.06 4.09 -1.82 -101.06 4.25 -1.38 -100.97 4.37 -1.42
4 16 -101.06 4.25 -1.38 -101.17 4.15 -1.35 -101.17 4.27 -0.91 -101.06 4.37 -0.93
4 16 -101.17 4.27 -0.91 -101.29 4.18 -0.89 -101.29 4.25 -0.45 -101.17 4.34 -0.46
4 16 -101.29 4.25 -0.45 -101.43 4.19 -0.44 -101.43 4.21 0 -101.29 4.28 0
4 16 -101.43 4.21 0 -101.58 4.17 0 -101.58 4.15 0.44 -101.43 4.19 0.44
4 16 -101.58 4.15 0.44 -101.58 4.17 0 -101.73 4.16 0 -101.73 4.13 0.43
3 16 -101.73 4.13 0.43 -101.58 4.08 0.87 -101.58 4.15 0.44
4 16 -100.86 3.95 -2.87 -100.86 4.23 -2.44 -100.85 4.36 -2.52 -100.85 4.08 -2.96
3 16 -101.73 4.13 0.43 -101.73 4.11 0.65 -101.58 4.08 0.87
3 16 -101.58 4.08 0.87 -101.73 4.11 0.65 -101.73 4.07 0.86
4 16 -101.58 4.08 0.87 -101.73 4.07 0.86 -101.73 3.95 1.28 -101.58 3.97 1.29
4 16 -101.58 3.97 1.29 -101.73 3.95 1.28 -101.73 3.8 1.69 -101.58 3.81 1.7
3 16 -101.58 3.81 1.7 -101.73 3.8 1.69 -101.73 3.7 1.89
4 16 -100.86 4.78 -1.02 -100.9 4.63 -0.99 -100.9 4.71 -0.5 -100.86 4.86 -0.51
4 16 -100.9 4.71 -0.5 -100.97 4.57 -0.48 -100.97 4.6 0 -100.9 4.74 0
4 16 -100.97 4.6 0 -101.06 4.47 0 -101.06 4.45 0.47 -100.97 4.57 0.48
4 16 -101.06 4.45 0.47 -101.17 4.34 0.46 -101.17 4.27 0.91 -101.06 4.37 0.93
4 16 -101.17 4.27 0.91 -101.29 4.18 0.89 -101.29 4.07 1.32 -101.17 4.15 1.35
4 16 -101.29 4.07 1.32 -101.43 4 1.3 -101.43 3.85 1.71 -101.29 3.91 1.74
4 16 -101.43 3.85 1.71 -101.58 3.81 1.7 -101.58 3.61 2.09 -101.43 3.65 2.11
3 16 -101.58 3.61 2.09 -101.58 3.81 1.7 -101.73 3.7 1.89
3 16 -101.58 3.61 2.09 -101.73 3.7 1.89 -101.73 3.6 2.08
4 16 -100.86 4.86 -0.51 -100.9 4.71 -0.5 -100.9 4.74 0 -100.86 4.89 0
4 16 -100.9 4.74 0 -100.97 4.6 0 -100.97 4.57 0.48 -100.9 4.71 0.5
4 16 -100.97 4.57 0.48 -101.06 4.45 0.47 -101.06 4.37 0.93 -100.97 4.5 0.96
4 16 -101.06 4.37 0.93 -101.17 4.27 0.91 -101.17 4.15 1.35 -101.06 4.25 1.38
4 16 -101.17 4.15 1.35 -101.29 4.07 1.32 -101.29 3.91 1.74 -101.17 3.99 1.77
4 16 -101.29 3.91 1.74 -101.43 3.85 1.71 -101.43 3.65 2.11 -101.29 3.7 2.14
4 16 -101.43 3.65 2.11 -101.58 3.61 2.09 -101.58 3.37 2.45 -101.43 3.41 2.47
4 16 -101.58 3.37 2.45 -101.58 3.61 2.09 -101.73 3.6 2.08 -101.73 3.36 2.44
4 16 -101.73 3.36 2.44 -101.73 3.09 2.78 -101.58 3.1 2.79 -101.58 3.37 2.45
4 16 -100.86 4.86 -0.51 -100.86 4.89 0 -100.85 5.04 0 -100.85 5.01 -0.53
3 16 -101.58 3.1 2.79 -101.73 3.09 2.78 -101.73 2.94 2.94
3 16 -101.58 3.1 2.79 -101.73 2.94 2.94 -101.58 2.79 3.1
3 16 -101.58 2.79 3.1 -101.73 2.94 2.94 -101.73 2.78 3.09
4 16 -101.58 2.79 3.1 -101.73 2.78 3.09 -101.73 2.44 3.36 -101.58 2.45 3.37
4 16 -101.58 2.45 3.37 -101.73 2.44 3.36 -101.73 2.08 3.6 -101.58 2.09 3.61
3 16 -101.58 2.09 3.61 -101.73 2.08 3.6 -101.73 1.89 3.7
4 16 -100.86 4.46 1.99 -100.9 4.33 1.93 -100.9 4.1 2.37 -100.86 4.23 2.44
4 16 -100.9 4.1 2.37 -100.97 3.98 2.3 -100.97 3.72 2.7 -100.9 3.83 2.78
4 16 -100.97 3.72 2.7 -101.06 3.62 2.63 -101.06 3.32 2.99 -100.97 3.42 3.08
4 16 -101.06 3.32 2.99 -101.17 3.24 2.92 -101.17 2.92 3.24 -101.06 2.99 3.32
4 16 -101.17 2.92 3.24 -101.29 2.86 3.18 -101.29 2.51 3.46 -101.17 2.56 3.53
4 16 -101.29 2.51 3.46 -101.43 2.47 3.41 -101.43 2.11 3.65 -101.29 2.14 3.7
4 16 -101.43 2.11 3.65 -101.58 2.09 3.61 -101.58 1.7 3.81 -101.43 1.71 3.85
3 16 -101.58 1.7 3.81 -101.58 2.09 3.61 -101.73 1.89 3.7
3 16 -101.58 1.7 3.81 -101.73 1.89 3.7 -101.73 1.69 3.8
4 16 -100.86 4.23 2.44 -100.9 4.1 2.37 -100.9 3.83 2.78 -100.86 3.95 2.87
4 16 -100.9 3.83 2.78 -100.97 3.72 2.7 -100.97 3.42 3.08 -100.9 3.52 3.17
4 16 -100.97 3.42 3.08 -101.06 3.32 2.99 -101.06 2.99 3.32 -100.97 3.08 3.42
4 16 -101.06 2.99 3.32 -101.17 2.92 3.24 -101.17 2.56 3.53 -101.06 2.63 3.62
4 16 -101.17 2.56 3.53 -101.29 2.51 3.46 -101.29 2.14 3.7 -101.17 2.18 3.78
4 16 -101.29 2.14 3.7 -101.43 2.11 3.65 -101.43 1.71 3.85 -101.29 1.74 3.91
4 16 -101.43 1.71 3.85 -101.58 1.7 3.81 -101.58 1.29 3.97 -101.43 1.3 4
4 16 -101.58 1.29 3.97 -101.58 1.7 3.81 -101.73 1.69 3.8 -101.73 1.28 3.95
4 16 -100.86 3.95 2.87 -100.9 3.83 2.78 -100.9 3.52 3.17 -100.86 3.63 3.27
4 16 -100.9 3.52 3.17 -100.97 3.42 3.08 -100.97 3.08 3.42 -100.9 3.17 3.52
4 16 -100.97 3.08 3.42 -101.06 2.99 3.32 -101.06 2.63 3.62 -100.97 2.7 3.72
4 16 -101.06 2.63 3.62 -101.17 2.56 3.53 -101.17 2.18 3.78 -101.06 2.24 3.87
4 16 -101.17 2.18 3.78 -101.29 2.14 3.7 -101.29 1.74 3.91 -101.17 1.77 3.99
4 16 -101.29 1.74 3.91 -101.43 1.71 3.85 -101.43 1.3 4 -101.29 1.32 4.07
4 16 -101.43 1.3 4 -101.58 1.29 3.97 -101.58 0.87 4.08 -101.43 0.88 4.12
4 16 -101.58 0.87 4.08 -101.58 1.29 3.97 -101.73 1.28 3.95 -101.73 0.86 4.07
3 16 -101.58 0.44 4.15 -101.58 0.87 4.08 -101.73 0.86 4.07
3 16 -101.58 0.44 4.15 -101.73 0.86 4.07 -101.73 0.65 4.11
4 16 -100.86 0 4.89 -100.86 0.51 4.86 -100.9 0.5 4.71 -100.9 0 4.74
4 16 -100.9 0 4.74 -100.9 0.5 4.71 -100.97 0.48 4.57 -100.97 0 4.6
4 16 -100.97 0 4.6 -100.97 0.48 4.57 -101.06 0.47 4.45 -101.06 0 4.47
4 16 -101.06 0 4.47 -101.06 0.47 4.45 -101.17 0.46 4.34 -101.17 0 4.36
4 16 -101.17 0 4.36 -101.17 0.46 4.34 -101.29 0.45 4.25 -101.29 0 4.28
4 16 -101.29 0 4.28 -101.29 0.45 4.25 -101.43 0.44 4.19 -101.43 0 4.21
4 16 -101.43 0 4.21 -101.43 0.44 4.19 -101.58 0.44 4.15 -101.58 0 4.17
4 16 -101.58 0 4.17 -101.58 0.44 4.15 -101.73 0.43 4.13 -101.73 0 4.16
3 16 -101.73 0 4.16 -112.08 0 4.16 -101.73 -0.43 4.13
3 16 -101.73 -0.43 4.13 -112.08 0 4.16 -112.08 -0.65 4.11
3 16 -101.73 -0.43 4.13 -112.08 -0.65 4.11 -101.73 -0.65 4.11
3 16 -101.73 -0.65 4.11 -112.08 -0.65 4.11 -101.73 -0.86 4.07
3 16 -101.73 -0.86 4.07 -112.08 -0.65 4.11 -112.08 -1.28 3.95
3 16 -101.73 -0.86 4.07 -112.08 -1.28 3.95 -101.73 -1.28 3.95
3 16 -101.73 -1.28 3.95 -112.08 -1.28 3.95 -101.73 -1.69 3.8
3 16 -101.73 -1.69 3.8 -112.08 -1.28 3.95 -112.08 -1.89 3.7
3 16 -101.73 -1.69 3.8 -112.08 -1.89 3.7 -101.73 -1.89 3.7
3 16 -101.73 -1.89 3.7 -112.08 -1.89 3.7 -101.73 -2.08 3.6
3 16 -101.73 -2.08 3.6 -112.08 -1.89 3.7 -112.08 -2.44 3.36
3 16 -101.73 -2.08 3.6 -112.08 -2.44 3.36 -101.73 -2.44 3.36
3 16 -101.73 -2.44 3.36 -112.08 -2.44 3.36 -101.73 -2.78 3.09
3 16 -101.73 -2.78 3.09 -112.08 -2.44 3.36 -112.08 -2.94 2.94
3 16 -101.73 -2.78 3.09 -112.08 -2.94 2.94 -101.73 -2.94 2.94
3 16 -101.73 -2.94 2.94 -112.08 -2.94 2.94 -101.73 -3.09 2.78
3 16 -101.73 -3.09 2.78 -112.08 -2.94 2.94 -112.08 -3.36 2.44
3 16 -101.73 -3.09 2.78 -112.08 -3.36 2.44 -101.73 -3.36 2.44
3 16 -101.73 -3.36 2.44 -112.08 -3.36 2.44 -101.73 -3.6 2.08
3 16 -101.73 -3.6 2.08 -112.08 -3.36 2.44 -112.08 -3.7 1.89
3 16 -101.73 -3.6 2.08 -112.08 -3.7 1.89 -101.73 -3.7 1.89
3 16 -101.73 -3.7 1.89 -112.08 -3.7 1.89 -101.73 -3.8 1.69
3 16 -101.73 -3.8 1.69 -112.08 -3.7 1.89 -112.08 -3.95 1.28
3 16 -101.73 -3.8 1.69 -112.08 -3.95 1.28 -101.73 -3.95 1.28
3 16 -101.73 -3.95 1.28 -112.08 -3.95 1.28 -101.73 -4.07 0.86
3 16 -101.73 -4.07 0.86 -112.08 -3.95 1.28 -112.08 -4.11 0.65
3 16 -101.73 -4.07 0.86 -112.08 -4.11 0.65 -101.73 -4.11 0.65
3 16 -101.73 -4.11 0.65 -112.08 -4.11 0.65 -101.73 -4.13 0.43
3 16 -101.73 -4.13 0.43 -112.08 -4.11 0.65 -112.08 -4.16 0
3 16 -101.73 -4.13 0.43 -112.08 -4.16 0 -101.73 -4.16 0
3 16 -101.73 -4.16 0 -112.08 -4.16 0 -101.73 -4.13 -0.43
3 16 -101.73 -4.13 -0.43 -112.08 -4.16 0 -112.08 -4.11 -0.65
3 16 -101.73 -4.13 -0.43 -112.08 -4.11 -0.65 -101.73 -4.11 -0.65
3 16 -101.73 -4.11 -0.65 -112.08 -4.11 -0.65 -101.73 -4.07 -0.86
3 16 -101.73 -4.07 -0.86 -112.08 -4.11 -0.65 -112.08 -3.95 -1.28
3 16 -101.73 -4.07 -0.86 -112.08 -3.95 -1.28 -101.73 -3.95 -1.28
3 16 -101.73 -3.95 -1.28 -112.08 -3.95 -1.28 -101.73 -3.8 -1.69
3 16 -101.73 -3.8 -1.69 -112.08 -3.95 -1.28 -112.08 -3.7 -1.89
3 16 -101.73 -3.8 -1.69 -112.08 -3.7 -1.89 -101.73 -3.7 -1.89
3 16 -101.73 -3.7 -1.89 -112.08 -3.7 -1.89 -101.73 -3.6 -2.08
3 16 -101.73 -3.6 -2.08 -112.08 -3.7 -1.89 -112.08 -3.36 -2.44
3 16 -101.73 -3.6 -2.08 -112.08 -3.36 -2.44 -101.73 -3.36 -2.44
3 16 -101.73 -3.36 -2.44 -112.08 -3.36 -2.44 -101.73 -3.09 -2.78
3 16 -101.73 -3.09 -2.78 -112.08 -3.36 -2.44 -112.08 -2.94 -2.94
3 16 -101.73 -3.09 -2.78 -112.08 -2.94 -2.94 -101.73 -2.94 -2.94
3 16 -101.73 -2.94 -2.94 -112.08 -2.94 -2.94 -101.73 -2.78 -3.09
3 16 -101.73 -2.78 -3.09 -112.08 -2.94 -2.94 -112.08 -2.44 -3.36
3 16 -101.73 -2.78 -3.09 -112.08 -2.44 -3.36 -101.73 -2.44 -3.36
3 16 -101.73 -2.44 -3.36 -112.08 -2.44 -3.36 -101.73 -2.08 -3.6
3 16 -101.73 -2.08 -3.6 -112.08 -2.44 -3.36 -112.08 -1.89 -3.7
3 16 -101.73 -2.08 -3.6 -112.08 -1.89 -3.7 -101.73 -1.89 -3.7
3 16 -101.73 -1.89 -3.7 -112.08 -1.89 -3.7 -101.73 -1.69 -3.8
3 16 -101.73 -1.69 -3.8 -112.08 -1.89 -3.7 -112.08 -1.28 -3.95
3 16 -101.73 -1.69 -3.8 -112.08 -1.28 -3.95 -101.73 -1.28 -3.95
3 16 -101.73 -1.28 -3.95 -112.08 -1.28 -3.95 -101.73 -0.86 -4.07
3 16 -101.73 -0.86 -4.07 -112.08 -1.28 -3.95 -112.08 -0.65 -4.11
3 16 -101.73 -0.86 -4.07 -112.08 -0.65 -4.11 -101.73 -0.65 -4.11
3 16 -101.73 -0.65 -4.11 -112.08 -0.65 -4.11 -101.73 -0.43 -4.13
3 16 -101.73 -0.43 -4.13 -112.08 -0.65 -4.11 -112.08 0 -4.16
3 16 -101.73 -0.43 -4.13 -112.08 0 -4.16 -101.73 0 -4.16
3 16 -101.73 0 -4.16 -112.08 0 -4.16 -101.73 0.43 -4.13
3 16 -101.73 0.43 -4.13 -112.08 0 -4.16 -112.08 0.65 -4.11
3 16 -101.73 0.43 -4.13 -112.08 0.65 -4.11 -101.73 0.65 -4.11
3 16 -101.73 0.65 -4.11 -112.08 0.65 -4.11 -101.73 0.86 -4.07
3 16 -101.73 0.86 -4.07 -112.08 0.65 -4.11 -112.08 1.28 -3.95
3 16 -101.73 0.86 -4.07 -112.08 1.28 -3.95 -101.73 1.28 -3.95
3 16 -101.73 1.28 -3.95 -112.08 1.28 -3.95 -101.73 1.69 -3.8
3 16 -101.73 1.69 -3.8 -112.08 1.28 -3.95 -112.08 1.89 -3.7
3 16 -101.73 1.69 -3.8 -112.08 1.89 -3.7 -101.73 1.89 -3.7
3 16 -101.73 1.89 -3.7 -112.08 1.89 -3.7 -101.73 2.08 -3.6
3 16 -101.73 2.08 -3.6 -112.08 1.89 -3.7 -112.08 2.44 -3.36
3 16 -101.73 2.08 -3.6 -112.08 2.44 -3.36 -101.73 2.44 -3.36
3 16 -101.73 2.44 -3.36 -112.08 2.44 -3.36 -101.73 2.78 -3.09
3 16 -101.73 2.78 -3.09 -112.08 2.44 -3.36 -112.08 2.94 -2.94
3 16 -101.73 2.78 -3.09 -112.08 2.94 -2.94 -101.73 2.94 -2.94
3 16 -101.73 2.94 -2.94 -112.08 2.94 -2.94 -101.73 3.09 -2.78
3 16 -101.73 3.09 -2.78 -112.08 2.94 -2.94 -112.08 3.36 -2.44
3 16 -101.73 3.09 -2.78 -112.08 3.36 -2.44 -101.73 3.36 -2.44
3 16 -101.73 3.36 -2.44 -112.08 3.36 -2.44 -101.73 3.6 -2.08
3 16 -101.73 3.6 -2.08 -112.08 3.36 -2.44 -112.08 3.7 -1.89
3 16 -101.73 3.6 -2.08 -112.08 3.7 -1.89 -101.73 3.7 -1.89
3 16 -101.73 3.7 -1.89 -112.08 3.7 -1.89 -101.73 3.8 -1.69
3 16 -101.73 3.8 -1.69 -112.08 3.7 -1.89 -112.08 3.95 -1.28
3 16 -101.73 3.8 -1.69 -112.08 3.95 -1.28 -101.73 3.95 -1.28
3 16 -101.73 3.95 -1.28 -112.08 3.95 -1.28 -101.73 4.07 -0.86
3 16 -101.73 4.07 -0.86 -112.08 3.95 -1.28 -112.08 4.11 -0.65
3 16 -101.73 4.07 -0.86 -112.08 4.11 -0.65 -101.73 4.11 -0.65
3 16 -101.73 4.11 -0.65 -112.08 4.11 -0.65 -101.73 4.13 -0.43
3 16 -101.73 4.13 -0.43 -112.08 4.11 -0.65 -112.08 4.16 0
3 16 -101.73 4.13 -0.43 -112.08 4.16 0 -101.73 4.16 0
3 16 -101.73 4.16 0 -112.08 4.16 0 -101.73 4.13 0.43
3 16 -101.73 4.13 0.43 -112.08 4.16 0 -112.08 4.11 0.65
3 16 -101.73 4.13 0.43 -112.08 4.11 0.65 -101.73 4.11 0.65
3 16 -101.73 4.11 0.65 -112.08 4.11 0.65 -101.73 4.07 0.86
3 16 -101.73 4.07 0.86 -112.08 4.11 0.65 -112.08 3.95 1.28
3 16 -101.73 4.07 0.86 -112.08 3.95 1.28 -101.73 3.95 1.28
3 16 -101.73 3.95 1.28 -112.08 3.95 1.28 -101.73 3.8 1.69
3 16 -101.73 3.8 1.69 -112.08 3.95 1.28 -112.08 3.7 1.89
3 16 -101.73 3.8 1.69 -112.08 3.7 1.89 -101.73 3.7 1.89
3 16 -101.73 3.7 1.89 -112.08 3.7 1.89 -101.73 3.6 2.08
3 16 -101.73 3.6 2.08 -112.08 3.7 1.89 -112.08 3.36 2.44
3 16 -101.73 3.6 2.08 -112.08 3.36 2.44 -101.73 3.36 2.44
3 16 -101.73 3.36 2.44 -112.08 3.36 2.44 -101.73 3.09 2.78
3 16 -101.73 3.09 2.78 -112.08 3.36 2.44 -112.08 2.94 2.94
3 16 -101.73 3.09 2.78 -112.08 2.94 2.94 -101.73 2.94 2.94
3 16 -101.73 2.94 2.94 -112.08 2.94 2.94 -101.73 2.78 3.09
3 16 -101.73 2.78 3.09 -112.08 2.94 2.94 -112.08 2.44 3.36
3 16 -101.73 2.78 3.09 -112.08 2.44 3.36 -101.73 2.44 3.36
3 16 -101.73 2.44 3.36 -112.08 2.44 3.36 -101.73 2.08 3.6
3 16 -101.73 2.08 3.6 -112.08 2.44 3.36 -112.08 1.89 3.7
3 16 -101.73 2.08 3.6 -112.08 1.89 3.7 -101.73 1.89 3.7
3 16 -101.73 1.89 3.7 -112.08 1.89 3.7 -101.73 1.69 3.8
3 16 -101.73 1.69 3.8 -112.08 1.89 3.7 -112.08 1.28 3.95
3 16 -101.73 1.69 3.8 -112.08 1.28 3.95 -101.73 1.28 3.95
3 16 -101.73 1.28 3.95 -112.08 1.28 3.95 -101.73 0.86 4.07
3 16 -101.73 0.86 4.07 -112.08 1.28 3.95 -112.08 0.65 4.11
3 16 -101.73 0.86 4.07 -112.08 0.65 4.11 -101.73 0.65 4.11
3 16 -101.73 0.65 4.11 -112.08 0.65 4.11 -101.73 0.43 4.13
3 16 -101.73 0.43 4.13 -112.08 0.65 4.11 -112.08 0 4.16
3 16 -101.73 0.43 4.13 -112.08 0 4.16 -101.73 0 4.16
3 16 -114.6 -2.61 2.19 -114.6 -2.76 2.01 -112.08 -3.36 2.44
3 16 -114.6 -2.19 -2.61 -114.6 -2.01 -2.76 -112.08 -2.44 -3.36
4 16 -112.08 0 -4.16 -112.08 -0.65 -4.11 -114.6 -0.53 -3.37 -114.6 0 -3.41
4 16 -112.08 -1.28 -3.95 -114.6 -1.05 -3.24 -114.6 -0.59 -3.36 -112.08 -0.65 -4.11
3 16 -112.08 -0.65 -4.11 -114.6 -0.59 -3.36 -114.6 -0.53 -3.37
3 16 -112.08 -2.44 -3.36 -114.6 -2.01 -2.76 -112.08 -1.89 -3.7
3 16 -114.6 -2.01 -2.76 -114.6 -1.71 -2.95 -112.08 -1.89 -3.7
3 16 -112.08 -1.89 -3.7 -114.6 -1.71 -2.95 -114.6 -1.55 -3.04
3 16 -112.08 -1.89 -3.7 -114.6 -1.55 -3.04 -112.08 -1.28 -3.95
3 16 -112.08 -1.28 -3.95 -114.6 -1.55 -3.04 -114.6 -1.17 -3.21
3 16 -112.08 -1.28 -3.95 -114.6 -1.17 -3.21 -114.6 -1.05 -3.24
3 16 -114.6 -2.19 -2.61 -112.08 -2.44 -3.36 -114.6 -2.41 -2.41
3 16 -114.6 -2.41 -2.41 -112.08 -2.44 -3.36 -112.08 -2.94 -2.94
3 16 -114.6 -2.41 -2.41 -112.08 -2.94 -2.94 -114.6 -2.61 -2.19
3 16 -114.6 -2.61 -2.19 -112.08 -2.94 -2.94 -112.08 -3.36 -2.44
3 16 -114.6 -2.61 -2.19 -112.08 -3.36 -2.44 -114.6 -2.76 -2.01
3 16 -114.6 -2.76 -2.01 -112.08 -3.36 -2.44 -114.6 -2.95 -1.71
3 16 -114.6 -2.95 -1.71 -112.08 -3.36 -2.44 -112.08 -3.7 -1.89
3 16 -114.6 -2.95 -1.71 -112.08 -3.7 -1.89 -114.6 -3.04 -1.55
3 16 -114.6 -3.04 -1.55 -112.08 -3.7 -1.89 -114.6 -3.21 -1.17
3 16 -114.6 -3.21 -1.17 -112.08 -3.7 -1.89 -112.08 -3.95 -1.28
3 16 -114.6 -3.21 -1.17 -112.08 -3.95 -1.28 -114.6 -3.24 -1.05
4 16 -114.6 -3.24 -1.05 -112.08 -3.95 -1.28 -112.08 -4.11 -0.65 -114.6 -3.36 -0.59
3 16 -114.6 -3.36 -0.59 -112.08 -4.11 -0.65 -114.6 -3.37 -0.53
4 16 -114.6 -3.37 -0.53 -112.08 -4.11 -0.65 -112.08 -4.16 0 -114.6 -3.41 0
4 16 -114.6 -3.41 0 -112.08 -4.16 0 -112.08 -4.11 0.65 -114.6 -3.37 0.53
4 16 -112.08 -3.95 1.28 -114.6 -3.24 1.05 -114.6 -3.36 0.59 -112.08 -4.11 0.65
3 16 -112.08 -4.11 0.65 -114.6 -3.36 0.59 -114.6 -3.37 0.53
3 16 -112.08 -3.36 2.44 -114.6 -2.76 2.01 -112.08 -3.7 1.89
3 16 -114.6 -2.76 2.01 -114.6 -2.95 1.71 -112.08 -3.7 1.89
3 16 -112.08 -3.7 1.89 -114.6 -2.95 1.71 -114.6 -3.04 1.55
3 16 -112.08 -3.7 1.89 -114.6 -3.04 1.55 -112.08 -3.95 1.28
3 16 -112.08 -3.95 1.28 -114.6 -3.04 1.55 -114.6 -3.21 1.17
3 16 -112.08 -3.95 1.28 -114.6 -3.21 1.17 -114.6 -3.24 1.05
3 16 -114.6 -2.61 2.19 -112.08 -3.36 2.44 -114.6 -2.41 2.41
3 16 -114.6 -2.41 2.41 -112.08 -3.36 2.44 -112.08 -2.94 2.94
3 16 -114.6 -2.41 2.41 -112.08 -2.94 2.94 -114.6 -2.19 2.61
3 16 -114.6 -2.19 2.61 -112.08 -2.94 2.94 -112.08 -2.44 3.36
3 16 -114.6 -2.19 2.61 -112.08 -2.44 3.36 -114.6 -2.01 2.76
3 16 -114.6 -2.01 2.76 -112.08 -2.44 3.36 -114.6 -1.71 2.95
3 16 -114.6 -1.71 2.95 -112.08 -2.44 3.36 -112.08 -1.89 3.7
3 16 -114.6 -1.71 2.95 -112.08 -1.89 3.7 -114.6 -1.55 3.04
3 16 -114.6 -1.55 3.04 -112.08 -1.89 3.7 -114.6 -1.17 3.21
3 16 -114.6 -1.17 3.21 -112.08 -1.89 3.7 -112.08 -1.28 3.95
3 16 -114.6 -1.17 3.21 -112.08 -1.28 3.95 -114.6 -1.05 3.24
4 16 -114.6 -1.05 3.24 -112.08 -1.28 3.95 -112.08 -0.65 4.11 -114.6 -0.59 3.36
3 16 -114.6 -0.59 3.36 -112.08 -0.65 4.11 -114.6 -0.53 3.37
4 16 -114.6 -0.53 3.37 -112.08 -0.65 4.11 -112.08 0 4.16 -114.6 0 3.41
3 16 -114.6 2.61 -2.19 -114.6 2.76 -2.01 -112.08 3.36 -2.44
3 16 -114.6 2.19 2.61 -114.6 2.01 2.76 -112.08 2.44 3.36
4 16 -112.08 0 4.16 -112.08 0.65 4.11 -114.6 0.53 3.37 -114.6 0 3.41
4 16 -112.08 1.28 3.95 -114.6 1.05 3.24 -114.6 0.59 3.36 -112.08 0.65 4.11
3 16 -112.08 0.65 4.11 -114.6 0.59 3.36 -114.6 0.53 3.37
3 16 -112.08 2.44 3.36 -114.6 2.01 2.76 -112.08 1.89 3.7
3 16 -114.6 2.01 2.76 -114.6 1.71 2.95 -112.08 1.89 3.7
3 16 -112.08 1.89 3.7 -114.6 1.71 2.95 -114.6 1.55 3.04
3 16 -112.08 1.89 3.7 -114.6 1.55 3.04 -112.08 1.28 3.95
3 16 -112.08 1.28 3.95 -114.6 1.55 3.04 -114.6 1.17 3.21
3 16 -112.08 1.28 3.95 -114.6 1.17 3.21 -114.6 1.05 3.24
3 16 -114.6 2.19 2.61 -112.08 2.44 3.36 -114.6 2.41 2.41
3 16 -114.6 2.41 2.41 -112.08 2.44 3.36 -112.08 2.94 2.94
3 16 -114.6 2.41 2.41 -112.08 2.94 2.94 -114.6 2.61 2.19
3 16 -114.6 2.61 2.19 -112.08 2.94 2.94 -112.08 3.36 2.44
3 16 -114.6 2.61 2.19 -112.08 3.36 2.44 -114.6 2.76 2.01
3 16 -114.6 2.76 2.01 -112.08 3.36 2.44 -114.6 2.95 1.71
3 16 -114.6 2.95 1.71 -112.08 3.36 2.44 -112.08 3.7 1.89
3 16 -114.6 2.95 1.71 -112.08 3.7 1.89 -114.6 3.04 1.55
3 16 -114.6 3.04 1.55 -112.08 3.7 1.89 -114.6 3.21 1.17
3 16 -114.6 3.21 1.17 -112.08 3.7 1.89 -112.08 3.95 1.28
3 16 -114.6 3.21 1.17 -112.08 3.95 1.28 -114.6 3.24 1.05
4 16 -114.6 3.24 1.05 -112.08 3.95 1.28 -112.08 4.11 0.65 -114.6 3.36 0.59
3 16 -114.6 3.36 0.59 -112.08 4.11 0.65 -114.6 3.37 0.53
4 16 -114.6 3.37 0.53 -112.08 4.11 0.65 -112.08 4.16 0 -114.6 3.41 0
4 16 -114.6 3.41 0 -112.08 4.16 0 -112.08 4.11 -0.65 -114.6 3.37 -0.53
4 16 -112.08 3.95 -1.28 -114.6 3.24 -1.05 -114.6 3.36 -0.59 -112.08 4.11 -0.65
3 16 -112.08 4.11 -0.65 -114.6 3.36 -0.59 -114.6 3.37 -0.53
3 16 -112.08 3.36 -2.44 -114.6 2.76 -2.01 -112.08 3.7 -1.89
3 16 -114.6 2.76 -2.01 -114.6 2.95 -1.71 -112.08 3.7 -1.89
3 16 -112.08 3.7 -1.89 -114.6 2.95 -1.71 -114.6 3.04 -1.55
3 16 -112.08 3.7 -1.89 -114.6 3.04 -1.55 -112.08 3.95 -1.28
3 16 -112.08 3.95 -1.28 -114.6 3.04 -1.55 -114.6 3.21 -1.17
3 16 -112.08 3.95 -1.28 -114.6 3.21 -1.17 -114.6 3.24 -1.05
3 16 -114.6 2.61 -2.19 -112.08 3.36 -2.44 -114.6 2.41 -2.41
3 16 -114.6 2.41 -2.41 -112.08 3.36 -2.44 -112.08 2.94 -2.94
3 16 -114.6 2.41 -2.41 -112.08 2.94 -2.94 -114.6 2.19 -2.61
3 16 -114.6 2.19 -2.61 -112.08 2.94 -2.94 -112.08 2.44 -3.36
3 16 -114.6 2.19 -2.61 -112.08 2.44 -3.36 -114.6 2.01 -2.76
3 16 -114.6 2.01 -2.76 -112.08 2.44 -3.36 -114.6 1.71 -2.95
3 16 -114.6 1.71 -2.95 -112.08 2.44 -3.36 -112.08 1.89 -3.7
3 16 -114.6 1.71 -2.95 -112.08 1.89 -3.7 -114.6 1.55 -3.04
3 16 -114.6 1.55 -3.04 -112.08 1.89 -3.7 -114.6 1.17 -3.21
3 16 -114.6 1.17 -3.21 -112.08 1.89 -3.7 -112.08 1.28 -3.95
3 16 -114.6 1.17 -3.21 -112.08 1.28 -3.95 -114.6 1.05 -3.24
4 16 -114.6 1.05 -3.24 -112.08 1.28 -3.95 -112.08 0.65 -4.11 -114.6 0.59 -3.36
3 16 -114.6 0.59 -3.36 -112.08 0.65 -4.11 -114.6 0.53 -3.37
4 16 -114.6 0.53 -3.37 -112.08 0.65 -4.11 -112.08 0 -4.16 -114.6 0 -3.41
4 16 -114.6 0 3.41 -117.23 0 3.41 -117.23 -0.59 3.36 -114.6 -0.53 3.37
3 16 -114.6 -0.53 3.37 -117.23 -0.59 3.36 -114.6 -0.59 3.36
3 16 -114.6 -0.59 3.36 -117.23 -0.59 3.36 -114.6 -1.05 3.24
3 16 -114.6 -1.05 3.24 -117.23 -0.59 3.36 -117.23 -1.17 3.21
3 16 -114.6 -1.05 3.24 -117.23 -1.17 3.21 -114.6 -1.17 3.21
3 16 -114.6 -1.17 3.21 -117.23 -1.17 3.21 -114.6 -1.55 3.04
3 16 -114.6 -1.55 3.04 -117.23 -1.17 3.21 -117.23 -1.71 2.95
3 16 -114.6 -1.55 3.04 -117.23 -1.71 2.95 -114.6 -1.71 2.95
3 16 -114.6 -1.71 2.95 -117.23 -1.71 2.95 -114.6 -2.01 2.76
3 16 -114.6 -2.01 2.76 -117.23 -1.71 2.95 -117.23 -2.19 2.61
3 16 -114.6 -2.01 2.76 -117.23 -2.19 2.61 -114.6 -2.19 2.61
3 16 -114.6 -2.19 2.61 -117.23 -2.19 2.61 -114.6 -2.41 2.41
3 16 -114.6 -2.41 2.41 -117.23 -2.19 2.61 -117.23 -2.61 2.19
3 16 -114.6 -2.41 2.41 -117.23 -2.61 2.19 -114.6 -2.61 2.19
3 16 -114.6 -2.61 2.19 -117.23 -2.61 2.19 -114.6 -2.76 2.01
3 16 -114.6 -2.76 2.01 -117.23 -2.61 2.19 -117.23 -2.95 1.71
3 16 -114.6 -2.76 2.01 -117.23 -2.95 1.71 -114.6 -2.95 1.71
3 16 -114.6 -2.95 1.71 -117.23 -2.95 1.71 -114.6 -3.04 1.55
3 16 -114.6 -3.04 1.55 -117.23 -2.95 1.71 -117.23 -3.21 1.17
3 16 -114.6 -3.04 1.55 -117.23 -3.21 1.17 -114.6 -3.21 1.17
3 16 -114.6 -3.21 1.17 -117.23 -3.21 1.17 -114.6 -3.24 1.05
3 16 -114.6 -3.24 1.05 -117.23 -3.21 1.17 -117.23 -3.36 0.59
3 16 -114.6 -3.24 1.05 -117.23 -3.36 0.59 -114.6 -3.36 0.59
3 16 -114.6 -3.36 0.59 -117.23 -3.36 0.59 -114.6 -3.37 0.53
4 16 -114.6 -3.37 0.53 -117.23 -3.36 0.59 -117.23 -3.41 0 -114.6 -3.41 0
4 16 -114.6 -3.41 0 -117.23 -3.41 0 -117.23 -3.36 -0.59 -114.6 -3.37 -0.53
3 16 -114.6 -3.37 -0.53 -117.23 -3.36 -0.59 -114.6 -3.36 -0.59
3 16 -114.6 -3.36 -0.59 -117.23 -3.36 -0.59 -114.6 -3.24 -1.05
3 16 -114.6 -3.24 -1.05 -117.23 -3.36 -0.59 -117.23 -3.21 -1.17
3 16 -114.6 -3.24 -1.05 -117.23 -3.21 -1.17 -114.6 -3.21 -1.17
3 16 -114.6 -3.21 -1.17 -117.23 -3.21 -1.17 -114.6 -3.04 -1.55
3 16 -114.6 -3.04 -1.55 -117.23 -3.21 -1.17 -117.23 -2.95 -1.71
3 16 -114.6 -3.04 -1.55 -117.23 -2.95 -1.71 -114.6 -2.95 -1.71
3 16 -114.6 -2.95 -1.71 -117.23 -2.95 -1.71 -114.6 -2.76 -2.01
3 16 -114.6 -2.76 -2.01 -117.23 -2.95 -1.71 -117.23 -2.61 -2.19
3 16 -114.6 -2.76 -2.01 -117.23 -2.61 -2.19 -114.6 -2.61 -2.19
3 16 -114.6 -2.61 -2.19 -117.23 -2.61 -2.19 -114.6 -2.41 -2.41
3 16 -114.6 -2.41 -2.41 -117.23 -2.61 -2.19 -117.23 -2.19 -2.61
3 16 -114.6 -2.41 -2.41 -117.23 -2.19 -2.61 -114.6 -2.19 -2.61
3 16 -114.6 -2.19 -2.61 -117.23 -2.19 -2.61 -114.6 -2.01 -2.76
3 16 -114.6 -2.01 -2.76 -117.23 -2.19 -2.61 -117.23 -1.71 -2.95
3 16 -114.6 -2.01 -2.76 -117.23 -1.71 -2.95 -114.6 -1.71 -2.95
3 16 -114.6 -1.71 -2.95 -117.23 -1.71 -2.95 -114.6 -1.55 -3.04
3 16 -114.6 -1.55 -3.04 -117.23 -1.71 -2.95 -117.23 -1.17 -3.21
3 16 -114.6 -1.55 -3.04 -117.23 -1.17 -3.21 -114.6 -1.17 -3.21
3 16 -114.6 -1.17 -3.21 -117.23 -1.17 -3.21 -114.6 -1.05 -3.24
3 16 -114.6 -1.05 -3.24 -117.23 -1.17 -3.21 -117.23 -0.59 -3.36
3 16 -114.6 -1.05 -3.24 -117.23 -0.59 -3.36 -114.6 -0.59 -3.36
3 16 -114.6 -0.59 -3.36 -117.23 -0.59 -3.36 -114.6 -0.53 -3.37
4 16 -114.6 -0.53 -3.37 -117.23 -0.59 -3.36 -117.23 0 -3.41 -114.6 0 -3.41
4 16 -114.6 0 -3.41 -117.23 0 -3.41 -117.23 0.59 -3.36 -114.6 0.53 -3.37
3 16 -114.6 0.53 -3.37 -117.23 0.59 -3.36 -114.6 0.59 -3.36
3 16 -114.6 0.59 -3.36 -117.23 0.59 -3.36 -114.6 1.05 -3.24
3 16 -114.6 1.05 -3.24 -117.23 0.59 -3.36 -117.23 1.17 -3.21
3 16 -114.6 1.05 -3.24 -117.23 1.17 -3.21 -114.6 1.17 -3.21
3 16 -114.6 1.17 -3.21 -117.23 1.17 -3.21 -114.6 1.55 -3.04
3 16 -114.6 1.55 -3.04 -117.23 1.17 -3.21 -117.23 1.71 -2.95
3 16 -114.6 1.55 -3.04 -117.23 1.71 -2.95 -114.6 1.71 -2.95
3 16 -114.6 1.71 -2.95 -117.23 1.71 -2.95 -114.6 2.01 -2.76
3 16 -114.6 2.01 -2.76 -117.23 1.71 -2.95 -117.23 2.19 -2.61
3 16 -114.6 2.01 -2.76 -117.23 2.19 -2.61 -114.6 2.19 -2.61
3 16 -114.6 2.19 -2.61 -117.23 2.19 -2.61 -114.6 2.41 -2.41
3 16 -114.6 2.41 -2.41 -117.23 2.19 -2.61 -117.23 2.61 -2.19
3 16 -114.6 2.41 -2.41 -117.23 2.61 -2.19 -114.6 2.61 -2.19
3 16 -114.6 2.61 -2.19 -117.23 2.61 -2.19 -114.6 2.76 -2.01
3 16 -114.6 2.76 -2.01 -117.23 2.61 -2.19 -117.23 2.95 -1.71
3 16 -114.6 2.76 -2.01 -117.23 2.95 -1.71 -114.6 2.95 -1.71
3 16 -114.6 2.95 -1.71 -117.23 2.95 -1.71 -114.6 3.04 -1.55
3 16 -114.6 3.04 -1.55 -117.23 2.95 -1.71 -117.23 3.21 -1.17
3 16 -114.6 3.04 -1.55 -117.23 3.21 -1.17 -114.6 3.21 -1.17
3 16 -114.6 3.21 -1.17 -117.23 3.21 -1.17 -114.6 3.24 -1.05
3 16 -114.6 3.24 -1.05 -117.23 3.21 -1.17 -117.23 3.36 -0.59
3 16 -114.6 3.24 -1.05 -117.23 3.36 -0.59 -114.6 3.36 -0.59
3 16 -114.6 3.36 -0.59 -117.23 3.36 -0.59 -114.6 3.37 -0.53
4 16 -114.6 3.37 -0.53 -117.23 3.36 -0.59 -117.23 3.41 0 -114.6 3.41 0
4 16 -114.6 3.41 0 -117.23 3.41 0 -117.23 3.36 0.59 -114.6 3.37 0.53
3 16 -114.6 3.37 0.53 -117.23 3.36 0.59 -114.6 3.36 0.59
3 16 -114.6 3.36 0.59 -117.23 3.36 0.59 -114.6 3.24 1.05
3 16 -114.6 3.24 1.05 -117.23 3.36 0.59 -117.23 3.21 1.17
3 16 -114.6 3.24 1.05 -117.23 3.21 1.17 -114.6 3.21 1.17
3 16 -114.6 3.21 1.17 -117.23 3.21 1.17 -114.6 3.04 1.55
3 16 -114.6 3.04 1.55 -117.23 3.21 1.17 -117.23 2.95 1.71
3 16 -114.6 3.04 1.55 -117.23 2.95 1.71 -114.6 2.95 1.71
3 16 -114.6 2.95 1.71 -117.23 2.95 1.71 -114.6 2.76 2.01
3 16 -114.6 2.76 2.01 -117.23 2.95 1.71 -117.23 2.61 2.19
3 16 -114.6 2.76 2.01 -117.23 2.61 2.19 -114.6 2.61 2.19
3 16 -114.6 2.61 2.19 -117.23 2.61 2.19 -114.6 2.41 2.41
3 16 -114.6 2.41 2.41 -117.23 2.61 2.19 -117.23 2.19 2.61
3 16 -114.6 2.41 2.41 -117.23 2.19 2.61 -114.6 2.19 2.61
3 16 -114.6 2.19 2.61 -117.23 2.19 2.61 -114.6 2.01 2.76
3 16 -114.6 2.01 2.76 -117.23 2.19 2.61 -117.23 1.71 2.95
3 16 -114.6 2.01 2.76 -117.23 1.71 2.95 -114.6 1.71 2.95
3 16 -114.6 1.71 2.95 -117.23 1.71 2.95 -114.6 1.55 3.04
3 16 -114.6 1.55 3.04 -117.23 1.71 2.95 -117.23 1.17 3.21
3 16 -114.6 1.55 3.04 -117.23 1.17 3.21 -114.6 1.17 3.21
3 16 -114.6 1.17 3.21 -117.23 1.17 3.21 -114.6 1.05 3.24
3 16 -114.6 1.05 3.24 -117.23 1.17 3.21 -117.23 0.59 3.36
3 16 -114.6 1.05 3.24 -117.23 0.59 3.36 -114.6 0.59 3.36
3 16 -114.6 0.59 3.36 -117.23 0.59 3.36 -114.6 0.53 3.37
4 16 -114.6 0.53 3.37 -117.23 0.59 3.36 -117.23 0 3.41 -114.6 0 3.41
