0 VEX-IQ-气动-组装-4x冲程气缸-4
0 Name: s/228-7724-000s6.dat
0 Author: 
0 !LDRAW_ORG Subpart
0 !LICENSE Redistributable under CCAL version 2.0 : see CAreadme.txt

0 BFC CERTIFY CCW

0 // Created with stl2dat conversion tool

3 16 202.04 12.13 15.69 202.93 11.34 2.24 202.93 11.34 -2.24
2 24 202.93 11.34 -2.24 202.93 11.34 2.24
3 16 202.04 12.13 -15.69 202.04 12.13 15.69 202.93 11.34 -2.24

3 16 191.01 15.72 -15.69 190.01 15.62 -1.89 190.01 15.62 1.89
3 16 190.01 15.62 1.89 191.01 15.72 15.69 191.01 15.72 -15.69

4 16 176 13.53 7.81 179.78 13.53 7.81 179.78 14.43 5.98 176 14.43 5.98
2 24 179.78 14.43 5.98 179.78 13.53 7.81
2 24 176 13.53 7.81 176 14.43 5.98
4 16 176 14.43 5.98 179.78 14.43 5.98 179.78 15.09 4.04 176 15.09 4.04
2 24 179.78 15.09 4.04 179.78 14.43 5.98
2 24 176 14.43 5.98 176 15.09 4.04
4 16 176 15.09 4.04 179.78 15.09 4.04 179.78 15.49 2.04 176 15.49 2.04
2 24 179.78 15.49 2.04 179.78 15.09 4.04
2 24 176 15.09 4.04 176 15.49 2.04

4 16 176 11.05 11.05 179.78 11.05 11.05 179.78 12.39 9.51 176 12.39 9.51
2 24 179.78 12.39 9.51 179.78 11.05 11.05
2 24 176 11.05 11.05 176 12.39 9.51
4 16 176 12.39 9.51 179.78 12.39 9.51 179.78 13.53 7.81 176 13.53 7.81
2 24 179.78 13.53 7.81 179.78 12.39 9.51
2 24 176 12.39 9.51 176 13.53 7.81

4 16 176 15.62 0 179.78 15.62 0 179.78 15.51 -1.89 176 15.49 -2.04
2 24 179.78 15.51 -1.89 179.78 15.62 0
2 24 176 15.62 0 176 15.49 -2.04
4 16 176 15.49 2.04 179.78 15.51 1.89 179.78 15.62 0 176 15.62 0
2 24 179.78 15.62 0 179.78 15.51 1.89
2 24 176 15.49 2.04 176 15.62 0

4 16 176 15.49 -2.04 179.78 15.49 -2.04 179.78 15.09 -4.04 176 15.09 -4.04
2 24 179.78 15.09 -4.04 179.78 15.49 -2.04
2 24 176 15.49 -2.04 176 15.09 -4.04
4 16 176 15.09 -4.04 179.78 15.09 -4.04 179.78 14.43 -5.98 176 14.43 -5.98
2 24 179.78 14.43 -5.98 179.78 15.09 -4.04
2 24 176 15.09 -4.04 176 14.43 -5.98
4 16 176 14.43 -5.98 179.78 14.43 -5.98 179.78 13.53 -7.81 176 13.53 -7.81
2 24 179.78 13.53 -7.81 179.78 14.43 -5.98
2 24 176 14.43 -5.98 176 13.53 -7.81
4 16 176 13.53 -7.81 179.78 13.53 -7.81 179.78 12.39 -9.51 176 12.39 -9.51
2 24 179.78 12.39 -9.51 179.78 13.53 -7.81
2 24 176 13.53 -7.81 176 12.39 -9.51
4 16 176 12.39 -9.51 179.78 12.39 -9.51 179.78 11.05 -11.05 176 11.05 -11.05
2 24 179.78 11.05 -11.05 179.78 12.39 -9.51
2 24 176 12.39 -9.51 176 11.05 -11.05

3 16 178.78 8.55 -13.07 176 9.51 -12.39 179.27 9.25 -12.58
2 24 179.27 9.25 -12.58 178.78 8.55 -13.07
3 16 176 9.51 -12.39 179.45 9.51 -12.39 179.27 9.25 -12.58
2 24 179.45 9.51 -12.39 179.27 9.25 -12.58

3 16 178.33 7.81 -13.53 178.21 7.58 -13.65 176 7.81 -13.53
2 24 178.33 7.81 -13.53 178.21 7.58 -13.65
3 16 176 7.81 -13.53 178.21 7.58 -13.65 177.8 6.8 -14.06
2 24 178.21 7.58 -13.65 177.8 6.8 -14.06

3 16 179.78 11.05 11.05 179.78 9.93 12.06 179.78 9.93 1.89
2 24 179.78 11.05 11.05 179.78 9.93 12.06
2 24 179.78 9.93 12.06 179.78 9.93 1.89
3 16 179.78 11.05 11.05 179.78 9.93 1.89 179.78 12.39 9.51
3 16 179.78 15.51 1.89 179.78 15.49 2.04 179.78 9.93 1.89
2 24 179.78 15.51 1.89 179.78 15.49 2.04
2 24 179.78 15.51 1.89 179.78 9.93 1.89
3 16 179.78 9.93 1.89 179.78 15.49 2.04 179.78 15.09 4.04
3 16 179.78 15.09 4.04 179.78 14.43 5.98 179.78 9.93 1.89
3 16 179.78 9.93 1.89 179.78 14.43 5.98 179.78 13.53 7.81
3 16 179.78 9.93 1.89 179.78 13.53 7.81 179.78 12.39 9.51

3 16 185.29 14.25 1.89 187.13 14.98 1.89 179.78 15.62 1.89
2 24 185.29 14.25 1.89 187.13 14.98 1.89
3 16 179.78 15.62 1.89 187.13 14.98 1.89 189.05 15.47 1.89
2 24 187.13 14.98 1.89 189.05 15.47 1.89
3 16 179.78 15.62 1.89 189.05 15.47 1.89 190.01 15.62 1.89
2 24 189.05 15.47 1.89 190.01 15.62 1.89
2 24 179.78 15.62 1.89 190.01 15.62 1.89
3 16 179.78 9.93 1.89 180.52 10.78 1.89 179.78 15.51 1.89
2 24 179.78 9.93 1.89 180.52 10.78 1.89
3 16 179.78 15.51 1.89 180.52 10.78 1.89 181.96 12.13 1.89
2 24 180.52 10.78 1.89 181.96 12.13 1.89
4 16 179.78 15.51 1.89 181.96 12.13 1.89 183.56 13.3 1.89 179.78 15.62 1.89
2 24 181.96 12.13 1.89 183.56 13.3 1.89
2 24 179.78 15.51 1.89 179.78 15.62 1.89
3 16 179.78 15.62 1.89 183.56 13.3 1.89 185.29 14.25 1.89
2 24 183.56 13.3 1.89 185.29 14.25 1.89

3 16 180.52 10.78 -1.89 179.78 9.93 -1.89 179.78 15.51 -1.89
2 24 180.52 10.78 -1.89 179.78 9.93 -1.89
2 24 179.78 15.51 -1.89 179.78 9.93 -1.89
3 16 187.13 14.98 -1.89 179.78 15.62 -1.89 189.05 15.47 -1.89
2 24 189.05 15.47 -1.89 187.13 14.98 -1.89
3 16 189.05 15.47 -1.89 179.78 15.62 -1.89 190.01 15.62 -1.89
2 24 190.01 15.62 -1.89 179.78 15.62 -1.89
2 24 190.01 15.62 -1.89 189.05 15.47 -1.89
3 16 187.13 14.98 -1.89 185.29 14.25 -1.89 179.78 15.62 -1.89
2 24 187.13 14.98 -1.89 185.29 14.25 -1.89
3 16 179.78 15.62 -1.89 185.29 14.25 -1.89 183.56 13.3 -1.89
2 24 185.29 14.25 -1.89 183.56 13.3 -1.89
4 16 179.78 15.62 -1.89 183.56 13.3 -1.89 181.96 12.13 -1.89 179.78 15.51 -1.89
2 24 183.56 13.3 -1.89 181.96 12.13 -1.89
2 24 179.78 15.62 -1.89 179.78 15.51 -1.89
3 16 179.78 15.51 -1.89 181.96 12.13 -1.89 180.52 10.78 -1.89
2 24 181.96 12.13 -1.89 180.52 10.78 -1.89

3 16 179.78 15.49 -2.04 179.78 15.51 -1.89 179.78 9.93 -1.89
2 24 179.78 15.49 -2.04 179.78 15.51 -1.89
3 16 179.78 9.93 -12.06 179.78 11.05 -11.05 179.78 9.93 -1.89
2 24 179.78 9.93 -12.06 179.78 11.05 -11.05
2 24 179.78 9.93 -1.89 179.78 9.93 -12.06
3 16 179.78 9.93 -1.89 179.78 11.05 -11.05 179.78 12.39 -9.51
3 16 179.78 9.93 -1.89 179.78 12.39 -9.51 179.78 13.53 -7.81
3 16 179.78 13.53 -7.81 179.78 14.43 -5.98 179.78 9.93 -1.89
3 16 179.78 9.93 -1.89 179.78 14.43 -5.98 179.78 15.09 -4.04
3 16 179.78 9.93 -1.89 179.78 15.09 -4.04 179.78 15.49 -2.04

4 16 181.74 8.35 -15.69 179.26 9.26 -15.69 180.52 10.78 -15.69 182.97 9.67 -15.69
2 24 179.26 9.26 -15.69 180.52 10.78 -15.69
2 24 181.74 8.35 -15.69 182.97 9.67 -15.69
3 16 182.97 9.67 -15.69 180.52 10.78 -15.69 181.96 12.13 -15.69
2 24 180.52 10.78 -15.69 181.96 12.13 -15.69
4 16 182.97 9.67 -15.69 181.96 12.13 -15.69 183.56 13.3 -15.69 184.37 10.81 -15.69
2 24 181.96 12.13 -15.69 183.56 13.3 -15.69
2 24 182.97 9.67 -15.69 184.37 10.81 -15.69
4 16 184.37 10.81 -15.69 183.56 13.3 -15.69 185.29 14.25 -15.69 185.91 11.75 -15.69
2 24 183.56 13.3 -15.69 185.29 14.25 -15.69
2 24 184.37 10.81 -15.69 185.91 11.75 -15.69
4 16 185.91 11.75 -15.69 185.29 14.25 -15.69 187.13 14.98 -15.69 187.57 12.46 -15.69
2 24 185.29 14.25 -15.69 187.13 14.98 -15.69
2 24 185.91 11.75 -15.69 187.57 12.46 -15.69
4 16 187.57 12.46 -15.69 187.13 14.98 -15.69 189.05 15.47 -15.69 189.31 12.95 -15.69
2 24 187.13 14.98 -15.69 189.05 15.47 -15.69
2 24 187.57 12.46 -15.69 189.31 12.95 -15.69
4 16 189.31 12.95 -15.69 189.05 15.47 -15.69 191.01 15.72 -15.69 191.1 13.2 -15.69
2 24 189.05 15.47 -15.69 191.01 15.72 -15.69
2 24 189.31 12.95 -15.69 191.1 13.2 -15.69
4 16 191.1 13.2 -15.69 191.01 15.72 -15.69 192.99 15.72 -15.69 192.9 13.2 -15.69
2 24 191.01 15.72 -15.69 192.99 15.72 -15.69
2 24 191.1 13.2 -15.69 192.9 13.2 -15.69
4 16 192.9 13.2 -15.69 192.99 15.72 -15.69 194.95 15.47 -15.69 194.69 12.95 -15.69
2 24 192.99 15.72 -15.69 194.95 15.47 -15.69
2 24 192.9 13.2 -15.69 194.69 12.95 -15.69
4 16 194.69 12.95 -15.69 194.95 15.47 -15.69 196.87 14.98 -15.69 196.43 12.46 -15.69
2 24 194.95 15.47 -15.69 196.87 14.98 -15.69
2 24 194.69 12.95 -15.69 196.43 12.46 -15.69
4 16 196.43 12.46 -15.69 196.87 14.98 -15.69 198.71 14.25 -15.69 198.09 11.75 -15.69
2 24 196.87 14.98 -15.69 198.71 14.25 -15.69
2 24 196.43 12.46 -15.69 198.09 11.75 -15.69
4 16 198.09 11.75 -15.69 198.71 14.25 -15.69 200.44 13.3 -15.69 199.63 10.81 -15.69
2 24 198.71 14.25 -15.69 200.44 13.3 -15.69
2 24 198.09 11.75 -15.69 199.63 10.81 -15.69
4 16 199.63 10.81 -15.69 200.44 13.3 -15.69 202.04 12.13 -15.69 201.03 9.67 -15.69
2 24 200.44 13.3 -15.69 202.04 12.13 -15.69
2 24 199.63 10.81 -15.69 201.03 9.67 -15.69
3 16 201.03 9.67 -15.69 202.04 12.13 -15.69 203.48 10.78 -15.69
2 24 202.04 12.13 -15.69 203.48 10.78 -15.69
4 16 201.03 9.67 -15.69 203.48 10.78 -15.69 204.74 9.26 -15.69 202.26 8.35 -15.69
2 24 203.48 10.78 -15.69 204.74 9.26 -15.69
2 24 201.03 9.67 -15.69 202.26 8.35 -15.69
4 16 202.26 8.35 -15.69 204.74 9.26 -15.69 205.8 7.59 -15.69 203.3 6.87 -15.69
2 24 204.74 9.26 -15.69 205.8 7.59 -15.69
2 24 202.26 8.35 -15.69 203.3 6.87 -15.69
4 16 203.3 6.87 -15.69 205.8 7.59 -15.69 206.64 5.8 -15.69 204.13 5.27 -15.69
2 24 205.8 7.59 -15.69 206.64 5.8 -15.69
2 24 203.3 6.87 -15.69 204.13 5.27 -15.69
4 16 204.13 5.27 -15.69 206.64 5.8 -15.69 207.25 3.92 -15.69 204.74 3.57 -15.69
2 24 206.64 5.8 -15.69 207.25 3.92 -15.69
2 24 204.13 5.27 -15.69 204.74 3.57 -15.69
4 16 204.74 3.57 -15.69 207.25 3.92 -15.69 207.62 1.97 -15.69 205.11 1.8 -15.69
2 24 207.25 3.92 -15.69 207.62 1.97 -15.69
2 24 204.74 3.57 -15.69 205.11 1.8 -15.69
4 16 205.11 1.8 -15.69 207.62 1.97 -15.69 207.75 0 -15.69 205.23 0 -15.69
2 24 207.62 1.97 -15.69 207.75 0 -15.69
2 24 205.11 1.8 -15.69 205.23 0 -15.69
4 16 205.23 0 -15.69 207.75 0 -15.69 207.62 -1.97 -15.69 205.11 -1.8 -15.69
2 24 207.62 -1.97 -15.69 207.75 0 -15.69
2 24 205.23 0 -15.69 205.11 -1.8 -15.69
4 16 205.11 -1.8 -15.69 207.62 -1.97 -15.69 207.25 -3.92 -15.69 204.74 -3.57 -15.69
2 24 207.25 -3.92 -15.69 207.62 -1.97 -15.69
2 24 205.11 -1.8 -15.69 204.74 -3.57 -15.69
4 16 204.74 -3.57 -15.69 207.25 -3.92 -15.69 206.64 -5.8 -15.69 204.13 -5.27 -15.69
2 24 206.64 -5.8 -15.69 207.25 -3.92 -15.69
2 24 204.74 -3.57 -15.69 204.13 -5.27 -15.69
4 16 204.13 -5.27 -15.69 206.64 -5.8 -15.69 205.8 -7.59 -15.69 203.3 -6.87 -15.69
2 24 205.8 -7.59 -15.69 206.64 -5.8 -15.69
2 24 204.13 -5.27 -15.69 203.3 -6.87 -15.69
4 16 203.3 -6.87 -15.69 205.8 -7.59 -15.69 204.74 -9.26 -15.69 202.26 -8.35 -15.69
2 24 204.74 -9.26 -15.69 205.8 -7.59 -15.69
2 24 203.3 -6.87 -15.69 202.26 -8.35 -15.69
4 16 182.97 -9.67 -15.69 181.96 -12.13 -15.69 180.52 -10.78 -15.69 181.74 -8.35 -15.69
2 24 180.52 -10.78 -15.69 181.96 -12.13 -15.69
2 24 182.97 -9.67 -15.69 181.74 -8.35 -15.69
3 16 181.74 -8.35 -15.69 180.52 -10.78 -15.69 179.26 -9.26 -15.69
2 24 179.26 -9.26 -15.69 180.52 -10.78 -15.69
4 16 181.74 -8.35 -15.69 179.26 -9.26 -15.69 178.2 -7.59 -15.69 180.7 -6.87 -15.69
2 24 178.2 -7.59 -15.69 179.26 -9.26 -15.69
2 24 181.74 -8.35 -15.69 180.7 -6.87 -15.69
4 16 180.7 -6.87 -15.69 178.2 -7.59 -15.69 177.36 -5.8 -15.69 179.87 -5.27 -15.69
2 24 177.36 -5.8 -15.69 178.2 -7.59 -15.69
2 24 180.7 -6.87 -15.69 179.87 -5.27 -15.69
4 16 179.87 -5.27 -15.69 177.36 -5.8 -15.69 176.75 -3.92 -15.69 179.26 -3.57 -15.69
2 24 176.75 -3.92 -15.69 177.36 -5.8 -15.69
2 24 179.87 -5.27 -15.69 179.26 -3.57 -15.69
4 16 179.26 -3.57 -15.69 176.75 -3.92 -15.69 176.38 -1.97 -15.69 178.89 -1.8 -15.69
2 24 176.38 -1.97 -15.69 176.75 -3.92 -15.69
2 24 179.26 -3.57 -15.69 178.89 -1.8 -15.69
4 16 178.89 -1.8 -15.69 176.38 -1.97 -15.69 176.25 0 -15.69 178.77 0 -15.69
2 24 176.25 0 -15.69 176.38 -1.97 -15.69
2 24 178.89 -1.8 -15.69 178.77 0 -15.69
4 16 178.77 0 -15.69 176.25 0 -15.69 176.38 1.97 -15.69 178.89 1.8 -15.69
2 24 176.25 0 -15.69 176.38 1.97 -15.69
2 24 178.77 0 -15.69 178.89 1.8 -15.69
4 16 178.89 1.8 -15.69 176.38 1.97 -15.69 176.75 3.92 -15.69 179.26 3.57 -15.69
2 24 176.38 1.97 -15.69 176.75 3.92 -15.69
2 24 178.89 1.8 -15.69 179.26 3.57 -15.69
4 16 179.26 3.57 -15.69 176.75 3.92 -15.69 177.36 5.8 -15.69 179.87 5.27 -15.69
2 24 176.75 3.92 -15.69 177.36 5.8 -15.69
2 24 179.26 3.57 -15.69 179.87 5.27 -15.69
4 16 179.87 5.27 -15.69 177.36 5.8 -15.69 178.2 7.59 -15.69 180.7 6.87 -15.69
2 24 177.36 5.8 -15.69 178.2 7.59 -15.69
2 24 179.87 5.27 -15.69 180.7 6.87 -15.69
4 16 180.7 6.87 -15.69 178.2 7.59 -15.69 179.26 9.26 -15.69 181.74 8.35 -15.69
2 24 178.2 7.59 -15.69 179.26 9.26 -15.69
2 24 180.7 6.87 -15.69 181.74 8.35 -15.69
3 16 202.26 -8.35 -15.69 204.74 -9.26 -15.69 203.48 -10.78 -15.69
2 24 203.48 -10.78 -15.69 204.74 -9.26 -15.69
4 16 202.26 -8.35 -15.69 203.48 -10.78 -15.69 202.04 -12.13 -15.69 201.03 -9.67 -15.69
2 24 202.04 -12.13 -15.69 203.48 -10.78 -15.69
2 24 202.26 -8.35 -15.69 201.03 -9.67 -15.69
4 16 201.03 -9.67 -15.69 202.04 -12.13 -15.69 200.44 -13.3 -15.69 199.63 -10.81 -15.69
2 24 200.44 -13.3 -15.69 202.04 -12.13 -15.69
2 24 201.03 -9.67 -15.69 199.63 -10.81 -15.69
4 16 199.63 -10.81 -15.69 200.44 -13.3 -15.69 198.71 -14.25 -15.69 198.09 -11.75 -15.69
2 24 198.71 -14.25 -15.69 200.44 -13.3 -15.69
2 24 199.63 -10.81 -15.69 198.09 -11.75 -15.69
4 16 198.09 -11.75 -15.69 198.71 -14.25 -15.69 196.87 -14.98 -15.69 196.43 -12.46 -15.69
2 24 196.87 -14.98 -15.69 198.71 -14.25 -15.69
2 24 198.09 -11.75 -15.69 196.43 -12.46 -15.69
4 16 196.43 -12.46 -15.69 196.87 -14.98 -15.69 194.95 -15.47 -15.69 194.69 -12.95 -15.69
2 24 194.95 -15.47 -15.69 196.87 -14.98 -15.69
2 24 196.43 -12.46 -15.69 194.69 -12.95 -15.69
4 16 194.69 -12.95 -15.69 194.95 -15.47 -15.69 192.99 -15.72 -15.69 192.9 -13.2 -15.69
2 24 192.99 -15.72 -15.69 194.95 -15.47 -15.69
2 24 194.69 -12.95 -15.69 192.9 -13.2 -15.69
4 16 192.9 -13.2 -15.69 192.99 -15.72 -15.69 191.01 -15.72 -15.69 191.1 -13.2 -15.69
2 24 191.01 -15.72 -15.69 192.99 -15.72 -15.69
2 24 192.9 -13.2 -15.69 191.1 -13.2 -15.69
4 16 191.1 -13.2 -15.69 191.01 -15.72 -15.69 189.05 -15.47 -15.69 189.31 -12.95 -15.69
2 24 189.05 -15.47 -15.69 191.01 -15.72 -15.69
2 24 191.1 -13.2 -15.69 189.31 -12.95 -15.69
4 16 189.31 -12.95 -15.69 189.05 -15.47 -15.69 187.13 -14.98 -15.69 187.57 -12.46 -15.69
2 24 187.13 -14.98 -15.69 189.05 -15.47 -15.69
2 24 189.31 -12.95 -15.69 187.57 -12.46 -15.69
4 16 187.57 -12.46 -15.69 187.13 -14.98 -15.69 185.29 -14.25 -15.69 185.91 -11.75 -15.69
2 24 185.29 -14.25 -15.69 187.13 -14.98 -15.69
2 24 187.57 -12.46 -15.69 185.91 -11.75 -15.69
4 16 185.91 -11.75 -15.69 185.29 -14.25 -15.69 183.56 -13.3 -15.69 184.37 -10.81 -15.69
2 24 183.56 -13.3 -15.69 185.29 -14.25 -15.69
2 24 185.91 -11.75 -15.69 184.37 -10.81 -15.69
4 16 184.37 -10.81 -15.69 183.56 -13.3 -15.69 181.96 -12.13 -15.69 182.97 -9.67 -15.69
2 24 181.96 -12.13 -15.69 183.56 -13.3 -15.69
2 24 184.37 -10.81 -15.69 182.97 -9.67 -15.69

3 16 191.01 -15.72 -15.69 191.01 -15.72 15.69 190.01 -15.62 1.89
3 16 191.01 -15.72 -15.69 190.01 -15.62 1.89 190.01 -15.62 -1.89

3 16 202.93 -11.34 -2.24 202.93 -11.34 2.24 202.04 -12.13 15.69
2 24 202.93 -11.34 2.24 202.93 -11.34 -2.24
3 16 202.93 -11.34 -2.24 202.04 -12.13 15.69 202.04 -12.13 -15.69

3 16 207.75 0 -2.24 207.62 1.97 -2.24 197.29 0 -2.24
2 24 207.75 0 -2.24 207.62 1.97 -2.24
4 16 197.29 0 -2.24 207.62 1.97 -2.24 207.25 3.92 -2.24 197.16 1.18 -2.24
2 24 207.62 1.97 -2.24 207.25 3.92 -2.24
2 24 197.29 0 -2.24 197.16 1.18 -2.24
4 16 184.82 -11.34 -2.24 202.93 -11.34 -2.24 194.3 -4.77 -2.24 193.18 -5.16 -2.24
2 24 202.93 -11.34 -2.24 184.82 -11.34 -2.24
2 24 193.18 -5.16 -2.24 194.3 -4.77 -2.24
3 16 193.18 -5.16 -2.24 192 -5.29 -2.24 184.82 -11.34 -2.24
2 24 192 -5.29 -2.24 193.18 -5.16 -2.24
3 16 184.82 -11.34 -2.24 192 -5.29 -2.24 190.82 -5.16 -2.24
2 24 190.82 -5.16 -2.24 192 -5.29 -2.24
3 16 184.82 -11.34 -2.24 190.82 -5.16 -2.24 189.7 -4.77 -2.24
2 24 189.7 -4.77 -2.24 190.82 -5.16 -2.24
3 16 207.75 0 -2.24 197.29 0 -2.24 207.62 -1.97 -2.24
2 24 207.62 -1.97 -2.24 207.75 0 -2.24
4 16 207.62 -1.97 -2.24 197.29 0 -2.24 197.16 -1.18 -2.24 207.25 -3.92 -2.24
2 24 197.16 -1.18 -2.24 197.29 0 -2.24
2 24 207.25 -3.92 -2.24 207.62 -1.97 -2.24
3 16 207.25 -3.92 -2.24 197.16 -1.18 -2.24 206.64 -5.8 -2.24
2 24 206.64 -5.8 -2.24 207.25 -3.92 -2.24
4 16 206.64 -5.8 -2.24 197.16 -1.18 -2.24 196.77 -2.3 -2.24 205.8 -7.59 -2.24
2 24 196.77 -2.3 -2.24 197.16 -1.18 -2.24
2 24 205.8 -7.59 -2.24 206.64 -5.8 -2.24
3 16 189.7 -4.77 -2.24 188.7 -4.14 -2.24 184.82 -11.34 -2.24
2 24 188.7 -4.14 -2.24 189.7 -4.77 -2.24
3 16 184.82 -11.34 -2.24 188.7 -4.14 -2.24 187.86 -3.3 -2.24
2 24 187.86 -3.3 -2.24 188.7 -4.14 -2.24
3 16 184.82 -11.34 -2.24 187.86 -3.3 -2.24 187.23 -2.3 -2.24
2 24 187.23 -2.3 -2.24 187.86 -3.3 -2.24
3 16 187.23 -2.3 -2.24 186.84 -1.18 -2.24 184.82 -11.34 -2.24
2 24 186.84 -1.18 -2.24 187.23 -2.3 -2.24
3 16 184.82 -11.34 -2.24 186.84 -1.18 -2.24 186.71 0 -2.24
2 24 186.71 0 -2.24 186.84 -1.18 -2.24
3 16 184.82 -11.34 -2.24 186.71 0 -2.24 184.82 11.34 -2.24
2 24 184.82 -11.34 -2.24 184.82 11.34 -2.24
3 16 184.82 11.34 -2.24 186.71 0 -2.24 186.84 1.18 -2.24
2 24 186.84 1.18 -2.24 186.71 0 -2.24
3 16 184.82 11.34 -2.24 186.84 1.18 -2.24 187.23 2.3 -2.24
2 24 187.23 2.3 -2.24 186.84 1.18 -2.24
3 16 187.23 2.3 -2.24 187.86 3.3 -2.24 184.82 11.34 -2.24
2 24 187.86 3.3 -2.24 187.23 2.3 -2.24
3 16 184.82 11.34 -2.24 187.86 3.3 -2.24 188.7 4.14 -2.24
2 24 188.7 4.14 -2.24 187.86 3.3 -2.24
3 16 184.82 11.34 -2.24 188.7 4.14 -2.24 189.7 4.77 -2.24
2 24 189.7 4.77 -2.24 188.7 4.14 -2.24
4 16 196.14 3.3 -2.24 204.74 9.26 -2.24 203.48 10.78 -2.24 195.3 4.14 -2.24
2 24 204.74 9.26 -2.24 203.48 10.78 -2.24
2 24 196.14 3.3 -2.24 195.3 4.14 -2.24
4 16 195.3 4.14 -2.24 203.48 10.78 -2.24 202.93 11.34 -2.24 194.3 4.77 -2.24
2 24 203.48 10.78 -2.24 202.93 11.34 -2.24
2 24 195.3 4.14 -2.24 194.3 4.77 -2.24
3 16 197.16 1.18 -2.24 207.25 3.92 -2.24 206.64 5.8 -2.24
2 24 207.25 3.92 -2.24 206.64 5.8 -2.24
4 16 197.16 1.18 -2.24 206.64 5.8 -2.24 205.8 7.59 -2.24 196.77 2.3 -2.24
2 24 206.64 5.8 -2.24 205.8 7.59 -2.24
2 24 197.16 1.18 -2.24 196.77 2.3 -2.24
4 16 196.77 2.3 -2.24 205.8 7.59 -2.24 204.74 9.26 -2.24 196.14 3.3 -2.24
2 24 205.8 7.59 -2.24 204.74 9.26 -2.24
2 24 196.77 2.3 -2.24 196.14 3.3 -2.24
4 16 205.8 -7.59 -2.24 196.77 -2.3 -2.24 196.14 -3.3 -2.24 204.74 -9.26 -2.24
2 24 196.14 -3.3 -2.24 196.77 -2.3 -2.24
2 24 204.74 -9.26 -2.24 205.8 -7.59 -2.24
4 16 204.74 -9.26 -2.24 196.14 -3.3 -2.24 195.3 -4.14 -2.24 203.48 -10.78 -2.24
2 24 195.3 -4.14 -2.24 196.14 -3.3 -2.24
2 24 203.48 -10.78 -2.24 204.74 -9.26 -2.24
4 16 203.48 -10.78 -2.24 195.3 -4.14 -2.24 194.3 -4.77 -2.24 202.93 -11.34 -2.24
2 24 194.3 -4.77 -2.24 195.3 -4.14 -2.24
2 24 202.93 -11.34 -2.24 203.48 -10.78 -2.24
3 16 189.7 4.77 -2.24 190.82 5.16 -2.24 184.82 11.34 -2.24
2 24 190.82 5.16 -2.24 189.7 4.77 -2.24
3 16 184.82 11.34 -2.24 190.82 5.16 -2.24 192 5.29 -2.24
2 24 192 5.29 -2.24 190.82 5.16 -2.24
4 16 184.82 11.34 -2.24 192 5.29 -2.24 193.18 5.16 -2.24 202.93 11.34 -2.24
2 24 193.18 5.16 -2.24 192 5.29 -2.24
2 24 184.82 11.34 -2.24 202.93 11.34 -2.24
3 16 202.93 11.34 -2.24 193.18 5.16 -2.24 194.3 4.77 -2.24
2 24 194.3 4.77 -2.24 193.18 5.16 -2.24

3 16 190.82 5.16 2.24 189.7 4.77 2.24 184.82 11.34 2.24
2 24 189.7 4.77 2.24 190.82 5.16 2.24
3 16 207.75 0 2.24 207.62 -1.97 2.24 197.29 0 2.24
2 24 207.75 0 2.24 207.62 -1.97 2.24
4 16 197.29 0 2.24 207.62 -1.97 2.24 207.25 -3.92 2.24 197.16 -1.18 2.24
2 24 207.62 -1.97 2.24 207.25 -3.92 2.24
2 24 197.29 0 2.24 197.16 -1.18 2.24
3 16 207.75 0 2.24 197.29 0 2.24 207.62 1.97 2.24
2 24 207.62 1.97 2.24 207.75 0 2.24
4 16 207.62 1.97 2.24 197.29 0 2.24 197.16 1.18 2.24 207.25 3.92 2.24
2 24 197.16 1.18 2.24 197.29 0 2.24
2 24 207.25 3.92 2.24 207.62 1.97 2.24
3 16 207.25 3.92 2.24 197.16 1.18 2.24 206.64 5.8 2.24
2 24 206.64 5.8 2.24 207.25 3.92 2.24
4 16 206.64 5.8 2.24 197.16 1.18 2.24 196.77 2.3 2.24 205.8 7.59 2.24
2 24 196.77 2.3 2.24 197.16 1.18 2.24
2 24 205.8 7.59 2.24 206.64 5.8 2.24
4 16 202.93 11.34 2.24 194.3 4.77 2.24 193.18 5.16 2.24 184.82 11.34 2.24
2 24 193.18 5.16 2.24 194.3 4.77 2.24
2 24 184.82 11.34 2.24 202.93 11.34 2.24
3 16 184.82 11.34 2.24 193.18 5.16 2.24 192 5.29 2.24
2 24 192 5.29 2.24 193.18 5.16 2.24
3 16 184.82 11.34 2.24 192 5.29 2.24 190.82 5.16 2.24
2 24 190.82 5.16 2.24 192 5.29 2.24
3 16 189.7 4.77 2.24 188.7 4.14 2.24 184.82 11.34 2.24
2 24 188.7 4.14 2.24 189.7 4.77 2.24
3 16 184.82 11.34 2.24 188.7 4.14 2.24 187.86 3.3 2.24
2 24 187.86 3.3 2.24 188.7 4.14 2.24
3 16 184.82 11.34 2.24 187.86 3.3 2.24 187.23 2.3 2.24
2 24 187.23 2.3 2.24 187.86 3.3 2.24
3 16 187.23 -2.3 2.24 187.86 -3.3 2.24 184.82 -11.34 2.24
2 24 187.86 -3.3 2.24 187.23 -2.3 2.24
3 16 184.82 -11.34 2.24 187.86 -3.3 2.24 188.7 -4.14 2.24
2 24 188.7 -4.14 2.24 187.86 -3.3 2.24
3 16 184.82 -11.34 2.24 188.7 -4.14 2.24 189.7 -4.77 2.24
2 24 189.7 -4.77 2.24 188.7 -4.14 2.24
4 16 205.8 7.59 2.24 196.77 2.3 2.24 196.14 3.3 2.24 204.74 9.26 2.24
2 24 196.14 3.3 2.24 196.77 2.3 2.24
2 24 204.74 9.26 2.24 205.8 7.59 2.24
4 16 204.74 9.26 2.24 196.14 3.3 2.24 195.3 4.14 2.24 203.48 10.78 2.24
2 24 195.3 4.14 2.24 196.14 3.3 2.24
2 24 203.48 10.78 2.24 204.74 9.26 2.24
4 16 203.48 10.78 2.24 195.3 4.14 2.24 194.3 4.77 2.24 202.93 11.34 2.24
2 24 194.3 4.77 2.24 195.3 4.14 2.24
2 24 202.93 11.34 2.24 203.48 10.78 2.24
3 16 187.23 2.3 2.24 186.84 1.18 2.24 184.82 11.34 2.24
2 24 186.84 1.18 2.24 187.23 2.3 2.24
3 16 184.82 11.34 2.24 186.84 1.18 2.24 186.71 0 2.24
2 24 186.71 0 2.24 186.84 1.18 2.24
3 16 184.82 11.34 2.24 186.71 0 2.24 184.82 -11.34 2.24
2 24 184.82 11.34 2.24 184.82 -11.34 2.24
3 16 184.82 -11.34 2.24 186.71 0 2.24 186.84 -1.18 2.24
2 24 186.84 -1.18 2.24 186.71 0 2.24
3 16 184.82 -11.34 2.24 186.84 -1.18 2.24 187.23 -2.3 2.24
2 24 187.23 -2.3 2.24 186.84 -1.18 2.24
3 16 193.18 -5.16 2.24 202.93 -11.34 2.24 192 -5.29 2.24
2 24 193.18 -5.16 2.24 192 -5.29 2.24
4 16 192 -5.29 2.24 202.93 -11.34 2.24 184.82 -11.34 2.24 190.82 -5.16 2.24
2 24 184.82 -11.34 2.24 202.93 -11.34 2.24
2 24 192 -5.29 2.24 190.82 -5.16 2.24
3 16 190.82 -5.16 2.24 184.82 -11.34 2.24 189.7 -4.77 2.24
2 24 190.82 -5.16 2.24 189.7 -4.77 2.24
3 16 193.18 -5.16 2.24 194.3 -4.77 2.24 202.93 -11.34 2.24
2 24 194.3 -4.77 2.24 193.18 -5.16 2.24
4 16 202.93 -11.34 2.24 194.3 -4.77 2.24 195.3 -4.14 2.24 203.48 -10.78 2.24
2 24 195.3 -4.14 2.24 194.3 -4.77 2.24
2 24 203.48 -10.78 2.24 202.93 -11.34 2.24
4 16 203.48 -10.78 2.24 195.3 -4.14 2.24 196.14 -3.3 2.24 204.74 -9.26 2.24
2 24 196.14 -3.3 2.24 195.3 -4.14 2.24
2 24 204.74 -9.26 2.24 203.48 -10.78 2.24
3 16 197.16 -1.18 2.24 207.25 -3.92 2.24 206.64 -5.8 2.24
2 24 207.25 -3.92 2.24 206.64 -5.8 2.24
4 16 197.16 -1.18 2.24 206.64 -5.8 2.24 205.8 -7.59 2.24 196.77 -2.3 2.24
2 24 206.64 -5.8 2.24 205.8 -7.59 2.24
2 24 197.16 -1.18 2.24 196.77 -2.3 2.24
4 16 196.77 -2.3 2.24 205.8 -7.59 2.24 204.74 -9.26 2.24 196.14 -3.3 2.24
2 24 205.8 -7.59 2.24 204.74 -9.26 2.24
2 24 196.77 -2.3 2.24 196.14 -3.3 2.24

4 16 201.03 -9.67 15.69 202.04 -12.13 15.69 203.48 -10.78 15.69 202.26 -8.35 15.69
2 24 202.04 -12.13 15.69 203.48 -10.78 15.69
2 24 201.03 -9.67 15.69 202.26 -8.35 15.69
3 16 202.26 -8.35 15.69 203.48 -10.78 15.69 204.74 -9.26 15.69
2 24 203.48 -10.78 15.69 204.74 -9.26 15.69
4 16 202.26 -8.35 15.69 204.74 -9.26 15.69 205.8 -7.59 15.69 203.3 -6.87 15.69
2 24 204.74 -9.26 15.69 205.8 -7.59 15.69
2 24 202.26 -8.35 15.69 203.3 -6.87 15.69
4 16 203.3 -6.87 15.69 205.8 -7.59 15.69 206.64 -5.8 15.69 204.13 -5.27 15.69
2 24 205.8 -7.59 15.69 206.64 -5.8 15.69
2 24 203.3 -6.87 15.69 204.13 -5.27 15.69
4 16 204.13 -5.27 15.69 206.64 -5.8 15.69 207.25 -3.92 15.69 204.74 -3.57 15.69
2 24 206.64 -5.8 15.69 207.25 -3.92 15.69
2 24 204.13 -5.27 15.69 204.74 -3.57 15.69
4 16 204.74 -3.57 15.69 207.25 -3.92 15.69 207.62 -1.97 15.69 205.11 -1.8 15.69
2 24 207.25 -3.92 15.69 207.62 -1.97 15.69
2 24 204.74 -3.57 15.69 205.11 -1.8 15.69
4 16 205.11 -1.8 15.69 207.62 -1.97 15.69 207.75 0 15.69 205.23 0 15.69
2 24 207.62 -1.97 15.69 207.75 0 15.69
2 24 205.11 -1.8 15.69 205.23 0 15.69
4 16 205.23 0 15.69 207.75 0 15.69 207.62 1.97 15.69 205.11 1.8 15.69
2 24 207.75 0 15.69 207.62 1.97 15.69
2 24 205.23 0 15.69 205.11 1.8 15.69
4 16 205.11 1.8 15.69 207.62 1.97 15.69 207.25 3.92 15.69 204.74 3.57 15.69
2 24 207.62 1.97 15.69 207.25 3.92 15.69
2 24 205.11 1.8 15.69 204.74 3.57 15.69
4 16 204.74 3.57 15.69 207.25 3.92 15.69 206.64 5.8 15.69 204.13 5.27 15.69
2 24 207.25 3.92 15.69 206.64 5.8 15.69
2 24 204.74 3.57 15.69 204.13 5.27 15.69
4 16 204.13 5.27 15.69 206.64 5.8 15.69 205.8 7.59 15.69 203.3 6.87 15.69
2 24 206.64 5.8 15.69 205.8 7.59 15.69
2 24 204.13 5.27 15.69 203.3 6.87 15.69
4 16 203.3 6.87 15.69 205.8 7.59 15.69 204.74 9.26 15.69 202.26 8.35 15.69
2 24 205.8 7.59 15.69 204.74 9.26 15.69
2 24 203.3 6.87 15.69 202.26 8.35 15.69
4 16 181.74 -8.35 15.69 179.26 -9.26 15.69 180.52 -10.78 15.69 182.97 -9.67 15.69
2 24 179.26 -9.26 15.69 180.52 -10.78 15.69
2 24 181.74 -8.35 15.69 182.97 -9.67 15.69
3 16 182.97 -9.67 15.69 180.52 -10.78 15.69 181.96 -12.13 15.69
2 24 180.52 -10.78 15.69 181.96 -12.13 15.69
4 16 182.97 -9.67 15.69 181.96 -12.13 15.69 183.56 -13.3 15.69 184.37 -10.81 15.69
2 24 181.96 -12.13 15.69 183.56 -13.3 15.69
2 24 182.97 -9.67 15.69 184.37 -10.81 15.69
4 16 184.37 -10.81 15.69 183.56 -13.3 15.69 185.29 -14.25 15.69 185.91 -11.75 15.69
2 24 183.56 -13.3 15.69 185.29 -14.25 15.69
2 24 184.37 -10.81 15.69 185.91 -11.75 15.69
4 16 185.91 -11.75 15.69 185.29 -14.25 15.69 187.13 -14.98 15.69 187.57 -12.46 15.69
2 24 185.29 -14.25 15.69 187.13 -14.98 15.69
2 24 185.91 -11.75 15.69 187.57 -12.46 15.69
4 16 187.57 -12.46 15.69 187.13 -14.98 15.69 189.05 -15.47 15.69 189.31 -12.95 15.69
2 24 187.13 -14.98 15.69 189.05 -15.47 15.69
2 24 187.57 -12.46 15.69 189.31 -12.95 15.69
4 16 189.31 -12.95 15.69 189.05 -15.47 15.69 191.01 -15.72 15.69 191.1 -13.2 15.69
2 24 189.05 -15.47 15.69 191.01 -15.72 15.69
2 24 189.31 -12.95 15.69 191.1 -13.2 15.69
4 16 191.1 -13.2 15.69 191.01 -15.72 15.69 192.99 -15.72 15.69 192.9 -13.2 15.69
2 24 191.01 -15.72 15.69 192.99 -15.72 15.69
2 24 191.1 -13.2 15.69 192.9 -13.2 15.69
4 16 192.9 -13.2 15.69 192.99 -15.72 15.69 194.95 -15.47 15.69 194.69 -12.95 15.69
2 24 192.99 -15.72 15.69 194.95 -15.47 15.69
2 24 192.9 -13.2 15.69 194.69 -12.95 15.69
4 16 194.69 -12.95 15.69 194.95 -15.47 15.69 196.87 -14.98 15.69 196.43 -12.46 15.69
2 24 194.95 -15.47 15.69 196.87 -14.98 15.69
2 24 194.69 -12.95 15.69 196.43 -12.46 15.69
4 16 196.43 -12.46 15.69 196.87 -14.98 15.69 198.71 -14.25 15.69 198.09 -11.75 15.69
2 24 196.87 -14.98 15.69 198.71 -14.25 15.69
2 24 196.43 -12.46 15.69 198.09 -11.75 15.69
4 16 198.09 -11.75 15.69 198.71 -14.25 15.69 200.44 -13.3 15.69 199.63 -10.81 15.69
2 24 198.71 -14.25 15.69 200.44 -13.3 15.69
2 24 198.09 -11.75 15.69 199.63 -10.81 15.69
4 16 199.63 -10.81 15.69 200.44 -13.3 15.69 202.04 -12.13 15.69 201.03 -9.67 15.69
2 24 200.44 -13.3 15.69 202.04 -12.13 15.69
2 24 199.63 -10.81 15.69 201.03 -9.67 15.69
4 16 182.97 9.67 15.69 181.96 12.13 15.69 180.52 10.78 15.69 181.74 8.35 15.69
2 24 181.96 12.13 15.69 180.52 10.78 15.69
2 24 182.97 9.67 15.69 181.74 8.35 15.69
3 16 181.74 8.35 15.69 180.52 10.78 15.69 179.26 9.26 15.69
2 24 180.52 10.78 15.69 179.26 9.26 15.69
4 16 181.74 8.35 15.69 179.26 9.26 15.69 178.2 7.59 15.69 180.7 6.87 15.69
2 24 179.26 9.26 15.69 178.2 7.59 15.69
2 24 181.74 8.35 15.69 180.7 6.87 15.69
4 16 180.7 6.87 15.69 178.2 7.59 15.69 177.36 5.8 15.69 179.87 5.27 15.69
2 24 178.2 7.59 15.69 177.36 5.8 15.69
2 24 180.7 6.87 15.69 179.87 5.27 15.69
4 16 179.87 5.27 15.69 177.36 5.8 15.69 176.75 3.92 15.69 179.26 3.57 15.69
2 24 177.36 5.8 15.69 176.75 3.92 15.69
2 24 179.87 5.27 15.69 179.26 3.57 15.69
4 16 179.26 3.57 15.69 176.75 3.92 15.69 176.38 1.97 15.69 178.89 1.8 15.69
2 24 176.75 3.92 15.69 176.38 1.97 15.69
2 24 179.26 3.57 15.69 178.89 1.8 15.69
4 16 178.89 1.8 15.69 176.38 1.97 15.69 176.25 0 15.69 178.77 0 15.69
2 24 176.38 1.97 15.69 176.25 0 15.69
2 24 178.89 1.8 15.69 178.77 0 15.69
4 16 178.77 0 15.69 176.25 0 15.69 176.38 -1.97 15.69 178.89 -1.8 15.69
2 24 176.25 0 15.69 176.38 -1.97 15.69
2 24 178.77 0 15.69 178.89 -1.8 15.69
4 16 178.89 -1.8 15.69 176.38 -1.97 15.69 176.75 -3.92 15.69 179.26 -3.57 15.69
2 24 176.38 -1.97 15.69 176.75 -3.92 15.69
2 24 178.89 -1.8 15.69 179.26 -3.57 15.69
4 16 179.26 -3.57 15.69 176.75 -3.92 15.69 177.36 -5.8 15.69 179.87 -5.27 15.69
2 24 176.75 -3.92 15.69 177.36 -5.8 15.69
2 24 179.26 -3.57 15.69 179.87 -5.27 15.69
4 16 179.87 -5.27 15.69 177.36 -5.8 15.69 178.2 -7.59 15.69 180.7 -6.87 15.69
2 24 177.36 -5.8 15.69 178.2 -7.59 15.69
2 24 179.87 -5.27 15.69 180.7 -6.87 15.69
4 16 180.7 -6.87 15.69 178.2 -7.59 15.69 179.26 -9.26 15.69 181.74 -8.35 15.69
2 24 178.2 -7.59 15.69 179.26 -9.26 15.69
2 24 180.7 -6.87 15.69 181.74 -8.35 15.69
3 16 202.26 8.35 15.69 204.74 9.26 15.69 203.48 10.78 15.69
2 24 204.74 9.26 15.69 203.48 10.78 15.69
4 16 202.26 8.35 15.69 203.48 10.78 15.69 202.04 12.13 15.69 201.03 9.67 15.69
2 24 203.48 10.78 15.69 202.04 12.13 15.69
2 24 202.26 8.35 15.69 201.03 9.67 15.69
4 16 201.03 9.67 15.69 202.04 12.13 15.69 200.44 13.3 15.69 199.63 10.81 15.69
2 24 202.04 12.13 15.69 200.44 13.3 15.69
2 24 201.03 9.67 15.69 199.63 10.81 15.69
4 16 199.63 10.81 15.69 200.44 13.3 15.69 198.71 14.25 15.69 198.09 11.75 15.69
2 24 200.44 13.3 15.69 198.71 14.25 15.69
2 24 199.63 10.81 15.69 198.09 11.75 15.69
4 16 198.09 11.75 15.69 198.71 14.25 15.69 196.87 14.98 15.69 196.43 12.46 15.69
2 24 198.71 14.25 15.69 196.87 14.98 15.69
2 24 198.09 11.75 15.69 196.43 12.46 15.69
4 16 196.43 12.46 15.69 196.87 14.98 15.69 194.95 15.47 15.69 194.69 12.95 15.69
2 24 196.87 14.98 15.69 194.95 15.47 15.69
2 24 196.43 12.46 15.69 194.69 12.95 15.69
4 16 194.69 12.95 15.69 194.95 15.47 15.69 192.99 15.72 15.69 192.9 13.2 15.69
2 24 194.95 15.47 15.69 192.99 15.72 15.69
2 24 194.69 12.95 15.69 192.9 13.2 15.69
4 16 192.9 13.2 15.69 192.99 15.72 15.69 191.01 15.72 15.69 191.1 13.2 15.69
2 24 192.99 15.72 15.69 191.01 15.72 15.69
2 24 192.9 13.2 15.69 191.1 13.2 15.69
4 16 191.1 13.2 15.69 191.01 15.72 15.69 189.05 15.47 15.69 189.31 12.95 15.69
2 24 191.01 15.72 15.69 189.05 15.47 15.69
2 24 191.1 13.2 15.69 189.31 12.95 15.69
4 16 189.31 12.95 15.69 189.05 15.47 15.69 187.13 14.98 15.69 187.57 12.46 15.69
2 24 189.05 15.47 15.69 187.13 14.98 15.69
2 24 189.31 12.95 15.69 187.57 12.46 15.69
4 16 187.57 12.46 15.69 187.13 14.98 15.69 185.29 14.25 15.69 185.91 11.75 15.69
2 24 187.13 14.98 15.69 185.29 14.25 15.69
2 24 187.57 12.46 15.69 185.91 11.75 15.69
4 16 185.91 11.75 15.69 185.29 14.25 15.69 183.56 13.3 15.69 184.37 10.81 15.69
2 24 185.29 14.25 15.69 183.56 13.3 15.69
2 24 185.91 11.75 15.69 184.37 10.81 15.69
4 16 184.37 10.81 15.69 183.56 13.3 15.69 181.96 12.13 15.69 182.97 9.67 15.69
2 24 183.56 13.3 15.69 181.96 12.13 15.69
2 24 184.37 10.81 15.69 182.97 9.67 15.69

3 16 176 -4.04 -15.09 176 7.81 13.53 176 9.51 12.39
2 24 176 7.81 13.53 176 9.51 12.39
4 16 176 -5.98 -14.43 176 4.04 15.09 176 5.98 14.43 176 -4.04 -15.09
2 24 176 4.04 15.09 176 5.98 14.43
2 24 176 -5.98 -14.43 176 -4.04 -15.09
3 16 176 -4.04 -15.09 176 5.98 14.43 176 7.81 13.53
2 24 176 5.98 14.43 176 7.81 13.53
4 16 176 7.81 -13.53 176 5.98 -14.43 176 13.53 7.81 176 14.43 5.98
2 24 176 7.81 -13.53 176 5.98 -14.43
3 16 176 13.53 7.81 176 5.98 -14.43 176 4.04 -15.09
2 24 176 5.98 -14.43 176 4.04 -15.09
3 16 176 13.53 7.81 176 4.04 -15.09 176 2.04 -15.49
2 24 176 4.04 -15.09 176 2.04 -15.49
3 16 176 -5.98 -14.43 176 -7.81 -13.53 176 4.04 15.09
2 24 176 -7.81 -13.53 176 -5.98 -14.43
3 16 176 4.04 15.09 176 -7.81 -13.53 176 -9.51 -12.39
2 24 176 -9.51 -12.39 176 -7.81 -13.53
3 16 176 4.04 15.09 176 -9.51 -12.39 176 -11.05 -11.05
2 24 176 -11.05 -11.05 176 -9.51 -12.39
3 16 176 0 15.62 176 2.04 15.49 176 -13.53 -7.81
2 24 176 0 15.62 176 2.04 15.49
4 16 176 -13.53 -7.81 176 2.04 15.49 176 4.04 15.09 176 -12.39 -9.51
2 24 176 2.04 15.49 176 4.04 15.09
2 24 176 -13.53 -7.81 176 -12.39 -9.51
3 16 176 -12.39 -9.51 176 4.04 15.09 176 -11.05 -11.05
2 24 176 -12.39 -9.51 176 -11.05 -11.05
3 16 176 9.51 12.39 176 11.05 11.05 176 -4.04 -15.09
2 24 176 9.51 12.39 176 11.05 11.05
3 16 176 -4.04 -15.09 176 11.05 11.05 176 12.39 9.51
4 16 176 -4.04 -15.09 176 12.39 9.51 176 13.53 7.81 176 -2.04 -15.49
2 24 176 -4.04 -15.09 176 -2.04 -15.49
3 16 176 14.43 -5.98 176 13.53 -7.81 176 7.81 -13.53
3 16 176 -14.43 -5.98 176 -15.09 -4.04 176 -4.04 15.09
2 24 176 -15.09 -4.04 176 -14.43 -5.98
3 16 176 -4.04 15.09 176 -15.09 -4.04 176 -15.49 -2.04
2 24 176 -15.49 -2.04 176 -15.09 -4.04
3 16 176 -4.04 15.09 176 -15.49 -2.04 176 -15.62 0
2 24 176 -15.62 0 176 -15.49 -2.04
4 16 176 -14.43 -5.98 176 -4.04 15.09 176 -2.04 15.49 176 -13.53 -7.81
2 24 176 -2.04 15.49 176 -4.04 15.09
2 24 176 -14.43 -5.98 176 -13.53 -7.81
3 16 176 -13.53 -7.81 176 -2.04 15.49 176 0 15.62
2 24 176 0 15.62 176 -2.04 15.49
3 16 176 14.43 5.98 176 15.09 4.04 176 7.81 -13.53
3 16 176 7.81 -13.53 176 15.09 4.04 176 15.49 2.04
3 16 176 7.81 -13.53 176 15.49 2.04 176 15.62 0
3 16 176 2.04 -15.49 176 0 -15.62 176 13.53 7.81
2 24 176 2.04 -15.49 176 0 -15.62
3 16 176 13.53 7.81 176 0 -15.62 176 -2.04 -15.49
2 24 176 -2.04 -15.49 176 0 -15.62
3 16 176 -15.62 0 176 -15.49 2.04 176 -4.04 15.09
2 24 176 -15.49 2.04 176 -15.62 0
3 16 176 -4.04 15.09 176 -15.49 2.04 176 -15.09 4.04
2 24 176 -15.09 4.04 176 -15.49 2.04
3 16 176 -4.04 15.09 176 -15.09 4.04 176 -14.43 5.98
2 24 176 -14.43 5.98 176 -15.09 4.04
3 16 176 15.62 0 176 15.49 -2.04 176 7.81 -13.53
3 16 176 7.81 -13.53 176 15.49 -2.04 176 15.09 -4.04
3 16 176 7.81 -13.53 176 15.09 -4.04 176 14.43 -5.98
3 16 176 13.53 -7.81 176 12.39 -9.51 176 7.81 -13.53
3 16 176 7.81 -13.53 176 12.39 -9.51 176 11.05 -11.05
3 16 176 7.81 -13.53 176 11.05 -11.05 176 9.51 -12.39
2 24 176 11.05 -11.05 176 9.51 -12.39
2 24 176 9.51 -12.39 176 7.81 -13.53
3 16 176 -14.43 5.98 176 -13.53 7.81 176 -4.04 15.09
2 24 176 -13.53 7.81 176 -14.43 5.98
3 16 176 -4.04 15.09 176 -13.53 7.81 176 -12.39 9.51
2 24 176 -12.39 9.51 176 -13.53 7.81
3 16 176 -4.04 15.09 176 -12.39 9.51 176 -11.05 11.05
2 24 176 -11.05 11.05 176 -12.39 9.51
3 16 176 -11.05 11.05 176 -9.51 12.39 176 -4.04 15.09
2 24 176 -9.51 12.39 176 -11.05 11.05
3 16 176 -4.04 15.09 176 -9.51 12.39 176 -7.81 13.53
2 24 176 -7.81 13.53 176 -9.51 12.39
3 16 176 -4.04 15.09 176 -7.81 13.53 176 -5.98 14.43
2 24 176 -5.98 14.43 176 -7.81 13.53
2 24 176 -4.04 15.09 176 -5.98 14.43

3 16 179.78 15.62 1.89 190.01 15.62 1.89 179.78 15.62 0
2 24 179.78 15.62 0 179.78 15.62 1.89
4 16 179.78 15.62 0 190.01 15.62 1.89 190.01 15.62 -1.89 179.78 15.62 -1.89
2 24 179.78 15.62 -1.89 179.78 15.62 0

3 16 181.8 -8.42 -7.28 181.8 -8.42 -13.76 181.74 -8.35 -7.28
2 24 181.8 -8.42 -13.76 181.8 -8.42 -7.28
2 24 181.8 -8.42 -7.28 181.74 -8.35 -7.28
3 16 181.74 -8.35 -7.28 181.8 -8.42 -13.76 181.74 -8.35 -15.69

3 16 202.2 -8.42 -13.76 202.2 -8.42 -7.28 202.26 -8.35 -7.28
2 24 202.2 -8.42 -7.28 202.2 -8.42 -13.76
2 24 202.26 -8.35 -7.28 202.2 -8.42 -7.28
3 16 202.26 -8.35 -7.28 202.26 -8.35 -15.69 202.2 -8.42 -13.76

3 16 202.2 8.42 -7.28 202.2 8.42 -13.76 202.26 8.35 -7.28
2 24 202.2 8.42 -13.76 202.2 8.42 -7.28
2 24 202.2 8.42 -7.28 202.26 8.35 -7.28
3 16 202.26 8.35 -7.28 202.2 8.42 -13.76 202.26 8.35 -15.69

3 16 181.8 8.42 -13.76 181.8 8.42 -7.28 181.74 8.35 -7.28
2 24 181.8 8.42 -7.28 181.8 8.42 -13.76
2 24 181.74 8.35 -7.28 181.8 8.42 -7.28
3 16 181.74 8.35 -7.28 181.74 8.35 -15.69 181.8 8.42 -13.76

4 16 176 -13.53 -7.81 179.78 -13.53 -7.81 179.78 -14.43 -5.98 176 -14.43 -5.98
2 24 179.78 -14.43 -5.98 179.78 -13.53 -7.81
4 16 176 -14.43 -5.98 179.78 -14.43 -5.98 179.78 -15.09 -4.04 176 -15.09 -4.04
2 24 179.78 -15.09 -4.04 179.78 -14.43 -5.98
4 16 176 -15.09 -4.04 179.78 -15.09 -4.04 179.78 -15.49 -2.04 176 -15.49 -2.04
2 24 179.78 -15.49 -2.04 179.78 -15.09 -4.04

4 16 176 -11.05 -11.05 179.78 -11.05 -11.05 179.78 -12.39 -9.51 176 -12.39 -9.51
2 24 179.78 -12.39 -9.51 179.78 -11.05 -11.05
4 16 176 -12.39 -9.51 179.78 -12.39 -9.51 179.78 -13.53 -7.81 176 -13.53 -7.81
2 24 179.78 -13.53 -7.81 179.78 -12.39 -9.51

4 16 176 -15.62 0 179.78 -15.62 0 179.78 -15.51 1.89 176 -15.49 2.04
2 24 179.78 -15.51 1.89 179.78 -15.62 0
4 16 176 -15.49 -2.04 179.78 -15.51 -1.89 179.78 -15.62 0 176 -15.62 0
2 24 179.78 -15.62 0 179.78 -15.51 -1.89

4 16 176 -15.49 2.04 179.78 -15.49 2.04 179.78 -15.09 4.04 176 -15.09 4.04
2 24 179.78 -15.09 4.04 179.78 -15.49 2.04
4 16 176 -15.09 4.04 179.78 -15.09 4.04 179.78 -14.43 5.98 176 -14.43 5.98
2 24 179.78 -14.43 5.98 179.78 -15.09 4.04
4 16 176 -14.43 5.98 179.78 -14.43 5.98 179.78 -13.53 7.81 176 -13.53 7.81
2 24 179.78 -13.53 7.81 179.78 -14.43 5.98
4 16 176 -13.53 7.81 179.78 -13.53 7.81 179.78 -12.39 9.51 176 -12.39 9.51
2 24 179.78 -12.39 9.51 179.78 -13.53 7.81
4 16 176 -12.39 9.51 179.78 -12.39 9.51 179.78 -11.05 11.05 176 -11.05 11.05
2 24 179.78 -11.05 11.05 179.78 -12.39 9.51

3 16 178.78 -8.55 13.07 176 -9.51 12.39 179.27 -9.25 12.58
2 24 179.27 -9.25 12.58 178.78 -8.55 13.07
3 16 176 -9.51 12.39 179.45 -9.51 12.39 179.27 -9.25 12.58
2 24 179.45 -9.51 12.39 179.27 -9.25 12.58

3 16 178.33 -7.81 13.53 178.21 -7.58 13.65 176 -7.81 13.53
2 24 178.33 -7.81 13.53 178.21 -7.58 13.65
3 16 176 -7.81 13.53 178.21 -7.58 13.65 177.8 -6.8 14.06
2 24 178.21 -7.58 13.65 177.8 -6.8 14.06

3 16 179.78 -11.05 -11.05 179.78 -9.93 -12.06 179.78 -9.93 -1.89
2 24 179.78 -11.05 -11.05 179.78 -9.93 -12.06
2 24 179.78 -9.93 -12.06 179.78 -9.93 -1.89
3 16 179.78 -11.05 -11.05 179.78 -9.93 -1.89 179.78 -12.39 -9.51
3 16 179.78 -15.51 -1.89 179.78 -15.49 -2.04 179.78 -9.93 -1.89
2 24 179.78 -15.51 -1.89 179.78 -15.49 -2.04
2 24 179.78 -15.51 -1.89 179.78 -9.93 -1.89
3 16 179.78 -9.93 -1.89 179.78 -15.49 -2.04 179.78 -15.09 -4.04
3 16 179.78 -15.09 -4.04 179.78 -14.43 -5.98 179.78 -9.93 -1.89
3 16 179.78 -9.93 -1.89 179.78 -14.43 -5.98 179.78 -13.53 -7.81
3 16 179.78 -9.93 -1.89 179.78 -13.53 -7.81 179.78 -12.39 -9.51

3 16 179.78 -9.93 -1.89 180.52 -10.78 -1.89 179.78 -15.51 -1.89
2 24 179.78 -9.93 -1.89 180.52 -10.78 -1.89
3 16 179.78 -15.51 -1.89 180.52 -10.78 -1.89 181.96 -12.13 -1.89
2 24 180.52 -10.78 -1.89 181.96 -12.13 -1.89
4 16 179.78 -15.51 -1.89 181.96 -12.13 -1.89 183.56 -13.3 -1.89 179.78 -15.62 -1.89
2 24 181.96 -12.13 -1.89 183.56 -13.3 -1.89
2 24 179.78 -15.51 -1.89 179.78 -15.62 -1.89
3 16 179.78 -15.62 -1.89 183.56 -13.3 -1.89 185.29 -14.25 -1.89
2 24 183.56 -13.3 -1.89 185.29 -14.25 -1.89
3 16 185.29 -14.25 -1.89 187.13 -14.98 -1.89 179.78 -15.62 -1.89
2 24 185.29 -14.25 -1.89 187.13 -14.98 -1.89
3 16 179.78 -15.62 -1.89 187.13 -14.98 -1.89 189.05 -15.47 -1.89
2 24 187.13 -14.98 -1.89 189.05 -15.47 -1.89
3 16 179.78 -15.62 -1.89 189.05 -15.47 -1.89 190.01 -15.62 -1.89
2 24 189.05 -15.47 -1.89 190.01 -15.62 -1.89
2 24 179.78 -15.62 -1.89 190.01 -15.62 -1.89

3 16 180.52 -10.78 1.89 179.78 -9.93 1.89 179.78 -15.51 1.89
2 24 180.52 -10.78 1.89 179.78 -9.93 1.89
2 24 179.78 -15.51 1.89 179.78 -9.93 1.89
3 16 187.13 -14.98 1.89 179.78 -15.62 1.89 189.05 -15.47 1.89
2 24 189.05 -15.47 1.89 187.13 -14.98 1.89
3 16 189.05 -15.47 1.89 179.78 -15.62 1.89 190.01 -15.62 1.89
2 24 190.01 -15.62 1.89 179.78 -15.62 1.89
2 24 190.01 -15.62 1.89 189.05 -15.47 1.89
3 16 187.13 -14.98 1.89 185.29 -14.25 1.89 179.78 -15.62 1.89
2 24 187.13 -14.98 1.89 185.29 -14.25 1.89
3 16 179.78 -15.62 1.89 185.29 -14.25 1.89 183.56 -13.3 1.89
2 24 185.29 -14.25 1.89 183.56 -13.3 1.89
4 16 179.78 -15.62 1.89 183.56 -13.3 1.89 181.96 -12.13 1.89 179.78 -15.51 1.89
2 24 183.56 -13.3 1.89 181.96 -12.13 1.89
2 24 179.78 -15.62 1.89 179.78 -15.51 1.89
3 16 179.78 -15.51 1.89 181.96 -12.13 1.89 180.52 -10.78 1.89
2 24 181.96 -12.13 1.89 180.52 -10.78 1.89

3 16 179.78 -9.93 1.89 179.78 -9.93 12.06 179.78 -11.05 11.05
2 24 179.78 -9.93 1.89 179.78 -9.93 12.06
2 24 179.78 -9.93 12.06 179.78 -11.05 11.05
3 16 179.78 -11.05 11.05 179.78 -12.39 9.51 179.78 -9.93 1.89
3 16 179.78 -9.93 1.89 179.78 -12.39 9.51 179.78 -13.53 7.81
3 16 179.78 -9.93 1.89 179.78 -13.53 7.81 179.78 -14.43 5.98
3 16 179.78 -14.43 5.98 179.78 -15.09 4.04 179.78 -9.93 1.89
3 16 179.78 -9.93 1.89 179.78 -15.09 4.04 179.78 -15.49 2.04
3 16 179.78 -9.93 1.89 179.78 -15.49 2.04 179.78 -15.51 1.89
2 24 179.78 -15.49 2.04 179.78 -15.51 1.89

3 16 181.8 8.42 7.28 181.8 8.42 13.76 181.74 8.35 7.28
2 24 181.8 8.42 13.76 181.8 8.42 7.28
2 24 181.8 8.42 7.28 181.74 8.35 7.28
3 16 181.74 8.35 7.28 181.8 8.42 13.76 181.74 8.35 15.69

3 16 202.2 8.42 13.76 202.2 8.42 7.28 202.26 8.35 7.28
2 24 202.2 8.42 7.28 202.2 8.42 13.76
2 24 202.26 8.35 7.28 202.2 8.42 7.28
3 16 202.26 8.35 7.28 202.26 8.35 15.69 202.2 8.42 13.76

3 16 202.2 -8.42 7.28 202.2 -8.42 13.76 202.26 -8.35 7.28
2 24 202.2 -8.42 13.76 202.2 -8.42 7.28
2 24 202.2 -8.42 7.28 202.26 -8.35 7.28
3 16 202.26 -8.35 7.28 202.2 -8.42 13.76 202.26 -8.35 15.69

3 16 181.8 -8.42 13.76 181.8 -8.42 7.28 181.74 -8.35 7.28
2 24 181.8 -8.42 7.28 181.8 -8.42 13.76
2 24 181.74 -8.35 7.28 181.8 -8.42 7.28
3 16 181.74 -8.35 7.28 181.74 -8.35 15.69 181.8 -8.42 13.76

3 16 178.83 -1.26 -7.28 184.29 -1.26 -7.28 178.89 -1.8 -7.28
2 24 178.83 -1.26 -7.28 184.29 -1.26 -7.28
2 24 178.89 -1.8 -7.28 178.83 -1.26 -7.28
4 16 178.89 -1.8 -7.28 184.29 -1.26 -7.28 184.58 -2.43 -7.28 179.26 -3.57 -7.28
2 24 184.58 -2.43 -7.28 184.29 -1.26 -7.28
2 24 179.26 -3.57 -7.28 178.89 -1.8 -7.28
3 16 181.8 -8.42 -7.28 181.74 -8.35 -7.28 185.66 -4.56 -7.28
2 24 181.8 -8.42 -7.28 185.66 -4.56 -7.28
3 16 185.66 -4.56 -7.28 181.74 -8.35 -7.28 180.7 -6.87 -7.28
2 24 181.74 -8.35 -7.28 180.7 -6.87 -7.28
4 16 185.66 -4.56 -7.28 180.7 -6.87 -7.28 179.87 -5.27 -7.28 185.03 -3.53 -7.28
2 24 180.7 -6.87 -7.28 179.87 -5.27 -7.28
2 24 185.66 -4.56 -7.28 185.03 -3.53 -7.28
4 16 185.03 -3.53 -7.28 179.87 -5.27 -7.28 179.26 -3.57 -7.28 184.58 -2.43 -7.28
2 24 179.87 -5.27 -7.28 179.26 -3.57 -7.28
2 24 185.03 -3.53 -7.28 184.58 -2.43 -7.28

3 16 196.56 -6.34 -7.28 200.42 -10.2 -7.28 199.63 -10.81 -7.28
2 24 200.42 -10.2 -7.28 196.56 -6.34 -7.28
2 24 200.42 -10.2 -7.28 199.63 -10.81 -7.28
4 16 196.56 -6.34 -7.28 199.63 -10.81 -7.28 198.09 -11.75 -7.28 195.36 -7.05 -7.28
2 24 199.63 -10.81 -7.28 198.09 -11.75 -7.28
2 24 196.56 -6.34 -7.28 195.36 -7.05 -7.28
3 16 183.58 -10.2 -7.28 187.44 -6.34 -7.28 184.37 -10.81 -7.28
2 24 183.58 -10.2 -7.28 187.44 -6.34 -7.28
2 24 184.37 -10.81 -7.28 183.58 -10.2 -7.28
4 16 184.37 -10.81 -7.28 187.44 -6.34 -7.28 188.64 -7.05 -7.28 185.91 -11.75 -7.28
2 24 188.64 -7.05 -7.28 187.44 -6.34 -7.28
2 24 185.91 -11.75 -7.28 184.37 -10.81 -7.28
3 16 195.36 -7.05 -7.28 198.09 -11.75 -7.28 196.43 -12.46 -7.28
2 24 198.09 -11.75 -7.28 196.43 -12.46 -7.28
4 16 195.36 -7.05 -7.28 196.43 -12.46 -7.28 194.69 -12.95 -7.28 194.06 -7.53 -7.28
2 24 196.43 -12.46 -7.28 194.69 -12.95 -7.28
2 24 195.36 -7.05 -7.28 194.06 -7.53 -7.28
4 16 194.06 -7.53 -7.28 194.69 -12.95 -7.28 192.9 -13.2 -7.28 192.69 -7.78 -7.28
2 24 194.69 -12.95 -7.28 192.9 -13.2 -7.28
2 24 194.06 -7.53 -7.28 192.69 -7.78 -7.28
4 16 192.69 -7.78 -7.28 192.9 -13.2 -7.28 191.1 -13.2 -7.28 191.31 -7.78 -7.28
2 24 192.9 -13.2 -7.28 191.1 -13.2 -7.28
2 24 192.69 -7.78 -7.28 191.31 -7.78 -7.28
4 16 191.31 -7.78 -7.28 191.1 -13.2 -7.28 189.31 -12.95 -7.28 189.94 -7.53 -7.28
2 24 191.1 -13.2 -7.28 189.31 -12.95 -7.28
2 24 191.31 -7.78 -7.28 189.94 -7.53 -7.28
3 16 189.94 -7.53 -7.28 189.31 -12.95 -7.28 187.57 -12.46 -7.28
2 24 189.31 -12.95 -7.28 187.57 -12.46 -7.28
4 16 189.94 -7.53 -7.28 187.57 -12.46 -7.28 185.91 -11.75 -7.28 188.64 -7.05 -7.28
2 24 187.57 -12.46 -7.28 185.91 -11.75 -7.28
2 24 189.94 -7.53 -7.28 188.64 -7.05 -7.28

4 16 198.97 -3.53 -7.28 199.42 -2.43 -7.28 204.74 -3.57 -7.28 204.13 -5.27 -7.28
2 24 199.42 -2.43 -7.28 198.97 -3.53 -7.28
2 24 204.74 -3.57 -7.28 204.13 -5.27 -7.28
3 16 204.74 -3.57 -7.28 199.42 -2.43 -7.28 205.11 -1.8 -7.28
2 24 205.11 -1.8 -7.28 204.74 -3.57 -7.28
4 16 205.11 -1.8 -7.28 199.42 -2.43 -7.28 199.71 -1.26 -7.28 205.17 -1.26 -7.28
2 24 199.71 -1.26 -7.28 199.42 -2.43 -7.28
2 24 205.17 -1.26 -7.28 199.71 -1.26 -7.28
2 24 205.17 -1.26 -7.28 205.11 -1.8 -7.28
3 16 198.97 -3.53 -7.28 204.13 -5.27 -7.28 203.3 -6.87 -7.28
2 24 204.13 -5.27 -7.28 203.3 -6.87 -7.28
4 16 198.97 -3.53 -7.28 203.3 -6.87 -7.28 202.26 -8.35 -7.28 198.34 -4.56 -7.28
2 24 203.3 -6.87 -7.28 202.26 -8.35 -7.28
2 24 198.97 -3.53 -7.28 198.34 -4.56 -7.28
3 16 198.34 -4.56 -7.28 202.26 -8.35 -7.28 202.2 -8.42 -7.28
2 24 202.2 -8.42 -7.28 198.34 -4.56 -7.28

3 16 205.17 1.26 -7.28 199.71 1.26 -7.28 205.11 1.8 -7.28
2 24 205.17 1.26 -7.28 199.71 1.26 -7.28
2 24 205.11 1.8 -7.28 205.17 1.26 -7.28
4 16 205.11 1.8 -7.28 199.71 1.26 -7.28 199.42 2.43 -7.28 204.74 3.57 -7.28
2 24 199.42 2.43 -7.28 199.71 1.26 -7.28
2 24 204.74 3.57 -7.28 205.11 1.8 -7.28
3 16 202.2 8.42 -7.28 202.26 8.35 -7.28 198.34 4.56 -7.28
2 24 202.2 8.42 -7.28 198.34 4.56 -7.28
3 16 198.34 4.56 -7.28 202.26 8.35 -7.28 203.3 6.87 -7.28
2 24 202.26 8.35 -7.28 203.3 6.87 -7.28
4 16 198.34 4.56 -7.28 203.3 6.87 -7.28 204.13 5.27 -7.28 198.97 3.53 -7.28
2 24 203.3 6.87 -7.28 204.13 5.27 -7.28
2 24 198.34 4.56 -7.28 198.97 3.53 -7.28
4 16 198.97 3.53 -7.28 204.13 5.27 -7.28 204.74 3.57 -7.28 199.42 2.43 -7.28
2 24 204.13 5.27 -7.28 204.74 3.57 -7.28
2 24 198.97 3.53 -7.28 199.42 2.43 -7.28

4 16 194.06 7.53 -7.28 192.69 7.78 -7.28 192.9 13.2 -7.28 194.69 12.95 -7.28
2 24 192.69 7.78 -7.28 194.06 7.53 -7.28
2 24 192.9 13.2 -7.28 194.69 12.95 -7.28
3 16 192.9 13.2 -7.28 192.69 7.78 -7.28 191.1 13.2 -7.28
2 24 191.1 13.2 -7.28 192.9 13.2 -7.28
4 16 191.1 13.2 -7.28 192.69 7.78 -7.28 191.31 7.78 -7.28 189.31 12.95 -7.28
2 24 191.31 7.78 -7.28 192.69 7.78 -7.28
2 24 189.31 12.95 -7.28 191.1 13.2 -7.28
4 16 189.31 12.95 -7.28 191.31 7.78 -7.28 189.94 7.53 -7.28 187.57 12.46 -7.28
2 24 189.94 7.53 -7.28 191.31 7.78 -7.28
2 24 187.57 12.46 -7.28 189.31 12.95 -7.28
4 16 187.57 12.46 -7.28 189.94 7.53 -7.28 188.64 7.05 -7.28 185.91 11.75 -7.28
2 24 188.64 7.05 -7.28 189.94 7.53 -7.28
2 24 185.91 11.75 -7.28 187.57 12.46 -7.28
3 16 200.42 10.2 -7.28 196.56 6.34 -7.28 199.63 10.81 -7.28
2 24 200.42 10.2 -7.28 196.56 6.34 -7.28
2 24 199.63 10.81 -7.28 200.42 10.2 -7.28
4 16 199.63 10.81 -7.28 196.56 6.34 -7.28 195.36 7.05 -7.28 198.09 11.75 -7.28
2 24 195.36 7.05 -7.28 196.56 6.34 -7.28
2 24 198.09 11.75 -7.28 199.63 10.81 -7.28
3 16 185.91 11.75 -7.28 188.64 7.05 -7.28 184.37 10.81 -7.28
2 24 184.37 10.81 -7.28 185.91 11.75 -7.28
4 16 184.37 10.81 -7.28 188.64 7.05 -7.28 187.44 6.34 -7.28 183.58 10.2 -7.28
2 24 187.44 6.34 -7.28 188.64 7.05 -7.28
2 24 183.58 10.2 -7.28 187.44 6.34 -7.28
2 24 183.58 10.2 -7.28 184.37 10.81 -7.28
3 16 194.06 7.53 -7.28 194.69 12.95 -7.28 196.43 12.46 -7.28
2 24 194.69 12.95 -7.28 196.43 12.46 -7.28
4 16 194.06 7.53 -7.28 196.43 12.46 -7.28 198.09 11.75 -7.28 195.36 7.05 -7.28
2 24 196.43 12.46 -7.28 198.09 11.75 -7.28
2 24 194.06 7.53 -7.28 195.36 7.05 -7.28

4 16 185.03 3.53 -7.28 184.58 2.43 -7.28 179.26 3.57 -7.28 179.87 5.27 -7.28
2 24 184.58 2.43 -7.28 185.03 3.53 -7.28
2 24 179.26 3.57 -7.28 179.87 5.27 -7.28
3 16 179.26 3.57 -7.28 184.58 2.43 -7.28 178.89 1.8 -7.28
2 24 178.89 1.8 -7.28 179.26 3.57 -7.28
4 16 178.89 1.8 -7.28 184.58 2.43 -7.28 184.29 1.26 -7.28 178.83 1.26 -7.28
2 24 184.29 1.26 -7.28 184.58 2.43 -7.28
2 24 178.83 1.26 -7.28 184.29 1.26 -7.28
2 24 178.83 1.26 -7.28 178.89 1.8 -7.28
3 16 185.03 3.53 -7.28 179.87 5.27 -7.28 180.7 6.87 -7.28
2 24 179.87 5.27 -7.28 180.7 6.87 -7.28
4 16 185.03 3.53 -7.28 180.7 6.87 -7.28 181.74 8.35 -7.28 185.66 4.56 -7.28
2 24 180.7 6.87 -7.28 181.74 8.35 -7.28
2 24 185.03 3.53 -7.28 185.66 4.56 -7.28
3 16 185.66 4.56 -7.28 181.74 8.35 -7.28 181.8 8.42 -7.28
2 24 181.8 8.42 -7.28 185.66 4.56 -7.28

3 16 179.78 -15.62 -1.89 190.01 -15.62 -1.89 179.78 -15.62 0
2 24 179.78 -15.62 0 179.78 -15.62 -1.89
4 16 179.78 -15.62 0 190.01 -15.62 -1.89 190.01 -15.62 1.89 179.78 -15.62 1.89
2 24 179.78 -15.62 1.89 179.78 -15.62 0

3 16 202.2 8.42 -13.76 198.34 4.56 -13.76 201.03 9.67 -13.76
2 24 202.2 8.42 -13.76 198.34 4.56 -13.76
2 24 201.03 9.67 -13.76 202.2 8.42 -13.76
4 16 201.03 9.67 -13.76 198.34 4.56 -13.76 196.56 6.34 -13.76 200.42 10.2 -13.76
2 24 196.56 6.34 -13.76 200.42 10.2 -13.76
2 24 200.42 10.2 -13.76 201.03 9.67 -13.76
4 16 192 5.29 -13.76 192.69 7.78 -13.76 194.06 7.53 -13.76 193.18 5.16 -13.76
2 24 194.06 7.53 -13.76 192.69 7.78 -13.76
2 24 193.18 5.16 -13.76 192 5.29 -13.76
4 16 193.18 5.16 -13.76 194.06 7.53 -13.76 195.36 7.05 -13.76 196.56 6.34 -13.76
2 24 195.36 7.05 -13.76 194.06 7.53 -13.76
2 24 196.56 6.34 -13.76 195.36 7.05 -13.76
3 16 199.71 1.26 -13.76 196.77 -2.3 -13.76 197.16 -1.18 -13.76
2 24 196.77 -2.3 -13.76 197.16 -1.18 -13.76
4 16 193.18 5.16 -13.76 196.56 6.34 -13.76 198.34 4.56 -13.76 194.3 4.77 -13.76
2 24 194.3 4.77 -13.76 193.18 5.16 -13.76
3 16 194.3 4.77 -13.76 198.34 4.56 -13.76 195.3 4.14 -13.76
2 24 195.3 4.14 -13.76 194.3 4.77 -13.76
3 16 205.17 -1.26 -13.76 199.71 -1.26 -13.76 205.23 0 -13.76
2 24 205.17 -1.26 -13.76 199.71 -1.26 -13.76
2 24 205.23 0 -13.76 205.17 -1.26 -13.76
4 16 205.23 0 -13.76 199.71 -1.26 -13.76 199.71 1.26 -13.76 205.17 1.26 -13.76
2 24 199.71 1.26 -13.76 205.17 1.26 -13.76
2 24 205.17 1.26 -13.76 205.23 0 -13.76
3 16 178.77 0 -13.76 178.83 1.26 -13.76 184.29 1.26 -13.76
2 24 178.77 0 -13.76 178.83 1.26 -13.76
2 24 178.83 1.26 -13.76 184.29 1.26 -13.76
3 16 197.16 -1.18 -13.76 197.29 0 -13.76 199.71 1.26 -13.76
2 24 197.16 -1.18 -13.76 197.29 0 -13.76
4 16 199.71 1.26 -13.76 197.29 0 -13.76 197.16 1.18 -13.76 199.42 2.43 -13.76
2 24 197.29 0 -13.76 197.16 1.18 -13.76
2 24 199.71 1.26 -13.76 199.42 2.43 -13.76
4 16 199.42 2.43 -13.76 197.16 1.18 -13.76 196.77 2.3 -13.76 198.97 3.53 -13.76
2 24 197.16 1.18 -13.76 196.77 2.3 -13.76
2 24 199.42 2.43 -13.76 198.97 3.53 -13.76
4 16 198.97 3.53 -13.76 196.77 2.3 -13.76 196.14 3.3 -13.76 198.34 4.56 -13.76
2 24 196.77 2.3 -13.76 196.14 3.3 -13.76
2 24 198.97 3.53 -13.76 198.34 4.56 -13.76
3 16 198.34 4.56 -13.76 196.14 3.3 -13.76 195.3 4.14 -13.76
2 24 196.14 3.3 -13.76 195.3 4.14 -13.76
4 16 193.18 -5.16 -13.76 194.3 -4.77 -13.76 198.34 -4.56 -13.76 196.56 -6.34 -13.76
2 24 193.18 -5.16 -13.76 194.3 -4.77 -13.76
4 16 198.34 -4.56 -13.76 194.3 -4.77 -13.76 195.3 -4.14 -13.76 198.97 -3.53 -13.76
2 24 194.3 -4.77 -13.76 195.3 -4.14 -13.76
2 24 198.34 -4.56 -13.76 198.97 -3.53 -13.76
3 16 201.03 -9.67 -13.76 200.42 -10.2 -13.76 196.56 -6.34 -13.76
2 24 201.03 -9.67 -13.76 200.42 -10.2 -13.76
2 24 200.42 -10.2 -13.76 196.56 -6.34 -13.76
4 16 185.66 4.56 -13.76 187.44 6.34 -13.76 190.82 5.16 -13.76 189.7 4.77 -13.76
2 24 190.82 5.16 -13.76 189.7 4.77 -13.76
3 16 182.97 9.67 -13.76 183.58 10.2 -13.76 187.44 6.34 -13.76
2 24 182.97 9.67 -13.76 183.58 10.2 -13.76
2 24 183.58 10.2 -13.76 187.44 6.34 -13.76
3 16 196.77 -2.3 -13.76 199.71 1.26 -13.76 196.14 -3.3 -13.76
2 24 196.14 -3.3 -13.76 196.77 -2.3 -13.76
3 16 196.14 -3.3 -13.76 199.71 1.26 -13.76 199.71 -1.26 -13.76
4 16 196.14 -3.3 -13.76 199.71 -1.26 -13.76 199.42 -2.43 -13.76 195.3 -4.14 -13.76
2 24 199.42 -2.43 -13.76 199.71 -1.26 -13.76
2 24 195.3 -4.14 -13.76 196.14 -3.3 -13.76
3 16 195.3 -4.14 -13.76 199.42 -2.43 -13.76 198.97 -3.53 -13.76
2 24 198.97 -3.53 -13.76 199.42 -2.43 -13.76
3 16 189.7 4.77 -13.76 188.7 4.14 -13.76 185.66 4.56 -13.76
2 24 189.7 4.77 -13.76 188.7 4.14 -13.76
4 16 185.66 4.56 -13.76 188.7 4.14 -13.76 187.86 3.3 -13.76 185.03 3.53 -13.76
2 24 188.7 4.14 -13.76 187.86 3.3 -13.76
2 24 185.66 4.56 -13.76 185.03 3.53 -13.76
3 16 190.82 5.16 -13.76 189.94 7.53 -13.76 192 5.29 -13.76
2 24 192 5.29 -13.76 190.82 5.16 -13.76
4 16 192 5.29 -13.76 189.94 7.53 -13.76 191.31 7.78 -13.76 192.69 7.78 -13.76
2 24 191.31 7.78 -13.76 189.94 7.53 -13.76
2 24 192.69 7.78 -13.76 191.31 7.78 -13.76
3 16 181.8 -8.42 -13.76 185.66 -4.56 -13.76 182.97 -9.67 -13.76
2 24 181.8 -8.42 -13.76 185.66 -4.56 -13.76
2 24 182.97 -9.67 -13.76 181.8 -8.42 -13.76
4 16 182.97 -9.67 -13.76 185.66 -4.56 -13.76 187.44 -6.34 -13.76 183.58 -10.2 -13.76
2 24 187.44 -6.34 -13.76 183.58 -10.2 -13.76
2 24 183.58 -10.2 -13.76 182.97 -9.67 -13.76
3 16 187.86 3.3 -13.76 187.23 2.3 -13.76 184.29 -1.26 -13.76
2 24 187.86 3.3 -13.76 187.23 2.3 -13.76
3 16 184.29 -1.26 -13.76 187.23 2.3 -13.76 186.84 1.18 -13.76
2 24 187.23 2.3 -13.76 186.84 1.18 -13.76
4 16 181.8 8.42 -13.76 182.97 9.67 -13.76 187.44 6.34 -13.76 185.66 4.56 -13.76
2 24 181.8 8.42 -13.76 182.97 9.67 -13.76
2 24 185.66 4.56 -13.76 181.8 8.42 -13.76
4 16 190.82 5.16 -13.76 187.44 6.34 -13.76 188.64 7.05 -13.76 189.94 7.53 -13.76
2 24 188.64 7.05 -13.76 187.44 6.34 -13.76
2 24 189.94 7.53 -13.76 188.64 7.05 -13.76
4 16 192 -5.29 -13.76 193.18 -5.16 -13.76 194.06 -7.53 -13.76 192.69 -7.78 -13.76
2 24 192 -5.29 -13.76 193.18 -5.16 -13.76
2 24 192.69 -7.78 -13.76 194.06 -7.53 -13.76
3 16 186.84 1.18 -13.76 186.71 0 -13.76 184.29 -1.26 -13.76
2 24 186.84 1.18 -13.76 186.71 0 -13.76
4 16 184.29 -1.26 -13.76 186.71 0 -13.76 186.84 -1.18 -13.76 184.58 -2.43 -13.76
2 24 186.71 0 -13.76 186.84 -1.18 -13.76
2 24 184.29 -1.26 -13.76 184.58 -2.43 -13.76
4 16 184.58 -2.43 -13.76 186.84 -1.18 -13.76 187.23 -2.3 -13.76 185.03 -3.53 -13.76
2 24 186.84 -1.18 -13.76 187.23 -2.3 -13.76
2 24 184.58 -2.43 -13.76 185.03 -3.53 -13.76
4 16 185.03 -3.53 -13.76 187.23 -2.3 -13.76 187.86 -3.3 -13.76 185.66 -4.56 -13.76
2 24 187.23 -2.3 -13.76 187.86 -3.3 -13.76
2 24 185.03 -3.53 -13.76 185.66 -4.56 -13.76
3 16 185.66 -4.56 -13.76 187.86 -3.3 -13.76 188.7 -4.14 -13.76
2 24 187.86 -3.3 -13.76 188.7 -4.14 -13.76
3 16 188.7 -4.14 -13.76 189.7 -4.77 -13.76 185.66 -4.56 -13.76
2 24 188.7 -4.14 -13.76 189.7 -4.77 -13.76
3 16 185.66 -4.56 -13.76 189.7 -4.77 -13.76 190.82 -5.16 -13.76
2 24 189.7 -4.77 -13.76 190.82 -5.16 -13.76
4 16 185.66 -4.56 -13.76 190.82 -5.16 -13.76 188.64 -7.05 -13.76 187.44 -6.34 -13.76
2 24 187.44 -6.34 -13.76 188.64 -7.05 -13.76
4 16 192 -5.29 -13.76 192.69 -7.78 -13.76 191.31 -7.78 -13.76 190.82 -5.16 -13.76
2 24 191.31 -7.78 -13.76 192.69 -7.78 -13.76
2 24 190.82 -5.16 -13.76 192 -5.29 -13.76
4 16 190.82 -5.16 -13.76 191.31 -7.78 -13.76 189.94 -7.53 -13.76 188.64 -7.05 -13.76
2 24 189.94 -7.53 -13.76 191.31 -7.78 -13.76
2 24 188.64 -7.05 -13.76 189.94 -7.53 -13.76
4 16 202.2 -8.42 -13.76 201.03 -9.67 -13.76 196.56 -6.34 -13.76 198.34 -4.56 -13.76
2 24 202.2 -8.42 -13.76 201.03 -9.67 -13.76
2 24 198.34 -4.56 -13.76 202.2 -8.42 -13.76
4 16 193.18 -5.16 -13.76 196.56 -6.34 -13.76 195.36 -7.05 -13.76 194.06 -7.53 -13.76
2 24 195.36 -7.05 -13.76 196.56 -6.34 -13.76
2 24 194.06 -7.53 -13.76 195.36 -7.05 -13.76
4 16 178.83 -1.26 -13.76 178.77 0 -13.76 184.29 1.26 -13.76 184.29 -1.26 -13.76
2 24 178.83 -1.26 -13.76 178.77 0 -13.76
2 24 184.29 -1.26 -13.76 178.83 -1.26 -13.76
4 16 184.29 -1.26 -13.76 184.29 1.26 -13.76 184.58 2.43 -13.76 187.86 3.3 -13.76
2 24 184.58 2.43 -13.76 184.29 1.26 -13.76
3 16 187.86 3.3 -13.76 184.58 2.43 -13.76 185.03 3.53 -13.76
2 24 185.03 3.53 -13.76 184.58 2.43 -13.76

3 16 194.3 -4.77 13.76 193.18 -5.16 13.76 198.34 -4.56 13.76
2 24 194.3 -4.77 13.76 193.18 -5.16 13.76
3 16 196.77 -2.3 13.76 196.14 -3.3 13.76 199.71 1.26 13.76
2 24 196.77 -2.3 13.76 196.14 -3.3 13.76
3 16 199.71 -1.26 13.76 205.17 -1.26 13.76 205.23 0 13.76
2 24 205.17 -1.26 13.76 199.71 -1.26 13.76
2 24 205.17 -1.26 13.76 205.23 0 13.76
3 16 196.77 -2.3 13.76 199.71 1.26 13.76 197.16 -1.18 13.76
2 24 197.16 -1.18 13.76 196.77 -2.3 13.76
3 16 201.03 9.67 13.76 200.42 10.2 13.76 196.56 6.34 13.76
2 24 201.03 9.67 13.76 200.42 10.2 13.76
2 24 196.56 6.34 13.76 200.42 10.2 13.76
3 16 196.56 -6.34 13.76 200.42 -10.2 13.76 201.03 -9.67 13.76
2 24 200.42 -10.2 13.76 196.56 -6.34 13.76
2 24 200.42 -10.2 13.76 201.03 -9.67 13.76
4 16 198.34 4.56 13.76 196.56 6.34 13.76 193.18 5.16 13.76 194.3 4.77 13.76
2 24 193.18 5.16 13.76 194.3 4.77 13.76
3 16 189.7 4.77 13.76 190.82 5.16 13.76 185.66 4.56 13.76
2 24 189.7 4.77 13.76 190.82 5.16 13.76
3 16 187.23 2.3 13.76 187.86 3.3 13.76 184.29 -1.26 13.76
2 24 187.23 2.3 13.76 187.86 3.3 13.76
3 16 187.44 6.34 13.76 183.58 10.2 13.76 182.97 9.67 13.76
2 24 183.58 10.2 13.76 187.44 6.34 13.76
2 24 183.58 10.2 13.76 182.97 9.67 13.76
3 16 184.29 1.26 13.76 178.83 1.26 13.76 178.77 0 13.76
2 24 178.83 1.26 13.76 184.29 1.26 13.76
2 24 178.83 1.26 13.76 178.77 0 13.76
3 16 182.97 -9.67 13.76 183.58 -10.2 13.76 187.44 -6.34 13.76
2 24 182.97 -9.67 13.76 183.58 -10.2 13.76
2 24 187.44 -6.34 13.76 183.58 -10.2 13.76
4 16 194.06 -7.53 13.76 195.36 -7.05 13.76 193.18 -5.16 13.76 192.69 -7.78 13.76
2 24 195.36 -7.05 13.76 194.06 -7.53 13.76
2 24 194.06 -7.53 13.76 192.69 -7.78 13.76
4 16 193.18 -5.16 13.76 195.36 -7.05 13.76 196.56 -6.34 13.76 198.34 -4.56 13.76
2 24 196.56 -6.34 13.76 195.36 -7.05 13.76
4 16 198.34 -4.56 13.76 196.56 -6.34 13.76 201.03 -9.67 13.76 202.2 -8.42 13.76
2 24 201.03 -9.67 13.76 202.2 -8.42 13.76
2 24 198.34 -4.56 13.76 202.2 -8.42 13.76
4 16 198.97 -3.53 13.76 196.14 -3.3 13.76 195.3 -4.14 13.76 198.34 -4.56 13.76
2 24 196.14 -3.3 13.76 195.3 -4.14 13.76
2 24 198.97 -3.53 13.76 198.34 -4.56 13.76
3 16 198.34 -4.56 13.76 195.3 -4.14 13.76 194.3 -4.77 13.76
2 24 195.3 -4.14 13.76 194.3 -4.77 13.76
4 16 185.66 -4.56 13.76 187.44 -6.34 13.76 190.82 -5.16 13.76 189.7 -4.77 13.76
2 24 190.82 -5.16 13.76 189.7 -4.77 13.76
3 16 187.23 2.3 13.76 184.29 -1.26 13.76 186.84 1.18 13.76
2 24 186.84 1.18 13.76 187.23 2.3 13.76
3 16 194.3 4.77 13.76 195.3 4.14 13.76 198.34 4.56 13.76
2 24 194.3 4.77 13.76 195.3 4.14 13.76
3 16 198.34 4.56 13.76 195.3 4.14 13.76 196.14 3.3 13.76
2 24 195.3 4.14 13.76 196.14 3.3 13.76
4 16 198.34 4.56 13.76 196.14 3.3 13.76 196.77 2.3 13.76 198.97 3.53 13.76
2 24 196.14 3.3 13.76 196.77 2.3 13.76
2 24 198.34 4.56 13.76 198.97 3.53 13.76
4 16 198.97 3.53 13.76 196.77 2.3 13.76 197.16 1.18 13.76 199.42 2.43 13.76
2 24 196.77 2.3 13.76 197.16 1.18 13.76
2 24 198.97 3.53 13.76 199.42 2.43 13.76
4 16 199.42 2.43 13.76 197.16 1.18 13.76 197.29 0 13.76 199.71 1.26 13.76
2 24 197.16 1.18 13.76 197.29 0 13.76
2 24 199.42 2.43 13.76 199.71 1.26 13.76
3 16 199.71 1.26 13.76 197.29 0 13.76 197.16 -1.18 13.76
2 24 197.29 0 13.76 197.16 -1.18 13.76
4 16 189.94 7.53 13.76 188.64 7.05 13.76 190.82 5.16 13.76 191.31 7.78 13.76
2 24 188.64 7.05 13.76 189.94 7.53 13.76
2 24 189.94 7.53 13.76 191.31 7.78 13.76
4 16 191.31 7.78 13.76 190.82 5.16 13.76 192 5.29 13.76 192.69 7.78 13.76
2 24 190.82 5.16 13.76 192 5.29 13.76
2 24 191.31 7.78 13.76 192.69 7.78 13.76
4 16 192.69 7.78 13.76 192 5.29 13.76 193.18 5.16 13.76 194.06 7.53 13.76
2 24 192 5.29 13.76 193.18 5.16 13.76
2 24 192.69 7.78 13.76 194.06 7.53 13.76
4 16 192.69 -7.78 13.76 193.18 -5.16 13.76 192 -5.29 13.76 191.31 -7.78 13.76
2 24 193.18 -5.16 13.76 192 -5.29 13.76
2 24 192.69 -7.78 13.76 191.31 -7.78 13.76
4 16 191.31 -7.78 13.76 192 -5.29 13.76 190.82 -5.16 13.76 189.94 -7.53 13.76
2 24 192 -5.29 13.76 190.82 -5.16 13.76
2 24 191.31 -7.78 13.76 189.94 -7.53 13.76
3 16 198.97 -3.53 13.76 199.42 -2.43 13.76 196.14 -3.3 13.76
2 24 199.42 -2.43 13.76 198.97 -3.53 13.76
4 16 196.14 -3.3 13.76 199.42 -2.43 13.76 199.71 -1.26 13.76 199.71 1.26 13.76
2 24 199.71 -1.26 13.76 199.42 -2.43 13.76
4 16 199.71 1.26 13.76 199.71 -1.26 13.76 205.23 0 13.76 205.17 1.26 13.76
2 24 205.23 0 13.76 205.17 1.26 13.76
2 24 199.71 1.26 13.76 205.17 1.26 13.76
4 16 190.82 5.16 13.76 188.64 7.05 13.76 187.44 6.34 13.76 185.66 4.56 13.76
2 24 187.44 6.34 13.76 188.64 7.05 13.76
4 16 185.66 4.56 13.76 187.44 6.34 13.76 182.97 9.67 13.76 181.8 8.42 13.76
2 24 182.97 9.67 13.76 181.8 8.42 13.76
2 24 185.66 4.56 13.76 181.8 8.42 13.76
4 16 202.2 8.42 13.76 201.03 9.67 13.76 196.56 6.34 13.76 198.34 4.56 13.76
2 24 202.2 8.42 13.76 201.03 9.67 13.76
2 24 202.2 8.42 13.76 198.34 4.56 13.76
4 16 193.18 5.16 13.76 196.56 6.34 13.76 195.36 7.05 13.76 194.06 7.53 13.76
2 24 195.36 7.05 13.76 196.56 6.34 13.76
2 24 194.06 7.53 13.76 195.36 7.05 13.76
4 16 181.8 -8.42 13.76 182.97 -9.67 13.76 187.44 -6.34 13.76 185.66 -4.56 13.76
2 24 181.8 -8.42 13.76 182.97 -9.67 13.76
2 24 181.8 -8.42 13.76 185.66 -4.56 13.76
4 16 190.82 -5.16 13.76 187.44 -6.34 13.76 188.64 -7.05 13.76 189.94 -7.53 13.76
2 24 188.64 -7.05 13.76 187.44 -6.34 13.76
2 24 189.94 -7.53 13.76 188.64 -7.05 13.76
4 16 185.03 3.53 13.76 187.86 3.3 13.76 188.7 4.14 13.76 185.66 4.56 13.76
2 24 187.86 3.3 13.76 188.7 4.14 13.76
2 24 185.03 3.53 13.76 185.66 4.56 13.76
3 16 185.66 4.56 13.76 188.7 4.14 13.76 189.7 4.77 13.76
2 24 188.7 4.14 13.76 189.7 4.77 13.76
3 16 185.03 3.53 13.76 184.58 2.43 13.76 187.86 3.3 13.76
2 24 184.58 2.43 13.76 185.03 3.53 13.76
4 16 187.86 3.3 13.76 184.58 2.43 13.76 184.29 1.26 13.76 184.29 -1.26 13.76
2 24 184.29 1.26 13.76 184.58 2.43 13.76
4 16 184.29 -1.26 13.76 184.29 1.26 13.76 178.77 0 13.76 178.83 -1.26 13.76
2 24 178.77 0 13.76 178.83 -1.26 13.76
2 24 184.29 -1.26 13.76 178.83 -1.26 13.76
3 16 189.7 -4.77 13.76 188.7 -4.14 13.76 185.66 -4.56 13.76
2 24 189.7 -4.77 13.76 188.7 -4.14 13.76
3 16 185.66 -4.56 13.76 188.7 -4.14 13.76 187.86 -3.3 13.76
2 24 188.7 -4.14 13.76 187.86 -3.3 13.76
4 16 185.66 -4.56 13.76 187.86 -3.3 13.76 187.23 -2.3 13.76 185.03 -3.53 13.76
2 24 187.86 -3.3 13.76 187.23 -2.3 13.76
2 24 185.66 -4.56 13.76 185.03 -3.53 13.76
4 16 185.03 -3.53 13.76 187.23 -2.3 13.76 186.84 -1.18 13.76 184.58 -2.43 13.76
2 24 187.23 -2.3 13.76 186.84 -1.18 13.76
2 24 185.03 -3.53 13.76 184.58 -2.43 13.76
4 16 184.58 -2.43 13.76 186.84 -1.18 13.76 186.71 0 13.76 184.29 -1.26 13.76
2 24 186.84 -1.18 13.76 186.71 0 13.76
2 24 184.58 -2.43 13.76 184.29 -1.26 13.76
3 16 184.29 -1.26 13.76 186.71 0 13.76 186.84 1.18 13.76
2 24 186.71 0 13.76 186.84 1.18 13.76

3 16 178.83 1.26 7.28 184.29 1.26 7.28 178.89 1.8 7.28
2 24 178.83 1.26 7.28 184.29 1.26 7.28
2 24 178.89 1.8 7.28 178.83 1.26 7.28
4 16 178.89 1.8 7.28 184.29 1.26 7.28 184.58 2.43 7.28 179.26 3.57 7.28
2 24 184.58 2.43 7.28 184.29 1.26 7.28
2 24 179.26 3.57 7.28 178.89 1.8 7.28
3 16 181.8 8.42 7.28 181.74 8.35 7.28 185.66 4.56 7.28
2 24 181.8 8.42 7.28 185.66 4.56 7.28
3 16 185.66 4.56 7.28 181.74 8.35 7.28 180.7 6.87 7.28
2 24 181.74 8.35 7.28 180.7 6.87 7.28
4 16 185.66 4.56 7.28 180.7 6.87 7.28 179.87 5.27 7.28 185.03 3.53 7.28
2 24 180.7 6.87 7.28 179.87 5.27 7.28
2 24 185.66 4.56 7.28 185.03 3.53 7.28
4 16 185.03 3.53 7.28 179.87 5.27 7.28 179.26 3.57 7.28 184.58 2.43 7.28
2 24 179.87 5.27 7.28 179.26 3.57 7.28
2 24 185.03 3.53 7.28 184.58 2.43 7.28

3 16 183.58 10.2 7.28 187.44 6.34 7.28 184.37 10.81 7.28
2 24 183.58 10.2 7.28 187.44 6.34 7.28
2 24 184.37 10.81 7.28 183.58 10.2 7.28
4 16 184.37 10.81 7.28 187.44 6.34 7.28 188.64 7.05 7.28 185.91 11.75 7.28
2 24 188.64 7.05 7.28 187.44 6.34 7.28
2 24 185.91 11.75 7.28 184.37 10.81 7.28
3 16 185.91 11.75 7.28 188.64 7.05 7.28 187.57 12.46 7.28
2 24 187.57 12.46 7.28 185.91 11.75 7.28
4 16 187.57 12.46 7.28 188.64 7.05 7.28 189.94 7.53 7.28 189.31 12.95 7.28
2 24 189.94 7.53 7.28 188.64 7.05 7.28
2 24 189.31 12.95 7.28 187.57 12.46 7.28
3 16 189.31 12.95 7.28 189.94 7.53 7.28 191.1 13.2 7.28
2 24 191.1 13.2 7.28 189.31 12.95 7.28
4 16 191.1 13.2 7.28 189.94 7.53 7.28 191.31 7.78 7.28 192.9 13.2 7.28
2 24 191.31 7.78 7.28 189.94 7.53 7.28
2 24 192.9 13.2 7.28 191.1 13.2 7.28
4 16 192.9 13.2 7.28 191.31 7.78 7.28 192.69 7.78 7.28 194.69 12.95 7.28
2 24 192.69 7.78 7.28 191.31 7.78 7.28
2 24 194.69 12.95 7.28 192.9 13.2 7.28
4 16 194.69 12.95 7.28 192.69 7.78 7.28 194.06 7.53 7.28 196.43 12.46 7.28
2 24 194.06 7.53 7.28 192.69 7.78 7.28
2 24 196.43 12.46 7.28 194.69 12.95 7.28
4 16 196.43 12.46 7.28 194.06 7.53 7.28 195.36 7.05 7.28 198.09 11.75 7.28
2 24 195.36 7.05 7.28 194.06 7.53 7.28
2 24 198.09 11.75 7.28 196.43 12.46 7.28
3 16 198.09 11.75 7.28 195.36 7.05 7.28 199.63 10.81 7.28
2 24 199.63 10.81 7.28 198.09 11.75 7.28
4 16 199.63 10.81 7.28 195.36 7.05 7.28 196.56 6.34 7.28 200.42 10.2 7.28
2 24 196.56 6.34 7.28 195.36 7.05 7.28
2 24 200.42 10.2 7.28 196.56 6.34 7.28
2 24 200.42 10.2 7.28 199.63 10.81 7.28

4 16 198.97 3.53 7.28 199.42 2.43 7.28 204.74 3.57 7.28 204.13 5.27 7.28
2 24 199.42 2.43 7.28 198.97 3.53 7.28
2 24 204.74 3.57 7.28 204.13 5.27 7.28
3 16 204.74 3.57 7.28 199.42 2.43 7.28 205.11 1.8 7.28
2 24 205.11 1.8 7.28 204.74 3.57 7.28
4 16 205.11 1.8 7.28 199.42 2.43 7.28 199.71 1.26 7.28 205.17 1.26 7.28
2 24 199.71 1.26 7.28 199.42 2.43 7.28
2 24 205.17 1.26 7.28 199.71 1.26 7.28
2 24 205.17 1.26 7.28 205.11 1.8 7.28
3 16 198.97 3.53 7.28 204.13 5.27 7.28 203.3 6.87 7.28
2 24 204.13 5.27 7.28 203.3 6.87 7.28
4 16 198.97 3.53 7.28 203.3 6.87 7.28 202.26 8.35 7.28 198.34 4.56 7.28
2 24 203.3 6.87 7.28 202.26 8.35 7.28
2 24 198.97 3.53 7.28 198.34 4.56 7.28
3 16 198.34 4.56 7.28 202.26 8.35 7.28 202.2 8.42 7.28
2 24 202.2 8.42 7.28 198.34 4.56 7.28

3 16 205.17 -1.26 7.28 199.71 -1.26 7.28 205.11 -1.8 7.28
2 24 205.17 -1.26 7.28 199.71 -1.26 7.28
2 24 205.11 -1.8 7.28 205.17 -1.26 7.28
4 16 205.11 -1.8 7.28 199.71 -1.26 7.28 199.42 -2.43 7.28 204.74 -3.57 7.28
2 24 199.42 -2.43 7.28 199.71 -1.26 7.28
2 24 204.74 -3.57 7.28 205.11 -1.8 7.28
3 16 202.2 -8.42 7.28 202.26 -8.35 7.28 198.34 -4.56 7.28
2 24 202.2 -8.42 7.28 198.34 -4.56 7.28
3 16 198.34 -4.56 7.28 202.26 -8.35 7.28 203.3 -6.87 7.28
2 24 202.26 -8.35 7.28 203.3 -6.87 7.28
4 16 198.34 -4.56 7.28 203.3 -6.87 7.28 204.13 -5.27 7.28 198.97 -3.53 7.28
2 24 203.3 -6.87 7.28 204.13 -5.27 7.28
2 24 198.34 -4.56 7.28 198.97 -3.53 7.28
4 16 198.97 -3.53 7.28 204.13 -5.27 7.28 204.74 -3.57 7.28 199.42 -2.43 7.28
2 24 204.13 -5.27 7.28 204.74 -3.57 7.28
2 24 198.97 -3.53 7.28 199.42 -2.43 7.28

3 16 200.42 -10.2 7.28 196.56 -6.34 7.28 199.63 -10.81 7.28
2 24 200.42 -10.2 7.28 196.56 -6.34 7.28
2 24 199.63 -10.81 7.28 200.42 -10.2 7.28
4 16 199.63 -10.81 7.28 196.56 -6.34 7.28 195.36 -7.05 7.28 198.09 -11.75 7.28
2 24 195.36 -7.05 7.28 196.56 -6.34 7.28
2 24 198.09 -11.75 7.28 199.63 -10.81 7.28
3 16 198.09 -11.75 7.28 195.36 -7.05 7.28 196.43 -12.46 7.28
2 24 196.43 -12.46 7.28 198.09 -11.75 7.28
4 16 196.43 -12.46 7.28 195.36 -7.05 7.28 194.06 -7.53 7.28 194.69 -12.95 7.28
2 24 194.06 -7.53 7.28 195.36 -7.05 7.28
2 24 194.69 -12.95 7.28 196.43 -12.46 7.28
3 16 194.69 -12.95 7.28 194.06 -7.53 7.28 192.9 -13.2 7.28
2 24 192.9 -13.2 7.28 194.69 -12.95 7.28
4 16 192.9 -13.2 7.28 194.06 -7.53 7.28 192.69 -7.78 7.28 191.1 -13.2 7.28
2 24 192.69 -7.78 7.28 194.06 -7.53 7.28
2 24 191.1 -13.2 7.28 192.9 -13.2 7.28
4 16 191.1 -13.2 7.28 192.69 -7.78 7.28 191.31 -7.78 7.28 189.31 -12.95 7.28
2 24 191.31 -7.78 7.28 192.69 -7.78 7.28
2 24 189.31 -12.95 7.28 191.1 -13.2 7.28
4 16 189.31 -12.95 7.28 191.31 -7.78 7.28 189.94 -7.53 7.28 187.57 -12.46 7.28
2 24 189.94 -7.53 7.28 191.31 -7.78 7.28
2 24 187.57 -12.46 7.28 189.31 -12.95 7.28
4 16 187.57 -12.46 7.28 189.94 -7.53 7.28 188.64 -7.05 7.28 185.91 -11.75 7.28
2 24 188.64 -7.05 7.28 189.94 -7.53 7.28
2 24 185.91 -11.75 7.28 187.57 -12.46 7.28
3 16 185.91 -11.75 7.28 188.64 -7.05 7.28 184.37 -10.81 7.28
2 24 184.37 -10.81 7.28 185.91 -11.75 7.28
4 16 184.37 -10.81 7.28 188.64 -7.05 7.28 187.44 -6.34 7.28 183.58 -10.2 7.28
2 24 187.44 -6.34 7.28 188.64 -7.05 7.28
2 24 183.58 -10.2 7.28 187.44 -6.34 7.28
2 24 183.58 -10.2 7.28 184.37 -10.81 7.28

4 16 185.03 -3.53 7.28 184.58 -2.43 7.28 179.26 -3.57 7.28 179.87 -5.27 7.28
2 24 184.58 -2.43 7.28 185.03 -3.53 7.28
2 24 179.26 -3.57 7.28 179.87 -5.27 7.28
3 16 179.26 -3.57 7.28 184.58 -2.43 7.28 178.89 -1.8 7.28
2 24 178.89 -1.8 7.28 179.26 -3.57 7.28
4 16 178.89 -1.8 7.28 184.58 -2.43 7.28 184.29 -1.26 7.28 178.83 -1.26 7.28
2 24 184.29 -1.26 7.28 184.58 -2.43 7.28
2 24 178.83 -1.26 7.28 184.29 -1.26 7.28
2 24 178.83 -1.26 7.28 178.89 -1.8 7.28
3 16 185.03 -3.53 7.28 179.87 -5.27 7.28 180.7 -6.87 7.28
2 24 179.87 -5.27 7.28 180.7 -6.87 7.28
4 16 185.03 -3.53 7.28 180.7 -6.87 7.28 181.74 -8.35 7.28 185.66 -4.56 7.28
2 24 180.7 -6.87 7.28 181.74 -8.35 7.28
2 24 185.03 -3.53 7.28 185.66 -4.56 7.28
3 16 185.66 -4.56 7.28 181.74 -8.35 7.28 181.8 -8.42 7.28
2 24 181.8 -8.42 7.28 185.66 -4.56 7.28

4 16 185.66 -4.56 7.28 185.66 -4.56 13.76 185.03 -3.53 13.76 185.03 -3.53 7.28
2 24 185.66 -4.56 7.28 185.66 -4.56 13.76
4 16 185.03 -3.53 7.28 185.03 -3.53 13.76 184.58 -2.43 13.76 184.58 -2.43 7.28
4 16 184.58 -2.43 7.28 184.58 -2.43 13.76 184.29 -1.26 13.76 184.29 -1.26 7.28
2 24 184.29 -1.26 13.76 184.29 -1.26 7.28
4 16 199.71 -1.26 7.28 199.71 -1.26 13.76 199.42 -2.43 13.76 199.42 -2.43 7.28
2 24 199.71 -1.26 7.28 199.71 -1.26 13.76
4 16 199.42 -2.43 7.28 199.42 -2.43 13.76 198.97 -3.53 13.76 198.97 -3.53 7.28
4 16 198.97 -3.53 7.28 198.97 -3.53 13.76 198.34 -4.56 13.76 198.34 -4.56 7.28
2 24 198.34 -4.56 13.76 198.34 -4.56 7.28
4 16 198.34 4.56 7.28 198.34 4.56 13.76 198.97 3.53 13.76 198.97 3.53 7.28
2 24 198.34 4.56 7.28 198.34 4.56 13.76
4 16 198.97 3.53 7.28 198.97 3.53 13.76 199.42 2.43 13.76 199.42 2.43 7.28
4 16 199.42 2.43 7.28 199.42 2.43 13.76 199.71 1.26 13.76 199.71 1.26 7.28
2 24 199.71 1.26 13.76 199.71 1.26 7.28
4 16 184.29 1.26 7.28 184.29 1.26 13.76 184.58 2.43 13.76 184.58 2.43 7.28
2 24 184.29 1.26 7.28 184.29 1.26 13.76
4 16 184.58 2.43 7.28 184.58 2.43 13.76 185.03 3.53 13.76 185.03 3.53 7.28
4 16 185.03 3.53 7.28 185.03 3.53 13.76 185.66 4.56 13.76 185.66 4.56 7.28
2 24 185.66 4.56 13.76 185.66 4.56 7.28
4 16 187.44 6.34 7.28 187.44 6.34 13.76 188.64 7.05 13.76 188.64 7.05 7.28
2 24 187.44 6.34 7.28 187.44 6.34 13.76
4 16 188.64 7.05 7.28 188.64 7.05 13.76 189.94 7.53 13.76 189.94 7.53 7.28
4 16 189.94 7.53 7.28 189.94 7.53 13.76 191.31 7.78 13.76 191.31 7.78 7.28
4 16 191.31 7.78 7.28 191.31 7.78 13.76 192.69 7.78 13.76 192.69 7.78 7.28
4 16 192.69 7.78 7.28 192.69 7.78 13.76 194.06 7.53 13.76 194.06 7.53 7.28
4 16 194.06 7.53 7.28 194.06 7.53 13.76 195.36 7.05 13.76 195.36 7.05 7.28
4 16 195.36 7.05 7.28 195.36 7.05 13.76 196.56 6.34 13.76 196.56 6.34 7.28
2 24 196.56 6.34 13.76 196.56 6.34 7.28
4 16 196.56 -6.34 7.28 196.56 -6.34 13.76 195.36 -7.05 13.76 195.36 -7.05 7.28
2 24 196.56 -6.34 7.28 196.56 -6.34 13.76
4 16 195.36 -7.05 7.28 195.36 -7.05 13.76 194.06 -7.53 13.76 194.06 -7.53 7.28
4 16 194.06 -7.53 7.28 194.06 -7.53 13.76 192.69 -7.78 13.76 192.69 -7.78 7.28
4 16 192.69 -7.78 7.28 192.69 -7.78 13.76 191.31 -7.78 13.76 191.31 -7.78 7.28
4 16 191.31 -7.78 7.28 191.31 -7.78 13.76 189.94 -7.53 13.76 189.94 -7.53 7.28
4 16 189.94 -7.53 7.28 189.94 -7.53 13.76 188.64 -7.05 13.76 188.64 -7.05 7.28
4 16 188.64 -7.05 7.28 188.64 -7.05 13.76 187.44 -6.34 13.76 187.44 -6.34 7.28
2 24 187.44 -6.34 13.76 187.44 -6.34 7.28
4 16 185.66 4.56 -7.28 185.66 4.56 -13.76 185.03 3.53 -13.76 185.03 3.53 -7.28
2 24 185.66 4.56 -7.28 185.66 4.56 -13.76
4 16 185.03 3.53 -7.28 185.03 3.53 -13.76 184.58 2.43 -13.76 184.58 2.43 -7.28
4 16 184.58 2.43 -7.28 184.58 2.43 -13.76 184.29 1.26 -13.76 184.29 1.26 -7.28
2 24 184.29 1.26 -13.76 184.29 1.26 -7.28
4 16 196.56 6.34 -7.28 196.56 6.34 -13.76 195.36 7.05 -13.76 195.36 7.05 -7.28
2 24 196.56 6.34 -7.28 196.56 6.34 -13.76
4 16 195.36 7.05 -7.28 195.36 7.05 -13.76 194.06 7.53 -13.76 194.06 7.53 -7.28
4 16 194.06 7.53 -7.28 194.06 7.53 -13.76 192.69 7.78 -13.76 192.69 7.78 -7.28
4 16 192.69 7.78 -7.28 192.69 7.78 -13.76 191.31 7.78 -13.76 191.31 7.78 -7.28
4 16 191.31 7.78 -7.28 191.31 7.78 -13.76 189.94 7.53 -13.76 189.94 7.53 -7.28
4 16 189.94 7.53 -7.28 189.94 7.53 -13.76 188.64 7.05 -13.76 188.64 7.05 -7.28
4 16 188.64 7.05 -7.28 188.64 7.05 -13.76 187.44 6.34 -13.76 187.44 6.34 -7.28
2 24 187.44 6.34 -13.76 187.44 6.34 -7.28
4 16 199.71 1.26 -7.28 199.71 1.26 -13.76 199.42 2.43 -13.76 199.42 2.43 -7.28
2 24 199.71 1.26 -7.28 199.71 1.26 -13.76
4 16 199.42 2.43 -7.28 199.42 2.43 -13.76 198.97 3.53 -13.76 198.97 3.53 -7.28
4 16 198.97 3.53 -7.28 198.97 3.53 -13.76 198.34 4.56 -13.76 198.34 4.56 -7.28
2 24 198.34 4.56 -13.76 198.34 4.56 -7.28
4 16 198.34 -4.56 -7.28 198.34 -4.56 -13.76 198.97 -3.53 -13.76 198.97 -3.53 -7.28
2 24 198.34 -4.56 -7.28 198.34 -4.56 -13.76
4 16 198.97 -3.53 -7.28 198.97 -3.53 -13.76 199.42 -2.43 -13.76 199.42 -2.43 -7.28
4 16 199.42 -2.43 -7.28 199.42 -2.43 -13.76 199.71 -1.26 -13.76 199.71 -1.26 -7.28
2 24 199.71 -1.26 -13.76 199.71 -1.26 -7.28
4 16 187.44 -6.34 -7.28 187.44 -6.34 -13.76 188.64 -7.05 -13.76 188.64 -7.05 -7.28
2 24 187.44 -6.34 -7.28 187.44 -6.34 -13.76
4 16 188.64 -7.05 -7.28 188.64 -7.05 -13.76 189.94 -7.53 -13.76 189.94 -7.53 -7.28
4 16 189.94 -7.53 -7.28 189.94 -7.53 -13.76 191.31 -7.78 -13.76 191.31 -7.78 -7.28
4 16 191.31 -7.78 -7.28 191.31 -7.78 -13.76 192.69 -7.78 -13.76 192.69 -7.78 -7.28
4 16 192.69 -7.78 -7.28 192.69 -7.78 -13.76 194.06 -7.53 -13.76 194.06 -7.53 -7.28
4 16 194.06 -7.53 -7.28 194.06 -7.53 -13.76 195.36 -7.05 -13.76 195.36 -7.05 -7.28
4 16 195.36 -7.05 -7.28 195.36 -7.05 -13.76 196.56 -6.34 -13.76 196.56 -6.34 -7.28
2 24 196.56 -6.34 -13.76 196.56 -6.34 -7.28
4 16 184.29 -1.26 -7.28 184.29 -1.26 -13.76 184.58 -2.43 -13.76 184.58 -2.43 -7.28
2 24 184.29 -1.26 -7.28 184.29 -1.26 -13.76
4 16 184.58 -2.43 -7.28 184.58 -2.43 -13.76 185.03 -3.53 -13.76 185.03 -3.53 -7.28
4 16 185.03 -3.53 -7.28 185.03 -3.53 -13.76 185.66 -4.56 -13.76 185.66 -4.56 -7.28
2 24 185.66 -4.56 -13.76 185.66 -4.56 -7.28
4 16 178.83 -1.26 13.76 178.83 -1.26 7.28 184.29 -1.26 7.28 184.29 -1.26 13.76
2 24 178.83 -1.26 13.76 178.83 -1.26 7.28
4 16 185.66 -4.56 13.76 185.66 -4.56 7.28 181.8 -8.42 7.28 181.8 -8.42 13.76
4 16 183.58 -10.2 13.76 183.58 -10.2 7.28 187.44 -6.34 7.28 187.44 -6.34 13.76
2 24 183.58 -10.2 13.76 183.58 -10.2 7.28
4 16 196.56 -6.34 13.76 196.56 -6.34 7.28 200.42 -10.2 7.28 200.42 -10.2 13.76
2 24 200.42 -10.2 7.28 200.42 -10.2 13.76
4 16 202.2 -8.42 13.76 202.2 -8.42 7.28 198.34 -4.56 7.28 198.34 -4.56 13.76
4 16 199.71 -1.26 13.76 199.71 -1.26 7.28 205.17 -1.26 7.28 205.17 -1.26 13.76
2 24 205.17 -1.26 7.28 205.17 -1.26 13.76
4 16 205.17 1.26 13.76 205.17 1.26 7.28 199.71 1.26 7.28 199.71 1.26 13.76
2 24 205.17 1.26 13.76 205.17 1.26 7.28
4 16 198.34 4.56 13.76 198.34 4.56 7.28 202.2 8.42 7.28 202.2 8.42 13.76
4 16 200.42 10.2 13.76 200.42 10.2 7.28 196.56 6.34 7.28 196.56 6.34 13.76
2 24 200.42 10.2 13.76 200.42 10.2 7.28
4 16 187.44 6.34 13.76 187.44 6.34 7.28 183.58 10.2 7.28 183.58 10.2 13.76
2 24 183.58 10.2 7.28 183.58 10.2 13.76
4 16 181.8 8.42 13.76 181.8 8.42 7.28 185.66 4.56 7.28 185.66 4.56 13.76
4 16 184.29 1.26 13.76 184.29 1.26 7.28 178.83 1.26 7.28 178.83 1.26 13.76
2 24 178.83 1.26 7.28 178.83 1.26 13.76
3 16 179.78 -15.51 -1.89 179.78 -15.62 -1.89 179.78 -15.62 0
3 16 179.78 -15.62 0 179.78 -15.62 1.89 179.78 -15.51 1.89
4 16 178.83 1.26 -13.76 178.83 1.26 -7.28 184.29 1.26 -7.28 184.29 1.26 -13.76
2 24 178.83 1.26 -13.76 178.83 1.26 -7.28
4 16 185.66 4.56 -13.76 185.66 4.56 -7.28 181.8 8.42 -7.28 181.8 8.42 -13.76
4 16 183.58 10.2 -13.76 183.58 10.2 -7.28 187.44 6.34 -7.28 187.44 6.34 -13.76
2 24 183.58 10.2 -13.76 183.58 10.2 -7.28
4 16 196.56 6.34 -13.76 196.56 6.34 -7.28 200.42 10.2 -7.28 200.42 10.2 -13.76
2 24 200.42 10.2 -7.28 200.42 10.2 -13.76
4 16 202.2 8.42 -13.76 202.2 8.42 -7.28 198.34 4.56 -7.28 198.34 4.56 -13.76
4 16 199.71 1.26 -13.76 199.71 1.26 -7.28 205.17 1.26 -7.28 205.17 1.26 -13.76
2 24 205.17 1.26 -7.28 205.17 1.26 -13.76
4 16 205.17 -1.26 -13.76 205.17 -1.26 -7.28 199.71 -1.26 -7.28 199.71 -1.26 -13.76
2 24 205.17 -1.26 -13.76 205.17 -1.26 -7.28
4 16 198.34 -4.56 -13.76 198.34 -4.56 -7.28 202.2 -8.42 -7.28 202.2 -8.42 -13.76
4 16 200.42 -10.2 -13.76 200.42 -10.2 -7.28 196.56 -6.34 -7.28 196.56 -6.34 -13.76
2 24 200.42 -10.2 -13.76 200.42 -10.2 -7.28
4 16 187.44 -6.34 -13.76 187.44 -6.34 -7.28 183.58 -10.2 -7.28 183.58 -10.2 -13.76
2 24 183.58 -10.2 -7.28 183.58 -10.2 -13.76
4 16 181.8 -8.42 -13.76 181.8 -8.42 -7.28 185.66 -4.56 -7.28 185.66 -4.56 -13.76
4 16 184.29 -1.26 -13.76 184.29 -1.26 -7.28 178.83 -1.26 -7.28 178.83 -1.26 -13.76
2 24 178.83 -1.26 -7.28 178.83 -1.26 -13.76
4 16 205.17 -1.26 13.76 205.17 -1.26 7.28 205.11 -1.8 7.28 205.11 -1.8 15.69
4 16 200.42 -10.2 13.76 200.42 -10.2 7.28 199.63 -10.81 7.28 199.63 -10.81 15.69
3 16 178.77 0 13.76 178.77 0 15.69 178.83 -1.26 13.76
3 16 178.83 -1.26 13.76 178.77 0 15.69 178.89 -1.8 15.69
4 16 181.74 -8.35 15.69 182.97 -9.67 15.69 182.97 -9.67 13.76 181.8 -8.42 13.76
3 16 182.97 -9.67 13.76 182.97 -9.67 15.69 183.58 -10.2 13.76
3 16 183.58 -10.2 13.76 182.97 -9.67 15.69 184.37 -10.81 15.69
4 16 183.58 -10.2 13.76 184.37 -10.81 15.69 184.37 -10.81 7.28 183.58 -10.2 7.28
4 16 202.26 -8.35 15.69 202.2 -8.42 13.76 201.03 -9.67 13.76 201.03 -9.67 15.69
3 16 201.03 -9.67 15.69 201.03 -9.67 13.76 199.63 -10.81 15.69
3 16 205.11 -1.8 15.69 205.23 0 15.69 205.23 0 13.76
4 16 178.83 -1.26 7.28 178.83 -1.26 13.76 178.89 -1.8 15.69 178.89 -1.8 7.28
4 16 178.89 -1.8 7.28 178.89 -1.8 15.69 179.26 -3.57 15.69 179.26 -3.57 7.28
4 16 179.26 -3.57 7.28 179.26 -3.57 15.69 179.87 -5.27 15.69 179.87 -5.27 7.28
4 16 179.87 -5.27 7.28 179.87 -5.27 15.69 180.7 -6.87 15.69 180.7 -6.87 7.28
4 16 180.7 -6.87 7.28 180.7 -6.87 15.69 181.74 -8.35 15.69 181.74 -8.35 7.28
3 16 201.03 -9.67 13.76 200.42 -10.2 13.76 199.63 -10.81 15.69
4 16 199.63 -10.81 15.69 199.63 -10.81 7.28 198.09 -11.75 7.28 198.09 -11.75 15.69
4 16 198.09 -11.75 15.69 198.09 -11.75 7.28 196.43 -12.46 7.28 196.43 -12.46 15.69
4 16 196.43 -12.46 15.69 196.43 -12.46 7.28 194.69 -12.95 7.28 194.69 -12.95 15.69
4 16 194.69 -12.95 15.69 194.69 -12.95 7.28 192.9 -13.2 7.28 192.9 -13.2 15.69
4 16 192.9 -13.2 15.69 192.9 -13.2 7.28 191.1 -13.2 7.28 191.1 -13.2 15.69
4 16 191.1 -13.2 15.69 191.1 -13.2 7.28 189.31 -12.95 7.28 189.31 -12.95 15.69
4 16 189.31 -12.95 15.69 189.31 -12.95 7.28 187.57 -12.46 7.28 187.57 -12.46 15.69
4 16 187.57 -12.46 15.69 187.57 -12.46 7.28 185.91 -11.75 7.28 185.91 -11.75 15.69
4 16 185.91 -11.75 15.69 185.91 -11.75 7.28 184.37 -10.81 7.28 184.37 -10.81 15.69
4 16 202.26 -8.35 7.28 202.26 -8.35 15.69 203.3 -6.87 15.69 203.3 -6.87 7.28
4 16 203.3 -6.87 7.28 203.3 -6.87 15.69 204.13 -5.27 15.69 204.13 -5.27 7.28
4 16 204.13 -5.27 7.28 204.13 -5.27 15.69 204.74 -3.57 15.69 204.74 -3.57 7.28
4 16 204.74 -3.57 7.28 204.74 -3.57 15.69 205.11 -1.8 15.69 205.11 -1.8 7.28
3 16 205.17 -1.26 13.76 205.11 -1.8 15.69 205.23 0 13.76
4 16 178.83 1.26 13.76 178.83 1.26 7.28 178.89 1.8 7.28 178.89 1.8 15.69
4 16 183.58 10.2 13.76 183.58 10.2 7.28 184.37 10.81 7.28 184.37 10.81 15.69
3 16 205.23 0 13.76 205.23 0 15.69 205.17 1.26 13.76
3 16 205.17 1.26 13.76 205.23 0 15.69 205.11 1.8 15.69
4 16 202.26 8.35 15.69 201.03 9.67 15.69 201.03 9.67 13.76 202.2 8.42 13.76
3 16 201.03 9.67 13.76 201.03 9.67 15.69 200.42 10.2 13.76
3 16 200.42 10.2 13.76 201.03 9.67 15.69 199.63 10.81 15.69
4 16 200.42 10.2 13.76 199.63 10.81 15.69 199.63 10.81 7.28 200.42 10.2 7.28
4 16 181.74 8.35 15.69 181.8 8.42 13.76 182.97 9.67 13.76 182.97 9.67 15.69
3 16 182.97 9.67 15.69 182.97 9.67 13.76 184.37 10.81 15.69
3 16 178.89 1.8 15.69 178.77 0 15.69 178.77 0 13.76
4 16 205.17 1.26 7.28 205.17 1.26 13.76 205.11 1.8 15.69 205.11 1.8 7.28
4 16 205.11 1.8 7.28 205.11 1.8 15.69 204.74 3.57 15.69 204.74 3.57 7.28
4 16 204.74 3.57 7.28 204.74 3.57 15.69 204.13 5.27 15.69 204.13 5.27 7.28
4 16 204.13 5.27 7.28 204.13 5.27 15.69 203.3 6.87 15.69 203.3 6.87 7.28
4 16 203.3 6.87 7.28 203.3 6.87 15.69 202.26 8.35 15.69 202.26 8.35 7.28
3 16 182.97 9.67 13.76 183.58 10.2 13.76 184.37 10.81 15.69
4 16 184.37 10.81 15.69 184.37 10.81 7.28 185.91 11.75 7.28 185.91 11.75 15.69
4 16 185.91 11.75 15.69 185.91 11.75 7.28 187.57 12.46 7.28 187.57 12.46 15.69
4 16 187.57 12.46 15.69 187.57 12.46 7.28 189.31 12.95 7.28 189.31 12.95 15.69
4 16 189.31 12.95 15.69 189.31 12.95 7.28 191.1 13.2 7.28 191.1 13.2 15.69
4 16 191.1 13.2 15.69 191.1 13.2 7.28 192.9 13.2 7.28 192.9 13.2 15.69
4 16 192.9 13.2 15.69 192.9 13.2 7.28 194.69 12.95 7.28 194.69 12.95 15.69
4 16 194.69 12.95 15.69 194.69 12.95 7.28 196.43 12.46 7.28 196.43 12.46 15.69
4 16 196.43 12.46 15.69 196.43 12.46 7.28 198.09 11.75 7.28 198.09 11.75 15.69
4 16 198.09 11.75 15.69 198.09 11.75 7.28 199.63 10.81 7.28 199.63 10.81 15.69
4 16 181.74 8.35 7.28 181.74 8.35 15.69 180.7 6.87 15.69 180.7 6.87 7.28
4 16 180.7 6.87 7.28 180.7 6.87 15.69 179.87 5.27 15.69 179.87 5.27 7.28
4 16 179.87 5.27 7.28 179.87 5.27 15.69 179.26 3.57 15.69 179.26 3.57 7.28
4 16 179.26 3.57 7.28 179.26 3.57 15.69 178.89 1.8 15.69 178.89 1.8 7.28
3 16 178.83 1.26 13.76 178.89 1.8 15.69 178.77 0 13.76
4 16 197.29 0 13.76 197.29 0 2.24 197.16 -1.18 2.24 197.16 -1.18 13.76
4 16 197.16 -1.18 13.76 197.16 -1.18 2.24 196.77 -2.3 2.24 196.77 -2.3 13.76
4 16 196.77 -2.3 13.76 196.77 -2.3 2.24 196.14 -3.3 2.24 196.14 -3.3 13.76
4 16 196.14 -3.3 13.76 196.14 -3.3 2.24 195.3 -4.14 2.24 195.3 -4.14 13.76
4 16 195.3 -4.14 13.76 195.3 -4.14 2.24 194.3 -4.77 2.24 194.3 -4.77 13.76
4 16 194.3 -4.77 13.76 194.3 -4.77 2.24 193.18 -5.16 2.24 193.18 -5.16 13.76
4 16 193.18 -5.16 13.76 193.18 -5.16 2.24 192 -5.29 2.24 192 -5.29 13.76
4 16 192 -5.29 13.76 192 -5.29 2.24 190.82 -5.16 2.24 190.82 -5.16 13.76
4 16 190.82 -5.16 13.76 190.82 -5.16 2.24 189.7 -4.77 2.24 189.7 -4.77 13.76
4 16 189.7 -4.77 13.76 189.7 -4.77 2.24 188.7 -4.14 2.24 188.7 -4.14 13.76
4 16 188.7 -4.14 13.76 188.7 -4.14 2.24 187.86 -3.3 2.24 187.86 -3.3 13.76
4 16 187.86 -3.3 13.76 187.86 -3.3 2.24 187.23 -2.3 2.24 187.23 -2.3 13.76
4 16 187.23 -2.3 13.76 187.23 -2.3 2.24 186.84 -1.18 2.24 186.84 -1.18 13.76
4 16 186.84 -1.18 13.76 186.84 -1.18 2.24 186.71 0 2.24 186.71 0 13.76
4 16 186.71 0 13.76 186.71 0 2.24 186.84 1.18 2.24 186.84 1.18 13.76
4 16 186.84 1.18 13.76 186.84 1.18 2.24 187.23 2.3 2.24 187.23 2.3 13.76
4 16 187.23 2.3 13.76 187.23 2.3 2.24 187.86 3.3 2.24 187.86 3.3 13.76
4 16 187.86 3.3 13.76 187.86 3.3 2.24 188.7 4.14 2.24 188.7 4.14 13.76
4 16 188.7 4.14 13.76 188.7 4.14 2.24 189.7 4.77 2.24 189.7 4.77 13.76
4 16 189.7 4.77 13.76 189.7 4.77 2.24 190.82 5.16 2.24 190.82 5.16 13.76
4 16 190.82 5.16 13.76 190.82 5.16 2.24 192 5.29 2.24 192 5.29 13.76
4 16 192 5.29 13.76 192 5.29 2.24 193.18 5.16 2.24 193.18 5.16 13.76
4 16 193.18 5.16 13.76 193.18 5.16 2.24 194.3 4.77 2.24 194.3 4.77 13.76
4 16 194.3 4.77 13.76 194.3 4.77 2.24 195.3 4.14 2.24 195.3 4.14 13.76
4 16 195.3 4.14 13.76 195.3 4.14 2.24 196.14 3.3 2.24 196.14 3.3 13.76
4 16 196.14 3.3 13.76 196.14 3.3 2.24 196.77 2.3 2.24 196.77 2.3 13.76
4 16 196.77 2.3 13.76 196.77 2.3 2.24 197.16 1.18 2.24 197.16 1.18 13.76
4 16 197.16 1.18 13.76 197.16 1.18 2.24 197.29 0 2.24 197.29 0 13.76
4 16 186.71 0 -2.24 186.71 0 -13.76 186.84 1.18 -13.76 186.84 1.18 -2.24
4 16 186.84 1.18 -2.24 186.84 1.18 -13.76 187.23 2.3 -13.76 187.23 2.3 -2.24
4 16 187.23 2.3 -2.24 187.23 2.3 -13.76 187.86 3.3 -13.76 187.86 3.3 -2.24
4 16 187.86 3.3 -2.24 187.86 3.3 -13.76 188.7 4.14 -13.76 188.7 4.14 -2.24
4 16 188.7 4.14 -2.24 188.7 4.14 -13.76 189.7 4.77 -13.76 189.7 4.77 -2.24
4 16 189.7 4.77 -2.24 189.7 4.77 -13.76 190.82 5.16 -13.76 190.82 5.16 -2.24
4 16 190.82 5.16 -2.24 190.82 5.16 -13.76 192 5.29 -13.76 192 5.29 -2.24
4 16 192 5.29 -2.24 192 5.29 -13.76 193.18 5.16 -13.76 193.18 5.16 -2.24
4 16 193.18 5.16 -2.24 193.18 5.16 -13.76 194.3 4.77 -13.76 194.3 4.77 -2.24
4 16 194.3 4.77 -2.24 194.3 4.77 -13.76 195.3 4.14 -13.76 195.3 4.14 -2.24
4 16 195.3 4.14 -2.24 195.3 4.14 -13.76 196.14 3.3 -13.76 196.14 3.3 -2.24
4 16 196.14 3.3 -2.24 196.14 3.3 -13.76 196.77 2.3 -13.76 196.77 2.3 -2.24
4 16 196.77 2.3 -2.24 196.77 2.3 -13.76 197.16 1.18 -13.76 197.16 1.18 -2.24
4 16 197.16 1.18 -2.24 197.16 1.18 -13.76 197.29 0 -13.76 197.29 0 -2.24
4 16 197.29 0 -2.24 197.29 0 -13.76 197.16 -1.18 -13.76 197.16 -1.18 -2.24
4 16 197.16 -1.18 -2.24 197.16 -1.18 -13.76 196.77 -2.3 -13.76 196.77 -2.3 -2.24
4 16 196.77 -2.3 -2.24 196.77 -2.3 -13.76 196.14 -3.3 -13.76 196.14 -3.3 -2.24
4 16 196.14 -3.3 -2.24 196.14 -3.3 -13.76 195.3 -4.14 -13.76 195.3 -4.14 -2.24
4 16 195.3 -4.14 -2.24 195.3 -4.14 -13.76 194.3 -4.77 -13.76 194.3 -4.77 -2.24
4 16 194.3 -4.77 -2.24 194.3 -4.77 -13.76 193.18 -5.16 -13.76 193.18 -5.16 -2.24
4 16 193.18 -5.16 -2.24 193.18 -5.16 -13.76 192 -5.29 -13.76 192 -5.29 -2.24
4 16 192 -5.29 -2.24 192 -5.29 -13.76 190.82 -5.16 -13.76 190.82 -5.16 -2.24
4 16 190.82 -5.16 -2.24 190.82 -5.16 -13.76 189.7 -4.77 -13.76 189.7 -4.77 -2.24
4 16 189.7 -4.77 -2.24 189.7 -4.77 -13.76 188.7 -4.14 -13.76 188.7 -4.14 -2.24
4 16 188.7 -4.14 -2.24 188.7 -4.14 -13.76 187.86 -3.3 -13.76 187.86 -3.3 -2.24
4 16 187.86 -3.3 -2.24 187.86 -3.3 -13.76 187.23 -2.3 -13.76 187.23 -2.3 -2.24
4 16 187.23 -2.3 -2.24 187.23 -2.3 -13.76 186.84 -1.18 -13.76 186.84 -1.18 -2.24
4 16 186.84 -1.18 -2.24 186.84 -1.18 -13.76 186.71 0 -13.76 186.71 0 -2.24
4 16 184.82 11.34 -2.24 184.82 11.34 2.24 184.82 -11.34 2.24 184.82 -11.34 -2.24
2 24 184.82 11.34 -2.24 184.82 11.34 2.24
2 24 184.82 -11.34 2.24 184.82 -11.34 -2.24
3 16 179.78 -9.93 -12.06 176 -11.05 -11.05 179.45 -9.51 -12.39
2 24 179.45 -9.51 -12.39 179.78 -9.93 -12.06
3 16 179.45 -9.51 -12.39 176 -11.05 -11.05 176 -9.51 -12.39
3 16 179.45 -9.51 -12.39 176 -9.51 -12.39 179.26 -9.26 -12.58
2 24 179.26 -9.26 -12.58 179.45 -9.51 -12.39
3 16 177.8 -6.8 -14.06 176 -7.81 -13.53 177.44 -5.98 -14.43
2 24 177.44 -5.98 -14.43 177.8 -6.8 -14.06
3 16 177.44 -5.98 -14.43 176 -7.81 -13.53 176 -5.98 -14.43
3 16 177.44 -5.98 -14.43 176 -5.98 -14.43 177.36 -5.8 -14.51
2 24 177.36 -5.8 -14.51 177.44 -5.98 -14.43
3 16 177.8 -6.8 -14.06 178.2 -7.59 -13.66 176 -7.81 -13.53
2 24 177.8 -6.8 -14.06 178.2 -7.59 -13.66
3 16 176 -7.81 -13.53 178.2 -7.59 -13.66 178.33 -7.81 -13.52
2 24 178.2 -7.59 -13.66 178.33 -7.81 -13.52
3 16 176 -7.81 -13.53 178.33 -7.81 -13.52 176 -9.51 -12.39
3 16 176 -9.51 -12.39 178.33 -7.81 -13.52 178.78 -8.55 -13.07
2 24 178.33 -7.81 -13.52 178.78 -8.55 -13.07
3 16 176 -9.51 -12.39 178.78 -8.55 -13.07 179.26 -9.26 -12.58
2 24 178.78 -8.55 -13.07 179.26 -9.26 -12.58
3 16 176.54 -2.99 -15.33 176 -4.04 -15.09 176.39 -2.04 -15.49
2 24 176.39 -2.04 -15.49 176.54 -2.99 -15.33
3 16 176.39 -2.04 -15.49 176 -4.04 -15.09 176 -2.04 -15.49
3 16 176.39 -2.04 -15.49 176 -2.04 -15.49 176.38 -1.97 -15.5
2 24 176.38 -1.97 -15.5 176.39 -2.04 -15.49
3 16 176.54 -2.99 -15.33 176.75 -3.92 -15.12 176 -4.04 -15.09
2 24 176.54 -2.99 -15.33 176.75 -3.92 -15.12
3 16 176 -4.04 -15.09 176.75 -3.92 -15.12 176.78 -4.04 -15.09
2 24 176.75 -3.92 -15.12 176.78 -4.04 -15.09
3 16 176 -4.04 -15.09 176.78 -4.04 -15.09 176 -5.98 -14.43
3 16 176 -5.98 -14.43 176.78 -4.04 -15.09 177.04 -4.93 -14.82
2 24 176.78 -4.04 -15.09 177.04 -4.93 -14.82
3 16 176 -5.98 -14.43 177.04 -4.93 -14.82 177.36 -5.8 -14.51
2 24 177.04 -4.93 -14.82 177.36 -5.8 -14.51
3 16 176.38 -1.97 -15.5 176 -2.04 -15.49 176.28 -0.99 -15.59
2 24 176.28 -0.99 -15.59 176.38 -1.97 -15.5
3 16 176.28 -0.99 -15.59 176 -2.04 -15.49 176 0 -15.62
3 16 176.28 -0.99 -15.59 176 0 -15.62 176.25 0 -15.62
2 24 176.25 0 -15.62 176.28 -0.99 -15.59
3 16 176.25 0 15.62 176 0 15.62 176.28 -1 15.59
2 24 176.28 -1 15.59 176.25 0 15.62
3 16 176.28 -1 15.59 176 0 15.62 176 -2.04 15.49
3 16 176.28 -1 15.59 176 -2.04 15.49 176.38 -2.04 15.49
2 24 176.38 -2.04 15.49 176.28 -1 15.59
3 16 176.78 -4.04 15.09 176.54 -2.99 15.33 176 -4.04 15.09
2 24 176.78 -4.04 15.09 176.54 -2.99 15.33
3 16 176 -4.04 15.09 176.54 -2.99 15.33 176 -2.04 15.49
3 16 176 -2.04 15.49 176.54 -2.99 15.33 176.38 -2.04 15.49
2 24 176.54 -2.99 15.33 176.38 -2.04 15.49
3 16 176.78 -4.04 15.09 176 -4.04 15.09 177.05 -4.94 14.82
2 24 177.05 -4.94 14.82 176.78 -4.04 15.09
3 16 177.05 -4.94 14.82 176 -4.04 15.09 176 -5.98 14.43
3 16 177.05 -4.94 14.82 176 -5.98 14.43 177.43 -5.98 14.43
2 24 177.43 -5.98 14.43 177.05 -4.94 14.82
3 16 176 -7.81 13.53 177.8 -6.8 14.06 176 -5.98 14.43
3 16 176 -5.98 14.43 177.8 -6.8 14.06 177.43 -5.98 14.43
2 24 177.8 -6.8 14.06 177.43 -5.98 14.43
3 16 178.33 -7.81 13.53 176 -7.81 13.53 178.78 -8.55 13.07
2 24 178.78 -8.55 13.07 178.33 -7.81 13.53
3 16 178.78 -8.55 13.07 176 -7.81 13.53 176 -9.51 12.39
3 16 176 -11.05 11.05 179.78 -11.05 11.05 179.78 -9.93 12.06
3 16 176 -11.05 11.05 179.78 -9.93 12.06 176 -9.51 12.39
3 16 176 -9.51 12.39 179.78 -9.93 12.06 179.45 -9.51 12.39
2 24 179.78 -9.93 12.06 179.45 -9.51 12.39
3 16 176 -15.49 2.04 179.78 -15.51 1.89 179.78 -15.49 2.04
3 16 179.78 -9.93 -12.06 179.78 -11.05 -11.05 176 -11.05 -11.05
3 16 176 -15.49 -2.04 179.78 -15.49 -2.04 179.78 -15.51 -1.89
4 16 202.93 -11.34 2.24 202.93 -11.34 -2.24 184.82 -11.34 -2.24 184.82 -11.34 2.24
4 16 205.17 1.26 -13.76 205.17 1.26 -7.28 205.11 1.8 -7.28 205.11 1.8 -15.69
4 16 200.42 10.2 -13.76 200.42 10.2 -7.28 199.63 10.81 -7.28 199.63 10.81 -15.69
3 16 178.77 0 -13.76 178.77 0 -15.69 178.83 1.26 -13.76
3 16 178.83 1.26 -13.76 178.77 0 -15.69 178.89 1.8 -15.69
4 16 181.74 8.35 -15.69 182.97 9.67 -15.69 182.97 9.67 -13.76 181.8 8.42 -13.76
3 16 182.97 9.67 -13.76 182.97 9.67 -15.69 183.58 10.2 -13.76
3 16 183.58 10.2 -13.76 182.97 9.67 -15.69 184.37 10.81 -15.69
4 16 183.58 10.2 -13.76 184.37 10.81 -15.69 184.37 10.81 -7.28 183.58 10.2 -7.28
4 16 202.26 8.35 -15.69 202.2 8.42 -13.76 201.03 9.67 -13.76 201.03 9.67 -15.69
3 16 201.03 9.67 -15.69 201.03 9.67 -13.76 199.63 10.81 -15.69
3 16 205.11 1.8 -15.69 205.23 0 -15.69 205.23 0 -13.76
4 16 178.83 1.26 -7.28 178.83 1.26 -13.76 178.89 1.8 -15.69 178.89 1.8 -7.28
4 16 178.89 1.8 -7.28 178.89 1.8 -15.69 179.26 3.57 -15.69 179.26 3.57 -7.28
4 16 179.26 3.57 -7.28 179.26 3.57 -15.69 179.87 5.27 -15.69 179.87 5.27 -7.28
4 16 179.87 5.27 -7.28 179.87 5.27 -15.69 180.7 6.87 -15.69 180.7 6.87 -7.28
4 16 180.7 6.87 -7.28 180.7 6.87 -15.69 181.74 8.35 -15.69 181.74 8.35 -7.28
3 16 201.03 9.67 -13.76 200.42 10.2 -13.76 199.63 10.81 -15.69
4 16 199.63 10.81 -15.69 199.63 10.81 -7.28 198.09 11.75 -7.28 198.09 11.75 -15.69
4 16 198.09 11.75 -15.69 198.09 11.75 -7.28 196.43 12.46 -7.28 196.43 12.46 -15.69
4 16 196.43 12.46 -15.69 196.43 12.46 -7.28 194.69 12.95 -7.28 194.69 12.95 -15.69
4 16 194.69 12.95 -15.69 194.69 12.95 -7.28 192.9 13.2 -7.28 192.9 13.2 -15.69
4 16 192.9 13.2 -15.69 192.9 13.2 -7.28 191.1 13.2 -7.28 191.1 13.2 -15.69
4 16 191.1 13.2 -15.69 191.1 13.2 -7.28 189.31 12.95 -7.28 189.31 12.95 -15.69
4 16 189.31 12.95 -15.69 189.31 12.95 -7.28 187.57 12.46 -7.28 187.57 12.46 -15.69
4 16 187.57 12.46 -15.69 187.57 12.46 -7.28 185.91 11.75 -7.28 185.91 11.75 -15.69
4 16 185.91 11.75 -15.69 185.91 11.75 -7.28 184.37 10.81 -7.28 184.37 10.81 -15.69
4 16 202.26 8.35 -7.28 202.26 8.35 -15.69 203.3 6.87 -15.69 203.3 6.87 -7.28
4 16 203.3 6.87 -7.28 203.3 6.87 -15.69 204.13 5.27 -15.69 204.13 5.27 -7.28
4 16 204.13 5.27 -7.28 204.13 5.27 -15.69 204.74 3.57 -15.69 204.74 3.57 -7.28
4 16 204.74 3.57 -7.28 204.74 3.57 -15.69 205.11 1.8 -15.69 205.11 1.8 -7.28
3 16 205.17 1.26 -13.76 205.11 1.8 -15.69 205.23 0 -13.76
4 16 178.83 -1.26 -13.76 178.83 -1.26 -7.28 178.89 -1.8 -7.28 178.89 -1.8 -15.69
4 16 183.58 -10.2 -13.76 183.58 -10.2 -7.28 184.37 -10.81 -7.28 184.37 -10.81 -15.69
3 16 205.23 0 -13.76 205.23 0 -15.69 205.17 -1.26 -13.76
3 16 205.17 -1.26 -13.76 205.23 0 -15.69 205.11 -1.8 -15.69
4 16 202.26 -8.35 -15.69 201.03 -9.67 -15.69 201.03 -9.67 -13.76 202.2 -8.42 -13.76
3 16 201.03 -9.67 -13.76 201.03 -9.67 -15.69 200.42 -10.2 -13.76
3 16 200.42 -10.2 -13.76 201.03 -9.67 -15.69 199.63 -10.81 -15.69
4 16 200.42 -10.2 -13.76 199.63 -10.81 -15.69 199.63 -10.81 -7.28 200.42 -10.2 -7.28
4 16 181.74 -8.35 -15.69 181.8 -8.42 -13.76 182.97 -9.67 -13.76 182.97 -9.67 -15.69
3 16 182.97 -9.67 -15.69 182.97 -9.67 -13.76 184.37 -10.81 -15.69
3 16 178.89 -1.8 -15.69 178.77 0 -15.69 178.77 0 -13.76
4 16 205.17 -1.26 -7.28 205.17 -1.26 -13.76 205.11 -1.8 -15.69 205.11 -1.8 -7.28
4 16 205.11 -1.8 -7.28 205.11 -1.8 -15.69 204.74 -3.57 -15.69 204.74 -3.57 -7.28
4 16 204.74 -3.57 -7.28 204.74 -3.57 -15.69 204.13 -5.27 -15.69 204.13 -5.27 -7.28
4 16 204.13 -5.27 -7.28 204.13 -5.27 -15.69 203.3 -6.87 -15.69 203.3 -6.87 -7.28
4 16 203.3 -6.87 -7.28 203.3 -6.87 -15.69 202.26 -8.35 -15.69 202.26 -8.35 -7.28
3 16 182.97 -9.67 -13.76 183.58 -10.2 -13.76 184.37 -10.81 -15.69
4 16 184.37 -10.81 -15.69 184.37 -10.81 -7.28 185.91 -11.75 -7.28 185.91 -11.75 -15.69
4 16 185.91 -11.75 -15.69 185.91 -11.75 -7.28 187.57 -12.46 -7.28 187.57 -12.46 -15.69
4 16 187.57 -12.46 -15.69 187.57 -12.46 -7.28 189.31 -12.95 -7.28 189.31 -12.95 -15.69
4 16 189.31 -12.95 -15.69 189.31 -12.95 -7.28 191.1 -13.2 -7.28 191.1 -13.2 -15.69
4 16 191.1 -13.2 -15.69 191.1 -13.2 -7.28 192.9 -13.2 -7.28 192.9 -13.2 -15.69
4 16 192.9 -13.2 -15.69 192.9 -13.2 -7.28 194.69 -12.95 -7.28 194.69 -12.95 -15.69
4 16 194.69 -12.95 -15.69 194.69 -12.95 -7.28 196.43 -12.46 -7.28 196.43 -12.46 -15.69
4 16 196.43 -12.46 -15.69 196.43 -12.46 -7.28 198.09 -11.75 -7.28 198.09 -11.75 -15.69
4 16 198.09 -11.75 -15.69 198.09 -11.75 -7.28 199.63 -10.81 -7.28 199.63 -10.81 -15.69
4 16 181.74 -8.35 -7.28 181.74 -8.35 -15.69 180.7 -6.87 -15.69 180.7 -6.87 -7.28
4 16 180.7 -6.87 -7.28 180.7 -6.87 -15.69 179.87 -5.27 -15.69 179.87 -5.27 -7.28
4 16 179.87 -5.27 -7.28 179.87 -5.27 -15.69 179.26 -3.57 -15.69 179.26 -3.57 -7.28
4 16 179.26 -3.57 -7.28 179.26 -3.57 -15.69 178.89 -1.8 -15.69 178.89 -1.8 -7.28
3 16 178.83 -1.26 -13.76 178.89 -1.8 -15.69 178.77 0 -13.76
3 16 179.78 15.51 1.89 179.78 15.62 1.89 179.78 15.62 0
3 16 179.78 15.62 0 179.78 15.62 -1.89 179.78 15.51 -1.89
4 16 202.93 11.34 -2.24 202.93 11.34 2.24 184.82 11.34 2.24 184.82 11.34 -2.24
3 16 178.78 -8.55 13.07 179.27 -9.25 12.58 179.26 -9.26 15.69
3 16 203.48 -10.78 -2.24 202.93 -11.34 -2.24 202.04 -12.13 -15.69
3 16 202.04 -12.13 15.69 202.93 -11.34 2.24 203.48 -10.78 15.69
3 16 202.04 -12.13 -15.69 203.48 -10.78 -15.69 203.48 -10.78 -2.24
4 16 203.48 -10.78 -2.24 203.48 -10.78 -15.69 204.74 -9.26 -15.69 204.74 -9.26 -2.24
4 16 204.74 -9.26 -2.24 204.74 -9.26 -15.69 205.8 -7.59 -15.69 205.8 -7.59 -2.24
4 16 205.8 -7.59 -2.24 205.8 -7.59 -15.69 206.64 -5.8 -15.69 206.64 -5.8 -2.24
4 16 206.64 -5.8 -2.24 206.64 -5.8 -15.69 207.25 -3.92 -15.69 207.25 -3.92 -2.24
4 16 207.25 -3.92 -2.24 207.25 -3.92 -15.69 207.62 -1.97 -15.69 207.62 -1.97 -2.24
4 16 207.62 -1.97 -2.24 207.62 -1.97 -15.69 207.75 0 -15.69 207.75 0 -2.24
3 16 176.25 0 -15.62 176.25 0 -15.69 176.28 -0.99 -15.59
3 16 176.28 -0.99 -15.59 176.25 0 -15.69 176.38 -1.97 -15.69
3 16 176.28 -0.99 -15.59 176.38 -1.97 -15.69 176.38 -1.97 -15.5
3 16 176.75 -3.92 -15.69 176.75 -3.92 -15.12 176.54 -2.99 -15.33
3 16 176.75 -3.92 -15.69 176.54 -2.99 -15.33 176.38 -1.97 -15.69
3 16 176.38 -1.97 -15.69 176.54 -2.99 -15.33 176.39 -2.04 -15.49
3 16 176.38 -1.97 -15.69 176.39 -2.04 -15.49 176.38 -1.97 -15.5
3 16 177.36 -5.8 -15.69 177.36 -5.8 -14.51 177.04 -4.93 -14.82
3 16 177.36 -5.8 -15.69 177.04 -4.93 -14.82 176.75 -3.92 -15.69
3 16 176.75 -3.92 -15.69 177.04 -4.93 -14.82 176.78 -4.04 -15.09
3 16 176.75 -3.92 -15.69 176.78 -4.04 -15.09 176.75 -3.92 -15.12
3 16 178.2 -7.59 -15.69 178.2 -7.59 -13.66 177.8 -6.8 -14.06
3 16 178.2 -7.59 -15.69 177.8 -6.8 -14.06 177.36 -5.8 -15.69
3 16 177.36 -5.8 -15.69 177.8 -6.8 -14.06 177.44 -5.98 -14.43
3 16 177.36 -5.8 -15.69 177.44 -5.98 -14.43 177.36 -5.8 -14.51
3 16 178.2 -7.59 -13.66 178.2 -7.59 -15.69 178.33 -7.81 -13.52
3 16 178.33 -7.81 -13.52 178.2 -7.59 -15.69 179.26 -9.26 -15.69
3 16 178.33 -7.81 -13.52 179.26 -9.26 -15.69 178.78 -8.55 -13.07
4 16 180.52 -10.78 -1.89 179.78 -9.93 -1.89 179.78 -9.93 -12.06 180.52 -10.78 -15.69
3 16 180.52 -10.78 -15.69 179.45 -9.51 -12.39 179.26 -9.26 -15.69
3 16 179.26 -9.26 -15.69 179.45 -9.51 -12.39 179.26 -9.26 -12.58
3 16 179.26 -9.26 -15.69 179.26 -9.26 -12.58 178.78 -8.55 -13.07
4 16 189.05 -15.47 -15.69 189.05 -15.47 -1.89 187.13 -14.98 -1.89 187.13 -14.98 -15.69
4 16 187.13 -14.98 -15.69 187.13 -14.98 -1.89 185.29 -14.25 -1.89 185.29 -14.25 -15.69
4 16 185.29 -14.25 -15.69 185.29 -14.25 -1.89 183.56 -13.3 -1.89 183.56 -13.3 -15.69
4 16 183.56 -13.3 -15.69 183.56 -13.3 -1.89 181.96 -12.13 -1.89 181.96 -12.13 -15.69
4 16 181.96 -12.13 -15.69 181.96 -12.13 -1.89 180.52 -10.78 -1.89 180.52 -10.78 -15.69
3 16 180.52 -10.78 -15.69 179.78 -9.93 -12.06 179.45 -9.51 -12.39
3 16 189.05 -15.47 1.89 190.01 -15.62 1.89 191.01 -15.72 15.69
3 16 191.01 -15.72 -15.69 190.01 -15.62 -1.89 189.05 -15.47 -15.69
3 16 189.05 -15.47 -15.69 190.01 -15.62 -1.89 189.05 -15.47 -1.89
3 16 179.26 -9.26 15.69 179.27 -9.25 12.58 180.52 -10.78 15.69
3 16 180.52 -10.78 15.69 179.27 -9.25 12.58 179.45 -9.51 12.39
3 16 180.52 -10.78 15.69 179.45 -9.51 12.39 179.78 -9.93 12.06
3 16 191.01 -15.72 15.69 189.05 -15.47 15.69 189.05 -15.47 1.89
4 16 189.05 -15.47 1.89 189.05 -15.47 15.69 187.13 -14.98 15.69 187.13 -14.98 1.89
4 16 187.13 -14.98 1.89 187.13 -14.98 15.69 185.29 -14.25 15.69 185.29 -14.25 1.89
4 16 185.29 -14.25 1.89 185.29 -14.25 15.69 183.56 -13.3 15.69 183.56 -13.3 1.89
4 16 183.56 -13.3 1.89 183.56 -13.3 15.69 181.96 -12.13 15.69 181.96 -12.13 1.89
4 16 181.96 -12.13 1.89 181.96 -12.13 15.69 180.52 -10.78 15.69 180.52 -10.78 1.89
4 16 180.52 -10.78 1.89 180.52 -10.78 15.69 179.78 -9.93 12.06 179.78 -9.93 1.89
3 16 177.36 -5.8 15.69 177.43 -5.98 14.43 178.2 -7.59 15.69
3 16 177.43 -5.98 14.43 177.8 -6.8 14.06 178.2 -7.59 15.69
3 16 178.2 -7.59 15.69 177.8 -6.8 14.06 178.21 -7.58 13.65
3 16 178.2 -7.59 15.69 178.21 -7.58 13.65 179.26 -9.26 15.69
3 16 179.26 -9.26 15.69 178.21 -7.58 13.65 178.33 -7.81 13.53
3 16 179.26 -9.26 15.69 178.33 -7.81 13.53 178.78 -8.55 13.07
3 16 176.75 -3.92 15.69 176.54 -2.99 15.33 176.78 -4.04 15.09
3 16 176.75 -3.92 15.69 176.78 -4.04 15.09 177.36 -5.8 15.69
3 16 177.36 -5.8 15.69 176.78 -4.04 15.09 177.05 -4.94 14.82
3 16 177.36 -5.8 15.69 177.05 -4.94 14.82 177.43 -5.98 14.43
3 16 176.38 -1.97 15.69 176.38 -2.04 15.49 176.75 -3.92 15.69
3 16 176.75 -3.92 15.69 176.38 -2.04 15.49 176.54 -2.99 15.33
3 16 176.38 -2.04 15.49 176.38 -1.97 15.69 176.28 -1 15.59
3 16 176.28 -1 15.59 176.38 -1.97 15.69 176.25 0 15.69
3 16 176.28 -1 15.59 176.25 0 15.69 176.25 0 15.62
3 16 202.93 -11.34 2.24 203.48 -10.78 2.24 203.48 -10.78 15.69
4 16 203.48 -10.78 15.69 203.48 -10.78 2.24 204.74 -9.26 2.24 204.74 -9.26 15.69
4 16 204.74 -9.26 15.69 204.74 -9.26 2.24 205.8 -7.59 2.24 205.8 -7.59 15.69
4 16 205.8 -7.59 15.69 205.8 -7.59 2.24 206.64 -5.8 2.24 206.64 -5.8 15.69
4 16 206.64 -5.8 15.69 206.64 -5.8 2.24 207.25 -3.92 2.24 207.25 -3.92 15.69
4 16 207.25 -3.92 15.69 207.25 -3.92 2.24 207.62 -1.97 2.24 207.62 -1.97 15.69
4 16 207.62 -1.97 15.69 207.62 -1.97 2.24 207.75 0 2.24 207.75 0 15.69
4 16 202.04 -12.13 -15.69 202.04 -12.13 15.69 200.44 -13.3 15.69 200.44 -13.3 -15.69
4 16 200.44 -13.3 -15.69 200.44 -13.3 15.69 198.71 -14.25 15.69 198.71 -14.25 -15.69
4 16 198.71 -14.25 -15.69 198.71 -14.25 15.69 196.87 -14.98 15.69 196.87 -14.98 -15.69
4 16 196.87 -14.98 -15.69 196.87 -14.98 15.69 194.95 -15.47 15.69 194.95 -15.47 -15.69
4 16 194.95 -15.47 -15.69 194.95 -15.47 15.69 192.99 -15.72 15.69 192.99 -15.72 -15.69
4 16 192.99 -15.72 -15.69 192.99 -15.72 15.69 191.01 -15.72 15.69 191.01 -15.72 -15.69
3 16 176.25 0 -15.62 176 0 -15.62 176.28 1 -15.59
2 24 176.28 1 -15.59 176.25 0 -15.62
3 16 176.28 1 -15.59 176 0 -15.62 176 2.04 -15.49
3 16 176.28 1 -15.59 176 2.04 -15.49 176.38 2.04 -15.49
2 24 176.38 2.04 -15.49 176.28 1 -15.59
3 16 176.78 4.04 -15.09 176.54 2.99 -15.33 176 4.04 -15.09
2 24 176.78 4.04 -15.09 176.54 2.99 -15.33
3 16 176 4.04 -15.09 176.54 2.99 -15.33 176 2.04 -15.49
3 16 176 2.04 -15.49 176.54 2.99 -15.33 176.38 2.04 -15.49
2 24 176.54 2.99 -15.33 176.38 2.04 -15.49
3 16 176.78 4.04 -15.09 176 4.04 -15.09 177.05 4.94 -14.82
2 24 177.05 4.94 -14.82 176.78 4.04 -15.09
3 16 177.05 4.94 -14.82 176 4.04 -15.09 176 5.98 -14.43
3 16 177.05 4.94 -14.82 176 5.98 -14.43 177.43 5.98 -14.43
2 24 177.43 5.98 -14.43 177.05 4.94 -14.82
3 16 176 7.81 -13.53 177.8 6.8 -14.06 176 5.98 -14.43
3 16 176 5.98 -14.43 177.8 6.8 -14.06 177.43 5.98 -14.43
2 24 177.8 6.8 -14.06 177.43 5.98 -14.43
3 16 178.33 7.81 -13.53 176 7.81 -13.53 178.78 8.55 -13.07
2 24 178.78 8.55 -13.07 178.33 7.81 -13.53
3 16 178.78 8.55 -13.07 176 7.81 -13.53 176 9.51 -12.39
3 16 179.78 9.93 12.06 176 11.05 11.05 179.45 9.51 12.39
2 24 179.45 9.51 12.39 179.78 9.93 12.06
3 16 179.45 9.51 12.39 176 11.05 11.05 176 9.51 12.39
3 16 179.45 9.51 12.39 176 9.51 12.39 179.26 9.26 12.58
2 24 179.26 9.26 12.58 179.45 9.51 12.39
3 16 177.8 6.8 14.06 176 7.81 13.53 177.44 5.98 14.43
2 24 177.44 5.98 14.43 177.8 6.8 14.06
3 16 177.44 5.98 14.43 176 7.81 13.53 176 5.98 14.43
3 16 177.44 5.98 14.43 176 5.98 14.43 177.36 5.8 14.51
2 24 177.36 5.8 14.51 177.44 5.98 14.43
3 16 177.8 6.8 14.06 178.2 7.59 13.66 176 7.81 13.53
2 24 177.8 6.8 14.06 178.2 7.59 13.66
3 16 176 7.81 13.53 178.2 7.59 13.66 178.33 7.81 13.52
2 24 178.2 7.59 13.66 178.33 7.81 13.52
3 16 176 7.81 13.53 178.33 7.81 13.52 176 9.51 12.39
3 16 176 9.51 12.39 178.33 7.81 13.52 178.78 8.55 13.07
2 24 178.33 7.81 13.52 178.78 8.55 13.07
3 16 176 9.51 12.39 178.78 8.55 13.07 179.26 9.26 12.58
2 24 178.78 8.55 13.07 179.26 9.26 12.58
3 16 176.54 2.99 15.33 176 4.04 15.09 176.39 2.04 15.49
2 24 176.39 2.04 15.49 176.54 2.99 15.33
3 16 176.39 2.04 15.49 176 4.04 15.09 176 2.04 15.49
3 16 176.39 2.04 15.49 176 2.04 15.49 176.38 1.97 15.5
2 24 176.38 1.97 15.5 176.39 2.04 15.49
3 16 176.54 2.99 15.33 176.75 3.92 15.12 176 4.04 15.09
2 24 176.54 2.99 15.33 176.75 3.92 15.12
3 16 176 4.04 15.09 176.75 3.92 15.12 176.78 4.04 15.09
2 24 176.75 3.92 15.12 176.78 4.04 15.09
3 16 176 4.04 15.09 176.78 4.04 15.09 176 5.98 14.43
3 16 176 5.98 14.43 176.78 4.04 15.09 177.04 4.93 14.82
2 24 176.78 4.04 15.09 177.04 4.93 14.82
3 16 176 5.98 14.43 177.04 4.93 14.82 177.36 5.8 14.51
2 24 177.04 4.93 14.82 177.36 5.8 14.51
3 16 176.38 1.97 15.5 176 2.04 15.49 176.28 0.99 15.59
2 24 176.28 0.99 15.59 176.38 1.97 15.5
3 16 176.28 0.99 15.59 176 2.04 15.49 176 0 15.62
3 16 176.28 0.99 15.59 176 0 15.62 176.25 0 15.62
2 24 176.25 0 15.62 176.28 0.99 15.59
3 16 176 11.05 -11.05 179.78 11.05 -11.05 179.78 9.93 -12.06
3 16 176 11.05 -11.05 179.78 9.93 -12.06 176 9.51 -12.39
3 16 176 9.51 -12.39 179.78 9.93 -12.06 179.45 9.51 -12.39
2 24 179.78 9.93 -12.06 179.45 9.51 -12.39
3 16 176 15.49 -2.04 179.78 15.51 -1.89 179.78 15.49 -2.04
3 16 179.78 9.93 12.06 179.78 11.05 11.05 176 11.05 11.05
3 16 176 15.49 2.04 179.78 15.49 2.04 179.78 15.51 1.89
3 16 178.78 8.55 -13.07 179.27 9.25 -12.58 179.26 9.26 -15.69
4 16 180.52 10.78 1.89 179.78 9.93 1.89 179.78 9.93 12.06 180.52 10.78 15.69
3 16 179.26 9.26 12.58 179.26 9.26 15.69 179.45 9.51 12.39
3 16 179.45 9.51 12.39 179.26 9.26 15.69 180.52 10.78 15.69
3 16 179.45 9.51 12.39 180.52 10.78 15.69 179.78 9.93 12.06
4 16 180.52 10.78 1.89 180.52 10.78 15.69 181.96 12.13 15.69 181.96 12.13 1.89
4 16 181.96 12.13 1.89 181.96 12.13 15.69 183.56 13.3 15.69 183.56 13.3 1.89
4 16 183.56 13.3 1.89 183.56 13.3 15.69 185.29 14.25 15.69 185.29 14.25 1.89
4 16 185.29 14.25 1.89 185.29 14.25 15.69 187.13 14.98 15.69 187.13 14.98 1.89
4 16 187.13 14.98 1.89 187.13 14.98 15.69 189.05 15.47 15.69 189.05 15.47 1.89
3 16 189.05 15.47 -1.89 190.01 15.62 -1.89 191.01 15.72 -15.69
3 16 179.26 9.26 -15.69 179.27 9.25 -12.58 180.52 10.78 -15.69
3 16 180.52 10.78 -15.69 179.27 9.25 -12.58 179.45 9.51 -12.39
3 16 180.52 10.78 -15.69 179.45 9.51 -12.39 179.78 9.93 -12.06
3 16 191.01 15.72 -15.69 189.05 15.47 -15.69 189.05 15.47 -1.89
4 16 189.05 15.47 -1.89 189.05 15.47 -15.69 187.13 14.98 -15.69 187.13 14.98 -1.89
4 16 187.13 14.98 -1.89 187.13 14.98 -15.69 185.29 14.25 -15.69 185.29 14.25 -1.89
4 16 185.29 14.25 -1.89 185.29 14.25 -15.69 183.56 13.3 -15.69 183.56 13.3 -1.89
4 16 183.56 13.3 -1.89 183.56 13.3 -15.69 181.96 12.13 -15.69 181.96 12.13 -1.89
4 16 181.96 12.13 -1.89 181.96 12.13 -15.69 180.52 10.78 -15.69 180.52 10.78 -1.89
4 16 180.52 10.78 -1.89 180.52 10.78 -15.69 179.78 9.93 -12.06 179.78 9.93 -1.89
3 16 177.36 5.8 -15.69 177.43 5.98 -14.43 178.2 7.59 -15.69
3 16 177.43 5.98 -14.43 177.8 6.8 -14.06 178.2 7.59 -15.69
3 16 178.2 7.59 -15.69 177.8 6.8 -14.06 178.21 7.58 -13.65
3 16 178.2 7.59 -15.69 178.21 7.58 -13.65 179.26 9.26 -15.69
3 16 179.26 9.26 -15.69 178.21 7.58 -13.65 178.33 7.81 -13.53
3 16 179.26 9.26 -15.69 178.33 7.81 -13.53 178.78 8.55 -13.07
3 16 176.75 3.92 -15.69 176.54 2.99 -15.33 176.78 4.04 -15.09
3 16 176.75 3.92 -15.69 176.78 4.04 -15.09 177.36 5.8 -15.69
3 16 177.36 5.8 -15.69 176.78 4.04 -15.09 177.05 4.94 -14.82
3 16 177.36 5.8 -15.69 177.05 4.94 -14.82 177.43 5.98 -14.43
3 16 176.38 1.97 -15.69 176.38 2.04 -15.49 176.75 3.92 -15.69
3 16 176.75 3.92 -15.69 176.38 2.04 -15.49 176.54 2.99 -15.33
3 16 176.38 2.04 -15.49 176.38 1.97 -15.69 176.28 1 -15.59
3 16 176.28 1 -15.59 176.38 1.97 -15.69 176.25 0 -15.69
3 16 176.28 1 -15.59 176.25 0 -15.69 176.25 0 -15.62
4 16 203.48 10.78 -15.69 203.48 10.78 -2.24 204.74 9.26 -2.24 204.74 9.26 -15.69
4 16 204.74 9.26 -15.69 204.74 9.26 -2.24 205.8 7.59 -2.24 205.8 7.59 -15.69
4 16 205.8 7.59 -15.69 205.8 7.59 -2.24 206.64 5.8 -2.24 206.64 5.8 -15.69
4 16 206.64 5.8 -15.69 206.64 5.8 -2.24 207.25 3.92 -2.24 207.25 3.92 -15.69
4 16 207.25 3.92 -15.69 207.25 3.92 -2.24 207.62 1.97 -2.24 207.62 1.97 -15.69
4 16 207.62 1.97 -15.69 207.62 1.97 -2.24 207.75 0 -2.24 207.75 0 -15.69
3 16 203.48 10.78 2.24 202.93 11.34 2.24 202.04 12.13 15.69
3 16 202.04 12.13 15.69 203.48 10.78 15.69 203.48 10.78 2.24
4 16 203.48 10.78 2.24 203.48 10.78 15.69 204.74 9.26 15.69 204.74 9.26 2.24
4 16 204.74 9.26 2.24 204.74 9.26 15.69 205.8 7.59 15.69 205.8 7.59 2.24
4 16 205.8 7.59 2.24 205.8 7.59 15.69 206.64 5.8 15.69 206.64 5.8 2.24
4 16 206.64 5.8 2.24 206.64 5.8 15.69 207.25 3.92 15.69 207.25 3.92 2.24
4 16 207.25 3.92 2.24 207.25 3.92 15.69 207.62 1.97 15.69 207.62 1.97 2.24
4 16 207.62 1.97 2.24 207.62 1.97 15.69 207.75 0 15.69 207.75 0 2.24
3 16 176.25 0 15.62 176.25 0 15.69 176.28 0.99 15.59
3 16 176.28 0.99 15.59 176.25 0 15.69 176.38 1.97 15.69
3 16 176.28 0.99 15.59 176.38 1.97 15.69 176.38 1.97 15.5
3 16 176.75 3.92 15.69 176.75 3.92 15.12 176.54 2.99 15.33
3 16 176.75 3.92 15.69 176.54 2.99 15.33 176.38 1.97 15.69
3 16 176.38 1.97 15.69 176.54 2.99 15.33 176.39 2.04 15.49
3 16 176.38 1.97 15.69 176.39 2.04 15.49 176.38 1.97 15.5
3 16 177.36 5.8 15.69 177.36 5.8 14.51 177.04 4.93 14.82
3 16 177.36 5.8 15.69 177.04 4.93 14.82 176.75 3.92 15.69
3 16 176.75 3.92 15.69 177.04 4.93 14.82 176.78 4.04 15.09
3 16 176.75 3.92 15.69 176.78 4.04 15.09 176.75 3.92 15.12
3 16 178.2 7.59 15.69 177.8 6.8 14.06 177.36 5.8 15.69
3 16 177.36 5.8 15.69 177.8 6.8 14.06 177.44 5.98 14.43
3 16 177.36 5.8 15.69 177.44 5.98 14.43 177.36 5.8 14.51
3 16 179.26 9.26 12.58 178.78 8.55 13.07 179.26 9.26 15.69
3 16 179.26 9.26 15.69 178.78 8.55 13.07 178.33 7.81 13.52
3 16 179.26 9.26 15.69 178.33 7.81 13.52 178.2 7.59 15.69
3 16 178.2 7.59 15.69 178.33 7.81 13.52 178.2 7.59 13.66
3 16 178.2 7.59 15.69 178.2 7.59 13.66 177.8 6.8 14.06
3 16 189.05 15.47 1.89 189.05 15.47 15.69 190.01 15.62 1.89
3 16 190.01 15.62 1.89 189.05 15.47 15.69 191.01 15.72 15.69
4 16 191.01 15.72 -15.69 191.01 15.72 15.69 192.99 15.72 15.69 192.99 15.72 -15.69
4 16 192.99 15.72 -15.69 192.99 15.72 15.69 194.95 15.47 15.69 194.95 15.47 -15.69
4 16 194.95 15.47 -15.69 194.95 15.47 15.69 196.87 14.98 15.69 196.87 14.98 -15.69
4 16 196.87 14.98 -15.69 196.87 14.98 15.69 198.71 14.25 15.69 198.71 14.25 -15.69
4 16 198.71 14.25 -15.69 198.71 14.25 15.69 200.44 13.3 15.69 200.44 13.3 -15.69
4 16 200.44 13.3 -15.69 200.44 13.3 15.69 202.04 12.13 15.69 202.04 12.13 -15.69
3 16 202.04 12.13 -15.69 202.93 11.34 -2.24 203.48 10.78 -15.69
3 16 203.48 10.78 -15.69 202.93 11.34 -2.24 203.48 10.78 -2.24
2 24 177.43 5.98 -14.43 177.43 5.98 -14.43
2 24 176.38 2.04 -15.49 176.38 2.04 -15.49
2 24 176.54 2.99 -15.33 176.54 2.99 -15.33
2 24 177.43 -5.98 14.43 177.43 -5.98 14.43
2 24 176.38 -2.04 15.49 176.38 -2.04 15.49
2 24 176.54 -2.99 15.33 176.54 -2.99 15.33
