0 VEX-IQ-气动-组装-4x冲程气缸-1
0 Name: s/228-7724-000s3.dat
0 Author: 
0 !LDRAW_ORG Subpart
0 !LICENSE Redistributable under CCAL version 2.0 : see CAreadme.txt

0 BFC CERTIFY CCW

0 // Created with stl2dat conversion tool

3 16 -1.84 15.64 -15.69 -1.84 15.64 15.69 0 15.75 1
3 16 -1.84 15.64 -15.69 0 15.75 1 0 15.75 -1

3 16 -10.89 -11.38 -15.69 -10.08 -12.1 -2.24 -10.08 -12.1 2.24
3 16 -10.08 -12.1 2.24 -10.89 -11.38 15.69 -10.89 -11.38 -15.69

3 16 11.46 -6.61 -15.69 12.43 -4.52 -15.69 15.65 -1.72 -15.69
2 24 12.43 -4.52 -15.69 11.46 -6.61 -15.69
4 16 15.65 -1.72 -15.69 12.43 -4.52 -15.69 13.03 -2.3 -15.69 15.65 1.72 -15.69
2 24 13.03 -2.3 -15.69 12.43 -4.52 -15.69
4 16 15.65 -1.72 -15.69 15.65 1.72 -15.69 85.48 1.72 -15.69 85.48 -1.72 -15.69
3 16 -6.61 11.46 -15.69 -6.71 14.25 -15.69 -4.52 12.43 -15.69
2 24 -6.61 11.46 -15.69 -4.52 12.43 -15.69
4 16 -4.52 12.43 -15.69 -6.71 14.25 -15.69 -4.34 15.14 -15.69 -2.3 13.03 -15.69
2 24 -6.71 14.25 -15.69 -4.34 15.14 -15.69
2 24 -4.52 12.43 -15.69 -2.3 13.03 -15.69
4 16 -2.3 13.03 -15.69 -4.34 15.14 -15.69 -1.84 15.64 -15.69 0 13.23 -15.69
2 24 -4.34 15.14 -15.69 -1.84 15.64 -15.69
2 24 -2.3 13.03 -15.69 0 13.23 -15.69
4 16 0 13.23 -15.69 -1.84 15.64 -15.69 0.69 15.73 -15.69 2.3 13.03 -15.69
2 24 -1.84 15.64 -15.69 0.69 15.73 -15.69
2 24 0 13.23 -15.69 2.3 13.03 -15.69
4 16 2.3 13.03 -15.69 0.69 15.73 -15.69 3.21 15.42 -15.69 4.52 12.43 -15.69
2 24 0.69 15.73 -15.69 3.21 15.42 -15.69
2 24 2.3 13.03 -15.69 4.52 12.43 -15.69
4 16 4.52 12.43 -15.69 3.21 15.42 -15.69 5.65 14.7 -15.69 6.61 11.46 -15.69
2 24 3.21 15.42 -15.69 5.65 14.7 -15.69
2 24 4.52 12.43 -15.69 6.61 11.46 -15.69
4 16 6.61 11.46 -15.69 5.65 14.7 -15.69 7.94 13.6 -15.69 8.5 10.13 -15.69
2 24 5.65 14.7 -15.69 7.94 13.6 -15.69
2 24 6.61 11.46 -15.69 8.5 10.13 -15.69
4 16 8.5 10.13 -15.69 7.94 13.6 -15.69 10.02 12.15 -15.69 10.13 8.5 -15.69
2 24 7.94 13.6 -15.69 10.02 12.15 -15.69
2 24 8.5 10.13 -15.69 10.13 8.5 -15.69
4 16 10.13 8.5 -15.69 10.02 12.15 -15.69 11.85 10.38 -15.69 11.46 6.61 -15.69
2 24 10.02 12.15 -15.69 11.85 10.38 -15.69
2 24 10.13 8.5 -15.69 11.46 6.61 -15.69
4 16 11.46 6.61 -15.69 11.85 10.38 -15.69 13.36 8.34 -15.69 12.43 4.52 -15.69
2 24 11.85 10.38 -15.69 13.36 8.34 -15.69
2 24 11.46 6.61 -15.69 12.43 4.52 -15.69
4 16 12.43 4.52 -15.69 13.36 8.34 -15.69 14.53 6.08 -15.69 13.03 2.3 -15.69
2 24 13.36 8.34 -15.69 14.53 6.08 -15.69
2 24 12.43 4.52 -15.69 13.03 2.3 -15.69
4 16 13.03 2.3 -15.69 14.53 6.08 -15.69 15.32 3.66 -15.69 13.23 0 -15.69
2 24 14.53 6.08 -15.69 15.32 3.66 -15.69
2 24 13.03 2.3 -15.69 13.23 0 -15.69
4 16 13.23 0 -15.69 15.32 3.66 -15.69 15.65 1.72 -15.69 13.03 -2.3 -15.69
2 24 15.32 3.66 -15.69 15.65 1.72 -15.69
2 24 13.23 0 -15.69 13.03 -2.3 -15.69
3 16 -4.52 -12.43 -15.69 -6.71 -14.25 -15.69 -6.61 -11.46 -15.69
2 24 -4.52 -12.43 -15.69 -6.61 -11.46 -15.69
4 16 -6.61 -11.46 -15.69 -6.71 -14.25 -15.69 -8.92 -12.98 -15.69 -8.5 -10.13 -15.69
2 24 -6.71 -14.25 -15.69 -8.92 -12.98 -15.69
2 24 -6.61 -11.46 -15.69 -8.5 -10.13 -15.69
4 16 -8.5 -10.13 -15.69 -8.92 -12.98 -15.69 -10.89 -11.38 -15.69 -10.13 -8.5 -15.69
2 24 -8.92 -12.98 -15.69 -10.89 -11.38 -15.69
2 24 -8.5 -10.13 -15.69 -10.13 -8.5 -15.69
4 16 -10.13 -8.5 -15.69 -10.89 -11.38 -15.69 -12.58 -9.48 -15.69 -11.46 -6.61 -15.69
2 24 -10.89 -11.38 -15.69 -12.58 -9.48 -15.69
2 24 -10.13 -8.5 -15.69 -11.46 -6.61 -15.69
4 16 -11.46 -6.61 -15.69 -12.58 -9.48 -15.69 -13.94 -7.33 -15.69 -12.43 -4.52 -15.69
2 24 -12.58 -9.48 -15.69 -13.94 -7.33 -15.69
2 24 -11.46 -6.61 -15.69 -12.43 -4.52 -15.69
4 16 -12.43 -4.52 -15.69 -13.94 -7.33 -15.69 -14.93 -5 -15.69 -13.03 -2.3 -15.69
2 24 -13.94 -7.33 -15.69 -14.93 -5 -15.69
2 24 -12.43 -4.52 -15.69 -13.03 -2.3 -15.69
4 16 -13.03 -2.3 -15.69 -14.93 -5 -15.69 -15.54 -2.53 -15.69 -13.23 0 -15.69
2 24 -14.93 -5 -15.69 -15.54 -2.53 -15.69
2 24 -13.03 -2.3 -15.69 -13.23 0 -15.69
4 16 -13.23 0 -15.69 -15.54 -2.53 -15.69 -15.75 0 -15.69 -13.03 2.3 -15.69
2 24 -15.54 -2.53 -15.69 -15.75 0 -15.69
2 24 -13.23 0 -15.69 -13.03 2.3 -15.69
4 16 -13.03 2.3 -15.69 -15.75 0 -15.69 -15.54 2.53 -15.69 -12.43 4.52 -15.69
2 24 -15.75 0 -15.69 -15.54 2.53 -15.69
2 24 -13.03 2.3 -15.69 -12.43 4.52 -15.69
4 16 -12.43 4.52 -15.69 -15.54 2.53 -15.69 -14.93 5 -15.69 -11.46 6.61 -15.69
2 24 -15.54 2.53 -15.69 -14.93 5 -15.69
2 24 -12.43 4.52 -15.69 -11.46 6.61 -15.69
4 16 -11.46 6.61 -15.69 -14.93 5 -15.69 -13.94 7.33 -15.69 -10.13 8.5 -15.69
2 24 -14.93 5 -15.69 -13.94 7.33 -15.69
2 24 -11.46 6.61 -15.69 -10.13 8.5 -15.69
4 16 -10.13 8.5 -15.69 -13.94 7.33 -15.69 -12.58 9.48 -15.69 -8.5 10.13 -15.69
2 24 -13.94 7.33 -15.69 -12.58 9.48 -15.69
2 24 -10.13 8.5 -15.69 -8.5 10.13 -15.69
4 16 -8.5 10.13 -15.69 -12.58 9.48 -15.69 -10.89 11.38 -15.69 -6.61 11.46 -15.69
2 24 -12.58 9.48 -15.69 -10.89 11.38 -15.69
2 24 -8.5 10.13 -15.69 -6.61 11.46 -15.69
4 16 -6.61 11.46 -15.69 -10.89 11.38 -15.69 -8.92 12.98 -15.69 -6.71 14.25 -15.69
2 24 -10.89 11.38 -15.69 -8.92 12.98 -15.69
2 24 -8.92 12.98 -15.69 -6.71 14.25 -15.69
3 16 11.46 -6.61 -15.69 15.65 -1.72 -15.69 10.13 -8.5 -15.69
2 24 11.46 -6.61 -15.69 10.13 -8.5 -15.69
3 16 10.13 -8.5 -15.69 15.65 -1.72 -15.69 15.32 -3.66 -15.69
2 24 15.65 -1.72 -15.69 15.32 -3.66 -15.69
4 16 10.13 -8.5 -15.69 15.32 -3.66 -15.69 14.53 -6.08 -15.69 13.36 -8.34 -15.69
2 24 15.32 -3.66 -15.69 14.53 -6.08 -15.69
2 24 14.53 -6.08 -15.69 13.36 -8.34 -15.69
4 16 10.13 -8.5 -15.69 13.36 -8.34 -15.69 11.85 -10.38 -15.69 8.5 -10.13 -15.69
2 24 13.36 -8.34 -15.69 11.85 -10.38 -15.69
2 24 10.13 -8.5 -15.69 8.5 -10.13 -15.69
4 16 8.5 -10.13 -15.69 11.85 -10.38 -15.69 10.02 -12.15 -15.69 6.61 -11.46 -15.69
2 24 11.85 -10.38 -15.69 10.02 -12.15 -15.69
2 24 8.5 -10.13 -15.69 6.61 -11.46 -15.69
4 16 6.61 -11.46 -15.69 10.02 -12.15 -15.69 7.94 -13.6 -15.69 4.52 -12.43 -15.69
2 24 10.02 -12.15 -15.69 7.94 -13.6 -15.69
2 24 6.61 -11.46 -15.69 4.52 -12.43 -15.69
4 16 4.52 -12.43 -15.69 7.94 -13.6 -15.69 5.65 -14.7 -15.69 2.3 -13.03 -15.69
2 24 7.94 -13.6 -15.69 5.65 -14.7 -15.69
2 24 4.52 -12.43 -15.69 2.3 -13.03 -15.69
4 16 2.3 -13.03 -15.69 5.65 -14.7 -15.69 3.21 -15.42 -15.69 0 -13.23 -15.69
2 24 5.65 -14.7 -15.69 3.21 -15.42 -15.69
2 24 2.3 -13.03 -15.69 0 -13.23 -15.69
4 16 0 -13.23 -15.69 3.21 -15.42 -15.69 0.69 -15.73 -15.69 -2.3 -13.03 -15.69
2 24 3.21 -15.42 -15.69 0.69 -15.73 -15.69
2 24 0 -13.23 -15.69 -2.3 -13.03 -15.69
4 16 -2.3 -13.03 -15.69 0.69 -15.73 -15.69 -1.84 -15.64 -15.69 -4.52 -12.43 -15.69
2 24 0.69 -15.73 -15.69 -1.84 -15.64 -15.69
2 24 -2.3 -13.03 -15.69 -4.52 -12.43 -15.69
4 16 -4.52 -12.43 -15.69 -1.84 -15.64 -15.69 -4.34 -15.14 -15.69 -6.71 -14.25 -15.69
2 24 -1.84 -15.64 -15.69 -4.34 -15.14 -15.69
2 24 -4.34 -15.14 -15.69 -6.71 -14.25 -15.69

3 16 10.13 8.5 -13.76 10.2 8.42 -13.76 6.48 4.7 -13.76
2 24 10.13 8.5 -13.76 10.2 8.42 -13.76
2 24 6.48 4.7 -13.76 10.2 8.42 -13.76
3 16 7.9 1.26 -13.76 13.17 1.26 -13.76 13.23 0 -13.76
2 24 13.17 1.26 -13.76 7.9 1.26 -13.76
2 24 13.17 1.26 -13.76 13.23 0 -13.76
3 16 0.92 -5.21 -13.76 1.81 -4.97 -13.76 6.48 -4.7 -13.76
2 24 1.81 -4.97 -13.76 0.92 -5.21 -13.76
3 16 6.48 -4.7 -13.76 1.81 -4.97 -13.76 2.65 -4.58 -13.76
2 24 2.65 -4.58 -13.76 1.81 -4.97 -13.76
3 16 -7.9 -1.26 -13.76 -13.17 -1.26 -13.76 -13.23 0 -13.76
2 24 -13.17 -1.26 -13.76 -7.9 -1.26 -13.76
2 24 -13.17 -1.26 -13.76 -13.23 0 -13.76
3 16 -8.5 10.13 -13.76 -8.42 10.2 -13.76 -4.7 6.48 -13.76
2 24 -8.5 10.13 -13.76 -8.42 10.2 -13.76
2 24 -4.7 6.48 -13.76 -8.42 10.2 -13.76
3 16 4.7 6.48 -13.76 8.42 10.2 -13.76 8.5 10.13 -13.76
2 24 8.42 10.2 -13.76 4.7 6.48 -13.76
2 24 8.42 10.2 -13.76 8.5 10.13 -13.76
4 16 3.4 4.05 -13.76 6.48 4.7 -13.76 7.13 3.63 -13.76 4.05 3.4 -13.76
2 24 7.13 3.63 -13.76 6.48 4.7 -13.76
2 24 3.4 4.05 -13.76 4.05 3.4 -13.76
3 16 3.4 4.05 -13.76 2.65 4.58 -13.76 6.48 4.7 -13.76
2 24 2.65 4.58 -13.76 3.4 4.05 -13.76
3 16 6.48 4.7 -13.76 2.65 4.58 -13.76 1.81 4.97 -13.76
2 24 1.81 4.97 -13.76 2.65 4.58 -13.76
3 16 6.48 4.7 -13.76 1.81 4.97 -13.76 0.92 5.21 -13.76
2 24 0.92 5.21 -13.76 1.81 4.97 -13.76
3 16 2.47 -7.61 -13.76 1.25 -7.9 -13.76 0.92 -5.21 -13.76
2 24 1.25 -7.9 -13.76 2.47 -7.61 -13.76
3 16 -6.48 4.7 -13.76 -10.2 8.42 -13.76 -10.13 8.5 -13.76
2 24 -10.2 8.42 -13.76 -6.48 4.7 -13.76
2 24 -10.2 8.42 -13.76 -10.13 8.5 -13.76
3 16 2.47 7.61 -13.76 3.63 7.13 -13.76 0.92 5.21 -13.76
2 24 3.63 7.13 -13.76 2.47 7.61 -13.76
4 16 0.92 5.21 -13.76 3.63 7.13 -13.76 4.7 6.48 -13.76 6.48 4.7 -13.76
2 24 4.7 6.48 -13.76 3.63 7.13 -13.76
4 16 6.48 4.7 -13.76 4.7 6.48 -13.76 8.5 10.13 -13.76 10.13 8.5 -13.76
2 24 8.5 10.13 -13.76 10.13 8.5 -13.76
3 16 2.65 -4.58 -13.76 3.4 -4.05 -13.76 6.48 -4.7 -13.76
2 24 3.4 -4.05 -13.76 2.65 -4.58 -13.76
3 16 6.48 -4.7 -13.76 3.4 -4.05 -13.76 4.05 -3.4 -13.76
2 24 4.05 -3.4 -13.76 3.4 -4.05 -13.76
4 16 6.48 -4.7 -13.76 4.05 -3.4 -13.76 4.58 -2.65 -13.76 7.13 -3.63 -13.76
2 24 4.58 -2.65 -13.76 4.05 -3.4 -13.76
2 24 6.48 -4.7 -13.76 7.13 -3.63 -13.76
4 16 7.13 -3.63 -13.76 4.58 -2.65 -13.76 4.97 -1.81 -13.76 7.61 -2.47 -13.76
2 24 4.97 -1.81 -13.76 4.58 -2.65 -13.76
2 24 7.13 -3.63 -13.76 7.61 -2.47 -13.76
4 16 7.61 -2.47 -13.76 4.97 -1.81 -13.76 5.21 -0.92 -13.76 7.9 -1.26 -13.76
2 24 5.21 -0.92 -13.76 4.97 -1.81 -13.76
2 24 7.61 -2.47 -13.76 7.9 -1.26 -13.76
3 16 7.9 -1.26 -13.76 5.21 -0.92 -13.76 5.29 0 -13.76
2 24 5.29 0 -13.76 5.21 -0.92 -13.76
3 16 7.9 -1.26 -13.76 5.29 0 -13.76 5.21 0.92 -13.76
2 24 5.21 0.92 -13.76 5.29 0 -13.76
3 16 5.21 0.92 -13.76 4.97 1.81 -13.76 7.9 -1.26 -13.76
2 24 4.97 1.81 -13.76 5.21 0.92 -13.76
3 16 7.9 -1.26 -13.76 4.97 1.81 -13.76 4.58 2.65 -13.76
2 24 4.58 2.65 -13.76 4.97 1.81 -13.76
3 16 7.9 -1.26 -13.76 4.58 2.65 -13.76 4.05 3.4 -13.76
2 24 4.05 3.4 -13.76 4.58 2.65 -13.76
3 16 8.5 -10.13 -13.76 8.42 -10.2 -13.76 4.7 -6.48 -13.76
2 24 8.5 -10.13 -13.76 8.42 -10.2 -13.76
2 24 4.7 -6.48 -13.76 8.42 -10.2 -13.76
3 16 -2.65 4.58 -13.76 -6.48 4.7 -13.76 -1.81 4.97 -13.76
2 24 -2.65 4.58 -13.76 -1.81 4.97 -13.76
3 16 -1.81 4.97 -13.76 -6.48 4.7 -13.76 -0.92 5.21 -13.76
2 24 -1.81 4.97 -13.76 -0.92 5.21 -13.76
3 16 7.13 3.63 -13.76 7.61 2.47 -13.76 4.05 3.4 -13.76
2 24 7.61 2.47 -13.76 7.13 3.63 -13.76
4 16 4.05 3.4 -13.76 7.61 2.47 -13.76 7.9 1.26 -13.76 7.9 -1.26 -13.76
2 24 7.9 1.26 -13.76 7.61 2.47 -13.76
4 16 7.9 -1.26 -13.76 7.9 1.26 -13.76 13.23 0 -13.76 13.17 -1.26 -13.76
2 24 13.23 0 -13.76 13.17 -1.26 -13.76
2 24 7.9 -1.26 -13.76 13.17 -1.26 -13.76
3 16 8.5 -10.13 -13.76 4.7 -6.48 -13.76 10.13 -8.5 -13.76
2 24 10.13 -8.5 -13.76 8.5 -10.13 -13.76
3 16 -8.42 -10.2 -13.76 -8.5 -10.13 -13.76 -4.7 -6.48 -13.76
2 24 -8.42 -10.2 -13.76 -8.5 -10.13 -13.76
2 24 -8.42 -10.2 -13.76 -4.7 -6.48 -13.76
3 16 -4.7 -6.48 -13.76 -8.5 -10.13 -13.76 -10.13 -8.5 -13.76
2 24 -8.5 -10.13 -13.76 -10.13 -8.5 -13.76
4 16 -3.4 -4.05 -13.76 -6.48 -4.7 -13.76 -7.13 -3.63 -13.76 -4.05 -3.4 -13.76
2 24 -7.13 -3.63 -13.76 -6.48 -4.7 -13.76
2 24 -3.4 -4.05 -13.76 -4.05 -3.4 -13.76
3 16 -3.4 -4.05 -13.76 -2.65 -4.58 -13.76 -6.48 -4.7 -13.76
2 24 -2.65 -4.58 -13.76 -3.4 -4.05 -13.76
3 16 -6.48 -4.7 -13.76 -2.65 -4.58 -13.76 -1.81 -4.97 -13.76
2 24 -1.81 -4.97 -13.76 -2.65 -4.58 -13.76
3 16 -6.48 -4.7 -13.76 -1.81 -4.97 -13.76 -0.92 -5.21 -13.76
2 24 -0.92 -5.21 -13.76 -1.81 -4.97 -13.76
4 16 -3.63 7.13 -13.76 -0.92 5.21 -13.76 -6.48 4.7 -13.76 -4.7 6.48 -13.76
2 24 -3.63 7.13 -13.76 -4.7 6.48 -13.76
4 16 -4.7 6.48 -13.76 -6.48 4.7 -13.76 -10.13 8.5 -13.76 -8.5 10.13 -13.76
2 24 -10.13 8.5 -13.76 -8.5 10.13 -13.76
3 16 -3.63 7.13 -13.76 -2.47 7.61 -13.76 -0.92 5.21 -13.76
2 24 -2.47 7.61 -13.76 -3.63 7.13 -13.76
3 16 -0.92 5.21 -13.76 -2.47 7.61 -13.76 -1.25 7.9 -13.76
2 24 -1.25 7.9 -13.76 -2.47 7.61 -13.76
4 16 -0.92 5.21 -13.76 -1.25 7.9 -13.76 0 8 -13.76 0 5.29 -13.76
2 24 0 8 -13.76 -1.25 7.9 -13.76
2 24 -0.92 5.21 -13.76 0 5.29 -13.76
4 16 0 5.29 -13.76 0 8 -13.76 1.25 7.9 -13.76 0.92 5.21 -13.76
2 24 1.25 7.9 -13.76 0 8 -13.76
2 24 0 5.29 -13.76 0.92 5.21 -13.76
3 16 0.92 5.21 -13.76 1.25 7.9 -13.76 2.47 7.61 -13.76
2 24 2.47 7.61 -13.76 1.25 7.9 -13.76
3 16 -2.65 4.58 -13.76 -3.4 4.05 -13.76 -6.48 4.7 -13.76
2 24 -3.4 4.05 -13.76 -2.65 4.58 -13.76
3 16 -6.48 4.7 -13.76 -3.4 4.05 -13.76 -4.05 3.4 -13.76
2 24 -4.05 3.4 -13.76 -3.4 4.05 -13.76
4 16 -6.48 4.7 -13.76 -4.05 3.4 -13.76 -4.58 2.65 -13.76 -7.13 3.63 -13.76
2 24 -4.58 2.65 -13.76 -4.05 3.4 -13.76
2 24 -6.48 4.7 -13.76 -7.13 3.63 -13.76
4 16 -7.13 3.63 -13.76 -4.58 2.65 -13.76 -4.97 1.81 -13.76 -7.61 2.47 -13.76
2 24 -4.97 1.81 -13.76 -4.58 2.65 -13.76
2 24 -7.13 3.63 -13.76 -7.61 2.47 -13.76
4 16 -7.61 2.47 -13.76 -4.97 1.81 -13.76 -5.21 0.92 -13.76 -7.9 1.26 -13.76
2 24 -5.21 0.92 -13.76 -4.97 1.81 -13.76
2 24 -7.61 2.47 -13.76 -7.9 1.26 -13.76
3 16 -7.9 1.26 -13.76 -5.21 0.92 -13.76 -5.29 0 -13.76
2 24 -5.29 0 -13.76 -5.21 0.92 -13.76
3 16 -7.9 1.26 -13.76 -5.29 0 -13.76 -5.21 -0.92 -13.76
2 24 -5.21 -0.92 -13.76 -5.29 0 -13.76
3 16 -7.13 -3.63 -13.76 -7.61 -2.47 -13.76 -4.05 -3.4 -13.76
2 24 -7.61 -2.47 -13.76 -7.13 -3.63 -13.76
4 16 -4.05 -3.4 -13.76 -7.61 -2.47 -13.76 -7.9 -1.26 -13.76 -7.9 1.26 -13.76
2 24 -7.9 -1.26 -13.76 -7.61 -2.47 -13.76
4 16 -7.9 1.26 -13.76 -7.9 -1.26 -13.76 -13.23 0 -13.76 -13.17 1.26 -13.76
2 24 -13.23 0 -13.76 -13.17 1.26 -13.76
2 24 -7.9 1.26 -13.76 -13.17 1.26 -13.76
3 16 -5.21 -0.92 -13.76 -4.97 -1.81 -13.76 -7.9 1.26 -13.76
2 24 -4.97 -1.81 -13.76 -5.21 -0.92 -13.76
3 16 -7.9 1.26 -13.76 -4.97 -1.81 -13.76 -4.58 -2.65 -13.76
2 24 -4.58 -2.65 -13.76 -4.97 -1.81 -13.76
3 16 -7.9 1.26 -13.76 -4.58 -2.65 -13.76 -4.05 -3.4 -13.76
2 24 -4.05 -3.4 -13.76 -4.58 -2.65 -13.76
4 16 0.92 -5.21 -13.76 1.25 -7.9 -13.76 0 -8 -13.76 0 -5.29 -13.76
2 24 0 -8 -13.76 1.25 -7.9 -13.76
2 24 0.92 -5.21 -13.76 0 -5.29 -13.76
4 16 0 -5.29 -13.76 0 -8 -13.76 -1.25 -7.9 -13.76 -0.92 -5.21 -13.76
2 24 -1.25 -7.9 -13.76 0 -8 -13.76
2 24 0 -5.29 -13.76 -0.92 -5.21 -13.76
3 16 -0.92 -5.21 -13.76 -1.25 -7.9 -13.76 -2.47 -7.61 -13.76
2 24 -2.47 -7.61 -13.76 -1.25 -7.9 -13.76
3 16 -2.47 -7.61 -13.76 -3.63 -7.13 -13.76 -0.92 -5.21 -13.76
2 24 -3.63 -7.13 -13.76 -2.47 -7.61 -13.76
4 16 -0.92 -5.21 -13.76 -3.63 -7.13 -13.76 -4.7 -6.48 -13.76 -6.48 -4.7 -13.76
2 24 -4.7 -6.48 -13.76 -3.63 -7.13 -13.76
4 16 -6.48 -4.7 -13.76 -4.7 -6.48 -13.76 -10.13 -8.5 -13.76 -10.2 -8.42 -13.76
2 24 -10.13 -8.5 -13.76 -10.2 -8.42 -13.76
2 24 -6.48 -4.7 -13.76 -10.2 -8.42 -13.76
4 16 10.2 -8.42 -13.76 10.13 -8.5 -13.76 4.7 -6.48 -13.76 6.48 -4.7 -13.76
2 24 10.2 -8.42 -13.76 10.13 -8.5 -13.76
2 24 10.2 -8.42 -13.76 6.48 -4.7 -13.76
4 16 6.48 -4.7 -13.76 4.7 -6.48 -13.76 3.63 -7.13 -13.76 0.92 -5.21 -13.76
2 24 3.63 -7.13 -13.76 4.7 -6.48 -13.76
3 16 0.92 -5.21 -13.76 3.63 -7.13 -13.76 2.47 -7.61 -13.76
2 24 2.47 -7.61 -13.76 3.63 -7.13 -13.76

4 16 4.7 -6.48 -7.28 8.42 -10.2 -7.28 6.61 -11.46 -7.28 3.63 -7.13 -7.28
2 24 4.7 -6.48 -7.28 8.42 -10.2 -7.28
2 24 8.42 -10.2 -7.28 6.61 -11.46 -7.28
2 24 3.63 -7.13 -7.28 4.7 -6.48 -7.28
4 16 3.63 -7.13 -7.28 6.61 -11.46 -7.28 4.52 -12.43 -7.28 2.47 -7.61 -7.28
2 24 6.61 -11.46 -7.28 4.52 -12.43 -7.28
2 24 2.47 -7.61 -7.28 3.63 -7.13 -7.28
4 16 2.47 -7.61 -7.28 4.52 -12.43 -7.28 2.3 -13.03 -7.28 1.25 -7.9 -7.28
2 24 4.52 -12.43 -7.28 2.3 -13.03 -7.28
2 24 1.25 -7.9 -7.28 2.47 -7.61 -7.28
4 16 1.25 -7.9 -7.28 2.3 -13.03 -7.28 0 -13.23 -7.28 0 -8 -7.28
2 24 2.3 -13.03 -7.28 0 -13.23 -7.28
2 24 0 -8 -7.28 1.25 -7.9 -7.28
4 16 0 -8 -7.28 0 -13.23 -7.28 -2.3 -13.03 -7.28 -1.25 -7.9 -7.28
2 24 0 -13.23 -7.28 -2.3 -13.03 -7.28
2 24 -1.25 -7.9 -7.28 0 -8 -7.28
4 16 -1.25 -7.9 -7.28 -2.3 -13.03 -7.28 -4.52 -12.43 -7.28 -2.47 -7.61 -7.28
2 24 -2.3 -13.03 -7.28 -4.52 -12.43 -7.28
2 24 -2.47 -7.61 -7.28 -1.25 -7.9 -7.28
4 16 -2.47 -7.61 -7.28 -4.52 -12.43 -7.28 -6.61 -11.46 -7.28 -3.63 -7.13 -7.28
2 24 -4.52 -12.43 -7.28 -6.61 -11.46 -7.28
2 24 -3.63 -7.13 -7.28 -2.47 -7.61 -7.28
4 16 -3.63 -7.13 -7.28 -6.61 -11.46 -7.28 -8.42 -10.2 -7.28 -4.7 -6.48 -7.28
2 24 -6.61 -11.46 -7.28 -8.42 -10.2 -7.28
2 24 -8.42 -10.2 -7.28 -4.7 -6.48 -7.28
2 24 -4.7 -6.48 -7.28 -3.63 -7.13 -7.28

3 16 10.2 -8.42 -7.28 6.48 -4.7 -7.28 11.46 -6.61 -7.28
2 24 10.2 -8.42 -7.28 6.48 -4.7 -7.28
2 24 11.46 -6.61 -7.28 10.2 -8.42 -7.28
4 16 11.46 -6.61 -7.28 6.48 -4.7 -7.28 7.13 -3.63 -7.28 12.43 -4.52 -7.28
2 24 7.13 -3.63 -7.28 6.48 -4.7 -7.28
2 24 12.43 -4.52 -7.28 11.46 -6.61 -7.28
4 16 12.43 -4.52 -7.28 7.13 -3.63 -7.28 7.61 -2.47 -7.28 13.03 -2.3 -7.28
2 24 7.61 -2.47 -7.28 7.13 -3.63 -7.28
2 24 13.03 -2.3 -7.28 12.43 -4.52 -7.28
4 16 13.03 -2.3 -7.28 7.61 -2.47 -7.28 7.9 -1.26 -7.28 13.17 -1.26 -7.28
2 24 7.9 -1.26 -7.28 7.61 -2.47 -7.28
2 24 13.17 -1.26 -7.28 7.9 -1.26 -7.28
2 24 13.17 -1.26 -7.28 13.03 -2.3 -7.28

4 16 13.17 1.26 -7.28 7.9 1.26 -7.28 7.61 2.47 -7.28 13.03 2.3 -7.28
2 24 13.17 1.26 -7.28 7.9 1.26 -7.28
2 24 7.61 2.47 -7.28 7.9 1.26 -7.28
2 24 13.03 2.3 -7.28 13.17 1.26 -7.28
3 16 6.48 4.7 -7.28 10.2 8.42 -7.28 7.13 3.63 -7.28
2 24 10.2 8.42 -7.28 6.48 4.7 -7.28
2 24 6.48 4.7 -7.28 7.13 3.63 -7.28
4 16 7.13 3.63 -7.28 10.2 8.42 -7.28 11.46 6.61 -7.28 7.61 2.47 -7.28
2 24 10.2 8.42 -7.28 11.46 6.61 -7.28
2 24 7.13 3.63 -7.28 7.61 2.47 -7.28
4 16 7.61 2.47 -7.28 11.46 6.61 -7.28 12.43 4.52 -7.28 13.03 2.3 -7.28
2 24 11.46 6.61 -7.28 12.43 4.52 -7.28
2 24 12.43 4.52 -7.28 13.03 2.3 -7.28

4 16 -4.7 6.48 -7.28 -8.42 10.2 -7.28 -6.61 11.46 -7.28 -3.63 7.13 -7.28
2 24 -8.42 10.2 -7.28 -4.7 6.48 -7.28
2 24 -8.42 10.2 -7.28 -6.61 11.46 -7.28
2 24 -3.63 7.13 -7.28 -4.7 6.48 -7.28
4 16 -3.63 7.13 -7.28 -6.61 11.46 -7.28 -4.52 12.43 -7.28 -2.47 7.61 -7.28
2 24 -6.61 11.46 -7.28 -4.52 12.43 -7.28
2 24 -2.47 7.61 -7.28 -3.63 7.13 -7.28
4 16 -2.47 7.61 -7.28 -4.52 12.43 -7.28 -2.3 13.03 -7.28 -1.25 7.9 -7.28
2 24 -4.52 12.43 -7.28 -2.3 13.03 -7.28
2 24 -1.25 7.9 -7.28 -2.47 7.61 -7.28
4 16 -1.25 7.9 -7.28 -2.3 13.03 -7.28 0 13.23 -7.28 0 8 -7.28
2 24 -2.3 13.03 -7.28 0 13.23 -7.28
2 24 0 8 -7.28 -1.25 7.9 -7.28
4 16 0 8 -7.28 0 13.23 -7.28 2.3 13.03 -7.28 1.25 7.9 -7.28
2 24 0 13.23 -7.28 2.3 13.03 -7.28
2 24 1.25 7.9 -7.28 0 8 -7.28
4 16 1.25 7.9 -7.28 2.3 13.03 -7.28 4.52 12.43 -7.28 2.47 7.61 -7.28
2 24 2.3 13.03 -7.28 4.52 12.43 -7.28
2 24 2.47 7.61 -7.28 1.25 7.9 -7.28
4 16 2.47 7.61 -7.28 4.52 12.43 -7.28 6.61 11.46 -7.28 3.63 7.13 -7.28
2 24 4.52 12.43 -7.28 6.61 11.46 -7.28
2 24 3.63 7.13 -7.28 2.47 7.61 -7.28
4 16 3.63 7.13 -7.28 6.61 11.46 -7.28 8.42 10.2 -7.28 4.7 6.48 -7.28
2 24 6.61 11.46 -7.28 8.42 10.2 -7.28
2 24 8.42 10.2 -7.28 4.7 6.48 -7.28
2 24 4.7 6.48 -7.28 3.63 7.13 -7.28

3 16 -10.2 8.42 -7.28 -6.48 4.7 -7.28 -11.46 6.61 -7.28
2 24 -6.48 4.7 -7.28 -10.2 8.42 -7.28
2 24 -11.46 6.61 -7.28 -10.2 8.42 -7.28
4 16 -11.46 6.61 -7.28 -6.48 4.7 -7.28 -7.13 3.63 -7.28 -12.43 4.52 -7.28
2 24 -7.13 3.63 -7.28 -6.48 4.7 -7.28
2 24 -12.43 4.52 -7.28 -11.46 6.61 -7.28
4 16 -12.43 4.52 -7.28 -7.13 3.63 -7.28 -7.61 2.47 -7.28 -13.03 2.3 -7.28
2 24 -7.61 2.47 -7.28 -7.13 3.63 -7.28
2 24 -13.03 2.3 -7.28 -12.43 4.52 -7.28
4 16 -13.03 2.3 -7.28 -7.61 2.47 -7.28 -7.9 1.26 -7.28 -13.17 1.26 -7.28
2 24 -7.9 1.26 -7.28 -7.61 2.47 -7.28
2 24 -13.17 1.26 -7.28 -7.9 1.26 -7.28
2 24 -13.17 1.26 -7.28 -13.03 2.3 -7.28

4 16 -13.17 -1.26 -7.28 -7.9 -1.26 -7.28 -7.61 -2.47 -7.28 -13.03 -2.3 -7.28
2 24 -7.9 -1.26 -7.28 -13.17 -1.26 -7.28
2 24 -7.61 -2.47 -7.28 -7.9 -1.26 -7.28
2 24 -13.03 -2.3 -7.28 -13.17 -1.26 -7.28
3 16 -6.48 -4.7 -7.28 -10.2 -8.42 -7.28 -7.13 -3.63 -7.28
2 24 -10.2 -8.42 -7.28 -6.48 -4.7 -7.28
2 24 -6.48 -4.7 -7.28 -7.13 -3.63 -7.28
4 16 -7.13 -3.63 -7.28 -10.2 -8.42 -7.28 -11.46 -6.61 -7.28 -7.61 -2.47 -7.28
2 24 -10.2 -8.42 -7.28 -11.46 -6.61 -7.28
2 24 -7.13 -3.63 -7.28 -7.61 -2.47 -7.28
4 16 -7.61 -2.47 -7.28 -11.46 -6.61 -7.28 -12.43 -4.52 -7.28 -13.03 -2.3 -7.28
2 24 -11.46 -6.61 -7.28 -12.43 -4.52 -7.28
2 24 -12.43 -4.52 -7.28 -13.03 -2.3 -7.28

3 16 4.58 -2.65 2.24 4.97 -1.81 2.24 7.56 -15.62 2.24
2 24 4.58 -2.65 2.24 4.97 -1.81 2.24
3 16 -10.08 8.57 2.24 -4.58 2.65 2.24 -4.97 1.81 2.24
2 24 -4.58 2.65 2.24 -4.97 1.81 2.24
3 16 -4.97 -1.81 2.24 -4.58 -2.65 2.24 -10.08 -12.1 2.24
2 24 -4.97 -1.81 2.24 -4.58 -2.65 2.24
3 16 1.81 -4.97 2.24 2.65 -4.58 2.24 7.56 -15.62 2.24
2 24 1.81 -4.97 2.24 2.65 -4.58 2.24
3 16 -1.81 -4.97 2.24 -6.71 -14.25 2.24 -2.65 -4.58 2.24
2 24 -2.65 -4.58 2.24 -1.81 -4.97 2.24
4 16 -2.65 -4.58 2.24 -6.71 -14.25 2.24 -8.92 -12.98 2.24 -3.4 -4.05 2.24
2 24 -6.71 -14.25 2.24 -8.92 -12.98 2.24
2 24 -3.4 -4.05 2.24 -2.65 -4.58 2.24
4 16 -3.4 -4.05 2.24 -8.92 -12.98 2.24 -10.08 -12.1 2.24 -4.05 -3.4 2.24
2 24 -8.92 -12.98 2.24 -10.08 -12.1 2.24
2 24 -4.05 -3.4 2.24 -3.4 -4.05 2.24
3 16 -4.05 -3.4 2.24 -10.08 -12.1 2.24 -4.58 -2.65 2.24
2 24 -4.58 -2.65 2.24 -4.05 -3.4 2.24
3 16 2.65 -4.58 2.24 3.4 -4.05 2.24 7.56 -15.62 2.24
2 24 2.65 -4.58 2.24 3.4 -4.05 2.24
3 16 7.56 -15.62 2.24 3.4 -4.05 2.24 4.05 -3.4 2.24
2 24 3.4 -4.05 2.24 4.05 -3.4 2.24
3 16 7.56 -15.62 2.24 4.05 -3.4 2.24 4.58 -2.65 2.24
2 24 4.05 -3.4 2.24 4.58 -2.65 2.24
3 16 4.97 -1.81 2.24 5.21 -0.92 2.24 7.56 -15.62 2.24
2 24 4.97 -1.81 2.24 5.21 -0.92 2.24
3 16 7.56 -15.62 2.24 5.21 -0.92 2.24 5.29 0 2.24
2 24 5.21 -0.92 2.24 5.29 0 2.24
3 16 7.56 -15.62 2.24 5.29 0 2.24 7.56 10.86 2.24
2 24 7.56 -15.62 2.24 7.56 10.86 2.24
3 16 5.29 0 2.24 5.21 0.92 2.24 7.56 10.86 2.24
2 24 5.29 0 2.24 5.21 0.92 2.24
3 16 7.56 10.86 2.24 5.21 0.92 2.24 4.97 1.81 2.24
2 24 5.21 0.92 2.24 4.97 1.81 2.24
3 16 7.56 10.86 2.24 4.97 1.81 2.24 4.58 2.65 2.24
2 24 4.97 1.81 2.24 4.58 2.65 2.24
3 16 -4.97 1.81 2.24 -5.21 0.92 2.24 -10.08 8.57 2.24
2 24 -4.97 1.81 2.24 -5.21 0.92 2.24
3 16 -10.08 8.57 2.24 -5.21 0.92 2.24 -5.29 0 2.24
2 24 -5.21 0.92 2.24 -5.29 0 2.24
4 16 -10.08 8.57 2.24 -5.29 0 2.24 -5.21 -0.92 2.24 -10.08 -12.1 2.24
2 24 -5.29 0 2.24 -5.21 -0.92 2.24
3 16 -10.08 -12.1 2.24 -5.21 -0.92 2.24 -4.97 -1.81 2.24
2 24 -5.21 -0.92 2.24 -4.97 -1.81 2.24
3 16 1.81 -4.97 2.24 7.56 -15.62 2.24 0.92 -5.21 2.24
2 24 0.92 -5.21 2.24 1.81 -4.97 2.24
4 16 0.92 -5.21 2.24 7.56 -15.62 2.24 2.01 -15.62 2.24 0 -5.29 2.24
2 24 2.01 -15.62 2.24 7.56 -15.62 2.24
2 24 0 -5.29 2.24 0.92 -5.21 2.24
4 16 0 -5.29 2.24 2.01 -15.62 2.24 0.69 -15.73 2.24 -0.92 -5.21 2.24
2 24 2.01 -15.62 2.24 0.69 -15.73 2.24
2 24 -0.92 -5.21 2.24 0 -5.29 2.24
4 16 -0.92 -5.21 2.24 0.69 -15.73 2.24 -1.84 -15.64 2.24 -1.81 -4.97 2.24
2 24 0.69 -15.73 2.24 -1.84 -15.64 2.24
2 24 -1.81 -4.97 2.24 -0.92 -5.21 2.24
4 16 -1.81 -4.97 2.24 -1.84 -15.64 2.24 -4.34 -15.14 2.24 -6.71 -14.25 2.24
2 24 -1.84 -15.64 2.24 -4.34 -15.14 2.24
2 24 -4.34 -15.14 2.24 -6.71 -14.25 2.24
3 16 4.58 2.65 2.24 4.05 3.4 2.24 7.56 10.86 2.24
2 24 4.58 2.65 2.24 4.05 3.4 2.24
3 16 7.56 10.86 2.24 4.05 3.4 2.24 3.4 4.05 2.24
2 24 4.05 3.4 2.24 3.4 4.05 2.24
4 16 7.56 10.86 2.24 3.4 4.05 2.24 2.65 4.58 2.24 5.69 11.94 2.24
2 24 3.4 4.05 2.24 2.65 4.58 2.24
2 24 7.56 10.86 2.24 5.69 11.94 2.24
4 16 5.69 11.94 2.24 2.65 4.58 2.24 1.81 4.97 2.24 3.66 12.71 2.24
2 24 2.65 4.58 2.24 1.81 4.97 2.24
2 24 5.69 11.94 2.24 3.66 12.71 2.24
4 16 3.66 12.71 2.24 1.81 4.97 2.24 0.92 5.21 2.24 1.54 13.14 2.24
2 24 1.81 4.97 2.24 0.92 5.21 2.24
2 24 3.66 12.71 2.24 1.54 13.14 2.24
4 16 1.54 13.14 2.24 0.92 5.21 2.24 0 5.29 2.24 -0.62 13.21 2.24
2 24 0.92 5.21 2.24 0 5.29 2.24
2 24 1.54 13.14 2.24 -0.62 13.21 2.24
4 16 -0.62 13.21 2.24 0 5.29 2.24 -0.92 5.21 2.24 -2.77 12.94 2.24
2 24 0 5.29 2.24 -0.92 5.21 2.24
2 24 -0.62 13.21 2.24 -2.77 12.94 2.24
4 16 -2.77 12.94 2.24 -0.92 5.21 2.24 -1.81 4.97 2.24 -4.84 12.31 2.24
2 24 -0.92 5.21 2.24 -1.81 4.97 2.24
2 24 -2.77 12.94 2.24 -4.84 12.31 2.24
4 16 -4.84 12.31 2.24 -1.81 4.97 2.24 -2.65 4.58 2.24 -6.79 11.36 2.24
2 24 -1.81 4.97 2.24 -2.65 4.58 2.24
2 24 -4.84 12.31 2.24 -6.79 11.36 2.24
4 16 -6.79 11.36 2.24 -2.65 4.58 2.24 -3.4 4.05 2.24 -8.55 10.1 2.24
2 24 -2.65 4.58 2.24 -3.4 4.05 2.24
2 24 -6.79 11.36 2.24 -8.55 10.1 2.24
4 16 -8.55 10.1 2.24 -3.4 4.05 2.24 -4.05 3.4 2.24 -10.08 8.57 2.24
2 24 -3.4 4.05 2.24 -4.05 3.4 2.24
2 24 -8.55 10.1 2.24 -10.08 8.57 2.24
3 16 -10.08 8.57 2.24 -4.05 3.4 2.24 -4.58 2.65 2.24
2 24 -4.05 3.4 2.24 -4.58 2.65 2.24

3 16 5.21 -0.92 -2.24 4.97 -1.81 -2.24 7.56 -15.62 -2.24
2 24 5.21 -0.92 -2.24 4.97 -1.81 -2.24
3 16 4.97 -1.81 -2.24 4.58 -2.65 -2.24 7.56 -15.62 -2.24
2 24 4.97 -1.81 -2.24 4.58 -2.65 -2.24
3 16 7.56 -15.62 -2.24 4.58 -2.65 -2.24 4.05 -3.4 -2.24
2 24 4.58 -2.65 -2.24 4.05 -3.4 -2.24
3 16 7.56 -15.62 -2.24 4.05 -3.4 -2.24 3.4 -4.05 -2.24
2 24 4.05 -3.4 -2.24 3.4 -4.05 -2.24
3 16 -4.05 -3.4 -2.24 -4.58 -2.65 -2.24 -10.08 -12.1 -2.24
2 24 -4.05 -3.4 -2.24 -4.58 -2.65 -2.24
3 16 3.4 -4.05 -2.24 2.65 -4.58 -2.24 7.56 -15.62 -2.24
2 24 3.4 -4.05 -2.24 2.65 -4.58 -2.24
4 16 7.56 -15.62 -2.24 2.65 -4.58 -2.24 1.81 -4.97 -2.24 2.01 -15.62 -2.24
2 24 2.65 -4.58 -2.24 1.81 -4.97 -2.24
2 24 7.56 -15.62 -2.24 2.01 -15.62 -2.24
4 16 2.01 -15.62 -2.24 1.81 -4.97 -2.24 0.92 -5.21 -2.24 0.69 -15.73 -2.24
2 24 1.81 -4.97 -2.24 0.92 -5.21 -2.24
2 24 0.69 -15.73 -2.24 2.01 -15.62 -2.24
4 16 0.69 -15.73 -2.24 0.92 -5.21 -2.24 0 -5.29 -2.24 -1.84 -15.64 -2.24
2 24 0.92 -5.21 -2.24 0 -5.29 -2.24
2 24 -1.84 -15.64 -2.24 0.69 -15.73 -2.24
4 16 -1.84 -15.64 -2.24 0 -5.29 -2.24 -0.92 -5.21 -2.24 -4.34 -15.14 -2.24
2 24 0 -5.29 -2.24 -0.92 -5.21 -2.24
2 24 -4.34 -15.14 -2.24 -1.84 -15.64 -2.24
4 16 -4.34 -15.14 -2.24 -0.92 -5.21 -2.24 -1.81 -4.97 -2.24 -6.71 -14.25 -2.24
2 24 -0.92 -5.21 -2.24 -1.81 -4.97 -2.24
2 24 -6.71 -14.25 -2.24 -4.34 -15.14 -2.24
4 16 -6.71 -14.25 -2.24 -1.81 -4.97 -2.24 -2.65 -4.58 -2.24 -8.92 -12.98 -2.24
2 24 -1.81 -4.97 -2.24 -2.65 -4.58 -2.24
2 24 -8.92 -12.98 -2.24 -6.71 -14.25 -2.24
4 16 -8.92 -12.98 -2.24 -2.65 -4.58 -2.24 -3.4 -4.05 -2.24 -10.08 -12.1 -2.24
2 24 -2.65 -4.58 -2.24 -3.4 -4.05 -2.24
2 24 -10.08 -12.1 -2.24 -8.92 -12.98 -2.24
3 16 -10.08 -12.1 -2.24 -3.4 -4.05 -2.24 -4.05 -3.4 -2.24
2 24 -3.4 -4.05 -2.24 -4.05 -3.4 -2.24
3 16 -10.08 8.57 -2.24 -5.21 0.92 -2.24 -4.97 1.81 -2.24
2 24 -5.21 0.92 -2.24 -4.97 1.81 -2.24
3 16 5.21 -0.92 -2.24 7.56 -15.62 -2.24 5.29 0 -2.24
2 24 5.29 0 -2.24 5.21 -0.92 -2.24
3 16 5.29 0 -2.24 7.56 -15.62 -2.24 7.56 10.86 -2.24
2 24 7.56 10.86 -2.24 7.56 -15.62 -2.24
3 16 5.29 0 -2.24 7.56 10.86 -2.24 5.21 0.92 -2.24
2 24 5.21 0.92 -2.24 5.29 0 -2.24
3 16 -4.58 -2.65 -2.24 -4.97 -1.81 -2.24 -10.08 -12.1 -2.24
2 24 -4.58 -2.65 -2.24 -4.97 -1.81 -2.24
3 16 -10.08 -12.1 -2.24 -4.97 -1.81 -2.24 -5.21 -0.92 -2.24
2 24 -4.97 -1.81 -2.24 -5.21 -0.92 -2.24
4 16 -10.08 -12.1 -2.24 -5.21 -0.92 -2.24 -5.29 0 -2.24 -10.08 8.57 -2.24
2 24 -5.21 -0.92 -2.24 -5.29 0 -2.24
3 16 -10.08 8.57 -2.24 -5.29 0 -2.24 -5.21 0.92 -2.24
2 24 -5.29 0 -2.24 -5.21 0.92 -2.24
3 16 4.05 3.4 -2.24 4.58 2.65 -2.24 7.56 10.86 -2.24
2 24 4.05 3.4 -2.24 4.58 2.65 -2.24
3 16 7.56 10.86 -2.24 4.58 2.65 -2.24 4.97 1.81 -2.24
2 24 4.58 2.65 -2.24 4.97 1.81 -2.24
3 16 7.56 10.86 -2.24 4.97 1.81 -2.24 5.21 0.92 -2.24
2 24 4.97 1.81 -2.24 5.21 0.92 -2.24
3 16 -4.97 1.81 -2.24 -4.58 2.65 -2.24 -10.08 8.57 -2.24
2 24 -4.97 1.81 -2.24 -4.58 2.65 -2.24
3 16 -10.08 8.57 -2.24 -4.58 2.65 -2.24 -4.05 3.4 -2.24
2 24 -4.58 2.65 -2.24 -4.05 3.4 -2.24
4 16 -10.08 8.57 -2.24 -4.05 3.4 -2.24 -3.4 4.05 -2.24 -8.55 10.1 -2.24
2 24 -4.05 3.4 -2.24 -3.4 4.05 -2.24
2 24 -10.08 8.57 -2.24 -8.55 10.1 -2.24
4 16 -8.55 10.1 -2.24 -3.4 4.05 -2.24 -2.65 4.58 -2.24 -6.79 11.36 -2.24
2 24 -3.4 4.05 -2.24 -2.65 4.58 -2.24
2 24 -8.55 10.1 -2.24 -6.79 11.36 -2.24
4 16 -6.79 11.36 -2.24 -2.65 4.58 -2.24 -1.81 4.97 -2.24 -4.84 12.31 -2.24
2 24 -2.65 4.58 -2.24 -1.81 4.97 -2.24
2 24 -6.79 11.36 -2.24 -4.84 12.31 -2.24
4 16 -4.84 12.31 -2.24 -1.81 4.97 -2.24 -0.92 5.21 -2.24 -2.77 12.94 -2.24
2 24 -1.81 4.97 -2.24 -0.92 5.21 -2.24
2 24 -4.84 12.31 -2.24 -2.77 12.94 -2.24
4 16 -2.77 12.94 -2.24 -0.92 5.21 -2.24 0 5.29 -2.24 -0.62 13.21 -2.24
2 24 -0.92 5.21 -2.24 0 5.29 -2.24
2 24 -2.77 12.94 -2.24 -0.62 13.21 -2.24
4 16 -0.62 13.21 -2.24 0 5.29 -2.24 0.92 5.21 -2.24 1.54 13.14 -2.24
2 24 0 5.29 -2.24 0.92 5.21 -2.24
2 24 -0.62 13.21 -2.24 1.54 13.14 -2.24
4 16 1.54 13.14 -2.24 0.92 5.21 -2.24 1.81 4.97 -2.24 3.66 12.71 -2.24
2 24 0.92 5.21 -2.24 1.81 4.97 -2.24
2 24 1.54 13.14 -2.24 3.66 12.71 -2.24
4 16 3.66 12.71 -2.24 1.81 4.97 -2.24 2.65 4.58 -2.24 5.69 11.94 -2.24
2 24 1.81 4.97 -2.24 2.65 4.58 -2.24
2 24 3.66 12.71 -2.24 5.69 11.94 -2.24
4 16 5.69 11.94 -2.24 2.65 4.58 -2.24 3.4 4.05 -2.24 7.56 10.86 -2.24
2 24 2.65 4.58 -2.24 3.4 4.05 -2.24
2 24 5.69 11.94 -2.24 7.56 10.86 -2.24
3 16 7.56 10.86 -2.24 3.4 4.05 -2.24 4.05 3.4 -2.24
2 24 3.4 4.05 -2.24 4.05 3.4 -2.24

3 16 11.46 6.61 15.69 12.43 4.52 15.69 15.65 1.72 15.69
2 24 12.43 4.52 15.69 11.46 6.61 15.69
4 16 15.65 1.72 15.69 12.43 4.52 15.69 13.03 2.3 15.69 15.65 -1.72 15.69
2 24 13.03 2.3 15.69 12.43 4.52 15.69
4 16 15.65 1.72 15.69 15.65 -1.72 15.69 85.48 -1.72 15.69 85.48 1.72 15.69
3 16 -6.61 -11.46 15.69 -6.71 -14.25 15.69 -4.52 -12.43 15.69
2 24 -6.61 -11.46 15.69 -4.52 -12.43 15.69
4 16 -4.52 -12.43 15.69 -6.71 -14.25 15.69 -4.34 -15.14 15.69 -2.3 -13.03 15.69
2 24 -6.71 -14.25 15.69 -4.34 -15.14 15.69
2 24 -4.52 -12.43 15.69 -2.3 -13.03 15.69
4 16 -2.3 -13.03 15.69 -4.34 -15.14 15.69 -1.84 -15.64 15.69 0 -13.23 15.69
2 24 -4.34 -15.14 15.69 -1.84 -15.64 15.69
2 24 -2.3 -13.03 15.69 0 -13.23 15.69
4 16 0 -13.23 15.69 -1.84 -15.64 15.69 0.69 -15.73 15.69 2.3 -13.03 15.69
2 24 -1.84 -15.64 15.69 0.69 -15.73 15.69
2 24 0 -13.23 15.69 2.3 -13.03 15.69
4 16 2.3 -13.03 15.69 0.69 -15.73 15.69 3.21 -15.42 15.69 4.52 -12.43 15.69
2 24 0.69 -15.73 15.69 3.21 -15.42 15.69
2 24 2.3 -13.03 15.69 4.52 -12.43 15.69
4 16 4.52 -12.43 15.69 3.21 -15.42 15.69 5.65 -14.7 15.69 6.61 -11.46 15.69
2 24 3.21 -15.42 15.69 5.65 -14.7 15.69
2 24 4.52 -12.43 15.69 6.61 -11.46 15.69
4 16 6.61 -11.46 15.69 5.65 -14.7 15.69 7.94 -13.6 15.69 8.5 -10.13 15.69
2 24 5.65 -14.7 15.69 7.94 -13.6 15.69
2 24 6.61 -11.46 15.69 8.5 -10.13 15.69
4 16 8.5 -10.13 15.69 7.94 -13.6 15.69 10.02 -12.15 15.69 10.13 -8.5 15.69
2 24 7.94 -13.6 15.69 10.02 -12.15 15.69
2 24 8.5 -10.13 15.69 10.13 -8.5 15.69
4 16 10.13 -8.5 15.69 10.02 -12.15 15.69 11.85 -10.38 15.69 11.46 -6.61 15.69
2 24 10.02 -12.15 15.69 11.85 -10.38 15.69
2 24 10.13 -8.5 15.69 11.46 -6.61 15.69
4 16 11.46 -6.61 15.69 11.85 -10.38 15.69 13.36 -8.34 15.69 12.43 -4.52 15.69
2 24 11.85 -10.38 15.69 13.36 -8.34 15.69
2 24 11.46 -6.61 15.69 12.43 -4.52 15.69
4 16 12.43 -4.52 15.69 13.36 -8.34 15.69 14.53 -6.08 15.69 13.03 -2.3 15.69
2 24 13.36 -8.34 15.69 14.53 -6.08 15.69
2 24 12.43 -4.52 15.69 13.03 -2.3 15.69
4 16 13.03 -2.3 15.69 14.53 -6.08 15.69 15.32 -3.66 15.69 13.23 0 15.69
2 24 14.53 -6.08 15.69 15.32 -3.66 15.69
2 24 13.03 -2.3 15.69 13.23 0 15.69
4 16 13.23 0 15.69 15.32 -3.66 15.69 15.65 -1.72 15.69 13.03 2.3 15.69
2 24 15.32 -3.66 15.69 15.65 -1.72 15.69
2 24 13.23 0 15.69 13.03 2.3 15.69
3 16 -4.52 12.43 15.69 -6.71 14.25 15.69 -6.61 11.46 15.69
2 24 -4.52 12.43 15.69 -6.61 11.46 15.69
4 16 -6.61 11.46 15.69 -6.71 14.25 15.69 -8.92 12.98 15.69 -8.5 10.13 15.69
2 24 -6.71 14.25 15.69 -8.92 12.98 15.69
2 24 -6.61 11.46 15.69 -8.5 10.13 15.69
4 16 -8.5 10.13 15.69 -8.92 12.98 15.69 -10.89 11.38 15.69 -10.13 8.5 15.69
2 24 -8.92 12.98 15.69 -10.89 11.38 15.69
2 24 -8.5 10.13 15.69 -10.13 8.5 15.69
4 16 -10.13 8.5 15.69 -10.89 11.38 15.69 -12.58 9.48 15.69 -11.46 6.61 15.69
2 24 -10.89 11.38 15.69 -12.58 9.48 15.69
2 24 -10.13 8.5 15.69 -11.46 6.61 15.69
4 16 -11.46 6.61 15.69 -12.58 9.48 15.69 -13.94 7.33 15.69 -12.43 4.52 15.69
2 24 -12.58 9.48 15.69 -13.94 7.33 15.69
2 24 -11.46 6.61 15.69 -12.43 4.52 15.69
4 16 -12.43 4.52 15.69 -13.94 7.33 15.69 -14.93 5 15.69 -13.03 2.3 15.69
2 24 -13.94 7.33 15.69 -14.93 5 15.69
2 24 -12.43 4.52 15.69 -13.03 2.3 15.69
4 16 -13.03 2.3 15.69 -14.93 5 15.69 -15.54 2.53 15.69 -13.23 0 15.69
2 24 -14.93 5 15.69 -15.54 2.53 15.69
2 24 -13.03 2.3 15.69 -13.23 0 15.69
4 16 -13.23 0 15.69 -15.54 2.53 15.69 -15.75 0 15.69 -13.03 -2.3 15.69
2 24 -15.54 2.53 15.69 -15.75 0 15.69
2 24 -13.23 0 15.69 -13.03 -2.3 15.69
4 16 -13.03 -2.3 15.69 -15.75 0 15.69 -15.54 -2.53 15.69 -12.43 -4.52 15.69
2 24 -15.75 0 15.69 -15.54 -2.53 15.69
2 24 -13.03 -2.3 15.69 -12.43 -4.52 15.69
4 16 -12.43 -4.52 15.69 -15.54 -2.53 15.69 -14.93 -5 15.69 -11.46 -6.61 15.69
2 24 -15.54 -2.53 15.69 -14.93 -5 15.69
2 24 -12.43 -4.52 15.69 -11.46 -6.61 15.69
4 16 -11.46 -6.61 15.69 -14.93 -5 15.69 -13.94 -7.33 15.69 -10.13 -8.5 15.69
2 24 -14.93 -5 15.69 -13.94 -7.33 15.69
2 24 -11.46 -6.61 15.69 -10.13 -8.5 15.69
4 16 -10.13 -8.5 15.69 -13.94 -7.33 15.69 -12.58 -9.48 15.69 -8.5 -10.13 15.69
2 24 -13.94 -7.33 15.69 -12.58 -9.48 15.69
2 24 -10.13 -8.5 15.69 -8.5 -10.13 15.69
4 16 -8.5 -10.13 15.69 -12.58 -9.48 15.69 -10.89 -11.38 15.69 -6.61 -11.46 15.69
2 24 -12.58 -9.48 15.69 -10.89 -11.38 15.69
2 24 -8.5 -10.13 15.69 -6.61 -11.46 15.69
4 16 -6.61 -11.46 15.69 -10.89 -11.38 15.69 -8.92 -12.98 15.69 -6.71 -14.25 15.69
2 24 -10.89 -11.38 15.69 -8.92 -12.98 15.69
2 24 -8.92 -12.98 15.69 -6.71 -14.25 15.69
3 16 11.46 6.61 15.69 15.65 1.72 15.69 10.13 8.5 15.69
2 24 11.46 6.61 15.69 10.13 8.5 15.69
3 16 10.13 8.5 15.69 15.65 1.72 15.69 15.32 3.66 15.69
2 24 15.65 1.72 15.69 15.32 3.66 15.69
4 16 10.13 8.5 15.69 15.32 3.66 15.69 14.53 6.08 15.69 13.36 8.34 15.69
2 24 15.32 3.66 15.69 14.53 6.08 15.69
2 24 14.53 6.08 15.69 13.36 8.34 15.69
4 16 10.13 8.5 15.69 13.36 8.34 15.69 11.85 10.38 15.69 8.5 10.13 15.69
2 24 13.36 8.34 15.69 11.85 10.38 15.69
2 24 10.13 8.5 15.69 8.5 10.13 15.69
4 16 8.5 10.13 15.69 11.85 10.38 15.69 10.02 12.15 15.69 6.61 11.46 15.69
2 24 11.85 10.38 15.69 10.02 12.15 15.69
2 24 8.5 10.13 15.69 6.61 11.46 15.69
4 16 6.61 11.46 15.69 10.02 12.15 15.69 7.94 13.6 15.69 4.52 12.43 15.69
2 24 10.02 12.15 15.69 7.94 13.6 15.69
2 24 6.61 11.46 15.69 4.52 12.43 15.69
4 16 4.52 12.43 15.69 7.94 13.6 15.69 5.65 14.7 15.69 2.3 13.03 15.69
2 24 7.94 13.6 15.69 5.65 14.7 15.69
2 24 4.52 12.43 15.69 2.3 13.03 15.69
4 16 2.3 13.03 15.69 5.65 14.7 15.69 3.21 15.42 15.69 0 13.23 15.69
2 24 5.65 14.7 15.69 3.21 15.42 15.69
2 24 2.3 13.03 15.69 0 13.23 15.69
4 16 0 13.23 15.69 3.21 15.42 15.69 0.69 15.73 15.69 -2.3 13.03 15.69
2 24 3.21 15.42 15.69 0.69 15.73 15.69
2 24 0 13.23 15.69 -2.3 13.03 15.69
4 16 -2.3 13.03 15.69 0.69 15.73 15.69 -1.84 15.64 15.69 -4.52 12.43 15.69
2 24 0.69 15.73 15.69 -1.84 15.64 15.69
2 24 -2.3 13.03 15.69 -4.52 12.43 15.69
4 16 -4.52 12.43 15.69 -1.84 15.64 15.69 -4.34 15.14 15.69 -6.71 14.25 15.69
2 24 -1.84 15.64 15.69 -4.34 15.14 15.69
2 24 -4.34 15.14 15.69 -6.71 14.25 15.69

3 16 10.13 -8.5 13.76 10.2 -8.42 13.76 6.48 -4.7 13.76
2 24 10.2 -8.42 13.76 10.13 -8.5 13.76
2 24 6.48 -4.7 13.76 10.2 -8.42 13.76
3 16 13.23 0 13.76 13.17 1.26 13.76 7.9 1.26 13.76
2 24 13.17 1.26 13.76 13.23 0 13.76
2 24 7.9 1.26 13.76 13.17 1.26 13.76
3 16 2.47 -7.61 13.76 3.63 -7.13 13.76 0.92 -5.21 13.76
2 24 3.63 -7.13 13.76 2.47 -7.61 13.76
3 16 4.05 3.4 13.76 4.58 2.65 13.76 7.9 -1.26 13.76
2 24 4.05 3.4 13.76 4.58 2.65 13.76
3 16 7.9 -1.26 13.76 4.58 2.65 13.76 4.97 1.81 13.76
2 24 4.58 2.65 13.76 4.97 1.81 13.76
3 16 7.9 -1.26 13.76 4.97 1.81 13.76 5.21 0.92 13.76
2 24 4.97 1.81 13.76 5.21 0.92 13.76
4 16 13.17 -1.26 13.76 13.23 0 13.76 7.9 1.26 13.76 7.9 -1.26 13.76
2 24 13.23 0 13.76 13.17 -1.26 13.76
2 24 13.17 -1.26 13.76 7.9 -1.26 13.76
3 16 7.9 -1.26 13.76 7.9 1.26 13.76 4.05 3.4 13.76
3 16 4.05 3.4 13.76 7.9 1.26 13.76 3.4 4.05 13.76
2 24 3.4 4.05 13.76 4.05 3.4 13.76
3 16 8.5 10.13 13.76 8.42 10.2 13.76 4.7 6.48 13.76
2 24 8.42 10.2 13.76 8.5 10.13 13.76
2 24 4.7 6.48 13.76 8.42 10.2 13.76
3 16 -13.23 0 13.76 -13.17 -1.26 13.76 -7.9 -1.26 13.76
2 24 -13.17 -1.26 13.76 -13.23 0 13.76
2 24 -7.9 -1.26 13.76 -13.17 -1.26 13.76
3 16 10.13 -8.5 13.76 6.48 -4.7 13.76 8.5 -10.13 13.76
2 24 10.13 -8.5 13.76 8.5 -10.13 13.76
4 16 8.5 -10.13 13.76 6.48 -4.7 13.76 4.7 -6.48 13.76 8.42 -10.2 13.76
2 24 8.42 -10.2 13.76 4.7 -6.48 13.76
2 24 8.5 -10.13 13.76 8.42 -10.2 13.76
3 16 3.4 -4.05 13.76 2.65 -4.58 13.76 6.48 -4.7 13.76
2 24 3.4 -4.05 13.76 2.65 -4.58 13.76
3 16 0.92 5.21 13.76 1.81 4.97 13.76 6.48 4.7 13.76
2 24 0.92 5.21 13.76 1.81 4.97 13.76
4 16 6.48 4.7 13.76 1.81 4.97 13.76 2.65 4.58 13.76 7.13 3.63 13.76
2 24 1.81 4.97 13.76 2.65 4.58 13.76
2 24 6.48 4.7 13.76 7.13 3.63 13.76
3 16 6.48 4.7 13.76 10.2 8.42 13.76 10.13 8.5 13.76
2 24 10.2 8.42 13.76 6.48 4.7 13.76
2 24 10.13 8.5 13.76 10.2 8.42 13.76
3 16 2.47 7.61 13.76 1.25 7.9 13.76 0.92 5.21 13.76
2 24 1.25 7.9 13.76 2.47 7.61 13.76
4 16 -7.13 -3.63 13.76 -6.48 -4.7 13.76 -3.4 -4.05 13.76 -4.05 -3.4 13.76
2 24 -6.48 -4.7 13.76 -7.13 -3.63 13.76
2 24 -3.4 -4.05 13.76 -4.05 -3.4 13.76
3 16 5.21 0.92 13.76 5.29 0 13.76 7.9 -1.26 13.76
2 24 5.21 0.92 13.76 5.29 0 13.76
3 16 7.9 -1.26 13.76 5.29 0 13.76 5.21 -0.92 13.76
2 24 5.29 0 13.76 5.21 -0.92 13.76
4 16 7.9 -1.26 13.76 5.21 -0.92 13.76 4.97 -1.81 13.76 7.61 -2.47 13.76
2 24 5.21 -0.92 13.76 4.97 -1.81 13.76
2 24 7.9 -1.26 13.76 7.61 -2.47 13.76
4 16 7.61 -2.47 13.76 4.97 -1.81 13.76 4.58 -2.65 13.76 7.13 -3.63 13.76
2 24 4.97 -1.81 13.76 4.58 -2.65 13.76
2 24 7.61 -2.47 13.76 7.13 -3.63 13.76
4 16 7.13 -3.63 13.76 4.58 -2.65 13.76 4.05 -3.4 13.76 6.48 -4.7 13.76
2 24 4.58 -2.65 13.76 4.05 -3.4 13.76
2 24 7.13 -3.63 13.76 6.48 -4.7 13.76
3 16 6.48 -4.7 13.76 4.05 -3.4 13.76 3.4 -4.05 13.76
2 24 4.05 -3.4 13.76 3.4 -4.05 13.76
3 16 3.63 -7.13 13.76 4.7 -6.48 13.76 0.92 -5.21 13.76
2 24 4.7 -6.48 13.76 3.63 -7.13 13.76
4 16 0.92 -5.21 13.76 4.7 -6.48 13.76 6.48 -4.7 13.76 1.81 -4.97 13.76
2 24 1.81 -4.97 13.76 0.92 -5.21 13.76
3 16 1.81 -4.97 13.76 6.48 -4.7 13.76 2.65 -4.58 13.76
2 24 2.65 -4.58 13.76 1.81 -4.97 13.76
3 16 -3.4 4.05 13.76 -2.65 4.58 13.76 -6.48 4.7 13.76
2 24 -3.4 4.05 13.76 -2.65 4.58 13.76
3 16 -6.48 4.7 13.76 -2.65 4.58 13.76 -1.81 4.97 13.76
2 24 -2.65 4.58 13.76 -1.81 4.97 13.76
3 16 -6.48 4.7 13.76 -1.81 4.97 13.76 -0.92 5.21 13.76
2 24 -1.81 4.97 13.76 -0.92 5.21 13.76
3 16 -8.5 -10.13 13.76 -8.42 -10.2 13.76 -4.7 -6.48 13.76
2 24 -8.42 -10.2 13.76 -8.5 -10.13 13.76
2 24 -4.7 -6.48 13.76 -8.42 -10.2 13.76
3 16 3.4 4.05 13.76 7.9 1.26 13.76 2.65 4.58 13.76
2 24 2.65 4.58 13.76 3.4 4.05 13.76
3 16 2.65 4.58 13.76 7.9 1.26 13.76 7.61 2.47 13.76
2 24 7.61 2.47 13.76 7.9 1.26 13.76
3 16 2.65 4.58 13.76 7.61 2.47 13.76 7.13 3.63 13.76
2 24 7.13 3.63 13.76 7.61 2.47 13.76
3 16 -8.42 10.2 13.76 -8.5 10.13 13.76 -4.7 6.48 13.76
2 24 -8.5 10.13 13.76 -8.42 10.2 13.76
2 24 -8.42 10.2 13.76 -4.7 6.48 13.76
3 16 -4.7 6.48 13.76 -8.5 10.13 13.76 -10.13 8.5 13.76
2 24 -10.13 8.5 13.76 -8.5 10.13 13.76
3 16 -6.48 -4.7 13.76 -0.92 -5.21 13.76 -1.81 -4.97 13.76
2 24 -0.92 -5.21 13.76 -1.81 -4.97 13.76
3 16 -8.5 -10.13 13.76 -4.7 -6.48 13.76 -10.13 -8.5 13.76
2 24 -8.5 -10.13 13.76 -10.13 -8.5 13.76
3 16 -1.81 -4.97 13.76 -2.65 -4.58 13.76 -6.48 -4.7 13.76
2 24 -1.81 -4.97 13.76 -2.65 -4.58 13.76
3 16 -6.48 -4.7 13.76 -2.65 -4.58 13.76 -3.4 -4.05 13.76
2 24 -2.65 -4.58 13.76 -3.4 -4.05 13.76
4 16 0.92 5.21 13.76 1.25 7.9 13.76 0 8 13.76 0 5.29 13.76
2 24 0 8 13.76 1.25 7.9 13.76
2 24 0 5.29 13.76 0.92 5.21 13.76
4 16 0 5.29 13.76 0 8 13.76 -1.25 7.9 13.76 -0.92 5.21 13.76
2 24 -1.25 7.9 13.76 0 8 13.76
2 24 -0.92 5.21 13.76 0 5.29 13.76
3 16 -0.92 5.21 13.76 -1.25 7.9 13.76 -2.47 7.61 13.76
2 24 -2.47 7.61 13.76 -1.25 7.9 13.76
3 16 -2.47 7.61 13.76 -3.63 7.13 13.76 -0.92 5.21 13.76
2 24 -3.63 7.13 13.76 -2.47 7.61 13.76
4 16 -0.92 5.21 13.76 -3.63 7.13 13.76 -4.7 6.48 13.76 -6.48 4.7 13.76
2 24 -4.7 6.48 13.76 -3.63 7.13 13.76
4 16 -6.48 4.7 13.76 -4.7 6.48 13.76 -10.13 8.5 13.76 -10.2 8.42 13.76
2 24 -10.2 8.42 13.76 -10.13 8.5 13.76
2 24 -6.48 4.7 13.76 -10.2 8.42 13.76
3 16 -4.05 -3.4 13.76 -4.58 -2.65 13.76 -7.9 1.26 13.76
2 24 -4.05 -3.4 13.76 -4.58 -2.65 13.76
3 16 -7.9 1.26 13.76 -4.58 -2.65 13.76 -4.97 -1.81 13.76
2 24 -4.58 -2.65 13.76 -4.97 -1.81 13.76
3 16 -7.9 1.26 13.76 -4.97 -1.81 13.76 -5.21 -0.92 13.76
2 24 -4.97 -1.81 13.76 -5.21 -0.92 13.76
4 16 -3.63 -7.13 13.76 -0.92 -5.21 13.76 -6.48 -4.7 13.76 -4.7 -6.48 13.76
2 24 -3.63 -7.13 13.76 -4.7 -6.48 13.76
4 16 -4.7 -6.48 13.76 -6.48 -4.7 13.76 -10.2 -8.42 13.76 -10.13 -8.5 13.76
2 24 -10.2 -8.42 13.76 -6.48 -4.7 13.76
2 24 -10.13 -8.5 13.76 -10.2 -8.42 13.76
3 16 -3.63 -7.13 13.76 -2.47 -7.61 13.76 -0.92 -5.21 13.76
2 24 -2.47 -7.61 13.76 -3.63 -7.13 13.76
3 16 -0.92 -5.21 13.76 -2.47 -7.61 13.76 -1.25 -7.9 13.76
2 24 -1.25 -7.9 13.76 -2.47 -7.61 13.76
4 16 -0.92 -5.21 13.76 -1.25 -7.9 13.76 0 -8 13.76 0 -5.29 13.76
2 24 0 -8 13.76 -1.25 -7.9 13.76
2 24 0 -5.29 13.76 -0.92 -5.21 13.76
4 16 0 -5.29 13.76 0 -8 13.76 1.25 -7.9 13.76 0.92 -5.21 13.76
2 24 1.25 -7.9 13.76 0 -8 13.76
2 24 0.92 -5.21 13.76 0 -5.29 13.76
3 16 0.92 -5.21 13.76 1.25 -7.9 13.76 2.47 -7.61 13.76
2 24 2.47 -7.61 13.76 1.25 -7.9 13.76
4 16 10.13 8.5 13.76 8.5 10.13 13.76 4.7 6.48 13.76 6.48 4.7 13.76
2 24 8.5 10.13 13.76 10.13 8.5 13.76
4 16 6.48 4.7 13.76 4.7 6.48 13.76 3.63 7.13 13.76 0.92 5.21 13.76
2 24 3.63 7.13 13.76 4.7 6.48 13.76
3 16 0.92 5.21 13.76 3.63 7.13 13.76 2.47 7.61 13.76
2 24 2.47 7.61 13.76 3.63 7.13 13.76
3 16 -5.21 -0.92 13.76 -5.29 0 13.76 -7.9 1.26 13.76
2 24 -5.21 -0.92 13.76 -5.29 0 13.76
3 16 -7.9 1.26 13.76 -5.29 0 13.76 -5.21 0.92 13.76
2 24 -5.29 0 13.76 -5.21 0.92 13.76
4 16 -7.9 1.26 13.76 -5.21 0.92 13.76 -4.97 1.81 13.76 -7.61 2.47 13.76
2 24 -5.21 0.92 13.76 -4.97 1.81 13.76
2 24 -7.9 1.26 13.76 -7.61 2.47 13.76
4 16 -7.61 2.47 13.76 -4.97 1.81 13.76 -4.58 2.65 13.76 -7.13 3.63 13.76
2 24 -4.97 1.81 13.76 -4.58 2.65 13.76
2 24 -7.61 2.47 13.76 -7.13 3.63 13.76
4 16 -7.13 3.63 13.76 -4.58 2.65 13.76 -4.05 3.4 13.76 -6.48 4.7 13.76
2 24 -4.58 2.65 13.76 -4.05 3.4 13.76
2 24 -7.13 3.63 13.76 -6.48 4.7 13.76
3 16 -6.48 4.7 13.76 -4.05 3.4 13.76 -3.4 4.05 13.76
2 24 -4.05 3.4 13.76 -3.4 4.05 13.76
4 16 -13.17 1.26 13.76 -13.23 0 13.76 -7.9 -1.26 13.76 -7.9 1.26 13.76
2 24 -13.23 0 13.76 -13.17 1.26 13.76
2 24 -13.17 1.26 13.76 -7.9 1.26 13.76
4 16 -7.9 1.26 13.76 -7.9 -1.26 13.76 -7.61 -2.47 13.76 -4.05 -3.4 13.76
2 24 -7.61 -2.47 13.76 -7.9 -1.26 13.76
3 16 -4.05 -3.4 13.76 -7.61 -2.47 13.76 -7.13 -3.63 13.76
2 24 -7.13 -3.63 13.76 -7.61 -2.47 13.76

4 16 -4.7 -6.48 7.28 -8.42 -10.2 7.28 -6.61 -11.46 7.28 -3.63 -7.13 7.28
2 24 -8.42 -10.2 7.28 -4.7 -6.48 7.28
2 24 -6.61 -11.46 7.28 -8.42 -10.2 7.28
2 24 -3.63 -7.13 7.28 -4.7 -6.48 7.28
4 16 -3.63 -7.13 7.28 -6.61 -11.46 7.28 -4.52 -12.43 7.28 -2.47 -7.61 7.28
2 24 -4.52 -12.43 7.28 -6.61 -11.46 7.28
2 24 -2.47 -7.61 7.28 -3.63 -7.13 7.28
4 16 -2.47 -7.61 7.28 -4.52 -12.43 7.28 -2.3 -13.03 7.28 -1.25 -7.9 7.28
2 24 -2.3 -13.03 7.28 -4.52 -12.43 7.28
2 24 -1.25 -7.9 7.28 -2.47 -7.61 7.28
4 16 -1.25 -7.9 7.28 -2.3 -13.03 7.28 0 -13.23 7.28 0 -8 7.28
2 24 0 -13.23 7.28 -2.3 -13.03 7.28
2 24 0 -8 7.28 -1.25 -7.9 7.28
4 16 0 -8 7.28 0 -13.23 7.28 2.3 -13.03 7.28 1.25 -7.9 7.28
2 24 2.3 -13.03 7.28 0 -13.23 7.28
2 24 1.25 -7.9 7.28 0 -8 7.28
4 16 1.25 -7.9 7.28 2.3 -13.03 7.28 4.52 -12.43 7.28 2.47 -7.61 7.28
2 24 4.52 -12.43 7.28 2.3 -13.03 7.28
2 24 2.47 -7.61 7.28 1.25 -7.9 7.28
4 16 2.47 -7.61 7.28 4.52 -12.43 7.28 6.61 -11.46 7.28 3.63 -7.13 7.28
2 24 6.61 -11.46 7.28 4.52 -12.43 7.28
2 24 3.63 -7.13 7.28 2.47 -7.61 7.28
4 16 3.63 -7.13 7.28 6.61 -11.46 7.28 8.42 -10.2 7.28 4.7 -6.48 7.28
2 24 8.42 -10.2 7.28 6.61 -11.46 7.28
2 24 8.42 -10.2 7.28 4.7 -6.48 7.28
2 24 4.7 -6.48 7.28 3.63 -7.13 7.28

3 16 -10.2 -8.42 7.28 -6.48 -4.7 7.28 -11.46 -6.61 7.28
2 24 -10.2 -8.42 7.28 -6.48 -4.7 7.28
2 24 -11.46 -6.61 7.28 -10.2 -8.42 7.28
4 16 -11.46 -6.61 7.28 -6.48 -4.7 7.28 -7.13 -3.63 7.28 -12.43 -4.52 7.28
2 24 -6.48 -4.7 7.28 -7.13 -3.63 7.28
2 24 -12.43 -4.52 7.28 -11.46 -6.61 7.28
4 16 -12.43 -4.52 7.28 -7.13 -3.63 7.28 -7.61 -2.47 7.28 -13.03 -2.3 7.28
2 24 -7.13 -3.63 7.28 -7.61 -2.47 7.28
2 24 -13.03 -2.3 7.28 -12.43 -4.52 7.28
4 16 -13.03 -2.3 7.28 -7.61 -2.47 7.28 -7.9 -1.26 7.28 -13.17 -1.26 7.28
2 24 -7.61 -2.47 7.28 -7.9 -1.26 7.28
2 24 -13.17 -1.26 7.28 -7.9 -1.26 7.28
2 24 -13.17 -1.26 7.28 -13.03 -2.3 7.28

4 16 -13.17 1.26 7.28 -7.9 1.26 7.28 -7.61 2.47 7.28 -13.03 2.3 7.28
2 24 -13.17 1.26 7.28 -7.9 1.26 7.28
2 24 -7.9 1.26 7.28 -7.61 2.47 7.28
2 24 -13.03 2.3 7.28 -13.17 1.26 7.28
3 16 -6.48 4.7 7.28 -10.2 8.42 7.28 -7.13 3.63 7.28
2 24 -10.2 8.42 7.28 -6.48 4.7 7.28
2 24 -7.13 3.63 7.28 -6.48 4.7 7.28
4 16 -7.13 3.63 7.28 -10.2 8.42 7.28 -11.46 6.61 7.28 -7.61 2.47 7.28
2 24 -10.2 8.42 7.28 -11.46 6.61 7.28
2 24 -7.61 2.47 7.28 -7.13 3.63 7.28
4 16 -7.61 2.47 7.28 -11.46 6.61 7.28 -12.43 4.52 7.28 -13.03 2.3 7.28
2 24 -11.46 6.61 7.28 -12.43 4.52 7.28
2 24 -12.43 4.52 7.28 -13.03 2.3 7.28

4 16 4.7 6.48 7.28 8.42 10.2 7.28 6.61 11.46 7.28 3.63 7.13 7.28
2 24 8.42 10.2 7.28 4.7 6.48 7.28
2 24 8.42 10.2 7.28 6.61 11.46 7.28
2 24 4.7 6.48 7.28 3.63 7.13 7.28
4 16 3.63 7.13 7.28 6.61 11.46 7.28 4.52 12.43 7.28 2.47 7.61 7.28
2 24 6.61 11.46 7.28 4.52 12.43 7.28
2 24 3.63 7.13 7.28 2.47 7.61 7.28
4 16 2.47 7.61 7.28 4.52 12.43 7.28 2.3 13.03 7.28 1.25 7.9 7.28
2 24 4.52 12.43 7.28 2.3 13.03 7.28
2 24 2.47 7.61 7.28 1.25 7.9 7.28
4 16 1.25 7.9 7.28 2.3 13.03 7.28 0 13.23 7.28 0 8 7.28
2 24 2.3 13.03 7.28 0 13.23 7.28
2 24 1.25 7.9 7.28 0 8 7.28
4 16 0 8 7.28 0 13.23 7.28 -2.3 13.03 7.28 -1.25 7.9 7.28
2 24 0 13.23 7.28 -2.3 13.03 7.28
2 24 0 8 7.28 -1.25 7.9 7.28
4 16 -1.25 7.9 7.28 -2.3 13.03 7.28 -4.52 12.43 7.28 -2.47 7.61 7.28
2 24 -2.3 13.03 7.28 -4.52 12.43 7.28
2 24 -1.25 7.9 7.28 -2.47 7.61 7.28
4 16 -2.47 7.61 7.28 -4.52 12.43 7.28 -6.61 11.46 7.28 -3.63 7.13 7.28
2 24 -4.52 12.43 7.28 -6.61 11.46 7.28
2 24 -2.47 7.61 7.28 -3.63 7.13 7.28
4 16 -3.63 7.13 7.28 -6.61 11.46 7.28 -8.42 10.2 7.28 -4.7 6.48 7.28
2 24 -6.61 11.46 7.28 -8.42 10.2 7.28
2 24 -4.7 6.48 7.28 -8.42 10.2 7.28
2 24 -3.63 7.13 7.28 -4.7 6.48 7.28

3 16 10.2 8.42 7.28 6.48 4.7 7.28 11.46 6.61 7.28
2 24 6.48 4.7 7.28 10.2 8.42 7.28
2 24 11.46 6.61 7.28 10.2 8.42 7.28
4 16 11.46 6.61 7.28 6.48 4.7 7.28 7.13 3.63 7.28 12.43 4.52 7.28
2 24 7.13 3.63 7.28 6.48 4.7 7.28
2 24 12.43 4.52 7.28 11.46 6.61 7.28
4 16 12.43 4.52 7.28 7.13 3.63 7.28 7.61 2.47 7.28 13.03 2.3 7.28
2 24 7.61 2.47 7.28 7.13 3.63 7.28
2 24 13.03 2.3 7.28 12.43 4.52 7.28
4 16 13.03 2.3 7.28 7.61 2.47 7.28 7.9 1.26 7.28 13.17 1.26 7.28
2 24 7.9 1.26 7.28 7.61 2.47 7.28
2 24 13.17 1.26 7.28 7.9 1.26 7.28
2 24 13.17 1.26 7.28 13.03 2.3 7.28

4 16 13.17 -1.26 7.28 7.9 -1.26 7.28 7.61 -2.47 7.28 13.03 -2.3 7.28
2 24 7.9 -1.26 7.28 13.17 -1.26 7.28
2 24 7.61 -2.47 7.28 7.9 -1.26 7.28
2 24 13.03 -2.3 7.28 13.17 -1.26 7.28
3 16 6.48 -4.7 7.28 10.2 -8.42 7.28 7.13 -3.63 7.28
2 24 10.2 -8.42 7.28 6.48 -4.7 7.28
2 24 6.48 -4.7 7.28 7.13 -3.63 7.28
4 16 7.13 -3.63 7.28 10.2 -8.42 7.28 11.46 -6.61 7.28 7.61 -2.47 7.28
2 24 10.2 -8.42 7.28 11.46 -6.61 7.28
2 24 7.13 -3.63 7.28 7.61 -2.47 7.28
4 16 7.61 -2.47 7.28 11.46 -6.61 7.28 12.43 -4.52 7.28 13.03 -2.3 7.28
2 24 11.46 -6.61 7.28 12.43 -4.52 7.28
2 24 12.43 -4.52 7.28 13.03 -2.3 7.28

4 16 7.56 10.86 2.24 7.56 10.86 -2.24 7.56 -15.62 -2.24 7.56 -15.75 -1
2 24 7.56 10.86 -2.24 7.56 10.86 2.24
2 24 7.56 -15.75 -1 7.56 -15.62 -2.24
3 16 7.56 10.86 2.24 7.56 -15.75 -1 7.56 -15.75 1
2 24 7.56 -15.75 1 7.56 -15.75 -1
3 16 7.56 10.86 2.24 7.56 -15.75 1 7.56 -15.62 2.24
2 24 7.56 -15.62 2.24 7.56 -15.75 1

3 16 16.57 -15.75 1 16.63 -15.75 0.71 85.48 -15.75 1
2 24 16.63 -15.75 0.71 16.57 -15.75 1
3 16 85.48 -15.75 1 16.63 -15.75 0.71 16.69 -15.75 0
2 24 16.69 -15.75 0 16.63 -15.75 0.71
4 16 85.48 -15.75 1 16.69 -15.75 0 16.63 -15.75 -0.71 85.48 -15.75 -1
2 24 16.63 -15.75 -0.71 16.69 -15.75 0
3 16 85.48 -15.75 -1 16.63 -15.75 -0.71 16.57 -15.75 -1
2 24 16.57 -15.75 -1 16.63 -15.75 -0.71

3 16 8.63 -15.75 1 7.56 -15.75 1 8.57 -15.75 0.71
2 24 8.63 -15.75 1 8.57 -15.75 0.71
3 16 8.57 -15.75 0.71 7.56 -15.75 1 8.5 -15.75 0
2 24 8.57 -15.75 0.71 8.5 -15.75 0
3 16 8.5 -15.75 0 7.56 -15.75 1 8.57 -15.75 -0.71
2 24 8.5 -15.75 0 8.57 -15.75 -0.71
4 16 8.57 -15.75 -0.71 7.56 -15.75 1 7.56 -15.75 -1 8.63 -15.75 -1
2 24 8.57 -15.75 -0.71 8.63 -15.75 -1

3 16 85.48 15.75 -1 0.18 15.75 -1.01 0.09 15.75 -1
3 16 85.48 15.75 -1 0.09 15.75 -1 0 15.75 -1

4 16 13.23 -32.38 1.09 14.15 -32.38 2.69 13.66 -32.38 2.92 13.03 -32.38 1.18
2 24 13.66 -32.38 2.92 14.15 -32.38 2.69
2 24 13.23 -32.38 1.09 13.03 -32.38 1.18
4 16 13.03 -32.38 1.18 13.66 -32.38 2.92 13.14 -32.38 3.06 12.82 -32.38 1.24
2 24 13.14 -32.38 3.06 13.66 -32.38 2.92
2 24 13.03 -32.38 1.18 12.82 -32.38 1.24
4 16 12.82 -32.38 1.24 13.14 -32.38 3.06 12.6 -32.38 3.11 12.6 -32.38 1.26
2 24 12.6 -32.38 3.11 13.14 -32.38 3.06
2 24 12.82 -32.38 1.24 12.6 -32.38 1.26
4 16 12.6 -32.38 1.26 12.6 -32.38 3.11 12.06 -32.38 3.06 12.38 -32.38 1.24
2 24 12.06 -32.38 3.06 12.6 -32.38 3.11
2 24 12.6 -32.38 1.26 12.38 -32.38 1.24
4 16 12.38 -32.38 1.24 12.06 -32.38 3.06 11.54 -32.38 2.92 12.17 -32.38 1.18
2 24 11.54 -32.38 2.92 12.06 -32.38 3.06
2 24 12.38 -32.38 1.24 12.17 -32.38 1.18
4 16 12.17 -32.38 1.18 11.54 -32.38 2.92 11.05 -32.38 2.69 11.97 -32.38 1.09
2 24 11.05 -32.38 2.69 11.54 -32.38 2.92
2 24 12.17 -32.38 1.18 11.97 -32.38 1.09
4 16 11.97 -32.38 1.09 11.05 -32.38 2.69 10.6 -32.38 2.38 11.79 -32.38 0.97
2 24 10.6 -32.38 2.38 11.05 -32.38 2.69
2 24 11.97 -32.38 1.09 11.79 -32.38 0.97
4 16 11.79 -32.38 0.97 10.6 -32.38 2.38 10.22 -32.38 2 11.63 -32.38 0.81
2 24 10.22 -32.38 2 10.6 -32.38 2.38
2 24 11.79 -32.38 0.97 11.63 -32.38 0.81
4 16 11.63 -32.38 0.81 10.22 -32.38 2 9.91 -32.38 1.55 11.51 -32.38 0.63
2 24 9.91 -32.38 1.55 10.22 -32.38 2
2 24 11.63 -32.38 0.81 11.51 -32.38 0.63
4 16 11.51 -32.38 0.63 9.91 -32.38 1.55 9.68 -32.38 1.06 11.41 -32.38 0.43
2 24 9.68 -32.38 1.06 9.91 -32.38 1.55
2 24 11.51 -32.38 0.63 11.41 -32.38 0.43
4 16 11.41 -32.38 0.43 9.68 -32.38 1.06 9.54 -32.38 0.54 11.36 -32.38 0.22
2 24 9.54 -32.38 0.54 9.68 -32.38 1.06
2 24 11.41 -32.38 0.43 11.36 -32.38 0.22
4 16 11.36 -32.38 0.22 9.54 -32.38 0.54 9.49 -32.38 0 11.34 -32.38 0
2 24 9.49 -32.38 0 9.54 -32.38 0.54
2 24 11.36 -32.38 0.22 11.34 -32.38 0
4 16 11.34 -32.38 0 9.49 -32.38 0 9.54 -32.38 -0.54 11.36 -32.38 -0.22
2 24 9.49 -32.38 0 9.54 -32.38 -0.54
2 24 11.34 -32.38 0 11.36 -32.38 -0.22
4 16 11.36 -32.38 -0.22 9.54 -32.38 -0.54 9.68 -32.38 -1.06 11.41 -32.38 -0.43
2 24 9.54 -32.38 -0.54 9.68 -32.38 -1.06
2 24 11.36 -32.38 -0.22 11.41 -32.38 -0.43
4 16 11.41 -32.38 -0.43 9.68 -32.38 -1.06 9.91 -32.38 -1.55 11.51 -32.38 -0.63
2 24 9.68 -32.38 -1.06 9.91 -32.38 -1.55
2 24 11.41 -32.38 -0.43 11.51 -32.38 -0.63
4 16 11.51 -32.38 -0.63 9.91 -32.38 -1.55 10.22 -32.38 -2 11.63 -32.38 -0.81
2 24 9.91 -32.38 -1.55 10.22 -32.38 -2
2 24 11.51 -32.38 -0.63 11.63 -32.38 -0.81
4 16 11.63 -32.38 -0.81 10.22 -32.38 -2 10.6 -32.38 -2.38 11.79 -32.38 -0.97
2 24 10.22 -32.38 -2 10.6 -32.38 -2.38
2 24 11.63 -32.38 -0.81 11.79 -32.38 -0.97
4 16 11.79 -32.38 -0.97 10.6 -32.38 -2.38 11.05 -32.38 -2.69 11.97 -32.38 -1.09
2 24 10.6 -32.38 -2.38 11.05 -32.38 -2.69
2 24 11.79 -32.38 -0.97 11.97 -32.38 -1.09
4 16 11.97 -32.38 -1.09 11.05 -32.38 -2.69 11.54 -32.38 -2.92 12.17 -32.38 -1.18
2 24 11.05 -32.38 -2.69 11.54 -32.38 -2.92
2 24 11.97 -32.38 -1.09 12.17 -32.38 -1.18
4 16 12.17 -32.38 -1.18 11.54 -32.38 -2.92 12.06 -32.38 -3.06 12.38 -32.38 -1.24
2 24 11.54 -32.38 -2.92 12.06 -32.38 -3.06
2 24 12.17 -32.38 -1.18 12.38 -32.38 -1.24
4 16 12.38 -32.38 -1.24 12.06 -32.38 -3.06 12.6 -32.38 -3.11 12.6 -32.38 -1.26
2 24 12.06 -32.38 -3.06 12.6 -32.38 -3.11
2 24 12.38 -32.38 -1.24 12.6 -32.38 -1.26
4 16 12.6 -32.38 -1.26 12.6 -32.38 -3.11 13.14 -32.38 -3.06 12.82 -32.38 -1.24
2 24 12.6 -32.38 -3.11 13.14 -32.38 -3.06
2 24 12.6 -32.38 -1.26 12.82 -32.38 -1.24
4 16 12.82 -32.38 -1.24 13.14 -32.38 -3.06 13.66 -32.38 -2.92 13.03 -32.38 -1.18
2 24 13.14 -32.38 -3.06 13.66 -32.38 -2.92
2 24 12.82 -32.38 -1.24 13.03 -32.38 -1.18
4 16 13.03 -32.38 -1.18 13.66 -32.38 -2.92 14.15 -32.38 -2.69 13.23 -32.38 -1.09
2 24 13.66 -32.38 -2.92 14.15 -32.38 -2.69
2 24 13.03 -32.38 -1.18 13.23 -32.38 -1.09
4 16 13.23 -32.38 -1.09 14.15 -32.38 -2.69 14.59 -32.38 -2.38 13.41 -32.38 -0.97
2 24 14.15 -32.38 -2.69 14.59 -32.38 -2.38
2 24 13.23 -32.38 -1.09 13.41 -32.38 -0.97
4 16 13.41 -32.38 -0.97 14.59 -32.38 -2.38 14.98 -32.38 -2 13.56 -32.38 -0.81
2 24 14.59 -32.38 -2.38 14.98 -32.38 -2
2 24 13.41 -32.38 -0.97 13.56 -32.38 -0.81
4 16 13.56 -32.38 -0.81 14.98 -32.38 -2 15.29 -32.38 -1.55 13.69 -32.38 -0.63
2 24 14.98 -32.38 -2 15.29 -32.38 -1.55
2 24 13.56 -32.38 -0.81 13.69 -32.38 -0.63
4 16 13.69 -32.38 -0.63 15.29 -32.38 -1.55 15.52 -32.38 -1.06 13.78 -32.38 -0.43
2 24 15.29 -32.38 -1.55 15.52 -32.38 -1.06
2 24 13.69 -32.38 -0.63 13.78 -32.38 -0.43
4 16 13.78 -32.38 -0.43 15.52 -32.38 -1.06 15.66 -32.38 -0.54 13.84 -32.38 -0.22
2 24 15.52 -32.38 -1.06 15.66 -32.38 -0.54
2 24 13.78 -32.38 -0.43 13.84 -32.38 -0.22
4 16 13.84 -32.38 -0.22 15.66 -32.38 -0.54 15.7 -32.38 0 13.86 -32.38 0
2 24 15.66 -32.38 -0.54 15.7 -32.38 0
2 24 13.84 -32.38 -0.22 13.86 -32.38 0
4 16 13.86 -32.38 0 15.7 -32.38 0 15.66 -32.38 0.54 13.84 -32.38 0.22
2 24 15.66 -32.38 0.54 15.7 -32.38 0
2 24 13.86 -32.38 0 13.84 -32.38 0.22
4 16 13.84 -32.38 0.22 15.66 -32.38 0.54 15.52 -32.38 1.06 13.78 -32.38 0.43
2 24 15.52 -32.38 1.06 15.66 -32.38 0.54
2 24 13.84 -32.38 0.22 13.78 -32.38 0.43
4 16 13.78 -32.38 0.43 15.52 -32.38 1.06 15.29 -32.38 1.55 13.69 -32.38 0.63
2 24 15.29 -32.38 1.55 15.52 -32.38 1.06
2 24 13.78 -32.38 0.43 13.69 -32.38 0.63
4 16 13.69 -32.38 0.63 15.29 -32.38 1.55 14.98 -32.38 2 13.56 -32.38 0.81
2 24 14.98 -32.38 2 15.29 -32.38 1.55
2 24 13.69 -32.38 0.63 13.56 -32.38 0.81
4 16 13.56 -32.38 0.81 14.98 -32.38 2 14.59 -32.38 2.38 13.41 -32.38 0.97
2 24 14.59 -32.38 2.38 14.98 -32.38 2
2 24 13.56 -32.38 0.81 13.41 -32.38 0.97
4 16 13.41 -32.38 0.97 14.59 -32.38 2.38 14.15 -32.38 2.69 13.23 -32.38 1.09
2 24 14.15 -32.38 2.69 14.59 -32.38 2.38
2 24 13.41 -32.38 0.97 13.23 -32.38 1.09

4 16 13.86 -32.38 0 13.86 -16 0 13.84 -16 -0.22 13.84 -32.38 -0.22
4 16 13.84 -32.38 -0.22 13.84 -16 -0.22 13.78 -16 -0.43 13.78 -32.38 -0.43
4 16 13.78 -32.38 -0.43 13.78 -16 -0.43 13.69 -16 -0.63 13.69 -32.38 -0.63
4 16 13.69 -32.38 -0.63 13.69 -16 -0.63 13.56 -16 -0.81 13.56 -32.38 -0.81
4 16 13.56 -32.38 -0.81 13.56 -16 -0.81 13.41 -16 -0.97 13.41 -32.38 -0.97
4 16 13.41 -32.38 -0.97 13.41 -16 -0.97 13.23 -16 -1.09 13.23 -32.38 -1.09
4 16 13.23 -32.38 -1.09 13.23 -16 -1.09 13.03 -16 -1.18 13.03 -32.38 -1.18
4 16 13.03 -32.38 -1.18 13.03 -16 -1.18 12.82 -16 -1.24 12.82 -32.38 -1.24
4 16 12.82 -32.38 -1.24 12.82 -16 -1.24 12.6 -16 -1.26 12.6 -32.38 -1.26
4 16 12.6 -32.38 -1.26 12.6 -16 -1.26 12.38 -16 -1.24 12.38 -32.38 -1.24
4 16 12.38 -32.38 -1.24 12.38 -16 -1.24 12.17 -16 -1.18 12.17 -32.38 -1.18
4 16 12.17 -32.38 -1.18 12.17 -16 -1.18 11.97 -16 -1.09 11.97 -32.38 -1.09
4 16 11.97 -32.38 -1.09 11.97 -16 -1.09 11.79 -16 -0.97 11.79 -32.38 -0.97
4 16 11.79 -32.38 -0.97 11.79 -16 -0.97 11.63 -16 -0.81 11.63 -32.38 -0.81
4 16 11.63 -32.38 -0.81 11.63 -16 -0.81 11.51 -16 -0.63 11.51 -32.38 -0.63
4 16 11.51 -32.38 -0.63 11.51 -16 -0.63 11.41 -16 -0.43 11.41 -32.38 -0.43
4 16 11.41 -32.38 -0.43 11.41 -16 -0.43 11.36 -16 -0.22 11.36 -32.38 -0.22
4 16 11.36 -32.38 -0.22 11.36 -16 -0.22 11.34 -16 0 11.34 -32.38 0
4 16 15.75 -29.86 0 16.49 -27.34 0 16.44 -27.34 0.68 15.7 -29.86 0.55
4 16 15.7 -29.86 0.55 16.44 -27.34 0.68 16.26 -27.34 1.33 15.56 -29.86 1.08
4 16 15.56 -29.86 1.08 16.26 -27.34 1.33 15.97 -27.34 1.95 15.33 -29.86 1.57
4 16 15.33 -29.86 1.57 15.97 -27.34 1.95 15.58 -27.34 2.5 15.01 -29.86 2.02
4 16 15.01 -29.86 2.02 15.58 -27.34 2.5 15.1 -27.34 2.98 14.62 -29.86 2.41
4 16 14.62 -29.86 2.41 15.1 -27.34 2.98 14.55 -27.34 3.37 14.17 -29.86 2.73
4 16 14.17 -29.86 2.73 14.55 -27.34 3.37 13.93 -27.34 3.66 13.68 -29.86 2.96
4 16 13.68 -29.86 2.96 13.93 -27.34 3.66 13.28 -27.34 3.84 13.15 -29.86 3.1
4 16 13.15 -29.86 3.1 13.28 -27.34 3.84 12.6 -27.34 3.9 12.6 -29.86 3.15
4 16 12.6 -29.86 3.15 12.6 -27.34 3.9 11.92 -27.34 3.84 12.05 -29.86 3.1
4 16 12.05 -29.86 3.1 11.92 -27.34 3.84 11.27 -27.34 3.66 11.52 -29.86 2.96
4 16 11.52 -29.86 2.96 11.27 -27.34 3.66 10.65 -27.34 3.37 11.02 -29.86 2.73
4 16 11.02 -29.86 2.73 10.65 -27.34 3.37 10.09 -27.34 2.98 10.57 -29.86 2.41
4 16 10.57 -29.86 2.41 10.09 -27.34 2.98 9.61 -27.34 2.5 10.19 -29.86 2.02
4 16 10.19 -29.86 2.02 9.61 -27.34 2.5 9.22 -27.34 1.95 9.87 -29.86 1.57
4 16 9.87 -29.86 1.57 9.22 -27.34 1.95 8.94 -27.34 1.33 9.64 -29.86 1.08
4 16 9.64 -29.86 1.08 8.94 -27.34 1.33 8.76 -27.34 0.68 9.5 -29.86 0.55
4 16 9.5 -29.86 0.55 8.76 -27.34 0.68 8.7 -27.34 0 9.45 -29.86 0
4 16 15.7 -32.38 0 15.75 -29.86 0 15.7 -29.86 0.55 15.66 -32.38 0.54
4 16 15.66 -32.38 0.54 15.7 -29.86 0.55 15.56 -29.86 1.08 15.52 -32.38 1.06
4 16 15.52 -32.38 1.06 15.56 -29.86 1.08 15.33 -29.86 1.57 15.29 -32.38 1.55
4 16 15.29 -32.38 1.55 15.33 -29.86 1.57 15.01 -29.86 2.02 14.98 -32.38 2
4 16 14.98 -32.38 2 15.01 -29.86 2.02 14.62 -29.86 2.41 14.59 -32.38 2.38
4 16 14.59 -32.38 2.38 14.62 -29.86 2.41 14.17 -29.86 2.73 14.15 -32.38 2.69
4 16 14.15 -32.38 2.69 14.17 -29.86 2.73 13.68 -29.86 2.96 13.66 -32.38 2.92
4 16 13.66 -32.38 2.92 13.68 -29.86 2.96 13.15 -29.86 3.1 13.14 -32.38 3.06
4 16 13.14 -32.38 3.06 13.15 -29.86 3.1 12.6 -29.86 3.15 12.6 -32.38 3.11
4 16 12.6 -32.38 3.11 12.6 -29.86 3.15 12.05 -29.86 3.1 12.06 -32.38 3.06
4 16 12.06 -32.38 3.06 12.05 -29.86 3.1 11.52 -29.86 2.96 11.54 -32.38 2.92
4 16 11.54 -32.38 2.92 11.52 -29.86 2.96 11.02 -29.86 2.73 11.05 -32.38 2.69
4 16 11.05 -32.38 2.69 11.02 -29.86 2.73 10.57 -29.86 2.41 10.6 -32.38 2.38
4 16 10.6 -32.38 2.38 10.57 -29.86 2.41 10.19 -29.86 2.02 10.22 -32.38 2
4 16 10.22 -32.38 2 10.19 -29.86 2.02 9.87 -29.86 1.57 9.91 -32.38 1.55
4 16 9.91 -32.38 1.55 9.87 -29.86 1.57 9.64 -29.86 1.08 9.68 -32.38 1.06
4 16 9.68 -32.38 1.06 9.64 -29.86 1.08 9.5 -29.86 0.55 9.54 -32.38 0.54
4 16 9.54 -32.38 0.54 9.5 -29.86 0.55 9.45 -29.86 0 9.49 -32.38 0
4 16 8.5 -16 0 8.57 -16 0.71 8.57 -15.75 0.71 8.5 -15.75 0
4 16 10.55 -16 3.55 10.55 -15.38 3.55 9.97 -15.46 3.14 9.97 -16 3.14
2 24 10.55 -15.38 3.55 9.97 -15.46 3.14
4 16 9.97 -16 3.14 9.97 -15.46 3.14 9.46 -15.56 2.63 9.46 -16 2.63
2 24 9.97 -15.46 3.14 9.46 -15.56 2.63
4 16 9.46 -16 2.63 9.46 -15.56 2.63 9.05 -15.65 2.05 9.05 -16 2.05
2 24 9.46 -15.56 2.63 9.05 -15.65 2.05
3 16 9.05 -16 2.05 9.05 -15.65 2.05 8.89 -15.68 1.73
2 24 9.05 -15.65 2.05 8.89 -15.68 1.73
3 16 9.05 -16 2.05 8.89 -15.68 1.73 8.75 -16 1.4
3 16 8.75 -16 1.4 8.89 -15.68 1.73 8.75 -15.72 1.4
2 24 8.89 -15.68 1.73 8.75 -15.72 1.4
3 16 8.75 -16 1.4 8.75 -15.72 1.4 8.57 -16 0.71
3 16 8.57 -16 0.71 8.75 -15.72 1.4 8.63 -15.75 1
2 24 8.75 -15.72 1.4 8.63 -15.75 1
3 16 8.57 -16 0.71 8.63 -15.75 1 8.57 -15.75 0.71
3 16 11.2 -16 3.85 10.87 -15.34 3.71 10.55 -16 3.55
3 16 10.55 -16 3.55 10.87 -15.34 3.71 10.55 -15.38 3.55
2 24 10.87 -15.34 3.71 10.55 -15.38 3.55
3 16 11.89 -16 4.03 11.54 -15.28 3.96 11.2 -16 3.85
3 16 11.2 -16 3.85 11.54 -15.28 3.96 11.2 -15.3 3.85
2 24 11.54 -15.28 3.96 11.2 -15.3 3.85
3 16 11.2 -16 3.85 11.2 -15.3 3.85 10.87 -15.34 3.71
2 24 11.2 -15.3 3.85 10.87 -15.34 3.71
3 16 12.6 -16 4.09 12.24 -15.24 4.08 11.89 -16 4.03
3 16 11.89 -16 4.03 12.24 -15.24 4.08 11.89 -15.26 4.03
2 24 12.24 -15.24 4.08 11.89 -15.26 4.03
3 16 11.89 -16 4.03 11.89 -15.26 4.03 11.54 -15.28 3.96
2 24 11.89 -15.26 4.03 11.54 -15.28 3.96
3 16 13.31 -16 4.03 12.96 -15.24 4.08 12.6 -16 4.09
3 16 12.6 -16 4.09 12.96 -15.24 4.08 12.6 -15.24 4.09
2 24 12.96 -15.24 4.08 12.6 -15.24 4.09
3 16 12.6 -16 4.09 12.6 -15.24 4.09 12.24 -15.24 4.08
2 24 12.6 -15.24 4.09 12.24 -15.24 4.08
3 16 14 -16 3.85 13.657 -15.276 3.955 13.31 -16 4.03
3 16 13.31 -16 4.03 13.657 -15.276 3.955 13.31 -15.26 4.03
2 24 13.657 -15.276 3.955 13.31 -15.26 4.03
3 16 13.31 -16 4.03 13.31 -15.26 4.03 12.96 -15.24 4.08
2 24 13.31 -15.26 4.03 12.96 -15.24 4.08
3 16 14.65 -16 3.55 14.33 -15.337 3.71 14 -16 3.85
3 16 14 -16 3.85 14.33 -15.337 3.71 13.999 -15.303 3.848
2 24 14.33 -15.337 3.71 13.999 -15.303 3.848
3 16 14 -16 3.85 13.999 -15.303 3.848 13.657 -15.276 3.955
2 24 13.999 -15.303 3.848 13.657 -15.276 3.955
3 16 16.31 -15.68 1.73 16.14 -15.65 2.05 16.14 -16 2.05
2 24 16.31 -15.68 1.73 16.14 -15.65 2.05
4 16 16.14 -16 2.05 16.14 -15.65 2.05 15.73 -15.56 2.63 15.73 -16 2.63
2 24 16.14 -15.65 2.05 15.73 -15.56 2.63
4 16 15.73 -16 2.63 15.73 -15.56 2.63 15.23 -15.46 3.14 15.23 -16 3.14
2 24 15.73 -15.56 2.63 15.23 -15.46 3.14
3 16 15.23 -16 3.14 15.23 -15.46 3.14 14.848 -15.404 3.421
2 24 15.23 -15.46 3.14 14.848 -15.404 3.421
3 16 15.23 -16 3.14 14.848 -15.404 3.421 14.65 -16 3.55
3 16 14.65 -16 3.55 14.848 -15.404 3.421 14.646 -15.376 3.546
2 24 14.848 -15.404 3.421 14.646 -15.376 3.546
3 16 14.65 -16 3.55 14.646 -15.376 3.546 14.33 -15.337 3.71
2 24 14.646 -15.376 3.546 14.33 -15.337 3.71
3 16 16.31 -15.68 1.73 16.14 -16 2.05 16.45 -15.72 1.4
2 24 16.45 -15.72 1.4 16.31 -15.68 1.73
3 16 16.45 -15.72 1.4 16.14 -16 2.05 16.45 -16 1.4
3 16 16.45 -15.72 1.4 16.45 -16 1.4 16.57 -15.75 1
2 24 16.57 -15.75 1 16.45 -15.72 1.4
3 16 16.57 -15.75 1 16.45 -16 1.4 16.63 -16 0.71
3 16 16.57 -15.75 1 16.63 -16 0.71 16.63 -15.75 0.71
4 16 16.63 -15.75 0.71 16.63 -16 0.71 16.69 -16 0 16.69 -15.75 0
4 16 16.49 -27.34 0 16.69 -16 0 16.63 -16 0.71 16.44 -27.34 0.68
4 16 16.44 -27.34 0.68 16.63 -16 0.71 16.45 -16 1.4 16.26 -27.34 1.33
4 16 16.26 -27.34 1.33 16.45 -16 1.4 16.14 -16 2.05 15.97 -27.34 1.95
4 16 15.97 -27.34 1.95 16.14 -16 2.05 15.73 -16 2.63 15.58 -27.34 2.5
4 16 15.58 -27.34 2.5 15.73 -16 2.63 15.23 -16 3.14 15.1 -27.34 2.98
4 16 15.1 -27.34 2.98 15.23 -16 3.14 14.65 -16 3.55 14.55 -27.34 3.37
4 16 14.55 -27.34 3.37 14.65 -16 3.55 14 -16 3.85 13.93 -27.34 3.66
4 16 13.93 -27.34 3.66 14 -16 3.85 13.31 -16 4.03 13.28 -27.34 3.84
4 16 13.28 -27.34 3.84 13.31 -16 4.03 12.6 -16 4.09 12.6 -27.34 3.9
4 16 12.6 -27.34 3.9 12.6 -16 4.09 11.89 -16 4.03 11.92 -27.34 3.84
4 16 11.92 -27.34 3.84 11.89 -16 4.03 11.2 -16 3.85 11.27 -27.34 3.66
4 16 11.27 -27.34 3.66 11.2 -16 3.85 10.55 -16 3.55 10.65 -27.34 3.37
4 16 10.65 -27.34 3.37 10.55 -16 3.55 9.97 -16 3.14 10.09 -27.34 2.98
4 16 10.09 -27.34 2.98 9.97 -16 3.14 9.46 -16 2.63 9.61 -27.34 2.5
4 16 9.61 -27.34 2.5 9.46 -16 2.63 9.05 -16 2.05 9.22 -27.34 1.95
4 16 9.22 -27.34 1.95 9.05 -16 2.05 8.75 -16 1.4 8.94 -27.34 1.33
4 16 8.94 -27.34 1.33 8.75 -16 1.4 8.57 -16 0.71 8.76 -27.34 0.68
4 16 8.76 -27.34 0.68 8.57 -16 0.71 8.5 -16 0 8.7 -27.34 0
4 16 16.69 -16 0 16.63 -16 -0.71 16.63 -15.75 -0.71 16.69 -15.75 0
4 16 14.65 -16 -3.55 14.65 -15.38 -3.55 15.23 -15.46 -3.14 15.23 -16 -3.14
2 24 14.65 -15.38 -3.55 15.23 -15.46 -3.14
4 16 15.23 -16 -3.14 15.23 -15.46 -3.14 15.73 -15.56 -2.63 15.73 -16 -2.63
2 24 15.23 -15.46 -3.14 15.73 -15.56 -2.63
4 16 15.73 -16 -2.63 15.73 -15.56 -2.63 16.14 -15.65 -2.05 16.14 -16 -2.05
2 24 15.73 -15.56 -2.63 16.14 -15.65 -2.05
3 16 16.14 -16 -2.05 16.14 -15.65 -2.05 16.31 -15.68 -1.73
2 24 16.14 -15.65 -2.05 16.31 -15.68 -1.73
3 16 16.14 -16 -2.05 16.31 -15.68 -1.73 16.45 -16 -1.4
3 16 16.45 -16 -1.4 16.31 -15.68 -1.73 16.45 -15.72 -1.4
2 24 16.31 -15.68 -1.73 16.45 -15.72 -1.4
3 16 16.45 -16 -1.4 16.45 -15.72 -1.4 16.63 -16 -0.71
3 16 16.63 -16 -0.71 16.45 -15.72 -1.4 16.57 -15.75 -1
2 24 16.45 -15.72 -1.4 16.57 -15.75 -1
3 16 16.63 -16 -0.71 16.57 -15.75 -1 16.63 -15.75 -0.71
3 16 14 -16 -3.85 14.33 -15.337 -3.71 14.65 -16 -3.55
3 16 14.65 -16 -3.55 14.33 -15.337 -3.71 14.65 -15.38 -3.55
2 24 14.33 -15.337 -3.71 14.65 -15.38 -3.55
3 16 13.31 -16 -4.03 13.657 -15.276 -3.955 14 -16 -3.85
3 16 14 -16 -3.85 13.657 -15.276 -3.955 13.999 -15.303 -3.848
2 24 13.657 -15.276 -3.955 13.999 -15.303 -3.848
3 16 14 -16 -3.85 13.999 -15.303 -3.848 14.33 -15.337 -3.71
2 24 13.999 -15.303 -3.848 14.33 -15.337 -3.71
3 16 12.6 -16 -4.09 12.96 -15.24 -4.08 13.31 -16 -4.03
3 16 13.31 -16 -4.03 12.96 -15.24 -4.08 13.31 -15.26 -4.03
2 24 12.96 -15.24 -4.08 13.31 -15.26 -4.03
3 16 13.31 -16 -4.03 13.31 -15.26 -4.03 13.657 -15.276 -3.955
2 24 13.31 -15.26 -4.03 13.657 -15.276 -3.955
3 16 11.89 -16 -4.03 12.24 -15.24 -4.08 12.6 -16 -4.09
3 16 12.6 -16 -4.09 12.24 -15.24 -4.08 12.6 -15.24 -4.09
2 24 12.24 -15.24 -4.08 12.6 -15.24 -4.09
3 16 12.6 -16 -4.09 12.6 -15.24 -4.09 12.96 -15.24 -4.08
2 24 12.6 -15.24 -4.09 12.96 -15.24 -4.08
3 16 11.2 -16 -3.85 11.54 -15.28 -3.96 11.89 -16 -4.03
3 16 11.89 -16 -4.03 11.54 -15.28 -3.96 11.89 -15.26 -4.03
2 24 11.54 -15.28 -3.96 11.89 -15.26 -4.03
3 16 11.89 -16 -4.03 11.89 -15.26 -4.03 12.24 -15.24 -4.08
2 24 11.89 -15.26 -4.03 12.24 -15.24 -4.08
3 16 10.55 -16 -3.55 10.87 -15.34 -3.71 11.2 -16 -3.85
3 16 11.2 -16 -3.85 10.87 -15.34 -3.71 11.2 -15.3 -3.85
2 24 10.87 -15.34 -3.71 11.2 -15.3 -3.85
3 16 11.2 -16 -3.85 11.2 -15.3 -3.85 11.54 -15.28 -3.96
2 24 11.2 -15.3 -3.85 11.54 -15.28 -3.96
3 16 8.89 -15.68 -1.73 9.05 -15.65 -2.05 9.05 -16 -2.05
2 24 8.89 -15.68 -1.73 9.05 -15.65 -2.05
4 16 9.05 -16 -2.05 9.05 -15.65 -2.05 9.46 -15.56 -2.63 9.46 -16 -2.63
2 24 9.05 -15.65 -2.05 9.46 -15.56 -2.63
4 16 9.46 -16 -2.63 9.46 -15.56 -2.63 9.97 -15.46 -3.14 9.97 -16 -3.14
2 24 9.46 -15.56 -2.63 9.97 -15.46 -3.14
3 16 9.97 -16 -3.14 9.97 -15.46 -3.14 10.35 -15.4 -3.42
2 24 9.97 -15.46 -3.14 10.35 -15.4 -3.42
3 16 9.97 -16 -3.14 10.35 -15.4 -3.42 10.55 -16 -3.55
3 16 10.55 -16 -3.55 10.35 -15.4 -3.42 10.55 -15.38 -3.55
2 24 10.35 -15.4 -3.42 10.55 -15.38 -3.55
3 16 10.55 -16 -3.55 10.55 -15.38 -3.55 10.87 -15.34 -3.71
2 24 10.55 -15.38 -3.55 10.87 -15.34 -3.71
3 16 8.89 -15.68 -1.73 9.05 -16 -2.05 8.75 -15.72 -1.4
2 24 8.75 -15.72 -1.4 8.89 -15.68 -1.73
3 16 8.75 -15.72 -1.4 9.05 -16 -2.05 8.75 -16 -1.4
3 16 8.75 -15.72 -1.4 8.75 -16 -1.4 8.63 -15.75 -1
2 24 8.63 -15.75 -1 8.75 -15.72 -1.4
3 16 8.63 -15.75 -1 8.75 -16 -1.4 8.57 -16 -0.71
3 16 8.63 -15.75 -1 8.57 -16 -0.71 8.57 -15.75 -0.71
4 16 8.57 -15.75 -0.71 8.57 -16 -0.71 8.5 -16 0 8.5 -15.75 0
4 16 8.7 -27.34 0 8.5 -16 0 8.57 -16 -0.71 8.76 -27.34 -0.68
4 16 8.76 -27.34 -0.68 8.57 -16 -0.71 8.75 -16 -1.4 8.94 -27.34 -1.33
4 16 8.94 -27.34 -1.33 8.75 -16 -1.4 9.05 -16 -2.05 9.22 -27.34 -1.95
4 16 9.22 -27.34 -1.95 9.05 -16 -2.05 9.46 -16 -2.63 9.61 -27.34 -2.5
4 16 9.61 -27.34 -2.5 9.46 -16 -2.63 9.97 -16 -3.14 10.09 -27.34 -2.98
4 16 10.09 -27.34 -2.98 9.97 -16 -3.14 10.55 -16 -3.55 10.65 -27.34 -3.37
4 16 10.65 -27.34 -3.37 10.55 -16 -3.55 11.2 -16 -3.85 11.27 -27.34 -3.66
4 16 11.27 -27.34 -3.66 11.2 -16 -3.85 11.89 -16 -4.03 11.92 -27.34 -3.84
4 16 11.92 -27.34 -3.84 11.89 -16 -4.03 12.6 -16 -4.09 12.6 -27.34 -3.9
4 16 12.6 -27.34 -3.9 12.6 -16 -4.09 13.31 -16 -4.03 13.28 -27.34 -3.84
4 16 13.28 -27.34 -3.84 13.31 -16 -4.03 14 -16 -3.85 13.93 -27.34 -3.66
4 16 13.93 -27.34 -3.66 14 -16 -3.85 14.65 -16 -3.55 14.55 -27.34 -3.37
4 16 14.55 -27.34 -3.37 14.65 -16 -3.55 15.23 -16 -3.14 15.1 -27.34 -2.98
4 16 15.1 -27.34 -2.98 15.23 -16 -3.14 15.73 -16 -2.63 15.58 -27.34 -2.5
4 16 15.58 -27.34 -2.5 15.73 -16 -2.63 16.14 -16 -2.05 15.97 -27.34 -1.95
4 16 15.97 -27.34 -1.95 16.14 -16 -2.05 16.45 -16 -1.4 16.26 -27.34 -1.33
4 16 16.26 -27.34 -1.33 16.45 -16 -1.4 16.63 -16 -0.71 16.44 -27.34 -0.68
4 16 16.44 -27.34 -0.68 16.63 -16 -0.71 16.69 -16 0 16.49 -27.34 0
4 16 9.45 -29.86 0 8.7 -27.34 0 8.76 -27.34 -0.68 9.5 -29.86 -0.55
4 16 9.5 -29.86 -0.55 8.76 -27.34 -0.68 8.94 -27.34 -1.33 9.64 -29.86 -1.08
4 16 9.64 -29.86 -1.08 8.94 -27.34 -1.33 9.22 -27.34 -1.95 9.87 -29.86 -1.57
4 16 9.87 -29.86 -1.57 9.22 -27.34 -1.95 9.61 -27.34 -2.5 10.19 -29.86 -2.02
4 16 10.19 -29.86 -2.02 9.61 -27.34 -2.5 10.09 -27.34 -2.98 10.57 -29.86 -2.41
4 16 10.57 -29.86 -2.41 10.09 -27.34 -2.98 10.65 -27.34 -3.37 11.02 -29.86 -2.73
4 16 11.02 -29.86 -2.73 10.65 -27.34 -3.37 11.27 -27.34 -3.66 11.52 -29.86 -2.96
4 16 11.52 -29.86 -2.96 11.27 -27.34 -3.66 11.92 -27.34 -3.84 12.05 -29.86 -3.1
4 16 12.05 -29.86 -3.1 11.92 -27.34 -3.84 12.6 -27.34 -3.9 12.6 -29.86 -3.15
4 16 12.6 -29.86 -3.15 12.6 -27.34 -3.9 13.28 -27.34 -3.84 13.15 -29.86 -3.1
4 16 13.15 -29.86 -3.1 13.28 -27.34 -3.84 13.93 -27.34 -3.66 13.68 -29.86 -2.96
4 16 13.68 -29.86 -2.96 13.93 -27.34 -3.66 14.55 -27.34 -3.37 14.17 -29.86 -2.73
4 16 14.17 -29.86 -2.73 14.55 -27.34 -3.37 15.1 -27.34 -2.98 14.62 -29.86 -2.41
4 16 14.62 -29.86 -2.41 15.1 -27.34 -2.98 15.58 -27.34 -2.5 15.01 -29.86 -2.02
4 16 15.01 -29.86 -2.02 15.58 -27.34 -2.5 15.97 -27.34 -1.95 15.33 -29.86 -1.57
4 16 15.33 -29.86 -1.57 15.97 -27.34 -1.95 16.26 -27.34 -1.33 15.56 -29.86 -1.08
4 16 15.56 -29.86 -1.08 16.26 -27.34 -1.33 16.44 -27.34 -0.68 15.7 -29.86 -0.55
4 16 15.7 -29.86 -0.55 16.44 -27.34 -0.68 16.49 -27.34 0 15.75 -29.86 0
4 16 11.34 -32.38 0 11.34 -16 0 11.36 -16 0.22 11.36 -32.38 0.22
4 16 11.36 -32.38 0.22 11.36 -16 0.22 11.41 -16 0.43 11.41 -32.38 0.43
4 16 11.41 -32.38 0.43 11.41 -16 0.43 11.51 -16 0.63 11.51 -32.38 0.63
4 16 11.51 -32.38 0.63 11.51 -16 0.63 11.63 -16 0.81 11.63 -32.38 0.81
4 16 11.63 -32.38 0.81 11.63 -16 0.81 11.79 -16 0.97 11.79 -32.38 0.97
4 16 11.79 -32.38 0.97 11.79 -16 0.97 11.97 -16 1.09 11.97 -32.38 1.09
4 16 11.97 -32.38 1.09 11.97 -16 1.09 12.17 -16 1.18 12.17 -32.38 1.18
4 16 12.17 -32.38 1.18 12.17 -16 1.18 12.38 -16 1.24 12.38 -32.38 1.24
4 16 12.38 -32.38 1.24 12.38 -16 1.24 12.6 -16 1.26 12.6 -32.38 1.26
4 16 12.6 -32.38 1.26 12.6 -16 1.26 12.82 -16 1.24 12.82 -32.38 1.24
4 16 12.82 -32.38 1.24 12.82 -16 1.24 13.03 -16 1.18 13.03 -32.38 1.18
4 16 13.03 -32.38 1.18 13.03 -16 1.18 13.23 -16 1.09 13.23 -32.38 1.09
4 16 13.23 -32.38 1.09 13.23 -16 1.09 13.41 -16 0.97 13.41 -32.38 0.97
4 16 13.41 -32.38 0.97 13.41 -16 0.97 13.56 -16 0.81 13.56 -32.38 0.81
4 16 13.56 -32.38 0.81 13.56 -16 0.81 13.69 -16 0.63 13.69 -32.38 0.63
4 16 13.69 -32.38 0.63 13.69 -16 0.63 13.78 -16 0.43 13.78 -32.38 0.43
4 16 13.78 -32.38 0.43 13.78 -16 0.43 13.84 -16 0.22 13.84 -32.38 0.22
4 16 13.84 -32.38 0.22 13.84 -16 0.22 13.86 -16 0 13.86 -32.38 0
4 16 9.49 -32.38 0 9.45 -29.86 0 9.5 -29.86 -0.55 9.54 -32.38 -0.54
4 16 9.54 -32.38 -0.54 9.5 -29.86 -0.55 9.64 -29.86 -1.08 9.68 -32.38 -1.06
4 16 9.68 -32.38 -1.06 9.64 -29.86 -1.08 9.87 -29.86 -1.57 9.91 -32.38 -1.55
4 16 9.91 -32.38 -1.55 9.87 -29.86 -1.57 10.19 -29.86 -2.02 10.22 -32.38 -2
4 16 10.22 -32.38 -2 10.19 -29.86 -2.02 10.57 -29.86 -2.41 10.6 -32.38 -2.38
4 16 10.6 -32.38 -2.38 10.57 -29.86 -2.41 11.02 -29.86 -2.73 11.05 -32.38 -2.69
4 16 11.05 -32.38 -2.69 11.02 -29.86 -2.73 11.52 -29.86 -2.96 11.54 -32.38 -2.92
4 16 11.54 -32.38 -2.92 11.52 -29.86 -2.96 12.05 -29.86 -3.1 12.06 -32.38 -3.06
4 16 12.06 -32.38 -3.06 12.05 -29.86 -3.1 12.6 -29.86 -3.15 12.6 -32.38 -3.11
4 16 12.6 -32.38 -3.11 12.6 -29.86 -3.15 13.15 -29.86 -3.1 13.14 -32.38 -3.06
4 16 13.14 -32.38 -3.06 13.15 -29.86 -3.1 13.68 -29.86 -2.96 13.66 -32.38 -2.92
4 16 13.66 -32.38 -2.92 13.68 -29.86 -2.96 14.17 -29.86 -2.73 14.15 -32.38 -2.69
4 16 14.15 -32.38 -2.69 14.17 -29.86 -2.73 14.62 -29.86 -2.41 14.59 -32.38 -2.38
4 16 14.59 -32.38 -2.38 14.62 -29.86 -2.41 15.01 -29.86 -2.02 14.98 -32.38 -2
4 16 14.98 -32.38 -2 15.01 -29.86 -2.02 15.33 -29.86 -1.57 15.29 -32.38 -1.55
4 16 15.29 -32.38 -1.55 15.33 -29.86 -1.57 15.56 -29.86 -1.08 15.52 -32.38 -1.06
4 16 15.52 -32.38 -1.06 15.56 -29.86 -1.08 15.7 -29.86 -0.55 15.66 -32.38 -0.54
4 16 15.66 -32.38 -0.54 15.7 -29.86 -0.55 15.75 -29.86 0 15.7 -32.38 0
4 16 0 15.75 -1 0 15.75 1 85.48 15.75 1 85.48 15.75 -1
3 16 85.48 15.4 -3.42 3.21 15.42 -3.37 85.48 15.75 -1
3 16 85.48 15.75 -1 3.21 15.42 -3.37 2 15.62 -2.24
3 16 85.48 15.75 -1 2 15.62 -2.24 1.37 15.69 -1.7
3 16 1.37 15.69 -1.7 0.69 15.73 -1.21 85.48 15.75 -1
3 16 85.48 15.75 -1 0.69 15.73 -1.21 0.53 15.74 -1.13
3 16 85.48 15.75 -1 0.53 15.74 -1.13 0.36 15.74 -1.06
3 16 0.36 15.74 -1.06 0.18 15.75 -1.01 85.48 15.75 -1
3 16 85.48 14.69 -5.76 85.48 13.62 -7.97 7.9 13.62 -7.97
3 16 7.9 13.62 -7.97 6.8 14.2 -6.87 85.48 14.69 -5.76
2 24 7.9 13.62 -7.97 6.8 14.2 -6.87
3 16 85.48 14.69 -5.76 6.8 14.2 -6.87 5.65 14.7 -5.74
2 24 6.8 14.2 -6.87 5.65 14.7 -5.74
3 16 85.48 14.69 -5.76 5.65 14.7 -5.74 85.48 15.4 -3.42
3 16 85.48 15.4 -3.42 5.65 14.7 -5.74 4.48 15.1 -4.58
2 24 5.65 14.7 -5.74 4.48 15.1 -4.58
3 16 85.48 15.4 -3.42 4.48 15.1 -4.58 3.21 15.42 -3.37
3 16 10.89 11.38 -10.93 85.48 12.22 -9.98 11.71 10.53 -11.75
2 24 11.71 10.53 -11.75 10.89 11.38 -10.93
3 16 11.71 10.53 -11.75 85.48 12.22 -9.98 85.48 10.53 -11.75
3 16 11.71 10.53 -11.75 85.48 10.53 -11.75 11.85 10.38 -11.89
2 24 11.85 10.38 -11.89 11.71 10.53 -11.75
3 16 10.89 11.38 -10.93 10.02 12.15 -10.07 85.48 12.22 -9.98
2 24 10.89 11.38 -10.93 10.02 12.15 -10.07
3 16 85.48 12.22 -9.98 10.02 12.15 -10.07 9.93 12.22 -9.98
2 24 10.02 12.15 -10.07 9.93 12.22 -9.98
3 16 85.48 12.22 -9.98 9.93 12.22 -9.98 85.48 13.62 -7.97
3 16 85.48 13.62 -7.97 9.93 12.22 -9.98 8.95 12.96 -9.01
2 24 9.93 12.22 -9.98 8.95 12.96 -9.01
3 16 85.48 13.62 -7.97 8.95 12.96 -9.01 7.9 13.62 -7.97
2 24 8.95 12.96 -9.01 7.9 13.62 -7.97
3 16 13.89 7.42 -13.93 85.48 8.59 -13.24 14.37 6.44 -14.41
2 24 14.37 6.44 -14.41 13.89 7.42 -13.93
3 16 14.37 6.44 -14.41 85.48 8.59 -13.24 85.48 6.44 -14.41
3 16 14.37 6.44 -14.41 85.48 6.44 -14.41 14.53 6.08 -14.56
2 24 14.53 6.08 -14.56 14.37 6.44 -14.41
3 16 13.89 7.42 -13.93 13.36 8.34 -13.4 85.48 8.59 -13.24
2 24 13.89 7.42 -13.93 13.36 8.34 -13.4
3 16 85.48 8.59 -13.24 13.36 8.34 -13.4 13.2 8.59 -13.24
2 24 13.36 8.34 -13.4 13.2 8.59 -13.24
3 16 85.48 8.59 -13.24 13.2 8.59 -13.24 85.48 10.53 -11.75
3 16 85.48 10.53 -11.75 13.2 8.59 -13.24 12.55 9.52 -12.59
2 24 13.2 8.59 -13.24 12.55 9.52 -12.59
3 16 85.48 10.53 -11.75 12.55 9.52 -12.59 11.85 10.38 -11.89
2 24 12.55 9.52 -12.59 11.85 10.38 -11.89
3 16 85.48 4.13 -15.23 85.48 1.72 -15.69 15.65 1.72 -15.69
3 16 15.65 1.72 -15.69 15.51 2.71 -15.55 85.48 4.13 -15.23
2 24 15.65 1.72 -15.69 15.51 2.71 -15.55
3 16 85.48 4.13 -15.23 15.51 2.71 -15.55 15.2 4.13 -15.23
2 24 15.51 2.71 -15.55 15.2 4.13 -15.23
3 16 85.48 4.13 -15.23 15.2 4.13 -15.23 85.48 6.44 -14.41
3 16 85.48 6.44 -14.41 15.2 4.13 -15.23 14.89 5.12 -14.93
2 24 15.2 4.13 -15.23 14.89 5.12 -14.93
3 16 85.48 6.44 -14.41 14.89 5.12 -14.93 14.53 6.08 -14.56
2 24 14.89 5.12 -14.93 14.53 6.08 -14.56
3 16 15.65 1.72 15.69 85.48 1.72 15.69 15.51 2.71 15.55
2 24 15.51 2.71 15.55 15.65 1.72 15.69
3 16 15.51 2.71 15.55 85.48 1.72 15.69 85.48 4.13 15.23
3 16 14.37 6.44 14.41 14.53 6.08 14.56 85.48 6.44 14.41
2 24 14.37 6.44 14.41 14.53 6.08 14.56
3 16 85.48 6.44 14.41 14.53 6.08 14.56 14.89 5.12 14.93
2 24 14.53 6.08 14.56 14.89 5.12 14.93
3 16 85.48 6.44 14.41 14.89 5.12 14.93 85.48 4.13 15.23
3 16 85.48 4.13 15.23 14.89 5.12 14.93 15.2 4.13 15.23
2 24 14.89 5.12 14.93 15.2 4.13 15.23
3 16 85.48 4.13 15.23 15.2 4.13 15.23 15.51 2.71 15.55
2 24 15.2 4.13 15.23 15.51 2.71 15.55
3 16 14.37 6.44 14.41 85.48 6.44 14.41 13.89 7.42 13.93
2 24 13.89 7.42 13.93 14.37 6.44 14.41
3 16 13.89 7.42 13.93 85.48 6.44 14.41 85.48 8.59 13.24
3 16 13.89 7.42 13.93 85.48 8.59 13.24 13.36 8.34 13.4
2 24 13.36 8.34 13.4 13.89 7.42 13.93
3 16 11.71 10.53 11.75 11.85 10.38 11.89 85.48 10.53 11.75
2 24 11.71 10.53 11.75 11.85 10.38 11.89
3 16 85.48 10.53 11.75 11.85 10.38 11.89 12.55 9.52 12.59
2 24 11.85 10.38 11.89 12.55 9.52 12.59
3 16 85.48 10.53 11.75 12.55 9.52 12.59 85.48 8.59 13.24
3 16 85.48 8.59 13.24 12.55 9.52 12.59 13.2 8.59 13.24
2 24 12.55 9.52 12.59 13.2 8.59 13.24
3 16 85.48 8.59 13.24 13.2 8.59 13.24 13.36 8.34 13.4
2 24 13.2 8.59 13.24 13.36 8.34 13.4
3 16 11.71 10.53 11.75 85.48 10.53 11.75 10.89 11.38 10.93
2 24 10.89 11.38 10.93 11.71 10.53 11.75
3 16 10.89 11.38 10.93 85.48 10.53 11.75 85.48 12.22 9.98
3 16 10.89 11.38 10.93 85.48 12.22 9.98 10.02 12.15 10.07
2 24 10.02 12.15 10.07 10.89 11.38 10.93
3 16 85.48 13.62 7.97 8.95 12.96 9.01 85.48 12.22 9.98
3 16 85.48 12.22 9.98 8.95 12.96 9.01 9.93 12.22 9.98
2 24 8.95 12.96 9.01 9.93 12.22 9.98
3 16 85.48 12.22 9.98 9.93 12.22 9.98 10.02 12.15 10.07
2 24 9.93 12.22 9.98 10.02 12.15 10.07
3 16 85.48 14.69 5.76 6.8 14.2 6.87 85.48 13.62 7.97
3 16 85.48 13.62 7.97 6.8 14.2 6.87 7.9 13.62 7.97
2 24 6.8 14.2 6.87 7.9 13.62 7.97
3 16 85.48 13.62 7.97 7.9 13.62 7.97 8.95 12.96 9.01
2 24 7.9 13.62 7.97 8.95 12.96 9.01
3 16 85.48 15.4 3.42 4.48 15.1 4.58 85.48 14.69 5.76
3 16 85.48 14.69 5.76 4.48 15.1 4.58 5.65 14.7 5.74
2 24 4.48 15.1 4.58 5.65 14.7 5.74
3 16 85.48 14.69 5.76 5.65 14.7 5.74 6.8 14.2 6.87
2 24 5.65 14.7 5.74 6.8 14.2 6.87
3 16 0.18 15.75 1.01 0.36 15.74 1.06 85.48 15.4 3.42
3 16 0.18 15.75 1.01 85.48 15.4 3.42 0.09 15.75 1
3 16 0.09 15.75 1 85.48 15.4 3.42 85.48 15.75 1
3 16 0.09 15.75 1 85.48 15.75 1 0 15.75 1
3 16 0.36 15.74 1.06 0.53 15.74 1.13 85.48 15.4 3.42
3 16 85.48 15.4 3.42 0.53 15.74 1.13 0.69 15.73 1.21
3 16 85.48 15.4 3.42 0.69 15.73 1.21 1.37 15.69 1.7
3 16 1.37 15.69 1.7 2 15.62 2.24 85.48 15.4 3.42
3 16 85.48 15.4 3.42 2 15.62 2.24 3.21 15.42 3.37
3 16 85.48 15.4 3.42 3.21 15.42 3.37 4.48 15.1 4.58
3 16 11.85 -10.38 11.89 11.71 -10.54 11.75 85.48 -10.53 11.75
2 24 11.85 -10.38 11.89 11.71 -10.54 11.75
3 16 15.23 -15.46 3.14 15.73 -15.56 2.63 85.48 -15.404 3.421
3 16 85.48 -15.404 3.421 15.73 -15.56 2.63 16.14 -15.65 2.05
3 16 16.57 -15.75 1 85.48 -15.75 1 16.45 -15.72 1.4
3 16 16.45 -15.72 1.4 85.48 -15.75 1 85.48 -15.404 3.421
3 16 16.45 -15.72 1.4 85.48 -15.404 3.421 16.31 -15.68 1.73
3 16 16.31 -15.68 1.73 85.48 -15.404 3.421 16.14 -15.65 2.05
3 16 12.24 -15.24 4.08 12.6 -15.24 4.09 5.68 -14.69 5.76
3 16 12.24 -15.24 4.08 5.68 -14.69 5.76 11.89 -15.26 4.03
3 16 10.87 -15.34 3.71 11.2 -15.3 3.85 5.68 -14.69 5.76
3 16 5.68 -14.69 5.76 11.2 -15.3 3.85 11.54 -15.28 3.96
3 16 5.68 -14.69 5.76 11.54 -15.28 3.96 11.89 -15.26 4.03
3 16 10.87 -15.34 3.71 5.68 -14.69 5.76 10.55 -15.38 3.55
3 16 10.55 -15.38 3.55 5.68 -14.69 5.76 4.47 -15.1 4.58
2 24 5.68 -14.69 5.76 4.47 -15.1 4.58
3 16 10.55 -15.38 3.55 4.47 -15.1 4.58 3.27 -15.4 3.42
3 16 14.33 -15.337 3.71 14.646 -15.376 3.546 85.48 -15.404 3.421
3 16 85.48 -15.404 3.421 14.646 -15.376 3.546 14.848 -15.404 3.421
3 16 85.48 -15.404 3.421 14.848 -15.404 3.421 15.23 -15.46 3.14
3 16 12.96 -15.24 4.08 13.31 -15.26 4.03 85.48 -14.69 5.76
3 16 85.48 -14.69 5.76 13.31 -15.26 4.03 13.657 -15.276 3.955
3 16 85.48 -14.69 5.76 13.657 -15.276 3.955 85.48 -15.404 3.421
3 16 85.48 -15.404 3.421 13.657 -15.276 3.955 13.999 -15.303 3.848
3 16 85.48 -15.404 3.421 13.999 -15.303 3.848 14.33 -15.337 3.71
4 16 3.27 -15.4 3.42 2.01 -15.62 2.24 7.56 -15.62 2.24 10.55 -15.38 3.55
3 16 10.55 -15.38 3.55 7.56 -15.62 2.24 9.97 -15.46 3.14
3 16 9.97 -15.46 3.14 7.56 -15.62 2.24 9.46 -15.56 2.63
3 16 7.56 -15.75 1 8.63 -15.75 1 7.56 -15.62 2.24
3 16 7.56 -15.62 2.24 8.63 -15.75 1 8.75 -15.72 1.4
3 16 8.75 -15.72 1.4 8.89 -15.68 1.73 7.56 -15.62 2.24
3 16 7.56 -15.62 2.24 8.89 -15.68 1.73 9.05 -15.65 2.05
3 16 7.56 -15.62 2.24 9.05 -15.65 2.05 9.46 -15.56 2.63
3 16 85.48 -14.69 5.76 85.48 -13.62 7.97 7.94 -13.6 8
3 16 12.6 -15.24 4.09 12.96 -15.24 4.08 5.68 -14.69 5.76
3 16 5.68 -14.69 5.76 12.96 -15.24 4.08 85.48 -14.69 5.76
3 16 5.68 -14.69 5.76 85.48 -14.69 5.76 6.8 -14.2 6.87
2 24 6.8 -14.2 6.87 5.68 -14.69 5.76
3 16 6.8 -14.2 6.87 85.48 -14.69 5.76 7.94 -13.6 8
2 24 7.94 -13.6 8 6.8 -14.2 6.87
3 16 85.48 -10.53 11.75 11.71 -10.54 11.75 85.48 -12.22 9.98
3 16 11.71 -10.54 11.75 10.88 -11.38 10.93 85.48 -12.22 9.98
2 24 11.71 -10.54 11.75 10.88 -11.38 10.93
3 16 85.48 -12.22 9.98 10.88 -11.38 10.93 10.02 -12.15 10.07
2 24 10.88 -11.38 10.93 10.02 -12.15 10.07
3 16 85.48 -12.22 9.98 10.02 -12.15 10.07 85.48 -13.62 7.97
3 16 85.48 -13.62 7.97 10.02 -12.15 10.07 8.95 -12.96 9.01
2 24 10.02 -12.15 10.07 8.95 -12.96 9.01
3 16 85.48 -13.62 7.97 8.95 -12.96 9.01 7.94 -13.6 8
2 24 8.95 -12.96 9.01 7.94 -13.6 8
3 16 13.89 -7.42 13.93 85.48 -8.59 13.24 14.37 -6.44 14.41
2 24 14.37 -6.44 14.41 13.89 -7.42 13.93
3 16 14.37 -6.44 14.41 85.48 -8.59 13.24 85.48 -6.44 14.41
3 16 14.37 -6.44 14.41 85.48 -6.44 14.41 14.53 -6.08 14.56
2 24 14.53 -6.08 14.56 14.37 -6.44 14.41
3 16 13.89 -7.42 13.93 13.36 -8.34 13.4 85.48 -8.59 13.24
2 24 13.89 -7.42 13.93 13.36 -8.34 13.4
3 16 85.48 -8.59 13.24 13.36 -8.34 13.4 13.2 -8.59 13.24
2 24 13.36 -8.34 13.4 13.2 -8.59 13.24
3 16 85.48 -8.59 13.24 13.2 -8.59 13.24 85.48 -10.53 11.75
3 16 85.48 -10.53 11.75 13.2 -8.59 13.24 12.55 -9.51 12.59
2 24 13.2 -8.59 13.24 12.55 -9.51 12.59
3 16 85.48 -10.53 11.75 12.55 -9.51 12.59 11.85 -10.38 11.89
2 24 12.55 -9.51 12.59 11.85 -10.38 11.89
3 16 85.48 -1.72 15.69 15.65 -1.72 15.69 85.48 -4.13 15.23
3 16 85.48 -4.13 15.23 15.65 -1.72 15.69 15.51 -2.71 15.55
2 24 15.65 -1.72 15.69 15.51 -2.71 15.55
3 16 15.51 -2.71 15.55 15.32 -3.66 15.35 85.48 -4.13 15.23
2 24 15.51 -2.71 15.55 15.32 -3.66 15.35
3 16 85.48 -4.13 15.23 15.32 -3.66 15.35 15.2 -4.13 15.23
2 24 15.32 -3.66 15.35 15.2 -4.13 15.23
3 16 85.48 -4.13 15.23 15.2 -4.13 15.23 85.48 -6.44 14.41
3 16 85.48 -6.44 14.41 15.2 -4.13 15.23 14.89 -5.12 14.92
2 24 15.2 -4.13 15.23 14.89 -5.12 14.92
3 16 85.48 -6.44 14.41 14.89 -5.12 14.92 14.53 -6.08 14.56
2 24 14.89 -5.12 14.92 14.53 -6.08 14.56
3 16 15.65 -1.72 -15.69 85.48 -1.72 -15.69 15.51 -2.71 -15.55
2 24 15.51 -2.71 -15.55 15.65 -1.72 -15.69
3 16 15.51 -2.71 -15.55 85.48 -1.72 -15.69 85.48 -4.13 -15.23
3 16 15.51 -2.71 -15.55 85.48 -4.13 -15.23 15.2 -4.13 -15.23
2 24 15.2 -4.13 -15.23 15.51 -2.71 -15.55
3 16 15.2 -4.13 -15.23 85.48 -4.13 -15.23 14.89 -5.12 -14.93
2 24 14.89 -5.12 -14.93 15.2 -4.13 -15.23
3 16 14.89 -5.12 -14.93 85.48 -4.13 -15.23 85.48 -6.44 -14.41
3 16 14.89 -5.12 -14.93 85.48 -6.44 -14.41 14.53 -6.08 -14.56
2 24 14.53 -6.08 -14.56 14.89 -5.12 -14.93
3 16 13.2 -8.59 -13.24 13.36 -8.34 -13.4 85.48 -8.59 -13.24
2 24 13.2 -8.59 -13.24 13.36 -8.34 -13.4
3 16 85.48 -8.59 -13.24 13.36 -8.34 -13.4 13.89 -7.42 -13.93
2 24 13.36 -8.34 -13.4 13.89 -7.42 -13.93
3 16 85.48 -8.59 -13.24 13.89 -7.42 -13.93 85.48 -6.44 -14.41
3 16 85.48 -6.44 -14.41 13.89 -7.42 -13.93 14.37 -6.44 -14.41
2 24 13.89 -7.42 -13.93 14.37 -6.44 -14.41
3 16 85.48 -6.44 -14.41 14.37 -6.44 -14.41 14.53 -6.08 -14.56
2 24 14.37 -6.44 -14.41 14.53 -6.08 -14.56
3 16 13.2 -8.59 -13.24 85.48 -8.59 -13.24 12.55 -9.52 -12.59
2 24 12.55 -9.52 -12.59 13.2 -8.59 -13.24
3 16 12.55 -9.52 -12.59 85.48 -8.59 -13.24 85.48 -10.53 -11.75
3 16 12.55 -9.52 -12.59 85.48 -10.53 -11.75 11.85 -10.38 -11.89
2 24 11.85 -10.38 -11.89 12.55 -9.52 -12.59
3 16 9.93 -12.22 -9.98 10.02 -12.15 -10.07 85.48 -12.22 -9.98
2 24 9.93 -12.22 -9.98 10.02 -12.15 -10.07
3 16 85.48 -12.22 -9.98 10.02 -12.15 -10.07 10.89 -11.38 -10.93
2 24 10.02 -12.15 -10.07 10.89 -11.38 -10.93
3 16 85.48 -12.22 -9.98 10.89 -11.38 -10.93 85.48 -10.53 -11.75
3 16 85.48 -10.53 -11.75 10.89 -11.38 -10.93 11.71 -10.53 -11.75
2 24 10.89 -11.38 -10.93 11.71 -10.53 -11.75
3 16 85.48 -10.53 -11.75 11.71 -10.53 -11.75 11.85 -10.38 -11.89
2 24 11.71 -10.53 -11.75 11.85 -10.38 -11.89
3 16 9.93 -12.22 -9.98 85.48 -12.22 -9.98 8.95 -12.96 -9.01
2 24 8.95 -12.96 -9.01 9.93 -12.22 -9.98
3 16 8.95 -12.96 -9.01 85.48 -12.22 -9.98 85.48 -13.62 -7.97
3 16 8.95 -12.96 -9.01 85.48 -13.62 -7.97 7.9 -13.62 -7.97
2 24 7.9 -13.62 -7.97 8.95 -12.96 -9.01
3 16 7.9 -13.62 -7.97 85.48 -13.62 -7.97 6.8 -14.2 -6.87
2 24 6.8 -14.2 -6.87 7.9 -13.62 -7.97
3 16 6.8 -14.2 -6.87 85.48 -13.62 -7.97 85.48 -14.689 -5.763
3 16 6.8 -14.2 -6.87 85.48 -14.689 -5.763 5.65 -14.7 -5.74
2 24 5.65 -14.7 -5.74 6.8 -14.2 -6.87
3 16 13.999 -15.303 -3.848 13.657 -15.276 -3.955 85.48 -14.689 -5.763
3 16 13.657 -15.276 -3.955 13.31 -15.26 -4.03 85.48 -14.689 -5.763
3 16 85.48 -14.689 -5.763 13.31 -15.26 -4.03 12.96 -15.24 -4.08
3 16 85.48 -14.689 -5.763 12.96 -15.24 -4.08 5.65 -14.7 -5.74
3 16 5.65 -14.7 -5.74 12.96 -15.24 -4.08 12.6 -15.24 -4.09
3 16 5.65 -14.7 -5.74 12.6 -15.24 -4.09 12.24 -15.24 -4.08
3 16 12.24 -15.24 -4.08 11.89 -15.26 -4.03 5.65 -14.7 -5.74
3 16 5.65 -14.7 -5.74 11.89 -15.26 -4.03 11.54 -15.28 -3.96
3 16 5.65 -14.7 -5.74 11.54 -15.28 -3.96 11.2 -15.3 -3.85
3 16 10.35 -15.4 -3.42 9.97 -15.46 -3.14 7.56 -15.62 -2.24
3 16 7.56 -15.62 -2.24 9.97 -15.46 -3.14 9.46 -15.56 -2.63
3 16 7.56 -15.62 -2.24 9.46 -15.56 -2.63 9.05 -15.65 -2.05
3 16 8.63 -15.75 -1 7.56 -15.75 -1 8.75 -15.72 -1.4
4 16 8.75 -15.72 -1.4 7.56 -15.75 -1 7.56 -15.62 -2.24 8.89 -15.68 -1.73
3 16 8.89 -15.68 -1.73 7.56 -15.62 -2.24 9.05 -15.65 -2.05
3 16 11.2 -15.3 -3.85 10.87 -15.34 -3.71 5.65 -14.7 -5.74
3 16 5.65 -14.7 -5.74 10.87 -15.34 -3.71 10.55 -15.38 -3.55
3 16 5.65 -14.7 -5.74 10.55 -15.38 -3.55 4.47 -15.1 -4.58
2 24 4.47 -15.1 -4.58 5.65 -14.7 -5.74
3 16 4.47 -15.1 -4.58 10.55 -15.38 -3.55 10.35 -15.4 -3.42
3 16 4.47 -15.1 -4.58 10.35 -15.4 -3.42 3.21 -15.42 -3.37
4 16 3.21 -15.42 -3.37 10.35 -15.4 -3.42 7.56 -15.62 -2.24 2.01 -15.62 -2.24
3 16 15.73 -15.56 -2.63 15.23 -15.46 -3.14 85.48 -15.4 -3.42
3 16 85.48 -15.4 -3.42 15.23 -15.46 -3.14 14.65 -15.38 -3.55
3 16 85.48 -15.4 -3.42 14.65 -15.38 -3.55 85.48 -14.689 -5.763
3 16 85.48 -14.689 -5.763 14.65 -15.38 -3.55 14.33 -15.337 -3.71
3 16 85.48 -14.689 -5.763 14.33 -15.337 -3.71 13.999 -15.303 -3.848
3 16 85.48 -15.75 -1 16.57 -15.75 -1 85.48 -15.4 -3.42
3 16 85.48 -15.4 -3.42 16.57 -15.75 -1 16.45 -15.72 -1.4
3 16 16.45 -15.72 -1.4 16.31 -15.68 -1.73 85.48 -15.4 -3.42
3 16 85.48 -15.4 -3.42 16.31 -15.68 -1.73 16.14 -15.65 -2.05
3 16 85.48 -15.4 -3.42 16.14 -15.65 -2.05 15.73 -15.56 -2.63
4 16 7.56 10.86 -2.24 7.56 10.86 2.24 5.69 11.94 2.24 5.69 11.94 -2.24
4 16 5.69 11.94 -2.24 5.69 11.94 2.24 3.66 12.71 2.24 3.66 12.71 -2.24
4 16 3.66 12.71 -2.24 3.66 12.71 2.24 1.54 13.14 2.24 1.54 13.14 -2.24
4 16 1.54 13.14 -2.24 1.54 13.14 2.24 -0.62 13.21 2.24 -0.62 13.21 -2.24
4 16 -0.62 13.21 -2.24 -0.62 13.21 2.24 -2.77 12.94 2.24 -2.77 12.94 -2.24
4 16 -2.77 12.94 -2.24 -2.77 12.94 2.24 -4.84 12.31 2.24 -4.84 12.31 -2.24
4 16 -4.84 12.31 -2.24 -4.84 12.31 2.24 -6.79 11.36 2.24 -6.79 11.36 -2.24
4 16 -6.79 11.36 -2.24 -6.79 11.36 2.24 -8.55 10.1 2.24 -8.55 10.1 -2.24
4 16 -8.55 10.1 -2.24 -8.55 10.1 2.24 -10.08 8.57 2.24 -10.08 8.57 -2.24
4 16 7.9 -1.26 7.28 13.17 -1.26 7.28 13.17 -1.26 13.76 7.9 -1.26 13.76
2 24 13.17 -1.26 7.28 13.17 -1.26 13.76
2 24 7.9 -1.26 13.76 7.9 -1.26 7.28
4 16 6.48 -4.7 7.28 6.48 -4.7 13.76 10.2 -8.42 13.76 10.2 -8.42 7.28
2 24 6.48 -4.7 7.28 6.48 -4.7 13.76
2 24 10.2 -8.42 13.76 10.2 -8.42 7.28
4 16 7.9 -1.26 7.28 7.9 -1.26 13.76 7.61 -2.47 13.76 7.61 -2.47 7.28
4 16 7.61 -2.47 7.28 7.61 -2.47 13.76 7.13 -3.63 13.76 7.13 -3.63 7.28
4 16 7.13 -3.63 7.28 7.13 -3.63 13.76 6.48 -4.7 13.76 6.48 -4.7 7.28
4 16 10.2 8.42 13.76 6.48 4.7 13.76 6.48 4.7 7.28 10.2 8.42 7.28
2 24 6.48 4.7 13.76 6.48 4.7 7.28
2 24 10.2 8.42 7.28 10.2 8.42 13.76
4 16 7.9 1.26 7.28 7.9 1.26 13.76 13.17 1.26 13.76 13.17 1.26 7.28
2 24 7.9 1.26 7.28 7.9 1.26 13.76
2 24 13.17 1.26 13.76 13.17 1.26 7.28
4 16 6.48 4.7 7.28 6.48 4.7 13.76 7.13 3.63 13.76 7.13 3.63 7.28
4 16 7.13 3.63 7.28 7.13 3.63 13.76 7.61 2.47 13.76 7.61 2.47 7.28
4 16 7.61 2.47 7.28 7.61 2.47 13.76 7.9 1.26 13.76 7.9 1.26 7.28
4 16 4.7 6.48 7.28 4.7 6.48 13.76 8.42 10.2 13.76 8.42 10.2 7.28
2 24 4.7 6.48 7.28 4.7 6.48 13.76
2 24 8.42 10.2 13.76 8.42 10.2 7.28
4 16 -8.42 10.2 13.76 -4.7 6.48 13.76 -4.7 6.48 7.28 -8.42 10.2 7.28
2 24 -4.7 6.48 13.76 -4.7 6.48 7.28
2 24 -8.42 10.2 7.28 -8.42 10.2 13.76
4 16 -4.7 6.48 7.28 -4.7 6.48 13.76 -3.63 7.13 13.76 -3.63 7.13 7.28
4 16 -3.63 7.13 7.28 -3.63 7.13 13.76 -2.47 7.61 13.76 -2.47 7.61 7.28
4 16 -2.47 7.61 7.28 -2.47 7.61 13.76 -1.25 7.9 13.76 -1.25 7.9 7.28
4 16 -1.25 7.9 7.28 -1.25 7.9 13.76 0 8 13.76 0 8 7.28
4 16 0 8 7.28 0 8 13.76 1.25 7.9 13.76 1.25 7.9 7.28
4 16 1.25 7.9 7.28 1.25 7.9 13.76 2.47 7.61 13.76 2.47 7.61 7.28
4 16 2.47 7.61 7.28 2.47 7.61 13.76 3.63 7.13 13.76 3.63 7.13 7.28
4 16 3.63 7.13 7.28 3.63 7.13 13.76 4.7 6.48 13.76 4.7 6.48 7.28
4 16 -6.48 4.7 7.28 -6.48 4.7 13.76 -10.2 8.42 13.76 -10.2 8.42 7.28
2 24 -6.48 4.7 7.28 -6.48 4.7 13.76
2 24 -10.2 8.42 13.76 -10.2 8.42 7.28
4 16 -7.9 1.26 7.28 -7.9 1.26 13.76 -7.61 2.47 13.76 -7.61 2.47 7.28
2 24 -7.9 1.26 7.28 -7.9 1.26 13.76
4 16 -7.61 2.47 7.28 -7.61 2.47 13.76 -7.13 3.63 13.76 -7.13 3.63 7.28
4 16 -7.13 3.63 7.28 -7.13 3.63 13.76 -6.48 4.7 13.76 -6.48 4.7 7.28
4 16 -13.17 1.26 13.76 -7.9 1.26 13.76 -7.9 1.26 7.28 -13.17 1.26 7.28
2 24 -13.17 1.26 7.28 -13.17 1.26 13.76
4 16 -13.17 1.26 13.76 -13.17 1.26 7.28 -13.03 2.3 7.28 -13.03 2.3 15.69
4 16 -8.42 10.2 13.76 -8.42 10.2 7.28 -6.61 11.46 7.28 -6.61 11.46 15.69
4 16 10.2 8.42 13.76 10.2 8.42 7.28 11.46 6.61 7.28 11.46 6.61 15.69
3 16 13.23 0 13.76 13.23 0 15.69 13.17 1.26 13.76
3 16 13.17 1.26 13.76 13.23 0 15.69 13.03 2.3 15.69
4 16 13.17 1.26 13.76 13.03 2.3 15.69 13.03 2.3 7.28 13.17 1.26 7.28
3 16 11.46 6.61 15.69 10.13 8.5 15.69 10.13 8.5 13.76
4 16 10.13 8.5 13.76 10.13 8.5 15.69 8.5 10.13 15.69 8.5 10.13 13.76
3 16 8.5 10.13 13.76 8.5 10.13 15.69 8.42 10.2 13.76
3 16 8.42 10.2 13.76 8.5 10.13 15.69 6.61 11.46 15.69
4 16 8.42 10.2 13.76 6.61 11.46 15.69 6.61 11.46 7.28 8.42 10.2 7.28
3 16 -6.61 11.46 15.69 -8.5 10.13 15.69 -8.5 10.13 13.76
4 16 -8.5 10.13 13.76 -8.5 10.13 15.69 -10.13 8.5 15.69 -10.13 8.5 13.76
3 16 -10.13 8.5 13.76 -10.13 8.5 15.69 -10.2 8.42 13.76
3 16 -10.2 8.42 13.76 -10.13 8.5 15.69 -11.46 6.61 15.69
4 16 -10.2 8.42 13.76 -11.46 6.61 15.69 -11.46 6.61 7.28 -10.2 8.42 7.28
3 16 -13.03 2.3 15.69 -13.23 0 15.69 -13.23 0 13.76
3 16 10.13 8.5 13.76 10.2 8.42 13.76 11.46 6.61 15.69
4 16 11.46 6.61 15.69 11.46 6.61 7.28 12.43 4.52 7.28 12.43 4.52 15.69
4 16 12.43 4.52 15.69 12.43 4.52 7.28 13.03 2.3 7.28 13.03 2.3 15.69
3 16 -8.5 10.13 13.76 -8.42 10.2 13.76 -6.61 11.46 15.69
4 16 -6.61 11.46 15.69 -6.61 11.46 7.28 -4.52 12.43 7.28 -4.52 12.43 15.69
4 16 -4.52 12.43 15.69 -4.52 12.43 7.28 -2.3 13.03 7.28 -2.3 13.03 15.69
4 16 -2.3 13.03 15.69 -2.3 13.03 7.28 0 13.23 7.28 0 13.23 15.69
4 16 0 13.23 15.69 0 13.23 7.28 2.3 13.03 7.28 2.3 13.03 15.69
4 16 2.3 13.03 15.69 2.3 13.03 7.28 4.52 12.43 7.28 4.52 12.43 15.69
4 16 4.52 12.43 15.69 4.52 12.43 7.28 6.61 11.46 7.28 6.61 11.46 15.69
3 16 -13.23 0 13.76 -13.17 1.26 13.76 -13.03 2.3 15.69
4 16 -13.03 2.3 15.69 -13.03 2.3 7.28 -12.43 4.52 7.28 -12.43 4.52 15.69
4 16 -12.43 4.52 15.69 -12.43 4.52 7.28 -11.46 6.61 7.28 -11.46 6.61 15.69
4 16 -7.9 -1.26 7.28 -7.9 -1.26 13.76 -13.17 -1.26 13.76 -13.17 -1.26 7.28
2 24 -7.9 -1.26 7.28 -7.9 -1.26 13.76
2 24 -13.17 -1.26 13.76 -13.17 -1.26 7.28
4 16 -6.48 -4.7 7.28 -6.48 -4.7 13.76 -7.13 -3.63 13.76 -7.13 -3.63 7.28
2 24 -6.48 -4.7 7.28 -6.48 -4.7 13.76
4 16 -7.13 -3.63 7.28 -7.13 -3.63 13.76 -7.61 -2.47 13.76 -7.61 -2.47 7.28
4 16 -7.61 -2.47 7.28 -7.61 -2.47 13.76 -7.9 -1.26 13.76 -7.9 -1.26 7.28
4 16 -10.2 -8.42 13.76 -6.48 -4.7 13.76 -6.48 -4.7 7.28 -10.2 -8.42 7.28
2 24 -10.2 -8.42 7.28 -10.2 -8.42 13.76
4 16 -4.7 -6.48 7.28 -4.7 -6.48 13.76 -8.42 -10.2 13.76 -8.42 -10.2 7.28
2 24 -4.7 -6.48 7.28 -4.7 -6.48 13.76
2 24 -8.42 -10.2 13.76 -8.42 -10.2 7.28
4 16 13.17 -1.26 13.76 13.17 -1.26 7.28 13.03 -2.3 7.28 13.03 -2.3 15.69
4 16 8.42 -10.2 13.76 8.42 -10.2 7.28 6.61 -11.46 7.28 6.61 -11.46 15.69
2 24 8.42 -10.2 13.76 8.42 -10.2 7.28
4 16 -10.2 -8.42 13.76 -10.2 -8.42 7.28 -11.46 -6.61 7.28 -11.46 -6.61 15.69
3 16 -13.23 0 13.76 -13.23 0 15.69 -13.17 -1.26 13.76
3 16 -13.17 -1.26 13.76 -13.23 0 15.69 -13.03 -2.3 15.69
4 16 -13.17 -1.26 13.76 -13.03 -2.3 15.69 -13.03 -2.3 7.28 -13.17 -1.26 7.28
3 16 -11.46 -6.61 15.69 -10.13 -8.5 15.69 -10.13 -8.5 13.76
4 16 -10.13 -8.5 13.76 -10.13 -8.5 15.69 -8.5 -10.13 15.69 -8.5 -10.13 13.76
3 16 -8.5 -10.13 13.76 -8.5 -10.13 15.69 -8.42 -10.2 13.76
3 16 -8.42 -10.2 13.76 -8.5 -10.13 15.69 -6.61 -11.46 15.69
4 16 -8.42 -10.2 13.76 -6.61 -11.46 15.69 -6.61 -11.46 7.28 -8.42 -10.2 7.28
3 16 6.61 -11.46 15.69 8.5 -10.13 15.69 8.5 -10.13 13.76
4 16 8.5 -10.13 13.76 8.5 -10.13 15.69 10.13 -8.5 15.69 10.13 -8.5 13.76
3 16 10.13 -8.5 13.76 10.13 -8.5 15.69 10.2 -8.42 13.76
3 16 10.2 -8.42 13.76 10.13 -8.5 15.69 11.46 -6.61 15.69
4 16 10.2 -8.42 13.76 11.46 -6.61 15.69 11.46 -6.61 7.28 10.2 -8.42 7.28
3 16 13.03 -2.3 15.69 13.23 0 15.69 13.23 0 13.76
3 16 -10.13 -8.5 13.76 -10.2 -8.42 13.76 -11.46 -6.61 15.69
4 16 -11.46 -6.61 15.69 -11.46 -6.61 7.28 -12.43 -4.52 7.28 -12.43 -4.52 15.69
4 16 -12.43 -4.52 15.69 -12.43 -4.52 7.28 -13.03 -2.3 7.28 -13.03 -2.3 15.69
3 16 8.5 -10.13 13.76 8.42 -10.2 13.76 6.61 -11.46 15.69
4 16 6.61 -11.46 15.69 6.61 -11.46 7.28 4.52 -12.43 7.28 4.52 -12.43 15.69
4 16 4.52 -12.43 15.69 4.52 -12.43 7.28 2.3 -13.03 7.28 2.3 -13.03 15.69
4 16 2.3 -13.03 15.69 2.3 -13.03 7.28 0 -13.23 7.28 0 -13.23 15.69
4 16 0 -13.23 15.69 0 -13.23 7.28 -2.3 -13.03 7.28 -2.3 -13.03 15.69
4 16 -2.3 -13.03 15.69 -2.3 -13.03 7.28 -4.52 -12.43 7.28 -4.52 -12.43 15.69
4 16 -4.52 -12.43 15.69 -4.52 -12.43 7.28 -6.61 -11.46 7.28 -6.61 -11.46 15.69
3 16 13.23 0 13.76 13.17 -1.26 13.76 13.03 -2.3 15.69
4 16 13.03 -2.3 15.69 13.03 -2.3 7.28 12.43 -4.52 7.28 12.43 -4.52 15.69
4 16 12.43 -4.52 15.69 12.43 -4.52 7.28 11.46 -6.61 7.28 11.46 -6.61 15.69
4 16 4.7 -6.48 7.28 4.7 -6.48 13.76 3.63 -7.13 13.76 3.63 -7.13 7.28
2 24 4.7 -6.48 7.28 4.7 -6.48 13.76
4 16 3.63 -7.13 7.28 3.63 -7.13 13.76 2.47 -7.61 13.76 2.47 -7.61 7.28
4 16 2.47 -7.61 7.28 2.47 -7.61 13.76 1.25 -7.9 13.76 1.25 -7.9 7.28
4 16 1.25 -7.9 7.28 1.25 -7.9 13.76 0 -8 13.76 0 -8 7.28
4 16 0 -8 7.28 0 -8 13.76 -1.25 -7.9 13.76 -1.25 -7.9 7.28
4 16 -1.25 -7.9 7.28 -1.25 -7.9 13.76 -2.47 -7.61 13.76 -2.47 -7.61 7.28
4 16 -2.47 -7.61 7.28 -2.47 -7.61 13.76 -3.63 -7.13 13.76 -3.63 -7.13 7.28
4 16 -3.63 -7.13 7.28 -3.63 -7.13 13.76 -4.7 -6.48 13.76 -4.7 -6.48 7.28
4 16 8.42 -10.2 13.76 4.7 -6.48 13.76 4.7 -6.48 7.28 8.42 -10.2 7.28
4 16 -5.29 0 13.76 -5.29 0 2.24 -5.21 0.92 2.24 -5.21 0.92 13.76
4 16 -5.21 0.92 13.76 -5.21 0.92 2.24 -4.97 1.81 2.24 -4.97 1.81 13.76
4 16 -4.97 1.81 13.76 -4.97 1.81 2.24 -4.58 2.65 2.24 -4.58 2.65 13.76
4 16 -4.58 2.65 13.76 -4.58 2.65 2.24 -4.05 3.4 2.24 -4.05 3.4 13.76
4 16 -4.05 3.4 13.76 -4.05 3.4 2.24 -3.4 4.05 2.24 -3.4 4.05 13.76
4 16 -3.4 4.05 13.76 -3.4 4.05 2.24 -2.65 4.58 2.24 -2.65 4.58 13.76
4 16 -2.65 4.58 13.76 -2.65 4.58 2.24 -1.81 4.97 2.24 -1.81 4.97 13.76
4 16 -1.81 4.97 13.76 -1.81 4.97 2.24 -0.92 5.21 2.24 -0.92 5.21 13.76
4 16 -0.92 5.21 13.76 -0.92 5.21 2.24 0 5.29 2.24 0 5.29 13.76
4 16 0 5.29 13.76 0 5.29 2.24 0.92 5.21 2.24 0.92 5.21 13.76
4 16 0.92 5.21 13.76 0.92 5.21 2.24 1.81 4.97 2.24 1.81 4.97 13.76
4 16 1.81 4.97 13.76 1.81 4.97 2.24 2.65 4.58 2.24 2.65 4.58 13.76
4 16 2.65 4.58 13.76 2.65 4.58 2.24 3.4 4.05 2.24 3.4 4.05 13.76
4 16 3.4 4.05 13.76 3.4 4.05 2.24 4.05 3.4 2.24 4.05 3.4 13.76
4 16 4.05 3.4 13.76 4.05 3.4 2.24 4.58 2.65 2.24 4.58 2.65 13.76
4 16 4.58 2.65 13.76 4.58 2.65 2.24 4.97 1.81 2.24 4.97 1.81 13.76
4 16 4.97 1.81 13.76 4.97 1.81 2.24 5.21 0.92 2.24 5.21 0.92 13.76
4 16 5.21 0.92 13.76 5.21 0.92 2.24 5.29 0 2.24 5.29 0 13.76
4 16 5.29 0 13.76 5.29 0 2.24 5.21 -0.92 2.24 5.21 -0.92 13.76
4 16 5.21 -0.92 13.76 5.21 -0.92 2.24 4.97 -1.81 2.24 4.97 -1.81 13.76
4 16 4.97 -1.81 13.76 4.97 -1.81 2.24 4.58 -2.65 2.24 4.58 -2.65 13.76
4 16 4.58 -2.65 13.76 4.58 -2.65 2.24 4.05 -3.4 2.24 4.05 -3.4 13.76
4 16 4.05 -3.4 13.76 4.05 -3.4 2.24 3.4 -4.05 2.24 3.4 -4.05 13.76
4 16 3.4 -4.05 13.76 3.4 -4.05 2.24 2.65 -4.58 2.24 2.65 -4.58 13.76
4 16 2.65 -4.58 13.76 2.65 -4.58 2.24 1.81 -4.97 2.24 1.81 -4.97 13.76
4 16 1.81 -4.97 13.76 1.81 -4.97 2.24 0.92 -5.21 2.24 0.92 -5.21 13.76
4 16 0.92 -5.21 13.76 0.92 -5.21 2.24 0 -5.29 2.24 0 -5.29 13.76
4 16 0 -5.29 13.76 0 -5.29 2.24 -0.92 -5.21 2.24 -0.92 -5.21 13.76
4 16 -0.92 -5.21 13.76 -0.92 -5.21 2.24 -1.81 -4.97 2.24 -1.81 -4.97 13.76
4 16 -1.81 -4.97 13.76 -1.81 -4.97 2.24 -2.65 -4.58 2.24 -2.65 -4.58 13.76
4 16 -2.65 -4.58 13.76 -2.65 -4.58 2.24 -3.4 -4.05 2.24 -3.4 -4.05 13.76
4 16 -3.4 -4.05 13.76 -3.4 -4.05 2.24 -4.05 -3.4 2.24 -4.05 -3.4 13.76
4 16 -4.05 -3.4 13.76 -4.05 -3.4 2.24 -4.58 -2.65 2.24 -4.58 -2.65 13.76
4 16 -4.58 -2.65 13.76 -4.58 -2.65 2.24 -4.97 -1.81 2.24 -4.97 -1.81 13.76
4 16 -4.97 -1.81 13.76 -4.97 -1.81 2.24 -5.21 -0.92 2.24 -5.21 -0.92 13.76
4 16 -5.21 -0.92 13.76 -5.21 -0.92 2.24 -5.29 0 2.24 -5.29 0 13.76
4 16 -5.29 0 -2.24 -5.29 0 -13.76 -5.21 0.92 -13.76 -5.21 0.92 -2.24
4 16 -5.21 0.92 -2.24 -5.21 0.92 -13.76 -4.97 1.81 -13.76 -4.97 1.81 -2.24
4 16 -4.97 1.81 -2.24 -4.97 1.81 -13.76 -4.58 2.65 -13.76 -4.58 2.65 -2.24
4 16 -4.58 2.65 -2.24 -4.58 2.65 -13.76 -4.05 3.4 -13.76 -4.05 3.4 -2.24
4 16 -4.05 3.4 -2.24 -4.05 3.4 -13.76 -3.4 4.05 -13.76 -3.4 4.05 -2.24
4 16 -3.4 4.05 -2.24 -3.4 4.05 -13.76 -2.65 4.58 -13.76 -2.65 4.58 -2.24
4 16 -2.65 4.58 -2.24 -2.65 4.58 -13.76 -1.81 4.97 -13.76 -1.81 4.97 -2.24
4 16 -1.81 4.97 -2.24 -1.81 4.97 -13.76 -0.92 5.21 -13.76 -0.92 5.21 -2.24
4 16 -0.92 5.21 -2.24 -0.92 5.21 -13.76 0 5.29 -13.76 0 5.29 -2.24
4 16 0 5.29 -2.24 0 5.29 -13.76 0.92 5.21 -13.76 0.92 5.21 -2.24
4 16 0.92 5.21 -2.24 0.92 5.21 -13.76 1.81 4.97 -13.76 1.81 4.97 -2.24
4 16 1.81 4.97 -2.24 1.81 4.97 -13.76 2.65 4.58 -13.76 2.65 4.58 -2.24
4 16 2.65 4.58 -2.24 2.65 4.58 -13.76 3.4 4.05 -13.76 3.4 4.05 -2.24
4 16 3.4 4.05 -2.24 3.4 4.05 -13.76 4.05 3.4 -13.76 4.05 3.4 -2.24
4 16 4.05 3.4 -2.24 4.05 3.4 -13.76 4.58 2.65 -13.76 4.58 2.65 -2.24
4 16 4.58 2.65 -2.24 4.58 2.65 -13.76 4.97 1.81 -13.76 4.97 1.81 -2.24
4 16 4.97 1.81 -2.24 4.97 1.81 -13.76 5.21 0.92 -13.76 5.21 0.92 -2.24
4 16 5.21 0.92 -2.24 5.21 0.92 -13.76 5.29 0 -13.76 5.29 0 -2.24
4 16 5.29 0 -2.24 5.29 0 -13.76 5.21 -0.92 -13.76 5.21 -0.92 -2.24
4 16 5.21 -0.92 -2.24 5.21 -0.92 -13.76 4.97 -1.81 -13.76 4.97 -1.81 -2.24
4 16 4.97 -1.81 -2.24 4.97 -1.81 -13.76 4.58 -2.65 -13.76 4.58 -2.65 -2.24
4 16 4.58 -2.65 -2.24 4.58 -2.65 -13.76 4.05 -3.4 -13.76 4.05 -3.4 -2.24
4 16 4.05 -3.4 -2.24 4.05 -3.4 -13.76 3.4 -4.05 -13.76 3.4 -4.05 -2.24
4 16 3.4 -4.05 -2.24 3.4 -4.05 -13.76 2.65 -4.58 -13.76 2.65 -4.58 -2.24
4 16 2.65 -4.58 -2.24 2.65 -4.58 -13.76 1.81 -4.97 -13.76 1.81 -4.97 -2.24
4 16 1.81 -4.97 -2.24 1.81 -4.97 -13.76 0.92 -5.21 -13.76 0.92 -5.21 -2.24
4 16 0.92 -5.21 -2.24 0.92 -5.21 -13.76 0 -5.29 -13.76 0 -5.29 -2.24
4 16 0 -5.29 -2.24 0 -5.29 -13.76 -0.92 -5.21 -13.76 -0.92 -5.21 -2.24
4 16 -0.92 -5.21 -2.24 -0.92 -5.21 -13.76 -1.81 -4.97 -13.76 -1.81 -4.97 -2.24
4 16 -1.81 -4.97 -2.24 -1.81 -4.97 -13.76 -2.65 -4.58 -13.76 -2.65 -4.58 -2.24
4 16 -2.65 -4.58 -2.24 -2.65 -4.58 -13.76 -3.4 -4.05 -13.76 -3.4 -4.05 -2.24
4 16 -3.4 -4.05 -2.24 -3.4 -4.05 -13.76 -4.05 -3.4 -13.76 -4.05 -3.4 -2.24
4 16 -4.05 -3.4 -2.24 -4.05 -3.4 -13.76 -4.58 -2.65 -13.76 -4.58 -2.65 -2.24
4 16 -4.58 -2.65 -2.24 -4.58 -2.65 -13.76 -4.97 -1.81 -13.76 -4.97 -1.81 -2.24
4 16 -4.97 -1.81 -2.24 -4.97 -1.81 -13.76 -5.21 -0.92 -13.76 -5.21 -0.92 -2.24
4 16 -5.21 -0.92 -2.24 -5.21 -0.92 -13.76 -5.29 0 -13.76 -5.29 0 -2.24
4 16 -13.17 -1.26 -13.76 -7.9 -1.26 -13.76 -7.9 -1.26 -7.28 -13.17 -1.26 -7.28
2 24 -7.9 -1.26 -13.76 -7.9 -1.26 -7.28
2 24 -13.17 -1.26 -7.28 -13.17 -1.26 -13.76
4 16 -7.9 -1.26 -7.28 -7.9 -1.26 -13.76 -7.61 -2.47 -13.76 -7.61 -2.47 -7.28
4 16 -7.61 -2.47 -7.28 -7.61 -2.47 -13.76 -7.13 -3.63 -13.76 -7.13 -3.63 -7.28
4 16 -7.13 -3.63 -7.28 -7.13 -3.63 -13.76 -6.48 -4.7 -13.76 -6.48 -4.7 -7.28
2 24 -6.48 -4.7 -13.76 -6.48 -4.7 -7.28
4 16 -6.48 -4.7 -7.28 -6.48 -4.7 -13.76 -10.2 -8.42 -13.76 -10.2 -8.42 -7.28
2 24 -10.2 -8.42 -13.76 -10.2 -8.42 -7.28
4 16 -7.9 1.26 -7.28 -7.9 1.26 -13.76 -13.17 1.26 -13.76 -13.17 1.26 -7.28
2 24 -7.9 1.26 -7.28 -7.9 1.26 -13.76
2 24 -13.17 1.26 -13.76 -13.17 1.26 -7.28
4 16 -6.48 4.7 -7.28 -6.48 4.7 -13.76 -7.13 3.63 -13.76 -7.13 3.63 -7.28
2 24 -6.48 4.7 -7.28 -6.48 4.7 -13.76
4 16 -7.13 3.63 -7.28 -7.13 3.63 -13.76 -7.61 2.47 -13.76 -7.61 2.47 -7.28
4 16 -7.61 2.47 -7.28 -7.61 2.47 -13.76 -7.9 1.26 -13.76 -7.9 1.26 -7.28
4 16 -10.2 8.42 -13.76 -6.48 4.7 -13.76 -6.48 4.7 -7.28 -10.2 8.42 -7.28
2 24 -10.2 8.42 -7.28 -10.2 8.42 -13.76
4 16 -4.7 6.48 -7.28 -4.7 6.48 -13.76 -8.42 10.2 -13.76 -8.42 10.2 -7.28
2 24 -4.7 6.48 -7.28 -4.7 6.48 -13.76
2 24 -8.42 10.2 -13.76 -8.42 10.2 -7.28
4 16 4.7 6.48 -7.28 4.7 6.48 -13.76 3.63 7.13 -13.76 3.63 7.13 -7.28
2 24 4.7 6.48 -7.28 4.7 6.48 -13.76
4 16 3.63 7.13 -7.28 3.63 7.13 -13.76 2.47 7.61 -13.76 2.47 7.61 -7.28
4 16 2.47 7.61 -7.28 2.47 7.61 -13.76 1.25 7.9 -13.76 1.25 7.9 -7.28
4 16 1.25 7.9 -7.28 1.25 7.9 -13.76 0 8 -13.76 0 8 -7.28
4 16 0 8 -7.28 0 8 -13.76 -1.25 7.9 -13.76 -1.25 7.9 -7.28
4 16 -1.25 7.9 -7.28 -1.25 7.9 -13.76 -2.47 7.61 -13.76 -2.47 7.61 -7.28
4 16 -2.47 7.61 -7.28 -2.47 7.61 -13.76 -3.63 7.13 -13.76 -3.63 7.13 -7.28
4 16 -3.63 7.13 -7.28 -3.63 7.13 -13.76 -4.7 6.48 -13.76 -4.7 6.48 -7.28
4 16 8.42 10.2 -13.76 4.7 6.48 -13.76 4.7 6.48 -7.28 8.42 10.2 -7.28
2 24 8.42 10.2 -7.28 8.42 10.2 -13.76
4 16 6.48 4.7 -7.28 6.48 4.7 -13.76 10.2 8.42 -13.76 10.2 8.42 -7.28
2 24 6.48 4.7 -7.28 6.48 4.7 -13.76
2 24 10.2 8.42 -13.76 10.2 8.42 -7.28
4 16 7.9 1.26 -7.28 7.9 1.26 -13.76 7.61 2.47 -13.76 7.61 2.47 -7.28
2 24 7.9 1.26 -7.28 7.9 1.26 -13.76
4 16 7.61 2.47 -7.28 7.61 2.47 -13.76 7.13 3.63 -13.76 7.13 3.63 -7.28
4 16 7.13 3.63 -7.28 7.13 3.63 -13.76 6.48 4.7 -13.76 6.48 4.7 -7.28
4 16 7.9 1.26 -7.28 13.17 1.26 -7.28 13.17 1.26 -13.76 7.9 1.26 -13.76
2 24 13.17 1.26 -7.28 13.17 1.26 -13.76
4 16 7.9 -1.26 -7.28 7.9 -1.26 -13.76 13.17 -1.26 -13.76 13.17 -1.26 -7.28
2 24 7.9 -1.26 -7.28 7.9 -1.26 -13.76
2 24 13.17 -1.26 -13.76 13.17 -1.26 -7.28
4 16 6.48 -4.7 -7.28 6.48 -4.7 -13.76 7.13 -3.63 -13.76 7.13 -3.63 -7.28
2 24 6.48 -4.7 -7.28 6.48 -4.7 -13.76
4 16 7.13 -3.63 -7.28 7.13 -3.63 -13.76 7.61 -2.47 -13.76 7.61 -2.47 -7.28
4 16 7.61 -2.47 -7.28 7.61 -2.47 -13.76 7.9 -1.26 -13.76 7.9 -1.26 -7.28
4 16 10.2 -8.42 -13.76 6.48 -4.7 -13.76 6.48 -4.7 -7.28 10.2 -8.42 -7.28
2 24 10.2 -8.42 -7.28 10.2 -8.42 -13.76
4 16 4.7 -6.48 -7.28 4.7 -6.48 -13.76 8.42 -10.2 -13.76 8.42 -10.2 -7.28
2 24 4.7 -6.48 -7.28 4.7 -6.48 -13.76
2 24 8.42 -10.2 -13.76 8.42 -10.2 -7.28
4 16 -4.7 -6.48 -7.28 -4.7 -6.48 -13.76 -3.63 -7.13 -13.76 -3.63 -7.13 -7.28
2 24 -4.7 -6.48 -7.28 -4.7 -6.48 -13.76
4 16 -3.63 -7.13 -7.28 -3.63 -7.13 -13.76 -2.47 -7.61 -13.76 -2.47 -7.61 -7.28
4 16 -2.47 -7.61 -7.28 -2.47 -7.61 -13.76 -1.25 -7.9 -13.76 -1.25 -7.9 -7.28
4 16 -1.25 -7.9 -7.28 -1.25 -7.9 -13.76 0 -8 -13.76 0 -8 -7.28
4 16 0 -8 -7.28 0 -8 -13.76 1.25 -7.9 -13.76 1.25 -7.9 -7.28
4 16 1.25 -7.9 -7.28 1.25 -7.9 -13.76 2.47 -7.61 -13.76 2.47 -7.61 -7.28
4 16 2.47 -7.61 -7.28 2.47 -7.61 -13.76 3.63 -7.13 -13.76 3.63 -7.13 -7.28
4 16 3.63 -7.13 -7.28 3.63 -7.13 -13.76 4.7 -6.48 -13.76 4.7 -6.48 -7.28
4 16 -8.42 -10.2 -13.76 -4.7 -6.48 -13.76 -4.7 -6.48 -7.28 -8.42 -10.2 -7.28
2 24 -8.42 -10.2 -7.28 -8.42 -10.2 -13.76
4 16 13.17 1.26 -13.76 13.17 1.26 -7.28 13.03 2.3 -7.28 13.03 2.3 -15.69
4 16 8.42 10.2 -13.76 8.42 10.2 -7.28 6.61 11.46 -7.28 6.61 11.46 -15.69
4 16 -10.2 8.42 -13.76 -10.2 8.42 -7.28 -11.46 6.61 -7.28 -11.46 6.61 -15.69
3 16 -13.23 0 -13.76 -13.23 0 -15.69 -13.17 1.26 -13.76
3 16 -13.17 1.26 -13.76 -13.23 0 -15.69 -13.03 2.3 -15.69
4 16 -13.17 1.26 -13.76 -13.03 2.3 -15.69 -13.03 2.3 -7.28 -13.17 1.26 -7.28
3 16 -11.46 6.61 -15.69 -10.13 8.5 -15.69 -10.13 8.5 -13.76
4 16 -10.13 8.5 -13.76 -10.13 8.5 -15.69 -8.5 10.13 -15.69 -8.5 10.13 -13.76
3 16 -8.5 10.13 -13.76 -8.5 10.13 -15.69 -8.42 10.2 -13.76
3 16 -8.42 10.2 -13.76 -8.5 10.13 -15.69 -6.61 11.46 -15.69
4 16 -8.42 10.2 -13.76 -6.61 11.46 -15.69 -6.61 11.46 -7.28 -8.42 10.2 -7.28
3 16 6.61 11.46 -15.69 8.5 10.13 -15.69 8.5 10.13 -13.76
4 16 8.5 10.13 -13.76 8.5 10.13 -15.69 10.13 8.5 -15.69 10.13 8.5 -13.76
3 16 10.13 8.5 -13.76 10.13 8.5 -15.69 10.2 8.42 -13.76
3 16 10.2 8.42 -13.76 10.13 8.5 -15.69 11.46 6.61 -15.69
4 16 10.2 8.42 -13.76 11.46 6.61 -15.69 11.46 6.61 -7.28 10.2 8.42 -7.28
3 16 13.03 2.3 -15.69 13.23 0 -15.69 13.23 0 -13.76
3 16 -10.13 8.5 -13.76 -10.2 8.42 -13.76 -11.46 6.61 -15.69
4 16 -11.46 6.61 -15.69 -11.46 6.61 -7.28 -12.43 4.52 -7.28 -12.43 4.52 -15.69
4 16 -12.43 4.52 -15.69 -12.43 4.52 -7.28 -13.03 2.3 -7.28 -13.03 2.3 -15.69
3 16 8.5 10.13 -13.76 8.42 10.2 -13.76 6.61 11.46 -15.69
4 16 6.61 11.46 -15.69 6.61 11.46 -7.28 4.52 12.43 -7.28 4.52 12.43 -15.69
4 16 4.52 12.43 -15.69 4.52 12.43 -7.28 2.3 13.03 -7.28 2.3 13.03 -15.69
4 16 2.3 13.03 -15.69 2.3 13.03 -7.28 0 13.23 -7.28 0 13.23 -15.69
4 16 0 13.23 -15.69 0 13.23 -7.28 -2.3 13.03 -7.28 -2.3 13.03 -15.69
4 16 -2.3 13.03 -15.69 -2.3 13.03 -7.28 -4.52 12.43 -7.28 -4.52 12.43 -15.69
4 16 -4.52 12.43 -15.69 -4.52 12.43 -7.28 -6.61 11.46 -7.28 -6.61 11.46 -15.69
3 16 13.23 0 -13.76 13.17 1.26 -13.76 13.03 2.3 -15.69
4 16 13.03 2.3 -15.69 13.03 2.3 -7.28 12.43 4.52 -7.28 12.43 4.52 -15.69
4 16 12.43 4.52 -15.69 12.43 4.52 -7.28 11.46 6.61 -7.28 11.46 6.61 -15.69
4 16 -13.17 -1.26 -13.76 -13.17 -1.26 -7.28 -13.03 -2.3 -7.28 -13.03 -2.3 -15.69
4 16 -8.42 -10.2 -13.76 -8.42 -10.2 -7.28 -6.61 -11.46 -7.28 -6.61 -11.46 -15.69
4 16 10.2 -8.42 -13.76 10.2 -8.42 -7.28 11.46 -6.61 -7.28 11.46 -6.61 -15.69
3 16 13.23 0 -13.76 13.23 0 -15.69 13.17 -1.26 -13.76
3 16 13.17 -1.26 -13.76 13.23 0 -15.69 13.03 -2.3 -15.69
4 16 13.17 -1.26 -13.76 13.03 -2.3 -15.69 13.03 -2.3 -7.28 13.17 -1.26 -7.28
3 16 11.46 -6.61 -15.69 10.13 -8.5 -15.69 10.13 -8.5 -13.76
4 16 10.13 -8.5 -13.76 10.13 -8.5 -15.69 8.5 -10.13 -15.69 8.5 -10.13 -13.76
3 16 8.5 -10.13 -13.76 8.5 -10.13 -15.69 8.42 -10.2 -13.76
3 16 8.42 -10.2 -13.76 8.5 -10.13 -15.69 6.61 -11.46 -15.69
4 16 8.42 -10.2 -13.76 6.61 -11.46 -15.69 6.61 -11.46 -7.28 8.42 -10.2 -7.28
3 16 -6.61 -11.46 -15.69 -8.5 -10.13 -15.69 -8.5 -10.13 -13.76
4 16 -8.5 -10.13 -13.76 -8.5 -10.13 -15.69 -10.13 -8.5 -15.69 -10.13 -8.5 -13.76
3 16 -10.13 -8.5 -13.76 -10.13 -8.5 -15.69 -10.2 -8.42 -13.76
3 16 -10.2 -8.42 -13.76 -10.13 -8.5 -15.69 -11.46 -6.61 -15.69
4 16 -10.2 -8.42 -13.76 -11.46 -6.61 -15.69 -11.46 -6.61 -7.28 -10.2 -8.42 -7.28
3 16 -13.03 -2.3 -15.69 -13.23 0 -15.69 -13.23 0 -13.76
3 16 10.13 -8.5 -13.76 10.2 -8.42 -13.76 11.46 -6.61 -15.69
4 16 11.46 -6.61 -15.69 11.46 -6.61 -7.28 12.43 -4.52 -7.28 12.43 -4.52 -15.69
4 16 12.43 -4.52 -15.69 12.43 -4.52 -7.28 13.03 -2.3 -7.28 13.03 -2.3 -15.69
3 16 -8.5 -10.13 -13.76 -8.42 -10.2 -13.76 -6.61 -11.46 -15.69
4 16 -6.61 -11.46 -15.69 -6.61 -11.46 -7.28 -4.52 -12.43 -7.28 -4.52 -12.43 -15.69
4 16 -4.52 -12.43 -15.69 -4.52 -12.43 -7.28 -2.3 -13.03 -7.28 -2.3 -13.03 -15.69
4 16 -2.3 -13.03 -15.69 -2.3 -13.03 -7.28 0 -13.23 -7.28 0 -13.23 -15.69
4 16 0 -13.23 -15.69 0 -13.23 -7.28 2.3 -13.03 -7.28 2.3 -13.03 -15.69
4 16 2.3 -13.03 -15.69 2.3 -13.03 -7.28 4.52 -12.43 -7.28 4.52 -12.43 -15.69
4 16 4.52 -12.43 -15.69 4.52 -12.43 -7.28 6.61 -11.46 -7.28 6.61 -11.46 -15.69
3 16 -13.23 0 -13.76 -13.17 -1.26 -13.76 -13.03 -2.3 -15.69
4 16 -13.03 -2.3 -15.69 -13.03 -2.3 -7.28 -12.43 -4.52 -7.28 -12.43 -4.52 -15.69
4 16 -12.43 -4.52 -15.69 -12.43 -4.52 -7.28 -11.46 -6.61 -7.28 -11.46 -6.61 -15.69
3 16 15.51 2.71 -15.55 15.65 1.72 -15.69 15.32 3.66 -15.69
3 16 13.89 -7.42 -13.93 13.36 -8.34 -13.4 13.36 -8.34 -15.69
3 16 12.55 -9.52 -12.59 11.85 -10.38 -11.89 11.85 -10.38 -15.69
3 16 10.89 -11.38 -10.93 10.02 -12.15 -10.07 10.02 -12.15 -15.69
3 16 8.95 -12.96 -9.01 7.9 -13.62 -7.97 7.94 -13.6 -15.69
3 16 13.89 7.42 13.93 13.36 8.34 13.4 13.36 8.34 15.69
3 16 12.55 9.52 12.59 11.85 10.38 11.89 11.85 10.38 15.69
3 16 10.89 11.38 10.93 10.02 12.15 10.07 10.02 12.15 15.69
3 16 8.95 12.96 9.01 7.9 13.62 7.97 7.94 13.6 15.69
3 16 0.36 15.74 1.06 0.18 15.75 1.01 -1.84 15.64 15.69
3 16 -1.84 15.64 15.69 0.18 15.75 1.01 0.09 15.75 1
3 16 -1.84 15.64 15.69 0.09 15.75 1 0 15.75 1
3 16 0 15.75 -1 0.09 15.75 -1 -1.84 15.64 -15.69
3 16 -1.84 15.64 -15.69 0.09 15.75 -1 0.18 15.75 -1.01
3 16 0.69 15.73 -1.21 0.69 15.73 -15.69 0.53 15.74 -1.13
3 16 0.53 15.74 -1.13 0.69 15.73 -15.69 -1.84 15.64 -15.69
3 16 0.53 15.74 -1.13 -1.84 15.64 -15.69 0.36 15.74 -1.06
3 16 0.36 15.74 -1.06 -1.84 15.64 -15.69 0.18 15.75 -1.01
3 16 3.21 15.42 15.69 3.21 15.42 3.37 0.69 15.73 15.69
3 16 0.69 15.73 15.69 3.21 15.42 3.37 2 15.62 2.24
3 16 2 15.62 2.24 1.37 15.69 1.7 0.69 15.73 15.69
3 16 0.69 15.73 15.69 1.37 15.69 1.7 0.69 15.73 1.21
3 16 0.69 15.73 15.69 0.69 15.73 1.21 -1.84 15.64 15.69
3 16 -1.84 15.64 15.69 0.69 15.73 1.21 0.53 15.74 1.13
3 16 -1.84 15.64 15.69 0.53 15.74 1.13 0.36 15.74 1.06
3 16 7.94 13.6 15.69 7.9 13.62 7.97 5.65 14.7 15.69
3 16 7.9 13.62 7.97 6.8 14.2 6.87 5.65 14.7 15.69
3 16 5.65 14.7 15.69 6.8 14.2 6.87 5.65 14.7 5.74
3 16 5.65 14.7 15.69 5.65 14.7 5.74 3.21 15.42 15.69
3 16 3.21 15.42 15.69 5.65 14.7 5.74 4.48 15.1 4.58
3 16 3.21 15.42 15.69 4.48 15.1 4.58 3.21 15.42 3.37
3 16 10.02 12.15 15.69 10.02 12.15 10.07 7.94 13.6 15.69
3 16 7.94 13.6 15.69 10.02 12.15 10.07 9.93 12.22 9.98
3 16 7.94 13.6 15.69 9.93 12.22 9.98 8.95 12.96 9.01
3 16 11.85 10.38 15.69 11.85 10.38 11.89 10.02 12.15 15.69
3 16 10.02 12.15 15.69 11.85 10.38 11.89 11.71 10.53 11.75
3 16 10.02 12.15 15.69 11.71 10.53 11.75 10.89 11.38 10.93
3 16 13.36 8.34 15.69 13.36 8.34 13.4 11.85 10.38 15.69
3 16 11.85 10.38 15.69 13.36 8.34 13.4 13.2 8.59 13.24
3 16 11.85 10.38 15.69 13.2 8.59 13.24 12.55 9.52 12.59
3 16 14.53 6.08 15.69 14.53 6.08 14.56 13.36 8.34 15.69
3 16 13.36 8.34 15.69 14.53 6.08 14.56 14.37 6.44 14.41
3 16 13.36 8.34 15.69 14.37 6.44 14.41 13.89 7.42 13.93
3 16 15.65 1.72 15.69 15.51 2.71 15.55 15.32 3.66 15.69
3 16 15.32 3.66 15.69 15.51 2.71 15.55 15.2 4.13 15.23
4 16 15.32 3.66 15.69 15.2 4.13 15.23 14.89 5.12 14.93 14.53 6.08 15.69
3 16 14.53 6.08 15.69 14.89 5.12 14.93 14.53 6.08 14.56
3 16 15.65 -1.72 15.69 15.32 -3.66 15.69 15.51 -2.71 15.55
3 16 15.51 -2.71 15.55 15.32 -3.66 15.69 15.32 -3.66 15.35
4 16 14.53 -6.08 15.69 14.89 -5.12 14.92 15.2 -4.13 15.23 15.32 -3.66 15.69
3 16 15.32 -3.66 15.69 15.2 -4.13 15.23 15.32 -3.66 15.35
3 16 13.36 -8.34 13.4 13.89 -7.42 13.93 13.36 -8.34 15.69
3 16 13.36 -8.34 15.69 13.89 -7.42 13.93 14.37 -6.44 14.41
3 16 13.36 -8.34 15.69 14.37 -6.44 14.41 14.53 -6.08 15.69
3 16 14.53 -6.08 15.69 14.37 -6.44 14.41 14.53 -6.08 14.56
3 16 14.53 -6.08 15.69 14.53 -6.08 14.56 14.89 -5.12 14.92
3 16 13.36 -8.34 13.4 13.36 -8.34 15.69 13.2 -8.59 13.24
3 16 13.2 -8.59 13.24 13.36 -8.34 15.69 11.85 -10.38 15.69
3 16 13.2 -8.59 13.24 11.85 -10.38 15.69 12.55 -9.51 12.59
3 16 10.02 -12.15 10.07 10.88 -11.38 10.93 10.02 -12.15 15.69
3 16 10.02 -12.15 15.69 10.88 -11.38 10.93 11.71 -10.54 11.75
3 16 10.02 -12.15 15.69 11.71 -10.54 11.75 11.85 -10.38 15.69
3 16 11.85 -10.38 15.69 11.71 -10.54 11.75 11.85 -10.38 11.89
3 16 11.85 -10.38 15.69 11.85 -10.38 11.89 12.55 -9.51 12.59
3 16 10.02 -12.15 10.07 10.02 -12.15 15.69 8.95 -12.96 9.01
3 16 8.95 -12.96 9.01 10.02 -12.15 15.69 7.94 -13.6 15.69
3 16 8.95 -12.96 9.01 7.94 -13.6 15.69 7.94 -13.6 8
3 16 7.94 -13.6 8 7.94 -13.6 15.69 6.8 -14.2 6.87
3 16 6.8 -14.2 6.87 7.94 -13.6 15.69 5.65 -14.7 15.69
3 16 6.8 -14.2 6.87 5.65 -14.7 15.69 5.68 -14.69 5.76
3 16 5.68 -14.69 5.76 5.65 -14.7 15.69 4.47 -15.1 4.58
3 16 4.47 -15.1 4.58 5.65 -14.7 15.69 3.21 -15.42 15.69
3 16 4.47 -15.1 4.58 3.21 -15.42 15.69 3.27 -15.4 3.42
3 16 3.27 -15.4 3.42 3.21 -15.42 15.69 2.01 -15.62 2.24
3 16 2.01 -15.62 2.24 3.21 -15.42 15.69 0.69 -15.73 15.69
3 16 2.01 -15.62 2.24 0.69 -15.73 15.69 0.69 -15.73 2.24
4 16 0.69 -15.73 2.24 0.69 -15.73 15.69 -1.84 -15.64 15.69 -1.84 -15.64 2.24
4 16 -1.84 -15.64 2.24 -1.84 -15.64 15.69 -4.34 -15.14 15.69 -4.34 -15.14 2.24
4 16 -4.34 -15.14 2.24 -4.34 -15.14 15.69 -6.71 -14.25 15.69 -6.71 -14.25 2.24
4 16 -6.71 -14.25 2.24 -6.71 -14.25 15.69 -8.92 -12.98 15.69 -8.92 -12.98 2.24
3 16 -8.92 -12.98 -2.24 -10.08 -12.1 -2.24 -10.89 -11.38 -15.69
3 16 -10.89 -11.38 -15.69 -8.92 -12.98 -15.69 -8.92 -12.98 -2.24
4 16 -8.92 -12.98 -2.24 -8.92 -12.98 -15.69 -6.71 -14.25 -15.69 -6.71 -14.25 -2.24
4 16 -6.71 -14.25 -2.24 -6.71 -14.25 -15.69 -4.34 -15.14 -15.69 -4.34 -15.14 -2.24
4 16 -4.34 -15.14 -2.24 -4.34 -15.14 -15.69 -1.84 -15.64 -15.69 -1.84 -15.64 -2.24
4 16 -1.84 -15.64 -2.24 -1.84 -15.64 -15.69 0.69 -15.73 -15.69 0.69 -15.73 -2.24
3 16 3.21 -15.42 -15.69 3.21 -15.42 -3.37 0.69 -15.73 -15.69
3 16 0.69 -15.73 -15.69 3.21 -15.42 -3.37 2.01 -15.62 -2.24
3 16 0.69 -15.73 -15.69 2.01 -15.62 -2.24 0.69 -15.73 -2.24
3 16 7.94 -13.6 -15.69 7.9 -13.62 -7.97 5.65 -14.7 -15.69
3 16 7.9 -13.62 -7.97 6.8 -14.2 -6.87 5.65 -14.7 -15.69
3 16 5.65 -14.7 -15.69 6.8 -14.2 -6.87 5.65 -14.7 -5.74
3 16 5.65 -14.7 -15.69 5.65 -14.7 -5.74 3.21 -15.42 -15.69
3 16 3.21 -15.42 -15.69 5.65 -14.7 -5.74 4.47 -15.1 -4.58
3 16 3.21 -15.42 -15.69 4.47 -15.1 -4.58 3.21 -15.42 -3.37
3 16 10.02 -12.15 -15.69 10.02 -12.15 -10.07 7.94 -13.6 -15.69
3 16 7.94 -13.6 -15.69 10.02 -12.15 -10.07 9.93 -12.22 -9.98
3 16 7.94 -13.6 -15.69 9.93 -12.22 -9.98 8.95 -12.96 -9.01
3 16 11.85 -10.38 -15.69 11.85 -10.38 -11.89 10.02 -12.15 -15.69
3 16 10.02 -12.15 -15.69 11.85 -10.38 -11.89 11.71 -10.53 -11.75
3 16 10.02 -12.15 -15.69 11.71 -10.53 -11.75 10.89 -11.38 -10.93
3 16 13.36 -8.34 -15.69 13.36 -8.34 -13.4 11.85 -10.38 -15.69
3 16 11.85 -10.38 -15.69 13.36 -8.34 -13.4 13.2 -8.59 -13.24
3 16 11.85 -10.38 -15.69 13.2 -8.59 -13.24 12.55 -9.52 -12.59
3 16 14.53 -6.08 -15.69 14.53 -6.08 -14.56 13.36 -8.34 -15.69
3 16 13.36 -8.34 -15.69 14.53 -6.08 -14.56 14.37 -6.44 -14.41
3 16 13.36 -8.34 -15.69 14.37 -6.44 -14.41 13.89 -7.42 -13.93
3 16 15.65 -1.72 -15.69 15.51 -2.71 -15.55 15.32 -3.66 -15.69
3 16 15.32 -3.66 -15.69 15.51 -2.71 -15.55 15.2 -4.13 -15.23
4 16 15.32 -3.66 -15.69 15.2 -4.13 -15.23 14.89 -5.12 -14.93 14.53 -6.08 -15.69
3 16 14.53 -6.08 -15.69 14.89 -5.12 -14.93 14.53 -6.08 -14.56
4 16 14.53 6.08 -15.69 14.89 5.12 -14.93 15.2 4.13 -15.23 15.32 3.66 -15.69
3 16 15.32 3.66 -15.69 15.2 4.13 -15.23 15.51 2.71 -15.55
3 16 13.36 8.34 -13.4 13.89 7.42 -13.93 13.36 8.34 -15.69
3 16 13.36 8.34 -15.69 13.89 7.42 -13.93 14.37 6.44 -14.41
3 16 13.36 8.34 -15.69 14.37 6.44 -14.41 14.53 6.08 -15.69
3 16 14.53 6.08 -15.69 14.37 6.44 -14.41 14.53 6.08 -14.56
3 16 14.53 6.08 -15.69 14.53 6.08 -14.56 14.89 5.12 -14.93
3 16 13.36 8.34 -13.4 13.36 8.34 -15.69 13.2 8.59 -13.24
3 16 13.2 8.59 -13.24 13.36 8.34 -15.69 11.85 10.38 -15.69
3 16 13.2 8.59 -13.24 11.85 10.38 -15.69 12.55 9.52 -12.59
3 16 10.02 12.15 -10.07 10.89 11.38 -10.93 10.02 12.15 -15.69
3 16 10.02 12.15 -15.69 10.89 11.38 -10.93 11.71 10.53 -11.75
3 16 10.02 12.15 -15.69 11.71 10.53 -11.75 11.85 10.38 -15.69
3 16 11.85 10.38 -15.69 11.71 10.53 -11.75 11.85 10.38 -11.89
3 16 11.85 10.38 -15.69 11.85 10.38 -11.89 12.55 9.52 -12.59
3 16 10.02 12.15 -10.07 10.02 12.15 -15.69 9.93 12.22 -9.98
3 16 9.93 12.22 -9.98 10.02 12.15 -15.69 7.94 13.6 -15.69
3 16 9.93 12.22 -9.98 7.94 13.6 -15.69 8.95 12.96 -9.01
3 16 5.65 14.7 -15.69 6.8 14.2 -6.87 7.94 13.6 -15.69
3 16 7.94 13.6 -15.69 6.8 14.2 -6.87 7.9 13.62 -7.97
3 16 7.94 13.6 -15.69 7.9 13.62 -7.97 8.95 12.96 -9.01
3 16 3.21 15.42 -15.69 4.48 15.1 -4.58 5.65 14.7 -15.69
3 16 5.65 14.7 -15.69 4.48 15.1 -4.58 5.65 14.7 -5.74
3 16 5.65 14.7 -15.69 5.65 14.7 -5.74 6.8 14.2 -6.87
3 16 0.69 15.73 -1.21 1.37 15.69 -1.7 0.69 15.73 -15.69
3 16 0.69 15.73 -15.69 1.37 15.69 -1.7 2 15.62 -2.24
3 16 0.69 15.73 -15.69 2 15.62 -2.24 3.21 15.42 -15.69
3 16 3.21 15.42 -15.69 2 15.62 -2.24 3.21 15.42 -3.37
3 16 3.21 15.42 -15.69 3.21 15.42 -3.37 4.48 15.1 -4.58
3 16 -8.92 -12.98 2.24 -8.92 -12.98 15.69 -10.08 -12.1 2.24
3 16 -10.08 -12.1 2.24 -8.92 -12.98 15.69 -10.89 -11.38 15.69
4 16 -10.89 -11.38 -15.69 -10.89 -11.38 15.69 -12.58 -9.48 15.69 -12.58 -9.48 -15.69
4 16 -12.58 -9.48 -15.69 -12.58 -9.48 15.69 -13.94 -7.33 15.69 -13.94 -7.33 -15.69
4 16 -13.94 -7.33 -15.69 -13.94 -7.33 15.69 -14.93 -5 15.69 -14.93 -5 -15.69
4 16 -14.93 -5 -15.69 -14.93 -5 15.69 -15.54 -2.53 15.69 -15.54 -2.53 -15.69
4 16 -15.54 -2.53 -15.69 -15.54 -2.53 15.69 -15.75 0 15.69 -15.75 0 -15.69
4 16 -15.75 0 -15.69 -15.75 0 15.69 -15.54 2.53 15.69 -15.54 2.53 -15.69
4 16 -15.54 2.53 -15.69 -15.54 2.53 15.69 -14.93 5 15.69 -14.93 5 -15.69
4 16 -14.93 5 -15.69 -14.93 5 15.69 -13.94 7.33 15.69 -13.94 7.33 -15.69
4 16 -13.94 7.33 -15.69 -13.94 7.33 15.69 -12.58 9.48 15.69 -12.58 9.48 -15.69
4 16 -12.58 9.48 -15.69 -12.58 9.48 15.69 -10.89 11.38 15.69 -10.89 11.38 -15.69
4 16 -10.89 11.38 -15.69 -10.89 11.38 15.69 -8.92 12.98 15.69 -8.92 12.98 -15.69
4 16 -8.92 12.98 -15.69 -8.92 12.98 15.69 -6.71 14.25 15.69 -6.71 14.25 -15.69
4 16 -6.71 14.25 -15.69 -6.71 14.25 15.69 -4.34 15.14 15.69 -4.34 15.14 -15.69
4 16 -4.34 15.14 -15.69 -4.34 15.14 15.69 -1.84 15.64 15.69 -1.84 15.64 -15.69
